image,fp_type,component_id,area_px,x,y,w,h,majority_pred_class_id,majority_pred_class_name
0506tin1_1_30_crop_00.jpg,bg_to_strip_inclusion,1,9,404,33,5,4,6,TIND
0506tin1_1_30_crop_00.jpg,bg_to_strip_inclusion,2,3,418,134,1,3,6,TIND
0506tin1_1_30_crop_00.jpg,bg_to_strip_inclusion,3,4,412,146,4,2,6,TIND
0506tin1_1_30_crop_00.jpg,bg_to_strip_inclusion,6,8,407,164,3,7,6,TIND
0506tin1_1_30_crop_00.jpg,bg_to_strip_inclusion,7,6,650,197,2,6,6,TIND
0506tin1_1_30_crop_00.jpg,bg_to_strip_inclusion,8,14,646,201,3,12,6,TIND
0506tin1_1_30_crop_00.jpg,bg_to_strip_inclusion,9,8,650,207,2,6,6,TIND
0506tin1_1_30_crop_00.jpg,bg_to_strip_inclusion,11,3,890,229,1,3,6,TIND
0506tin1_1_30_crop_00.jpg,bg_to_strip_inclusion,12,11,416,368,5,4,6,TIND
0506tin1_1_30_crop_00.jpg,bg_to_strip_inclusion,13,3,421,374,1,3,6,TIND
0506tin1_1_30_crop_00.jpg,bg_to_strip_inclusion,14,11,418,416,4,7,6,TIND
0506tin1_1_30_crop_00.jpg,bg_to_strip_inclusion,15,3,426,419,1,3,6,TIND
0506tin1_1_30_crop_00.jpg,bg_to_strip_inclusion,17,23,674,591,4,11,6,TIND
0506tin1_1_30_crop_00.jpg,bg_to_strip_inclusion,18,17,670,593,3,10,6,TIND
0506tin1_1_30_crop_00.jpg,bg_to_strip_inclusion,19,8,415,609,5,4,6,TIND
0506tin1_1_30_crop_00.jpg,bg_to_strip_inclusion,20,18,422,610,4,12,6,TIND
0506tin1_1_30_crop_00.jpg,bg_to_strip_inclusion,21,49,891,768,7,9,6,TIND
0506tin1_1_30_crop_00.jpg,bg_to_strip_inclusion,22,64,666,773,5,15,6,TIND
0506tin1_1_30_crop_00.jpg,bg_to_strip_inclusion,23,2,416,779,1,2,6,TIND
0506tin1_1_30_crop_00.jpg,bg_to_strip_inclusion,24,14,666,936,2,8,6,TIND
0506tin1_1_30_crop_00.jpg,bg_to_strip_inclusion,25,12,665,993,5,4,5,TINB/TINC
0506tin1_1_30_crop_00.jpg,bg_to_strip_inclusion,26,4,669,998,1,4,5,TINB/TINC
0506tin1_1_30_crop_00.jpg,bg_to_strip_inclusion,27,2,664,1004,1,2,5,TINB/TINC
0506tin1_1_30_crop_00.jpg,bg_to_strip_inclusion,28,5,669,1004,1,5,5,TINB/TINC
0506tin1_1_30_crop_00.jpg,bg_to_strip_inclusion,29,4,664,1009,1,4,5,TINB/TINC
0506tin1_1_30_crop_01.jpg,bg_to_strip_inclusion,1,29,606,401,2,15,5,TINB/TINC
0506tin1_1_30_crop_01.jpg,bg_to_strip_inclusion,2,20,605,432,3,9,5,TINB/TINC
0506tin1_1_30_crop_01.jpg,bg_to_strip_inclusion,3,41,497,534,5,10,6,TIND
0506tin1_1_30_crop_01.jpg,bg_to_strip_inclusion,5,71,990,942,6,14,6,TIND
0506tin1_1_30_crop_01.jpg,bg_to_strip_inclusion,6,2,510,949,1,2,6,TIND
0506tin1_1_30_crop_01.jpg,bg_to_strip_inclusion,7,5,509,953,1,5,6,TIND
0506tin1_1_32_crop_01.jpg,bg_to_strip_inclusion,1,32,651,611,4,9,6,TIND
0506tin1_1_32_crop_01.jpg,bg_to_strip_inclusion,2,22,186,763,5,15,5,TINB/TINC
0506tin1_1_32_crop_01.jpg,bg_to_strip_inclusion,3,6,174,777,1,6,5,TINB/TINC
0506tin1_1_32_crop_01.jpg,bg_to_strip_inclusion,4,11,176,793,5,5,5,TINB/TINC
0506tin1_1_32_crop_01.jpg,bg_to_strip_inclusion,5,6,180,831,2,5,5,TINB/TINC
0506tin1_1_32_crop_01.jpg,bg_to_strip_inclusion,6,4,183,838,1,4,5,TINB/TINC
0506tin1_1_32_crop_01.jpg,bg_to_strip_inclusion,7,9,185,876,1,9,5,TINB/TINC
0506tin1_1_32_crop_01.jpg,bg_to_strip_inclusion,9,65,187,916,4,38,5,TINB/TINC
0506tin1_1_32_crop_01.jpg,bg_to_strip_inclusion,10,8,191,974,2,6,5,TINB/TINC
0506tin1_1_32_crop_02.jpg,bg_to_strip_inclusion,1,53,15,29,7,17,5,TINB/TINC
0506tin1_1_32_crop_02.jpg,bg_to_strip_inclusion,2,2,23,44,1,2,5,TINB/TINC
0506tin1_1_32_crop_02.jpg,bg_to_strip_inclusion,3,11,22,48,1,11,5,TINB/TINC
0506tin1_1_32_crop_02.jpg,bg_to_strip_inclusion,4,201,14,58,8,57,5,TINB/TINC
0506tin1_1_32_crop_02.jpg,bg_to_strip_inclusion,5,35,23,130,3,14,5,TINB/TINC
0506tin1_1_32_crop_02.jpg,bg_to_strip_inclusion,6,33,22,148,2,25,5,TINB/TINC
0506tin1_1_32_crop_02.jpg,bg_to_strip_inclusion,7,6,26,148,1,6,5,TINB/TINC
0506tin1_1_32_crop_02.jpg,bg_to_strip_inclusion,8,5,27,162,1,5,5,TINB/TINC
0506tin1_1_32_crop_02.jpg,bg_to_strip_inclusion,9,68,941,667,5,40,5,TINB/TINC
0506tin1_1_32_crop_02.jpg,bg_to_strip_inclusion,10,6,937,703,1,6,5,TINB/TINC
0506tin1_1_32_crop_02.jpg,bg_to_strip_inclusion,11,5,938,711,1,5,5,TINB/TINC
0506tin1_1_32_crop_02.jpg,bg_to_strip_inclusion,12,4,939,720,1,4,5,TINB/TINC
0506tin1_1_32_crop_02.jpg,bg_to_strip_inclusion,13,8,940,728,1,8,5,TINB/TINC
0506tin1_1_32_crop_02.jpg,bg_to_strip_inclusion,14,18,939,750,2,16,5,TINB/TINC
0506tin1_1_32_crop_02.jpg,bg_to_strip_inclusion,15,2,944,760,1,2,5,TINB/TINC
0506tin1_1_33_crop_02.jpg,bg_to_strip_inclusion,1,12,346,1,4,9,5,TINB/TINC
0506tin1_1_33_crop_02.jpg,bg_to_strip_inclusion,2,41,331,295,13,21,5,TINB/TINC
0506tin1_1_33_crop_02.jpg,bg_to_strip_inclusion,3,5,338,320,2,4,5,TINB/TINC
0506tin1_1_33_crop_02.jpg,bg_to_strip_inclusion,4,4,331,322,1,4,5,TINB/TINC
0506tin1_1_33_crop_02.jpg,bg_to_strip_inclusion,5,5,332,334,1,5,5,TINB/TINC
0506tin1_1_33_crop_02.jpg,bg_to_strip_inclusion,6,27,334,348,4,23,5,TINB/TINC
0506tin1_1_33_crop_02.jpg,bg_to_strip_inclusion,7,79,323,360,9,40,5,TINB/TINC
0506tin1_1_33_crop_02.jpg,bg_to_strip_inclusion,8,11,332,372,2,10,5,TINB/TINC
0506tin1_1_33_crop_02.jpg,bg_to_strip_inclusion,9,11,331,393,3,8,5,TINB/TINC
0506tin1_1_33_crop_02.jpg,bg_to_strip_inclusion,10,15,322,409,2,13,5,TINB/TINC
0506tin1_1_33_crop_02.jpg,bg_to_strip_inclusion,11,41,653,714,5,10,6,TIND
0506tin1_1_35_crop_01.jpg,bg_to_strip_inclusion,1,4,527,0,4,1,5,TINB/TINC
0506tin1_1_35_crop_01.jpg,bg_to_strip_inclusion,2,6,532,10,1,6,5,TINB/TINC
0506tin1_1_35_crop_01.jpg,bg_to_strip_inclusion,3,2,527,13,1,2,5,TINB/TINC
0506tin1_1_35_crop_01.jpg,bg_to_strip_inclusion,4,5,532,19,1,5,5,TINB/TINC
0506tin1_1_35_crop_01.jpg,bg_to_strip_inclusion,5,5,527,29,1,5,5,TINB/TINC
0506tin1_1_35_crop_01.jpg,bg_to_strip_inclusion,6,7,526,41,1,7,5,TINB/TINC
0506tin1_1_35_crop_01.jpg,bg_to_strip_inclusion,8,5,526,66,2,5,5,TINB/TINC
0506tin1_1_35_crop_01.jpg,bg_to_strip_inclusion,9,2,515,94,1,2,5,TINB/TINC
0506tin1_1_35_crop_01.jpg,bg_to_strip_inclusion,10,6,514,101,1,6,5,TINB/TINC
0506tin1_1_35_crop_01.jpg,bg_to_strip_inclusion,11,5,515,109,1,5,5,TINB/TINC
0506tin1_1_35_crop_01.jpg,bg_to_strip_inclusion,12,10,32,121,4,6,6,TIND
0506tin1_1_35_crop_01.jpg,bg_to_strip_inclusion,13,15,520,297,2,10,5,TINB/TINC
0506tin1_1_35_crop_01.jpg,bg_to_strip_inclusion,15,13,524,298,2,10,5,TINB/TINC
0506tin1_1_35_crop_01.jpg,bg_to_strip_inclusion,16,2,521,312,1,2,5,TINB/TINC
0506tin1_1_35_crop_01.jpg,bg_to_strip_inclusion,21,136,525,357,5,37,5,TINB/TINC
0506tin1_1_35_crop_01.jpg,bg_to_strip_inclusion,22,8,528,398,3,5,5,TINB/TINC
0506tin1_1_35_crop_01.jpg,bg_to_strip_inclusion,23,12,530,405,3,5,6,TIND
0506tin1_1_35_crop_01.jpg,bg_to_strip_inclusion,24,10,452,444,4,5,5,TINB/TINC
0506tin1_1_35_crop_01.jpg,bg_to_strip_inclusion,25,13,456,468,2,10,5,TINB/TINC
0506tin1_1_35_crop_01.jpg,bg_to_strip_inclusion,29,2,451,725,1,2,5,TINB/TINC
0506tin1_1_35_crop_01.jpg,bg_to_strip_inclusion,30,34,440,726,5,28,5,TINB/TINC
0506tin1_1_35_crop_01.jpg,bg_to_strip_inclusion,31,7,450,729,1,7,5,TINB/TINC
0506tin1_1_35_crop_01.jpg,bg_to_strip_inclusion,32,78,444,747,6,35,5,TINB/TINC
0506tin1_1_35_crop_01.jpg,bg_to_strip_inclusion,33,8,438,790,1,8,5,TINB/TINC
0506tin1_1_35_crop_01.jpg,bg_to_strip_inclusion,34,8,446,790,1,8,5,TINB/TINC
0506tin1_1_35_crop_01.jpg,bg_to_strip_inclusion,35,9,972,900,4,5,5,TINB/TINC
0506tin1_1_35_crop_01.jpg,bg_to_strip_inclusion,36,22,971,911,3,18,5,TINB/TINC
0506tin1_1_35_crop_01.jpg,bg_to_strip_inclusion,37,2,978,922,1,2,5,TINB/TINC
0506tin1_1_35_crop_01.jpg,bg_to_strip_inclusion,38,48,974,932,2,35,5,TINB/TINC
0506tin1_1_35_crop_01.jpg,bg_to_strip_inclusion,40,4,11,1008,3,2,6,TIND
0506tin1_1_37_crop_01.jpg,bg_to_strip_inclusion,1,266,902,154,11,50,5,TINB/TINC
0506tin1_1_37_crop_01.jpg,bg_to_strip_inclusion,2,63,909,203,8,14,5,TINB/TINC
0506tin1_1_37_crop_01.jpg,bg_to_strip_inclusion,4,141,910,225,6,44,5,TINB/TINC
0506tin1_1_37_crop_01.jpg,bg_to_strip_inclusion,5,21,118,422,3,15,5,TINB/TINC
0506tin1_1_37_crop_01.jpg,bg_to_strip_inclusion,6,2,121,438,1,2,5,TINB/TINC
0506tin1_1_37_crop_01.jpg,bg_to_strip_inclusion,8,47,123,446,4,24,5,TINB/TINC
0506tin1_1_37_crop_01.jpg,bg_to_strip_inclusion,10,19,128,466,5,9,5,TINB/TINC
0506tin1_1_37_crop_01.jpg,bg_to_strip_inclusion,11,6,44,627,3,4,6,TIND
0506tin1_1_37_crop_01.jpg,bg_to_strip_inclusion,12,4,44,632,3,4,6,TIND
0506tin1_1_37_crop_01.jpg,bg_to_strip_inclusion,13,36,59,632,6,12,6,TIND
0506tin1_1_37_crop_01.jpg,bg_to_strip_inclusion,14,27,80,796,8,15,5,TINB/TINC
0506tin1_1_37_crop_01.jpg,bg_to_strip_inclusion,16,10,84,811,4,6,5,TINB/TINC
0506tin1_1_37_crop_01.jpg,bg_to_strip_inclusion,17,2,83,847,1,2,5,TINB/TINC
0506tin1_1_37_crop_01.jpg,bg_to_strip_inclusion,21,37,142,924,6,10,5,TINB/TINC
0506tin1_1_37_crop_01.jpg,bg_to_strip_inclusion,22,147,43,970,18,11,6,TIND
0506tin1_1_39_crop_01.jpg,bg_to_strip_inclusion,1,10,168,18,3,7,6,TIND
0506tin1_1_39_crop_01.jpg,bg_to_strip_inclusion,2,7,171,24,6,3,6,TIND
0506tin1_1_39_crop_01.jpg,bg_to_strip_inclusion,3,101,438,93,8,15,6,TIND
0506tin1_1_39_crop_01.jpg,bg_to_strip_inclusion,4,4,687,146,4,2,6,TIND
0506tin1_1_39_crop_01.jpg,bg_to_strip_inclusion,5,21,555,332,4,7,6,TIND
0506tin1_1_39_crop_01.jpg,bg_to_strip_inclusion,6,2,550,355,1,2,6,TIND
0506tin1_1_39_crop_01.jpg,bg_to_strip_inclusion,7,3,549,358,1,3,6,TIND
0506tin1_1_39_crop_01.jpg,bg_to_strip_inclusion,8,17,698,455,4,11,6,TIND
0506tin1_1_39_crop_01.jpg,bg_to_strip_inclusion,9,6,701,454,3,6,6,TIND
0506tin1_1_39_crop_01.jpg,bg_to_strip_inclusion,10,22,564,484,7,5,6,TIND
0506tin1_1_39_crop_01.jpg,bg_to_strip_inclusion,11,60,694,562,8,11,6,TIND
0506tin1_1_39_crop_01.jpg,bg_to_strip_inclusion,12,3,698,586,1,3,6,TIND
0506tin1_1_39_crop_01.jpg,bg_to_strip_inclusion,13,3,698,593,1,3,6,TIND
0506tin1_1_39_crop_01.jpg,bg_to_strip_inclusion,14,3,705,594,1,3,6,TIND
0506tin1_1_39_crop_01.jpg,bg_to_strip_inclusion,17,65,875,877,5,15,6,TIND
0506tin1_1_39_crop_01.jpg,bg_to_strip_inclusion,18,70,443,906,7,13,6,TIND
0506tin1_1_39_crop_01.jpg,bg_to_strip_inclusion,19,41,443,929,5,10,6,TIND
0506tin1_1_40_crop_01.jpg,bg_to_strip_inclusion,1,4,994,0,2,3,5,TINB/TINC
0506tin1_1_40_crop_01.jpg,bg_to_strip_inclusion,2,22,999,0,6,7,5,TINB/TINC
0506tin1_1_40_crop_01.jpg,bg_to_strip_inclusion,3,2,994,5,1,2,5,TINB/TINC
0506tin1_1_40_crop_01.jpg,bg_to_strip_inclusion,4,5,997,12,4,2,5,TINB/TINC
0506tin1_1_40_crop_01.jpg,bg_to_strip_inclusion,5,72,1000,19,13,18,5,TINB/TINC
0506tin1_1_40_crop_01.jpg,bg_to_strip_inclusion,6,5,1008,38,5,4,6,TIND
0506tin1_1_40_crop_01.jpg,bg_to_strip_inclusion,7,23,172,317,2,23,5,TINB/TINC
0506tin1_1_40_crop_01.jpg,bg_to_strip_inclusion,8,5,177,318,1,5,5,TINB/TINC
0506tin1_1_40_crop_01.jpg,bg_to_strip_inclusion,9,15,178,328,2,13,5,TINB/TINC
0506tin1_1_40_crop_01.jpg,bg_to_strip_inclusion,10,119,170,349,9,56,5,TINB/TINC
0506tin1_1_40_crop_01.jpg,bg_to_strip_inclusion,13,54,167,433,9,26,6,TIND
0506tin1_1_40_crop_01.jpg,bg_to_strip_inclusion,14,3,890,437,1,3,6,TIND
0506tin1_1_40_crop_01.jpg,bg_to_strip_inclusion,15,3,182,443,1,3,6,TIND
0506tin1_1_40_crop_01.jpg,bg_to_strip_inclusion,16,8,182,449,2,8,6,TIND
0506tin1_1_40_crop_01.jpg,bg_to_strip_inclusion,17,3,175,459,3,1,6,TIND
0506tin1_1_40_crop_01.jpg,bg_to_strip_inclusion,18,2,179,458,2,1,6,TIND
0506tin1_1_40_crop_01.jpg,bg_to_strip_inclusion,20,5,876,488,1,5,6,TIND
0506tin1_1_40_crop_01.jpg,bg_to_strip_inclusion,21,20,156,565,7,11,6,TIND
0506tin1_1_40_crop_01.jpg,bg_to_strip_inclusion,23,23,99,746,8,4,6,TIND
0506tin1_1_40_crop_01.jpg,bg_to_strip_inclusion,24,3,96,753,1,3,6,TIND
0506tin1_1_40_crop_01.jpg,bg_to_strip_inclusion,26,2,109,755,1,2,6,TIND
0506tin1_1_40_crop_01.jpg,bg_to_strip_inclusion,27,15,100,763,7,4,6,TIND
0506tin1_1_40_crop_01.jpg,bg_to_strip_inclusion,28,4,1004,906,1,4,6,TIND
0506tin1_1_40_crop_01.jpg,bg_to_strip_inclusion,29,18,1005,910,6,5,6,TIND
0506tin1_1_40_crop_01.jpg,bg_to_strip_inclusion,30,6,74,992,2,6,6,TIND
0506tin1_1_40_crop_01.jpg,bg_to_strip_inclusion,31,4,1005,992,4,3,6,TIND
0506tin1_1_40_crop_01.jpg,bg_to_strip_inclusion,32,8,1011,993,3,6,6,TIND
0506tin1_1_40_crop_01.jpg,bg_to_strip_inclusion,33,2,78,1000,2,1,6,TIND
0506tin1_1_45_crop_01.jpg,bg_to_strip_inclusion,1,46,495,304,8,7,6,TIND
0506tin1_1_45_crop_01.jpg,bg_to_strip_inclusion,2,84,470,334,6,17,6,TIND
0506tin1_1_45_crop_01.jpg,bg_to_strip_inclusion,3,10,561,689,7,3,6,TIND
0506tin1_1_45_crop_01.jpg,bg_to_strip_inclusion,4,6,260,717,4,3,6,TIND
0506tin1_1_45_crop_01.jpg,bg_to_strip_inclusion,5,23,257,718,2,14,6,TIND
0506tin1_1_46_crop_02.jpg,bg_to_strip_inclusion,1,4,579,380,3,2,6,TIND
0506tin1_1_46_crop_02.jpg,bg_to_strip_inclusion,3,16,570,393,4,10,6,TIND
0506tin1_1_46_crop_02.jpg,bg_to_strip_inclusion,4,12,584,399,3,11,6,TIND
0506tin1_1_46_crop_02.jpg,bg_to_strip_inclusion,5,7,570,408,5,5,6,TIND
0506tin1_1_46_crop_02.jpg,bg_to_strip_inclusion,6,30,558,531,8,11,5,TINB/TINC
0506tin1_1_46_crop_02.jpg,bg_to_strip_inclusion,7,117,553,547,10,38,5,TINB/TINC
0506tin1_1_46_crop_02.jpg,bg_to_strip_inclusion,8,8,564,546,2,6,5,TINB/TINC
0506tin1_1_46_crop_02.jpg,bg_to_strip_inclusion,9,13,553,602,2,10,5,TINB/TINC
0506tin1_1_46_crop_02.jpg,bg_to_strip_inclusion,10,4,568,624,1,4,5,TINB/TINC
0506tin1_1_46_crop_02.jpg,bg_to_strip_inclusion,11,3,571,626,1,3,5,TINB/TINC
0506tin1_1_46_crop_02.jpg,bg_to_strip_inclusion,12,212,567,631,7,66,5,TINB/TINC
0506tin1_1_46_crop_02.jpg,bg_to_strip_inclusion,13,11,572,631,1,11,5,TINB/TINC
0506tin1_1_46_crop_02.jpg,bg_to_strip_inclusion,14,7,573,724,3,5,6,TIND
0506tin1_1_46_crop_02.jpg,bg_to_strip_inclusion,15,15,558,773,5,8,6,TIND
0506tin1_1_46_crop_02.jpg,bg_to_D,1,77,734,435,10,10,4,D
0506tin1_1_49_crop_00.jpg,bg_to_strip_inclusion,1,7,903,7,6,3,6,TIND
0506tin1_1_49_crop_00.jpg,bg_to_strip_inclusion,2,21,896,8,6,11,6,TIND
0506tin1_1_49_crop_00.jpg,bg_to_strip_inclusion,3,2,910,13,1,2,6,TIND
0506tin1_1_49_crop_00.jpg,bg_to_strip_inclusion,4,19,898,20,11,2,6,TIND
0506tin1_1_49_crop_00.jpg,bg_to_strip_inclusion,5,43,773,33,8,8,6,TIND
0506tin1_1_49_crop_00.jpg,bg_to_strip_inclusion,6,8,496,50,7,3,6,TIND
0506tin1_1_49_crop_00.jpg,bg_to_strip_inclusion,7,3,504,54,1,3,6,TIND
0506tin1_1_49_crop_00.jpg,bg_to_strip_inclusion,8,5,496,56,1,5,6,TIND
0506tin1_1_49_crop_00.jpg,bg_to_strip_inclusion,11,64,668,62,10,24,6,TIND
0506tin1_1_49_crop_00.jpg,bg_to_strip_inclusion,12,23,679,67,2,16,6,TIND
0506tin1_1_49_crop_00.jpg,bg_to_strip_inclusion,13,20,787,84,7,6,6,TIND
0506tin1_1_49_crop_00.jpg,bg_to_strip_inclusion,15,2,499,120,2,1,6,TIND
0506tin1_1_49_crop_00.jpg,bg_to_strip_inclusion,16,10,492,124,3,9,6,TIND
0506tin1_1_49_crop_00.jpg,bg_to_strip_inclusion,17,3,504,217,3,1,6,TIND
0506tin1_1_49_crop_00.jpg,bg_to_strip_inclusion,18,4,503,219,1,4,6,TIND
0506tin1_1_49_crop_00.jpg,bg_to_strip_inclusion,19,7,514,303,1,7,6,TIND
0506tin1_1_49_crop_00.jpg,bg_to_strip_inclusion,20,4,508,305,1,4,6,TIND
0506tin1_1_49_crop_00.jpg,bg_to_strip_inclusion,21,7,510,311,4,3,6,TIND
0506tin1_1_49_crop_00.jpg,bg_to_strip_inclusion,22,29,524,331,5,7,6,TIND
0506tin1_1_49_crop_00.jpg,bg_to_strip_inclusion,23,8,640,365,6,3,6,TIND
0506tin1_1_49_crop_00.jpg,bg_to_strip_inclusion,24,5,633,366,2,4,6,TIND
0506tin1_1_49_crop_00.jpg,bg_to_strip_inclusion,25,6,645,370,2,5,6,TIND
0506tin1_1_49_crop_00.jpg,bg_to_strip_inclusion,26,10,633,372,6,6,6,TIND
0506tin1_1_49_crop_00.jpg,bg_to_strip_inclusion,27,5,884,378,1,5,6,TIND
0506tin1_1_49_crop_00.jpg,bg_to_strip_inclusion,28,14,893,379,5,5,6,TIND
0506tin1_1_49_crop_00.jpg,bg_to_strip_inclusion,29,5,587,395,1,5,6,TIND
0506tin1_1_49_crop_00.jpg,bg_to_strip_inclusion,30,11,591,394,6,8,6,TIND
0506tin1_1_49_crop_00.jpg,bg_to_strip_inclusion,31,5,588,401,4,5,6,TIND
0506tin1_1_49_crop_00.jpg,bg_to_strip_inclusion,32,3,536,452,1,3,6,TIND
0506tin1_1_49_crop_00.jpg,bg_to_strip_inclusion,34,33,515,489,9,10,6,TIND
0506tin1_1_49_crop_00.jpg,bg_to_strip_inclusion,35,13,586,488,1,13,5,TINB/TINC
0506tin1_1_49_crop_00.jpg,bg_to_strip_inclusion,36,39,590,497,4,25,5,TINB/TINC
0506tin1_1_49_crop_00.jpg,bg_to_strip_inclusion,37,36,654,508,6,19,6,TIND
0506tin1_1_49_crop_00.jpg,bg_to_strip_inclusion,38,8,663,509,6,7,6,TIND
0506tin1_1_49_crop_00.jpg,bg_to_strip_inclusion,39,8,662,521,6,5,6,TIND
0506tin1_1_49_crop_00.jpg,bg_to_strip_inclusion,40,3,594,524,1,3,5,TINB/TINC
0506tin1_1_49_crop_00.jpg,bg_to_strip_inclusion,41,149,580,526,17,35,5,TINB/TINC
0506tin1_1_49_crop_00.jpg,bg_to_strip_inclusion,42,12,595,544,5,6,5,TINB/TINC
0506tin1_1_49_crop_00.jpg,bg_to_strip_inclusion,43,22,590,571,5,9,5,TINB/TINC
0506tin1_1_49_crop_00.jpg,bg_to_strip_inclusion,45,17,881,580,7,9,6,TIND
0506tin1_1_49_crop_00.jpg,bg_to_strip_inclusion,46,6,430,674,3,5,6,TIND
0506tin1_1_49_crop_00.jpg,bg_to_strip_inclusion,48,12,467,723,6,5,6,TIND
0506tin1_1_49_crop_00.jpg,bg_to_strip_inclusion,50,2,435,742,1,2,6,TIND
0506tin1_1_49_crop_00.jpg,bg_to_strip_inclusion,52,9,441,751,7,3,6,TIND
0506tin1_1_49_crop_00.jpg,bg_to_strip_inclusion,53,5,668,755,2,4,6,TIND
0506tin1_1_49_crop_00.jpg,bg_to_strip_inclusion,54,6,655,757,4,5,6,TIND
0506tin1_1_49_crop_00.jpg,bg_to_strip_inclusion,55,11,655,763,9,2,6,TIND
0506tin1_1_49_crop_00.jpg,bg_to_strip_inclusion,56,68,619,816,5,17,6,TIND
0506tin1_1_49_crop_00.jpg,bg_to_strip_inclusion,57,54,407,834,8,9,6,TIND
0506tin1_1_49_crop_00.jpg,bg_to_strip_inclusion,58,6,486,856,6,5,6,TIND
0506tin1_1_49_crop_00.jpg,bg_to_strip_inclusion,59,47,464,872,15,17,6,TIND
0506tin1_1_49_crop_00.jpg,bg_to_strip_inclusion,60,6,616,909,3,6,6,TIND
0506tin1_1_49_crop_00.jpg,bg_to_strip_inclusion,61,10,588,920,2,7,6,TIND
0506tin1_1_49_crop_00.jpg,bg_to_strip_inclusion,62,3,620,982,2,3,6,TIND
0506tin1_1_49_crop_00.jpg,bg_to_strip_inclusion,64,3,612,999,1,3,6,TIND
0506tin1_1_49_crop_00.jpg,bg_to_strip_inclusion,65,2,615,1006,2,1,6,TIND
0506tin1_1_50_crop_01.jpg,bg_to_strip_inclusion,1,9,913,401,4,4,6,TIND
0506tin1_1_50_crop_01.jpg,bg_to_strip_inclusion,2,2,918,402,1,2,6,TIND
0506tin1_1_50_crop_01.jpg,bg_to_strip_inclusion,4,6,913,406,4,4,6,TIND
0506tin1_1_50_crop_01.jpg,bg_to_strip_inclusion,5,163,653,812,10,34,5,TINB/TINC
0506tin1_1_50_crop_01.jpg,bg_to_strip_inclusion,6,9,655,885,4,7,6,TIND
0506tin1_1_50_crop_01.jpg,bg_to_strip_inclusion,8,9,656,895,5,7,6,TIND
0506tin1_1_50_crop_03.jpg,bg_to_strip_inclusion,1,9,225,7,2,8,6,TIND
0506tin1_1_50_crop_03.jpg,bg_to_strip_inclusion,2,17,996,738,6,6,6,TIND
0506tin1_1_50_crop_03.jpg,bg_to_strip_inclusion,3,8,992,749,3,5,6,TIND
0506tin1_1_55_crop_02.jpg,bg_to_strip_inclusion,1,108,864,240,5,36,5,TINB/TINC
0506tin1_1_55_crop_02.jpg,bg_to_strip_inclusion,2,137,852,442,8,27,5,TINB/TINC
0506tin1_1_55_crop_02.jpg,bg_to_strip_inclusion,3,26,480,638,2,20,5,TINB/TINC
0506tin1_1_55_crop_02.jpg,bg_to_strip_inclusion,4,6,422,655,2,6,6,TIND
0506tin1_1_55_crop_02.jpg,bg_to_strip_inclusion,5,2,479,662,1,2,5,TINB/TINC
0506tin1_1_55_crop_02.jpg,bg_to_strip_inclusion,7,5,477,687,1,5,5,TINB/TINC
0506tin1_1_55_crop_02.jpg,bg_to_strip_inclusion,8,22,477,814,4,7,6,TIND
0506tin1_1_55_crop_02.jpg,bg_to_strip_inclusion,9,5,46,824,3,5,6,TIND
0506tin1_1_55_crop_02.jpg,bg_to_strip_inclusion,10,9,46,832,2,8,6,TIND
0506tin1_1_55_crop_02.jpg,bg_to_strip_inclusion,12,154,486,920,9,35,5,TINB/TINC
0506tin1_1_56_crop_02.jpg,bg_to_strip_inclusion,1,4,937,25,1,4,6,TIND
0506tin1_1_56_crop_02.jpg,bg_to_strip_inclusion,2,5,938,33,1,5,6,TIND
0506tin1_1_56_crop_02.jpg,bg_to_strip_inclusion,3,2,944,35,1,2,6,TIND
0506tin1_1_56_crop_02.jpg,bg_to_strip_inclusion,4,17,584,201,3,11,6,TIND
0506tin1_1_56_crop_02.jpg,bg_to_strip_inclusion,5,2,576,210,2,2,6,TIND
0506tin1_1_56_crop_02.jpg,bg_to_strip_inclusion,6,35,174,249,4,10,6,TIND
0506tin1_1_56_crop_02.jpg,bg_to_strip_inclusion,7,63,85,845,9,14,6,TIND
0506tin1_1_56_crop_02.jpg,bg_to_strip_inclusion,8,68,616,845,4,19,5,TINB/TINC
0506tin1_1_56_crop_02.jpg,bg_to_strip_inclusion,9,82,652,848,7,14,6,TIND
0506tin1_1_56_crop_02.jpg,bg_to_strip_inclusion,10,289,612,872,11,43,5,TINB/TINC
0506tin1_1_56_crop_02.jpg,bg_to_strip_inclusion,11,51,654,927,6,10,6,TIND
0506tin1_1_56_crop_02.jpg,bg_to_strip_inclusion,12,451,619,928,15,74,5,TINB/TINC
0506tin1_1_56_crop_02.jpg,bg_to_strip_inclusion,13,54,945,969,6,12,6,TIND
0506tin1_1_58_crop_00.jpg,bg_to_strip_inclusion,1,18,753,188,3,11,5,TINB/TINC
0506tin1_1_58_crop_00.jpg,bg_to_strip_inclusion,2,2,754,204,1,2,5,TINB/TINC
0506tin1_1_58_crop_00.jpg,bg_to_strip_inclusion,3,20,66,217,6,13,6,TIND
0506tin1_1_58_crop_00.jpg,bg_to_strip_inclusion,4,16,753,251,3,15,5,TINB/TINC
0506tin1_1_58_crop_00.jpg,bg_to_strip_inclusion,5,68,818,304,5,17,5,TINB/TINC
0506tin1_1_58_crop_00.jpg,bg_to_strip_inclusion,6,14,932,479,5,11,5,TINB/TINC
0506tin1_1_58_crop_00.jpg,bg_to_strip_inclusion,7,70,925,493,7,53,5,TINB/TINC
0506tin1_1_58_crop_00.jpg,bg_to_strip_inclusion,8,2,934,515,1,2,5,TINB/TINC
0506tin1_1_58_crop_00.jpg,bg_to_strip_inclusion,9,254,749,596,10,70,5,TINB/TINC
0506tin1_1_58_crop_00.jpg,bg_to_strip_inclusion,10,6,63,708,1,6,6,TIND
0506tin1_1_58_crop_00.jpg,bg_to_strip_inclusion,11,19,64,708,6,8,6,TIND
0506tin1_1_58_crop_00.jpg,bg_to_strip_inclusion,12,31,757,805,5,8,5,TINB/TINC
0506tin1_1_58_crop_00.jpg,bg_to_strip_inclusion,13,4,763,855,2,4,5,TINB/TINC
0506tin1_1_58_crop_00.jpg,bg_to_strip_inclusion,15,15,758,860,5,7,5,TINB/TINC
0506tin1_1_58_crop_00.jpg,bg_to_strip_inclusion,17,6,764,862,2,4,5,TINB/TINC
0506tin1_1_58_crop_00.jpg,bg_to_strip_inclusion,18,17,761,867,5,5,5,TINB/TINC
0506tin1_1_58_crop_00.jpg,bg_to_strip_inclusion,19,128,370,878,7,35,5,TINB/TINC
0506tin1_1_62_crop_02.jpg,bg_to_strip_inclusion,1,22,832,190,6,5,6,TIND
0506tin1_1_62_crop_02.jpg,bg_to_strip_inclusion,2,88,1014,303,6,19,6,TIND
0506tin1_1_62_crop_02.jpg,bg_to_strip_inclusion,4,2,1002,478,1,2,6,TIND
0506tin1_1_62_crop_02.jpg,bg_to_strip_inclusion,5,9,994,480,5,3,6,TIND
0506tin1_1_64_crop_01.jpg,bg_to_strip_inclusion,1,11,897,130,6,5,6,TIND
0506tin1_1_64_crop_01.jpg,bg_to_strip_inclusion,2,3,899,137,3,1,6,TIND
0506tin1_1_64_crop_01.jpg,bg_to_strip_inclusion,7,4,744,167,1,4,5,TINB/TINC
0506tin1_1_64_crop_01.jpg,bg_to_strip_inclusion,8,4,745,172,1,4,5,TINB/TINC
0506tin1_1_64_crop_01.jpg,bg_to_strip_inclusion,9,6,752,174,1,6,5,TINB/TINC
0506tin1_1_64_crop_01.jpg,bg_to_strip_inclusion,10,17,753,182,4,10,5,TINB/TINC
0506tin1_1_64_crop_01.jpg,bg_to_strip_inclusion,12,33,749,193,4,28,5,TINB/TINC
0506tin1_1_64_crop_01.jpg,bg_to_strip_inclusion,13,2,760,230,1,2,5,TINB/TINC
0506tin1_1_64_crop_01.jpg,bg_to_strip_inclusion,14,3,758,234,2,3,5,TINB/TINC
0506tin1_1_64_crop_01.jpg,bg_to_strip_inclusion,15,48,295,427,7,9,6,TIND
0506tin1_1_64_crop_01.jpg,bg_to_strip_inclusion,17,3,926,894,1,3,6,TIND
0506tin1_1_64_crop_01.jpg,bg_to_strip_inclusion,18,10,920,897,2,6,6,TIND
0506tin1_1_65_crop_01.jpg,bg_to_strip_inclusion,1,20,681,167,6,9,5,TINB/TINC
0506tin1_1_65_crop_01.jpg,bg_to_strip_inclusion,2,3,680,177,1,3,5,TINB/TINC
0506tin1_1_65_crop_01.jpg,bg_to_strip_inclusion,3,10,653,354,4,5,6,TIND
0506tin1_1_65_crop_01.jpg,bg_to_strip_inclusion,4,7,661,361,2,5,6,TIND
0506tin1_1_65_crop_01.jpg,bg_to_strip_inclusion,5,2,653,362,1,2,6,TIND
0506tin1_1_65_crop_01.jpg,bg_to_strip_inclusion,7,2,657,372,2,1,6,TIND
0506tin1_1_65_crop_01.jpg,bg_to_strip_inclusion,8,7,402,420,4,7,6,TIND
0506tin1_1_65_crop_01.jpg,bg_to_strip_inclusion,9,14,407,421,4,7,6,TIND
0506tin1_1_65_crop_01.jpg,bg_to_strip_inclusion,10,45,405,505,9,14,6,TIND
0506tin1_1_65_crop_01.jpg,bg_to_strip_inclusion,11,8,392,808,5,3,6,TIND
0506tin1_1_65_crop_01.jpg,bg_to_strip_inclusion,13,8,401,813,5,8,6,TIND
0506tin1_1_65_crop_01.jpg,bg_to_strip_inclusion,16,5,398,826,5,1,6,TIND
0506tin1_1_65_crop_01.jpg,bg_to_strip_inclusion,17,14,366,956,7,5,6,TIND
0506tin1_1_65_crop_01.jpg,bg_to_strip_inclusion,20,12,366,965,2,8,6,TIND
0506tin1_1_65_crop_01.jpg,bg_to_strip_inclusion,21,27,370,965,11,11,6,TIND
0506tin1_1_68_crop_01.jpg,bg_to_strip_inclusion,1,43,279,372,7,17,6,TIND
0506tin1_1_68_crop_01.jpg,bg_to_strip_inclusion,2,12,274,375,4,11,6,TIND
0506tin1_1_68_crop_01.jpg,bg_to_strip_inclusion,5,31,331,461,6,6,6,TIND
0506tin1_1_69_crop_02.jpg,bg_to_strip_inclusion,1,447,179,794,13,91,5,TINB/TINC
0506tin1_1_69_crop_02.jpg,bg_to_strip_inclusion,2,2,188,852,1,2,5,TINB/TINC
0506tin1_1_69_crop_02.jpg,bg_to_strip_inclusion,3,13,156,910,5,7,6,TIND
0506tin1_1_69_crop_02.jpg,bg_to_strip_inclusion,5,4,165,912,2,4,6,TIND
0506tin1_1_69_crop_02.jpg,bg_to_strip_inclusion,7,3,176,970,2,3,6,TIND
0506tin1_1_71_crop_01.jpg,bg_to_strip_inclusion,1,52,980,51,5,12,6,TIND
0506tin1_1_71_crop_01.jpg,bg_to_strip_inclusion,2,47,537,340,7,11,6,TIND
0506tin1_1_71_crop_01.jpg,bg_to_strip_inclusion,3,2,540,357,1,2,6,TIND
0506tin1_1_71_crop_01.jpg,bg_to_strip_inclusion,4,3,541,360,1,3,6,TIND
0506tin1_1_71_crop_01.jpg,bg_to_strip_inclusion,7,6,560,523,3,4,6,TIND
0506tin1_1_71_crop_01.jpg,bg_to_strip_inclusion,8,20,973,884,3,7,6,TIND
0506tin2_01-03_crop_01.jpg,bg_to_strip_inclusion,1,3,732,347,3,2,5,TINB/TINC
0506tin2_01-03_crop_01.jpg,bg_to_strip_inclusion,2,16,721,363,5,12,5,TINB/TINC
0506tin2_01-03_crop_01.jpg,bg_to_strip_inclusion,3,30,720,378,4,16,5,TINB/TINC
0506tin2_01-03_crop_01.jpg,bg_to_strip_inclusion,4,2,719,400,1,2,5,TINB/TINC
0506tin2_01-03_crop_01.jpg,bg_to_strip_inclusion,5,50,715,403,4,41,5,TINB/TINC
0506tin2_01-03_crop_01.jpg,bg_to_strip_inclusion,6,32,701,486,11,11,5,TINB/TINC
0506tin2_01-03_crop_01.jpg,bg_to_strip_inclusion,7,36,713,493,8,10,5,TINB/TINC
0506tin2_01-03_crop_01.jpg,bg_to_strip_inclusion,9,7,714,557,3,6,5,TINB/TINC
0506tin2_01-03_crop_01.jpg,bg_to_strip_inclusion,13,42,695,623,10,22,5,TINB/TINC
0506tin2_01-03_crop_01.jpg,bg_to_strip_inclusion,14,8,705,652,1,8,5,TINB/TINC
0506tin2_01-03_crop_01.jpg,bg_to_strip_inclusion,15,2,712,666,1,2,5,TINB/TINC
0506tin2_01-03_crop_01.jpg,bg_to_strip_inclusion,16,2,713,673,1,2,5,TINB/TINC
0506tin2_01-03_crop_01.jpg,bg_to_strip_inclusion,17,3,714,678,1,3,5,TINB/TINC
0506tin2_01-03_crop_01.jpg,bg_to_strip_inclusion,18,3,715,685,1,3,5,TINB/TINC
0506tin2_01-03_crop_01.jpg,bg_to_strip_inclusion,19,96,279,697,8,15,6,TIND
0506tin2_01-03_crop_01.jpg,bg_to_strip_inclusion,20,219,710,733,13,54,5,TINB/TINC
0506tin2_01-03_crop_01.jpg,bg_to_strip_inclusion,21,23,716,795,9,4,5,TINB/TINC
0506tin2_01-03_crop_01.jpg,bg_to_strip_inclusion,22,523,701,839,18,82,5,TINB/TINC
0506tin2_01-03_crop_01.jpg,bg_to_strip_inclusion,23,3,719,900,1,3,5,TINB/TINC
0506tin2_01-03_crop_01.jpg,bg_to_strip_inclusion,24,3,696,978,2,2,5,TINB/TINC
0506tin2_01-10_crop_00.jpg,bg_to_strip_inclusion,1,8,582,111,5,4,5,TINB/TINC
0506tin2_01-10_crop_00.jpg,bg_to_strip_inclusion,4,50,369,208,3,36,5,TINB/TINC
0506tin2_01-10_crop_00.jpg,bg_to_strip_inclusion,5,2,956,475,2,1,6,TIND
0506tin2_01-10_crop_00.jpg,bg_to_strip_inclusion,6,6,921,491,5,2,6,TIND
0506tin2_01-10_crop_00.jpg,bg_to_strip_inclusion,7,14,922,497,5,5,6,TIND
0506tin2_01-10_crop_00.jpg,bg_to_strip_inclusion,8,6,924,505,4,5,6,TIND
0506tin2_01-10_crop_00.jpg,bg_to_strip_inclusion,9,19,769,510,3,8,5,TINB/TINC
0506tin2_01-10_crop_00.jpg,bg_to_strip_inclusion,10,4,923,519,4,1,6,TIND
0506tin2_01-10_crop_00.jpg,bg_to_strip_inclusion,12,12,938,574,4,9,6,TIND
0506tin2_01-10_crop_00.jpg,bg_to_strip_inclusion,13,11,31,660,7,4,6,TIND
0506tin2_01-10_crop_00.jpg,bg_to_strip_inclusion,14,8,29,664,4,7,6,TIND
0506tin2_01-10_crop_00.jpg,bg_to_strip_inclusion,18,14,34,737,5,6,6,TIND
0506tin2_01-10_crop_00.jpg,bg_to_strip_inclusion,19,3,32,744,1,3,6,TIND
0506tin2_01-10_crop_00.jpg,bg_to_strip_inclusion,20,6,33,749,4,2,6,TIND
0506tin2_01-10_crop_00.jpg,bg_to_strip_inclusion,21,24,29,783,5,7,6,TIND
0506tin2_01-10_crop_00.jpg,bg_to_strip_inclusion,22,43,733,821,14,12,5,TINB/TINC
0506tin2_01-10_crop_00.jpg,bg_to_strip_inclusion,23,2,747,828,1,2,5,TINB/TINC
0506tin2_01-10_crop_00.jpg,bg_to_strip_inclusion,24,4,732,834,1,4,5,TINB/TINC
0506tin2_01-10_crop_00.jpg,bg_to_strip_inclusion,25,106,733,841,9,20,5,TINB/TINC
0506tin2_01-10_crop_00.jpg,bg_to_strip_inclusion,26,37,12,883,10,18,6,TIND
0506tin2_01-10_crop_00.jpg,bg_to_strip_inclusion,28,23,1,965,7,9,6,TIND
0506tin2_01-10_crop_00.jpg,bg_to_strip_inclusion,29,2,6,973,1,2,6,TIND
0506tin2_01-15_crop_01.jpg,bg_to_strip_inclusion,1,12,848,967,2,10,6,TIND
0506tin2_01-15_crop_01.jpg,bg_to_strip_inclusion,2,3,834,971,1,3,6,TIND
0506tin2_01-16_crop_00.jpg,bg_to_strip_inclusion,1,14,84,22,10,3,6,TIND
0506tin2_01-16_crop_00.jpg,bg_to_strip_inclusion,3,3,97,29,1,3,6,TIND
0506tin2_01-16_crop_00.jpg,bg_to_strip_inclusion,4,3,512,28,3,3,6,TIND
0506tin2_01-16_crop_00.jpg,bg_to_strip_inclusion,5,3,521,30,1,3,6,TIND
0506tin2_01-16_crop_00.jpg,bg_to_strip_inclusion,7,22,646,73,10,9,6,TIND
0506tin2_01-16_crop_00.jpg,bg_to_strip_inclusion,13,26,984,144,7,12,6,TIND
0506tin2_01-16_crop_00.jpg,bg_to_strip_inclusion,14,11,998,145,7,9,6,TIND
0506tin2_01-16_crop_00.jpg,bg_to_strip_inclusion,15,21,853,276,9,7,6,TIND
0506tin2_01-16_crop_00.jpg,bg_to_strip_inclusion,16,5,854,283,4,2,6,TIND
0506tin2_01-16_crop_00.jpg,bg_to_strip_inclusion,17,19,933,337,12,4,6,TIND
0506tin2_01-16_crop_00.jpg,bg_to_strip_inclusion,18,19,924,339,6,9,6,TIND
0506tin2_01-16_crop_00.jpg,bg_to_strip_inclusion,19,5,925,349,5,5,6,TIND
0506tin2_01-16_crop_00.jpg,bg_to_strip_inclusion,21,30,704,474,8,11,5,TINB/TINC
0506tin2_01-16_crop_00.jpg,bg_to_strip_inclusion,22,4,707,512,1,4,5,TINB/TINC
0506tin2_01-16_crop_00.jpg,bg_to_strip_inclusion,23,2,708,520,1,2,5,TINB/TINC
0506tin2_01-16_crop_00.jpg,bg_to_strip_inclusion,24,16,709,525,3,15,5,TINB/TINC
0506tin2_01-16_crop_00.jpg,bg_to_strip_inclusion,25,3,709,543,3,3,5,TINB/TINC
0506tin2_01-16_crop_00.jpg,bg_to_strip_inclusion,26,3,862,587,3,2,5,TINB/TINC
0506tin2_01-16_crop_00.jpg,bg_to_strip_inclusion,27,110,45,589,21,22,6,TIND
0506tin2_01-16_crop_00.jpg,bg_to_strip_inclusion,29,8,860,611,3,7,5,TINB/TINC
0506tin2_01-16_crop_00.jpg,bg_to_strip_inclusion,30,2,859,620,1,2,5,TINB/TINC
0506tin2_01-16_crop_00.jpg,bg_to_strip_inclusion,31,30,832,697,8,16,6,TIND
0506tin2_01-16_crop_00.jpg,bg_to_strip_inclusion,32,179,834,720,7,37,5,TINB/TINC
0506tin2_01-16_crop_00.jpg,bg_to_strip_inclusion,33,29,837,756,4,11,5,TINB/TINC
0506tin2_01-16_crop_00.jpg,bg_to_strip_inclusion,34,8,65,847,3,6,6,TIND
0506tin2_01-16_crop_00.jpg,bg_to_strip_inclusion,35,41,69,846,9,10,6,TIND
0506tin2_01-16_crop_00.jpg,bg_to_strip_inclusion,39,15,781,884,5,4,6,TIND
0506tin2_01-16_crop_00.jpg,bg_to_strip_inclusion,40,5,68,900,1,5,6,TIND
0506tin2_01-16_crop_00.jpg,bg_to_strip_inclusion,41,36,70,908,13,14,6,TIND
0506tin2_01-16_crop_00.jpg,bg_to_strip_inclusion,42,15,85,916,4,13,6,TIND
0506tin2_01-16_crop_00.jpg,bg_to_strip_inclusion,44,2,85,931,2,2,6,TIND
0506tin2_01-16_crop_00.jpg,bg_to_strip_inclusion,45,11,34,938,8,4,6,TIND
0506tin2_01-16_crop_00.jpg,bg_to_strip_inclusion,46,5,44,940,3,5,6,TIND
0506tin2_01-16_crop_00.jpg,bg_to_strip_inclusion,47,108,20,944,20,19,6,TIND
0506tin2_01-16_crop_01.jpg,bg_to_strip_inclusion,1,12,329,243,4,4,6,TIND
0506tin2_01-16_crop_01.jpg,bg_to_strip_inclusion,2,34,324,260,6,8,6,TIND
0506tin2_01-16_crop_01.jpg,bg_to_strip_inclusion,3,61,203,498,8,11,6,TIND
0506tin2_01-16_crop_01.jpg,bg_to_strip_inclusion,4,4,160,792,3,2,6,TIND
0506tin2_01-16_crop_01.jpg,bg_to_strip_inclusion,5,13,168,793,11,8,6,TIND
0506tin2_01-16_crop_01.jpg,bg_to_strip_inclusion,6,10,160,798,9,5,6,TIND
0506tin2_01-16_crop_01.jpg,bg_to_strip_inclusion,8,12,207,898,7,7,5,TINB/TINC
0506tin2_01-16_crop_01.jpg,bg_to_strip_inclusion,9,40,202,915,5,34,5,TINB/TINC
0506tin2_01-16_crop_01.jpg,bg_to_strip_inclusion,10,6,196,931,1,6,5,TINB/TINC
0506tin2_01-16_crop_01.jpg,bg_to_strip_inclusion,11,7,195,938,1,7,5,TINB/TINC
0506tin2_01-21_crop_02.jpg,bg_to_strip_inclusion,1,15,990,734,5,11,6,TIND
0506tin2_01-21_crop_02.jpg,bg_to_strip_inclusion,2,6,997,734,6,2,6,TIND
0506tin2_01-21_crop_02.jpg,bg_to_strip_inclusion,3,25,996,740,9,9,6,TIND
0506tin2_01-21_crop_02.jpg,bg_to_strip_inclusion,4,42,157,770,7,7,6,TIND
0506tin2_02-01_crop_01.jpg,bg_to_strip_inclusion,3,71,998,81,8,26,5,TINB/TINC
0506tin2_02-01_crop_01.jpg,bg_to_strip_inclusion,4,4,1005,110,1,4,5,TINB/TINC
0506tin2_02-01_crop_01.jpg,bg_to_strip_inclusion,5,3,1004,115,1,3,5,TINB/TINC
0506tin2_02-01_crop_01.jpg,bg_to_strip_inclusion,6,2,1003,119,1,2,5,TINB/TINC
0506tin2_02-01_crop_01.jpg,bg_to_strip_inclusion,7,2,1002,123,1,2,5,TINB/TINC
0506tin2_02-01_crop_01.jpg,bg_to_strip_inclusion,8,21,999,126,3,17,5,TINB/TINC
0506tin2_02-01_crop_01.jpg,bg_to_strip_inclusion,9,8,980,224,4,7,6,TIND
0506tin2_02-01_crop_01.jpg,bg_to_strip_inclusion,12,5,968,309,2,5,6,TIND
0506tin2_02-01_crop_01.jpg,bg_to_strip_inclusion,15,24,961,335,6,9,6,TIND
0506tin2_02-01_crop_01.jpg,bg_to_strip_inclusion,16,2,959,339,1,2,6,TIND
0506tin2_02-01_crop_01.jpg,bg_to_strip_inclusion,17,2,942,601,2,2,6,TIND
0506tin2_02-01_crop_01.jpg,bg_to_strip_inclusion,19,25,941,607,4,10,5,TINB/TINC
0506tin2_02-01_crop_01.jpg,bg_to_strip_inclusion,20,30,1017,754,7,6,6,TIND
0506tin2_02-01_crop_01.jpg,bg_to_strip_inclusion,21,29,929,759,9,7,5,TINB/TINC
0506tin2_02-01_crop_01.jpg,bg_to_strip_inclusion,22,28,928,766,4,12,6,TIND
0506tin2_02-01_crop_01.jpg,bg_to_strip_inclusion,23,4,935,767,2,4,5,TINB/TINC
0506tin2_02-01_crop_01.jpg,bg_to_strip_inclusion,24,43,932,781,13,13,6,TIND
0506tin2_02-01_crop_01.jpg,bg_to_strip_inclusion,25,13,927,901,5,4,5,TINB/TINC
0506tin2_02-01_crop_01.jpg,bg_to_strip_inclusion,26,27,921,903,5,20,5,TINB/TINC
0506tin2_02-01_crop_01.jpg,bg_to_strip_inclusion,27,59,479,937,7,10,6,TIND
0506tin2_02-01_crop_01.jpg,bg_to_strip_inclusion,28,2,927,939,1,2,5,TINB/TINC
0506tin2_02-01_crop_01.jpg,bg_to_strip_inclusion,29,64,922,943,5,27,5,TINB/TINC
0506tin2_02-02_crop_00.jpg,bg_to_strip_inclusion,1,19,969,361,9,8,6,TIND
0506tin2_02-02_crop_00.jpg,bg_to_strip_inclusion,2,3,972,370,3,1,6,TIND
0506tin2_02-02_crop_00.jpg,bg_to_strip_inclusion,3,125,969,444,9,22,6,TIND
0506tin2_02-02_crop_00.jpg,bg_to_strip_inclusion,4,11,965,574,4,10,6,TIND
0506tin2_02-02_crop_00.jpg,bg_to_strip_inclusion,5,29,969,579,8,9,6,TIND
0506tin2_02-02_crop_00.jpg,bg_to_strip_inclusion,6,22,472,590,10,6,6,TIND
0506tin2_02-02_crop_00.jpg,bg_to_strip_inclusion,7,7,482,595,1,7,6,TIND
0506tin2_02-02_crop_00.jpg,bg_to_strip_inclusion,8,7,472,602,5,4,6,TIND
0506tin2_02-02_crop_00.jpg,bg_to_strip_inclusion,9,53,451,607,5,12,6,TIND
0506tin2_02-02_crop_00.jpg,bg_to_strip_inclusion,10,40,1013,828,6,9,6,TIND
0506tin2_02-02_crop_00.jpg,bg_to_strip_inclusion,11,12,413,840,7,3,6,TIND
0506tin2_02-02_crop_00.jpg,bg_to_strip_inclusion,12,9,412,844,3,6,6,TIND
0506tin2_02-02_crop_00.jpg,bg_to_strip_inclusion,13,35,395,851,8,6,6,TIND
0506tin2_02-02_crop_00.jpg,bg_to_strip_inclusion,14,4,424,858,4,2,6,TIND
0506tin2_02-04_crop_03.jpg,bg_to_strip_inclusion,1,8,108,889,4,5,6,TIND
0506tin2_02-04_crop_03.jpg,bg_to_strip_inclusion,2,9,104,890,2,8,6,TIND
0506tin2_02-04_crop_03.jpg,bg_to_strip_inclusion,3,2,105,899,2,2,6,TIND
0506tin2_02-14_crop_02.jpg,bg_to_strip_inclusion,1,9,64,465,5,4,6,TIND
0506tin2_02-14_crop_02.jpg,bg_to_strip_inclusion,2,6,71,465,3,5,6,TIND
0506tin2_02-14_crop_02.jpg,bg_to_strip_inclusion,3,2,65,472,2,2,6,TIND
0506tin2_02-14_crop_02.jpg,bg_to_strip_inclusion,5,35,620,561,9,5,6,TIND
0506tin2_02-16_crop_02.jpg,bg_to_strip_inclusion,1,164,465,342,12,19,6,TIND
0506tin2_02-16_crop_02.jpg,bg_to_strip_inclusion,2,8,341,651,3,3,6,TIND
0506tin2_02-16_crop_02.jpg,bg_to_strip_inclusion,3,429,325,680,18,46,5,TINB/TINC
0506tin2_02-18_crop_01.jpg,bg_to_strip_inclusion,1,17,348,11,8,9,6,TIND
0506tin2_02-18_crop_01.jpg,bg_to_strip_inclusion,2,5,350,21,5,2,6,TIND
0506tin2_02-18_crop_01.jpg,bg_to_strip_inclusion,3,38,336,57,5,9,6,TIND
0506tin2_02-18_crop_01.jpg,bg_to_strip_inclusion,4,9,339,75,7,2,6,TIND
0506tin2_02-18_crop_01.jpg,bg_to_strip_inclusion,5,13,350,80,4,5,6,TIND
0506tin2_02-18_crop_01.jpg,bg_to_strip_inclusion,6,13,337,84,6,6,6,TIND
0506tin2_02-18_crop_01.jpg,bg_to_strip_inclusion,7,3,354,88,1,3,6,TIND
0506tin2_02-18_crop_01.jpg,bg_to_strip_inclusion,8,12,344,93,10,6,6,TIND
0506tin2_02-18_crop_02.jpg,bg_to_strip_inclusion,1,31,75,831,5,8,6,TIND
0506tin2_02-21_crop_00.jpg,bg_to_strip_inclusion,1,103,507,257,12,11,6,TIND
0506tin2_02-21_crop_00.jpg,bg_to_strip_inclusion,3,2,547,690,1,2,5,TINB/TINC
0506tin2_02-21_crop_00.jpg,bg_to_strip_inclusion,4,2,538,716,1,2,5,TINB/TINC
0506tin2_02-21_crop_00.jpg,bg_to_strip_inclusion,7,53,930,865,18,21,6,TIND
0506tin2_02-21_crop_00.jpg,bg_to_strip_inclusion,8,4,947,874,1,4,6,TIND
0506tin2_02-21_crop_00.jpg,bg_to_strip_inclusion,9,7,945,879,2,7,6,TIND
0506tin2_02-21_crop_00.jpg,bg_to_strip_inclusion,10,2,944,887,1,2,6,TIND
0506tin2_02-21_crop_00.jpg,bg_to_strip_inclusion,11,9,534,928,1,9,5,TINB/TINC
0506tin2_02-21_crop_00.jpg,bg_to_strip_inclusion,12,2,532,975,1,2,5,TINB/TINC
0506tin2_02-21_crop_00.jpg,bg_to_strip_inclusion,13,5,531,979,1,5,5,TINB/TINC
0506tin2_02-21_crop_01.jpg,bg_to_strip_inclusion,1,11,79,230,3,8,6,TIND
0506tin2_03-02_crop_02.jpg,bg_to_strip_inclusion,1,29,803,5,7,6,6,TIND
0506tin2_03-02_crop_02.jpg,bg_to_strip_inclusion,2,12,966,169,3,9,6,TIND
0506tin2_03-02_crop_02.jpg,bg_to_strip_inclusion,3,77,946,183,11,11,6,TIND
0506tin2_03-02_crop_02.jpg,bg_to_strip_inclusion,4,47,948,219,7,9,6,TIND
0506tin2_03-03_crop_02.jpg,bg_to_strip_inclusion,1,16,15,110,3,6,6,TIND
0506tin2_03-03_crop_02.jpg,bg_to_strip_inclusion,2,293,983,115,16,42,5,TINB/TINC
0506tin2_03-03_crop_02.jpg,bg_to_strip_inclusion,3,52,16,158,4,17,5,TINB/TINC
0506tin2_03-03_crop_02.jpg,bg_to_strip_inclusion,4,82,18,184,8,22,5,TINB/TINC
0506tin2_03-03_crop_02.jpg,bg_to_strip_inclusion,5,38,26,203,11,14,5,TINB/TINC
0506tin2_03-03_crop_02.jpg,bg_to_strip_inclusion,6,126,32,224,10,22,5,TINB/TINC
0506tin2_03-03_crop_02.jpg,bg_to_strip_inclusion,8,12,35,253,7,2,5,TINB/TINC
0506tin2_03-03_crop_02.jpg,bg_to_strip_inclusion,9,14,36,285,7,7,6,TIND
0506tin2_03-03_crop_02.jpg,bg_to_strip_inclusion,10,2,42,291,2,2,6,TIND
0506tin2_03-03_crop_02.jpg,bg_to_strip_inclusion,11,23,54,674,6,8,5,TINB/TINC
0506tin2_03-03_crop_02.jpg,bg_to_strip_inclusion,13,2,53,746,1,2,5,TINB/TINC
0506tin2_03-03_crop_02.jpg,bg_to_strip_inclusion,14,4,4,758,2,3,6,TIND
0506tin2_03-03_crop_02.jpg,bg_to_strip_inclusion,15,6,7,759,2,5,6,TIND
0506tin2_03-03_crop_02.jpg,bg_to_strip_inclusion,16,2,44,761,1,2,5,TINB/TINC
0506tin2_03-03_crop_02.jpg,bg_to_strip_inclusion,18,62,6,916,8,12,5,TINB/TINC
0506tin2_03-04_crop_01.jpg,bg_to_strip_inclusion,1,37,739,180,9,12,6,TIND
0506tin2_03-04_crop_01.jpg,bg_to_strip_inclusion,2,37,758,247,12,8,6,TIND
0506tin2_03-04_crop_01.jpg,bg_to_strip_inclusion,4,2,774,246,2,1,6,TIND
0506tin2_03-04_crop_01.jpg,bg_to_strip_inclusion,5,47,751,255,12,10,6,TIND
0506tin2_03-04_crop_01.jpg,bg_to_strip_inclusion,6,12,749,286,3,8,6,TIND
0506tin2_03-04_crop_01.jpg,bg_to_strip_inclusion,8,5,752,292,4,3,6,TIND
0506tin2_03-04_crop_01.jpg,bg_to_strip_inclusion,9,2,571,373,2,2,6,TIND
0506tin2_03-04_crop_01.jpg,bg_to_strip_inclusion,10,9,760,849,7,4,6,TIND
0506tin2_03-04_crop_01.jpg,bg_to_strip_inclusion,11,22,758,853,6,8,6,TIND
0506tin2_03-04_crop_01.jpg,bg_to_strip_inclusion,12,26,49,909,7,12,6,TIND
0506tin2_03-04_crop_01.jpg,bg_to_strip_inclusion,13,19,57,910,3,10,6,TIND
0506tin2_03-04_crop_01.jpg,bg_to_strip_inclusion,14,8,764,1006,3,3,6,TIND
0506tin2_03-07_crop_00.jpg,bg_to_strip_inclusion,1,48,433,7,10,9,5,TINB/TINC
0506tin2_03-07_crop_00.jpg,bg_to_strip_inclusion,2,13,446,11,3,7,5,TINB/TINC
0506tin2_03-07_crop_00.jpg,bg_to_strip_inclusion,6,20,444,35,3,12,5,TINB/TINC
0506tin2_03-07_crop_00.jpg,bg_to_strip_inclusion,7,3,611,147,3,3,6,TIND
0506tin2_03-07_crop_00.jpg,bg_to_strip_inclusion,9,17,506,202,1,17,5,TINB/TINC
0506tin2_03-07_crop_00.jpg,bg_to_strip_inclusion,10,2,498,224,1,2,5,TINB/TINC
0506tin2_03-07_crop_00.jpg,bg_to_strip_inclusion,11,5,497,230,1,5,5,TINB/TINC
0506tin2_03-07_crop_00.jpg,bg_to_strip_inclusion,12,7,496,237,1,7,5,TINB/TINC
0506tin2_03-07_crop_00.jpg,bg_to_strip_inclusion,14,31,594,314,2,21,5,TINB/TINC
0506tin2_03-07_crop_00.jpg,bg_to_strip_inclusion,16,3,588,372,1,3,5,TINB/TINC
0506tin2_03-07_crop_00.jpg,bg_to_strip_inclusion,17,7,502,422,2,4,6,TIND
0506tin2_03-07_crop_00.jpg,bg_to_strip_inclusion,19,3,311,490,1,3,5,TINB/TINC
0506tin2_03-07_crop_00.jpg,bg_to_strip_inclusion,22,16,511,522,1,16,5,TINB/TINC
0506tin2_03-07_crop_00.jpg,bg_to_strip_inclusion,23,14,49,531,6,4,6,TIND
0506tin2_03-07_crop_00.jpg,bg_to_strip_inclusion,25,20,49,541,2,17,6,TIND
0506tin2_03-07_crop_00.jpg,bg_to_strip_inclusion,26,18,508,542,3,17,5,TINB/TINC
0506tin2_03-07_crop_00.jpg,bg_to_strip_inclusion,27,2,517,543,1,2,5,TINB/TINC
0506tin2_03-07_crop_00.jpg,bg_to_strip_inclusion,28,3,516,547,1,3,5,TINB/TINC
0506tin2_03-07_crop_00.jpg,bg_to_strip_inclusion,29,4,592,547,4,3,5,TINB/TINC
0506tin2_03-07_crop_00.jpg,bg_to_strip_inclusion,30,4,515,553,1,4,5,TINB/TINC
0506tin2_03-07_crop_00.jpg,bg_to_strip_inclusion,31,5,51,559,5,1,6,TIND
0506tin2_03-07_crop_00.jpg,bg_to_strip_inclusion,32,3,587,558,1,3,5,TINB/TINC
0506tin2_03-07_crop_00.jpg,bg_to_strip_inclusion,33,24,503,560,5,21,5,TINB/TINC
0506tin2_03-07_crop_00.jpg,bg_to_strip_inclusion,34,4,514,562,1,4,5,TINB/TINC
0506tin2_03-07_crop_00.jpg,bg_to_strip_inclusion,35,3,586,562,1,3,5,TINB/TINC
0506tin2_03-07_crop_00.jpg,bg_to_strip_inclusion,37,2,585,566,1,2,5,TINB/TINC
0506tin2_03-07_crop_00.jpg,bg_to_strip_inclusion,39,2,584,570,1,2,5,TINB/TINC
0506tin2_03-07_crop_00.jpg,bg_to_strip_inclusion,40,2,591,571,1,2,5,TINB/TINC
0506tin2_03-07_crop_00.jpg,bg_to_strip_inclusion,41,34,512,572,8,17,5,TINB/TINC
0506tin2_03-07_crop_00.jpg,bg_to_strip_inclusion,43,8,589,574,2,8,5,TINB/TINC
0506tin2_03-07_crop_00.jpg,bg_to_strip_inclusion,45,7,588,591,1,7,5,TINB/TINC
0506tin2_03-07_crop_00.jpg,bg_to_strip_inclusion,46,8,288,721,1,8,6,TIND
0506tin2_03-07_crop_00.jpg,bg_to_strip_inclusion,47,9,63,753,3,7,6,TIND
0506tin2_03-07_crop_00.jpg,bg_to_strip_inclusion,48,5,69,752,5,3,6,TIND
0506tin2_03-07_crop_00.jpg,bg_to_strip_inclusion,49,2,479,785,1,2,5,TINB/TINC
0506tin2_03-07_crop_00.jpg,bg_to_strip_inclusion,50,7,487,805,1,7,5,TINB/TINC
0506tin2_03-07_crop_00.jpg,bg_to_strip_inclusion,51,5,488,823,1,5,5,TINB/TINC
0506tin2_03-07_crop_00.jpg,bg_to_strip_inclusion,52,46,46,871,15,11,6,TIND
0506tin2_03-07_crop_00.jpg,bg_to_strip_inclusion,53,3,486,882,1,3,5,TINB/TINC
0506tin2_03-07_crop_00.jpg,bg_to_strip_inclusion,56,62,38,997,9,20,6,TIND
0506tin2_03-10_crop_01.jpg,bg_to_strip_inclusion,1,3,971,0,3,2,6,TIND
0506tin2_03-10_crop_01.jpg,bg_to_strip_inclusion,7,42,356,283,6,18,5,TINB/TINC
0506tin2_03-10_crop_01.jpg,bg_to_strip_inclusion,9,61,366,325,5,30,5,TINB/TINC
0506tin2_03-10_crop_01.jpg,bg_to_strip_inclusion,10,2,371,356,1,2,5,TINB/TINC
0506tin2_03-10_crop_01.jpg,bg_to_strip_inclusion,11,73,363,358,7,32,5,TINB/TINC
0506tin2_03-10_crop_01.jpg,bg_to_strip_inclusion,12,2,372,360,1,2,5,TINB/TINC
0506tin2_03-10_crop_01.jpg,bg_to_strip_inclusion,13,2,373,363,1,2,5,TINB/TINC
0506tin2_03-10_crop_01.jpg,bg_to_strip_inclusion,14,2,374,367,1,2,5,TINB/TINC
0506tin2_03-10_crop_01.jpg,bg_to_strip_inclusion,15,2,384,440,1,2,5,TINB/TINC
0506tin2_03-10_crop_01.jpg,bg_to_strip_inclusion,16,2,393,457,1,2,5,TINB/TINC
0506tin2_03-10_crop_01.jpg,bg_to_strip_inclusion,17,20,390,465,4,13,5,TINB/TINC
0506tin2_03-10_crop_01.jpg,bg_to_strip_inclusion,18,44,494,534,14,13,6,TIND
0506tin2_03-10_crop_01.jpg,bg_to_strip_inclusion,19,13,510,536,3,9,6,TIND
0506tin2_03-10_crop_01.jpg,bg_to_strip_inclusion,20,2,505,549,2,1,6,TIND
0506tin2_03-10_crop_01.jpg,bg_to_strip_inclusion,21,3,501,550,3,1,6,TIND
0506tin2_03-10_crop_01.jpg,bg_to_strip_inclusion,22,6,201,694,5,3,5,TINB/TINC
0506tin2_03-10_crop_01.jpg,bg_to_strip_inclusion,23,27,208,717,2,19,5,TINB/TINC
0506tin2_03-11_crop_00.jpg,bg_to_strip_inclusion,2,3,824,34,2,2,6,TIND
0506tin2_03-11_crop_00.jpg,bg_to_strip_inclusion,3,3,818,43,1,3,6,TIND
0506tin2_03-11_crop_00.jpg,bg_to_strip_inclusion,4,27,510,46,9,6,6,TIND
0506tin2_03-11_crop_00.jpg,bg_to_strip_inclusion,5,7,500,50,5,4,6,TIND
0506tin2_03-11_crop_00.jpg,bg_to_strip_inclusion,6,26,814,52,5,17,6,TIND
0506tin2_03-11_crop_00.jpg,bg_to_strip_inclusion,7,14,501,55,12,6,6,TIND
0506tin2_03-11_crop_00.jpg,bg_to_strip_inclusion,9,2,521,58,1,2,6,TIND
0506tin2_03-11_crop_00.jpg,bg_to_strip_inclusion,12,3,821,198,3,2,6,TIND
0506tin2_03-11_crop_00.jpg,bg_to_strip_inclusion,13,17,681,292,8,6,6,TIND
0506tin2_03-11_crop_00.jpg,bg_to_strip_inclusion,15,16,682,304,2,11,6,TIND
0506tin2_03-11_crop_00.jpg,bg_to_strip_inclusion,16,3,687,313,2,3,6,TIND
0506tin2_03-11_crop_00.jpg,bg_to_strip_inclusion,17,4,502,371,3,2,6,TIND
0506tin2_03-11_crop_00.jpg,bg_to_strip_inclusion,18,20,499,376,4,10,6,TIND
0506tin2_03-11_crop_00.jpg,bg_to_strip_inclusion,19,4,650,377,1,4,6,TIND
0506tin2_03-11_crop_00.jpg,bg_to_strip_inclusion,20,2,655,379,1,2,6,TIND
0506tin2_03-11_crop_00.jpg,bg_to_strip_inclusion,21,23,484,398,8,6,6,TIND
0506tin2_03-11_crop_00.jpg,bg_to_strip_inclusion,22,17,494,404,4,9,6,TIND
0506tin2_03-11_crop_00.jpg,bg_to_strip_inclusion,23,18,484,406,7,15,6,TIND
0506tin2_03-11_crop_00.jpg,bg_to_strip_inclusion,24,9,493,420,6,3,6,TIND
0506tin2_03-11_crop_00.jpg,bg_to_strip_inclusion,25,51,628,643,11,13,6,TIND
0506tin2_03-11_crop_00.jpg,bg_to_strip_inclusion,26,13,623,651,2,10,6,TIND
0506tin2_03-11_crop_00.jpg,bg_to_strip_inclusion,27,15,620,682,7,10,6,TIND
0506tin2_03-11_crop_00.jpg,bg_to_strip_inclusion,28,7,628,684,2,7,6,TIND
0506tin2_03-11_crop_00.jpg,bg_to_strip_inclusion,29,3,625,694,3,1,6,TIND
0506tin2_03-11_crop_00.jpg,bg_to_strip_inclusion,31,16,497,879,2,13,5,TINB/TINC
0506tin2_03-11_crop_00.jpg,bg_to_strip_inclusion,32,37,495,896,4,33,5,TINB/TINC
0506tin2_03-11_crop_00.jpg,bg_to_strip_inclusion,33,6,491,900,1,6,5,TINB/TINC
0506tin2_03-11_crop_00.jpg,bg_to_strip_inclusion,34,4,218,918,2,3,6,TIND
0506tin2_03-11_crop_00.jpg,bg_to_strip_inclusion,35,3,222,918,3,2,6,TIND
0506tin2_03-11_crop_00.jpg,bg_to_strip_inclusion,36,2,218,923,1,2,6,TIND
0506tin2_03-11_crop_00.jpg,bg_to_strip_inclusion,39,2,487,929,1,2,5,TINB/TINC
0506tin2_03-11_crop_00.jpg,bg_to_strip_inclusion,40,3,222,930,3,2,6,TIND
0506tin2_03-11_crop_00.jpg,bg_to_strip_inclusion,41,18,484,933,3,17,5,TINB/TINC
0506tin2_03-11_crop_00.jpg,bg_to_strip_inclusion,42,6,494,955,1,6,5,TINB/TINC
0506tin2_03-11_crop_00.jpg,bg_to_strip_inclusion,43,12,350,968,2,9,5,TINB/TINC
0506tin2_03-11_crop_01.jpg,bg_to_strip_inclusion,1,24,230,0,5,11,5,TINB/TINC
0506tin2_03-11_crop_01.jpg,bg_to_strip_inclusion,3,53,108,58,5,33,5,TINB/TINC
0506tin2_03-11_crop_01.jpg,bg_to_strip_inclusion,4,2,120,83,1,2,5,TINB/TINC
0506tin2_03-11_crop_01.jpg,bg_to_strip_inclusion,8,2,124,93,1,2,5,TINB/TINC
0506tin2_03-11_crop_01.jpg,bg_to_strip_inclusion,9,2,125,96,1,2,5,TINB/TINC
0506tin2_03-11_crop_01.jpg,bg_to_strip_inclusion,10,2,126,99,1,2,5,TINB/TINC
0506tin2_03-11_crop_01.jpg,bg_to_strip_inclusion,11,22,213,163,4,19,5,TINB/TINC
0506tin2_03-11_crop_01.jpg,bg_to_strip_inclusion,12,8,219,162,5,4,5,TINB/TINC
0506tin2_03-11_crop_01.jpg,bg_to_strip_inclusion,13,215,229,194,13,41,5,TINB/TINC
0506tin2_03-11_crop_01.jpg,bg_to_strip_inclusion,18,5,223,247,1,5,5,TINB/TINC
0506tin2_03-11_crop_01.jpg,bg_to_strip_inclusion,19,4,237,250,3,4,5,TINB/TINC
0506tin2_03-11_crop_01.jpg,bg_to_strip_inclusion,21,2,235,258,1,2,5,TINB/TINC
0506tin2_03-11_crop_01.jpg,bg_to_strip_inclusion,22,13,229,261,6,6,5,TINB/TINC
0506tin2_03-11_crop_01.jpg,bg_to_strip_inclusion,23,12,69,370,8,4,6,TIND
0506tin2_03-11_crop_01.jpg,bg_to_strip_inclusion,24,41,70,377,10,10,6,TIND
0506tin2_03-11_crop_01.jpg,bg_to_strip_inclusion,25,2,83,398,1,2,6,TIND
0506tin2_03-14_crop_01.jpg,bg_to_strip_inclusion,1,12,370,4,2,11,6,TIND
0506tin2_03-14_crop_01.jpg,bg_to_strip_inclusion,2,7,371,26,1,7,6,TIND
0506tin2_03-14_crop_01.jpg,bg_to_strip_inclusion,3,2,361,81,2,2,6,TIND
0506tin2_03-14_crop_01.jpg,bg_to_strip_inclusion,4,19,364,81,4,12,6,TIND
0506tin2_03-14_crop_01.jpg,bg_to_strip_inclusion,6,8,1013,134,6,3,6,TIND
0506tin2_03-14_crop_01.jpg,bg_to_strip_inclusion,7,3,1020,135,2,3,6,TIND
0506tin2_03-14_crop_01.jpg,bg_to_strip_inclusion,9,2,341,238,1,2,6,TIND
0506tin2_03-14_crop_01.jpg,bg_to_strip_inclusion,10,11,337,390,2,6,5,TINB/TINC
0506tin2_03-14_crop_01.jpg,bg_to_strip_inclusion,11,8,332,426,4,6,5,TINB/TINC
0506tin2_03-14_crop_01.jpg,bg_to_strip_inclusion,13,127,332,439,7,42,5,TINB/TINC
0506tin2_03-14_crop_01.jpg,bg_to_strip_inclusion,14,11,360,480,8,7,6,TIND
0506tin2_03-14_crop_01.jpg,bg_to_strip_inclusion,16,3,372,484,1,3,6,TIND
0506tin2_03-14_crop_01.jpg,bg_to_strip_inclusion,17,26,340,486,6,13,5,TINB/TINC
0506tin2_03-14_crop_01.jpg,bg_to_strip_inclusion,18,17,359,488,8,6,6,TIND
0506tin2_03-14_crop_01.jpg,bg_to_strip_inclusion,19,2,373,488,1,2,6,TIND
0506tin2_03-14_crop_01.jpg,bg_to_strip_inclusion,20,3,371,491,2,3,6,TIND
0506tin2_03-14_crop_01.jpg,bg_to_strip_inclusion,24,8,336,520,3,8,5,TINB/TINC
0506tin2_03-14_crop_01.jpg,bg_to_strip_inclusion,25,2,335,529,1,2,5,TINB/TINC
0506tin2_03-14_crop_01.jpg,bg_to_strip_inclusion,26,14,319,530,2,10,5,TINB/TINC
0506tin2_03-14_crop_01.jpg,bg_to_strip_inclusion,28,55,326,537,7,21,5,TINB/TINC
0506tin2_03-14_crop_01.jpg,bg_to_strip_inclusion,29,13,316,560,1,13,5,TINB/TINC
0506tin2_03-14_crop_01.jpg,bg_to_strip_inclusion,30,65,324,561,8,36,5,TINB/TINC
0506tin2_03-14_crop_01.jpg,bg_to_strip_inclusion,31,2,160,565,1,2,5,TINB/TINC
0506tin2_03-14_crop_01.jpg,bg_to_strip_inclusion,32,2,160,571,1,2,5,TINB/TINC
0506tin2_03-14_crop_01.jpg,bg_to_strip_inclusion,33,22,331,598,2,15,5,TINB/TINC
0506tin2_03-14_crop_01.jpg,bg_to_strip_inclusion,34,8,330,634,1,8,5,TINB/TINC
0506tin2_03-14_crop_01.jpg,bg_to_strip_inclusion,35,3,331,644,1,3,5,TINB/TINC
0506tin2_03-14_crop_01.jpg,bg_to_strip_inclusion,37,14,327,656,5,6,5,TINB/TINC
0506tin2_03-14_crop_01.jpg,bg_to_strip_inclusion,38,2,1005,666,2,1,6,TIND
0506tin2_03-14_crop_01.jpg,bg_to_strip_inclusion,39,13,1003,670,5,9,6,TIND
0506tin2_03-14_crop_01.jpg,bg_to_strip_inclusion,40,16,481,732,4,12,6,TIND
0506tin2_03-14_crop_01.jpg,bg_to_strip_inclusion,41,3,475,744,2,3,6,TIND
0506tin2_03-14_crop_01.jpg,bg_to_strip_inclusion,42,9,469,756,4,3,6,TIND
0506tin2_03-14_crop_01.jpg,bg_to_strip_inclusion,43,13,473,761,1,13,6,TIND
0506tin2_03-14_crop_01.jpg,bg_to_strip_inclusion,44,21,466,762,6,15,6,TIND
0506tin2_03-19_crop_02.jpg,bg_to_strip_inclusion,4,10,83,37,4,5,6,TIND
0506tin2_03-21_crop_00.jpg,bg_to_strip_inclusion,1,15,753,113,5,6,5,TINB/TINC
0506tin2_03-21_crop_00.jpg,bg_to_strip_inclusion,2,2,760,152,1,2,5,TINB/TINC
0506tin2_03-21_crop_00.jpg,bg_to_strip_inclusion,3,27,760,156,3,22,5,TINB/TINC
0506tin2_03-21_crop_00.jpg,bg_to_strip_inclusion,4,2,747,177,1,2,5,TINB/TINC
0506tin2_03-21_crop_00.jpg,bg_to_strip_inclusion,8,5,742,205,1,5,5,TINB/TINC
0506tin2_03-21_crop_00.jpg,bg_to_strip_inclusion,10,99,647,227,18,30,6,TIND
0506tin2_03-21_crop_00.jpg,bg_to_strip_inclusion,11,199,737,229,12,25,5,TINB/TINC
0506tin2_03-21_crop_00.jpg,bg_to_strip_inclusion,12,225,642,320,28,29,6,TIND
0506tin2_03-21_crop_00.jpg,bg_to_strip_inclusion,15,2,565,338,2,2,6,TIND
0506tin2_03-21_crop_00.jpg,bg_to_strip_inclusion,17,14,703,505,4,4,5,TINB/TINC
0506tin2_03-21_crop_00.jpg,bg_to_strip_inclusion,18,124,690,533,12,30,5,TINB/TINC
0506tin2_03-21_crop_00.jpg,bg_to_strip_inclusion,19,90,688,561,13,24,5,TINB/TINC
0506tin2_03-21_crop_00.jpg,bg_to_strip_inclusion,21,42,678,564,8,20,6,TIND
0506tin2_03-21_crop_00.jpg,bg_to_strip_inclusion,22,28,687,597,9,9,6,TIND
0506tin2_03-21_crop_00.jpg,bg_to_strip_inclusion,24,5,672,629,1,5,5,TINB/TINC
0506tin2_03-21_crop_00.jpg,bg_to_strip_inclusion,25,79,671,631,10,20,6,TIND
0506tin2_03-21_crop_00.jpg,bg_to_strip_inclusion,29,3,670,654,2,3,6,TIND
0506tin2_03-21_crop_00.jpg,bg_to_strip_inclusion,31,6,664,703,2,5,5,TINB/TINC
0506tin2_03-21_crop_00.jpg,bg_to_strip_inclusion,32,26,515,711,7,5,6,TIND
0506tin2_03-21_crop_00.jpg,bg_to_strip_inclusion,33,25,664,711,3,19,5,TINB/TINC
0506tin2_03-21_crop_00.jpg,bg_to_strip_inclusion,34,6,584,768,3,2,6,TIND
0506tin2_03-21_crop_00.jpg,bg_to_strip_inclusion,35,24,101,921,8,10,6,TIND
0506tin2_03-21_crop_00.jpg,bg_to_strip_inclusion,36,20,97,930,8,8,6,TIND
0506tin2_03-21_crop_00.jpg,bg_to_strip_inclusion,37,5,606,947,3,5,6,TIND
0506tin2_04-01_crop_01.jpg,bg_to_strip_inclusion,1,2,818,24,2,1,6,TIND
0506tin2_04-01_crop_01.jpg,bg_to_strip_inclusion,3,3,822,178,1,3,5,TINB/TINC
0506tin2_04-01_crop_01.jpg,bg_to_strip_inclusion,4,27,816,188,2,21,5,TINB/TINC
0506tin2_04-01_crop_01.jpg,bg_to_strip_inclusion,5,4,801,249,2,3,5,TINB/TINC
0506tin2_04-01_crop_01.jpg,bg_to_strip_inclusion,6,19,807,248,8,5,5,TINB/TINC
0506tin2_04-01_crop_01.jpg,bg_to_strip_inclusion,7,30,821,250,2,20,5,TINB/TINC
0506tin2_04-01_crop_01.jpg,bg_to_strip_inclusion,9,11,802,255,8,7,5,TINB/TINC
0506tin2_04-01_crop_01.jpg,bg_to_strip_inclusion,10,83,814,272,4,48,5,TINB/TINC
0506tin2_04-01_crop_01.jpg,bg_to_strip_inclusion,11,2,822,280,1,2,5,TINB/TINC
0506tin2_04-01_crop_01.jpg,bg_to_strip_inclusion,12,2,823,292,1,2,5,TINB/TINC
0506tin2_04-01_crop_01.jpg,bg_to_strip_inclusion,13,6,824,300,1,6,5,TINB/TINC
0506tin2_04-01_crop_01.jpg,bg_to_strip_inclusion,14,7,825,307,1,7,5,TINB/TINC
0506tin2_04-01_crop_01.jpg,bg_to_strip_inclusion,15,18,813,325,3,11,5,TINB/TINC
0506tin2_04-01_crop_01.jpg,bg_to_strip_inclusion,16,23,822,332,4,14,5,TINB/TINC
0506tin2_04-01_crop_01.jpg,bg_to_strip_inclusion,17,3,815,340,1,3,5,TINB/TINC
0506tin2_04-01_crop_01.jpg,bg_to_strip_inclusion,18,2,818,349,2,1,5,TINB/TINC
0506tin2_04-01_crop_01.jpg,bg_to_strip_inclusion,19,3,110,357,3,3,5,TINB/TINC
0506tin2_04-01_crop_01.jpg,bg_to_strip_inclusion,20,2,113,365,1,2,5,TINB/TINC
0506tin2_04-01_crop_01.jpg,bg_to_strip_inclusion,21,2,112,380,1,2,5,TINB/TINC
0506tin2_04-01_crop_01.jpg,bg_to_strip_inclusion,23,4,135,692,1,4,5,TINB/TINC
0506tin2_04-01_crop_01.jpg,bg_to_strip_inclusion,24,3,134,698,1,3,5,TINB/TINC
0506tin2_04-01_crop_01.jpg,bg_to_strip_inclusion,25,2,133,704,1,2,5,TINB/TINC
0506tin2_04-01_crop_01.jpg,bg_to_strip_inclusion,26,7,118,748,1,7,5,TINB/TINC
0506tin2_04-01_crop_01.jpg,bg_to_strip_inclusion,27,20,202,787,7,9,5,TINB/TINC
0506tin2_04-01_crop_01.jpg,bg_to_strip_inclusion,29,26,206,818,4,14,5,TINB/TINC
0506tin2_04-01_crop_01.jpg,bg_to_strip_inclusion,30,16,199,826,2,12,5,TINB/TINC
0506tin2_04-01_crop_01.jpg,bg_to_strip_inclusion,31,62,207,838,7,18,5,TINB/TINC
0506tin2_04-01_crop_01.jpg,bg_to_strip_inclusion,32,31,126,849,5,9,5,TINB/TINC
0506tin2_04-01_crop_01.jpg,bg_to_strip_inclusion,33,6,129,907,2,4,5,TINB/TINC
0506tin2_04-01_crop_01.jpg,bg_to_strip_inclusion,34,52,127,923,6,14,5,TINB/TINC
0506tin2_04-01_crop_01.jpg,bg_to_strip_inclusion,35,15,150,1001,6,4,6,TIND
0506tin2_04-01_crop_01.jpg,bg_to_strip_inclusion,36,2,143,1002,2,2,6,TIND
0506tin2_04-01_crop_01.jpg,bg_to_strip_inclusion,37,2,145,1015,2,2,6,TIND
0506tin2_04-03_crop_00.jpg,bg_to_strip_inclusion,1,4,737,115,3,2,6,TIND
0506tin2_04-03_crop_00.jpg,bg_to_strip_inclusion,2,33,733,117,5,19,6,TIND
0506tin2_04-03_crop_00.jpg,bg_to_strip_inclusion,3,18,729,129,3,13,6,TIND
0506tin2_04-03_crop_00.jpg,bg_to_strip_inclusion,6,2,1016,167,1,2,6,TIND
0506tin2_04-03_crop_00.jpg,bg_to_strip_inclusion,7,12,1017,172,7,4,6,TIND
0506tin2_04-03_crop_00.jpg,bg_to_strip_inclusion,8,6,1023,213,1,6,6,TIND
0506tin2_04-03_crop_00.jpg,bg_to_strip_inclusion,9,22,421,348,7,10,6,TIND
0506tin2_04-10_crop_02.jpg,bg_to_strip_inclusion,1,67,822,67,7,13,6,TIND
0506tin2_04-10_crop_02.jpg,bg_to_strip_inclusion,2,132,771,117,10,19,5,TINB/TINC
0506tin2_04-10_crop_02.jpg,bg_to_strip_inclusion,3,7,774,143,2,4,5,TINB/TINC
0506tin2_04-10_crop_02.jpg,bg_to_strip_inclusion,4,6,237,248,5,3,6,TIND
0506tin2_04-10_crop_02.jpg,bg_to_strip_inclusion,5,7,235,256,1,7,6,TIND
0506tin2_04-10_crop_02.jpg,bg_to_strip_inclusion,7,3,241,259,1,3,6,TIND
0506tin2_04-10_crop_02.jpg,bg_to_strip_inclusion,8,6,236,263,5,3,6,TIND
0506tin2_04-10_crop_02.jpg,bg_to_strip_inclusion,9,6,11,945,6,3,6,TIND
0506tin2_04-10_crop_02.jpg,bg_to_strip_inclusion,11,7,9,949,1,7,6,TIND
0506tin2_04-10_crop_02.jpg,bg_to_strip_inclusion,12,2,13,961,2,1,6,TIND
0506tin2_04-10_crop_02.jpg,bg_to_strip_inclusion,14,2,12,1012,1,2,6,TIND
0506tin2_04-10_crop_02.jpg,bg_to_strip_inclusion,15,11,4,1015,8,4,6,TIND
0506tin2_04-20_crop_02.jpg,bg_to_strip_inclusion,1,50,759,228,9,17,6,TIND
0506tin2_04-20_crop_02.jpg,bg_to_strip_inclusion,2,15,764,243,6,8,6,TIND
0506tin2_04-20_crop_02.jpg,bg_to_strip_inclusion,4,3,940,297,3,3,6,TIND
0506tin2_04-20_crop_02.jpg,bg_to_strip_inclusion,6,3,934,303,3,3,6,TIND
0506tin2_04-20_crop_02.jpg,bg_to_strip_inclusion,8,205,633,620,10,38,5,TINB/TINC
0506tin2_04-20_crop_02.jpg,bg_to_strip_inclusion,9,140,627,666,7,26,5,TINB/TINC
0506tin2_05-01_crop_02.jpg,bg_to_strip_inclusion,1,402,966,41,10,73,5,TINB/TINC
0506tin2_05-01_crop_02.jpg,bg_to_strip_inclusion,2,41,550,159,7,7,6,TIND
0506tin2_05-01_crop_02.jpg,bg_to_strip_inclusion,3,20,552,196,5,5,6,TIND
0506tin2_05-01_crop_02.jpg,bg_to_strip_inclusion,4,51,846,201,6,11,6,TIND
0506tin2_05-01_crop_02.jpg,bg_to_strip_inclusion,5,8,510,297,4,5,6,TIND
0506tin2_05-01_crop_02.jpg,bg_to_strip_inclusion,6,6,509,310,5,2,6,TIND
0506tin2_05-01_crop_02.jpg,bg_to_strip_inclusion,8,12,475,687,4,4,6,TIND
0506tin2_05-06_crop_03.jpg,bg_to_strip_inclusion,1,2,550,105,2,2,6,TIND
0506tin2_05-06_crop_03.jpg,bg_to_strip_inclusion,2,2,559,108,1,2,6,TIND
0506tin2_05-06_crop_03.jpg,bg_to_strip_inclusion,4,2,546,113,1,2,6,TIND
0506tin2_05-06_crop_03.jpg,bg_to_strip_inclusion,5,23,265,115,5,6,6,TIND
0506tin2_05-06_crop_03.jpg,bg_to_strip_inclusion,6,5,560,114,1,5,6,TIND
0506tin2_05-06_crop_03.jpg,bg_to_strip_inclusion,7,2,545,116,1,2,6,TIND
0506tin2_05-09_crop_00.jpg,bg_to_strip_inclusion,1,11,581,41,2,7,6,TIND
0506tin2_05-09_crop_00.jpg,bg_to_strip_inclusion,3,2,585,55,2,1,6,TIND
0506tin2_05-09_crop_00.jpg,bg_to_strip_inclusion,6,2,904,414,1,2,6,TIND
0506tin2_05-09_crop_00.jpg,bg_to_strip_inclusion,7,8,905,419,3,8,6,TIND
0506tin2_05-09_crop_00.jpg,bg_to_strip_inclusion,8,5,915,420,2,5,6,TIND
0506tin2_05-09_crop_00.jpg,bg_to_strip_inclusion,9,2,912,432,2,1,6,TIND
0506tin2_05-09_crop_00.jpg,bg_to_strip_inclusion,11,80,260,557,6,17,6,TIND
0506tin2_05-09_crop_00.jpg,bg_to_strip_inclusion,13,7,75,677,1,7,6,TIND
0506tin2_05-09_crop_00.jpg,bg_to_strip_inclusion,17,2,79,692,2,1,6,TIND
0506tin2_05-09_crop_00.jpg,bg_to_strip_inclusion,18,6,139,833,3,4,6,TIND
0506tin2_05-09_crop_00.jpg,bg_to_strip_inclusion,19,24,860,834,5,6,6,TIND
0506tin2_05-09_crop_00.jpg,bg_to_strip_inclusion,20,71,844,896,8,14,6,TIND
0506tin2_05-14_crop_00.jpg,bg_to_strip_inclusion,1,42,42,22,8,10,6,TIND
0506tin2_05-14_crop_00.jpg,bg_to_strip_inclusion,5,3,93,47,2,3,6,TIND
0506tin2_05-14_crop_00.jpg,bg_to_strip_inclusion,6,5,95,57,3,5,6,TIND
0506tin2_05-14_crop_00.jpg,bg_to_strip_inclusion,7,7,111,57,2,5,6,TIND
0506tin2_05-14_crop_00.jpg,bg_to_strip_inclusion,8,2,98,64,1,2,6,TIND
0506tin2_05-14_crop_00.jpg,bg_to_strip_inclusion,10,3,107,72,3,2,6,TIND
0506tin2_05-14_crop_00.jpg,bg_to_strip_inclusion,12,41,102,126,6,8,6,TIND
0506tin2_05-14_crop_00.jpg,bg_to_strip_inclusion,14,2,46,134,1,2,6,TIND
0506tin2_05-14_crop_00.jpg,bg_to_strip_inclusion,15,8,40,138,6,5,6,TIND
0506tin2_05-14_crop_00.jpg,bg_to_strip_inclusion,17,2,921,141,1,2,6,TIND
0506tin2_05-14_crop_00.jpg,bg_to_strip_inclusion,18,22,933,141,6,11,6,TIND
0506tin2_05-14_crop_00.jpg,bg_to_strip_inclusion,19,2,920,144,1,2,6,TIND
0506tin2_05-14_crop_00.jpg,bg_to_strip_inclusion,20,8,922,151,7,4,6,TIND
0506tin2_05-14_crop_00.jpg,bg_to_strip_inclusion,21,2,933,153,2,2,6,TIND
0506tin2_05-14_crop_00.jpg,bg_to_strip_inclusion,22,2,40,164,1,2,6,TIND
0506tin2_05-14_crop_00.jpg,bg_to_strip_inclusion,29,3,680,519,3,1,6,TIND
0506tin2_05-14_crop_00.jpg,bg_to_strip_inclusion,30,9,676,545,6,5,6,TIND
0506tin2_05-14_crop_00.jpg,bg_to_strip_inclusion,33,4,876,573,4,1,6,TIND
0506tin2_05-14_crop_00.jpg,bg_to_strip_inclusion,34,41,120,574,6,9,6,TIND
0506tin2_05-14_crop_00.jpg,bg_to_strip_inclusion,36,3,870,582,1,3,6,TIND
0506tin2_05-14_crop_00.jpg,bg_to_strip_inclusion,37,3,869,587,1,3,6,TIND
0506tin2_05-14_crop_00.jpg,bg_to_strip_inclusion,38,9,840,754,3,4,6,TIND
0506tin2_05-14_crop_00.jpg,bg_to_strip_inclusion,39,6,848,799,2,4,6,TIND
0506tin2_05-14_crop_00.jpg,bg_to_strip_inclusion,40,3,843,805,1,3,6,TIND
0506tin2_05-14_crop_00.jpg,bg_to_strip_inclusion,41,5,850,810,3,5,6,TIND
0506tin2_05-14_crop_00.jpg,bg_to_strip_inclusion,42,3,844,814,3,1,6,TIND
0506tin2_05-14_crop_00.jpg,bg_to_strip_inclusion,43,4,824,837,3,3,6,TIND
0506tin2_05-14_crop_00.jpg,bg_to_strip_inclusion,44,2,837,840,1,2,6,TIND
0506tin2_05-14_crop_00.jpg,bg_to_strip_inclusion,46,2,861,938,2,2,6,TIND
0506tin2_05-14_crop_00.jpg,bg_to_strip_inclusion,51,2,846,946,1,2,6,TIND
0506tin2_05-14_crop_00.jpg,bg_to_strip_inclusion,54,6,847,953,6,4,6,TIND
0506tin2_05-14_crop_00.jpg,bg_to_strip_inclusion,57,4,822,969,4,2,6,TIND
0506tin2_05-14_crop_00.jpg,bg_to_strip_inclusion,58,2,815,972,1,2,6,TIND
0506tin2_05-14_crop_00.jpg,bg_to_strip_inclusion,59,13,821,976,9,6,6,TIND
0506tin2_05-14_crop_00.jpg,bg_to_strip_inclusion,60,2,818,980,2,1,6,TIND
0506tin2_05-18_crop_00.jpg,bg_to_strip_inclusion,1,39,391,384,7,12,6,TIND
0506tin2_05-18_crop_00.jpg,bg_to_strip_inclusion,2,2,398,397,1,2,6,TIND
0506tin2_05-18_crop_00.jpg,bg_to_strip_inclusion,3,8,386,399,2,8,6,TIND
0506tin2_05-18_crop_00.jpg,bg_to_strip_inclusion,4,22,389,400,11,13,6,TIND
0506tin2_05-18_crop_00.jpg,bg_to_strip_inclusion,6,16,395,440,5,4,6,TIND
0506tin2_05-18_crop_00.jpg,bg_to_strip_inclusion,7,7,253,767,2,7,6,TIND
0506tin2_05-18_crop_00.jpg,bg_to_strip_inclusion,8,7,247,816,2,6,6,TIND
0506tin2_05-18_crop_00.jpg,bg_to_strip_inclusion,11,12,223,821,12,7,6,TIND
0506tin2_05-18_crop_00.jpg,bg_to_strip_inclusion,14,47,233,825,9,14,6,TIND
0506tin2_05-18_crop_00.jpg,bg_to_strip_inclusion,15,27,223,831,6,8,6,TIND
0506tin2_05-18_crop_00.jpg,bg_to_strip_inclusion,16,3,232,844,3,1,6,TIND
0506tin2_05-18_crop_01.jpg,bg_to_strip_inclusion,1,28,822,319,8,5,6,TIND
0506tin2_05-18_crop_01.jpg,bg_to_strip_inclusion,2,5,773,673,5,3,6,TIND
0506tin2_05-18_crop_01.jpg,bg_to_strip_inclusion,3,2,777,680,1,2,6,TIND
0506tin2_05-18_crop_01.jpg,bg_to_strip_inclusion,4,2,766,688,1,2,6,TIND
0506tin2_05-18_crop_01.jpg,bg_to_strip_inclusion,5,10,774,690,3,6,6,TIND
0506tin2_05-18_crop_01.jpg,bg_to_strip_inclusion,6,3,765,693,1,3,6,TIND
0506tin2_05-18_crop_01.jpg,bg_to_strip_inclusion,7,6,764,697,2,6,6,TIND
0506tin2_05-18_crop_01.jpg,bg_to_strip_inclusion,9,3,769,705,3,1,6,TIND
0506tin2_05-18_crop_01.jpg,bg_to_strip_inclusion,10,2,771,753,1,2,6,TIND
0506tin2_05-18_crop_01.jpg,bg_to_strip_inclusion,11,5,764,756,1,5,6,TIND
0506tin2_05-18_crop_01.jpg,bg_to_strip_inclusion,15,4,797,873,4,3,6,TIND
0506tin2_05-18_crop_01.jpg,bg_to_strip_inclusion,16,2,801,877,1,2,6,TIND
0506tin2_05-18_crop_01.jpg,bg_to_strip_inclusion,17,14,791,893,6,5,6,TIND
0506tin2_05-18_crop_01.jpg,bg_to_strip_inclusion,19,2,800,901,2,2,6,TIND
0506tin2_05-18_crop_01.jpg,bg_to_strip_inclusion,23,3,802,916,3,2,6,TIND
0506tin2_05-19_crop_00.jpg,bg_to_strip_inclusion,1,7,700,8,1,7,5,TINB/TINC
0506tin2_05-19_crop_00.jpg,bg_to_strip_inclusion,3,19,700,17,5,6,5,TINB/TINC
0506tin2_05-19_crop_00.jpg,bg_to_strip_inclusion,6,5,999,145,3,4,6,TIND
0506tin2_05-19_crop_00.jpg,bg_to_strip_inclusion,9,15,566,180,6,6,6,TIND
0506tin2_05-19_crop_00.jpg,bg_to_strip_inclusion,10,2,366,959,2,2,6,TIND
0506tin2_05-19_crop_00.jpg,bg_to_strip_inclusion,11,5,365,962,1,5,6,TIND
0506tin2_05-19_crop_00.jpg,bg_to_strip_inclusion,12,3,368,969,3,1,6,TIND
0506tin2_05-19_crop_01.jpg,bg_to_strip_inclusion,1,66,633,327,6,26,5,TINB/TINC
0506tin2_05-19_crop_01.jpg,bg_to_strip_inclusion,3,3,636,360,3,2,5,TINB/TINC
0506tin2_05-19_crop_01.jpg,bg_to_strip_inclusion,5,62,618,484,4,32,5,TINB/TINC
0506tin2_05-19_crop_01.jpg,bg_to_strip_inclusion,6,69,606,508,9,40,5,TINB/TINC
0506tin2_05-19_crop_01.jpg,bg_to_strip_inclusion,7,2,617,533,1,2,5,TINB/TINC
0506tin2_05-19_crop_01.jpg,bg_to_strip_inclusion,8,2,616,536,1,2,5,TINB/TINC
0506tin2_05-19_crop_01.jpg,bg_to_strip_inclusion,10,293,605,554,10,84,5,TINB/TINC
0506tin2_05-19_crop_01.jpg,bg_to_strip_inclusion,11,24,608,642,3,12,5,TINB/TINC
0506tin2_05-19_crop_01.jpg,bg_to_strip_inclusion,12,70,618,681,9,38,5,TINB/TINC
0506tin2_05-19_crop_01.jpg,bg_to_strip_inclusion,13,21,621,714,3,20,5,TINB/TINC
0506tin2_05-19_crop_01.jpg,bg_to_strip_inclusion,14,2,627,722,1,2,5,TINB/TINC
0506tin2_05-19_crop_01.jpg,bg_to_strip_inclusion,16,69,626,736,4,48,5,TINB/TINC
0506tin2_05-19_crop_01.jpg,bg_to_strip_inclusion,17,70,618,738,6,35,5,TINB/TINC
0506tin2_05-19_crop_01.jpg,bg_to_strip_inclusion,19,2,625,785,1,2,5,TINB/TINC
0506tin2_05-19_crop_01.jpg,bg_to_strip_inclusion,20,124,598,787,20,25,5,TINB/TINC
0506tin2_05-19_crop_01.jpg,bg_to_strip_inclusion,25,2,619,805,1,2,5,TINB/TINC
0506tin2_05-19_crop_01.jpg,bg_to_strip_inclusion,26,2,599,815,2,2,5,TINB/TINC
0506tin2_05-19_crop_01.jpg,bg_to_strip_inclusion,27,28,606,819,8,16,5,TINB/TINC
0506tin2_05-19_crop_01.jpg,bg_to_strip_inclusion,28,20,616,832,5,14,5,TINB/TINC
0506tin2_06-06_crop_00.jpg,bg_to_strip_inclusion,1,13,487,24,8,10,6,TIND
0506tin2_06-06_crop_00.jpg,bg_to_strip_inclusion,5,9,43,344,5,5,6,TIND
0506tin2_06-06_crop_00.jpg,bg_to_strip_inclusion,8,2,44,383,1,2,6,TIND
0506tin2_06-06_crop_00.jpg,bg_to_strip_inclusion,9,5,45,390,1,5,6,TIND
0506tin2_06-06_crop_00.jpg,bg_to_strip_inclusion,10,3,54,398,1,3,6,TIND
0506tin2_06-06_crop_00.jpg,bg_to_strip_inclusion,11,3,49,403,3,1,6,TIND
0506tin2_06-06_crop_00.jpg,bg_to_strip_inclusion,14,74,878,515,5,17,6,TIND
0506tin2_06-06_crop_00.jpg,bg_to_strip_inclusion,17,4,1003,839,1,4,6,TIND
0506tin2_06-06_crop_00.jpg,bg_to_strip_inclusion,20,32,1006,937,10,12,5,TINB/TINC
0506tin2_06-06_crop_00.jpg,bg_to_strip_inclusion,21,226,1006,953,10,38,5,TINB/TINC
0506tin2_06-06_crop_00.jpg,bg_to_strip_inclusion,23,5,1008,993,1,5,5,TINB/TINC
0506tin2_06-06_crop_00.jpg,bg_to_strip_inclusion,24,24,1009,999,7,6,5,TINB/TINC
0506tin2_06-08_crop_00.jpg,bg_to_strip_inclusion,1,8,367,221,7,4,6,TIND
0506tin2_06-08_crop_00.jpg,bg_to_strip_inclusion,2,3,366,227,1,3,6,TIND
0506tin2_06-08_crop_00.jpg,bg_to_strip_inclusion,3,2,376,229,1,2,6,TIND
0506tin2_06-08_crop_00.jpg,bg_to_strip_inclusion,4,7,368,237,5,3,6,TIND
0506tin2_06-08_crop_00.jpg,bg_to_strip_inclusion,7,2,362,259,1,2,6,TIND
0506tin2_06-08_crop_00.jpg,bg_to_strip_inclusion,9,2,366,264,2,2,6,TIND
0506tin2_06-08_crop_00.jpg,bg_to_strip_inclusion,10,228,994,315,10,48,5,TINB/TINC
0506tin2_06-08_crop_00.jpg,bg_to_strip_inclusion,11,7,983,378,7,3,6,TIND
0506tin2_06-08_crop_00.jpg,bg_to_strip_inclusion,12,5,982,385,5,3,6,TIND
0506tin2_06-08_crop_00.jpg,bg_to_strip_inclusion,14,2,881,447,2,1,6,TIND
0506tin2_06-08_crop_00.jpg,bg_to_strip_inclusion,15,7,883,451,3,7,6,TIND
0506tin2_06-08_crop_00.jpg,bg_to_strip_inclusion,16,8,878,457,1,8,6,TIND
0506tin2_06-08_crop_00.jpg,bg_to_strip_inclusion,17,3,878,475,2,3,6,TIND
0506tin2_06-08_crop_00.jpg,bg_to_strip_inclusion,18,3,878,603,2,3,6,TIND
0506tin2_06-08_crop_00.jpg,bg_to_strip_inclusion,19,2,881,602,2,1,6,TIND
0506tin2_06-08_crop_00.jpg,bg_to_strip_inclusion,20,5,884,603,5,5,6,TIND
0506tin2_06-08_crop_00.jpg,bg_to_strip_inclusion,21,63,878,610,21,13,6,TIND
0506tin2_06-08_crop_00.jpg,bg_to_strip_inclusion,22,2,899,623,1,2,6,TIND
0506tin2_06-08_crop_00.jpg,bg_to_strip_inclusion,23,7,899,626,2,5,6,TIND
0506tin2_06-08_crop_00.jpg,bg_to_strip_inclusion,24,47,886,630,8,9,6,TIND
0506tin2_06-08_crop_00.jpg,bg_to_strip_inclusion,25,2,879,633,1,2,6,TIND
0506tin2_06-13_crop_02.jpg,bg_to_strip_inclusion,1,2,815,64,1,2,6,TIND
0506tin2_06-13_crop_02.jpg,bg_to_strip_inclusion,2,10,811,77,3,4,6,TIND
0506tin2_06-13_crop_02.jpg,bg_to_strip_inclusion,3,2,302,734,1,2,6,TIND
0506tin2_06-13_crop_02.jpg,bg_to_strip_inclusion,7,2,255,982,2,1,6,TIND
0506tin2_06-13_crop_02.jpg,bg_to_strip_inclusion,8,3,253,990,1,3,6,TIND
0506tin2_06-13_crop_02.jpg,bg_to_strip_inclusion,9,2,260,997,2,2,6,TIND
0506tin2_06-18_crop_00.jpg,bg_to_strip_inclusion,2,6,997,608,5,6,6,TIND
0506tin2_06-18_crop_00.jpg,bg_to_strip_inclusion,3,16,998,623,10,7,6,TIND
0506tin2_06-18_crop_00.jpg,bg_to_strip_inclusion,4,2,1014,629,2,2,6,TIND
0506tin2_06-19_crop_00.jpg,bg_to_strip_inclusion,2,5,874,38,1,5,6,TIND
0506tin2_06-19_crop_00.jpg,bg_to_strip_inclusion,4,2,882,151,2,1,6,TIND
0506tin2_06-19_crop_00.jpg,bg_to_strip_inclusion,6,11,891,352,5,6,6,TIND
0506tin2_06-19_crop_00.jpg,bg_to_strip_inclusion,7,2,896,359,1,2,6,TIND
0506tin2_06-19_crop_00.jpg,bg_to_strip_inclusion,8,5,868,367,1,5,6,TIND
0506tin2_06-19_crop_00.jpg,bg_to_strip_inclusion,9,3,861,529,3,2,6,TIND
0506tin2_06-19_crop_00.jpg,bg_to_strip_inclusion,10,2,858,534,1,2,6,TIND
0506tin2_06-19_crop_00.jpg,bg_to_strip_inclusion,11,2,863,536,1,2,6,TIND
0506tin2_06-19_crop_00.jpg,bg_to_strip_inclusion,12,19,857,542,6,7,6,TIND
0506tin2_06-19_crop_00.jpg,bg_to_strip_inclusion,15,7,855,579,5,5,6,TIND
0506tin2_06-19_crop_00.jpg,bg_to_strip_inclusion,17,3,861,781,1,3,6,TIND
0506tin2_06-19_crop_00.jpg,bg_to_strip_inclusion,18,3,855,782,1,3,6,TIND
0506tin2_06-19_crop_00.jpg,bg_to_strip_inclusion,19,2,860,789,2,2,6,TIND
0506tin2_06-19_crop_00.jpg,bg_to_strip_inclusion,20,173,871,981,9,37,5,TINB/TINC
0506tin2_07-05_crop_02.jpg,bg_to_strip_inclusion,1,79,983,61,9,32,5,TINB/TINC
0506tin2_07-05_crop_02.jpg,bg_to_strip_inclusion,2,2,1004,91,1,2,5,TINB/TINC
0506tin2_07-05_crop_02.jpg,bg_to_strip_inclusion,4,89,985,105,5,39,5,TINB/TINC
0506tin2_07-05_crop_02.jpg,bg_to_strip_inclusion,5,52,997,108,5,25,5,TINB/TINC
0506tin2_07-05_crop_02.jpg,bg_to_strip_inclusion,6,8,989,141,6,7,5,TINB/TINC
0506tin2_07-05_crop_02.jpg,bg_to_strip_inclusion,7,2,985,244,1,2,5,TINB/TINC
0506tin2_07-05_crop_02.jpg,bg_to_strip_inclusion,8,4,990,268,1,4,5,TINB/TINC
0506tin2_07-05_crop_02.jpg,bg_to_strip_inclusion,9,6,976,273,3,6,5,TINB/TINC
0506tin2_07-05_crop_02.jpg,bg_to_strip_inclusion,12,17,659,483,3,7,6,TIND
0506tin2_07-05_crop_02.jpg,bg_to_strip_inclusion,13,3,636,1002,2,2,6,TIND
0506tin2_07-05_crop_02.jpg,bg_to_strip_inclusion,14,17,635,1011,7,7,6,TIND
0506tin2_07-09_crop_00.jpg,bg_to_strip_inclusion,2,6,819,62,1,6,6,TIND
0506tin2_07-09_crop_00.jpg,bg_to_strip_inclusion,5,27,504,398,7,12,6,TIND
0506tin2_07-09_crop_00.jpg,bg_to_strip_inclusion,6,2,492,941,2,2,6,TIND
0506tin2_07-09_crop_00.jpg,bg_to_strip_inclusion,7,2,486,942,2,2,6,TIND
0506tin2_07-11_crop_01.jpg,bg_to_strip_inclusion,1,3,752,261,1,3,6,TIND
0506tin2_07-11_crop_01.jpg,bg_to_strip_inclusion,6,4,716,631,1,4,6,TIND
0506tin2_07-11_crop_01.jpg,bg_to_strip_inclusion,7,3,716,637,2,3,6,TIND
0506tin2_07-11_crop_01.jpg,bg_to_strip_inclusion,8,6,720,831,6,3,6,TIND
0506tin2_07-11_crop_01.jpg,bg_to_strip_inclusion,10,5,718,838,1,5,6,TIND
0506tin2_07-11_crop_01.jpg,bg_to_strip_inclusion,11,3,717,844,1,3,6,TIND
0506tin2_07-11_crop_01.jpg,bg_to_strip_inclusion,12,7,726,868,5,4,6,TIND
0506tin2_07-11_crop_01.jpg,bg_to_strip_inclusion,13,14,729,882,4,7,5,TINB/TINC
0506tin2_07-16_crop_01.jpg,bg_to_strip_inclusion,1,8,421,615,4,7,6,TIND
0506tin2_07-16_crop_01.jpg,bg_to_strip_inclusion,2,8,414,644,2,8,6,TIND
0506tin2_07-16_crop_01.jpg,bg_to_strip_inclusion,3,2,412,656,2,2,6,TIND
0506tin2_07-16_crop_01.jpg,bg_to_strip_inclusion,6,5,395,913,3,3,6,TIND
0506tin2_07-16_crop_01.jpg,bg_to_strip_inclusion,7,2,394,928,2,1,6,TIND
0506tin2_08-08_crop_02.jpg,bg_to_strip_inclusion,1,24,439,192,3,9,5,TINB/TINC
0506tin2_08-11_crop_01.jpg,bg_to_strip_inclusion,1,538,570,978,17,46,5,TINB/TINC
0506tin2_08-12_crop_00.jpg,bg_to_strip_inclusion,1,14,952,218,6,7,5,TINB/TINC
0506tin2_08-12_crop_00.jpg,bg_to_strip_inclusion,2,3,950,226,1,3,5,TINB/TINC
0506tin2_08-12_crop_00.jpg,bg_to_strip_inclusion,3,11,253,345,4,8,5,TINB/TINC
0506tin2_08-12_crop_00.jpg,bg_to_strip_inclusion,4,2,480,360,2,1,6,TIND
0506tin2_08-12_crop_00.jpg,bg_to_strip_inclusion,5,52,256,365,8,19,5,TINB/TINC
0506tin2_08-12_crop_00.jpg,bg_to_strip_inclusion,6,5,252,401,1,5,5,TINB/TINC
0506tin2_08-12_crop_00.jpg,bg_to_strip_inclusion,7,8,259,410,1,8,5,TINB/TINC
0506tin2_08-12_crop_00.jpg,bg_to_strip_inclusion,8,10,259,423,2,9,5,TINB/TINC
0506tin2_08-12_crop_00.jpg,bg_to_strip_inclusion,9,7,258,433,3,5,5,TINB/TINC
0506tin2_08-12_crop_00.jpg,bg_to_strip_inclusion,10,12,252,540,1,12,5,TINB/TINC
0506tin2_08-12_crop_00.jpg,bg_to_strip_inclusion,11,151,714,541,10,25,6,TIND
0506tin2_08-12_crop_00.jpg,bg_to_strip_inclusion,12,7,258,544,1,7,5,TINB/TINC
0506tin2_08-12_crop_00.jpg,bg_to_strip_inclusion,13,4,252,563,1,4,5,TINB/TINC
0506tin2_08-12_crop_00.jpg,bg_to_strip_inclusion,14,38,256,569,3,24,5,TINB/TINC
0506tin2_08-15_crop_00.jpg,bg_to_strip_inclusion,1,22,987,161,3,11,6,TIND
0506tin2_08-15_crop_00.jpg,bg_to_strip_inclusion,4,30,230,418,4,13,5,TINB/TINC
0506tin2_08-15_crop_00.jpg,bg_to_strip_inclusion,5,4,233,436,1,4,5,TINB/TINC
0506tin2_08-15_crop_00.jpg,bg_to_strip_inclusion,8,5,883,510,1,5,6,TIND
0506tin2_08-15_crop_00.jpg,bg_to_strip_inclusion,10,22,860,539,1,22,5,TINB/TINC
0506tin2_08-15_crop_00.jpg,bg_to_strip_inclusion,11,3,855,575,1,3,5,TINB/TINC
0506tin2_08-15_crop_00.jpg,bg_to_strip_inclusion,12,37,857,581,5,11,5,TINB/TINC
0506tin2_08-17_crop_02.jpg,bg_to_strip_inclusion,1,11,72,0,6,3,5,TINB/TINC
0506tin2_08-17_crop_02.jpg,bg_to_strip_inclusion,2,79,56,203,6,45,5,TINB/TINC
0506tin2_08-17_crop_02.jpg,bg_to_strip_inclusion,3,6,49,239,1,6,5,TINB/TINC
0506tin2_08-17_crop_02.jpg,bg_to_strip_inclusion,4,7,57,259,5,4,5,TINB/TINC
0506tin2_09-11_crop_00.jpg,bg_to_strip_inclusion,1,4,153,177,2,3,6,TIND
0506tin2_09-11_crop_00.jpg,bg_to_strip_inclusion,2,47,727,201,7,9,5,TINB/TINC
0506tin2_09-11_crop_00.jpg,bg_to_strip_inclusion,3,75,736,229,5,25,5,TINB/TINC
0506tin2_09-11_crop_00.jpg,bg_to_strip_inclusion,4,4,990,248,2,4,6,TIND
0506tin2_09-11_crop_00.jpg,bg_to_strip_inclusion,5,13,138,327,4,6,6,TIND
0506tin2_09-11_crop_00.jpg,bg_to_strip_inclusion,6,4,123,340,3,4,6,TIND
0506tin2_09-11_crop_00.jpg,bg_to_strip_inclusion,7,5,990,376,2,3,6,TIND
0506tin2_09-13_crop_01.jpg,bg_to_strip_inclusion,1,34,291,823,6,8,6,TIND
0506tin2_09-13_crop_01.jpg,bg_to_strip_inclusion,2,79,329,939,9,12,6,TIND
0506tin2_09-13_crop_01.jpg,bg_to_D,1,72,43,673,9,11,4,D
0506tin2_09-14_crop_00.jpg,bg_to_strip_inclusion,1,7,59,116,3,3,6,TIND
0506tin2_09-14_crop_00.jpg,bg_to_strip_inclusion,2,59,32,655,7,10,6,TIND
0506tin2_09-14_crop_00.jpg,bg_to_strip_inclusion,3,2,750,771,1,2,6,TIND
0506tin2_10-01_crop_00.jpg,bg_to_strip_inclusion,1,7,536,3,6,3,6,TIND
0506tin2_10-01_crop_00.jpg,bg_to_strip_inclusion,2,5,713,9,3,4,6,TIND
0506tin2_10-01_crop_00.jpg,bg_to_strip_inclusion,3,2,721,9,2,2,6,TIND
0506tin2_10-01_crop_00.jpg,bg_to_strip_inclusion,4,12,528,10,2,12,6,TIND
0506tin2_10-01_crop_00.jpg,bg_to_strip_inclusion,5,4,539,19,2,3,6,TIND
0506tin2_10-01_crop_00.jpg,bg_to_strip_inclusion,8,16,712,24,8,5,6,TIND
0506tin2_10-01_crop_00.jpg,bg_to_strip_inclusion,9,2,103,26,1,2,6,TIND
0506tin2_10-01_crop_00.jpg,bg_to_strip_inclusion,11,6,544,521,6,1,6,TIND
0506tin2_10-01_crop_00.jpg,bg_to_strip_inclusion,12,2,495,578,2,2,6,TIND
0506tin2_10-01_crop_00.jpg,bg_to_strip_inclusion,14,15,495,590,11,4,6,TIND
0506tin2_10-01_crop_00.jpg,bg_to_strip_inclusion,15,3,503,608,3,2,6,TIND
0506tin2_10-01_crop_00.jpg,bg_to_strip_inclusion,16,6,502,622,4,5,6,TIND
0506tin2_10-01_crop_00.jpg,bg_to_strip_inclusion,17,3,497,624,3,3,6,TIND
0506tin2_10-01_crop_00.jpg,bg_to_strip_inclusion,18,9,490,643,6,4,6,TIND
0506tin2_10-01_crop_00.jpg,bg_to_strip_inclusion,19,7,485,651,3,7,6,TIND
0506tin2_10-01_crop_00.jpg,bg_to_strip_inclusion,21,7,888,665,1,7,6,TIND
0506tin2_10-01_crop_00.jpg,bg_to_strip_inclusion,24,4,892,676,4,1,6,TIND
0506tin2_10-01_crop_00.jpg,bg_to_strip_inclusion,29,2,885,830,1,2,6,TIND
0506tin2_10-01_crop_00.jpg,bg_to_strip_inclusion,32,20,877,838,9,5,5,TINB/TINC
0506tin2_10-01_crop_00.jpg,bg_to_strip_inclusion,33,27,93,849,9,7,6,TIND
0506tin2_10-01_crop_00.jpg,bg_to_strip_inclusion,35,2,95,866,2,1,6,TIND
0506tin2_10-01_crop_00.jpg,bg_to_strip_inclusion,36,36,871,888,7,9,5,TINB/TINC
0506tin2_10-01_crop_00.jpg,bg_to_strip_inclusion,39,15,867,908,7,5,5,TINB/TINC
0506tin2_10-01_crop_00.jpg,bg_to_strip_inclusion,41,6,487,928,6,3,6,TIND
0506tin2_10-01_crop_00.jpg,bg_to_strip_inclusion,42,16,485,944,8,4,6,TIND
0506tin2_10-07_crop_01.jpg,bg_to_strip_inclusion,5,2,337,228,2,1,6,TIND
0506tin2_10-07_crop_01.jpg,bg_to_strip_inclusion,7,2,334,238,1,2,6,TIND
0506tin2_10-07_crop_01.jpg,bg_to_strip_inclusion,9,38,345,243,10,8,6,TIND
0506tin2_10-07_crop_01.jpg,bg_to_strip_inclusion,11,3,333,251,2,2,6,TIND
0506tin2_10-07_crop_01.jpg,bg_to_strip_inclusion,12,2,82,456,1,2,6,TIND
0506tin2_10-07_crop_01.jpg,bg_to_strip_inclusion,13,4,792,634,1,4,6,TIND
0506tin2_10-07_crop_01.jpg,bg_to_strip_inclusion,15,20,783,654,5,8,6,TIND
0506tin2_10-07_crop_01.jpg,bg_to_strip_inclusion,16,2,783,669,2,1,6,TIND
0506tin2_10-07_crop_01.jpg,bg_to_strip_inclusion,17,3,786,668,3,2,6,TIND
0506tin2_10-08_crop_01.jpg,bg_to_strip_inclusion,1,5,339,357,5,3,6,TIND
0506tin2_10-08_crop_01.jpg,bg_to_strip_inclusion,2,5,339,366,4,5,6,TIND
0506tin2_10-08_crop_01.jpg,bg_to_strip_inclusion,5,4,734,462,4,2,6,TIND
0506tin2_10-08_crop_01.jpg,bg_to_strip_inclusion,6,4,739,467,2,3,6,TIND
0506tin2_10-08_crop_01.jpg,bg_to_strip_inclusion,7,6,733,470,3,4,6,TIND
0506tin2_10-08_crop_01.jpg,bg_to_strip_inclusion,8,7,744,481,1,7,6,TIND
0506tin2_10-08_crop_01.jpg,bg_to_strip_inclusion,10,3,782,483,1,3,6,TIND
0506tin2_10-08_crop_01.jpg,bg_to_strip_inclusion,12,6,777,487,5,4,6,TIND
0506tin2_10-08_crop_01.jpg,bg_to_strip_inclusion,13,39,762,523,10,7,6,TIND
0506tin2_10-08_crop_01.jpg,bg_to_strip_inclusion,14,434,722,620,17,63,5,TINB/TINC
0506tin2_10-08_crop_01.jpg,bg_to_strip_inclusion,15,3,678,705,3,1,6,TIND
0506tin2_10-08_crop_01.jpg,bg_to_strip_inclusion,19,3,680,715,3,1,6,TIND
0506tin2_10-08_crop_01.jpg,bg_to_strip_inclusion,20,6,76,893,2,6,6,TIND
0506tin2_10-08_crop_01.jpg,bg_to_strip_inclusion,21,14,68,895,5,9,6,TIND
0506tin2_10-08_crop_01.jpg,bg_to_strip_inclusion,22,2,70,908,2,2,6,TIND
0506tin2_10-08_crop_01.jpg,bg_to_strip_inclusion,23,2,64,910,1,2,6,TIND
0506tin2_10-08_crop_01.jpg,bg_to_strip_inclusion,24,16,42,991,6,10,6,TIND
0506tin2_10-10_crop_03.jpg,bg_to_strip_inclusion,2,5,609,201,2,5,6,TIND
0506tin2_10-10_crop_03.jpg,bg_to_strip_inclusion,3,22,176,562,10,9,6,TIND
0506tin2_10-10_crop_03.jpg,bg_to_strip_inclusion,4,2,180,574,2,1,6,TIND
0506tin2_10-10_crop_03.jpg,bg_to_strip_inclusion,5,2,414,778,1,2,6,TIND
0506tin2_10-10_crop_03.jpg,bg_to_strip_inclusion,6,2,415,781,1,2,6,TIND
0506tin2_10-14_crop_01.jpg,bg_to_strip_inclusion,1,41,702,179,7,7,6,TIND
0506tin2_10-14_crop_01.jpg,bg_to_strip_inclusion,2,3,682,458,1,3,6,TIND
0506tin2_10-14_crop_01.jpg,bg_to_strip_inclusion,3,4,688,460,1,4,6,TIND
0506tin2_10-14_crop_01.jpg,bg_to_strip_inclusion,6,2,685,469,2,2,6,TIND
0506tin2_10-14_crop_01.jpg,bg_to_strip_inclusion,7,17,535,475,6,11,5,TINB/TINC
0506tin2_10-14_crop_01.jpg,bg_to_strip_inclusion,8,41,530,479,5,31,5,TINB/TINC
0506tin2_10-14_crop_01.jpg,bg_to_strip_inclusion,9,50,540,487,5,19,5,TINB/TINC
0506tin2_10-14_crop_01.jpg,bg_to_strip_inclusion,10,56,528,513,4,40,5,TINB/TINC
0506tin2_10-14_crop_01.jpg,bg_to_strip_inclusion,11,35,537,512,6,20,5,TINB/TINC
0506tin2_10-14_crop_01.jpg,bg_to_strip_inclusion,12,4,537,535,1,4,5,TINB/TINC
0506tin2_10-14_crop_01.jpg,bg_to_strip_inclusion,13,3,536,542,1,3,5,TINB/TINC
0506tin2_10-14_crop_01.jpg,bg_to_strip_inclusion,14,10,527,555,1,10,5,TINB/TINC
0506tin2_10-14_crop_02.jpg,bg_to_strip_inclusion,1,3,468,185,1,3,6,TIND
0506tin2_10-14_crop_02.jpg,bg_to_strip_inclusion,2,115,266,972,13,13,6,TIND
0506tin2_10-16_crop_01.jpg,bg_to_strip_inclusion,1,4,142,10,1,4,6,TIND
0506tin2_10-16_crop_01.jpg,bg_to_strip_inclusion,2,11,143,18,1,11,6,TIND
0506tin2_10-16_crop_01.jpg,bg_to_strip_inclusion,3,24,142,56,5,6,6,TIND
0506tin2_10-16_crop_01.jpg,bg_to_strip_inclusion,4,3,82,463,3,3,6,TIND
0506tin2_10-16_crop_01.jpg,bg_to_strip_inclusion,5,7,31,756,1,7,5,TINB/TINC
0506tin2_10-16_crop_01.jpg,bg_to_strip_inclusion,7,2,32,764,1,2,5,TINB/TINC
0506tin2_10-16_crop_01.jpg,bg_to_strip_inclusion,8,11,14,767,7,9,5,TINB/TINC
0506tin2_10-16_crop_01.jpg,bg_to_strip_inclusion,10,2,34,770,1,2,5,TINB/TINC
0506tin2_10-16_crop_01.jpg,bg_to_strip_inclusion,11,35,28,775,7,12,5,TINB/TINC
0506tin2_10-16_crop_01.jpg,bg_to_strip_inclusion,13,5,20,783,4,3,5,TINB/TINC
0506tin2_10-16_crop_01.jpg,bg_to_strip_inclusion,14,42,21,916,3,25,5,TINB/TINC
0506tin2_10-16_crop_01.jpg,bg_to_strip_inclusion,15,6,16,936,1,6,5,TINB/TINC
0506tin2_10-16_crop_01.jpg,bg_to_strip_inclusion,16,21,14,947,2,16,5,TINB/TINC
0506tin2_10-16_crop_01.jpg,bg_to_strip_inclusion,17,19,13,975,2,17,5,TINB/TINC
0506tin2_10-16_crop_01.jpg,bg_to_strip_inclusion,18,13,20,980,1,13,5,TINB/TINC
0506tin2_10-21_crop_02.jpg,bg_to_strip_inclusion,1,41,240,228,5,10,6,TIND
0506tin2_10-21_crop_02.jpg,bg_to_strip_inclusion,2,2,662,480,2,1,6,TIND
0506tin2_10-21_crop_02.jpg,bg_to_strip_inclusion,3,2,664,487,1,2,6,TIND
0506tin2_10-21_crop_02.jpg,bg_to_strip_inclusion,5,6,656,492,1,6,6,TIND
0506tin2_10-21_crop_02.jpg,bg_to_strip_inclusion,8,37,233,524,5,10,6,TIND
0506tin2_10-21_crop_02.jpg,bg_to_strip_inclusion,9,10,646,612,6,4,6,TIND
0506tin2_10-21_crop_02.jpg,bg_to_strip_inclusion,12,9,647,627,6,2,6,TIND
0506tin2_10-21_crop_02.jpg,bg_to_strip_inclusion,13,7,707,700,3,5,5,TINB/TINC
0506tin2_10-21_crop_02.jpg,bg_to_strip_inclusion,14,74,703,707,6,41,5,TINB/TINC
0506tin2_10-21_crop_02.jpg,bg_to_strip_inclusion,15,11,713,725,2,11,5,TINB/TINC
0506tin2_10-21_crop_02.jpg,bg_to_strip_inclusion,16,51,709,740,4,32,5,TINB/TINC
0506tin2_10-21_crop_02.jpg,bg_to_strip_inclusion,17,34,698,779,7,28,5,TINB/TINC
0506tin2_10-21_crop_02.jpg,bg_to_strip_inclusion,18,3,700,824,1,3,5,TINB/TINC
0506tin2_10-21_crop_02.jpg,bg_to_strip_inclusion,19,29,689,829,11,19,5,TINB/TINC
0506tin2_10-21_crop_02.jpg,bg_to_strip_inclusion,21,107,674,849,15,47,5,TINB/TINC
0506tin2_11-03_crop_01.jpg,bg_to_strip_inclusion,2,27,699,35,3,15,5,TINB/TINC
0506tin2_11-03_crop_01.jpg,bg_to_strip_inclusion,3,3,702,54,1,3,5,TINB/TINC
0506tin2_11-03_crop_01.jpg,bg_to_strip_inclusion,5,5,706,89,1,5,5,TINB/TINC
0506tin2_11-03_crop_01.jpg,bg_to_strip_inclusion,6,4,700,93,1,4,5,TINB/TINC
0506tin2_11-03_crop_01.jpg,bg_to_strip_inclusion,7,109,707,95,12,29,5,TINB/TINC
0506tin2_11-03_crop_01.jpg,bg_to_strip_inclusion,8,2,60,130,1,2,6,TIND
0506tin2_11-03_crop_01.jpg,bg_to_strip_inclusion,9,4,49,153,3,3,6,TIND
0506tin2_11-03_crop_01.jpg,bg_to_strip_inclusion,10,5,879,228,5,2,6,TIND
0506tin2_11-03_crop_01.jpg,bg_to_strip_inclusion,11,3,878,231,1,3,6,TIND
0506tin2_11-03_crop_01.jpg,bg_to_strip_inclusion,12,8,879,244,4,3,6,TIND
0506tin2_11-03_crop_01.jpg,bg_to_strip_inclusion,13,24,702,316,4,9,5,TINB/TINC
0506tin2_11-03_crop_01.jpg,bg_to_strip_inclusion,14,234,984,365,7,75,5,TINB/TINC
0506tin2_11-03_crop_01.jpg,bg_to_strip_inclusion,15,40,987,449,4,17,5,TINB/TINC
0506tin2_11-03_crop_01.jpg,bg_to_strip_inclusion,17,24,979,564,4,12,6,TIND
0506tin2_11-03_crop_01.jpg,bg_to_strip_inclusion,18,11,988,567,1,11,6,TIND
0506tin2_11-03_crop_01.jpg,bg_to_strip_inclusion,19,7,965,571,3,7,6,TIND
0506tin2_11-03_crop_01.jpg,bg_to_strip_inclusion,20,16,971,570,5,6,6,TIND
0506tin2_11-03_crop_01.jpg,bg_to_strip_inclusion,21,6,825,708,1,6,5,TINB/TINC
0506tin2_11-03_crop_01.jpg,bg_to_strip_inclusion,22,6,832,708,1,6,5,TINB/TINC
0506tin2_11-03_crop_01.jpg,bg_to_strip_inclusion,23,22,824,740,3,16,5,TINB/TINC
0506tin2_11-03_crop_01.jpg,bg_to_strip_inclusion,24,9,630,760,7,3,6,TIND
0506tin2_11-03_crop_01.jpg,bg_to_strip_inclusion,25,2,824,779,1,2,5,TINB/TINC
0506tin2_11-03_crop_01.jpg,bg_to_strip_inclusion,26,2,825,782,1,2,5,TINB/TINC
0506tin2_11-03_crop_01.jpg,bg_to_strip_inclusion,27,2,826,787,1,2,5,TINB/TINC
0506tin2_11-03_crop_01.jpg,bg_to_strip_inclusion,28,7,827,792,1,7,5,TINB/TINC
0506tin2_11-03_crop_01.jpg,bg_to_strip_inclusion,29,2,826,806,1,2,5,TINB/TINC
0506tin2_11-03_crop_01.jpg,bg_to_strip_inclusion,30,3,825,812,1,3,5,TINB/TINC
0506tin2_11-03_crop_01.jpg,bg_to_strip_inclusion,31,5,824,818,1,5,5,TINB/TINC
0506tin2_11-03_crop_01.jpg,bg_to_strip_inclusion,32,173,804,827,20,26,5,TINB/TINC
0506tin2_11-03_crop_01.jpg,bg_to_strip_inclusion,33,2,829,850,1,2,5,TINB/TINC
0506tin2_11-03_crop_01.jpg,bg_to_strip_inclusion,34,18,815,862,5,14,5,TINB/TINC
0506tin2_11-03_crop_01.jpg,bg_to_strip_inclusion,38,27,802,891,6,15,5,TINB/TINC
0506tin2_11-03_crop_01.jpg,bg_to_strip_inclusion,40,6,816,898,2,6,5,TINB/TINC
0506tin2_11-07_crop_01.jpg,bg_to_strip_inclusion,1,5,814,425,5,4,6,TIND
0506tin2_11-07_crop_01.jpg,bg_to_strip_inclusion,2,3,813,431,1,3,6,TIND
0506tin2_11-07_crop_01.jpg,bg_to_strip_inclusion,3,3,814,435,1,3,6,TIND
0506tin2_11-07_crop_01.jpg,bg_to_strip_inclusion,4,21,317,467,5,5,6,TIND
0506tin2_11-07_crop_01.jpg,bg_to_strip_inclusion,5,5,541,761,5,1,6,TIND
0506tin2_11-07_crop_01.jpg,bg_to_strip_inclusion,6,4,538,765,1,4,6,TIND
0506tin2_11-07_crop_01.jpg,bg_to_strip_inclusion,7,6,550,764,2,4,6,TIND
0506tin2_11-07_crop_01.jpg,bg_to_strip_inclusion,9,3,547,774,3,1,6,TIND
0506tin2_11-07_crop_01.jpg,bg_to_strip_inclusion,10,2,583,788,1,2,5,TINB/TINC
0506tin2_11-07_crop_01.jpg,bg_to_strip_inclusion,12,17,548,800,6,6,5,TINB/TINC
0506tin2_11-07_crop_01.jpg,bg_to_strip_inclusion,13,2,554,807,1,2,5,TINB/TINC
0506tin2_11-07_crop_01.jpg,bg_to_strip_inclusion,14,2,555,810,1,2,5,TINB/TINC
0506tin2_11-07_crop_01.jpg,bg_to_strip_inclusion,15,24,550,814,8,12,5,TINB/TINC
0506tin2_11-07_crop_01.jpg,bg_to_strip_inclusion,16,2,548,817,1,2,5,TINB/TINC
0506tin2_11-07_crop_01.jpg,bg_to_strip_inclusion,18,6,589,834,3,5,5,TINB/TINC
0506tin2_11-07_crop_01.jpg,bg_to_strip_inclusion,19,42,603,838,8,16,5,TINB/TINC
0506tin2_11-07_crop_01.jpg,bg_to_strip_inclusion,21,13,548,842,8,5,6,TIND
0506tin2_11-07_crop_01.jpg,bg_to_strip_inclusion,22,6,596,894,1,6,5,TINB/TINC
0506tin2_11-07_crop_01.jpg,bg_to_strip_inclusion,23,4,597,901,1,4,5,TINB/TINC
0506tin2_11-07_crop_01.jpg,bg_to_strip_inclusion,24,4,608,910,3,3,5,TINB/TINC
0506tin2_11-10_crop_02.jpg,bg_to_strip_inclusion,1,11,987,204,3,10,5,TINB/TINC
0506tin2_11-10_crop_02.jpg,bg_to_strip_inclusion,2,2,986,217,1,2,5,TINB/TINC
0506tin2_11-10_crop_02.jpg,bg_to_strip_inclusion,4,2,984,228,1,2,5,TINB/TINC
0506tin2_11-10_crop_02.jpg,bg_to_strip_inclusion,5,30,983,235,1,30,5,TINB/TINC
0506tin2_11-10_crop_02.jpg,bg_to_strip_inclusion,6,2,983,284,1,2,5,TINB/TINC
0506tin2_11-19_crop_00.jpg,bg_to_strip_inclusion,1,3,352,215,3,2,6,TIND
0506tin2_11-21_crop_01.jpg,bg_to_strip_inclusion,3,2,51,44,1,2,6,TIND
0506tin2_11-21_crop_01.jpg,bg_to_strip_inclusion,4,2,151,273,2,2,6,TIND
0506tin2_11-21_crop_01.jpg,bg_to_strip_inclusion,9,6,124,504,3,3,5,TINB/TINC
0506tin2_11-21_crop_01.jpg,bg_to_strip_inclusion,10,109,123,529,6,26,5,TINB/TINC
0506tin2_11-21_crop_01.jpg,bg_to_strip_inclusion,11,2,126,562,2,2,5,TINB/TINC
0506tin2_11-21_crop_01.jpg,bg_to_strip_inclusion,16,4,123,898,4,2,6,TIND
0506tin2_12-06_crop_00.jpg,bg_to_strip_inclusion,1,4,816,9,4,1,5,TINB/TINC
0506tin2_12-06_crop_00.jpg,bg_to_strip_inclusion,2,6,814,11,2,6,5,TINB/TINC
0506tin2_12-06_crop_00.jpg,bg_to_strip_inclusion,3,68,573,212,10,19,6,TIND
0506tin2_12-06_crop_00.jpg,bg_to_strip_inclusion,5,2,568,225,2,2,6,TIND
0506tin2_12-06_crop_00.jpg,bg_to_strip_inclusion,6,4,565,231,2,3,6,TIND
0506tin2_12-06_crop_00.jpg,bg_to_strip_inclusion,7,6,588,231,3,3,6,TIND
0506tin2_12-06_crop_00.jpg,bg_to_strip_inclusion,8,45,587,389,7,15,6,TIND
0506tin2_12-06_crop_00.jpg,bg_to_strip_inclusion,10,2,600,391,1,2,6,TIND
0506tin2_12-06_crop_00.jpg,bg_to_strip_inclusion,14,4,486,715,4,4,6,TIND
0506tin2_12-06_crop_00.jpg,bg_to_strip_inclusion,15,3,491,714,3,2,6,TIND
0506tin2_12-06_crop_00.jpg,bg_to_strip_inclusion,16,2,494,717,1,2,6,TIND
0506tin2_12-06_crop_00.jpg,bg_to_strip_inclusion,17,2,491,722,2,2,6,TIND
0506tin2_12-06_crop_00.jpg,bg_to_strip_inclusion,18,4,516,726,3,4,5,TINB/TINC
0506tin2_12-06_crop_00.jpg,bg_to_strip_inclusion,21,3,488,768,1,3,6,TIND
0506tin2_12-06_crop_00.jpg,bg_to_strip_inclusion,22,5,509,782,1,5,5,TINB/TINC
0506tin2_12-06_crop_00.jpg,bg_to_strip_inclusion,24,2,507,789,2,2,5,TINB/TINC
0506tin2_12-06_crop_00.jpg,bg_to_strip_inclusion,27,4,373,981,1,4,6,TIND
0506tin2_12-06_crop_00.jpg,bg_to_strip_inclusion,29,3,377,984,3,3,6,TIND
0506tin2_12-07_crop_00.jpg,bg_to_strip_inclusion,1,5,527,0,4,2,6,TIND
0506tin2_12-07_crop_00.jpg,bg_to_strip_inclusion,2,5,533,4,2,5,6,TIND
0506tin2_12-07_crop_00.jpg,bg_to_strip_inclusion,3,2,526,6,1,2,6,TIND
0506tin2_12-07_crop_00.jpg,bg_to_strip_inclusion,4,2,527,9,1,2,6,TIND
0506tin2_12-07_crop_00.jpg,bg_to_strip_inclusion,5,3,526,30,3,1,6,TIND
0506tin2_12-07_crop_00.jpg,bg_to_strip_inclusion,6,3,529,32,1,3,6,TIND
0506tin2_12-07_crop_00.jpg,bg_to_strip_inclusion,9,76,710,71,9,11,6,TIND
0506tin2_12-07_crop_00.jpg,bg_to_strip_inclusion,10,9,484,210,5,4,6,TIND
0506tin2_12-07_crop_00.jpg,bg_to_strip_inclusion,12,2,475,217,2,2,6,TIND
0506tin2_12-07_crop_00.jpg,bg_to_strip_inclusion,13,3,516,253,3,3,6,TIND
0506tin2_12-07_crop_00.jpg,bg_to_strip_inclusion,15,40,472,331,8,7,6,TIND
0506tin2_12-07_crop_00.jpg,bg_to_strip_inclusion,16,4,9,662,3,3,6,TIND
0506tin2_12-07_crop_00.jpg,bg_to_strip_inclusion,17,3,12,668,1,3,6,TIND
0506tin2_12-07_crop_00.jpg,bg_to_strip_inclusion,18,2,11,678,1,2,6,TIND
0506tin2_12-07_crop_00.jpg,bg_to_strip_inclusion,20,123,22,890,11,15,6,TIND
0506tin2_12-07_crop_00.jpg,bg_to_strip_inclusion,21,267,16,919,12,51,5,TINB/TINC
0506tin2_12-07_crop_00.jpg,bg_to_strip_inclusion,22,2,407,1013,1,2,6,TIND
0506tin2_12-07_crop_02.jpg,bg_to_strip_inclusion,1,52,336,335,9,14,5,TINB/TINC
0506tin2_12-07_crop_02.jpg,bg_to_strip_inclusion,2,147,336,351,14,39,5,TINB/TINC
0506tin2_12-07_crop_02.jpg,bg_to_strip_inclusion,3,14,344,350,3,9,5,TINB/TINC
0506tin2_12-07_crop_02.jpg,bg_to_strip_inclusion,4,21,340,389,10,6,5,TINB/TINC
0506tin2_12-07_crop_02.jpg,bg_to_strip_inclusion,6,3,507,613,1,3,6,TIND
0506tin2_12-07_crop_02.jpg,bg_to_strip_inclusion,7,4,506,617,1,4,6,TIND
0506tin2_12-07_crop_02.jpg,bg_to_strip_inclusion,8,6,509,628,6,1,6,TIND
0506tin2_12-07_crop_02.jpg,bg_to_strip_inclusion,11,2,414,796,1,2,6,TIND
0506tin2_12-07_crop_02.jpg,bg_to_strip_inclusion,12,2,414,799,1,2,6,TIND
0506tin2_12-17_crop_00.jpg,bg_to_strip_inclusion,1,9,37,121,6,5,6,TIND
0506tin2_12-17_crop_00.jpg,bg_to_strip_inclusion,2,4,48,123,1,4,6,TIND
0506tin2_12-17_crop_00.jpg,bg_to_strip_inclusion,3,7,39,130,7,2,6,TIND
0506tin2_12-17_crop_00.jpg,bg_to_strip_inclusion,5,3,15,150,3,1,6,TIND
0506tin2_12-17_crop_00.jpg,bg_to_strip_inclusion,7,10,21,157,3,7,6,TIND
0506tin2_12-17_crop_00.jpg,bg_to_strip_inclusion,9,2,17,166,1,2,6,TIND
0506tin2_12-17_crop_00.jpg,bg_to_strip_inclusion,11,4,7,260,4,4,6,TIND
0506tin2_12-17_crop_00.jpg,bg_to_strip_inclusion,16,9,6,308,3,9,6,TIND
0506tin2_12-17_crop_00.jpg,bg_to_strip_inclusion,17,21,0,314,4,13,6,TIND
0506tin2_12-17_crop_00.jpg,bg_to_strip_inclusion,20,2,812,573,1,2,6,TIND
0506tin2_12-17_crop_00.jpg,bg_to_strip_inclusion,22,6,413,635,6,3,6,TIND
0506tin2_12-17_crop_00.jpg,bg_to_strip_inclusion,23,4,237,666,3,2,6,TIND
0506tin2_12-17_crop_00.jpg,bg_to_strip_inclusion,25,2,226,761,2,2,6,TIND
0506tin2_12-17_crop_00.jpg,bg_to_strip_inclusion,26,2,229,760,2,1,6,TIND
0506tin2_12-17_crop_00.jpg,bg_to_strip_inclusion,27,2,225,764,1,2,6,TIND
0506tin2_12-17_crop_00.jpg,bg_to_strip_inclusion,28,6,224,767,1,6,6,TIND
0506tin2_12-17_crop_00.jpg,bg_to_strip_inclusion,29,5,228,772,5,4,6,TIND
0506tin2_12-17_crop_00.jpg,bg_to_strip_inclusion,30,3,230,838,3,3,6,TIND
0506tin2_12-17_crop_00.jpg,bg_to_strip_inclusion,31,18,224,840,3,12,6,TIND
0506tin2_12-17_crop_00.jpg,bg_to_strip_inclusion,33,5,227,861,2,4,6,TIND
0506tin2_12-17_crop_00.jpg,bg_to_strip_inclusion,34,9,229,866,9,3,6,TIND
0506tin2_12-17_crop_00.jpg,bg_to_strip_inclusion,35,3,228,891,1,3,6,TIND
0506tin2_12-17_crop_00.jpg,bg_to_strip_inclusion,36,7,219,892,3,6,6,TIND
0506tin2_12-17_crop_00.jpg,bg_to_strip_inclusion,40,4,223,901,4,3,6,TIND
0506tin2_13-05_crop_02.jpg,bg_to_strip_inclusion,1,6,91,6,3,6,6,TIND
0506tin2_13-05_crop_02.jpg,bg_to_strip_inclusion,2,2,85,10,1,2,6,TIND
0506tin2_13-05_crop_02.jpg,bg_to_strip_inclusion,3,4,73,15,2,3,6,TIND
0506tin2_14-04_crop_00.jpg,bg_to_strip_inclusion,1,4,488,4,4,2,6,TIND
0506tin2_14-04_crop_00.jpg,bg_to_strip_inclusion,2,4,487,12,1,4,6,TIND
0506tin2_14-04_crop_00.jpg,bg_to_strip_inclusion,3,5,493,17,1,5,6,TIND
0506tin2_14-04_crop_00.jpg,bg_to_strip_inclusion,5,382,566,24,13,75,5,TINB/TINC
0506tin2_14-04_crop_00.jpg,bg_to_strip_inclusion,6,2,73,90,1,2,6,TIND
0506tin2_14-04_crop_00.jpg,bg_to_strip_inclusion,7,11,476,92,8,4,5,TINB/TINC
0506tin2_14-04_crop_00.jpg,bg_to_strip_inclusion,8,276,475,98,9,63,5,TINB/TINC
0506tin2_14-04_crop_00.jpg,bg_to_strip_inclusion,10,7,473,150,2,6,5,TINB/TINC
0506tin2_14-04_crop_00.jpg,bg_to_strip_inclusion,11,2,47,198,2,1,6,TIND
0506tin2_14-04_crop_00.jpg,bg_to_strip_inclusion,12,2,50,198,2,1,6,TIND
0506tin2_14-04_crop_00.jpg,bg_to_strip_inclusion,13,4,47,223,2,4,6,TIND
0506tin2_14-04_crop_00.jpg,bg_to_strip_inclusion,14,14,54,223,4,7,6,TIND
0506tin2_14-04_crop_00.jpg,bg_to_strip_inclusion,15,7,47,230,6,2,6,TIND
0506tin2_14-04_crop_00.jpg,bg_to_strip_inclusion,17,6,464,296,5,3,6,TIND
0506tin2_14-04_crop_00.jpg,bg_to_strip_inclusion,19,2,442,510,1,2,6,TIND
0506tin2_14-04_crop_00.jpg,bg_to_strip_inclusion,21,5,443,519,5,3,6,TIND
0506tin2_14-04_crop_00.jpg,bg_to_strip_inclusion,23,16,383,716,8,6,6,TIND
0506tin2_14-04_crop_00.jpg,bg_to_strip_inclusion,24,2,960,779,2,2,6,TIND
0506tin2_14-04_crop_00.jpg,bg_to_strip_inclusion,25,2,950,785,2,2,6,TIND
0506tin2_14-04_crop_00.jpg,bg_to_strip_inclusion,27,3,955,788,3,1,6,TIND
0506tin2_14-05_crop_01.jpg,bg_to_strip_inclusion,1,58,365,55,7,12,6,TIND
0506tin2_14-05_crop_01.jpg,bg_to_strip_inclusion,2,68,360,86,6,13,6,TIND
0506tin2_14-05_crop_01.jpg,bg_to_strip_inclusion,6,62,790,223,10,28,5,TINB/TINC
0506tin2_14-05_crop_01.jpg,bg_to_strip_inclusion,8,7,677,232,1,7,5,TINB/TINC
0506tin2_14-05_crop_01.jpg,bg_to_strip_inclusion,9,36,684,236,8,18,5,TINB/TINC
0506tin2_14-05_crop_01.jpg,bg_to_strip_inclusion,10,2,800,252,1,2,5,TINB/TINC
0506tin2_14-05_crop_01.jpg,bg_to_strip_inclusion,12,82,787,258,10,18,5,TINB/TINC
0506tin2_14-05_crop_01.jpg,bg_to_strip_inclusion,13,2,695,264,1,2,5,TINB/TINC
0506tin2_14-05_crop_01.jpg,bg_to_strip_inclusion,14,2,694,267,1,2,5,TINB/TINC
0506tin2_14-05_crop_01.jpg,bg_to_strip_inclusion,15,7,283,302,1,7,5,TINB/TINC
0506tin2_14-05_crop_01.jpg,bg_to_strip_inclusion,16,3,288,309,1,3,5,TINB/TINC
0506tin2_14-05_crop_01.jpg,bg_to_strip_inclusion,17,3,284,311,1,3,5,TINB/TINC
0506tin2_14-05_crop_01.jpg,bg_to_strip_inclusion,18,3,289,313,1,3,5,TINB/TINC
0506tin2_14-05_crop_01.jpg,bg_to_strip_inclusion,19,21,289,372,3,11,5,TINB/TINC
0506tin2_14-05_crop_01.jpg,bg_to_strip_inclusion,21,3,774,470,2,3,6,TIND
0506tin2_14-05_crop_01.jpg,bg_to_strip_inclusion,22,4,265,660,4,1,6,TIND
0506tin2_14-05_crop_01.jpg,bg_to_strip_inclusion,23,2,261,666,1,2,6,TIND
0506tin2_14-05_crop_01.jpg,bg_to_strip_inclusion,24,6,267,667,2,6,6,TIND
0506tin2_14-05_crop_01.jpg,bg_to_strip_inclusion,25,3,260,669,1,3,6,TIND
0506tin2_14-05_crop_01.jpg,bg_to_strip_inclusion,27,3,261,676,3,2,6,TIND
0506tin2_14-05_crop_01.jpg,bg_to_strip_inclusion,28,13,303,813,4,5,6,TIND
0506tin2_14-05_crop_01.jpg,bg_to_strip_inclusion,30,2,601,929,1,2,6,TIND
0506tin2_14-05_crop_01.jpg,bg_to_strip_inclusion,32,81,746,954,9,13,6,TIND
0506tin2_14-05_crop_01.jpg,bg_to_strip_inclusion,33,4,594,957,4,4,6,TIND
0506tin2_14-08_crop_00.jpg,bg_to_strip_inclusion,4,2,109,84,1,2,6,TIND
0506tin2_14-08_crop_00.jpg,bg_to_strip_inclusion,5,13,116,93,4,7,6,TIND
0506tin2_14-08_crop_00.jpg,bg_to_strip_inclusion,7,4,433,195,2,4,6,TIND
0506tin2_14-08_crop_00.jpg,bg_to_strip_inclusion,9,4,844,351,1,4,6,TIND
0506tin2_14-08_crop_00.jpg,bg_to_strip_inclusion,10,3,854,350,1,3,6,TIND
0506tin2_14-08_crop_00.jpg,bg_to_strip_inclusion,11,8,849,371,5,2,6,TIND
0506tin2_14-08_crop_00.jpg,bg_to_strip_inclusion,12,3,847,378,1,3,6,TIND
0506tin2_14-08_crop_00.jpg,bg_to_strip_inclusion,13,4,856,378,1,4,6,TIND
0506tin2_14-08_crop_00.jpg,bg_to_strip_inclusion,14,9,625,404,5,3,5,TINB/TINC
0506tin2_14-08_crop_00.jpg,bg_to_strip_inclusion,15,9,623,409,1,9,5,TINB/TINC
0506tin2_14-08_crop_00.jpg,bg_to_strip_inclusion,16,26,622,419,1,26,5,TINB/TINC
0506tin2_14-08_crop_00.jpg,bg_to_strip_inclusion,17,11,628,435,1,11,5,TINB/TINC
0506tin2_14-08_crop_00.jpg,bg_to_strip_inclusion,18,5,622,464,1,5,5,TINB/TINC
0506tin2_14-08_crop_00.jpg,bg_to_strip_inclusion,20,50,623,477,6,21,5,TINB/TINC
0506tin2_14-08_crop_00.jpg,bg_to_strip_inclusion,21,7,433,501,1,7,6,TIND
0506tin2_14-08_crop_00.jpg,bg_to_strip_inclusion,24,13,628,508,3,9,5,TINB/TINC
0506tin2_14-08_crop_00.jpg,bg_to_strip_inclusion,26,11,622,517,1,11,5,TINB/TINC
0506tin2_14-08_crop_00.jpg,bg_to_strip_inclusion,27,10,618,537,5,9,5,TINB/TINC
0506tin2_14-08_crop_00.jpg,bg_to_strip_inclusion,29,9,625,539,4,8,5,TINB/TINC
0506tin2_14-08_crop_00.jpg,bg_to_strip_inclusion,30,27,605,567,3,17,5,TINB/TINC
0506tin2_14-08_crop_00.jpg,bg_to_strip_inclusion,31,11,590,574,4,4,6,TIND
0506tin2_14-08_crop_00.jpg,bg_to_strip_inclusion,34,3,604,590,1,3,5,TINB/TINC
0506tin2_14-08_crop_00.jpg,bg_to_strip_inclusion,35,14,601,595,3,13,5,TINB/TINC
0506tin2_14-08_crop_00.jpg,bg_to_strip_inclusion,36,2,602,610,2,1,5,TINB/TINC
0506tin2_14-08_crop_00.jpg,bg_to_strip_inclusion,37,29,590,729,6,12,5,TINB/TINC
0506tin2_14-08_crop_00.jpg,bg_to_strip_inclusion,38,10,589,734,2,7,5,TINB/TINC
0506tin2_14-08_crop_00.jpg,bg_to_strip_inclusion,39,4,588,742,1,4,5,TINB/TINC
0506tin2_14-08_crop_00.jpg,bg_to_strip_inclusion,40,2,593,745,1,2,5,TINB/TINC
0506tin2_14-08_crop_00.jpg,bg_to_strip_inclusion,42,3,586,753,1,3,5,TINB/TINC
0506tin2_14-08_crop_00.jpg,bg_to_strip_inclusion,44,11,586,760,5,4,5,TINB/TINC
0506tin2_14-08_crop_00.jpg,bg_to_strip_inclusion,45,5,606,813,3,3,6,TIND
0506tin2_14-08_crop_00.jpg,bg_to_strip_inclusion,46,71,590,816,13,18,6,TIND
0506tin2_14-08_crop_00.jpg,bg_to_strip_inclusion,47,4,607,818,2,4,6,TIND
0506tin2_14-08_crop_00.jpg,bg_to_strip_inclusion,48,3,582,822,1,3,6,TIND
0506tin2_14-08_crop_00.jpg,bg_to_strip_inclusion,49,2,602,831,1,2,6,TIND
0506tin2_14-08_crop_00.jpg,bg_to_strip_inclusion,50,2,343,990,2,2,6,TIND
0506tin2_14-08_crop_00.jpg,bg_to_strip_inclusion,53,12,339,999,5,5,6,TIND
0506tin2_14-08_crop_02.jpg,bg_to_strip_inclusion,1,15,769,151,1,15,5,TINB/TINC
0506tin2_14-08_crop_02.jpg,bg_to_strip_inclusion,2,6,769,176,1,6,5,TINB/TINC
0506tin2_14-08_crop_02.jpg,bg_to_strip_inclusion,4,27,607,258,11,4,6,TIND
0506tin2_14-08_crop_02.jpg,bg_to_strip_inclusion,5,4,604,298,2,2,6,TIND
0506tin2_14-08_crop_02.jpg,bg_to_strip_inclusion,6,3,748,962,3,2,6,TIND
0506tin2_14-08_crop_02.jpg,bg_to_strip_inclusion,7,2,753,971,2,2,6,TIND
0506tin2_14-09_crop_00.jpg,bg_to_strip_inclusion,1,23,865,85,8,7,6,TIND
0506tin2_14-09_crop_00.jpg,bg_to_strip_inclusion,2,18,864,100,4,8,6,TIND
0506tin2_14-09_crop_00.jpg,bg_to_strip_inclusion,3,10,871,102,5,6,6,TIND
0506tin2_14-09_crop_00.jpg,bg_to_strip_inclusion,4,3,873,283,3,2,5,TINB/TINC
0506tin2_14-09_crop_00.jpg,bg_to_strip_inclusion,6,2,872,292,1,2,5,TINB/TINC
0506tin2_14-09_crop_00.jpg,bg_to_strip_inclusion,9,10,875,315,3,7,5,TINB/TINC
0506tin2_14-09_crop_00.jpg,bg_to_strip_inclusion,10,5,882,323,2,4,5,TINB/TINC
0506tin2_14-09_crop_00.jpg,bg_to_strip_inclusion,11,37,873,329,2,34,5,TINB/TINC
0506tin2_14-09_crop_00.jpg,bg_to_strip_inclusion,12,21,877,342,3,16,5,TINB/TINC
0506tin2_14-09_crop_00.jpg,bg_to_strip_inclusion,14,19,953,447,5,7,6,TIND
0506tin2_14-09_crop_00.jpg,bg_to_strip_inclusion,16,2,931,488,2,2,6,TIND
0506tin2_14-09_crop_00.jpg,bg_to_strip_inclusion,17,5,928,493,5,3,6,TIND
0506tin2_14-09_crop_00.jpg,bg_to_strip_inclusion,18,23,916,516,8,5,6,TIND
0506tin2_14-09_crop_00.jpg,bg_to_strip_inclusion,19,6,914,522,3,4,6,TIND
0506tin2_14-09_crop_00.jpg,bg_to_strip_inclusion,20,3,925,522,3,3,6,TIND
0506tin2_14-09_crop_00.jpg,bg_to_strip_inclusion,21,5,687,718,3,5,6,TIND
0506tin2_14-09_crop_00.jpg,bg_to_strip_inclusion,22,2,693,718,2,2,6,TIND
0506tin2_14-09_crop_00.jpg,bg_to_strip_inclusion,23,3,695,721,1,3,6,TIND
0506tin2_14-09_crop_00.jpg,bg_to_strip_inclusion,24,7,688,724,7,3,6,TIND
0506tin2_14-09_crop_00.jpg,bg_to_strip_inclusion,25,6,567,735,2,4,6,TIND
0506tin2_14-09_crop_00.jpg,bg_to_strip_inclusion,26,4,928,873,4,3,5,TINB/TINC
0506tin2_14-09_crop_00.jpg,bg_to_strip_inclusion,27,56,928,894,8,14,5,TINB/TINC
0506tin2_14-09_crop_00.jpg,bg_to_strip_inclusion,28,29,918,920,4,20,5,TINB/TINC
0506tin2_14-09_crop_00.jpg,bg_to_strip_inclusion,29,30,932,947,2,18,5,TINB/TINC
0506tin2_14-09_crop_00.jpg,bg_to_strip_inclusion,31,40,925,971,5,13,5,TINB/TINC
0506tin2_14-09_crop_00.jpg,bg_to_strip_inclusion,34,8,107,1000,6,3,6,TIND
0506tin2_14-09_crop_00.jpg,bg_to_D,1,80,206,838,10,10,4,D
0506tin2_14-10_crop_00.jpg,bg_to_strip_inclusion,1,17,1009,79,4,11,5,TINB/TINC
0506tin2_14-10_crop_00.jpg,bg_to_strip_inclusion,2,4,1007,87,1,4,5,TINB/TINC
0506tin2_14-10_crop_00.jpg,bg_to_strip_inclusion,3,16,1006,92,4,8,5,TINB/TINC
0506tin2_14-10_crop_00.jpg,bg_to_strip_inclusion,5,3,953,261,3,1,5,TINB/TINC
0506tin2_14-10_crop_00.jpg,bg_to_strip_inclusion,6,2,22,326,2,1,6,TIND
0506tin2_14-10_crop_00.jpg,bg_to_strip_inclusion,7,11,949,328,1,11,5,TINB/TINC
0506tin2_14-10_crop_00.jpg,bg_to_strip_inclusion,11,20,1000,356,4,12,5,TINB/TINC
0506tin2_14-10_crop_00.jpg,bg_to_strip_inclusion,12,51,944,375,3,30,5,TINB/TINC
0506tin2_14-10_crop_00.jpg,bg_to_strip_inclusion,13,36,998,375,5,12,5,TINB/TINC
0506tin2_14-10_crop_00.jpg,bg_to_strip_inclusion,14,2,997,384,1,2,5,TINB/TINC
0506tin2_14-10_crop_00.jpg,bg_to_strip_inclusion,15,6,997,389,3,3,5,TINB/TINC
0506tin2_14-10_crop_00.jpg,bg_to_strip_inclusion,17,14,944,417,1,14,5,TINB/TINC
0506tin2_14-10_crop_00.jpg,bg_to_strip_inclusion,18,2,945,448,1,2,5,TINB/TINC
0506tin2_14-10_crop_00.jpg,bg_to_strip_inclusion,21,2,943,662,1,2,6,TIND
0506tin2_14-10_crop_00.jpg,bg_to_strip_inclusion,22,14,930,664,7,6,6,TIND
0506tin2_14-10_crop_00.jpg,bg_to_strip_inclusion,23,11,941,665,2,10,6,TIND
0506tin2_14-10_crop_00.jpg,bg_to_strip_inclusion,24,10,919,669,3,7,6,TIND
0506tin2_14-10_crop_00.jpg,bg_to_strip_inclusion,26,10,931,677,7,2,6,TIND
0506tin2_14-10_crop_00.jpg,bg_to_strip_inclusion,28,3,927,869,3,1,6,TIND
0506tin2_14-10_crop_00.jpg,bg_to_strip_inclusion,32,2,65,1008,2,2,6,TIND
0506tin2_14-10_crop_00.jpg,bg_to_D,3,5,633,340,1,5,4,D
0506tin2_14-10_crop_00.jpg,bg_to_D,4,3,634,346,3,3,4,D
0506tin2_14-16_crop_00.jpg,bg_to_strip_inclusion,1,53,817,6,9,14,5,TINB/TINC
0506tin2_14-16_crop_00.jpg,bg_to_strip_inclusion,2,73,834,9,10,20,5,TINB/TINC
0506tin2_14-16_crop_00.jpg,bg_to_strip_inclusion,3,48,835,41,11,11,5,TINB/TINC
0506tin2_14-16_crop_00.jpg,bg_to_strip_inclusion,4,17,807,46,2,11,5,TINB/TINC
0506tin2_14-16_crop_00.jpg,bg_to_strip_inclusion,7,4,822,73,1,4,5,TINB/TINC
0506tin2_14-16_crop_00.jpg,bg_to_strip_inclusion,8,3,288,78,3,3,6,TIND
0506tin2_14-16_crop_00.jpg,bg_to_strip_inclusion,10,17,823,81,2,13,5,TINB/TINC
0506tin2_14-16_crop_00.jpg,bg_to_strip_inclusion,11,119,781,104,32,16,5,TINB/TINC
0506tin2_14-16_crop_00.jpg,bg_to_strip_inclusion,17,37,874,153,7,7,6,TIND
0506tin2_14-16_crop_00.jpg,bg_to_strip_inclusion,19,8,793,157,3,6,5,TINB/TINC
0506tin2_14-16_crop_00.jpg,bg_to_strip_inclusion,21,65,808,162,13,17,5,TINB/TINC
0506tin2_14-16_crop_00.jpg,bg_to_strip_inclusion,22,2,812,182,1,2,5,TINB/TINC
0506tin2_14-16_crop_00.jpg,bg_to_strip_inclusion,25,17,810,246,8,11,5,TINB/TINC
0506tin2_14-16_crop_00.jpg,bg_to_strip_inclusion,27,5,248,261,1,5,6,TIND
0506tin2_14-16_crop_00.jpg,bg_to_strip_inclusion,28,6,248,271,5,3,6,TIND
0506tin2_14-16_crop_00.jpg,bg_to_strip_inclusion,29,83,794,289,12,27,5,TINB/TINC
0506tin2_14-16_crop_00.jpg,bg_to_strip_inclusion,34,87,759,391,14,26,5,TINB/TINC
0506tin2_14-16_crop_00.jpg,bg_to_strip_inclusion,35,5,298,415,3,5,6,TIND
0506tin2_14-16_crop_00.jpg,bg_to_strip_inclusion,36,2,756,417,2,1,5,TINB/TINC
0506tin2_14-16_crop_00.jpg,bg_to_strip_inclusion,39,11,751,428,5,10,5,TINB/TINC
0506tin2_14-16_crop_00.jpg,bg_to_strip_inclusion,42,6,771,456,6,3,5,TINB/TINC
0506tin2_14-16_crop_00.jpg,bg_to_strip_inclusion,43,11,899,481,5,5,5,TINB/TINC
0506tin2_14-16_crop_00.jpg,bg_to_strip_inclusion,44,107,902,520,9,15,5,TINB/TINC
0506tin2_14-16_crop_00.jpg,bg_to_strip_inclusion,45,20,212,537,5,6,6,TIND
0506tin2_14-16_crop_00.jpg,bg_to_strip_inclusion,46,12,267,642,9,4,6,TIND
0506tin2_14-16_crop_00.jpg,bg_to_strip_inclusion,48,4,270,657,3,2,6,TIND
0506tin2_14-16_crop_00.jpg,bg_to_strip_inclusion,49,8,266,671,3,4,6,TIND
0506tin2_14-16_crop_00.jpg,bg_to_strip_inclusion,50,2,279,670,1,2,6,TIND
0506tin2_14-16_crop_00.jpg,bg_to_strip_inclusion,57,6,182,728,3,6,6,TIND
0506tin2_14-16_crop_00.jpg,bg_to_strip_inclusion,59,29,243,809,10,6,6,TIND
0506tin2_14-16_crop_00.jpg,bg_to_strip_inclusion,62,2,243,840,2,1,6,TIND
0506tin2_14-16_crop_00.jpg,bg_to_strip_inclusion,65,3,244,867,3,3,6,TIND
0506tin2_14-16_crop_00.jpg,bg_to_strip_inclusion,66,3,249,870,3,1,6,TIND
0506tin2_14-16_crop_00.jpg,bg_to_strip_inclusion,70,27,242,992,5,14,5,TINB/TINC
0506tin2_14-16_crop_02.jpg,bg_to_strip_inclusion,3,3,174,91,1,3,6,TIND
0506tin2_14-16_crop_02.jpg,bg_to_strip_inclusion,6,2,86,534,1,2,6,TIND
0506tin2_14-16_crop_02.jpg,bg_to_strip_inclusion,8,8,94,541,3,3,6,TIND
0506tin2_14-16_crop_02.jpg,bg_to_strip_inclusion,9,2,114,541,1,2,6,TIND
0506tin2_14-16_crop_02.jpg,bg_to_strip_inclusion,10,4,103,547,3,4,6,TIND
0506tin2_14-16_crop_02.jpg,bg_to_strip_inclusion,11,4,112,550,3,4,6,TIND
0506tin2_14-16_crop_02.jpg,bg_to_strip_inclusion,14,3,110,930,1,3,6,TIND
0506tin2_14-16_crop_02.jpg,bg_to_strip_inclusion,15,2,97,932,1,2,6,TIND
0506tin2_14-16_crop_03.jpg,bg_to_strip_inclusion,1,2,474,756,2,2,6,TIND
0506tin2_14-16_crop_03.jpg,bg_to_strip_inclusion,2,2,464,763,1,2,6,TIND
0506tin2_14-16_crop_03.jpg,bg_to_strip_inclusion,3,3,472,767,3,3,6,TIND
0506tin2_14-16_crop_03.jpg,bg_to_strip_inclusion,5,3,942,777,3,2,6,TIND
0506tin2_14-16_crop_03.jpg,bg_to_strip_inclusion,9,5,937,789,1,5,6,TIND
0506tin2_14-16_crop_03.jpg,bg_to_strip_inclusion,10,2,943,789,1,2,6,TIND
0506tin2_14-16_crop_03.jpg,bg_to_strip_inclusion,11,3,940,801,3,2,6,TIND
0506tin2_15-02_crop_01.jpg,bg_to_strip_inclusion,1,4,69,70,4,1,5,TINB/TINC
0506tin2_15-02_crop_01.jpg,bg_to_strip_inclusion,3,29,71,82,4,24,5,TINB/TINC
0506tin2_15-02_crop_01.jpg,bg_to_strip_inclusion,4,66,60,116,8,14,5,TINB/TINC
0506tin2_15-02_crop_01.jpg,bg_to_strip_inclusion,5,7,48,230,6,5,5,TINB/TINC
0506tin2_15-02_crop_01.jpg,bg_to_strip_inclusion,8,52,46,241,10,10,5,TINB/TINC
0506tin2_15-02_crop_01.jpg,bg_to_strip_inclusion,17,2,71,719,1,2,5,TINB/TINC
0506tin2_15-02_crop_01.jpg,bg_to_strip_inclusion,18,4,70,722,1,4,5,TINB/TINC
0506tin2_15-02_crop_01.jpg,bg_to_strip_inclusion,19,4,354,791,4,2,6,TIND
0506tin2_15-02_crop_01.jpg,bg_to_strip_inclusion,21,7,351,794,4,6,6,TIND
0506tin2_15-02_crop_01.jpg,bg_to_strip_inclusion,22,11,367,862,5,9,5,TINB/TINC
0506tin2_15-02_crop_01.jpg,bg_to_strip_inclusion,23,4,70,914,1,4,5,TINB/TINC
0506tin2_15-02_crop_01.jpg,bg_to_strip_inclusion,24,3,70,927,1,3,5,TINB/TINC
0506tin2_15-02_crop_01.jpg,bg_to_strip_inclusion,27,18,72,980,2,13,5,TINB/TINC
0506tin2_15-02_crop_01.jpg,bg_to_strip_inclusion,28,24,78,981,2,18,5,TINB/TINC
0506tin2_15-02_crop_01.jpg,bg_to_strip_inclusion,29,6,73,1015,5,6,5,TINB/TINC
0506tin2_15-04_crop_01.jpg,bg_to_strip_inclusion,1,2,1016,7,1,2,6,TIND
0506tin2_15-04_crop_01.jpg,bg_to_strip_inclusion,2,12,1010,10,2,11,6,TIND
0506tin2_15-04_crop_01.jpg,bg_to_strip_inclusion,3,3,1017,10,1,3,6,TIND
0506tin2_15-04_crop_01.jpg,bg_to_strip_inclusion,4,7,1018,16,1,7,6,TIND
0506tin2_15-04_crop_01.jpg,bg_to_strip_inclusion,5,3,1012,22,1,3,6,TIND
0506tin2_15-04_crop_01.jpg,bg_to_strip_inclusion,6,38,1013,27,7,10,6,TIND
0506tin2_15-04_crop_01.jpg,bg_to_strip_inclusion,7,7,704,237,5,2,5,TINB/TINC
0506tin2_15-04_crop_01.jpg,bg_to_strip_inclusion,9,133,702,241,5,80,5,TINB/TINC
0506tin2_15-04_crop_01.jpg,bg_to_strip_inclusion,11,2,709,256,1,2,5,TINB/TINC
0506tin2_15-04_crop_01.jpg,bg_to_strip_inclusion,12,4,708,260,1,4,5,TINB/TINC
0506tin2_15-04_crop_01.jpg,bg_to_strip_inclusion,13,26,706,267,3,15,5,TINB/TINC
0506tin2_15-04_crop_01.jpg,bg_to_strip_inclusion,14,3,709,299,1,3,5,TINB/TINC
0506tin2_15-04_crop_01.jpg,bg_to_strip_inclusion,16,153,708,311,6,45,5,TINB/TINC
0506tin2_15-04_crop_01.jpg,bg_to_strip_inclusion,17,29,704,363,8,17,5,TINB/TINC
0506tin2_15-04_crop_01.jpg,bg_to_strip_inclusion,18,30,698,376,6,15,5,TINB/TINC
0506tin2_15-04_crop_01.jpg,bg_to_strip_inclusion,20,5,697,517,5,2,6,TIND
0506tin2_15-04_crop_02.jpg,bg_to_strip_inclusion,2,2,433,39,1,2,6,TIND
0506tin2_15-04_crop_02.jpg,bg_to_strip_inclusion,3,16,836,84,2,11,5,TINB/TINC
0506tin2_15-04_crop_02.jpg,bg_to_strip_inclusion,4,98,835,133,2,56,5,TINB/TINC
0506tin2_15-04_crop_02.jpg,bg_to_strip_inclusion,6,2,374,205,1,2,6,TIND
0506tin2_15-12_crop_00.jpg,bg_to_strip_inclusion,1,6,792,3,5,4,6,TIND
0506tin2_15-12_crop_00.jpg,bg_to_strip_inclusion,3,2,797,20,1,2,6,TIND
0506tin2_15-12_crop_00.jpg,bg_to_strip_inclusion,4,9,793,23,4,4,6,TIND
0506tin2_15-12_crop_00.jpg,bg_to_strip_inclusion,6,28,893,49,4,21,6,TIND
0506tin2_15-12_crop_00.jpg,bg_to_strip_inclusion,7,10,886,50,2,7,6,TIND
0506tin2_15-12_crop_00.jpg,bg_to_strip_inclusion,8,2,916,57,1,2,6,TIND
0506tin2_15-12_crop_00.jpg,bg_to_strip_inclusion,10,3,888,70,2,3,6,TIND
0506tin2_15-12_crop_00.jpg,bg_to_strip_inclusion,11,16,866,78,6,9,6,TIND
0506tin2_15-12_crop_00.jpg,bg_to_strip_inclusion,12,2,888,141,1,2,6,TIND
0506tin2_15-12_crop_00.jpg,bg_to_strip_inclusion,13,2,878,142,1,2,6,TIND
0506tin2_15-12_crop_00.jpg,bg_to_strip_inclusion,14,4,886,145,2,4,6,TIND
0506tin2_15-12_crop_00.jpg,bg_to_strip_inclusion,15,2,879,146,1,2,6,TIND
0506tin2_15-12_crop_00.jpg,bg_to_strip_inclusion,17,10,888,166,5,7,6,TIND
0506tin2_15-12_crop_00.jpg,bg_to_strip_inclusion,18,2,893,174,1,2,6,TIND
0506tin2_15-12_crop_00.jpg,bg_to_strip_inclusion,22,8,835,189,6,3,5,TINB/TINC
0506tin2_15-12_crop_00.jpg,bg_to_strip_inclusion,23,233,835,199,12,34,5,TINB/TINC
0506tin2_15-12_crop_00.jpg,bg_to_strip_inclusion,24,2,470,271,2,1,6,TIND
0506tin2_15-12_crop_00.jpg,bg_to_strip_inclusion,25,5,465,272,4,4,6,TIND
0506tin2_15-12_crop_00.jpg,bg_to_strip_inclusion,28,2,475,278,2,2,6,TIND
0506tin2_15-12_crop_00.jpg,bg_to_strip_inclusion,34,185,572,654,8,41,5,TINB/TINC
0506tin2_15-12_crop_00.jpg,bg_to_strip_inclusion,36,4,614,657,4,3,6,TIND
0506tin2_15-12_crop_00.jpg,bg_to_strip_inclusion,37,2,572,691,1,2,5,TINB/TINC
0506tin2_15-12_crop_00.jpg,bg_to_strip_inclusion,38,65,571,696,10,19,5,TINB/TINC
0506tin2_15-12_crop_00.jpg,bg_to_strip_inclusion,39,22,607,807,6,7,6,TIND
0506tin2_15-12_crop_00.jpg,bg_to_strip_inclusion,40,20,597,813,4,10,5,TINB/TINC
0506tin2_15-12_crop_00.jpg,bg_to_strip_inclusion,41,3,703,835,3,3,6,TIND
0506tin2_15-12_crop_00.jpg,bg_to_strip_inclusion,42,2,696,837,1,2,6,TIND
0506tin2_15-12_crop_00.jpg,bg_to_strip_inclusion,43,6,554,843,5,3,6,TIND
0506tin2_15-12_crop_00.jpg,bg_to_strip_inclusion,44,7,701,844,4,2,6,TIND
0506tin2_15-12_crop_00.jpg,bg_to_strip_inclusion,45,10,553,852,8,3,6,TIND
0506tin2_15-12_crop_00.jpg,bg_to_strip_inclusion,46,32,590,958,9,9,6,TIND
0506tin2_15-12_crop_00.jpg,bg_to_strip_inclusion,47,2,578,961,2,2,6,TIND
0506tin2_15-12_crop_00.jpg,bg_to_strip_inclusion,48,5,602,961,3,3,6,TIND
0506tin2_15-12_crop_00.jpg,bg_to_strip_inclusion,51,9,593,986,5,5,6,TIND
0506tin2_15-12_crop_00.jpg,bg_to_strip_inclusion,52,11,573,1001,3,9,6,TIND
0506tin2_15-12_crop_01.jpg,bg_to_strip_inclusion,1,4,102,6,1,4,6,TIND
0506tin2_15-12_crop_01.jpg,bg_to_strip_inclusion,2,6,91,13,2,4,6,TIND
0506tin2_15-12_crop_01.jpg,bg_to_strip_inclusion,3,8,96,17,4,3,6,TIND
0506tin2_15-12_crop_01.jpg,bg_to_strip_inclusion,4,2,96,77,2,2,6,TIND
0506tin2_15-12_crop_01.jpg,bg_to_strip_inclusion,5,9,86,78,2,6,6,TIND
0506tin2_15-12_crop_01.jpg,bg_to_strip_inclusion,7,17,68,144,8,5,5,TINB/TINC
0506tin2_15-12_crop_01.jpg,bg_to_strip_inclusion,8,4,76,149,1,4,5,TINB/TINC
0506tin2_15-12_crop_01.jpg,bg_to_strip_inclusion,9,3,67,151,1,3,5,TINB/TINC
0506tin2_15-12_crop_01.jpg,bg_to_strip_inclusion,10,224,68,154,16,37,5,TINB/TINC
0506tin2_15-12_crop_01.jpg,bg_to_strip_inclusion,12,4,1004,176,3,4,6,TIND
0506tin2_15-12_crop_01.jpg,bg_to_strip_inclusion,14,24,72,186,4,11,5,TINB/TINC
0506tin2_15-12_crop_01.jpg,bg_to_strip_inclusion,15,2,84,192,2,2,5,TINB/TINC
0506tin2_15-12_crop_01.jpg,bg_to_strip_inclusion,19,3,78,203,3,1,5,TINB/TINC
0506tin2_15-12_crop_01.jpg,bg_to_strip_inclusion,20,2,83,203,2,1,5,TINB/TINC
0506tin2_15-12_crop_01.jpg,bg_to_strip_inclusion,23,2,77,263,2,1,6,TIND
0506tin2_15-12_crop_01.jpg,bg_to_strip_inclusion,24,9,989,345,4,3,6,TIND
0506tin2_15-12_crop_01.jpg,bg_to_strip_inclusion,25,67,416,366,9,9,6,TIND
0506tin2_15-16_crop_00.jpg,bg_to_strip_inclusion,1,6,353,15,1,6,6,TIND
0506tin2_15-16_crop_00.jpg,bg_to_strip_inclusion,2,17,342,20,10,4,6,TIND
0506tin2_15-16_crop_00.jpg,bg_to_strip_inclusion,3,3,986,74,1,3,6,TIND
0506tin2_15-16_crop_00.jpg,bg_to_strip_inclusion,4,5,737,107,5,3,6,TIND
0506tin2_15-16_crop_00.jpg,bg_to_strip_inclusion,5,4,736,115,3,4,6,TIND
0506tin2_15-16_crop_00.jpg,bg_to_strip_inclusion,6,7,746,115,2,5,6,TIND
0506tin2_15-16_crop_00.jpg,bg_to_strip_inclusion,8,6,749,130,3,4,6,TIND
0506tin2_15-16_crop_00.jpg,bg_to_strip_inclusion,9,2,296,551,2,1,6,TIND
0506tin2_15-16_crop_00.jpg,bg_to_strip_inclusion,15,2,732,693,2,1,6,TIND
0506tin2_15-16_crop_00.jpg,bg_to_strip_inclusion,17,3,736,699,1,3,6,TIND
0506tin2_15-16_crop_00.jpg,bg_to_strip_inclusion,18,2,728,702,1,2,6,TIND
0506tin2_15-16_crop_00.jpg,bg_to_strip_inclusion,19,2,735,703,1,2,6,TIND
0506tin2_15-16_crop_00.jpg,bg_to_strip_inclusion,20,15,257,716,7,6,5,TINB/TINC
0506tin2_15-16_crop_00.jpg,bg_to_strip_inclusion,21,20,259,727,5,5,5,TINB/TINC
0506tin2_15-16_crop_00.jpg,bg_to_strip_inclusion,22,16,252,763,6,8,6,TIND
0506tin2_15-16_crop_00.jpg,bg_to_strip_inclusion,23,2,973,765,2,1,6,TIND
0506tin2_15-16_crop_00.jpg,bg_to_strip_inclusion,24,2,970,766,2,2,6,TIND
0506tin2_15-16_crop_00.jpg,bg_to_strip_inclusion,26,8,974,771,2,6,6,TIND
0506tin2_15-16_crop_00.jpg,bg_to_strip_inclusion,28,3,969,779,3,3,6,TIND
0506tin2_15-16_crop_00.jpg,bg_to_strip_inclusion,30,2,255,781,2,1,6,TIND
0506tin2_15-16_crop_00.jpg,bg_to_strip_inclusion,32,2,949,900,2,2,6,TIND
0506tin2_15-16_crop_00.jpg,bg_to_strip_inclusion,33,8,951,909,5,4,6,TIND
0506tin2_15-16_crop_00.jpg,bg_to_strip_inclusion,34,2,220,966,2,2,6,TIND
0506tin2_15-16_crop_00.jpg,bg_to_strip_inclusion,36,2,908,976,1,2,6,TIND
0506tin2_15-16_crop_02.jpg,bg_to_strip_inclusion,1,3,638,394,3,1,6,TIND
0506tin2_15-16_crop_02.jpg,bg_to_strip_inclusion,2,3,635,399,1,3,6,TIND
0506tin2_15-16_crop_02.jpg,bg_to_strip_inclusion,3,11,644,399,2,11,6,TIND
0506tin2_15-16_crop_02.jpg,bg_to_strip_inclusion,4,11,636,408,3,7,6,TIND
0506tin2_15-16_crop_02.jpg,bg_to_strip_inclusion,5,6,642,415,3,3,6,TIND
0506tin2_15-16_crop_02.jpg,bg_to_strip_inclusion,6,3,193,652,3,3,6,TIND
0506tin2_15-16_crop_02.jpg,bg_to_strip_inclusion,8,3,188,656,3,3,6,TIND
0506tin2_15-20_crop_00.jpg,bg_to_strip_inclusion,1,6,96,73,3,5,5,TINB/TINC
0506tin2_15-20_crop_00.jpg,bg_to_strip_inclusion,2,22,96,92,6,20,5,TINB/TINC
0506tin2_15-20_crop_00.jpg,bg_to_strip_inclusion,4,2,107,107,1,2,5,TINB/TINC
0506tin2_15-20_crop_00.jpg,bg_to_strip_inclusion,5,4,102,113,1,4,5,TINB/TINC
0506tin2_15-20_crop_00.jpg,bg_to_strip_inclusion,6,2,108,112,1,2,5,TINB/TINC
0506tin2_15-20_crop_00.jpg,bg_to_strip_inclusion,8,2,111,133,1,2,5,TINB/TINC
0506tin2_15-20_crop_00.jpg,bg_to_strip_inclusion,9,3,104,134,1,3,5,TINB/TINC
0506tin2_15-20_crop_00.jpg,bg_to_strip_inclusion,10,2,105,169,1,2,5,TINB/TINC
0506tin2_15-20_crop_00.jpg,bg_to_strip_inclusion,11,6,103,172,2,6,5,TINB/TINC
0506tin2_15-20_crop_00.jpg,bg_to_strip_inclusion,13,2,784,248,2,2,6,TIND
0506tin2_15-20_crop_00.jpg,bg_to_strip_inclusion,17,2,137,308,2,1,6,TIND
0506tin2_15-20_crop_00.jpg,bg_to_strip_inclusion,19,3,138,314,3,2,6,TIND
0506tin2_15-20_crop_00.jpg,bg_to_strip_inclusion,20,86,111,440,11,31,5,TINB/TINC
0506tin2_15-20_crop_00.jpg,bg_to_strip_inclusion,21,10,117,442,4,5,5,TINB/TINC
0506tin2_15-20_crop_00.jpg,bg_to_strip_inclusion,22,9,107,485,5,4,6,TIND
0506tin2_15-20_crop_00.jpg,bg_to_strip_inclusion,23,3,106,495,1,3,5,TINB/TINC
0506tin2_15-20_crop_00.jpg,bg_to_strip_inclusion,25,11,100,508,3,6,6,TIND
0506tin2_15-20_crop_00.jpg,bg_to_strip_inclusion,27,24,152,530,6,10,6,TIND
0506tin2_15-20_crop_00.jpg,bg_to_strip_inclusion,28,76,158,561,8,15,6,TIND
0506tin2_15-20_crop_00.jpg,bg_to_strip_inclusion,30,8,148,573,5,4,6,TIND
0506tin2_15-20_crop_00.jpg,bg_to_strip_inclusion,32,5,166,596,4,3,6,TIND
0506tin2_15-20_crop_00.jpg,bg_to_strip_inclusion,33,5,171,609,1,5,6,TIND
0506tin2_15-20_crop_00.jpg,bg_to_strip_inclusion,34,8,167,615,4,3,6,TIND
0506tin2_15-20_crop_00.jpg,bg_to_strip_inclusion,35,3,825,671,3,3,6,TIND
0506tin2_15-20_crop_00.jpg,bg_to_strip_inclusion,36,74,825,696,9,11,6,TIND
0506tin2_15-20_crop_00.jpg,bg_to_strip_inclusion,37,3,157,735,1,3,6,TIND
0506tin2_15-20_crop_00.jpg,bg_to_strip_inclusion,38,20,173,770,3,9,5,TINB/TINC
0506tin2_15-20_crop_00.jpg,bg_to_strip_inclusion,39,5,173,785,2,4,5,TINB/TINC
0506tin2_15-20_crop_00.jpg,bg_to_strip_inclusion,40,9,139,793,8,5,6,TIND
0506tin2_15-20_crop_00.jpg,bg_to_strip_inclusion,41,2,175,792,1,2,5,TINB/TINC
0506tin2_15-20_crop_00.jpg,bg_to_strip_inclusion,42,19,139,800,10,4,6,TIND
0506tin2_15-20_crop_00.jpg,bg_to_strip_inclusion,44,3,873,891,3,1,6,TIND
0506tin2_15-20_crop_00.jpg,bg_to_strip_inclusion,45,11,867,892,5,10,6,TIND
0506tin2_15-20_crop_00.jpg,bg_to_strip_inclusion,46,2,146,1000,2,1,6,TIND
0506tin2_15-20_crop_00.jpg,bg_to_strip_inclusion,48,23,143,1009,6,5,6,TIND
0528_1-10_crop_00.jpg,bg_to_strip_inclusion,1,7,813,576,2,7,1,A
0528_1-10_crop_00.jpg,bg_to_strip_inclusion,2,2,816,592,2,1,1,A
0528_1-10_crop_00.jpg,bg_to_strip_inclusion,3,5,642,697,2,4,3,C
0528_1-10_crop_00.jpg,bg_to_strip_inclusion,4,2,641,702,1,2,3,C
0528_1-10_crop_00.jpg,bg_to_strip_inclusion,5,5,640,714,1,5,3,C
0528_1-10_crop_00.jpg,bg_to_strip_inclusion,6,8,639,722,1,8,3,C
0528_1-10_crop_00.jpg,bg_to_D,1,4,208,695,3,3,4,D
0528_1-12_crop_00.jpg,bg_to_strip_inclusion,1,3,953,62,3,3,1,A
0528_1-12_crop_00.jpg,bg_to_strip_inclusion,2,14,950,65,3,11,1,A
0528_1-12_crop_00.jpg,bg_to_strip_inclusion,4,58,956,97,4,29,1,A
0528_1-12_crop_00.jpg,bg_to_strip_inclusion,5,2,948,101,1,2,1,A
0528_1-12_crop_00.jpg,bg_to_strip_inclusion,6,3,946,119,1,3,1,A
0528_1-12_crop_00.jpg,bg_to_strip_inclusion,7,3,945,123,1,3,1,A
0528_1-12_crop_00.jpg,bg_to_strip_inclusion,8,5,955,129,1,5,1,A
0528_1-12_crop_00.jpg,bg_to_strip_inclusion,9,15,946,143,2,13,1,A
0528_1-12_crop_00.jpg,bg_to_strip_inclusion,10,14,947,164,3,12,1,A
0528_1-12_crop_00.jpg,bg_to_strip_inclusion,11,50,950,171,6,19,1,A
0528_1-12_crop_00.jpg,bg_to_strip_inclusion,12,38,607,477,4,20,1,A
0528_1-12_crop_00.jpg,bg_to_strip_inclusion,14,14,599,489,1,14,1,A
0528_1-12_crop_00.jpg,bg_to_strip_inclusion,15,4,609,511,1,4,1,A
0528_1-12_crop_00.jpg,bg_to_strip_inclusion,17,3,609,531,1,3,1,A
0528_1-12_crop_00.jpg,bg_to_strip_inclusion,18,2,603,533,1,2,1,A
0528_1-12_crop_00.jpg,bg_to_strip_inclusion,19,3,604,539,2,3,1,A
0528_1-12_crop_00.jpg,bg_to_D,1,2,743,66,2,2,4,D
0528_1-12_crop_00.jpg,bg_to_D,2,2,649,128,2,2,4,D
0528_1-12_crop_00.jpg,bg_to_D,4,2,681,158,2,2,4,D
0528_1-12_crop_00.jpg,bg_to_D,5,32,8,325,6,6,4,D
0528_1-12_crop_00.jpg,bg_to_D,6,2,766,386,2,1,4,D
0528_1-15_crop_00.jpg,bg_to_strip_inclusion,1,69,957,194,7,15,1,A
0528_1-15_crop_00.jpg,bg_to_strip_inclusion,2,99,970,236,9,26,1,A
0528_1-15_crop_00.jpg,bg_to_strip_inclusion,3,4,965,261,1,4,1,A
0528_1-15_crop_00.jpg,bg_to_strip_inclusion,5,9,965,279,2,8,1,A
0528_1-15_crop_00.jpg,bg_to_strip_inclusion,6,3,561,868,3,1,3,C
0528_1-15_crop_00.jpg,bg_to_strip_inclusion,8,2,562,876,1,2,3,C
0528_1-15_crop_00.jpg,bg_to_strip_inclusion,10,8,563,879,2,7,3,C
0528_1-15_crop_00.jpg,bg_to_strip_inclusion,12,2,568,890,2,2,3,C
0528_1-15_crop_00.jpg,bg_to_strip_inclusion,13,4,285,910,4,2,1,A
0528_1-15_crop_00.jpg,bg_to_strip_inclusion,15,5,290,920,1,5,1,A
0528_1-15_crop_00.jpg,bg_to_strip_inclusion,16,5,286,923,1,5,1,A
0528_1-15_crop_00.jpg,bg_to_strip_inclusion,17,5,291,926,1,5,1,A
0528_1-15_crop_00.jpg,bg_to_strip_inclusion,18,42,290,945,5,23,1,A
0528_1-15_crop_00.jpg,bg_to_strip_inclusion,19,18,285,955,2,17,1,A
0528_1-15_crop_00.jpg,bg_to_strip_inclusion,20,9,286,985,5,4,1,A
0528_1-15_crop_00.jpg,bg_to_strip_inclusion,22,4,287,997,1,4,1,A
0528_1-15_crop_00.jpg,bg_to_strip_inclusion,24,3,289,1015,1,3,1,A
0528_1-15_crop_00.jpg,bg_to_D,1,2,689,290,2,2,4,D
0528_1-15_crop_02.jpg,bg_to_strip_inclusion,1,3,394,9,1,3,3,C
0528_1-15_crop_02.jpg,bg_to_strip_inclusion,3,2,398,14,1,2,3,C
0528_1-15_crop_02.jpg,bg_to_strip_inclusion,4,2,397,20,1,2,3,C
0528_1-15_crop_02.jpg,bg_to_strip_inclusion,5,5,391,24,2,3,3,C
0528_1-15_crop_02.jpg,bg_to_strip_inclusion,6,11,288,97,2,9,1,A
0528_1-15_crop_02.jpg,bg_to_strip_inclusion,7,3,294,105,1,3,1,A
0528_1-15_crop_02.jpg,bg_to_strip_inclusion,8,3,288,115,1,3,1,A
0528_1-15_crop_02.jpg,bg_to_strip_inclusion,10,3,290,124,1,3,1,A
0528_1-15_crop_02.jpg,bg_to_strip_inclusion,11,18,297,124,1,18,1,A
0528_1-15_crop_02.jpg,bg_to_strip_inclusion,12,23,289,128,4,15,1,A
0528_1-15_crop_02.jpg,bg_to_strip_inclusion,13,22,288,149,4,14,1,A
0528_1-15_crop_02.jpg,bg_to_strip_inclusion,14,14,298,152,1,14,1,A
0528_1-15_crop_02.jpg,bg_to_strip_inclusion,15,4,901,623,3,2,1,A
0528_1-15_crop_02.jpg,bg_to_strip_inclusion,16,4,900,626,1,4,1,A
0528_1-15_crop_02.jpg,bg_to_strip_inclusion,17,3,907,632,1,3,1,A
0528_1-15_crop_02.jpg,bg_to_strip_inclusion,18,17,903,639,6,7,1,A
0528_1-18_crop_01.jpg,bg_to_strip_inclusion,1,14,980,15,6,11,1,A
0528_1-18_crop_01.jpg,bg_to_strip_inclusion,6,2,984,47,1,2,1,A
0528_1-18_crop_01.jpg,bg_to_strip_inclusion,7,2,985,50,1,2,1,A
0528_1-18_crop_01.jpg,bg_to_strip_inclusion,8,16,986,53,3,14,1,A
0528_1-18_crop_01.jpg,bg_to_strip_inclusion,9,6,988,74,4,5,1,A
0528_1-18_crop_01.jpg,bg_to_strip_inclusion,10,2,994,74,1,2,1,A
0528_1-18_crop_01.jpg,bg_to_strip_inclusion,12,134,963,186,6,26,1,A
0528_1-19_crop_00.jpg,bg_to_strip_inclusion,3,84,972,81,6,22,1,A
0528_1-19_crop_00.jpg,bg_to_strip_inclusion,5,2,958,105,1,2,1,A
0528_1-19_crop_00.jpg,bg_to_strip_inclusion,6,2,957,109,1,2,1,A
0528_1-19_crop_00.jpg,bg_to_strip_inclusion,7,13,969,132,3,12,1,A
0528_1-19_crop_00.jpg,bg_to_strip_inclusion,8,5,952,138,1,5,1,A
0528_1-19_crop_00.jpg,bg_to_strip_inclusion,11,4,951,152,1,4,1,A
0528_1-19_crop_00.jpg,bg_to_strip_inclusion,12,4,965,152,2,4,1,A
0528_1-19_crop_00.jpg,bg_to_strip_inclusion,14,2,963,159,1,2,1,A
0528_1-19_crop_00.jpg,bg_to_strip_inclusion,16,2,962,162,1,2,1,A
0528_1-19_crop_00.jpg,bg_to_strip_inclusion,17,4,772,284,3,3,1,A
0528_1-19_crop_00.jpg,bg_to_strip_inclusion,20,25,767,300,2,22,1,A
0528_1-19_crop_00.jpg,bg_to_strip_inclusion,21,25,777,316,2,23,1,A
0528_1-19_crop_00.jpg,bg_to_strip_inclusion,22,13,194,356,5,5,1,A
0528_1-19_crop_00.jpg,bg_to_strip_inclusion,23,25,202,369,2,15,1,A
0528_1-19_crop_00.jpg,bg_to_strip_inclusion,24,9,196,375,2,7,1,A
0528_1-19_crop_00.jpg,bg_to_strip_inclusion,25,30,754,433,4,14,1,A
0528_1-19_crop_00.jpg,bg_to_strip_inclusion,26,18,752,448,2,17,1,A
0528_1-19_crop_00.jpg,bg_to_strip_inclusion,27,3,751,469,1,3,1,A
0528_1-19_crop_00.jpg,bg_to_strip_inclusion,29,47,678,484,5,12,1,A
0528_1-19_crop_00.jpg,bg_to_strip_inclusion,30,7,977,868,6,3,1,A
0528_1-19_crop_00.jpg,bg_to_strip_inclusion,31,20,972,874,4,18,1,A
0528_1-19_crop_00.jpg,bg_to_strip_inclusion,32,2,971,893,1,2,1,A
0528_1-19_crop_00.jpg,bg_to_strip_inclusion,33,20,969,897,2,18,1,A
0528_1-19_crop_00.jpg,bg_to_strip_inclusion,34,45,978,904,7,30,1,A
0528_1-19_crop_00.jpg,bg_to_strip_inclusion,35,16,968,926,2,16,1,A
0528_1-19_crop_00.jpg,bg_to_strip_inclusion,37,2,967,944,1,2,1,A
0528_1-19_crop_00.jpg,bg_to_strip_inclusion,39,2,966,950,1,2,1,A
0528_1-19_crop_00.jpg,bg_to_strip_inclusion,41,2,973,954,1,2,1,A
0528_1-19_crop_00.jpg,bg_to_D,1,2,43,18,2,2,4,D
0528_1-19_crop_00.jpg,bg_to_D,4,2,376,32,2,2,4,D
0528_1-19_crop_00.jpg,bg_to_D,5,3,412,96,3,3,4,D
0528_1-19_crop_00.jpg,bg_to_D,6,2,420,96,2,2,4,D
0528_1-21_crop_01.jpg,bg_to_strip_inclusion,1,99,517,16,9,23,1,A
0528_1-21_crop_01.jpg,bg_to_strip_inclusion,2,13,513,31,1,13,1,A
0528_1-21_crop_01.jpg,bg_to_strip_inclusion,3,15,512,45,3,15,1,A
0528_1-21_crop_02.jpg,bg_to_D,3,3,624,521,3,2,4,D
0528_1-26_crop_00.jpg,bg_to_strip_inclusion,2,2,594,41,1,2,1,A
0528_1-26_crop_00.jpg,bg_to_strip_inclusion,3,14,592,45,2,14,1,A
0528_1-26_crop_00.jpg,bg_to_strip_inclusion,4,7,592,68,1,7,1,A
0528_1-26_crop_00.jpg,bg_to_strip_inclusion,5,2,581,78,1,2,1,A
0528_1-26_crop_00.jpg,bg_to_strip_inclusion,6,15,578,83,3,15,1,A
0528_1-26_crop_00.jpg,bg_to_strip_inclusion,7,6,578,107,4,5,1,A
0528_1-26_crop_00.jpg,bg_to_strip_inclusion,9,127,432,300,9,18,1,A
0528_1-26_crop_00.jpg,bg_to_strip_inclusion,11,12,570,965,4,11,1,A
0528_1-26_crop_00.jpg,bg_to_strip_inclusion,12,2,565,973,1,2,1,A
0528_1-26_crop_00.jpg,bg_to_strip_inclusion,13,8,566,976,1,8,1,A
0528_1-26_crop_00.jpg,bg_to_strip_inclusion,14,5,574,979,1,5,1,A
0528_1-26_crop_00.jpg,bg_to_strip_inclusion,15,25,570,986,4,17,1,A
0528_1-26_crop_00.jpg,bg_to_strip_inclusion,16,13,566,991,2,13,1,A
0528_1-26_crop_00.jpg,bg_to_D,1,60,333,146,9,8,4,D
0528_1-26_crop_02.jpg,bg_to_strip_inclusion,1,3,481,855,1,3,3,C
0528_1-32_crop_00.jpg,bg_to_strip_inclusion,1,86,55,138,8,23,3,C
0528_1-32_crop_00.jpg,bg_to_strip_inclusion,2,4,57,152,1,4,3,C
0528_1-32_crop_00.jpg,bg_to_strip_inclusion,3,4,63,164,1,4,1,A
0528_1-32_crop_00.jpg,bg_to_strip_inclusion,4,9,59,169,3,8,1,A
0528_1-32_crop_00.jpg,bg_to_strip_inclusion,7,89,877,201,4,30,2,B
0528_1-32_crop_00.jpg,bg_to_strip_inclusion,8,191,760,405,9,32,2,B
0528_1-32_crop_00.jpg,bg_to_strip_inclusion,9,25,878,420,7,12,1,A
0528_1-32_crop_00.jpg,bg_to_strip_inclusion,10,8,883,426,1,8,1,A
0528_1-32_crop_00.jpg,bg_to_strip_inclusion,11,17,876,435,2,14,1,A
0528_1-32_crop_00.jpg,bg_to_strip_inclusion,12,4,881,451,2,4,1,A
0528_1-32_crop_00.jpg,bg_to_strip_inclusion,13,28,877,454,4,23,1,A
0528_1-32_crop_00.jpg,bg_to_strip_inclusion,14,4,884,467,1,4,1,A
0528_1-32_crop_00.jpg,bg_to_strip_inclusion,15,11,767,486,4,5,1,A
0528_1-32_crop_00.jpg,bg_to_strip_inclusion,16,56,884,488,5,15,1,A
0528_1-32_crop_00.jpg,bg_to_strip_inclusion,18,22,766,504,2,14,1,A
0528_1-32_crop_00.jpg,bg_to_strip_inclusion,20,131,770,586,14,22,1,A
0528_1-32_crop_00.jpg,bg_to_strip_inclusion,21,4,1002,629,1,4,3,C
0528_1-32_crop_00.jpg,bg_to_strip_inclusion,22,22,1002,639,2,16,3,C
0528_1-32_crop_00.jpg,bg_to_strip_inclusion,23,55,837,646,6,13,3,C
0528_1-32_crop_00.jpg,bg_to_strip_inclusion,24,2,1007,665,1,2,3,C
0528_1-32_crop_00.jpg,bg_to_strip_inclusion,25,4,1001,675,1,4,3,C
0528_1-32_crop_00.jpg,bg_to_strip_inclusion,26,3,1000,680,1,3,3,C
0528_1-32_crop_00.jpg,bg_to_strip_inclusion,27,18,1006,683,2,16,3,C
0528_1-32_crop_00.jpg,bg_to_strip_inclusion,28,3,1000,689,1,3,3,C
0528_1-32_crop_00.jpg,bg_to_strip_inclusion,29,25,824,730,5,10,1,A
0528_1-32_crop_00.jpg,bg_to_strip_inclusion,30,8,829,735,2,6,1,A
0528_1-32_crop_00.jpg,bg_to_strip_inclusion,31,12,382,940,1,12,3,C
0528_1-32_crop_00.jpg,bg_to_strip_inclusion,32,5,387,947,1,5,3,C
0528_1-32_crop_00.jpg,bg_to_strip_inclusion,33,5,383,954,1,5,3,C
0528_1-32_crop_00.jpg,bg_to_strip_inclusion,34,7,389,962,2,7,3,C
0528_1-32_crop_00.jpg,bg_to_strip_inclusion,35,2,385,969,1,2,3,C
0528_1-32_crop_00.jpg,bg_to_strip_inclusion,36,8,386,978,1,8,3,C
0528_1-32_crop_00.jpg,bg_to_strip_inclusion,37,7,391,981,1,7,3,C
0528_1-3_crop_01.jpg,bg_to_strip_inclusion,1,3,485,613,3,2,1,A
0528_1-3_crop_01.jpg,bg_to_strip_inclusion,2,2,493,616,2,2,1,A
0528_1-3_crop_01.jpg,bg_to_strip_inclusion,6,16,491,703,6,4,1,A
0528_1-3_crop_01.jpg,bg_to_strip_inclusion,8,4,1009,1010,1,4,3,C
0528_1-4_crop_01.jpg,bg_to_strip_inclusion,1,12,836,295,1,12,1,A
0528_1-4_crop_01.jpg,bg_to_strip_inclusion,2,2,841,320,1,2,1,A
0528_1-4_crop_01.jpg,bg_to_strip_inclusion,3,3,837,326,3,3,1,A
0528_1-4_crop_01.jpg,bg_to_strip_inclusion,4,2,73,437,1,2,1,A
0528_1-4_crop_01.jpg,bg_to_strip_inclusion,5,4,72,441,1,4,1,A
0528_1-4_crop_01.jpg,bg_to_strip_inclusion,8,6,60,521,1,6,1,A
0528_1-4_crop_01.jpg,bg_to_strip_inclusion,9,2,60,539,1,2,1,A
0528_1-4_crop_01.jpg,bg_to_strip_inclusion,11,38,217,610,5,10,3,C
0528_1-4_crop_01.jpg,bg_to_D,1,3,34,127,3,3,4,D
0528_1-4_crop_01.jpg,bg_to_D,2,5,39,127,4,4,4,D
0528_1-6_crop_01.jpg,bg_to_strip_inclusion,3,13,656,926,3,11,3,C
0528_1-6_crop_01.jpg,bg_to_strip_inclusion,4,13,659,938,1,13,3,C
0528_1-6_crop_01.jpg,bg_to_strip_inclusion,5,2,658,956,1,2,3,C
0528_1-6_crop_01.jpg,bg_to_D,2,2,917,17,2,2,4,D
0528_1-6_crop_01.jpg,bg_to_D,4,2,368,379,2,2,4,D
0528_1-6_crop_01.jpg,bg_to_D,6,36,264,952,6,7,4,D
0528_1-7_crop_00.jpg,bg_to_strip_inclusion,1,9,373,199,1,9,3,C
0528_1-7_crop_00.jpg,bg_to_strip_inclusion,2,17,367,211,1,17,3,C
0528_1-7_crop_00.jpg,bg_to_D,1,2,166,641,2,1,4,D
0528_1-7_crop_00.jpg,bg_to_D,2,11,169,641,8,8,4,D
0528_1-7_crop_00.jpg,bg_to_D,3,9,160,642,5,7,4,D
0528_1-7_crop_00.jpg,bg_to_D,4,11,160,650,8,8,4,D
0528_1-7_crop_00.jpg,bg_to_D,5,11,169,650,8,8,4,D
0528_2-10_crop_01.jpg,bg_to_strip_inclusion,1,11,461,190,6,3,3,C
0528_2-10_crop_01.jpg,bg_to_D,1,7,792,990,7,4,4,D
0528_2-13_crop_00.jpg,bg_to_strip_inclusion,1,5,545,17,2,5,1,A
0528_2-13_crop_00.jpg,bg_to_strip_inclusion,2,3,549,19,1,3,1,A
0528_2-13_crop_00.jpg,bg_to_strip_inclusion,3,43,545,31,3,36,1,A
0528_2-13_crop_00.jpg,bg_to_strip_inclusion,4,12,557,47,2,9,1,A
0528_2-13_crop_00.jpg,bg_to_strip_inclusion,6,5,552,70,2,5,1,A
0528_2-13_crop_00.jpg,bg_to_strip_inclusion,9,2,450,291,1,2,1,A
0528_2-13_crop_00.jpg,bg_to_strip_inclusion,11,6,448,309,2,5,1,A
0528_2-13_crop_00.jpg,bg_to_strip_inclusion,12,4,447,318,1,4,1,A
0528_2-13_crop_00.jpg,bg_to_strip_inclusion,13,2,812,913,2,1,3,C
0528_2-18_crop_02.jpg,bg_to_strip_inclusion,1,32,0,108,5,23,1,A
0528_2-20_crop_00.jpg,bg_to_strip_inclusion,1,12,1003,26,5,5,3,C
0528_2-20_crop_00.jpg,bg_to_strip_inclusion,2,17,1003,36,2,15,3,C
0528_2-20_crop_00.jpg,bg_to_strip_inclusion,3,5,1009,39,1,5,3,C
0528_2-20_crop_00.jpg,bg_to_strip_inclusion,4,14,1004,54,5,9,3,C
0528_2-20_crop_00.jpg,bg_to_strip_inclusion,5,4,767,110,4,3,3,C
0528_2-20_crop_00.jpg,bg_to_strip_inclusion,6,3,771,113,1,3,3,C
0528_2-20_crop_00.jpg,bg_to_strip_inclusion,7,16,766,116,2,11,3,C
0528_2-20_crop_03.jpg,bg_to_strip_inclusion,3,13,910,273,1,13,3,C
0528_2-20_crop_03.jpg,bg_to_strip_inclusion,4,7,915,273,1,7,3,C
0528_2-20_crop_03.jpg,bg_to_strip_inclusion,5,2,912,316,1,2,3,C
0528_2-22_crop_00.jpg,bg_to_strip_inclusion,1,2,129,21,2,1,1,A
0528_2-22_crop_00.jpg,bg_to_strip_inclusion,2,2,127,25,1,2,1,A
0528_2-22_crop_00.jpg,bg_to_strip_inclusion,3,3,126,42,1,3,1,A
0528_2-22_crop_00.jpg,bg_to_strip_inclusion,4,4,254,881,3,2,2,B
0528_2-22_crop_00.jpg,bg_to_strip_inclusion,5,7,253,884,1,7,2,B
0528_2-22_crop_00.jpg,bg_to_strip_inclusion,6,7,258,885,1,7,2,B
0528_2-22_crop_00.jpg,bg_to_strip_inclusion,7,32,253,895,6,8,2,B
0528_2-24_crop_02.jpg,bg_to_strip_inclusion,1,41,493,916,6,18,1,A
0528_2-24_crop_02.jpg,bg_to_strip_inclusion,2,19,491,946,2,12,1,A
0528_2-24_crop_02.jpg,bg_to_strip_inclusion,3,5,492,959,3,3,1,A
0528_2-27_crop_02.jpg,bg_to_strip_inclusion,1,95,999,559,18,40,1,A
0528_2-27_crop_02.jpg,bg_to_strip_inclusion,2,15,1014,578,2,15,1,A
0528_2-27_crop_02.jpg,bg_to_strip_inclusion,4,2,1012,615,1,2,1,A
0528_2-27_crop_02.jpg,bg_to_strip_inclusion,5,3,1011,618,1,3,1,A
0528_2-27_crop_02.jpg,bg_to_strip_inclusion,9,3,113,706,3,2,1,A
0528_2-6_crop_01.jpg,bg_to_strip_inclusion,1,2,167,500,2,2,1,A
0528_2-6_crop_01.jpg,bg_to_strip_inclusion,2,16,162,505,4,14,1,A
0528_2-6_crop_01.jpg,bg_to_strip_inclusion,4,3,160,527,1,3,1,A
0528_2-6_crop_01.jpg,bg_to_strip_inclusion,5,11,167,529,6,9,1,A
0528_2-6_crop_01.jpg,bg_to_strip_inclusion,6,29,158,532,8,11,1,A
0528_2-6_crop_01.jpg,bg_to_strip_inclusion,7,67,824,979,5,16,1,A
0711-41_crop_01.jpg,bg_to_strip_inclusion,1,242,341,341,10,43,3,C
0711-41_crop_01.jpg,bg_to_strip_inclusion,2,3,336,366,1,3,3,C
0711-41_crop_01.jpg,bg_to_strip_inclusion,4,9,765,866,5,6,1,A
0711-41_crop_01.jpg,bg_to_strip_inclusion,6,3,772,868,1,3,1,A
0711-41_crop_01.jpg,bg_to_strip_inclusion,7,3,764,873,1,3,1,A
0711-41_crop_01.jpg,bg_to_strip_inclusion,8,10,763,878,3,10,1,A
0711-44_crop_01.jpg,bg_to_strip_inclusion,1,16,780,110,4,9,3,C
0711-44_crop_01.jpg,bg_to_strip_inclusion,2,8,778,114,1,8,3,C
0711-44_crop_01.jpg,bg_to_strip_inclusion,3,5,782,124,1,5,3,C
0711-44_crop_01.jpg,bg_to_strip_inclusion,4,2,783,135,1,2,3,C
0711-44_crop_01.jpg,bg_to_strip_inclusion,6,3,787,154,1,3,1,A
0711-44_crop_01.jpg,bg_to_strip_inclusion,7,2,783,159,1,2,1,A
0711-44_crop_01.jpg,bg_to_strip_inclusion,8,3,784,163,1,3,1,A
0711-44_crop_01.jpg,bg_to_strip_inclusion,9,5,785,167,1,5,1,A
0711-44_crop_01.jpg,bg_to_strip_inclusion,10,4,786,173,1,4,1,A
0711-44_crop_01.jpg,bg_to_strip_inclusion,11,2,787,178,1,2,1,A
0711-44_crop_01.jpg,bg_to_strip_inclusion,14,2,903,800,2,1,1,A
0711-44_crop_01.jpg,bg_to_strip_inclusion,15,8,899,806,2,8,1,A
0711-44_crop_01.jpg,bg_to_strip_inclusion,16,5,911,815,2,5,1,A
0711-44_crop_01.jpg,bg_to_strip_inclusion,17,4,914,852,2,4,1,A
0711-44_crop_01.jpg,bg_to_strip_inclusion,18,2,916,860,1,2,1,A
0711-44_crop_01.jpg,bg_to_strip_inclusion,20,6,872,912,1,6,1,A
0711-44_crop_01.jpg,bg_to_strip_inclusion,21,10,877,920,3,6,1,A
0711-44_crop_01.jpg,bg_to_strip_inclusion,25,10,891,957,2,10,1,A
0711-48_crop_01.jpg,bg_to_D,2,4,946,471,3,3,4,D
0711-50_crop_01.jpg,bg_to_strip_inclusion,1,2,448,415,2,1,1,A
0711-50_crop_01.jpg,bg_to_strip_inclusion,2,4,450,417,1,4,1,A
0711-50_crop_01.jpg,bg_to_strip_inclusion,3,3,445,421,1,3,1,A
0711-50_crop_01.jpg,bg_to_strip_inclusion,4,23,449,424,2,17,1,A
0711-50_crop_01.jpg,bg_to_strip_inclusion,5,3,444,426,1,3,1,A
0711-50_crop_01.jpg,bg_to_strip_inclusion,6,2,443,432,1,2,1,A
0711-50_crop_01.jpg,bg_to_strip_inclusion,7,20,441,437,2,20,1,A
0711-50_crop_01.jpg,bg_to_strip_inclusion,8,8,443,469,1,8,1,A
0711-50_crop_01.jpg,bg_to_strip_inclusion,9,40,450,473,4,22,1,A
0711-50_crop_01.jpg,bg_to_strip_inclusion,10,21,443,480,6,16,1,A
0711-51_crop_00.jpg,bg_to_strip_inclusion,2,14,636,61,1,14,1,A
0711-51_crop_00.jpg,bg_to_strip_inclusion,3,4,642,65,1,4,1,A
0711-51_crop_00.jpg,bg_to_strip_inclusion,4,2,644,77,1,2,1,A
0711-51_crop_00.jpg,bg_to_strip_inclusion,5,2,645,80,1,2,1,A
0711-51_crop_00.jpg,bg_to_strip_inclusion,7,2,637,88,1,2,1,A
0711-51_crop_00.jpg,bg_to_strip_inclusion,8,6,647,91,2,5,1,A
0711-51_crop_00.jpg,bg_to_strip_inclusion,11,2,649,99,1,2,1,A
0711-51_crop_00.jpg,bg_to_strip_inclusion,13,2,641,102,1,2,1,A
0711-51_crop_00.jpg,bg_to_strip_inclusion,14,4,651,117,1,4,1,A
0711-51_crop_00.jpg,bg_to_strip_inclusion,15,3,655,145,1,3,1,A
0711-51_crop_00.jpg,bg_to_strip_inclusion,16,12,649,149,4,11,1,A
0711-51_crop_00.jpg,bg_to_strip_inclusion,17,2,656,153,1,2,1,A
0711-51_crop_00.jpg,bg_to_strip_inclusion,18,139,662,266,14,19,1,A
0711-51_crop_00.jpg,bg_to_strip_inclusion,20,5,665,290,3,2,1,A
0711-51_crop_00.jpg,bg_to_strip_inclusion,21,13,240,335,8,8,1,A
0711-51_crop_00.jpg,bg_to_strip_inclusion,22,95,25,336,6,19,3,C
0711-51_crop_00.jpg,bg_to_strip_inclusion,23,4,248,344,1,4,1,A
0711-51_crop_00.jpg,bg_to_strip_inclusion,24,12,650,366,5,4,1,A
0711-51_crop_00.jpg,bg_to_strip_inclusion,26,4,647,382,1,4,1,A
0711-51_crop_00.jpg,bg_to_strip_inclusion,27,4,648,388,1,4,1,A
0711-51_crop_00.jpg,bg_to_strip_inclusion,28,5,647,401,1,5,1,A
0711-51_crop_00.jpg,bg_to_strip_inclusion,30,2,749,689,1,2,1,A
0711-51_crop_00.jpg,bg_to_strip_inclusion,31,3,748,693,1,3,1,A
0711-51_crop_00.jpg,bg_to_strip_inclusion,33,3,767,755,3,1,1,A
0711-51_crop_00.jpg,bg_to_strip_inclusion,34,3,763,763,1,3,1,A
0711-51_crop_00.jpg,bg_to_strip_inclusion,35,6,773,767,1,6,1,A
0711-51_crop_00.jpg,bg_to_strip_inclusion,36,4,703,840,4,2,1,A
0711-51_crop_00.jpg,bg_to_strip_inclusion,37,28,703,851,1,28,1,A
0711-51_crop_00.jpg,bg_to_strip_inclusion,38,4,708,856,1,4,1,A
0711-51_crop_00.jpg,bg_to_strip_inclusion,39,4,708,873,1,4,1,A
0711-51_crop_00.jpg,bg_to_strip_inclusion,40,2,707,879,1,2,1,A
0711-51_crop_00.jpg,bg_to_strip_inclusion,42,10,713,908,1,10,1,A
0711-51_crop_00.jpg,bg_to_strip_inclusion,45,2,141,983,1,2,1,A
0711-51_crop_00.jpg,bg_to_strip_inclusion,46,3,145,989,1,3,1,A
0711-51_crop_00.jpg,bg_to_strip_inclusion,47,18,140,990,5,12,1,A
0711-52_crop_00.jpg,bg_to_strip_inclusion,1,2,512,521,1,2,1,A
0711-52_crop_00.jpg,bg_to_strip_inclusion,2,25,513,526,4,8,1,A
0711-52_crop_00.jpg,bg_to_D,2,2,750,552,2,1,4,D
0711-52_crop_00.jpg,bg_to_D,3,2,753,553,2,2,4,D
0711-52_crop_00.jpg,bg_to_D,4,2,755,556,1,2,4,D
0711-52_crop_00.jpg,bg_to_D,6,2,755,559,1,2,4,D
0711-52_crop_00.jpg,bg_to_D,7,2,753,562,2,2,4,D
0711-52_crop_00.jpg,bg_to_D,8,2,747,564,2,1,4,D
0711-52_crop_00.jpg,bg_to_D,9,2,750,564,2,1,4,D
0711-54_crop_00.jpg,bg_to_strip_inclusion,2,4,692,218,2,4,1,A
0711-54_crop_00.jpg,bg_to_strip_inclusion,3,7,684,224,2,6,1,A
0711-54_crop_00.jpg,bg_to_strip_inclusion,4,4,685,238,3,4,1,A
0711-54_crop_00.jpg,bg_to_strip_inclusion,5,29,786,561,4,19,1,A
0711-54_crop_00.jpg,bg_to_strip_inclusion,6,2,797,565,2,2,1,A
0711-54_crop_00.jpg,bg_to_strip_inclusion,7,2,868,581,2,1,1,A
0711-54_crop_00.jpg,bg_to_strip_inclusion,8,31,805,583,4,20,1,A
0711-54_crop_00.jpg,bg_to_strip_inclusion,10,3,865,604,1,3,1,A
0711-54_crop_00.jpg,bg_to_strip_inclusion,12,7,793,613,2,7,1,A
0711-54_crop_00.jpg,bg_to_strip_inclusion,13,28,864,635,1,28,1,A
0711-54_crop_00.jpg,bg_to_strip_inclusion,14,4,797,646,1,4,1,A
0711-54_crop_00.jpg,bg_to_strip_inclusion,15,8,809,646,2,6,1,A
0711-54_crop_00.jpg,bg_to_strip_inclusion,16,2,798,654,1,2,1,A
0711-54_crop_00.jpg,bg_to_strip_inclusion,17,42,801,667,9,10,1,A
0711-54_crop_00.jpg,bg_to_strip_inclusion,18,5,871,673,1,5,1,A
0711-54_crop_00.jpg,bg_to_strip_inclusion,19,6,865,678,2,5,1,A
0711-54_crop_00.jpg,bg_to_strip_inclusion,20,7,857,688,2,6,1,A
0711-54_crop_00.jpg,bg_to_strip_inclusion,21,37,858,696,8,12,1,A
0711-54_crop_00.jpg,bg_to_strip_inclusion,22,3,4,719,2,3,1,A
0711-54_crop_00.jpg,bg_to_strip_inclusion,23,4,3,726,1,4,1,A
0711-54_crop_00.jpg,bg_to_strip_inclusion,24,2,813,731,2,2,1,A
0711-54_crop_00.jpg,bg_to_strip_inclusion,25,3,811,733,1,3,1,A
0711-54_crop_00.jpg,bg_to_strip_inclusion,26,5,810,737,1,5,1,A
0711-54_crop_00.jpg,bg_to_strip_inclusion,27,5,876,751,4,3,1,A
0711-54_crop_00.jpg,bg_to_strip_inclusion,28,9,865,768,4,4,1,A
0711-54_crop_00.jpg,bg_to_strip_inclusion,29,2,861,778,1,2,1,A
0711-54_crop_00.jpg,bg_to_strip_inclusion,31,4,874,800,1,4,1,A
0711-54_crop_00.jpg,bg_to_strip_inclusion,32,23,859,822,4,21,1,A
0711-54_crop_00.jpg,bg_to_strip_inclusion,33,2,872,826,1,2,1,A
0711-54_crop_00.jpg,bg_to_strip_inclusion,34,17,863,844,5,14,1,A
0711-58_crop_00.jpg,bg_to_strip_inclusion,1,43,647,592,8,25,1,A
0711-58_crop_00.jpg,bg_to_strip_inclusion,2,2,648,608,1,2,1,A
0711-58_crop_00.jpg,bg_to_strip_inclusion,3,13,643,658,6,7,1,A
0711-58_crop_00.jpg,bg_to_strip_inclusion,4,3,616,667,3,2,1,A
0711-58_crop_00.jpg,bg_to_strip_inclusion,5,3,642,666,1,3,1,A
0711-58_crop_00.jpg,bg_to_strip_inclusion,6,26,620,670,5,15,1,A
0711-58_crop_00.jpg,bg_to_strip_inclusion,7,16,638,675,4,10,1,A
0711-58_crop_00.jpg,bg_to_strip_inclusion,8,18,629,685,8,4,1,A
0711-58_crop_00.jpg,bg_to_strip_inclusion,9,11,620,707,2,10,1,A
0711-58_crop_00.jpg,bg_to_strip_inclusion,11,2,649,717,1,2,1,A
0711-58_crop_00.jpg,bg_to_strip_inclusion,13,6,623,724,3,6,1,A
0711-58_crop_00.jpg,bg_to_strip_inclusion,14,3,651,727,1,3,1,A
0711-58_crop_00.jpg,bg_to_strip_inclusion,16,4,652,731,1,4,1,A
0711-58_crop_00.jpg,bg_to_strip_inclusion,17,16,630,735,11,8,1,A
0711-58_crop_00.jpg,bg_to_strip_inclusion,18,2,648,746,2,1,1,A
0711-58_crop_00.jpg,bg_to_strip_inclusion,19,3,657,759,3,1,1,A
0711-58_crop_00.jpg,bg_to_strip_inclusion,20,3,656,761,1,3,1,A
0711-58_crop_00.jpg,bg_to_strip_inclusion,21,184,660,837,7,65,1,A
0711-58_crop_00.jpg,bg_to_strip_inclusion,22,19,646,838,3,9,1,A
0711-58_crop_00.jpg,bg_to_strip_inclusion,23,128,640,844,8,62,1,A
0711-58_crop_00.jpg,bg_to_strip_inclusion,24,7,648,861,1,7,1,A
0711-58_crop_00.jpg,bg_to_strip_inclusion,25,4,648,873,1,4,1,A
0711-58_crop_00.jpg,bg_to_strip_inclusion,26,4,669,897,1,4,1,A
0711-58_crop_00.jpg,bg_to_strip_inclusion,28,25,642,907,3,11,1,A
0711-58_crop_00.jpg,bg_to_strip_inclusion,29,7,664,907,1,7,1,A
0711-58_crop_00.jpg,bg_to_strip_inclusion,30,4,656,926,3,2,1,A
0711-58_crop_00.jpg,bg_to_strip_inclusion,32,2,660,946,1,2,1,A
0711-58_crop_00.jpg,bg_to_strip_inclusion,33,4,655,956,1,4,1,A
0711-58_crop_00.jpg,bg_to_strip_inclusion,34,24,656,963,2,17,1,A
0711-58_crop_00.jpg,bg_to_strip_inclusion,35,2,660,963,1,2,1,A
0711-58_crop_00.jpg,bg_to_D,2,2,518,957,1,2,4,D
0711-58_crop_00.jpg,bg_to_D,3,2,516,960,2,2,4,D
0711-58_crop_00.jpg,bg_to_D,4,2,510,962,2,1,4,D
0711-58_crop_00.jpg,bg_to_D,5,2,513,962,2,1,4,D
0711-62_crop_01.jpg,bg_to_strip_inclusion,1,18,382,190,4,12,1,A
0711-62_crop_01.jpg,bg_to_strip_inclusion,3,8,833,587,1,8,3,C
0711-62_crop_01.jpg,bg_to_strip_inclusion,6,2,835,612,1,2,3,C
0711-62_crop_01.jpg,bg_to_strip_inclusion,7,2,836,616,2,2,3,C
0711-62_crop_01.jpg,bg_to_strip_inclusion,8,53,739,970,6,11,3,C
0711-64_crop_02.jpg,bg_to_strip_inclusion,1,4,982,561,2,4,3,C
0711-64_crop_02.jpg,bg_to_strip_inclusion,2,11,984,566,1,11,3,C
0711-64_crop_02.jpg,bg_to_strip_inclusion,3,7,978,570,1,7,3,C
0711-66_crop_00.jpg,bg_to_strip_inclusion,1,15,409,19,5,9,3,C
0711-66_crop_00.jpg,bg_to_strip_inclusion,2,13,409,33,2,11,3,C
0711-66_crop_00.jpg,bg_to_strip_inclusion,3,3,604,235,3,2,1,A
0711-66_crop_00.jpg,bg_to_strip_inclusion,4,2,607,238,1,2,1,A
0711-66_crop_00.jpg,bg_to_strip_inclusion,5,11,603,245,2,7,1,A
0711-66_crop_00.jpg,bg_to_strip_inclusion,6,48,771,369,6,11,3,C
0711-66_crop_00.jpg,bg_to_strip_inclusion,7,2,381,554,2,1,3,C
0711-66_crop_00.jpg,bg_to_strip_inclusion,9,3,617,962,1,3,1,A
0711-66_crop_00.jpg,bg_to_strip_inclusion,10,4,623,964,2,4,1,A
0711-66_crop_00.jpg,bg_to_strip_inclusion,12,19,615,970,3,14,1,A
0711-70_crop_01.jpg,bg_to_strip_inclusion,2,7,392,321,1,7,1,A
0711-70_crop_01.jpg,bg_to_strip_inclusion,3,6,399,333,2,6,1,A
0711-70_crop_01.jpg,bg_to_strip_inclusion,4,12,393,335,1,12,1,A
0711-70_crop_01.jpg,bg_to_strip_inclusion,6,3,828,453,3,2,1,A
0711-70_crop_01.jpg,bg_to_strip_inclusion,7,3,834,467,1,3,1,A
0711-70_crop_01.jpg,bg_to_strip_inclusion,8,2,835,473,1,2,1,A
0711-70_crop_01.jpg,bg_to_strip_inclusion,10,4,836,484,2,4,1,A
0711-70_crop_01.jpg,bg_to_strip_inclusion,11,2,834,515,1,2,1,A
0711-71_crop_01.jpg,bg_to_strip_inclusion,1,9,600,920,6,4,1,A
0711-71_crop_01.jpg,bg_to_strip_inclusion,2,2,596,929,1,2,1,A
0711-71_crop_01.jpg,bg_to_strip_inclusion,3,10,595,937,1,10,1,A
0726-11_crop_01.jpg,bg_to_strip_inclusion,1,42,341,1,5,11,1,A
0726-11_crop_01.jpg,bg_to_strip_inclusion,2,10,40,9,5,10,1,A
0726-11_crop_01.jpg,bg_to_strip_inclusion,3,4,35,13,1,4,1,A
0726-11_crop_01.jpg,bg_to_strip_inclusion,4,2,36,20,1,2,1,A
0726-11_crop_01.jpg,bg_to_strip_inclusion,5,12,45,20,2,11,1,A
0726-11_crop_01.jpg,bg_to_strip_inclusion,7,54,1011,24,7,13,1,A
0726-11_crop_01.jpg,bg_to_strip_inclusion,9,3,45,33,2,2,1,A
0726-11_crop_01.jpg,bg_to_strip_inclusion,10,13,60,53,3,7,1,A
0726-11_crop_01.jpg,bg_to_strip_inclusion,12,5,57,66,1,5,1,A
0726-11_crop_01.jpg,bg_to_strip_inclusion,13,3,64,70,2,2,1,A
0726-11_crop_01.jpg,bg_to_strip_inclusion,17,2,258,856,2,2,1,A
0726-11_crop_01.jpg,bg_to_strip_inclusion,21,4,236,882,2,4,1,A
0726-11_crop_01.jpg,bg_to_strip_inclusion,22,2,235,887,1,2,1,A
0726-11_crop_01.jpg,bg_to_strip_inclusion,24,6,441,930,1,6,1,A
0726-11_crop_01.jpg,bg_to_strip_inclusion,25,15,186,935,5,5,1,A
0726-11_crop_01.jpg,bg_to_strip_inclusion,28,2,193,942,1,2,1,A
0726-11_crop_01.jpg,bg_to_strip_inclusion,29,11,191,946,4,9,1,A
0726-11_crop_01.jpg,bg_to_strip_inclusion,30,8,301,949,1,8,1,A
0726-11_crop_01.jpg,bg_to_strip_inclusion,31,39,439,955,5,10,1,A
0726-13_crop_01.jpg,bg_to_strip_inclusion,1,3,448,224,3,2,1,A
0726-13_crop_01.jpg,bg_to_strip_inclusion,2,9,447,227,1,9,1,A
0726-13_crop_01.jpg,bg_to_strip_inclusion,4,3,453,230,1,3,1,A
0726-13_crop_01.jpg,bg_to_strip_inclusion,6,4,449,245,4,3,1,A
0726-13_crop_01.jpg,bg_to_strip_inclusion,7,36,486,496,5,10,1,A
0726-13_crop_01.jpg,bg_to_strip_inclusion,8,9,499,633,2,7,1,A
0726-13_crop_01.jpg,bg_to_strip_inclusion,9,4,505,643,1,4,1,A
0726-13_crop_01.jpg,bg_to_strip_inclusion,10,27,497,654,4,23,1,A
0726-13_crop_01.jpg,bg_to_strip_inclusion,12,95,503,665,7,31,1,A
0726-13_crop_01.jpg,bg_to_strip_inclusion,13,4,510,697,4,3,1,A
0726-13_crop_01.jpg,bg_to_strip_inclusion,14,12,544,865,1,12,1,A
0726-13_crop_01.jpg,bg_to_strip_inclusion,16,3,553,883,1,3,1,A
0726-13_crop_01.jpg,bg_to_strip_inclusion,17,3,546,886,2,3,1,A
0726-13_crop_01.jpg,bg_to_D,1,34,419,586,7,7,4,D
0726-14_crop_01.jpg,bg_to_strip_inclusion,1,212,413,33,25,32,2,B
0726-14_crop_01.jpg,bg_to_strip_inclusion,2,71,509,320,6,16,1,A
0726-14_crop_01.jpg,bg_to_strip_inclusion,3,4,157,477,3,2,1,A
0726-14_crop_01.jpg,bg_to_strip_inclusion,5,29,731,795,3,21,1,A
0726-14_crop_01.jpg,bg_to_strip_inclusion,6,25,737,807,5,16,1,A
0726-15_crop_00.jpg,bg_to_strip_inclusion,1,4,39,137,3,4,1,A
0726-15_crop_00.jpg,bg_to_strip_inclusion,3,33,38,151,5,11,1,A
0726-15_crop_00.jpg,bg_to_strip_inclusion,4,2,39,167,1,2,1,A
0726-15_crop_00.jpg,bg_to_strip_inclusion,5,4,42,173,3,2,1,A
0726-15_crop_00.jpg,bg_to_strip_inclusion,6,10,579,590,4,8,1,A
0726-15_crop_00.jpg,bg_to_strip_inclusion,7,4,580,599,1,4,1,A
0726-15_crop_00.jpg,bg_to_strip_inclusion,8,49,584,599,6,27,1,A
0726-15_crop_00.jpg,bg_to_strip_inclusion,10,27,588,624,6,14,1,A
0726-15_crop_00.jpg,bg_to_strip_inclusion,11,2,594,635,1,2,1,A
0726-15_crop_00.jpg,bg_to_strip_inclusion,12,12,594,645,4,6,1,A
0726-15_crop_00.jpg,bg_to_strip_inclusion,13,8,608,696,3,4,1,A
0726-15_crop_00.jpg,bg_to_strip_inclusion,16,3,610,707,1,3,1,A
0726-15_crop_00.jpg,bg_to_strip_inclusion,18,15,38,711,2,15,1,A
0726-15_crop_00.jpg,bg_to_strip_inclusion,19,2,42,710,1,2,1,A
0726-15_crop_00.jpg,bg_to_strip_inclusion,20,5,611,713,2,5,1,A
0726-15_crop_00.jpg,bg_to_strip_inclusion,21,5,617,717,1,5,1,A
0726-15_crop_00.jpg,bg_to_strip_inclusion,22,5,613,719,3,4,1,A
0726-15_crop_00.jpg,bg_to_strip_inclusion,23,7,40,727,3,5,1,A
0726-15_crop_01.jpg,bg_to_strip_inclusion,1,29,158,10,5,8,1,A
0726-15_crop_01.jpg,bg_to_strip_inclusion,2,6,96,20,4,3,1,A
0726-15_crop_01.jpg,bg_to_strip_inclusion,4,10,94,23,2,10,1,A
0726-15_crop_01.jpg,bg_to_strip_inclusion,5,2,289,24,1,2,1,A
0726-15_crop_01.jpg,bg_to_strip_inclusion,9,49,814,69,5,12,1,A
0726-15_crop_01.jpg,bg_to_strip_inclusion,10,72,138,74,6,18,1,A
0726-15_crop_01.jpg,bg_to_strip_inclusion,11,5,322,98,1,5,1,A
0726-15_crop_01.jpg,bg_to_strip_inclusion,12,92,718,104,7,18,1,A
0726-15_crop_01.jpg,bg_to_strip_inclusion,13,6,43,220,4,5,1,A
0726-15_crop_01.jpg,bg_to_strip_inclusion,14,3,42,230,1,3,1,A
0726-15_crop_01.jpg,bg_to_strip_inclusion,16,3,45,241,1,3,1,A
0726-15_crop_01.jpg,bg_to_strip_inclusion,17,5,44,248,1,5,1,A
0726-15_crop_01.jpg,bg_to_strip_inclusion,18,5,43,258,1,5,1,A
0726-15_crop_01.jpg,bg_to_strip_inclusion,19,25,37,262,1,25,1,A
0726-15_crop_01.jpg,bg_to_strip_inclusion,20,4,833,498,3,2,1,A
0726-15_crop_01.jpg,bg_to_strip_inclusion,21,14,832,501,1,14,1,A
0726-15_crop_01.jpg,bg_to_strip_inclusion,22,3,833,521,2,2,1,A
0726-15_crop_01.jpg,bg_to_strip_inclusion,24,2,255,528,1,2,1,A
0726-15_crop_01.jpg,bg_to_strip_inclusion,25,4,256,561,3,3,1,A
0726-15_crop_01.jpg,bg_to_strip_inclusion,26,10,257,572,3,5,1,A
0726-15_crop_01.jpg,bg_to_strip_inclusion,27,66,237,713,6,14,1,A
0726-15_crop_01.jpg,bg_to_strip_inclusion,28,4,506,741,3,3,1,A
0726-15_crop_01.jpg,bg_to_strip_inclusion,30,5,505,749,1,5,1,A
0726-15_crop_01.jpg,bg_to_strip_inclusion,32,22,511,760,5,14,1,A
0726-15_crop_01.jpg,bg_to_strip_inclusion,33,2,507,765,1,2,1,A
0726-15_crop_01.jpg,bg_to_strip_inclusion,34,3,508,774,1,3,1,A
0726-15_crop_01.jpg,bg_to_strip_inclusion,35,10,509,789,4,7,1,A
0726-15_crop_01.jpg,bg_to_strip_inclusion,36,6,877,796,5,2,1,A
0726-15_crop_01.jpg,bg_to_strip_inclusion,37,2,876,800,1,2,1,A
0726-15_crop_01.jpg,bg_to_strip_inclusion,38,2,882,801,1,2,1,A
0726-15_crop_01.jpg,bg_to_strip_inclusion,39,26,877,805,3,16,1,A
0726-15_crop_01.jpg,bg_to_strip_inclusion,41,2,615,806,2,2,1,A
0726-15_crop_01.jpg,bg_to_strip_inclusion,42,4,612,811,1,4,1,A
0726-15_crop_01.jpg,bg_to_strip_inclusion,46,6,871,870,3,3,1,A
0726-15_crop_01.jpg,bg_to_strip_inclusion,47,4,869,889,1,4,1,A
0726-15_crop_01.jpg,bg_to_strip_inclusion,48,64,864,934,7,16,1,A
0726-15_crop_01.jpg,bg_to_strip_inclusion,49,26,857,938,5,18,1,A
0726-15_crop_01.jpg,bg_to_strip_inclusion,50,4,871,964,3,2,1,A
0726-15_crop_01.jpg,bg_to_strip_inclusion,52,2,869,970,1,2,1,A
0726-15_crop_01.jpg,bg_to_strip_inclusion,54,3,868,977,1,3,1,A
0726-15_crop_01.jpg,bg_to_strip_inclusion,55,11,872,976,2,8,1,A
0726-15_crop_01.jpg,bg_to_strip_inclusion,58,4,851,1012,1,4,1,A
0726-15_crop_01.jpg,bg_to_D,1,61,741,526,9,9,4,D
0726-16_crop_01.jpg,bg_to_strip_inclusion,1,71,834,392,5,18,1,A
0726-16_crop_01.jpg,bg_to_strip_inclusion,2,4,328,946,1,4,1,A
0726-16_crop_01.jpg,bg_to_strip_inclusion,3,30,160,953,4,14,2,B
0726-16_crop_01.jpg,bg_to_strip_inclusion,5,2,332,956,2,2,1,A
0726-18_crop_00.jpg,bg_to_strip_inclusion,2,7,391,90,1,7,1,A
0726-18_crop_00.jpg,bg_to_strip_inclusion,3,3,59,165,2,3,1,A
0726-18_crop_00.jpg,bg_to_strip_inclusion,5,65,747,344,8,15,1,A
0726-18_crop_00.jpg,bg_to_strip_inclusion,6,65,697,557,7,15,1,A
0726-18_crop_00.jpg,bg_to_strip_inclusion,7,26,562,845,5,10,1,A
0726-18_crop_00.jpg,bg_to_strip_inclusion,9,7,559,868,2,5,1,A
0726-18_crop_00.jpg,bg_to_strip_inclusion,11,11,223,996,4,6,1,A
0726-18_crop_00.jpg,bg_to_strip_inclusion,12,5,223,1007,1,5,1,A
0726-20_crop_00.jpg,bg_to_strip_inclusion,1,7,910,67,2,7,1,A
0726-20_crop_00.jpg,bg_to_strip_inclusion,3,3,176,157,1,3,1,A
0726-20_crop_00.jpg,bg_to_strip_inclusion,6,4,904,231,3,2,1,A
0726-20_crop_00.jpg,bg_to_strip_inclusion,7,3,904,265,3,1,1,A
0726-20_crop_00.jpg,bg_to_strip_inclusion,8,2,906,277,1,2,1,A
0726-20_crop_00.jpg,bg_to_strip_inclusion,10,4,902,281,4,2,1,A
0726-20_crop_00.jpg,bg_to_strip_inclusion,12,9,111,332,1,9,1,A
0726-20_crop_00.jpg,bg_to_strip_inclusion,14,2,818,719,1,2,1,A
0726-20_crop_00.jpg,bg_to_strip_inclusion,16,4,819,722,1,4,1,A
0726-20_crop_00.jpg,bg_to_strip_inclusion,17,4,820,727,1,4,1,A
0726-20_crop_00.jpg,bg_to_strip_inclusion,19,2,959,765,1,2,1,A
0726-20_crop_00.jpg,bg_to_strip_inclusion,20,2,960,768,1,2,1,A
0726-20_crop_00.jpg,bg_to_strip_inclusion,23,2,716,935,2,1,1,A
0726-20_crop_00.jpg,bg_to_strip_inclusion,24,3,715,953,2,2,1,A
0726-20_crop_00.jpg,bg_to_strip_inclusion,25,59,585,1003,5,13,1,A
0726-24_crop_00.jpg,bg_to_strip_inclusion,1,11,363,72,5,9,1,A
0726-24_crop_00.jpg,bg_to_strip_inclusion,2,6,461,184,4,3,1,A
0726-24_crop_00.jpg,bg_to_strip_inclusion,3,4,461,191,1,4,1,A
0726-24_crop_00.jpg,bg_to_strip_inclusion,5,20,592,195,7,15,1,A
0726-24_crop_00.jpg,bg_to_strip_inclusion,6,22,602,195,2,22,1,A
0726-24_crop_00.jpg,bg_to_strip_inclusion,7,3,462,198,1,3,1,A
0726-24_crop_00.jpg,bg_to_strip_inclusion,8,13,593,213,4,5,1,A
0726-24_crop_00.jpg,bg_to_strip_inclusion,9,25,588,236,4,13,1,A
0726-24_crop_00.jpg,bg_to_strip_inclusion,10,2,585,246,1,2,1,A
0726-24_crop_00.jpg,bg_to_strip_inclusion,11,2,586,249,2,2,1,A
0726-24_crop_00.jpg,bg_to_strip_inclusion,13,14,578,257,4,9,1,A
0726-24_crop_00.jpg,bg_to_strip_inclusion,14,5,573,263,1,5,1,A
0726-24_crop_00.jpg,bg_to_strip_inclusion,15,16,582,267,1,16,1,A
0726-24_crop_00.jpg,bg_to_strip_inclusion,16,5,574,269,1,5,1,A
0726-24_crop_00.jpg,bg_to_strip_inclusion,17,17,575,276,2,13,1,A
0726-24_crop_00.jpg,bg_to_strip_inclusion,18,31,957,919,4,19,1,A
0726-24_crop_00.jpg,bg_to_strip_inclusion,19,109,792,921,10,18,1,A
0726-24_crop_00.jpg,bg_to_strip_inclusion,20,2,951,924,1,2,1,A
0726-24_crop_00.jpg,bg_to_strip_inclusion,21,6,962,946,3,4,1,A
0726-24_crop_00.jpg,bg_to_strip_inclusion,22,5,965,951,1,5,1,A
0726-24_crop_00.jpg,bg_to_strip_inclusion,23,9,961,961,1,9,1,A
0726-24_crop_00.jpg,bg_to_strip_inclusion,24,16,964,976,3,10,1,A
0726-24_crop_00.jpg,bg_to_strip_inclusion,26,5,969,1000,1,5,1,A
0726-24_crop_00.jpg,bg_to_strip_inclusion,28,2,968,1013,1,2,1,A
0726-26_crop_02.jpg,bg_to_strip_inclusion,1,24,206,53,4,8,1,A
0726-26_crop_02.jpg,bg_to_strip_inclusion,2,4,207,64,1,4,1,A
0726-26_crop_02.jpg,bg_to_strip_inclusion,3,6,254,69,2,5,1,A
0726-26_crop_02.jpg,bg_to_strip_inclusion,4,4,208,70,1,4,1,A
0726-26_crop_02.jpg,bg_to_strip_inclusion,5,8,209,76,1,8,1,A
0726-26_crop_02.jpg,bg_to_strip_inclusion,7,4,253,83,2,3,1,A
0726-26_crop_02.jpg,bg_to_strip_inclusion,9,3,211,94,3,2,1,A
0726-26_crop_02.jpg,bg_to_strip_inclusion,10,2,229,190,1,2,1,A
0726-26_crop_02.jpg,bg_to_strip_inclusion,11,10,223,197,1,10,1,A
0726-28_crop_00.jpg,bg_to_strip_inclusion,1,76,371,201,9,22,1,A
0726-28_crop_00.jpg,bg_to_strip_inclusion,2,30,365,204,4,20,1,A
0726-28_crop_00.jpg,bg_to_strip_inclusion,3,18,754,301,5,13,1,A
0726-28_crop_00.jpg,bg_to_strip_inclusion,5,33,753,315,4,19,1,A
0726-28_crop_00.jpg,bg_to_strip_inclusion,6,14,451,357,5,7,1,A
0726-28_crop_00.jpg,bg_to_strip_inclusion,10,4,449,375,3,2,1,A
0726-28_crop_00.jpg,bg_to_strip_inclusion,12,44,795,616,5,11,1,A
0726-28_crop_00.jpg,bg_to_strip_inclusion,13,4,843,681,4,3,1,A
0726-28_crop_00.jpg,bg_to_strip_inclusion,14,6,847,687,1,6,1,A
0726-28_crop_00.jpg,bg_to_strip_inclusion,16,19,847,717,4,13,1,A
0726-28_crop_00.jpg,bg_to_strip_inclusion,17,10,852,725,1,10,1,A
0726-28_crop_00.jpg,bg_to_strip_inclusion,18,24,850,737,5,11,1,A
0726-28_crop_00.jpg,bg_to_strip_inclusion,19,8,855,745,2,8,1,A
0726-28_crop_00.jpg,bg_to_strip_inclusion,23,59,20,935,5,15,1,A
0726-28_crop_00.jpg,bg_to_strip_inclusion,24,3,676,973,2,2,1,A
0726-28_crop_00.jpg,bg_to_strip_inclusion,25,2,679,975,1,2,1,A
0726-28_crop_00.jpg,bg_to_strip_inclusion,26,2,680,978,1,2,1,A
0726-28_crop_00.jpg,bg_to_strip_inclusion,27,8,676,982,2,8,1,A
0726-28_crop_00.jpg,bg_to_strip_inclusion,28,19,678,991,5,6,1,A
0726-29_crop_00.jpg,bg_to_strip_inclusion,1,11,117,1,4,4,1,A
0726-29_crop_00.jpg,bg_to_strip_inclusion,2,2,117,10,1,2,1,A
0726-29_crop_00.jpg,bg_to_strip_inclusion,3,8,222,165,1,8,1,A
0726-29_crop_00.jpg,bg_to_strip_inclusion,5,16,652,226,3,9,1,A
0726-29_crop_00.jpg,bg_to_strip_inclusion,10,32,236,347,8,10,1,A
0726-29_crop_00.jpg,bg_to_strip_inclusion,11,19,237,355,5,12,1,A
0726-29_crop_00.jpg,bg_to_strip_inclusion,16,51,239,371,7,35,1,A
0726-29_crop_00.jpg,bg_to_strip_inclusion,17,12,243,370,4,5,1,A
0726-29_crop_00.jpg,bg_to_strip_inclusion,19,3,244,407,1,3,1,A
0726-29_crop_00.jpg,bg_to_strip_inclusion,20,6,584,645,2,6,1,A
0726-29_crop_00.jpg,bg_to_strip_inclusion,21,16,579,646,3,11,1,A
0726-29_crop_00.jpg,bg_to_strip_inclusion,22,10,582,658,2,8,1,A
0726-29_crop_00.jpg,bg_to_strip_inclusion,23,2,562,758,2,2,1,A
0726-29_crop_00.jpg,bg_to_strip_inclusion,24,2,565,758,2,2,1,A
0726-29_crop_00.jpg,bg_to_strip_inclusion,28,4,558,777,3,2,1,A
0726-29_crop_00.jpg,bg_to_strip_inclusion,29,14,641,900,4,12,1,A
0726-29_crop_00.jpg,bg_to_strip_inclusion,30,22,642,909,5,14,1,A
0726-29_crop_00.jpg,bg_to_strip_inclusion,31,9,648,924,3,6,1,A
0726-30_crop_02.jpg,bg_to_strip_inclusion,3,2,649,81,1,2,1,A
0726-30_crop_02.jpg,bg_to_strip_inclusion,4,10,650,84,5,6,1,A
0726-30_crop_02.jpg,bg_to_strip_inclusion,5,3,482,890,3,1,1,A
0726-30_crop_02.jpg,bg_to_strip_inclusion,7,3,866,896,1,3,1,A
0726-30_crop_02.jpg,bg_to_strip_inclusion,9,31,868,906,7,9,1,A
0726-30_crop_02.jpg,bg_to_strip_inclusion,11,2,871,925,1,2,1,A
0726-30_crop_02.jpg,bg_to_strip_inclusion,12,2,872,929,1,2,1,A
0726-30_crop_02.jpg,bg_to_strip_inclusion,13,3,873,932,1,3,1,A
0726-30_crop_02.jpg,bg_to_D,1,6,336,507,3,6,4,D
0726-30_crop_02.jpg,bg_to_D,2,2,340,506,2,1,4,D
0726-32_crop_01.jpg,bg_to_strip_inclusion,1,2,669,74,2,1,1,A
0726-32_crop_01.jpg,bg_to_strip_inclusion,2,11,671,77,1,11,1,A
0726-32_crop_01.jpg,bg_to_strip_inclusion,3,4,815,82,1,4,1,A
0726-32_crop_01.jpg,bg_to_strip_inclusion,4,2,812,91,2,2,1,A
0726-32_crop_01.jpg,bg_to_strip_inclusion,5,3,222,168,1,3,1,A
0726-32_crop_01.jpg,bg_to_strip_inclusion,6,2,222,177,1,2,1,A
0726-32_crop_01.jpg,bg_to_strip_inclusion,7,3,230,201,2,3,1,A
0726-32_crop_01.jpg,bg_to_strip_inclusion,8,32,236,234,5,11,1,A
0726-32_crop_01.jpg,bg_to_strip_inclusion,9,6,244,244,1,6,1,A
0726-32_crop_01.jpg,bg_to_strip_inclusion,10,17,235,250,2,15,1,A
0726-32_crop_01.jpg,bg_to_strip_inclusion,11,4,349,250,3,3,1,A
0726-32_crop_01.jpg,bg_to_strip_inclusion,13,2,346,254,1,2,1,A
0726-32_crop_01.jpg,bg_to_strip_inclusion,15,66,241,262,8,29,1,A
0726-32_crop_01.jpg,bg_to_strip_inclusion,16,6,251,270,1,6,1,A
0726-32_crop_01.jpg,bg_to_strip_inclusion,17,4,251,281,1,4,1,A
0726-32_crop_01.jpg,bg_to_strip_inclusion,18,37,581,502,4,11,1,A
0726-32_crop_01.jpg,bg_to_strip_inclusion,20,10,1011,544,4,4,1,A
0726-32_crop_01.jpg,bg_to_strip_inclusion,22,7,32,597,1,7,1,A
0726-32_crop_01.jpg,bg_to_strip_inclusion,23,2,31,605,1,2,1,A
0726-32_crop_01.jpg,bg_to_strip_inclusion,24,47,78,738,4,13,1,A
0726-32_crop_01.jpg,bg_to_strip_inclusion,25,4,439,800,1,4,1,A
0726-32_crop_01.jpg,bg_to_strip_inclusion,28,15,456,938,4,13,1,A
0726-32_crop_01.jpg,bg_to_strip_inclusion,30,7,457,952,4,7,1,A
0726-32_crop_01.jpg,bg_to_strip_inclusion,31,64,843,1001,5,15,1,A
0726-35_crop_00.jpg,bg_to_strip_inclusion,1,3,149,177,1,3,1,A
0726-35_crop_00.jpg,bg_to_strip_inclusion,6,7,143,193,3,6,1,A
0726-35_crop_00.jpg,bg_to_strip_inclusion,7,34,129,196,8,13,1,A
0726-35_crop_00.jpg,bg_to_strip_inclusion,8,8,142,200,1,8,1,A
0726-35_crop_00.jpg,bg_to_strip_inclusion,11,12,126,244,5,4,1,A
0726-35_crop_00.jpg,bg_to_strip_inclusion,13,2,129,265,2,2,1,A
0726-35_crop_00.jpg,bg_to_strip_inclusion,15,5,457,296,2,5,1,A
0726-35_crop_00.jpg,bg_to_strip_inclusion,16,3,452,301,1,3,1,A
0726-35_crop_00.jpg,bg_to_strip_inclusion,17,17,457,303,3,13,1,A
0726-35_crop_00.jpg,bg_to_strip_inclusion,18,29,337,310,4,9,1,A
0726-35_crop_00.jpg,bg_to_strip_inclusion,22,2,401,388,2,2,1,A
0726-35_crop_00.jpg,bg_to_strip_inclusion,23,5,400,391,1,5,1,A
0726-35_crop_00.jpg,bg_to_strip_inclusion,29,4,61,441,2,4,1,A
0726-35_crop_00.jpg,bg_to_strip_inclusion,30,7,57,444,2,6,1,A
0726-35_crop_00.jpg,bg_to_strip_inclusion,31,2,62,448,1,2,1,A
0726-35_crop_00.jpg,bg_to_strip_inclusion,32,4,56,453,1,4,1,A
0726-35_crop_00.jpg,bg_to_strip_inclusion,33,5,61,452,1,5,1,A
0726-35_crop_00.jpg,bg_to_strip_inclusion,34,5,897,494,4,3,1,A
0726-35_crop_00.jpg,bg_to_strip_inclusion,35,7,827,731,5,4,1,A
0726-35_crop_00.jpg,bg_to_strip_inclusion,36,8,827,748,1,8,1,A
0726-35_crop_00.jpg,bg_to_strip_inclusion,37,8,198,858,1,8,1,A
0726-35_crop_00.jpg,bg_to_strip_inclusion,38,8,231,889,4,6,1,A
0726-35_crop_00.jpg,bg_to_strip_inclusion,39,2,235,891,1,2,1,A
0726-35_crop_00.jpg,bg_to_strip_inclusion,40,3,236,894,1,3,1,A
0726-35_crop_00.jpg,bg_to_strip_inclusion,41,3,237,900,1,3,1,A
0726-35_crop_00.jpg,bg_to_strip_inclusion,42,2,233,904,1,2,1,A
0726-35_crop_00.jpg,bg_to_strip_inclusion,43,2,236,908,2,2,1,A
0726-35_crop_00.jpg,bg_to_strip_inclusion,44,7,95,941,4,3,1,A
0726-35_crop_00.jpg,bg_to_strip_inclusion,45,25,97,956,4,11,1,A
0726-36_crop_00.jpg,bg_to_strip_inclusion,1,15,278,177,4,6,1,A
0726-36_crop_00.jpg,bg_to_strip_inclusion,3,9,130,236,1,9,1,A
0726-36_crop_00.jpg,bg_to_strip_inclusion,4,4,125,238,1,4,1,A
0726-36_crop_00.jpg,bg_to_strip_inclusion,5,24,121,354,4,8,1,A
0726-36_crop_00.jpg,bg_to_strip_inclusion,8,22,963,457,3,13,1,A
0726-36_crop_00.jpg,bg_to_strip_inclusion,9,3,960,474,1,3,1,A
0726-36_crop_00.jpg,bg_to_strip_inclusion,10,11,345,617,2,11,1,A
0726-36_crop_00.jpg,bg_to_strip_inclusion,11,3,350,626,1,3,1,A
0726-36_crop_00.jpg,bg_to_strip_inclusion,12,57,416,664,4,20,2,B
0726-36_crop_00.jpg,bg_to_strip_inclusion,13,4,416,689,2,4,2,B
0726-36_crop_00.jpg,bg_to_strip_inclusion,14,15,414,725,5,12,1,A
0726-36_crop_00.jpg,bg_to_strip_inclusion,15,7,413,732,1,7,1,A
0726-36_crop_00.jpg,bg_to_strip_inclusion,16,4,414,741,4,2,1,A
0726-36_crop_00.jpg,bg_to_strip_inclusion,20,14,419,891,2,12,1,A
0726-36_crop_00.jpg,bg_to_strip_inclusion,21,2,425,891,1,2,1,A
0726-36_crop_00.jpg,bg_to_strip_inclusion,22,3,424,895,1,3,1,A
0726-36_crop_00.jpg,bg_to_strip_inclusion,23,4,419,907,4,2,1,A
0726-36_crop_00.jpg,bg_to_strip_inclusion,25,11,608,986,5,7,1,A
0726-36_crop_00.jpg,bg_to_strip_inclusion,26,3,462,997,1,3,1,A
0726-36_crop_00.jpg,bg_to_strip_inclusion,29,6,461,1004,1,6,1,A
0726-36_crop_00.jpg,bg_to_strip_inclusion,30,44,608,1004,7,20,1,A
0726-36_crop_00.jpg,bg_to_strip_inclusion,31,3,462,1021,2,2,1,A
0726-6_crop_01.jpg,bg_to_strip_inclusion,2,13,394,417,2,9,1,A
0726-6_crop_01.jpg,bg_to_strip_inclusion,3,2,390,420,1,2,1,A
0726-6_crop_01.jpg,bg_to_strip_inclusion,4,2,389,426,1,2,1,A
0726-6_crop_01.jpg,bg_to_strip_inclusion,5,3,388,432,1,3,1,A
0726-6_crop_01.jpg,bg_to_strip_inclusion,6,17,386,436,2,17,1,A
0726-6_crop_01.jpg,bg_to_strip_inclusion,7,8,391,441,2,7,1,A
0726-6_crop_01.jpg,bg_to_strip_inclusion,8,4,374,502,2,4,1,A
0726-6_crop_01.jpg,bg_to_strip_inclusion,9,24,379,507,4,21,1,A
0726-6_crop_01.jpg,bg_to_strip_inclusion,10,9,374,515,2,9,1,A
0726-6_crop_01.jpg,bg_to_strip_inclusion,11,4,376,525,1,4,1,A
0726-6_crop_01.jpg,bg_to_strip_inclusion,12,2,377,534,1,2,1,A
0726-6_crop_01.jpg,bg_to_strip_inclusion,13,33,378,541,2,26,1,A
0726-6_crop_01.jpg,bg_to_strip_inclusion,14,12,383,556,1,12,1,A
0726-6_crop_01.jpg,bg_to_strip_inclusion,15,2,379,569,1,2,1,A
0726-6_crop_01.jpg,bg_to_strip_inclusion,16,4,307,774,3,2,1,A
0726-6_crop_01.jpg,bg_to_strip_inclusion,17,54,332,789,8,15,1,A
0726-6_crop_01.jpg,bg_to_strip_inclusion,18,13,306,795,1,13,1,A
0726-6_crop_01.jpg,bg_to_strip_inclusion,19,2,307,810,1,2,1,A
0726-6_crop_01.jpg,bg_to_strip_inclusion,20,8,308,813,2,7,1,A
0726-6_crop_01.jpg,bg_to_strip_inclusion,21,2,316,815,1,2,1,A
0726-6_crop_01.jpg,bg_to_strip_inclusion,22,2,317,819,1,2,1,A
0726-6_crop_01.jpg,bg_to_strip_inclusion,23,3,288,827,1,3,1,A
0726-6_crop_01.jpg,bg_to_strip_inclusion,24,8,310,844,1,8,1,A
0726-6_crop_01.jpg,bg_to_strip_inclusion,26,2,316,889,1,2,1,A
0726-6_crop_01.jpg,bg_to_strip_inclusion,27,10,314,899,3,8,1,A
0726-6_crop_01.jpg,bg_to_strip_inclusion,28,2,290,901,1,2,1,A
0726-6_crop_01.jpg,bg_to_strip_inclusion,30,4,309,900,1,4,1,A
0726-6_crop_01.jpg,bg_to_strip_inclusion,31,3,291,905,1,3,1,A
0726-6_crop_01.jpg,bg_to_strip_inclusion,32,2,310,905,2,2,1,A
0726-6_crop_01.jpg,bg_to_strip_inclusion,34,3,292,910,1,3,1,A
0726-6_crop_01.jpg,bg_to_strip_inclusion,36,5,293,914,1,5,1,A
0726-6_crop_01.jpg,bg_to_strip_inclusion,37,4,294,921,1,4,1,A
0726-6_crop_01.jpg,bg_to_strip_inclusion,38,3,312,952,2,3,1,A
0726-6_crop_01.jpg,bg_to_D,1,31,591,621,10,10,4,D
0726-6_crop_01.jpg,bg_to_D,2,5,591,627,4,4,4,D
0726-6_crop_01.jpg,bg_to_D,3,33,574,821,6,7,4,D
0726-7_crop_01.jpg,bg_to_D,1,94,467,770,11,11,4,D
0726-7_crop_01.jpg,bg_to_D,2,2,358,972,1,2,4,D
0726-7_crop_01.jpg,bg_to_D,4,7,358,975,5,5,4,D
0726-7_crop_01.jpg,bg_to_D,6,2,364,979,2,1,4,D
0822-11_crop_02.jpg,bg_to_strip_inclusion,1,23,320,123,4,18,1,A
0822-11_crop_02.jpg,bg_to_strip_inclusion,2,9,321,147,2,9,1,A
0822-11_crop_02.jpg,bg_to_strip_inclusion,4,93,323,173,9,21,1,A
0822-11_crop_02.jpg,bg_to_strip_inclusion,5,112,341,487,6,24,1,A
0822-13_crop_00.jpg,bg_to_strip_inclusion,1,2,909,14,1,2,1,A
0822-13_crop_00.jpg,bg_to_strip_inclusion,2,2,913,18,1,2,1,A
0822-13_crop_00.jpg,bg_to_strip_inclusion,3,20,908,26,1,20,1,A
0822-13_crop_00.jpg,bg_to_strip_inclusion,4,3,914,56,1,3,1,A
0822-13_crop_00.jpg,bg_to_strip_inclusion,5,2,915,62,1,2,1,A
0822-13_crop_00.jpg,bg_to_strip_inclusion,6,20,911,64,2,16,1,A
0822-13_crop_00.jpg,bg_to_strip_inclusion,7,21,912,87,2,15,1,A
0822-13_crop_00.jpg,bg_to_strip_inclusion,8,5,917,112,1,5,1,A
0822-13_crop_00.jpg,bg_to_strip_inclusion,9,3,913,116,1,3,1,A
0822-13_crop_00.jpg,bg_to_strip_inclusion,10,5,914,121,4,3,1,A
0822-13_crop_00.jpg,bg_to_strip_inclusion,12,3,676,176,2,3,1,A
0822-13_crop_00.jpg,bg_to_strip_inclusion,15,40,672,187,2,29,1,A
0822-13_crop_00.jpg,bg_to_strip_inclusion,16,8,674,217,1,8,1,A
0822-13_crop_00.jpg,bg_to_strip_inclusion,17,10,675,226,1,10,1,A
0822-13_crop_00.jpg,bg_to_strip_inclusion,18,5,676,237,1,5,1,A
0822-13_crop_00.jpg,bg_to_strip_inclusion,19,33,677,243,5,9,1,A
0822-13_crop_00.jpg,bg_to_strip_inclusion,20,76,948,382,5,18,2,B
0822-13_crop_00.jpg,bg_to_strip_inclusion,21,62,893,415,5,21,2,B
0822-13_crop_00.jpg,bg_to_strip_inclusion,22,23,492,444,5,9,1,A
0822-13_crop_00.jpg,bg_to_strip_inclusion,23,15,495,458,5,11,1,A
0822-13_crop_00.jpg,bg_to_strip_inclusion,24,3,493,475,1,3,1,A
0822-13_crop_00.jpg,bg_to_strip_inclusion,25,2,954,483,2,1,1,A
0822-13_crop_00.jpg,bg_to_strip_inclusion,26,2,492,484,1,2,1,A
0822-13_crop_00.jpg,bg_to_strip_inclusion,27,4,497,484,1,4,1,A
0822-13_crop_00.jpg,bg_to_strip_inclusion,28,3,493,489,1,3,1,A
0822-13_crop_00.jpg,bg_to_strip_inclusion,29,3,494,493,1,3,1,A
0822-13_crop_00.jpg,bg_to_strip_inclusion,30,2,495,497,1,2,1,A
0822-13_crop_00.jpg,bg_to_strip_inclusion,31,3,500,497,2,3,1,A
0822-13_crop_00.jpg,bg_to_strip_inclusion,34,213,138,682,11,55,2,B
0822-13_crop_00.jpg,bg_to_strip_inclusion,35,5,512,726,4,2,1,A
0822-13_crop_00.jpg,bg_to_strip_inclusion,36,2,514,755,1,2,1,A
0822-13_crop_00.jpg,bg_to_strip_inclusion,37,3,509,780,1,3,1,A
0822-13_crop_00.jpg,bg_to_strip_inclusion,39,3,518,873,1,3,1,A
0822-13_crop_00.jpg,bg_to_strip_inclusion,40,6,517,879,1,6,1,A
0822-13_crop_00.jpg,bg_to_strip_inclusion,41,10,516,889,1,10,1,A
0822-13_crop_00.jpg,bg_to_strip_inclusion,42,87,739,896,7,22,1,A
0822-13_crop_00.jpg,bg_to_strip_inclusion,43,2,517,909,1,2,1,A
0822-13_crop_00.jpg,bg_to_strip_inclusion,44,7,518,918,1,7,1,A
0822-13_crop_00.jpg,bg_to_strip_inclusion,45,3,523,922,1,3,1,A
0822-13_crop_00.jpg,bg_to_strip_inclusion,46,20,143,967,3,10,2,B
0822-14_crop_00.jpg,bg_to_strip_inclusion,2,2,1000,376,1,2,1,A
0822-14_crop_00.jpg,bg_to_strip_inclusion,4,3,212,408,1,3,1,A
0822-14_crop_00.jpg,bg_to_strip_inclusion,5,10,211,413,1,10,1,A
0822-14_crop_00.jpg,bg_to_strip_inclusion,6,42,212,434,4,30,1,A
0822-14_crop_00.jpg,bg_to_strip_inclusion,8,4,220,453,1,4,1,A
0822-14_crop_00.jpg,bg_to_strip_inclusion,9,5,221,461,1,5,1,A
0822-14_crop_00.jpg,bg_to_strip_inclusion,10,11,978,461,2,10,1,A
0822-14_crop_00.jpg,bg_to_strip_inclusion,11,3,982,460,1,3,1,A
0822-14_crop_00.jpg,bg_to_strip_inclusion,12,3,219,467,2,2,1,A
0822-14_crop_00.jpg,bg_to_strip_inclusion,13,7,983,466,1,7,1,A
0822-14_crop_00.jpg,bg_to_strip_inclusion,14,7,982,476,1,7,1,A
0822-14_crop_00.jpg,bg_to_strip_inclusion,15,71,217,490,6,15,1,A
0822-14_crop_00.jpg,bg_to_strip_inclusion,16,3,253,509,1,3,1,A
0822-14_crop_00.jpg,bg_to_strip_inclusion,17,5,1000,521,1,5,1,A
0822-14_crop_00.jpg,bg_to_strip_inclusion,18,8,1001,527,2,8,1,A
0822-14_crop_00.jpg,bg_to_strip_inclusion,19,14,1006,528,2,13,1,A
0822-14_crop_00.jpg,bg_to_strip_inclusion,20,6,1003,536,1,6,1,A
0822-14_crop_00.jpg,bg_to_strip_inclusion,21,7,218,538,4,3,1,A
0822-14_crop_00.jpg,bg_to_strip_inclusion,22,21,1006,542,4,15,1,A
0822-14_crop_00.jpg,bg_to_strip_inclusion,23,8,218,544,1,8,1,A
0822-14_crop_00.jpg,bg_to_strip_inclusion,24,12,220,561,5,7,1,A
0822-14_crop_00.jpg,bg_to_strip_inclusion,25,4,225,571,2,4,1,A
0822-14_crop_00.jpg,bg_to_strip_inclusion,26,7,0,698,3,4,1,A
0822-14_crop_00.jpg,bg_to_strip_inclusion,27,26,4,719,5,8,1,A
0822-14_crop_00.jpg,bg_to_strip_inclusion,30,8,161,767,4,5,1,A
0822-14_crop_00.jpg,bg_to_strip_inclusion,31,24,4,769,2,16,1,A
0822-14_crop_00.jpg,bg_to_strip_inclusion,33,3,166,793,3,2,1,A
0822-14_crop_00.jpg,bg_to_strip_inclusion,34,10,217,800,3,6,1,A
0822-14_crop_00.jpg,bg_to_strip_inclusion,35,5,215,808,1,5,1,A
0822-14_crop_00.jpg,bg_to_strip_inclusion,36,31,166,810,5,10,1,A
0822-14_crop_00.jpg,bg_to_strip_inclusion,38,42,216,818,4,15,1,A
0822-14_crop_00.jpg,bg_to_strip_inclusion,40,3,5,834,1,3,1,A
0822-14_crop_00.jpg,bg_to_strip_inclusion,41,4,216,841,1,4,1,A
0822-14_crop_00.jpg,bg_to_strip_inclusion,43,2,214,918,1,2,1,A
0822-14_crop_00.jpg,bg_to_strip_inclusion,44,11,219,930,2,11,1,A
0822-14_crop_00.jpg,bg_to_strip_inclusion,46,2,221,942,1,2,1,A
0822-14_crop_00.jpg,bg_to_strip_inclusion,47,7,217,946,1,7,1,A
0822-14_crop_00.jpg,bg_to_strip_inclusion,48,3,222,948,1,3,1,A
0822-14_crop_00.jpg,bg_to_strip_inclusion,49,48,168,961,4,13,1,A
0822-14_crop_01.jpg,bg_to_strip_inclusion,4,11,373,876,1,11,1,A
0822-15_crop_00.jpg,bg_to_strip_inclusion,1,21,879,64,4,9,1,A
0822-15_crop_00.jpg,bg_to_strip_inclusion,2,3,880,74,1,3,1,A
0822-15_crop_00.jpg,bg_to_strip_inclusion,7,2,887,85,1,2,1,A
0822-15_crop_00.jpg,bg_to_strip_inclusion,8,11,888,88,2,10,1,A
0822-15_crop_00.jpg,bg_to_strip_inclusion,9,2,883,105,1,2,1,A
0822-15_crop_00.jpg,bg_to_strip_inclusion,10,2,889,104,1,2,1,A
0822-15_crop_00.jpg,bg_to_strip_inclusion,11,27,887,110,2,21,1,A
0822-15_crop_00.jpg,bg_to_strip_inclusion,12,7,882,115,1,7,1,A
0822-15_crop_00.jpg,bg_to_strip_inclusion,13,55,142,132,5,14,1,A
0822-15_crop_00.jpg,bg_to_strip_inclusion,14,47,0,145,4,14,1,A
0822-15_crop_00.jpg,bg_to_strip_inclusion,15,25,541,229,3,13,1,A
0822-15_crop_00.jpg,bg_to_strip_inclusion,16,14,872,261,3,6,1,A
0822-15_crop_00.jpg,bg_to_strip_inclusion,17,3,884,282,2,2,1,A
0822-15_crop_00.jpg,bg_to_strip_inclusion,18,17,885,292,6,8,1,A
0822-15_crop_00.jpg,bg_to_strip_inclusion,19,2,896,348,1,2,1,A
0822-15_crop_00.jpg,bg_to_strip_inclusion,20,34,871,353,3,18,1,A
0822-15_crop_00.jpg,bg_to_strip_inclusion,21,2,873,376,1,2,1,A
0822-15_crop_00.jpg,bg_to_strip_inclusion,23,2,1017,379,1,2,1,A
0822-15_crop_00.jpg,bg_to_strip_inclusion,24,25,895,389,6,12,1,A
0822-15_crop_00.jpg,bg_to_strip_inclusion,25,2,878,396,2,2,1,A
0822-15_crop_00.jpg,bg_to_strip_inclusion,26,80,554,399,5,20,1,A
0822-15_crop_00.jpg,bg_to_strip_inclusion,27,3,879,409,1,3,1,A
0822-15_crop_00.jpg,bg_to_strip_inclusion,31,2,878,418,1,2,1,A
0822-15_crop_00.jpg,bg_to_strip_inclusion,32,8,897,419,3,5,1,A
0822-15_crop_00.jpg,bg_to_strip_inclusion,33,2,905,432,1,2,1,A
0822-15_crop_00.jpg,bg_to_strip_inclusion,34,3,905,439,1,3,1,A
0822-15_crop_00.jpg,bg_to_strip_inclusion,37,4,837,456,1,4,1,A
0822-15_crop_00.jpg,bg_to_strip_inclusion,38,120,899,516,10,20,1,A
0822-15_crop_00.jpg,bg_to_strip_inclusion,39,35,38,617,2,25,1,A
0822-15_crop_00.jpg,bg_to_strip_inclusion,40,9,35,640,5,6,1,A
0822-15_crop_00.jpg,bg_to_strip_inclusion,41,3,46,699,2,3,1,A
0822-15_crop_00.jpg,bg_to_strip_inclusion,44,5,46,708,1,5,1,A
0822-15_crop_00.jpg,bg_to_strip_inclusion,45,57,47,724,6,31,1,A
0822-15_crop_00.jpg,bg_to_strip_inclusion,46,2,510,901,2,2,1,A
0822-15_crop_00.jpg,bg_to_strip_inclusion,47,5,510,906,1,5,1,A
0822-15_crop_00.jpg,bg_to_strip_inclusion,48,3,509,912,1,3,1,A
0822-15_crop_00.jpg,bg_to_strip_inclusion,49,5,508,967,3,4,1,A
0822-15_crop_00.jpg,bg_to_strip_inclusion,50,2,411,994,1,2,1,A
0822-15_crop_00.jpg,bg_to_strip_inclusion,51,4,412,998,1,4,1,A
0822-15_crop_00.jpg,bg_to_strip_inclusion,52,16,413,1006,5,6,1,A
0822-16_crop_00.jpg,bg_to_strip_inclusion,1,39,154,0,6,10,1,A
0822-16_crop_00.jpg,bg_to_strip_inclusion,2,4,156,20,1,4,1,A
0822-16_crop_00.jpg,bg_to_strip_inclusion,3,10,157,26,2,8,1,A
0822-16_crop_00.jpg,bg_to_strip_inclusion,4,6,157,121,1,6,1,A
0822-16_crop_00.jpg,bg_to_strip_inclusion,5,5,158,131,4,2,1,A
0822-16_crop_00.jpg,bg_to_strip_inclusion,6,9,237,219,2,6,1,A
0822-16_crop_00.jpg,bg_to_strip_inclusion,7,4,233,230,1,4,1,A
0822-16_crop_00.jpg,bg_to_strip_inclusion,8,4,238,234,1,4,1,A
0822-16_crop_00.jpg,bg_to_strip_inclusion,9,4,237,242,1,4,1,A
0822-16_crop_00.jpg,bg_to_strip_inclusion,11,90,231,260,5,31,1,A
0822-16_crop_00.jpg,bg_to_strip_inclusion,12,4,233,330,3,2,1,A
0822-16_crop_00.jpg,bg_to_strip_inclusion,13,20,237,338,2,13,1,A
0822-16_crop_00.jpg,bg_to_strip_inclusion,15,31,235,381,3,20,1,A
0822-16_crop_00.jpg,bg_to_strip_inclusion,16,2,238,403,1,2,1,A
0822-16_crop_00.jpg,bg_to_strip_inclusion,17,16,239,421,2,12,1,A
0822-16_crop_00.jpg,bg_to_strip_inclusion,18,6,240,442,4,3,1,A
0822-16_crop_00.jpg,bg_to_strip_inclusion,19,5,213,463,4,3,1,A
0822-16_crop_00.jpg,bg_to_strip_inclusion,20,47,624,465,4,13,2,B
0822-16_crop_00.jpg,bg_to_strip_inclusion,21,11,213,480,4,5,1,A
0822-16_crop_00.jpg,bg_to_strip_inclusion,22,11,113,681,3,6,1,A
0822-16_crop_00.jpg,bg_to_strip_inclusion,23,66,147,841,5,15,1,A
0822-16_crop_01.jpg,bg_to_strip_inclusion,3,18,344,262,4,8,1,A
0822-16_crop_01.jpg,bg_to_strip_inclusion,4,152,251,706,5,35,1,A
0822-17_crop_00.jpg,bg_to_strip_inclusion,1,95,834,5,5,70,1,A
0822-17_crop_00.jpg,bg_to_strip_inclusion,2,69,840,6,5,45,1,A
0822-17_crop_00.jpg,bg_to_strip_inclusion,4,59,770,58,6,21,1,A
0822-17_crop_00.jpg,bg_to_strip_inclusion,5,4,843,61,1,4,1,A
0822-17_crop_00.jpg,bg_to_strip_inclusion,6,5,841,89,3,4,1,A
0822-17_crop_00.jpg,bg_to_strip_inclusion,7,37,774,97,5,25,1,A
0822-17_crop_00.jpg,bg_to_strip_inclusion,9,3,847,172,3,2,1,A
0822-17_crop_00.jpg,bg_to_strip_inclusion,10,4,63,178,1,4,1,A
0822-17_crop_00.jpg,bg_to_strip_inclusion,13,2,851,282,1,2,1,A
0822-17_crop_00.jpg,bg_to_strip_inclusion,14,36,852,284,5,11,1,A
0822-17_crop_00.jpg,bg_to_strip_inclusion,15,21,855,300,3,13,1,A
0822-17_crop_00.jpg,bg_to_strip_inclusion,16,23,848,311,2,18,1,A
0822-17_crop_00.jpg,bg_to_strip_inclusion,17,15,855,324,1,15,1,A
0822-17_crop_00.jpg,bg_to_strip_inclusion,18,38,849,333,6,29,1,A
0822-17_crop_00.jpg,bg_to_strip_inclusion,19,6,856,342,1,6,1,A
0822-17_crop_00.jpg,bg_to_strip_inclusion,23,4,644,420,2,4,1,A
0822-17_crop_00.jpg,bg_to_strip_inclusion,25,9,631,454,1,9,1,A
0822-17_crop_00.jpg,bg_to_strip_inclusion,26,43,801,465,4,15,1,A
0822-17_crop_00.jpg,bg_to_strip_inclusion,27,4,626,469,1,4,1,A
0822-17_crop_00.jpg,bg_to_strip_inclusion,28,4,625,474,1,4,1,A
0822-17_crop_00.jpg,bg_to_strip_inclusion,29,9,627,481,4,7,1,A
0822-17_crop_00.jpg,bg_to_strip_inclusion,30,39,652,486,5,17,1,A
0822-17_crop_00.jpg,bg_to_strip_inclusion,32,45,636,571,5,12,1,A
0822-17_crop_00.jpg,bg_to_strip_inclusion,33,6,1013,627,3,4,1,A
0822-17_crop_00.jpg,bg_to_strip_inclusion,37,2,645,676,2,2,1,A
0822-17_crop_00.jpg,bg_to_strip_inclusion,38,2,126,838,2,2,1,A
0822-17_crop_00.jpg,bg_to_strip_inclusion,40,18,127,855,4,6,1,A
0822-17_crop_00.jpg,bg_to_strip_inclusion,41,3,131,865,1,3,1,A
0822-17_crop_00.jpg,bg_to_strip_inclusion,42,3,127,876,1,3,1,A
0822-17_crop_00.jpg,bg_to_strip_inclusion,44,6,128,884,1,6,1,A
0822-17_crop_00.jpg,bg_to_strip_inclusion,45,6,129,892,1,6,1,A
0822-17_crop_00.jpg,bg_to_strip_inclusion,46,19,671,893,3,7,1,A
0822-17_crop_00.jpg,bg_to_strip_inclusion,47,8,130,900,4,6,1,A
0822-17_crop_00.jpg,bg_to_strip_inclusion,48,2,206,923,1,2,1,A
0822-17_crop_00.jpg,bg_to_strip_inclusion,49,2,207,926,1,2,1,A
0822-17_crop_00.jpg,bg_to_strip_inclusion,50,5,203,929,1,5,1,A
0822-17_crop_00.jpg,bg_to_strip_inclusion,51,5,204,945,3,3,1,A
0822-17_crop_00.jpg,bg_to_strip_inclusion,52,83,137,964,7,15,1,A
0822-17_crop_02.jpg,bg_to_strip_inclusion,1,13,107,244,1,13,1,A
0822-17_crop_02.jpg,bg_to_strip_inclusion,2,82,321,297,6,21,1,A
0822-17_crop_02.jpg,bg_to_strip_inclusion,3,62,819,524,5,16,1,A
0822-17_crop_02.jpg,bg_to_strip_inclusion,4,4,90,894,2,4,1,A
0822-17_crop_02.jpg,bg_to_strip_inclusion,5,2,89,899,1,2,1,A
0822-1_crop_00.jpg,bg_to_strip_inclusion,1,40,550,73,4,13,1,A
0822-1_crop_00.jpg,bg_to_strip_inclusion,2,9,516,205,1,9,3,C
0822-1_crop_00.jpg,bg_to_strip_inclusion,3,21,520,221,1,21,1,A
0822-1_crop_00.jpg,bg_to_strip_inclusion,4,8,1012,666,1,8,1,A
0822-21_crop_01.jpg,bg_to_strip_inclusion,1,17,849,646,2,10,1,A
0822-21_crop_01.jpg,bg_to_strip_inclusion,2,9,851,747,1,9,1,A
0822-21_crop_01.jpg,bg_to_strip_inclusion,3,5,856,750,1,5,1,A
0822-21_crop_01.jpg,bg_to_strip_inclusion,4,4,852,757,1,4,1,A
0822-21_crop_01.jpg,bg_to_strip_inclusion,5,2,857,757,1,2,1,A
0822-21_crop_01.jpg,bg_to_strip_inclusion,6,2,858,761,1,2,1,A
0822-21_crop_01.jpg,bg_to_strip_inclusion,8,20,859,764,3,13,1,A
0822-21_crop_01.jpg,bg_to_strip_inclusion,9,4,858,777,3,2,1,A
0822-21_crop_01.jpg,bg_to_strip_inclusion,10,29,846,793,3,11,1,A
0822-21_crop_01.jpg,bg_to_strip_inclusion,11,62,830,835,8,13,1,A
0822-21_crop_01.jpg,bg_to_strip_inclusion,12,3,816,857,3,2,1,A
0822-21_crop_01.jpg,bg_to_strip_inclusion,13,17,814,860,2,12,1,A
0822-21_crop_01.jpg,bg_to_strip_inclusion,14,2,821,871,1,2,1,A
0822-21_crop_01.jpg,bg_to_strip_inclusion,16,27,817,877,6,8,1,A
0822-21_crop_01.jpg,bg_to_strip_inclusion,17,21,814,924,3,18,1,A
0822-24_crop_00.jpg,bg_to_strip_inclusion,1,5,375,11,3,3,1,A
0822-24_crop_00.jpg,bg_to_strip_inclusion,2,4,377,30,3,3,1,A
0822-24_crop_00.jpg,bg_to_strip_inclusion,3,48,758,53,4,14,1,A
0822-24_crop_00.jpg,bg_to_strip_inclusion,4,3,768,248,3,2,1,A
0822-24_crop_00.jpg,bg_to_strip_inclusion,5,22,765,261,5,8,1,A
0822-24_crop_00.jpg,bg_to_strip_inclusion,6,9,765,276,1,9,1,A
0822-24_crop_00.jpg,bg_to_strip_inclusion,8,200,963,403,10,39,1,A
0822-24_crop_00.jpg,bg_to_strip_inclusion,9,2,575,771,1,2,1,A
0822-24_crop_00.jpg,bg_to_strip_inclusion,10,4,575,780,1,4,1,A
0822-24_crop_00.jpg,bg_to_strip_inclusion,11,3,576,787,1,3,1,A
0822-24_crop_00.jpg,bg_to_strip_inclusion,12,6,304,788,1,6,1,A
0822-24_crop_00.jpg,bg_to_strip_inclusion,13,2,577,793,1,2,1,A
0822-24_crop_00.jpg,bg_to_strip_inclusion,14,3,582,793,1,3,1,A
0822-24_crop_00.jpg,bg_to_strip_inclusion,15,10,303,795,1,10,1,A
0822-24_crop_00.jpg,bg_to_strip_inclusion,16,17,578,797,3,12,1,A
0822-24_crop_00.jpg,bg_to_strip_inclusion,17,3,302,806,1,3,1,A
0822-24_crop_00.jpg,bg_to_strip_inclusion,18,5,303,815,5,3,1,A
0822-24_crop_00.jpg,bg_to_strip_inclusion,19,54,969,852,5,16,1,A
0822-24_crop_00.jpg,bg_to_strip_inclusion,20,3,590,867,2,2,1,A
0822-24_crop_00.jpg,bg_to_strip_inclusion,21,4,309,875,1,4,1,A
0822-24_crop_00.jpg,bg_to_strip_inclusion,22,13,579,943,2,13,1,A
0822-26_crop_01.jpg,bg_to_strip_inclusion,1,70,725,10,5,31,1,A
0822-26_crop_01.jpg,bg_to_strip_inclusion,3,10,730,49,2,10,1,A
0822-26_crop_01.jpg,bg_to_strip_inclusion,4,8,729,62,3,4,1,A
0822-26_crop_01.jpg,bg_to_strip_inclusion,5,20,527,122,5,15,1,A
0822-26_crop_01.jpg,bg_to_strip_inclusion,6,6,529,143,3,5,1,A
0822-26_crop_01.jpg,bg_to_strip_inclusion,7,4,529,150,2,2,1,A
0822-26_crop_01.jpg,bg_to_strip_inclusion,8,5,532,158,1,5,1,A
0822-26_crop_01.jpg,bg_to_strip_inclusion,9,2,533,164,1,2,1,A
0822-26_crop_01.jpg,bg_to_strip_inclusion,10,10,529,168,2,9,1,A
0822-26_crop_01.jpg,bg_to_strip_inclusion,12,7,531,182,1,7,1,A
0822-26_crop_01.jpg,bg_to_strip_inclusion,13,2,535,193,1,2,1,A
0822-26_crop_01.jpg,bg_to_strip_inclusion,14,2,532,194,2,2,1,A
0822-26_crop_01.jpg,bg_to_strip_inclusion,15,2,766,268,1,2,1,A
0822-26_crop_01.jpg,bg_to_strip_inclusion,16,5,767,272,2,5,1,A
0822-26_crop_01.jpg,bg_to_strip_inclusion,17,2,369,299,1,2,1,A
0822-26_crop_01.jpg,bg_to_strip_inclusion,18,2,373,303,1,2,1,A
0822-26_crop_01.jpg,bg_to_strip_inclusion,19,4,370,308,3,2,1,A
0822-26_crop_01.jpg,bg_to_strip_inclusion,20,18,369,326,3,10,1,A
0822-26_crop_01.jpg,bg_to_strip_inclusion,21,82,737,337,7,20,1,A
0822-26_crop_01.jpg,bg_to_strip_inclusion,23,15,383,499,2,14,1,A
0822-26_crop_01.jpg,bg_to_strip_inclusion,25,70,975,526,4,22,1,A
0822-26_crop_01.jpg,bg_to_strip_inclusion,26,2,386,531,2,2,1,A
0822-26_crop_01.jpg,bg_to_strip_inclusion,27,45,384,534,3,34,1,A
0822-26_crop_01.jpg,bg_to_strip_inclusion,28,3,391,565,1,3,1,A
0822-26_crop_01.jpg,bg_to_strip_inclusion,29,8,387,569,4,5,1,A
0822-26_crop_01.jpg,bg_to_strip_inclusion,31,7,389,602,1,7,1,A
0822-26_crop_01.jpg,bg_to_strip_inclusion,32,9,389,613,1,9,1,A
0822-26_crop_01.jpg,bg_to_strip_inclusion,34,13,390,625,2,13,1,A
0822-26_crop_01.jpg,bg_to_strip_inclusion,35,2,395,625,1,2,1,A
0822-26_crop_01.jpg,bg_to_strip_inclusion,36,20,602,625,2,11,1,A
0822-26_crop_01.jpg,bg_to_strip_inclusion,37,12,396,642,1,12,1,A
0822-26_crop_01.jpg,bg_to_strip_inclusion,38,2,393,659,2,1,1,A
0822-26_crop_01.jpg,bg_to_strip_inclusion,39,40,396,700,5,11,1,A
0822-26_crop_02.jpg,bg_to_strip_inclusion,1,69,424,766,4,20,1,A
0822-30_crop_01.jpg,bg_to_strip_inclusion,1,47,951,64,3,17,1,A
0822-30_crop_01.jpg,bg_to_strip_inclusion,2,16,43,518,1,16,1,A
0822-30_crop_01.jpg,bg_to_strip_inclusion,3,14,47,537,1,14,1,A
0822-30_crop_01.jpg,bg_to_strip_inclusion,5,5,46,620,3,3,1,A
0822-30_crop_01.jpg,bg_to_strip_inclusion,7,4,385,699,1,4,1,A
0822-30_crop_01.jpg,bg_to_strip_inclusion,8,5,386,707,1,5,1,A
0822-30_crop_01.jpg,bg_to_strip_inclusion,9,10,381,708,1,10,1,A
0822-30_crop_01.jpg,bg_to_strip_inclusion,10,4,381,726,1,4,1,A
0822-30_crop_01.jpg,bg_to_strip_inclusion,11,4,380,739,1,4,1,A
0822-30_crop_01.jpg,bg_to_strip_inclusion,12,5,384,738,1,5,1,A
0822-30_crop_01.jpg,bg_to_strip_inclusion,13,3,381,745,1,3,1,A
0822-30_crop_01.jpg,bg_to_strip_inclusion,14,64,50,921,5,15,1,A
0822-31_crop_01.jpg,bg_to_strip_inclusion,2,2,317,900,1,2,1,A
0822-31_crop_01.jpg,bg_to_strip_inclusion,3,2,318,906,1,2,1,A
0822-31_crop_01.jpg,bg_to_strip_inclusion,4,2,325,921,1,2,1,A
0822-31_crop_01.jpg,bg_to_strip_inclusion,6,36,322,927,6,12,1,A
0822-31_crop_01.jpg,bg_to_strip_inclusion,7,35,324,941,5,13,1,A
0822-33_crop_00.jpg,bg_to_strip_inclusion,1,31,437,32,4,21,1,A
0822-33_crop_00.jpg,bg_to_strip_inclusion,5,8,447,57,1,8,1,A
0822-33_crop_00.jpg,bg_to_strip_inclusion,6,2,442,63,1,2,1,A
0822-33_crop_00.jpg,bg_to_strip_inclusion,7,74,693,63,3,49,1,A
0822-33_crop_00.jpg,bg_to_strip_inclusion,8,3,689,64,1,3,1,A
0822-33_crop_00.jpg,bg_to_strip_inclusion,9,65,688,114,4,27,1,A
0822-33_crop_00.jpg,bg_to_strip_inclusion,10,58,694,193,3,35,1,A
0822-33_crop_00.jpg,bg_to_strip_inclusion,11,23,696,236,4,9,1,A
0822-33_crop_00.jpg,bg_to_strip_inclusion,12,21,693,268,1,21,1,A
0822-33_crop_00.jpg,bg_to_strip_inclusion,13,33,694,290,5,13,1,A
0822-33_crop_00.jpg,bg_to_strip_inclusion,14,5,700,306,1,5,1,A
0822-33_crop_00.jpg,bg_to_strip_inclusion,15,271,114,364,14,43,1,A
0822-33_crop_00.jpg,bg_to_strip_inclusion,16,19,13,432,3,8,1,A
0822-33_crop_00.jpg,bg_to_strip_inclusion,17,11,171,483,3,5,1,A
0822-33_crop_00.jpg,bg_to_strip_inclusion,18,17,165,592,3,15,1,A
0822-33_crop_00.jpg,bg_to_strip_inclusion,19,2,166,612,1,2,1,A
0822-33_crop_00.jpg,bg_to_strip_inclusion,20,41,506,631,4,14,1,A
0822-33_crop_00.jpg,bg_to_strip_inclusion,21,15,193,1002,5,7,1,A
0822-33_crop_00.jpg,bg_to_strip_inclusion,22,30,193,1006,2,18,1,A
0822-9_crop_02.jpg,bg_to_strip_inclusion,1,108,724,186,7,25,1,A
0826_D-11_crop_02.jpg,bg_to_D,3,7,28,183,4,4,4,D
0826_D-11_crop_02.jpg,bg_to_D,5,3,28,188,2,3,4,D
0826_D-11_crop_02.jpg,bg_to_D,6,24,46,691,5,6,4,D
0826_D-14_crop_01.jpg,bg_to_D,2,2,431,489,1,2,4,D
0826_D-14_crop_01.jpg,bg_to_D,4,2,434,493,2,1,4,D
0826_D-14_crop_01.jpg,bg_to_D,5,2,437,493,2,1,4,D
0826_D-16_crop_02.jpg,bg_to_D,1,2,608,204,1,2,4,D
0826_D-16_crop_02.jpg,bg_to_D,2,7,608,207,5,5,4,D
0826_D-16_crop_02.jpg,bg_to_D,3,2,614,211,2,1,4,D
0826_D-16_crop_02.jpg,bg_to_D,4,7,51,316,4,5,4,D
0826_D-17_crop_01.jpg,bg_to_D,1,11,106,48,8,4,4,D
0826_D-17_crop_01.jpg,bg_to_D,5,2,190,403,2,1,4,D
0826_D-17_crop_01.jpg,bg_to_D,6,2,193,403,2,1,4,D
0826_D-17_crop_01.jpg,bg_to_D,7,3,186,404,3,3,4,D
0826_D-17_crop_01.jpg,bg_to_D,8,6,196,404,4,6,4,D
0826_D-17_crop_01.jpg,bg_to_D,10,6,196,411,4,6,4,D
0826_D-17_crop_01.jpg,bg_to_D,12,2,193,417,2,1,4,D
0826_D-17_crop_01.jpg,bg_to_D,13,16,603,449,10,6,4,D
0826_D-17_crop_01.jpg,bg_to_D,14,2,613,453,1,2,4,D
0826_D-17_crop_01.jpg,bg_to_D,15,2,603,456,1,2,4,D
0826_D-17_crop_01.jpg,bg_to_D,16,2,606,460,2,1,4,D
0826_D-17_crop_01.jpg,bg_to_D,18,68,289,911,20,17,4,D
0826_D-17_crop_01.jpg,bg_to_D,21,2,300,928,2,1,4,D
0826_D-19_crop_01.jpg,bg_to_D,3,2,951,197,1,2,4,D
0826_D-19_crop_01.jpg,bg_to_D,4,2,951,200,1,2,4,D
0826_D-19_crop_01.jpg,bg_to_D,5,5,952,203,5,3,4,D
0826_D-19_crop_01.jpg,bg_to_D,6,2,958,205,2,1,4,D
0826_D-19_crop_01.jpg,bg_to_D,8,2,507,473,1,2,4,D
0826_D-19_crop_01.jpg,bg_to_D,9,2,510,477,2,1,4,D
0826_D-20_crop_00.jpg,bg_to_D,6,2,121,508,1,2,4,D
0826_D-20_crop_00.jpg,bg_to_D,7,7,121,511,5,5,4,D
0826_D-20_crop_00.jpg,bg_to_D,9,14,849,680,6,10,4,D
0826_D-20_crop_00.jpg,bg_to_D,10,3,860,681,3,3,4,D
0826_D-20_crop_00.jpg,bg_to_D,11,27,847,691,12,18,4,D
0826_D-20_crop_00.jpg,bg_to_D,12,11,764,792,9,3,4,D
0826_D-20_crop_00.jpg,bg_to_D,13,2,763,796,1,2,4,D
0826_D-20_crop_00.jpg,bg_to_D,14,2,773,796,1,2,4,D
0826_D-20_crop_00.jpg,bg_to_D,19,2,982,937,2,2,4,D
0826_D-20_crop_00.jpg,bg_to_D,21,5,992,938,3,5,4,D
0826_D-20_crop_00.jpg,bg_to_D,23,14,980,942,5,10,4,D
0826_D-25_crop_00.jpg,bg_to_D,1,2,273,19,2,1,4,D
0826_D-25_crop_00.jpg,bg_to_D,2,9,276,19,6,6,4,D
0826_D-25_crop_00.jpg,bg_to_D,4,2,281,26,1,2,4,D
0826_D-25_crop_00.jpg,bg_to_D,5,2,702,394,1,2,4,D
0826_D-25_crop_00.jpg,bg_to_D,6,31,689,397,13,7,4,D
0826_D-25_crop_00.jpg,bg_to_D,7,2,702,397,1,2,4,D
0826_D-25_crop_00.jpg,bg_to_D,8,4,281,531,3,4,4,D
0826_D-25_crop_00.jpg,bg_to_D,10,11,289,531,3,10,4,D
0826_D-25_crop_00.jpg,bg_to_D,11,2,282,540,2,2,4,D
0826_D-25_crop_00.jpg,bg_to_D,12,5,9,729,4,4,4,D
0826_D-25_crop_00.jpg,bg_to_D,13,5,14,729,4,4,4,D
0826_D-25_crop_00.jpg,bg_to_D,14,5,9,734,4,4,4,D
0826_D-25_crop_00.jpg,bg_to_D,15,5,14,734,4,4,4,D
0826_D-32_crop_02.jpg,bg_to_D,1,23,337,334,8,14,4,D
0826_D-32_crop_02.jpg,bg_to_D,2,2,346,334,2,1,4,D
0826_D-33_crop_00.jpg,bg_to_D,1,5,956,848,4,4,4,D
0826_D-33_crop_00.jpg,bg_to_D,2,5,961,848,4,4,4,D
0826_D-33_crop_00.jpg,bg_to_D,3,5,956,853,4,4,4,D
0826_D-33_crop_00.jpg,bg_to_D,4,5,961,853,4,4,4,D
0826_D-33_crop_01.jpg,bg_to_D,1,2,428,146,2,2,4,D
0826_D-33_crop_01.jpg,bg_to_D,2,2,437,146,2,2,4,D
0826_D-33_crop_01.jpg,bg_to_D,3,2,431,148,2,1,4,D
0826_D-33_crop_01.jpg,bg_to_D,4,2,434,148,2,1,4,D
0826_D-33_crop_01.jpg,bg_to_D,5,2,361,277,1,2,4,D
0826_D-33_crop_01.jpg,bg_to_D,6,2,361,280,1,2,4,D
0826_D-33_crop_01.jpg,bg_to_D,7,2,364,284,2,1,4,D
0826_D-33_crop_01.jpg,bg_to_D,8,2,367,284,2,1,4,D
0826_D-37_crop_02.jpg,bg_to_D,1,2,607,67,2,1,4,D
0826_D-37_crop_02.jpg,bg_to_D,2,4,604,68,2,4,4,D
0826_D-37_crop_02.jpg,bg_to_D,3,2,604,73,1,2,4,D
0826_D-37_crop_02.jpg,bg_to_D,4,2,606,819,2,2,4,D
0826_D-3_crop_01.jpg,bg_to_D,1,2,59,882,1,2,4,D
0826_D-43_crop_01.jpg,bg_to_D,2,21,11,990,9,9,4,D
0826_D-43_crop_01.jpg,bg_to_D,5,2,560,1000,2,1,4,D
0826_D-43_crop_01.jpg,bg_to_D,6,2,557,1003,1,2,4,D
0826_D-45_crop_01.jpg,bg_to_D,1,3,336,476,3,3,4,D
0826_D-45_crop_01.jpg,bg_to_D,2,3,335,480,1,3,4,D
0826_D-45_crop_01.jpg,bg_to_D,3,3,335,484,1,3,4,D
0826_D-45_crop_01.jpg,bg_to_D,4,3,336,488,3,3,4,D
0826_D-45_crop_01.jpg,bg_to_D,5,2,340,569,2,1,4,D
0826_D-45_crop_01.jpg,bg_to_D,7,17,336,570,6,10,4,D
0826_D-4_crop_01.jpg,bg_to_D,1,16,354,7,6,8,4,D
0826_D-4_crop_01.jpg,bg_to_D,2,2,351,14,2,1,4,D
0826_D-4_crop_01.jpg,bg_to_D,4,2,35,571,2,1,4,D
0826_D-4_crop_01.jpg,bg_to_D,6,2,843,926,1,2,4,D
0826_D-4_crop_01.jpg,bg_to_D,7,2,843,929,1,2,4,D
0826_D-4_crop_01.jpg,bg_to_D,8,2,836,933,2,1,4,D
0826_D-4_crop_01.jpg,bg_to_D,9,4,839,932,4,2,4,D
0826_D-56_crop_00.jpg,bg_to_D,1,10,484,185,4,6,4,D
0826_D-56_crop_00.jpg,bg_to_D,5,12,460,487,8,5,4,D
0826_D-56_crop_00.jpg,bg_to_D,11,2,557,956,1,2,4,D
0826_D-57_crop_00.jpg,bg_to_D,1,12,257,253,4,12,4,D
0826_D-57_crop_00.jpg,bg_to_D,3,58,203,371,9,8,4,D
0826_D-5_crop_01.jpg,bg_to_D,6,17,107,433,10,10,4,D
0826_D-5_crop_01.jpg,bg_to_D,7,2,104,442,2,1,4,D
0826_D-63_crop_00.jpg,bg_to_D,1,2,919,131,1,2,4,D
0826_D-63_crop_00.jpg,bg_to_D,2,21,919,134,14,8,4,D
0826_D-63_crop_00.jpg,bg_to_D,3,13,9,778,5,8,4,D
0826_D-63_crop_00.jpg,bg_to_D,4,3,15,784,3,2,4,D
0826_D-63_crop_00.jpg,bg_to_D,6,5,975,947,5,3,4,D
0826_D-63_crop_00.jpg,bg_to_D,7,2,980,951,1,2,4,D
0826_D-66_crop_02.jpg,bg_to_D,1,42,867,45,7,7,4,D
0826_D-69_crop_01.jpg,bg_to_D,1,2,71,57,2,1,4,D
0826_D-69_crop_01.jpg,bg_to_D,2,4,68,58,2,4,4,D
0826_D-69_crop_01.jpg,bg_to_D,3,2,68,63,1,2,4,D
0826_D-69_crop_01.jpg,bg_to_D,4,2,71,67,2,1,4,D
0826_D-70_crop_00.jpg,bg_to_D,2,2,603,201,1,2,4,D
0826_D-70_crop_00.jpg,bg_to_D,4,2,834,651,2,1,4,D
0826_D-70_crop_00.jpg,bg_to_D,5,2,837,651,2,1,4,D
0826_D-70_crop_00.jpg,bg_to_D,6,3,830,652,3,3,4,D
0826_D-70_crop_00.jpg,bg_to_D,7,2,829,656,1,2,4,D
0826_D-70_crop_00.jpg,bg_to_D,8,2,427,727,2,1,4,D
0826_D-70_crop_00.jpg,bg_to_D,9,7,430,727,5,5,4,D
0826_D-89_crop_01.jpg,bg_to_D,2,15,516,372,6,9,4,D
0826_D-89_crop_01.jpg,bg_to_D,3,2,510,375,1,2,4,D
0826_D-89_crop_01.jpg,bg_to_D,4,2,513,379,2,1,4,D
0826_D-89_crop_01.jpg,bg_to_D,6,2,106,991,1,2,4,D
0826_D-8_crop_00.jpg,bg_to_D,1,12,823,64,8,5,4,D
0826_D-8_crop_00.jpg,bg_to_D,2,24,634,193,11,9,4,D
0826_D-8_crop_00.jpg,bg_to_D,3,2,645,197,1,2,4,D
0826_D-8_crop_00.jpg,bg_to_D,6,2,891,517,2,1,4,D
0826_D-8_crop_00.jpg,bg_to_D,7,2,894,518,2,2,4,D
0826_D-8_crop_00.jpg,bg_to_D,9,2,108,612,2,1,4,D
0826_D-8_crop_00.jpg,bg_to_D,10,4,111,612,4,2,4,D
0826_D-94_crop_00.jpg,bg_to_D,1,2,830,237,1,2,4,D
0826_D-94_crop_00.jpg,bg_to_D,4,6,889,356,6,5,4,D
0826_D-94_crop_00.jpg,bg_to_D,5,16,879,369,7,4,4,D
0826_D-94_crop_00.jpg,bg_to_D,6,2,973,608,2,2,4,D
0826_D-94_crop_01.jpg,bg_to_D,1,2,712,750,1,2,4,D
0826_D-95_crop_00.jpg,bg_to_D,2,54,433,31,12,12,4,D
0826_D-95_crop_00.jpg,bg_to_D,3,3,902,617,3,2,4,D
0826_D-95_crop_00.jpg,bg_to_D,4,2,906,616,2,1,4,D
0826_D-95_crop_00.jpg,bg_to_D,5,2,909,616,2,1,4,D
0826_D-95_crop_00.jpg,bg_to_D,8,4,915,620,2,4,4,D
0826_D-95_crop_00.jpg,bg_to_D,10,8,912,625,5,7,4,D
0826_D-95_crop_00.jpg,bg_to_D,14,2,909,632,2,1,4,D
0826_D-95_crop_00.jpg,bg_to_D,16,5,322,815,4,4,4,D
0826_D-95_crop_00.jpg,bg_to_D,17,5,327,815,4,4,4,D
2025_3011_D_AWM-103_crop_00.jpg,bg_to_D,3,3,642,467,3,2,4,D
2025_3011_D_AWM-10_crop_00.jpg,bg_to_D,1,9,226,544,5,3,4,D
2025_3011_D_AWM-10_crop_00.jpg,bg_to_D,2,2,236,592,1,2,4,D
2025_3011_D_AWM-10_crop_00.jpg,bg_to_D,4,12,688,966,6,6,4,D
2025_3011_D_AWM-116_crop_00.jpg,bg_to_D,1,14,751,146,4,5,4,D
2025_3011_D_AWM-116_crop_00.jpg,bg_to_D,5,17,23,338,5,4,4,D
2025_3011_D_AWM-119_crop_00.jpg,bg_to_D,2,2,970,558,2,2,4,D
2025_3011_D_AWM-119_crop_00.jpg,bg_to_D,4,5,348,766,3,4,4,D
2025_3011_D_AWM-11_crop_00.jpg,bg_to_D,1,7,861,21,6,4,4,D
2025_3011_D_AWM-11_crop_00.jpg,bg_to_D,3,4,861,26,3,3,4,D
2025_3011_D_AWM-11_crop_00.jpg,bg_to_D,5,2,107,294,2,2,4,D
2025_3011_D_AWM-11_crop_00.jpg,bg_to_D,6,2,107,297,2,2,4,D
2025_3011_D_AWM-11_crop_00.jpg,bg_to_D,8,3,214,639,2,3,4,D
2025_3011_D_AWM-11_crop_00.jpg,bg_to_D,12,6,44,803,4,5,4,D
2025_3011_D_AWM-11_crop_00.jpg,bg_to_D,13,3,39,805,1,3,4,D
2025_3011_D_AWM-120_crop_00.jpg,bg_to_D,3,10,243,91,5,6,4,D
2025_3011_D_AWM-120_crop_00.jpg,bg_to_D,4,2,804,454,2,2,4,D
2025_3011_D_AWM-120_crop_00.jpg,bg_to_D,6,2,846,763,1,2,4,D
2025_3011_D_AWM-120_crop_00.jpg,bg_to_D,7,3,663,862,3,2,4,D
2025_3011_D_AWM-120_crop_00.jpg,bg_to_D,9,5,215,905,3,4,4,D
2025_3011_D_AWM-12_crop_00.jpg,bg_to_D,1,7,598,21,3,7,4,D
2025_3011_D_AWM-12_crop_00.jpg,bg_to_D,2,3,610,27,2,3,4,D
2025_3011_D_AWM-12_crop_00.jpg,bg_to_D,3,3,471,479,2,3,4,D
2025_3011_D_AWM-12_crop_00.jpg,bg_to_D,8,34,809,485,8,6,4,D
2025_3011_D_AWM-12_crop_00.jpg,bg_to_D,10,2,701,870,1,2,4,D
2025_3011_D_AWM-134_crop_00.jpg,bg_to_D,2,8,731,173,3,4,4,D
2025_3011_D_AWM-134_crop_00.jpg,bg_to_D,4,3,386,285,3,2,4,D
2025_3011_D_AWM-134_crop_00.jpg,bg_to_D,6,25,229,797,7,6,4,D
2025_3011_D_AWM-136_crop_00.jpg,bg_to_D,1,4,191,200,3,4,4,D
2025_3011_D_AWM-136_crop_00.jpg,bg_to_D,2,2,301,619,1,2,4,D
2025_3011_D_AWM-136_crop_00.jpg,bg_to_D,3,13,104,1006,5,8,4,D
2025_3011_D_AWM-140_crop_00.jpg,bg_to_D,1,3,3,127,3,2,4,D
2025_3011_D_AWM-140_crop_00.jpg,bg_to_D,3,3,2,131,3,3,4,D
2025_3011_D_AWM-140_crop_00.jpg,bg_to_D,4,11,604,131,4,7,4,D
2025_3011_D_AWM-175_crop_00.jpg,bg_to_D,1,28,364,248,6,6,4,D
2025_3011_D_AWM-175_crop_00.jpg,bg_to_D,2,37,287,446,7,7,4,D
2025_3011_D_AWM-175_crop_00.jpg,bg_to_D,3,26,453,465,6,5,4,D
2025_3011_D_AWM-175_crop_00.jpg,bg_to_D,4,35,442,740,6,7,4,D
2025_3011_D_AWM-175_crop_00.jpg,bg_to_D,5,37,65,864,7,7,4,D
2025_3011_D_AWM-175_crop_00.jpg,bg_to_D,6,19,940,925,5,5,4,D
2025_3011_D_AWM-1_crop_00.jpg,bg_to_D,1,5,350,29,3,3,4,D
2025_3011_D_AWM-22_crop_00.jpg,bg_to_D,4,2,661,293,1,2,4,D
2025_3011_D_AWM-22_crop_00.jpg,bg_to_D,6,4,661,296,3,3,4,D
2025_3011_D_AWM-22_crop_00.jpg,bg_to_D,8,4,927,374,3,3,4,D
2025_3011_D_AWM-22_crop_00.jpg,bg_to_D,9,5,36,474,4,4,4,D
2025_3011_D_AWM-22_crop_00.jpg,bg_to_D,11,2,1006,952,1,2,4,D
2025_3011_D_AWM-22_crop_00.jpg,bg_to_D,12,2,1006,955,1,2,4,D
2025_3011_D_AWM-22_crop_00.jpg,bg_to_D,13,3,518,967,2,3,4,D
2025_3011_D_AWM-22_crop_00.jpg,bg_to_D,15,3,518,971,2,3,4,D
2025_3011_D_AWM-25_crop_00.jpg,bg_to_D,3,2,422,82,1,2,4,D
2025_3011_D_AWM-25_crop_00.jpg,bg_to_D,5,6,1010,166,4,3,4,D
2025_3011_D_AWM-25_crop_00.jpg,bg_to_D,7,13,167,699,4,11,4,D
2025_3011_D_AWM-25_crop_00.jpg,bg_to_D,8,2,172,710,2,1,4,D
2025_3011_D_AWM-25_crop_00.jpg,bg_to_D,9,9,154,886,6,6,4,D
2025_3011_D_AWM-28_crop_00.jpg,bg_to_D,3,4,141,396,3,3,4,D
2025_3011_D_AWM-28_crop_00.jpg,bg_to_D,6,2,923,809,1,2,4,D
2025_3011_D_AWM-2_crop_00.jpg,bg_to_D,2,3,524,284,2,2,4,D
2025_3011_D_AWM-2_crop_00.jpg,bg_to_D,3,10,679,346,3,6,4,D
2025_3011_D_AWM-2_crop_00.jpg,bg_to_D,4,2,683,347,2,2,4,D
2025_3011_D_AWM-2_crop_00.jpg,bg_to_D,5,2,683,350,2,2,4,D
2025_3011_D_AWM-2_crop_00.jpg,bg_to_D,6,2,575,410,2,2,4,D
2025_3011_D_AWM-2_crop_00.jpg,bg_to_D,7,7,846,491,4,5,4,D
2025_3011_D_AWM-2_crop_00.jpg,bg_to_D,10,11,292,636,4,7,4,D
2025_3011_D_AWM-2_crop_00.jpg,bg_to_D,18,4,300,997,3,3,4,D
2025_3011_D_AWM-35_crop_00.jpg,bg_to_D,1,2,432,393,1,2,4,D
2025_3011_D_AWM-35_crop_00.jpg,bg_to_D,5,2,541,725,2,1,4,D
2025_3011_D_AWM-35_crop_00.jpg,bg_to_D,8,31,890,757,10,7,4,D
2025_3011_D_AWM-36_crop_00.jpg,bg_to_D,1,8,255,35,5,5,4,D
2025_3011_D_AWM-36_crop_00.jpg,bg_to_D,2,2,256,41,2,2,4,D
2025_3011_D_AWM-36_crop_00.jpg,bg_to_D,3,11,602,330,5,6,4,D
2025_3011_D_AWM-36_crop_00.jpg,bg_to_D,4,11,252,677,4,7,4,D
2025_3011_D_AWM-3_crop_00.jpg,bg_to_D,2,5,923,452,4,4,4,D
2025_3011_D_AWM-42_crop_00.jpg,bg_to_strip_inclusion,2,39,73,716,6,12,2,B
2025_3011_D_AWM-42_crop_00.jpg,bg_to_strip_inclusion,3,26,72,724,4,18,2,B
2025_3011_D_AWM-42_crop_00.jpg,bg_to_strip_inclusion,5,10,6,765,4,4,2,B
2025_3011_D_AWM-42_crop_00.jpg,bg_to_strip_inclusion,6,15,8,774,3,7,2,B
2025_3011_D_AWM-42_crop_00.jpg,bg_to_D,1,2,1000,116,2,2,4,D
2025_3011_D_AWM-42_crop_00.jpg,bg_to_D,3,18,478,141,5,5,4,D
2025_3011_D_AWM-42_crop_00.jpg,bg_to_D,4,4,268,437,3,3,4,D
2025_3011_D_AWM-42_crop_00.jpg,bg_to_D,8,9,369,501,5,3,4,D
2025_3011_D_AWM-42_crop_00.jpg,bg_to_D,11,4,81,867,3,4,4,D
2025_3011_D_AWM-42_crop_00.jpg,bg_to_D,12,8,75,869,5,6,4,D
2025_3011_D_AWM-42_crop_00.jpg,bg_to_D,13,9,754,890,3,5,4,D
2025_3011_D_AWM-49_crop_00.jpg,bg_to_strip_inclusion,1,8,54,1006,2,7,2,B
2025_3011_D_AWM-49_crop_00.jpg,bg_to_D,4,15,311,430,7,6,4,D
2025_3011_D_AWM-49_crop_00.jpg,bg_to_D,5,2,316,430,2,2,4,D
2025_3011_D_AWM-49_crop_00.jpg,bg_to_D,6,11,521,991,7,4,4,D
2025_3011_D_AWM-4_crop_00.jpg,bg_to_D,7,3,51,814,2,3,4,D
2025_3011_D_AWM-4_crop_00.jpg,bg_to_D,8,2,51,818,1,2,4,D
2025_3011_D_AWM-4_crop_00.jpg,bg_to_D,10,7,434,853,4,5,4,D
2025_3011_D_AWM-54_crop_00.jpg,bg_to_D,5,8,571,349,5,4,4,D
2025_3011_D_AWM-62_crop_00.jpg,bg_to_D,3,16,958,190,5,5,4,D
2025_3011_D_AWM-62_crop_00.jpg,bg_to_D,4,2,999,227,1,2,4,D
2025_3011_D_AWM-62_crop_00.jpg,bg_to_D,6,14,674,600,4,4,4,D
2025_3011_D_AWM-62_crop_00.jpg,bg_to_D,12,5,747,1009,4,4,4,D
2025_3011_D_AWM-62_crop_00.jpg,bg_to_D,13,5,752,1009,4,4,4,D
2025_3011_D_AWM-63_crop_00.jpg,bg_to_strip_inclusion,1,5,298,801,2,5,3,C
2025_3011_D_AWM-63_crop_00.jpg,bg_to_D,1,12,325,519,4,4,4,D
2025_3011_D_AWM-63_crop_00.jpg,bg_to_D,2,4,212,524,3,2,4,D
2025_3011_D_AWM-63_crop_00.jpg,bg_to_D,3,14,164,602,4,4,4,D
2025_3011_D_AWM-63_crop_00.jpg,bg_to_D,4,6,126,718,3,6,4,D
2025_3011_D_AWM-63_crop_00.jpg,bg_to_D,5,3,72,981,2,3,4,D
2025_3011_D_AWM-63_crop_00.jpg,bg_to_D,7,3,72,985,2,3,4,D
2025_3011_D_AWM-69_crop_00.jpg,bg_to_D,1,7,265,88,3,3,4,D
2025_3011_D_AWM-69_crop_00.jpg,bg_to_D,2,11,965,601,5,5,4,D
2025_3011_D_AWM-69_crop_00.jpg,bg_to_D,3,2,567,672,2,2,4,D
2025_3011_D_AWM-69_crop_00.jpg,bg_to_D,6,3,352,891,3,2,4,D
2025_3011_D_AWM-72_crop_00.jpg,bg_to_D,1,7,0,616,2,4,4,D
2025_3011_D_AWM-72_crop_00.jpg,bg_to_D,2,2,180,981,2,1,4,D
2025_3011_D_AWM-72_crop_00.jpg,bg_to_D,3,4,183,981,4,2,4,D
2025_3011_D_AWM-72_crop_00.jpg,bg_to_D,5,2,187,984,1,2,4,D
2025_3011_D_AWM-9_crop_00.jpg,bg_to_D,6,11,912,748,5,7,4,D
2025_3011_D_AWM-9_crop_00.jpg,bg_to_D,7,16,550,835,5,4,4,D
2025_3011_D_SHW-1_crop_00.jpg,bg_to_D,6,4,483,574,3,3,4,D
2025_3011_D_SHW-1_crop_00.jpg,bg_to_D,11,23,24,731,6,5,4,D
2025_3011_D_SHW-5_crop_00.jpg,bg_to_D,2,2,988,334,1,2,4,D
2025_3011_D_SHW-5_crop_00.jpg,bg_to_D,3,4,988,337,3,3,4,D
2025_3011_D_SHW-5_crop_00.jpg,bg_to_D,4,21,721,374,5,5,4,D
2025_3011_D_TS-102_crop_00.jpg,bg_to_D,1,4,263,288,3,3,4,D
2025_3011_D_TS-102_crop_00.jpg,bg_to_D,3,2,311,513,2,2,4,D
2025_3011_D_TS-102_crop_00.jpg,bg_to_D,4,13,235,711,6,6,4,D
2025_3011_D_TS-102_crop_00.jpg,bg_to_D,5,2,239,711,2,2,4,D
2025_3011_D_TS-102_crop_00.jpg,bg_to_D,6,6,390,949,3,4,4,D
2025_3011_D_TS-104_crop_00.jpg,bg_to_D,2,2,639,65,2,2,4,D
2025_3011_D_TS-104_crop_00.jpg,bg_to_D,3,13,12,172,6,6,4,D
2025_3011_D_TS-105_crop_00.jpg,bg_to_D,2,2,101,479,2,2,4,D
2025_3011_D_TS-105_crop_00.jpg,bg_to_D,3,3,1002,873,2,2,4,D
2025_3011_D_TS-105_crop_00.jpg,bg_to_D,5,2,256,884,2,2,4,D
2025_3011_D_TS-105_crop_00.jpg,bg_to_D,6,9,792,1019,4,5,4,D
2025_3011_D_TS-105_crop_00.jpg,bg_to_D,7,3,797,1022,2,2,4,D
2025_3011_D_TS-118_crop_00.jpg,bg_to_D,1,3,217,243,2,2,4,D
2025_3011_D_TS-118_crop_00.jpg,bg_to_D,2,2,220,243,2,2,4,D
2025_3011_D_TS-118_crop_00.jpg,bg_to_D,4,2,262,603,2,2,4,D
2025_3011_D_TS-118_crop_00.jpg,bg_to_D,5,2,265,603,2,2,4,D
2025_3011_D_TS-118_crop_00.jpg,bg_to_D,7,2,1000,737,2,2,4,D
2025_3011_D_TS-118_crop_00.jpg,bg_to_D,9,10,695,838,3,6,4,D
2025_3011_D_TS-131_crop_00.jpg,bg_to_strip_inclusion,1,85,999,656,7,18,3,C
2025_3011_D_TS-131_crop_00.jpg,bg_to_D,1,6,22,460,5,3,4,D
2025_3011_D_TS-131_crop_00.jpg,bg_to_D,3,8,246,929,3,3,4,D
2025_3011_D_TS-136_crop_00.jpg,bg_to_D,1,6,675,61,2,3,4,D
2025_3011_D_TS-136_crop_00.jpg,bg_to_D,2,9,358,181,5,3,4,D
2025_3011_D_TS-136_crop_00.jpg,bg_to_D,3,2,603,475,2,2,4,D
2025_3011_D_TS-136_crop_00.jpg,bg_to_D,4,2,603,478,2,2,4,D
2025_3011_D_TS-136_crop_00.jpg,bg_to_D,5,2,606,478,2,2,4,D
2025_3011_D_TS-136_crop_00.jpg,bg_to_D,8,10,333,592,4,7,4,D
2025_3011_D_TS-136_crop_00.jpg,bg_to_D,11,4,826,649,3,3,4,D
2025_3011_D_TS-138_crop_00.jpg,bg_to_D,1,2,95,51,2,2,4,D
2025_3011_D_TS-138_crop_00.jpg,bg_to_D,4,7,157,101,3,4,4,D
2025_3011_D_TS-138_crop_00.jpg,bg_to_D,5,10,162,641,5,5,4,D
2025_3011_D_TS-138_crop_00.jpg,bg_to_D,7,2,421,716,2,2,4,D
2025_3011_D_TS-138_crop_00.jpg,bg_to_D,8,2,891,716,2,2,4,D
2025_3011_D_TS-138_crop_00.jpg,bg_to_D,9,2,894,716,2,2,4,D
2025_3011_D_TS-15_crop_00.jpg,bg_to_D,1,13,504,31,4,4,4,D
2025_3011_D_TS-15_crop_00.jpg,bg_to_D,8,7,681,572,3,3,4,D
2025_3011_D_TS-15_crop_00.jpg,bg_to_D,10,8,114,978,4,6,4,D
2025_3011_D_TS-16_crop_00.jpg,bg_to_strip_inclusion,1,2,69,828,2,1,2,B
2025_3011_D_TS-16_crop_00.jpg,bg_to_D,1,2,1006,11,2,2,4,D
2025_3011_D_TS-16_crop_00.jpg,bg_to_D,3,9,1003,14,5,3,4,D
2025_3011_D_TS-16_crop_00.jpg,bg_to_D,4,14,117,41,4,4,4,D
2025_3011_D_TS-16_crop_00.jpg,bg_to_D,5,9,306,190,3,4,4,D
2025_3011_D_TS-172_crop_00.jpg,bg_to_D,4,9,63,813,3,3,4,D
2025_3011_D_TS-172_crop_00.jpg,bg_to_D,5,6,374,903,3,3,4,D
2025_3011_D_TS-182_crop_00.jpg,bg_to_D,1,2,704,621,2,2,4,D
2025_3011_D_TS-187_crop_00.jpg,bg_to_D,2,2,33,92,1,2,4,D
2025_3011_D_TS-187_crop_00.jpg,bg_to_D,3,2,33,95,1,2,4,D
2025_3011_D_TS-187_crop_00.jpg,bg_to_D,5,10,56,300,4,4,4,D
2025_3011_D_TS-187_crop_00.jpg,bg_to_D,6,9,934,642,5,5,4,D
2025_3011_D_TS-187_crop_00.jpg,bg_to_D,7,2,396,766,2,2,4,D
2025_3011_D_TS-189_crop_00.jpg,bg_to_D,1,2,133,67,2,2,4,D
2025_3011_D_TS-189_crop_00.jpg,bg_to_D,2,2,136,67,2,2,4,D
2025_3011_D_TS-189_crop_00.jpg,bg_to_D,3,2,136,70,2,2,4,D
2025_3011_D_TS-189_crop_00.jpg,bg_to_D,4,6,190,327,4,2,4,D
2025_3011_D_TS-189_crop_00.jpg,bg_to_D,5,4,526,542,4,2,4,D
2025_3011_D_TS-189_crop_00.jpg,bg_to_D,6,2,531,542,2,1,4,D
2025_3011_D_TS-189_crop_00.jpg,bg_to_D,7,2,525,545,1,2,4,D
2025_3011_D_TS-189_crop_00.jpg,bg_to_D,9,2,588,959,2,2,4,D
2025_3011_D_TS-189_crop_00.jpg,bg_to_D,10,2,591,959,2,2,4,D
2025_3011_D_TS-189_crop_00.jpg,bg_to_D,11,2,588,962,2,2,4,D
2025_3011_D_TS-189_crop_00.jpg,bg_to_D,13,9,972,998,3,5,4,D
2025_3011_D_TS-197_crop_00.jpg,bg_to_strip_inclusion,1,93,216,973,11,23,2,B
2025_3011_D_TS-197_crop_00.jpg,bg_to_D,1,5,176,469,5,3,4,D
2025_3011_D_TS-197_crop_00.jpg,bg_to_D,2,6,386,485,3,5,4,D
2025_3011_D_TS-197_crop_00.jpg,bg_to_D,3,2,383,488,2,2,4,D
2025_3011_D_TS-197_crop_00.jpg,bg_to_D,4,9,342,510,3,5,4,D
2025_3011_D_TS-197_crop_00.jpg,bg_to_D,6,2,180,800,2,2,4,D
2025_3011_D_TS-197_crop_00.jpg,bg_to_D,7,3,180,803,2,2,4,D
2025_3011_D_TS-197_crop_00.jpg,bg_to_D,8,2,183,803,2,2,4,D
2025_3011_D_TS-209_crop_00.jpg,bg_to_D,1,6,358,161,3,4,4,D
2025_3011_D_TS-209_crop_00.jpg,bg_to_D,3,5,31,206,5,3,4,D
2025_3011_D_TS-209_crop_00.jpg,bg_to_D,6,6,145,798,3,5,4,D
2025_3011_D_TS-209_crop_00.jpg,bg_to_D,8,7,732,1001,4,5,4,D
2025_3011_D_TS-20_crop_00.jpg,bg_to_strip_inclusion,1,118,370,317,5,27,3,C
2025_3011_D_TS-216_crop_00.jpg,bg_to_strip_inclusion,1,4,428,991,4,2,2,B
2025_3011_D_TS-216_crop_00.jpg,bg_to_strip_inclusion,2,9,432,999,1,9,2,B
2025_3011_D_TS-216_crop_00.jpg,bg_to_strip_inclusion,4,17,428,1015,5,7,2,B
2025_3011_D_TS-216_crop_00.jpg,bg_to_D,2,4,54,175,2,3,4,D
2025_3011_D_TS-216_crop_00.jpg,bg_to_D,3,3,450,179,2,2,4,D
2025_3011_D_TS-216_crop_00.jpg,bg_to_D,5,10,392,258,6,5,4,D
2025_3011_D_TS-216_crop_00.jpg,bg_to_D,6,3,379,324,2,2,4,D
2025_3011_D_TS-216_crop_00.jpg,bg_to_D,8,2,928,387,2,2,4,D
2025_3011_D_TS-216_crop_00.jpg,bg_to_D,9,6,841,434,2,3,4,D
2025_3011_D_TS-216_crop_00.jpg,bg_to_D,10,3,218,741,2,2,4,D
2025_3011_D_TS-233_crop_00.jpg,bg_to_D,2,3,337,652,2,2,4,D
2025_3011_D_TS-233_crop_00.jpg,bg_to_D,3,7,469,712,3,5,4,D
2025_3011_D_TS-235_crop_00.jpg,bg_to_D,1,9,8,20,3,4,4,D
2025_3011_D_TS-235_crop_00.jpg,bg_to_D,2,2,988,766,1,2,4,D
2025_3011_D_TS-235_crop_00.jpg,bg_to_D,4,2,339,976,2,2,4,D
2025_3011_D_TS-235_crop_00.jpg,bg_to_D,6,5,708,1015,3,3,4,D
2025_3011_D_TS-236_crop_00.jpg,bg_to_strip_inclusion,1,14,256,27,4,4,2,B
2025_3011_D_TS-236_crop_00.jpg,bg_to_D,2,4,5,59,2,3,4,D
2025_3011_D_TS-236_crop_00.jpg,bg_to_D,3,3,453,466,2,3,4,D
2025_3011_D_TS-236_crop_00.jpg,bg_to_D,4,3,453,470,2,3,4,D
2025_3011_D_TS-236_crop_00.jpg,bg_to_D,5,2,766,543,2,2,4,D
2025_3011_D_TS-236_crop_00.jpg,bg_to_D,7,3,766,546,2,2,4,D
2025_3011_D_TS-236_crop_00.jpg,bg_to_D,9,2,222,885,2,2,4,D
2025_3011_D_TS-236_crop_00.jpg,bg_to_D,10,2,222,888,2,2,4,D
2025_3011_D_TS-236_crop_00.jpg,bg_to_D,11,2,225,888,2,2,4,D
2025_3011_D_TS-24_crop_00.jpg,bg_to_D,1,2,45,466,2,2,4,D
2025_3011_D_TS-24_crop_00.jpg,bg_to_D,2,2,45,469,2,2,4,D
2025_3011_D_TS-24_crop_00.jpg,bg_to_D,3,3,197,611,2,2,4,D
2025_3011_D_TS-259_crop_00.jpg,bg_to_D,1,9,664,22,3,5,4,D
2025_3011_D_TS-259_crop_00.jpg,bg_to_D,2,7,178,344,4,4,4,D
2025_3011_D_TS-259_crop_00.jpg,bg_to_D,3,7,457,775,3,3,4,D
2025_3011_D_TS-265_crop_00.jpg,bg_to_D,1,6,383,196,3,5,4,D
2025_3011_D_TS-265_crop_00.jpg,bg_to_D,2,2,387,196,2,2,4,D
2025_3011_D_TS-265_crop_00.jpg,bg_to_D,3,2,387,199,2,2,4,D
2025_3011_D_TS-265_crop_00.jpg,bg_to_D,4,2,859,628,2,2,4,D
2025_3011_D_TS-271_crop_00.jpg,bg_to_D,2,2,452,50,2,2,4,D
2025_3011_D_TS-271_crop_00.jpg,bg_to_D,3,14,999,297,6,6,4,D
2025_3011_D_TS-271_crop_00.jpg,bg_to_D,4,2,1003,297,2,2,4,D
2025_3011_D_TS-271_crop_00.jpg,bg_to_D,5,7,776,667,3,3,4,D
2025_3011_D_TS-271_crop_00.jpg,bg_to_D,6,2,729,721,2,2,4,D
2025_3011_D_TS-271_crop_00.jpg,bg_to_D,8,2,1017,746,2,2,4,D
2025_3011_D_TS-286_crop_00.jpg,bg_to_D,1,5,920,467,3,4,4,D
2025_3011_D_TS-286_crop_00.jpg,bg_to_D,5,2,898,636,2,2,4,D
2025_3011_D_TS-286_crop_00.jpg,bg_to_D,6,2,898,639,2,2,4,D
2025_3011_D_TS-294_crop_00.jpg,bg_to_D,1,2,356,450,2,2,4,D
2025_3011_D_TS-294_crop_00.jpg,bg_to_D,3,4,505,451,2,2,4,D
2025_3011_D_TS-294_crop_00.jpg,bg_to_D,4,7,356,453,5,3,4,D
2025_3011_D_TS-294_crop_00.jpg,bg_to_D,5,5,302,941,4,2,4,D
2025_3011_D_TS-294_crop_00.jpg,bg_to_D,6,11,218,990,6,6,4,D
2025_3011_D_TS-302_crop_00.jpg,bg_to_D,1,4,632,256,3,4,4,D
2025_3011_D_TS-303_crop_00.jpg,bg_to_D,1,4,56,256,2,3,4,D
2025_3011_D_TS-303_crop_00.jpg,bg_to_D,3,2,529,948,1,2,4,D
2025_3011_D_TS-304_crop_00.jpg,bg_to_D,3,2,1005,458,2,2,4,D
2025_3011_D_TS-304_crop_00.jpg,bg_to_D,5,4,1000,517,3,3,4,D
2025_3011_D_TS-306_crop_00.jpg,bg_to_D,1,8,16,33,4,5,4,D
2025_3011_D_TS-306_crop_00.jpg,bg_to_D,3,7,870,84,4,4,4,D
2025_3011_D_TS-306_crop_00.jpg,bg_to_D,4,6,875,84,4,4,4,D
2025_3011_D_TS-306_crop_00.jpg,bg_to_D,7,2,102,418,2,2,4,D
2025_3011_D_TS-308_crop_00.jpg,bg_to_D,1,16,886,804,6,6,4,D
2025_3011_D_TS-311_crop_00.jpg,bg_to_D,1,7,538,64,3,3,4,D
2025_3011_D_TS-311_crop_00.jpg,bg_to_D,2,7,56,168,3,5,4,D
2025_3011_D_TS-311_crop_00.jpg,bg_to_D,3,2,60,171,2,2,4,D
2025_3011_D_TS-311_crop_00.jpg,bg_to_D,5,2,66,308,2,2,4,D
2025_3011_D_TS-311_crop_00.jpg,bg_to_D,6,2,855,599,2,2,4,D
2025_3011_D_TS-311_crop_00.jpg,bg_to_D,7,2,855,602,2,2,4,D
2025_3011_D_TS-311_crop_00.jpg,bg_to_D,8,3,138,847,2,2,4,D
2025_3011_D_TS-311_crop_00.jpg,bg_to_D,10,9,215,1009,3,5,4,D
2025_3011_D_TS-311_crop_00.jpg,bg_to_D,11,2,219,1009,2,2,4,D
2025_3011_D_TS-311_crop_00.jpg,bg_to_D,12,2,219,1012,2,2,4,D
2025_3011_D_TS-314_crop_00.jpg,bg_to_D,1,2,897,320,2,2,4,D
2025_3011_D_TS-314_crop_00.jpg,bg_to_D,2,3,900,320,2,2,4,D
2025_3011_D_TS-314_crop_00.jpg,bg_to_D,3,6,90,323,3,4,4,D
2025_3011_D_TS-314_crop_00.jpg,bg_to_D,4,3,897,323,2,2,4,D
2025_3011_D_TS-314_crop_00.jpg,bg_to_D,5,2,900,323,2,2,4,D
2025_3011_D_TS-314_crop_00.jpg,bg_to_D,6,3,951,371,2,2,4,D
2025_3011_D_TS-314_crop_00.jpg,bg_to_D,8,2,769,462,2,2,4,D
2025_3011_D_TS-315_crop_00.jpg,bg_to_D,2,2,155,614,2,2,4,D
2025_3011_D_TS-315_crop_00.jpg,bg_to_D,4,12,612,932,4,4,4,D
2025_3011_D_TS-317_crop_00.jpg,bg_to_D,1,17,713,152,5,5,4,D
2025_3011_D_TS-317_crop_00.jpg,bg_to_D,2,2,246,252,2,1,4,D
2025_3011_D_TS-317_crop_00.jpg,bg_to_D,6,13,459,710,4,4,4,D
2025_3011_D_TS-323_crop_00.jpg,bg_to_D,2,2,146,192,1,2,4,D
2025_3011_D_TS-323_crop_00.jpg,bg_to_D,4,4,40,220,3,4,4,D
2025_3011_D_TS-323_crop_00.jpg,bg_to_D,5,2,513,284,2,2,4,D
2025_3011_D_TS-323_crop_00.jpg,bg_to_D,6,2,513,287,2,2,4,D
2025_3011_D_TS-323_crop_00.jpg,bg_to_D,7,2,741,364,2,2,4,D
2025_3011_D_TS-323_crop_00.jpg,bg_to_D,8,2,744,364,2,2,4,D
2025_3011_D_TS-323_crop_00.jpg,bg_to_D,9,2,470,481,2,2,4,D
2025_3011_D_TS-323_crop_00.jpg,bg_to_D,10,2,470,484,2,2,4,D
2025_3011_D_TS-323_crop_00.jpg,bg_to_D,12,12,254,702,4,4,4,D
2025_3011_D_TS-325_crop_00.jpg,bg_to_D,2,2,71,392,2,2,4,D
2025_3011_D_TS-325_crop_00.jpg,bg_to_D,3,9,36,770,5,3,4,D
2025_3011_D_TS-325_crop_00.jpg,bg_to_D,6,7,330,818,3,4,4,D
2025_3011_D_TS-32_crop_00.jpg,bg_to_D,1,12,613,271,4,4,4,D
2025_3011_D_TS-32_crop_00.jpg,bg_to_D,2,2,103,314,2,2,4,D
2025_3011_D_TS-32_crop_00.jpg,bg_to_D,3,2,102,317,1,2,4,D
2025_3011_D_TS-32_crop_00.jpg,bg_to_D,4,2,102,320,1,2,4,D
2025_3011_D_TS-32_crop_00.jpg,bg_to_D,5,9,572,424,3,4,4,D
2025_3011_D_TS-32_crop_00.jpg,bg_to_D,6,4,577,870,3,3,4,D
2025_3011_D_TS-32_crop_00.jpg,bg_to_D,7,4,577,874,3,3,4,D
2025_3011_D_TS-32_crop_00.jpg,bg_to_D,9,19,612,955,8,8,4,D
2025_3011_D_TS-330_crop_00.jpg,bg_to_D,2,2,77,455,2,2,4,D
2025_3011_D_TS-330_crop_00.jpg,bg_to_D,7,3,690,572,2,2,4,D
2025_3011_D_TS-330_crop_00.jpg,bg_to_D,9,9,606,756,4,3,4,D
2025_3011_D_TS-339_crop_00.jpg,bg_to_D,1,7,930,81,5,3,4,D
2025_3011_D_TS-339_crop_00.jpg,bg_to_D,3,2,904,193,2,2,4,D
2025_3011_D_TS-339_crop_00.jpg,bg_to_D,4,2,907,193,2,2,4,D
2025_3011_D_TS-339_crop_00.jpg,bg_to_D,5,2,904,196,2,2,4,D
2025_3011_D_TS-339_crop_00.jpg,bg_to_D,6,2,907,196,2,2,4,D
2025_3011_D_TS-339_crop_00.jpg,bg_to_D,7,9,1005,641,4,3,4,D
2025_3011_D_TS-339_crop_00.jpg,bg_to_D,9,4,671,807,3,3,4,D
2025_3011_D_TS-340_crop_00.jpg,bg_to_D,1,6,822,94,4,4,4,D
2025_3011_D_TS-340_crop_00.jpg,bg_to_D,2,3,827,94,3,2,4,D
2025_3011_D_TS-340_crop_00.jpg,bg_to_D,7,9,345,766,3,5,4,D
2025_3011_D_TS-340_crop_00.jpg,bg_to_D,10,17,288,1017,4,5,4,D
2025_3011_D_TS-363_crop_00.jpg,bg_to_D,2,11,706,264,5,4,4,D
2025_3011_D_TS-363_crop_00.jpg,bg_to_D,3,9,590,585,3,5,4,D
2025_3011_D_TS-363_crop_00.jpg,bg_to_D,4,14,896,791,8,4,4,D
2025_3011_D_TS-36_crop_00.jpg,bg_to_D,3,7,779,926,4,5,4,D
2025_3011_D_TS-374_crop_00.jpg,bg_to_D,1,2,53,76,2,2,4,D
2025_3011_D_TS-374_crop_00.jpg,bg_to_D,2,2,56,76,2,2,4,D
2025_3011_D_TS-374_crop_00.jpg,bg_to_D,3,2,53,79,2,2,4,D
2025_3011_D_TS-374_crop_00.jpg,bg_to_D,4,2,56,79,2,2,4,D
2025_3011_D_TS-374_crop_00.jpg,bg_to_D,5,17,768,130,5,5,4,D
2025_3011_D_TS-374_crop_00.jpg,bg_to_D,6,7,201,604,3,3,4,D
2025_3011_D_TS-378_crop_00.jpg,bg_to_D,3,6,314,844,4,3,4,D
2025_3011_D_TS-37_crop_00.jpg,bg_to_D,1,32,686,40,6,6,4,D
2025_3011_D_TS-37_crop_00.jpg,bg_to_D,3,4,25,400,3,3,4,D
2025_3011_D_TS-37_crop_00.jpg,bg_to_D,4,2,114,524,2,2,4,D
2025_3011_D_TS-37_crop_00.jpg,bg_to_D,5,2,117,524,2,2,4,D
2025_3011_D_TS-37_crop_00.jpg,bg_to_D,6,2,114,527,2,2,4,D
2025_3011_D_TS-37_crop_00.jpg,bg_to_D,7,2,117,527,2,2,4,D
2025_3011_D_TS-37_crop_00.jpg,bg_to_D,9,10,564,650,4,5,4,D
2025_3011_D_TS-381_crop_00.jpg,bg_to_D,1,4,895,125,3,3,4,D
2025_3011_D_TS-381_crop_00.jpg,bg_to_D,3,3,550,335,2,2,4,D
2025_3011_D_TS-381_crop_00.jpg,bg_to_D,5,4,811,391,2,3,4,D
2025_3011_D_TS-381_crop_00.jpg,bg_to_D,7,6,186,690,3,4,4,D
2025_3011_D_TS-381_crop_00.jpg,bg_to_D,9,2,901,702,2,2,4,D
2025_3011_D_TS-3_crop_00.jpg,bg_to_D,2,4,886,166,3,3,4,D
2025_3011_D_TS-51_crop_00.jpg,bg_to_D,1,6,173,299,3,5,4,D
2025_3011_D_TS-51_crop_00.jpg,bg_to_D,2,2,695,627,2,2,4,D
2025_3011_D_TS-59_crop_00.jpg,bg_to_D,1,7,457,65,3,3,4,D
2025_3011_D_TS-59_crop_00.jpg,bg_to_D,3,2,232,161,1,2,4,D
2025_3011_D_TS-59_crop_00.jpg,bg_to_D,5,3,227,452,2,2,4,D
2025_3011_D_TS-59_crop_00.jpg,bg_to_D,8,2,468,466,2,2,4,D
2025_3011_D_TS-59_crop_00.jpg,bg_to_D,9,2,468,469,2,2,4,D
2025_3011_D_TS-68_crop_00.jpg,bg_to_D,1,19,498,128,7,6,4,D
2025_3011_D_TS-68_crop_00.jpg,bg_to_D,2,2,503,132,2,2,4,D
2025_3011_D_TS-68_crop_00.jpg,bg_to_D,3,6,542,766,3,5,4,D
2025_3011_D_TS-68_crop_00.jpg,bg_to_D,4,5,616,787,3,2,4,D
2025_3011_D_TS-71_crop_00.jpg,bg_to_D,1,4,96,102,2,3,4,D
2025_3011_D_TS-71_crop_00.jpg,bg_to_D,5,17,69,776,5,4,4,D
2025_3011_D_TS-83_crop_00.jpg,bg_to_D,1,12,844,128,8,6,4,D
2025_3011_D_TS-83_crop_00.jpg,bg_to_D,4,2,79,510,2,2,4,D
2025_3011_D_TS-83_crop_00.jpg,bg_to_D,5,2,79,513,2,2,4,D
2025_3011_D_TS-83_crop_00.jpg,bg_to_D,7,11,28,914,6,6,4,D
2025_3011_D_TS-83_crop_00.jpg,bg_to_D,8,2,32,914,2,2,4,D
2025_3011_D_TS-83_crop_00.jpg,bg_to_D,10,2,125,939,2,2,4,D
2025_3011_D_TS-8_crop_00.jpg,bg_to_D,1,5,62,71,3,4,4,D
2025_3011_D_TS-8_crop_00.jpg,bg_to_D,3,6,53,226,3,4,4,D
2025_3011_D_TS-8_crop_00.jpg,bg_to_D,4,29,592,259,7,6,4,D
2025_3011_D_TS-8_crop_00.jpg,bg_to_D,6,8,168,706,4,5,4,D
2025_3011_D_TS-91_crop_00.jpg,bg_to_D,1,7,434,76,3,5,4,D
2025_3011_D_TS-91_crop_00.jpg,bg_to_D,3,8,1017,334,3,5,4,D
2025_3011_D_TS-91_crop_00.jpg,bg_to_D,4,2,1021,336,2,2,4,D
2025_3011_D_TS-91_crop_00.jpg,bg_to_D,5,7,166,573,3,5,4,D
2025_3011_D_TS-91_crop_00.jpg,bg_to_D,7,7,108,830,5,4,4,D
2025_3011_D_TS-92_crop_00.jpg,bg_to_D,1,3,976,92,2,2,4,D
2025_3011_D_TS-92_crop_00.jpg,bg_to_D,2,2,653,120,2,2,4,D
2025_3011_D_TS-92_crop_00.jpg,bg_to_D,3,2,656,120,2,2,4,D
2025_3011_D_TS-92_crop_00.jpg,bg_to_D,4,2,15,133,2,2,4,D
2025_3011_D_TS-92_crop_00.jpg,bg_to_D,5,2,18,133,2,2,4,D
2025_3011_D_TS-92_crop_00.jpg,bg_to_D,6,2,15,136,2,2,4,D
2025_3011_D_TS-92_crop_00.jpg,bg_to_D,7,2,18,136,2,2,4,D
2025_3011_D_TS-92_crop_00.jpg,bg_to_D,8,7,965,304,4,3,4,D
2025_3011_D_TS-92_crop_00.jpg,bg_to_D,12,4,672,725,3,3,4,D
240110-B-135_crop_00.jpg,bg_to_strip_inclusion,1,2,774,210,1,2,2,B
240110-B-135_crop_00.jpg,bg_to_strip_inclusion,2,15,757,212,6,8,2,B
240110-B-135_crop_00.jpg,bg_to_strip_inclusion,3,18,774,238,5,5,2,B
240110-B-135_crop_00.jpg,bg_to_strip_inclusion,4,6,778,263,2,4,2,B
240110-B-135_crop_00.jpg,bg_to_strip_inclusion,5,4,780,271,1,4,2,B
240110-B-135_crop_00.jpg,bg_to_strip_inclusion,6,4,781,279,1,4,2,B
240110-B-135_crop_00.jpg,bg_to_strip_inclusion,7,11,776,295,4,6,2,B
240110-B-135_crop_00.jpg,bg_to_strip_inclusion,8,15,766,298,6,9,2,B
240110-B-135_crop_00.jpg,bg_to_strip_inclusion,9,169,767,309,11,36,2,B
240110-B-135_crop_00.jpg,bg_to_strip_inclusion,10,2,445,311,1,2,3,C
240110-B-135_crop_00.jpg,bg_to_strip_inclusion,11,14,770,349,2,10,2,B
240110-B-138_crop_00.jpg,bg_to_strip_inclusion,1,3,58,746,3,2,2,B
240110-B-138_crop_00.jpg,bg_to_strip_inclusion,2,11,54,766,2,10,2,B
240110-B-138_crop_00.jpg,bg_to_strip_inclusion,4,4,56,792,1,4,2,B
240110-B-138_crop_00.jpg,bg_to_strip_inclusion,6,3,58,819,1,3,2,B
240110-B-138_crop_00.jpg,bg_to_strip_inclusion,8,18,604,820,2,12,2,B
240110-B-138_crop_00.jpg,bg_to_strip_inclusion,10,7,52,830,2,7,2,B
240110-B-138_crop_00.jpg,bg_to_strip_inclusion,12,6,69,835,3,5,2,B
240110-B-138_crop_00.jpg,bg_to_strip_inclusion,13,2,1001,848,2,2,3,C
240110-B-138_crop_00.jpg,bg_to_strip_inclusion,14,3,1003,852,1,3,3,C
240110-B-138_crop_00.jpg,bg_to_strip_inclusion,16,2,997,876,1,2,3,C
240115-A-663_crop_01.jpg,bg_to_strip_inclusion,2,4,1013,633,1,4,3,C
240115-A-663_crop_01.jpg,bg_to_strip_inclusion,5,3,1006,646,1,3,3,C
240115-A-663_crop_01.jpg,bg_to_strip_inclusion,6,8,91,793,2,8,3,C
240115-A-663_crop_01.jpg,bg_to_strip_inclusion,7,5,97,802,1,5,3,C
240115-A-663_crop_01.jpg,bg_to_strip_inclusion,8,2,91,809,1,2,3,C
240115-A-663_crop_01.jpg,bg_to_strip_inclusion,11,4,87,966,1,4,3,C
240115-A-663_crop_01.jpg,bg_to_strip_inclusion,12,4,92,967,1,4,3,C
240115-A-663_crop_01.jpg,bg_to_strip_inclusion,13,3,88,973,1,3,3,C
240115-A-663_crop_01.jpg,bg_to_strip_inclusion,14,33,90,973,5,15,3,C
240115-A-663_crop_01.jpg,bg_to_strip_inclusion,15,3,89,978,1,3,3,C
240115-A-666_crop_00.jpg,bg_to_strip_inclusion,1,19,370,19,6,15,1,A
240115-A-666_crop_00.jpg,bg_to_strip_inclusion,2,3,369,36,1,3,1,A
240115-A-666_crop_00.jpg,bg_to_strip_inclusion,3,2,368,43,1,2,1,A
240115-A-666_crop_00.jpg,bg_to_strip_inclusion,4,4,373,53,1,4,1,A
240115-A-666_crop_00.jpg,bg_to_strip_inclusion,5,6,365,72,1,6,1,A
240115-A-666_crop_00.jpg,bg_to_strip_inclusion,6,2,352,150,1,2,1,A
240115-A-666_crop_00.jpg,bg_to_strip_inclusion,7,5,351,155,1,5,1,A
240115-A-666_crop_00.jpg,bg_to_strip_inclusion,9,2,351,168,1,2,1,A
240115-A-666_crop_00.jpg,bg_to_strip_inclusion,10,5,352,176,1,5,1,A
240115-A-666_crop_00.jpg,bg_to_strip_inclusion,11,37,341,307,5,15,1,A
240115-A-666_crop_00.jpg,bg_to_strip_inclusion,12,3,341,329,1,3,1,A
240115-A-666_crop_00.jpg,bg_to_strip_inclusion,13,6,341,344,5,4,1,A
240115-A-666_crop_00.jpg,bg_to_strip_inclusion,14,12,253,491,3,12,1,A
240115-A-666_crop_00.jpg,bg_to_strip_inclusion,15,2,252,504,1,2,1,A
240115-A-666_crop_00.jpg,bg_to_strip_inclusion,16,2,251,507,1,2,1,A
240115-A-666_crop_00.jpg,bg_to_strip_inclusion,21,14,413,625,3,6,3,C
240115-A-666_crop_00.jpg,bg_to_strip_inclusion,24,85,191,995,7,19,3,C
240115-A-666_crop_00.jpg,bg_to_strip_inclusion,25,4,768,1000,1,4,3,C
240115-A-666_crop_00.jpg,bg_to_strip_inclusion,26,4,769,1005,2,4,3,C
240115-A-667_crop_01.jpg,bg_to_strip_inclusion,1,3,182,799,3,3,1,A
240115-A-667_crop_01.jpg,bg_to_strip_inclusion,3,5,188,803,1,5,1,A
240115-A-667_crop_01.jpg,bg_to_strip_inclusion,4,8,189,809,1,8,1,A
240115-A-667_crop_01.jpg,bg_to_strip_inclusion,5,9,180,838,1,9,1,A
240115-A-667_crop_01.jpg,bg_to_strip_inclusion,6,4,188,848,1,4,1,A
240115-A-667_crop_01.jpg,bg_to_strip_inclusion,7,12,181,854,1,12,1,A
240115-A-667_crop_01.jpg,bg_to_strip_inclusion,8,9,185,865,3,8,1,A
240115-A-667_crop_01.jpg,bg_to_strip_inclusion,9,3,182,867,1,3,1,A
240115-A-668_crop_01.jpg,bg_to_strip_inclusion,1,6,222,35,3,5,3,C
240115-A-668_crop_01.jpg,bg_to_strip_inclusion,2,10,222,48,2,9,3,C
240115-A-668_crop_01.jpg,bg_to_strip_inclusion,3,3,228,56,1,3,3,C
240115-A-668_crop_01.jpg,bg_to_strip_inclusion,4,3,224,61,1,3,3,C
240115-A-668_crop_01.jpg,bg_to_strip_inclusion,5,11,925,528,6,5,1,A
240115-A-668_crop_01.jpg,bg_to_strip_inclusion,8,3,922,546,1,3,1,A
240115-A-668_crop_01.jpg,bg_to_strip_inclusion,11,2,925,554,1,2,1,A
240115-A-668_crop_01.jpg,bg_to_strip_inclusion,13,3,85,830,1,3,1,A
240115-A-668_crop_01.jpg,bg_to_strip_inclusion,16,5,70,869,1,5,1,A
240115-A-668_crop_01.jpg,bg_to_strip_inclusion,17,7,69,877,1,7,1,A
240115-A-668_crop_01.jpg,bg_to_strip_inclusion,18,6,68,886,1,6,1,A
240115-A-668_crop_01.jpg,bg_to_strip_inclusion,19,14,65,895,3,12,1,A
240115-A-668_crop_01.jpg,bg_to_strip_inclusion,21,3,70,909,1,3,1,A
240115-A-668_crop_01.jpg,bg_to_strip_inclusion,22,17,62,928,4,10,1,A
240115-A-669_crop_01.jpg,bg_to_strip_inclusion,1,51,832,201,5,14,3,C
240115-A-669_crop_01.jpg,bg_to_strip_inclusion,2,3,519,381,1,3,3,C
240115-A-669_crop_01.jpg,bg_to_strip_inclusion,3,13,517,385,2,12,3,C
240115-A-673_crop_00.jpg,bg_to_strip_inclusion,1,12,627,18,5,5,1,A
240115-A-673_crop_00.jpg,bg_to_strip_inclusion,3,2,628,27,1,2,1,A
240115-A-673_crop_00.jpg,bg_to_strip_inclusion,6,85,630,44,3,60,1,A
240115-A-673_crop_00.jpg,bg_to_strip_inclusion,7,2,637,73,1,2,1,A
240115-A-673_crop_00.jpg,bg_to_strip_inclusion,8,4,632,121,1,4,1,A
240115-A-673_crop_00.jpg,bg_to_strip_inclusion,9,17,641,131,1,17,1,A
240115-A-673_crop_00.jpg,bg_to_strip_inclusion,10,56,633,133,4,49,1,A
240115-A-673_crop_00.jpg,bg_to_strip_inclusion,11,7,637,184,1,7,1,A
240115-A-673_crop_00.jpg,bg_to_strip_inclusion,12,13,638,197,1,13,1,A
240115-A-673_crop_00.jpg,bg_to_strip_inclusion,13,4,639,214,1,4,1,A
240115-A-673_crop_00.jpg,bg_to_strip_inclusion,14,2,645,218,1,2,1,A
240115-A-673_crop_00.jpg,bg_to_strip_inclusion,16,8,645,240,1,8,1,A
240115-A-673_crop_00.jpg,bg_to_strip_inclusion,18,3,257,247,2,2,1,A
240115-A-673_crop_00.jpg,bg_to_strip_inclusion,19,22,639,247,2,16,1,A
240115-A-673_crop_00.jpg,bg_to_strip_inclusion,20,5,253,251,1,5,1,A
240115-A-673_crop_00.jpg,bg_to_strip_inclusion,21,8,252,257,2,8,1,A
240115-A-673_crop_00.jpg,bg_to_strip_inclusion,22,3,644,273,1,3,1,A
240115-A-673_crop_00.jpg,bg_to_strip_inclusion,23,2,642,277,2,1,1,A
240115-A-673_crop_00.jpg,bg_to_strip_inclusion,24,11,263,354,1,11,1,A
240115-A-673_crop_00.jpg,bg_to_strip_inclusion,26,21,252,379,4,18,1,A
240115-A-673_crop_00.jpg,bg_to_strip_inclusion,28,3,160,401,2,2,1,A
240115-A-673_crop_00.jpg,bg_to_strip_inclusion,32,4,166,416,1,4,1,A
240115-A-673_crop_00.jpg,bg_to_strip_inclusion,33,3,646,416,2,2,1,A
240115-A-673_crop_00.jpg,bg_to_strip_inclusion,34,15,245,422,6,5,1,A
240115-A-673_crop_00.jpg,bg_to_strip_inclusion,35,26,651,435,5,10,1,A
240115-A-673_crop_00.jpg,bg_to_strip_inclusion,36,4,852,545,4,1,1,A
240115-A-673_crop_00.jpg,bg_to_strip_inclusion,39,2,850,565,1,2,1,A
240115-A-673_crop_00.jpg,bg_to_strip_inclusion,40,6,851,569,2,6,1,A
240115-A-673_crop_00.jpg,bg_to_strip_inclusion,41,11,860,570,1,11,1,A
240115-A-673_crop_00.jpg,bg_to_strip_inclusion,42,7,853,576,2,7,1,A
240115-A-673_crop_00.jpg,bg_to_strip_inclusion,43,3,855,584,1,3,1,A
240115-A-673_crop_00.jpg,bg_to_strip_inclusion,44,7,861,586,1,7,1,A
240115-A-673_crop_00.jpg,bg_to_strip_inclusion,45,5,856,590,1,5,1,A
240115-A-673_crop_00.jpg,bg_to_strip_inclusion,51,9,205,667,1,9,1,A
240115-A-673_crop_00.jpg,bg_to_strip_inclusion,53,4,233,679,1,4,1,A
240115-A-673_crop_00.jpg,bg_to_strip_inclusion,54,7,206,681,1,7,1,A
240115-A-673_crop_00.jpg,bg_to_strip_inclusion,55,4,207,691,1,4,1,A
240115-A-673_crop_00.jpg,bg_to_strip_inclusion,57,3,851,771,3,2,1,A
240115-A-673_crop_00.jpg,bg_to_strip_inclusion,58,2,850,777,1,2,1,A
240115-A-673_crop_00.jpg,bg_to_strip_inclusion,59,5,849,789,1,5,1,A
240115-A-673_crop_00.jpg,bg_to_strip_inclusion,60,12,848,799,1,12,1,A
240115-A-673_crop_00.jpg,bg_to_strip_inclusion,61,5,847,816,1,5,1,A
240115-A-673_crop_00.jpg,bg_to_strip_inclusion,62,2,846,823,1,2,1,A
240115-A-673_crop_00.jpg,bg_to_strip_inclusion,67,4,254,839,2,4,1,A
240115-A-676_crop_00.jpg,bg_to_strip_inclusion,1,17,510,242,7,10,1,A
240115-A-676_crop_00.jpg,bg_to_strip_inclusion,2,5,516,259,1,5,1,A
240115-A-676_crop_00.jpg,bg_to_strip_inclusion,3,7,508,265,3,5,1,A
240115-A-676_crop_00.jpg,bg_to_strip_inclusion,4,2,515,265,1,2,1,A
240115-A-676_crop_00.jpg,bg_to_strip_inclusion,5,2,324,388,2,1,3,C
240115-A-676_crop_00.jpg,bg_to_strip_inclusion,6,4,324,393,1,4,3,C
240115-A-676_crop_00.jpg,bg_to_strip_inclusion,7,3,325,400,1,3,3,C
240115-A-676_crop_00.jpg,bg_to_strip_inclusion,9,10,517,566,1,10,1,A
240115-A-676_crop_00.jpg,bg_to_strip_inclusion,10,3,521,609,1,3,1,A
240115-A-676_crop_00.jpg,bg_to_strip_inclusion,11,5,534,641,1,5,1,A
240115-A-676_crop_00.jpg,bg_to_strip_inclusion,14,2,523,669,1,2,1,A
240115-A-678_crop_00.jpg,bg_to_strip_inclusion,1,4,93,72,4,2,1,A
240115-A-678_crop_00.jpg,bg_to_strip_inclusion,4,4,101,179,4,2,1,A
240115-A-678_crop_00.jpg,bg_to_strip_inclusion,5,2,98,188,1,2,1,A
240115-A-678_crop_00.jpg,bg_to_strip_inclusion,9,7,110,253,2,5,1,A
240115-A-678_crop_00.jpg,bg_to_strip_inclusion,11,93,253,661,7,18,3,C
240115-A-678_crop_01.jpg,bg_to_strip_inclusion,2,2,19,305,1,2,1,A
240115-A-678_crop_01.jpg,bg_to_strip_inclusion,3,3,951,388,3,2,1,A
240115-A-678_crop_01.jpg,bg_to_strip_inclusion,5,2,948,392,1,2,1,A
240115-A-678_crop_01.jpg,bg_to_strip_inclusion,6,2,947,395,1,2,1,A
240115-A-678_crop_01.jpg,bg_to_strip_inclusion,9,5,29,410,4,2,1,A
240115-A-678_crop_01.jpg,bg_to_strip_inclusion,10,13,961,410,1,13,1,A
240115-A-678_crop_01.jpg,bg_to_strip_inclusion,11,2,946,413,1,2,1,A
240115-A-678_crop_01.jpg,bg_to_strip_inclusion,12,3,947,418,1,3,1,A
240115-A-678_crop_01.jpg,bg_to_strip_inclusion,13,8,948,422,2,8,1,A
240115-A-678_crop_01.jpg,bg_to_strip_inclusion,14,3,950,432,1,3,1,A
240115-A-678_crop_01.jpg,bg_to_strip_inclusion,15,4,951,438,1,4,1,A
240115-A-678_crop_01.jpg,bg_to_strip_inclusion,16,10,958,439,1,10,1,A
240115-A-678_crop_01.jpg,bg_to_strip_inclusion,17,3,952,445,1,3,1,A
240115-A-678_crop_01.jpg,bg_to_strip_inclusion,18,2,953,452,1,2,1,A
240115-A-678_crop_01.jpg,bg_to_strip_inclusion,19,4,959,455,1,4,1,A
240115-A-686_crop_02.jpg,bg_to_strip_inclusion,1,35,286,959,6,20,3,C
240115-A-686_crop_02.jpg,bg_to_strip_inclusion,2,2,287,1000,1,2,1,A
240115-A-690_crop_01.jpg,bg_to_strip_inclusion,1,4,861,286,2,2,3,C
240115-A-690_crop_01.jpg,bg_to_strip_inclusion,2,18,858,290,3,12,3,C
240115-A-699_crop_00.jpg,bg_to_strip_inclusion,1,9,735,43,4,4,3,C
240115-A-699_crop_00.jpg,bg_to_strip_inclusion,2,2,634,210,1,2,1,A
240115-A-699_crop_00.jpg,bg_to_strip_inclusion,3,4,641,225,1,4,1,A
240115-A-699_crop_00.jpg,bg_to_strip_inclusion,4,4,642,233,1,4,1,A
240115-A-699_crop_00.jpg,bg_to_strip_inclusion,5,24,633,239,2,21,1,A
240115-A-699_crop_00.jpg,bg_to_strip_inclusion,6,6,635,269,1,6,1,A
240115-A-699_crop_00.jpg,bg_to_strip_inclusion,7,2,636,286,1,2,1,A
240115-A-699_crop_00.jpg,bg_to_strip_inclusion,8,5,631,381,4,2,1,A
240115-A-699_crop_00.jpg,bg_to_strip_inclusion,9,12,625,408,2,10,1,A
240115-A-699_crop_00.jpg,bg_to_strip_inclusion,11,12,57,851,4,10,1,A
240115-A-699_crop_00.jpg,bg_to_strip_inclusion,12,11,62,851,4,6,1,A
240115-A-699_crop_00.jpg,bg_to_strip_inclusion,14,33,56,883,3,29,1,A
240115-A-699_crop_00.jpg,bg_to_strip_inclusion,15,17,65,933,5,7,1,A
240115-A-699_crop_02.jpg,bg_to_strip_inclusion,2,12,621,392,2,12,1,A
240115-A-699_crop_02.jpg,bg_to_strip_inclusion,3,3,766,401,1,3,3,C
240115-A-699_crop_02.jpg,bg_to_strip_inclusion,4,4,763,407,4,2,3,C
240115-A-699_crop_02.jpg,bg_to_strip_inclusion,6,3,609,426,1,3,1,A
240115-A-699_crop_02.jpg,bg_to_strip_inclusion,7,2,610,430,2,2,1,A
240115-A-702_crop_00.jpg,bg_to_strip_inclusion,1,11,819,310,1,11,1,A
240115-A-702_crop_00.jpg,bg_to_strip_inclusion,2,7,823,361,3,4,1,A
240115-A-702_crop_00.jpg,bg_to_strip_inclusion,3,3,822,368,1,3,1,A
240115-A-702_crop_00.jpg,bg_to_strip_inclusion,7,6,645,592,3,6,1,A
240115-A-702_crop_00.jpg,bg_to_strip_inclusion,9,18,641,621,2,17,1,A
240115-A-702_crop_00.jpg,bg_to_strip_inclusion,10,2,640,639,1,2,1,A
240115-A-702_crop_00.jpg,bg_to_strip_inclusion,12,3,644,661,1,3,1,A
240115-A-702_crop_00.jpg,bg_to_strip_inclusion,14,2,641,678,1,2,1,A
240115-A-702_crop_00.jpg,bg_to_strip_inclusion,15,3,640,684,1,3,1,A
240115-A-702_crop_00.jpg,bg_to_strip_inclusion,16,30,519,860,5,12,1,A
240115-A-702_crop_00.jpg,bg_to_strip_inclusion,17,11,511,874,4,9,1,A
240115-A-702_crop_00.jpg,bg_to_strip_inclusion,21,60,501,898,8,23,1,A
240115-A-702_crop_00.jpg,bg_to_strip_inclusion,22,7,496,914,1,7,1,A
240115-A-702_crop_01.jpg,bg_to_strip_inclusion,1,8,287,59,1,8,1,A
240115-A-702_crop_01.jpg,bg_to_strip_inclusion,2,7,288,70,1,7,1,A
240115-A-702_crop_01.jpg,bg_to_strip_inclusion,3,30,282,78,6,20,1,A
240115-A-702_crop_01.jpg,bg_to_strip_inclusion,4,3,275,164,3,3,1,A
240115-A-702_crop_01.jpg,bg_to_strip_inclusion,5,6,274,168,1,6,1,A
240115-A-702_crop_01.jpg,bg_to_strip_inclusion,6,14,281,171,1,14,1,A
240115-A-702_crop_01.jpg,bg_to_strip_inclusion,7,18,276,191,6,10,1,A
240115-A-703_crop_02.jpg,bg_to_strip_inclusion,1,6,624,283,4,2,3,C
240115-A-703_crop_02.jpg,bg_to_strip_inclusion,2,48,624,293,2,36,1,A
240115-A-703_crop_02.jpg,bg_to_strip_inclusion,3,5,624,334,3,4,1,A
240115-A-703_crop_02.jpg,bg_to_strip_inclusion,4,67,0,421,4,20,1,A
240115-A-703_crop_02.jpg,bg_to_strip_inclusion,6,4,29,440,1,4,1,A
240115-A-703_crop_02.jpg,bg_to_strip_inclusion,7,5,28,448,1,5,1,A
240115-A-703_crop_02.jpg,bg_to_strip_inclusion,8,5,27,461,1,5,1,A
240115-A-703_crop_02.jpg,bg_to_strip_inclusion,9,20,26,481,1,20,1,A
240115-A-703_crop_02.jpg,bg_to_strip_inclusion,10,3,39,498,1,3,1,A
240115-A-703_crop_02.jpg,bg_to_strip_inclusion,11,2,38,507,1,2,1,A
240115-A-703_crop_02.jpg,bg_to_strip_inclusion,12,2,38,520,1,2,1,A
240115-A-703_crop_02.jpg,bg_to_strip_inclusion,14,2,32,544,1,2,1,A
240115-A-703_crop_02.jpg,bg_to_strip_inclusion,15,7,35,551,5,2,1,A
240115-A-704_crop_00.jpg,bg_to_strip_inclusion,1,8,52,0,5,2,1,A
240115-A-704_crop_00.jpg,bg_to_strip_inclusion,2,3,48,7,2,3,1,A
240115-A-704_crop_00.jpg,bg_to_strip_inclusion,3,36,45,20,3,27,1,A
240115-A-704_crop_00.jpg,bg_to_strip_inclusion,4,16,250,178,3,14,1,A
240115-A-704_crop_00.jpg,bg_to_strip_inclusion,5,9,257,183,3,9,1,A
240115-A-704_crop_00.jpg,bg_to_strip_inclusion,6,5,251,195,1,5,1,A
240115-A-704_crop_00.jpg,bg_to_strip_inclusion,8,7,258,210,4,4,1,A
240115-A-704_crop_00.jpg,bg_to_strip_inclusion,9,8,404,412,4,5,1,A
240115-A-704_crop_00.jpg,bg_to_strip_inclusion,10,5,399,432,1,5,1,A
240115-A-704_crop_00.jpg,bg_to_strip_inclusion,11,7,398,439,1,7,1,A
240115-A-704_crop_00.jpg,bg_to_strip_inclusion,12,3,661,491,2,2,1,A
240115-A-704_crop_00.jpg,bg_to_strip_inclusion,14,5,400,496,1,5,1,A
240115-A-704_crop_00.jpg,bg_to_strip_inclusion,18,10,247,601,4,3,1,A
240115-A-704_crop_00.jpg,bg_to_strip_inclusion,19,3,615,936,2,3,1,A
240115-A-704_crop_00.jpg,bg_to_strip_inclusion,20,2,614,947,1,2,1,A
240115-A-704_crop_00.jpg,bg_to_strip_inclusion,21,2,621,951,1,2,1,A
240115-A-704_crop_00.jpg,bg_to_strip_inclusion,22,9,622,969,1,9,1,A
240115-A-704_crop_02.jpg,bg_to_strip_inclusion,2,2,253,357,1,2,3,C
240115-A-704_crop_02.jpg,bg_to_strip_inclusion,5,3,254,551,1,3,3,C
240115-A-704_crop_02.jpg,bg_to_strip_inclusion,6,2,253,555,1,2,3,C
240115-A-704_crop_02.jpg,bg_to_strip_inclusion,7,12,250,572,1,12,3,C
240115-A-704_crop_02.jpg,bg_to_strip_inclusion,8,10,251,585,2,10,3,C
240115-A-704_crop_02.jpg,bg_to_strip_inclusion,9,3,253,596,1,3,3,C
240115-A-704_crop_02.jpg,bg_to_strip_inclusion,10,2,254,601,1,2,3,C
240115-B-146_crop_00.jpg,bg_to_strip_inclusion,1,2,254,226,2,1,1,A
240115-B-146_crop_00.jpg,bg_to_strip_inclusion,2,2,252,275,1,2,1,A
240115-B-146_crop_00.jpg,bg_to_strip_inclusion,3,11,253,278,4,8,1,A
240115-B-146_crop_00.jpg,bg_to_strip_inclusion,5,10,880,374,3,5,2,B
240115-B-146_crop_00.jpg,bg_to_strip_inclusion,6,2,873,376,1,2,2,B
240115-B-146_crop_00.jpg,bg_to_strip_inclusion,7,2,872,379,1,2,2,B
240115-B-146_crop_00.jpg,bg_to_strip_inclusion,8,11,869,382,3,10,2,B
240115-B-146_crop_00.jpg,bg_to_strip_inclusion,10,7,881,397,1,7,2,B
240115-B-146_crop_00.jpg,bg_to_strip_inclusion,11,2,885,418,1,2,2,B
240115-B-146_crop_00.jpg,bg_to_strip_inclusion,12,11,869,422,2,10,2,B
240115-B-146_crop_00.jpg,bg_to_strip_inclusion,13,3,886,423,1,3,2,B
240115-B-146_crop_00.jpg,bg_to_strip_inclusion,14,33,880,439,5,20,2,B
240115-B-146_crop_00.jpg,bg_to_strip_inclusion,15,101,874,468,5,57,2,B
240115-B-146_crop_00.jpg,bg_to_strip_inclusion,18,3,244,832,1,3,1,A
240115-B-146_crop_00.jpg,bg_to_strip_inclusion,19,2,243,837,1,2,1,A
240115-B-146_crop_00.jpg,bg_to_strip_inclusion,20,6,244,854,2,5,1,A
240115-B-146_crop_01.jpg,bg_to_strip_inclusion,1,2,592,877,1,2,1,A
240115-B-146_crop_01.jpg,bg_to_strip_inclusion,2,3,591,884,1,3,1,A
240115-B-146_crop_01.jpg,bg_to_strip_inclusion,4,5,589,906,1,5,1,A
240115-B-146_crop_01.jpg,bg_to_strip_inclusion,5,13,600,916,1,13,1,A
240115-B-146_crop_01.jpg,bg_to_strip_inclusion,7,3,603,951,1,3,1,A
240115-B-147_crop_00.jpg,bg_to_strip_inclusion,2,2,938,322,2,2,1,A
240115-B-147_crop_00.jpg,bg_to_strip_inclusion,4,2,932,326,1,2,1,A
240115-B-147_crop_00.jpg,bg_to_strip_inclusion,5,2,931,329,1,2,1,A
240115-B-147_crop_00.jpg,bg_to_strip_inclusion,6,23,929,333,2,17,1,A
240115-B-147_crop_00.jpg,bg_to_strip_inclusion,9,8,30,343,3,7,3,C
240115-B-147_crop_00.jpg,bg_to_strip_inclusion,10,2,938,346,1,2,1,A
240115-B-147_crop_00.jpg,bg_to_strip_inclusion,11,3,930,359,1,3,1,A
240115-B-147_crop_00.jpg,bg_to_strip_inclusion,13,19,574,660,3,14,3,C
240115-B-147_crop_00.jpg,bg_to_strip_inclusion,14,2,636,751,1,2,1,A
240115-B-147_crop_00.jpg,bg_to_strip_inclusion,15,2,635,756,1,2,1,A
240115-B-147_crop_00.jpg,bg_to_strip_inclusion,16,5,636,762,1,5,1,A
240115-B-147_crop_00.jpg,bg_to_strip_inclusion,17,7,637,770,1,7,1,A
240115-B-147_crop_00.jpg,bg_to_strip_inclusion,18,7,638,780,1,7,1,A
240115-B-147_crop_00.jpg,bg_to_strip_inclusion,19,3,643,786,1,3,1,A
240115-B-147_crop_00.jpg,bg_to_strip_inclusion,20,13,639,789,4,5,1,A
240115-B-147_crop_00.jpg,bg_to_strip_inclusion,21,39,848,863,4,13,3,C
240115-B-147_crop_01.jpg,bg_to_strip_inclusion,1,4,125,292,3,4,3,C
240115-B-147_crop_01.jpg,bg_to_strip_inclusion,2,105,108,317,8,37,3,C
240115-B-147_crop_01.jpg,bg_to_strip_inclusion,3,17,128,316,4,11,3,C
240115-B-147_crop_01.jpg,bg_to_strip_inclusion,4,12,106,386,3,7,3,C
240115-B-147_crop_01.jpg,bg_to_strip_inclusion,6,16,99,442,4,8,3,C
240115-B-147_crop_01.jpg,bg_to_strip_inclusion,7,3,113,461,2,2,3,C
240115-B-147_crop_01.jpg,bg_to_strip_inclusion,8,2,104,473,1,2,3,C
240115-B-147_crop_01.jpg,bg_to_strip_inclusion,9,2,113,486,1,2,3,C
240115-B-147_crop_01.jpg,bg_to_strip_inclusion,10,30,103,500,7,21,2,B
240115-B-147_crop_01.jpg,bg_to_strip_inclusion,11,11,650,753,3,7,3,C
240115-B-147_crop_01.jpg,bg_to_strip_inclusion,12,2,651,762,1,2,3,C
240115-B-147_crop_01.jpg,bg_to_strip_inclusion,13,2,652,766,1,2,3,C
240115-B-147_crop_01.jpg,bg_to_strip_inclusion,14,4,653,770,1,4,3,C
240115-B-147_crop_01.jpg,bg_to_strip_inclusion,16,2,1006,961,1,2,3,C
240115-B-147_crop_01.jpg,bg_to_strip_inclusion,17,23,1003,965,5,15,3,C
240115-B-150_crop_00.jpg,bg_to_strip_inclusion,2,12,290,29,1,12,2,B
240115-B-150_crop_00.jpg,bg_to_strip_inclusion,3,5,259,33,3,5,2,B
240115-B-150_crop_00.jpg,bg_to_strip_inclusion,4,69,262,39,17,34,2,B
240115-B-150_crop_00.jpg,bg_to_strip_inclusion,5,23,285,63,5,8,2,B
240115-B-150_crop_00.jpg,bg_to_strip_inclusion,6,24,411,75,2,15,3,C
240115-B-150_crop_00.jpg,bg_to_strip_inclusion,7,33,273,76,7,12,2,B
240115-B-150_crop_00.jpg,bg_to_strip_inclusion,8,5,286,81,2,5,2,B
240115-B-150_crop_00.jpg,bg_to_strip_inclusion,9,2,416,81,1,2,3,C
240115-B-150_crop_00.jpg,bg_to_strip_inclusion,11,20,272,97,5,7,2,B
240115-B-150_crop_00.jpg,bg_to_strip_inclusion,12,5,284,98,2,3,2,B
240115-B-150_crop_00.jpg,bg_to_strip_inclusion,13,2,271,106,1,2,2,B
240115-B-150_crop_00.jpg,bg_to_strip_inclusion,17,3,259,134,2,3,2,B
240115-B-150_crop_00.jpg,bg_to_strip_inclusion,18,15,262,141,4,7,2,B
240115-B-150_crop_00.jpg,bg_to_strip_inclusion,19,2,288,153,2,2,2,B
240115-B-150_crop_00.jpg,bg_to_strip_inclusion,20,15,265,157,4,4,2,B
240115-B-150_crop_00.jpg,bg_to_strip_inclusion,21,4,282,159,3,3,2,B
240115-B-150_crop_00.jpg,bg_to_strip_inclusion,22,4,266,164,1,4,2,B
240115-B-150_crop_00.jpg,bg_to_strip_inclusion,23,23,258,176,7,7,2,B
240115-B-150_crop_00.jpg,bg_to_strip_inclusion,24,3,285,177,1,3,2,B
240115-B-150_crop_00.jpg,bg_to_strip_inclusion,25,16,280,194,6,9,2,B
240115-B-150_crop_00.jpg,bg_to_strip_inclusion,26,5,260,201,2,5,2,B
240115-B-150_crop_00.jpg,bg_to_strip_inclusion,27,8,122,207,3,8,3,C
240115-B-150_crop_00.jpg,bg_to_strip_inclusion,28,20,259,218,3,11,2,B
240115-B-150_crop_00.jpg,bg_to_strip_inclusion,29,34,281,222,6,14,2,B
240115-B-150_crop_00.jpg,bg_to_strip_inclusion,30,33,263,234,4,10,2,B
240115-B-150_crop_00.jpg,bg_to_strip_inclusion,31,15,348,245,2,15,1,A
240115-B-150_crop_00.jpg,bg_to_strip_inclusion,34,16,268,253,3,8,2,B
240115-B-150_crop_00.jpg,bg_to_strip_inclusion,35,28,256,256,6,10,2,B
240115-B-150_crop_00.jpg,bg_to_strip_inclusion,36,5,273,269,2,5,2,B
240115-B-150_crop_00.jpg,bg_to_strip_inclusion,37,13,252,271,6,7,2,B
240115-B-150_crop_00.jpg,bg_to_strip_inclusion,38,17,346,274,3,16,1,A
240115-B-150_crop_00.jpg,bg_to_strip_inclusion,40,12,275,281,5,10,2,B
240115-B-150_crop_00.jpg,bg_to_strip_inclusion,41,2,249,282,1,2,2,B
240115-B-150_crop_00.jpg,bg_to_strip_inclusion,42,13,247,285,2,8,2,B
240115-B-150_crop_00.jpg,bg_to_strip_inclusion,43,3,352,288,1,3,1,A
240115-B-150_crop_00.jpg,bg_to_strip_inclusion,45,18,286,298,1,18,2,B
240115-B-150_crop_00.jpg,bg_to_strip_inclusion,46,2,246,306,1,2,2,B
240115-B-150_crop_00.jpg,bg_to_strip_inclusion,47,14,244,311,2,9,2,B
240115-B-150_crop_00.jpg,bg_to_strip_inclusion,49,5,351,321,1,5,1,A
240115-B-150_crop_00.jpg,bg_to_strip_inclusion,50,5,345,329,2,5,1,A
240115-B-150_crop_00.jpg,bg_to_strip_inclusion,51,12,241,334,5,8,2,B
240115-B-150_crop_00.jpg,bg_to_strip_inclusion,52,2,347,335,1,2,1,A
240115-B-150_crop_00.jpg,bg_to_strip_inclusion,54,31,252,355,6,13,2,B
240115-B-150_crop_00.jpg,bg_to_strip_inclusion,55,8,265,355,3,7,2,B
240115-B-150_crop_00.jpg,bg_to_strip_inclusion,57,2,263,369,1,2,2,B
240115-B-150_crop_00.jpg,bg_to_strip_inclusion,58,263,249,379,21,41,2,B
240115-B-150_crop_00.jpg,bg_to_strip_inclusion,59,2,238,443,1,2,2,B
240115-B-150_crop_00.jpg,bg_to_strip_inclusion,62,3,258,486,2,2,2,B
240115-B-150_crop_00.jpg,bg_to_strip_inclusion,63,4,248,497,1,4,2,B
240115-B-150_crop_00.jpg,bg_to_strip_inclusion,64,5,250,515,1,5,2,B
240115-B-150_crop_00.jpg,bg_to_strip_inclusion,66,63,251,555,6,34,2,B
240115-B-150_crop_00.jpg,bg_to_strip_inclusion,68,2,325,573,1,2,1,A
240115-B-150_crop_00.jpg,bg_to_strip_inclusion,70,24,321,574,1,24,1,A
240115-B-150_crop_00.jpg,bg_to_strip_inclusion,73,16,260,593,2,10,2,B
240115-B-150_crop_00.jpg,bg_to_strip_inclusion,75,18,253,596,6,12,2,B
240115-B-150_crop_00.jpg,bg_to_strip_inclusion,76,2,322,604,1,2,1,A
240115-B-150_crop_00.jpg,bg_to_strip_inclusion,77,3,323,611,1,3,1,A
240115-B-150_crop_00.jpg,bg_to_strip_inclusion,78,16,311,971,5,7,1,A
240115-B-150_crop_00.jpg,bg_to_strip_inclusion,80,5,319,975,1,5,1,A
240115-B-150_crop_00.jpg,bg_to_strip_inclusion,81,25,305,983,3,19,1,A
240115-B-150_crop_00.jpg,bg_to_strip_inclusion,83,9,306,1009,3,8,1,A
240115-B-157_crop_00.jpg,bg_to_strip_inclusion,2,2,606,150,1,2,2,B
240115-B-157_crop_00.jpg,bg_to_strip_inclusion,3,2,596,152,1,2,2,B
240115-B-157_crop_00.jpg,bg_to_strip_inclusion,4,2,608,172,1,2,2,B
240115-B-157_crop_00.jpg,bg_to_strip_inclusion,5,5,609,176,1,5,2,B
240115-B-157_crop_00.jpg,bg_to_strip_inclusion,6,5,612,195,3,4,2,B
240115-B-157_crop_00.jpg,bg_to_strip_inclusion,7,13,604,200,2,10,2,B
240115-B-157_crop_00.jpg,bg_to_strip_inclusion,8,84,605,211,13,19,2,B
240115-B-157_crop_00.jpg,bg_to_strip_inclusion,9,28,621,215,4,10,2,B
240115-B-157_crop_00.jpg,bg_to_strip_inclusion,10,8,611,231,1,8,2,B
240115-B-157_crop_00.jpg,bg_to_strip_inclusion,11,5,622,236,1,5,2,B
240115-B-157_crop_00.jpg,bg_to_strip_inclusion,12,36,612,240,7,13,2,B
240115-B-157_crop_00.jpg,bg_to_strip_inclusion,13,2,623,244,1,2,2,B
240115-B-157_crop_00.jpg,bg_to_strip_inclusion,14,79,624,253,10,20,2,B
240115-B-157_crop_00.jpg,bg_to_strip_inclusion,15,73,614,265,8,21,2,B
240115-B-157_crop_00.jpg,bg_to_strip_inclusion,16,8,626,281,4,7,2,B
240115-B-157_crop_00.jpg,bg_to_strip_inclusion,19,102,618,308,17,18,2,B
240115-B-157_crop_00.jpg,bg_to_strip_inclusion,20,14,607,355,5,6,2,B
240115-B-157_crop_00.jpg,bg_to_strip_inclusion,21,9,596,356,5,4,2,B
240115-B-157_crop_00.jpg,bg_to_strip_inclusion,22,5,595,365,1,5,2,B
240115-B-157_crop_00.jpg,bg_to_strip_inclusion,23,2,596,371,1,2,2,B
240115-B-161_crop_00.jpg,bg_to_strip_inclusion,1,4,33,4,3,3,3,C
240115-B-161_crop_00.jpg,bg_to_strip_inclusion,2,5,30,9,1,5,3,C
240115-B-161_crop_00.jpg,bg_to_strip_inclusion,3,4,31,25,1,4,3,C
240115-B-161_crop_00.jpg,bg_to_strip_inclusion,6,12,509,243,5,6,3,C
240115-B-161_crop_00.jpg,bg_to_strip_inclusion,7,6,509,252,1,6,3,C
240115-B-161_crop_00.jpg,bg_to_strip_inclusion,8,2,509,265,1,2,3,C
240115-B-161_crop_00.jpg,bg_to_strip_inclusion,9,2,510,268,2,1,3,C
240115-B-161_crop_00.jpg,bg_to_strip_inclusion,13,2,762,807,1,2,2,B
240115-B-161_crop_00.jpg,bg_to_strip_inclusion,14,13,763,810,2,10,2,B
240115-B-161_crop_00.jpg,bg_to_strip_inclusion,15,4,772,820,1,4,2,B
240115-B-161_crop_00.jpg,bg_to_strip_inclusion,16,23,764,831,4,16,2,B
240115-B-161_crop_00.jpg,bg_to_strip_inclusion,17,6,775,834,3,5,2,B
240115-B-161_crop_00.jpg,bg_to_strip_inclusion,19,33,763,854,13,5,2,B
240115-B-161_crop_00.jpg,bg_to_strip_inclusion,20,10,766,916,5,4,2,B
240115-B-161_crop_00.jpg,bg_to_strip_inclusion,21,8,765,921,2,8,2,B
240115-B-161_crop_00.jpg,bg_to_strip_inclusion,22,4,776,928,1,4,2,B
240115-B-161_crop_00.jpg,bg_to_strip_inclusion,23,40,767,931,4,18,2,B
240115-B-161_crop_00.jpg,bg_to_strip_inclusion,24,7,774,948,2,6,2,B
240115-B-161_crop_00.jpg,bg_to_strip_inclusion,25,8,768,953,1,8,2,B
240115-B-162_crop_00.jpg,bg_to_strip_inclusion,1,12,763,10,6,4,2,B
240115-B-162_crop_00.jpg,bg_to_strip_inclusion,2,27,763,16,3,20,2,B
240115-B-162_crop_00.jpg,bg_to_strip_inclusion,3,2,770,21,1,2,2,B
240115-B-162_crop_00.jpg,bg_to_strip_inclusion,4,4,763,40,1,4,2,B
240115-B-162_crop_00.jpg,bg_to_strip_inclusion,5,41,757,46,6,22,2,B
240115-B-162_crop_00.jpg,bg_to_strip_inclusion,6,2,770,51,1,2,2,B
240115-B-162_crop_00.jpg,bg_to_strip_inclusion,7,4,760,69,1,4,2,B
240115-B-162_crop_00.jpg,bg_to_strip_inclusion,8,20,769,69,6,11,2,B
240115-B-162_crop_00.jpg,bg_to_strip_inclusion,9,26,757,75,5,24,2,B
240115-B-162_crop_00.jpg,bg_to_strip_inclusion,10,10,765,84,3,8,2,B
240115-B-162_crop_00.jpg,bg_to_strip_inclusion,11,7,764,94,1,7,2,B
240115-B-162_crop_00.jpg,bg_to_strip_inclusion,12,13,762,105,2,9,2,B
240115-B-162_crop_00.jpg,bg_to_strip_inclusion,13,56,748,108,9,47,2,B
240115-B-162_crop_00.jpg,bg_to_strip_inclusion,14,12,763,125,3,11,2,B
240115-B-162_crop_00.jpg,bg_to_strip_inclusion,15,7,765,144,2,5,2,B
240115-B-162_crop_00.jpg,bg_to_strip_inclusion,16,2,762,154,2,2,2,B
240115-B-162_crop_00.jpg,bg_to_strip_inclusion,19,6,546,191,4,3,2,B
240115-B-162_crop_00.jpg,bg_to_strip_inclusion,20,11,160,246,3,10,3,C
240115-B-162_crop_00.jpg,bg_to_strip_inclusion,21,84,763,517,10,15,2,B
240115-B-162_crop_00.jpg,bg_to_strip_inclusion,22,5,772,531,2,3,2,B
240115-B-162_crop_00.jpg,bg_to_strip_inclusion,23,82,762,533,13,21,2,B
240115-B-163_crop_00.jpg,bg_to_strip_inclusion,1,17,74,0,8,4,2,B
240115-B-163_crop_00.jpg,bg_to_strip_inclusion,2,12,45,97,1,12,3,C
240115-B-163_crop_00.jpg,bg_to_strip_inclusion,3,10,617,173,3,8,2,B
240115-B-163_crop_00.jpg,bg_to_strip_inclusion,6,22,616,182,2,15,2,B
240115-B-163_crop_00.jpg,bg_to_strip_inclusion,7,16,612,203,4,9,2,B
240115-B-163_crop_00.jpg,bg_to_strip_inclusion,9,11,612,221,6,8,2,B
240115-B-163_crop_00.jpg,bg_to_strip_inclusion,11,19,620,235,4,13,2,B
240115-B-163_crop_00.jpg,bg_to_strip_inclusion,12,4,633,248,3,4,2,B
240115-B-163_crop_00.jpg,bg_to_strip_inclusion,13,44,620,250,3,20,2,B
240115-B-163_crop_00.jpg,bg_to_strip_inclusion,14,4,619,271,1,4,2,B
240115-B-163_crop_00.jpg,bg_to_strip_inclusion,15,32,634,272,6,9,2,B
240115-B-163_crop_00.jpg,bg_to_strip_inclusion,16,2,620,282,2,2,2,B
240115-B-163_crop_00.jpg,bg_to_strip_inclusion,17,4,416,919,1,4,2,B
240115-B-163_crop_00.jpg,bg_to_strip_inclusion,18,7,973,983,4,3,3,C
240115-B-163_crop_00.jpg,bg_to_strip_inclusion,19,5,972,996,1,5,3,C
240115-B-163_crop_00.jpg,bg_to_strip_inclusion,20,6,977,996,1,6,3,C
240115-B-163_crop_00.jpg,bg_to_strip_inclusion,21,2,972,1008,1,2,3,C
240115-B-163_crop_00.jpg,bg_to_strip_inclusion,22,4,973,1011,1,4,3,C
240115-B-172_crop_00.jpg,bg_to_strip_inclusion,1,56,927,320,6,32,3,C
240115-B-172_crop_00.jpg,bg_to_strip_inclusion,2,47,285,515,7,24,2,B
240115-B-172_crop_00.jpg,bg_to_strip_inclusion,3,10,294,535,4,8,2,B
240115-B-172_crop_00.jpg,bg_to_strip_inclusion,4,19,284,549,4,12,2,B
240115-B-172_crop_00.jpg,bg_to_strip_inclusion,6,3,281,578,1,3,2,B
240115-B-172_crop_00.jpg,bg_to_strip_inclusion,7,4,278,599,1,4,2,B
240115-B-172_crop_00.jpg,bg_to_strip_inclusion,8,3,279,632,1,3,2,B
240115-B-172_crop_00.jpg,bg_to_strip_inclusion,9,18,287,653,4,11,2,B
240115-B-172_crop_00.jpg,bg_to_strip_inclusion,10,11,276,661,4,6,2,B
240115-B-172_crop_00.jpg,bg_to_strip_inclusion,11,15,273,673,2,11,2,B
240115-B-172_crop_00.jpg,bg_to_strip_inclusion,14,47,264,708,7,23,2,B
240115-B-172_crop_00.jpg,bg_to_strip_inclusion,15,3,267,736,1,3,2,B
240115-B-173_crop_02.jpg,bg_to_strip_inclusion,1,14,521,830,3,10,2,B
240115-B-173_crop_02.jpg,bg_to_strip_inclusion,2,7,527,836,1,7,2,B
240115-B-173_crop_02.jpg,bg_to_strip_inclusion,3,40,521,845,6,28,2,B
240115-B-173_crop_02.jpg,bg_to_strip_inclusion,4,3,516,863,1,3,2,B
240115-B-173_crop_02.jpg,bg_to_strip_inclusion,5,17,515,871,1,17,2,B
240115-B-174_crop_00.jpg,bg_to_strip_inclusion,1,167,655,427,8,24,3,C
240115-B-174_crop_00.jpg,bg_to_strip_inclusion,2,3,376,581,1,3,2,B
240115-B-174_crop_00.jpg,bg_to_strip_inclusion,4,3,377,589,1,3,2,B
240115-B-174_crop_00.jpg,bg_to_strip_inclusion,5,7,384,611,1,7,2,B
240115-B-174_crop_00.jpg,bg_to_strip_inclusion,6,3,369,612,1,3,2,B
240115-B-174_crop_00.jpg,bg_to_strip_inclusion,7,7,366,631,2,5,3,C
240115-B-174_crop_00.jpg,bg_to_strip_inclusion,8,4,365,649,2,4,3,C
240115-B-174_crop_00.jpg,bg_to_strip_inclusion,9,4,385,648,1,4,3,C
240115-B-174_crop_00.jpg,bg_to_strip_inclusion,10,5,372,675,1,5,2,B
240115-B-174_crop_00.jpg,bg_to_strip_inclusion,11,3,371,681,1,3,2,B
240115-B-174_crop_00.jpg,bg_to_strip_inclusion,12,19,378,698,3,17,2,B
240115-B-174_crop_00.jpg,bg_to_strip_inclusion,13,100,369,715,8,25,2,B
240115-B-174_crop_00.jpg,bg_to_strip_inclusion,14,44,330,772,5,15,3,C
240115-C-148_crop_00.jpg,bg_to_strip_inclusion,2,4,302,61,3,3,3,C
240115-C-148_crop_00.jpg,bg_to_strip_inclusion,3,16,309,69,3,10,3,C
240115-C-148_crop_00.jpg,bg_to_strip_inclusion,7,6,314,134,2,5,3,C
240115-C-148_crop_00.jpg,bg_to_strip_inclusion,8,5,294,162,1,5,3,C
240115-C-148_crop_00.jpg,bg_to_strip_inclusion,9,3,293,169,1,3,3,C
240115-C-148_crop_00.jpg,bg_to_strip_inclusion,10,6,290,201,2,5,3,C
240115-C-148_crop_00.jpg,bg_to_strip_inclusion,11,2,293,230,1,2,3,C
240115-C-148_crop_00.jpg,bg_to_strip_inclusion,12,2,319,236,1,2,3,C
240115-C-148_crop_00.jpg,bg_to_strip_inclusion,13,2,318,239,1,2,3,C
240115-C-148_crop_00.jpg,bg_to_strip_inclusion,17,9,286,244,3,8,3,C
240115-C-148_crop_00.jpg,bg_to_strip_inclusion,18,11,286,254,6,11,3,C
240115-C-148_crop_00.jpg,bg_to_strip_inclusion,20,2,293,268,1,2,3,C
240115-C-148_crop_00.jpg,bg_to_strip_inclusion,21,4,295,294,1,4,3,C
240115-C-148_crop_00.jpg,bg_to_strip_inclusion,22,2,292,310,1,2,3,C
240115-C-148_crop_00.jpg,bg_to_D,1,149,413,6,13,15,4,D
240115-C-155_crop_01.jpg,bg_to_strip_inclusion,1,5,800,71,3,2,3,C
240115-C-155_crop_01.jpg,bg_to_strip_inclusion,2,8,800,78,1,8,3,C
240115-C-155_crop_01.jpg,bg_to_strip_inclusion,4,16,801,90,5,14,3,C
240115-C-155_crop_01.jpg,bg_to_strip_inclusion,5,80,127,335,8,16,3,C
240115-C-156_crop_00.jpg,bg_to_strip_inclusion,1,4,528,152,4,1,3,C
240115-C-156_crop_00.jpg,bg_to_strip_inclusion,2,43,520,154,8,20,3,C
240115-C-156_crop_00.jpg,bg_to_strip_inclusion,3,7,533,165,1,7,3,C
240115-C-156_crop_00.jpg,bg_to_strip_inclusion,4,16,514,180,3,12,3,C
240115-C-156_crop_00.jpg,bg_to_strip_inclusion,5,4,532,182,1,4,3,C
240115-C-156_crop_00.jpg,bg_to_strip_inclusion,7,11,532,209,4,11,3,C
240115-C-156_crop_00.jpg,bg_to_strip_inclusion,8,2,536,221,1,2,3,C
240115-C-156_crop_00.jpg,bg_to_strip_inclusion,9,2,537,224,1,2,3,C
240115-C-156_crop_00.jpg,bg_to_strip_inclusion,10,2,538,227,1,2,3,C
240115-C-156_crop_00.jpg,bg_to_strip_inclusion,12,3,522,240,1,3,3,C
240115-C-156_crop_00.jpg,bg_to_strip_inclusion,13,6,539,241,1,6,3,C
240115-C-156_crop_00.jpg,bg_to_strip_inclusion,14,2,523,260,1,2,3,C
240115-C-156_crop_00.jpg,bg_to_strip_inclusion,15,2,541,267,1,2,3,C
240115-C-156_crop_00.jpg,bg_to_strip_inclusion,16,3,542,273,1,3,3,C
240115-C-156_crop_00.jpg,bg_to_strip_inclusion,17,13,521,283,4,8,3,C
240115-C-156_crop_00.jpg,bg_to_strip_inclusion,18,17,521,302,3,14,3,C
240115-C-156_crop_00.jpg,bg_to_strip_inclusion,19,2,535,306,1,2,3,C
240115-C-156_crop_00.jpg,bg_to_strip_inclusion,20,6,534,311,1,6,3,C
240115-C-156_crop_00.jpg,bg_to_strip_inclusion,22,8,529,356,1,8,3,C
240115-C-156_crop_00.jpg,bg_to_strip_inclusion,23,2,528,367,1,2,3,C
240115-C-156_crop_00.jpg,bg_to_strip_inclusion,25,25,522,380,4,21,3,C
240115-C-156_crop_01.jpg,bg_to_strip_inclusion,1,2,891,968,2,2,3,C
240115-C-156_crop_01.jpg,bg_to_strip_inclusion,4,6,895,976,1,6,3,C
240115-C-156_crop_01.jpg,bg_to_strip_inclusion,6,3,898,1001,1,3,3,C
240115-C-156_crop_01.jpg,bg_to_strip_inclusion,7,2,894,1005,1,2,3,C
240115-C-156_crop_01.jpg,bg_to_strip_inclusion,8,3,899,1005,1,3,3,C
240115-C-160_crop_01.jpg,bg_to_strip_inclusion,3,2,913,219,1,2,3,C
240115-C-160_crop_01.jpg,bg_to_strip_inclusion,5,3,421,342,1,3,1,A
240115-C-160_crop_01.jpg,bg_to_strip_inclusion,6,80,414,346,7,55,1,A
240115-C-160_crop_01.jpg,bg_to_strip_inclusion,7,3,423,360,1,3,1,A
240115-C-160_crop_01.jpg,bg_to_strip_inclusion,8,13,422,370,1,13,1,A
240115-C-160_crop_01.jpg,bg_to_strip_inclusion,10,10,581,899,3,6,3,C
240115-C-160_crop_01.jpg,bg_to_strip_inclusion,11,16,587,903,7,14,3,C
240115-C-160_crop_01.jpg,bg_to_strip_inclusion,12,4,583,917,1,4,3,C
240115-C-160_crop_01.jpg,bg_to_strip_inclusion,13,3,594,918,1,3,3,C
240115-C-160_crop_01.jpg,bg_to_strip_inclusion,14,7,580,923,3,5,3,C
240115-C-160_crop_01.jpg,bg_to_strip_inclusion,15,21,595,922,4,19,3,C
240115-C-160_crop_01.jpg,bg_to_strip_inclusion,16,3,598,955,1,3,3,C
240115-C-160_crop_01.jpg,bg_to_strip_inclusion,17,4,598,959,1,4,3,C
240115-C-160_crop_01.jpg,bg_to_strip_inclusion,18,9,580,960,1,9,3,C
240115-C-160_crop_01.jpg,bg_to_strip_inclusion,19,2,576,983,1,2,3,C
240115-C-160_crop_01.jpg,bg_to_strip_inclusion,20,7,574,1000,1,7,3,C
240115-C-160_crop_01.jpg,bg_to_strip_inclusion,21,2,575,1011,1,2,3,C
240115-C-163_crop_00.jpg,bg_to_strip_inclusion,2,23,911,69,1,23,3,C
240115-C-163_crop_00.jpg,bg_to_strip_inclusion,4,12,891,127,7,4,3,C
240115-C-163_crop_00.jpg,bg_to_strip_inclusion,8,85,879,245,20,27,3,C
240115-C-163_crop_00.jpg,bg_to_strip_inclusion,13,12,881,381,3,9,3,C
240115-C-163_crop_00.jpg,bg_to_strip_inclusion,14,42,607,707,7,24,1,A
240115-C-163_crop_00.jpg,bg_to_strip_inclusion,15,2,617,711,1,2,1,A
240115-C-163_crop_00.jpg,bg_to_strip_inclusion,17,4,606,733,1,4,1,A
240115-C-163_crop_00.jpg,bg_to_strip_inclusion,18,17,605,739,5,12,1,A
240115-C-163_crop_01.jpg,bg_to_strip_inclusion,2,7,338,183,1,7,3,C
240115-C-163_crop_01.jpg,bg_to_strip_inclusion,3,4,339,191,2,4,3,C
240115-C-163_crop_01.jpg,bg_to_strip_inclusion,4,21,16,287,2,15,1,A
240115-C-163_crop_01.jpg,bg_to_strip_inclusion,5,5,15,303,1,5,1,A
240115-C-163_crop_01.jpg,bg_to_strip_inclusion,6,4,14,312,1,4,1,A
240115-C-163_crop_01.jpg,bg_to_strip_inclusion,7,4,13,320,1,4,1,A
240115-C-163_crop_01.jpg,bg_to_strip_inclusion,8,6,12,326,1,6,1,A
240115-C-163_crop_01.jpg,bg_to_strip_inclusion,9,7,11,333,1,7,1,A
240115-C-163_crop_01.jpg,bg_to_strip_inclusion,10,6,11,345,3,4,1,A
240115-C-163_crop_01.jpg,bg_to_strip_inclusion,11,36,12,351,3,27,1,A
240115-C-163_crop_01.jpg,bg_to_strip_inclusion,12,8,11,379,1,8,1,A
240115-C-163_crop_01.jpg,bg_to_strip_inclusion,13,5,10,390,1,5,1,A
240115-C-163_crop_01.jpg,bg_to_strip_inclusion,14,6,9,398,1,6,1,A
240115-C-163_crop_01.jpg,bg_to_strip_inclusion,15,42,8,409,3,23,1,A
240115-C-163_crop_01.jpg,bg_to_strip_inclusion,16,2,11,434,2,1,1,A
240115-C-168_crop_01.jpg,bg_to_strip_inclusion,1,9,93,92,3,7,3,C
240115-C-168_crop_01.jpg,bg_to_strip_inclusion,2,6,97,95,1,6,3,C
240115-C-168_crop_01.jpg,bg_to_strip_inclusion,3,4,98,107,1,4,3,C
240115-C-168_crop_01.jpg,bg_to_strip_inclusion,4,7,98,132,1,7,3,C
240115-C-168_crop_01.jpg,bg_to_strip_inclusion,7,4,979,878,1,4,2,B
240115-C-168_crop_01.jpg,bg_to_strip_inclusion,8,3,980,883,1,3,2,B
240115-C-169_crop_01.jpg,bg_to_strip_inclusion,1,3,289,147,3,2,3,C
240115-C-169_crop_01.jpg,bg_to_strip_inclusion,3,3,287,153,1,3,3,C
240115-C-172_crop_00.jpg,bg_to_strip_inclusion,2,20,670,856,4,10,3,C
240115-C-172_crop_00.jpg,bg_to_strip_inclusion,3,12,661,868,2,11,3,C
240115-C-172_crop_00.jpg,bg_to_strip_inclusion,5,7,661,882,1,7,3,C
240115-C-172_crop_00.jpg,bg_to_strip_inclusion,6,39,660,890,3,28,3,C
240115-C-172_crop_00.jpg,bg_to_strip_inclusion,7,16,671,896,1,16,3,C
240115-C-172_crop_00.jpg,bg_to_strip_inclusion,8,4,670,914,1,4,3,C
240115-C-172_crop_00.jpg,bg_to_strip_inclusion,9,25,657,955,1,25,3,C
240115-C-172_crop_00.jpg,bg_to_strip_inclusion,10,6,666,985,1,6,3,C
240115-C-173_crop_01.jpg,bg_to_strip_inclusion,1,14,854,392,2,11,3,C
240115-C-173_crop_01.jpg,bg_to_strip_inclusion,2,2,849,405,1,2,3,C
240124-A-747_crop_00.jpg,bg_to_strip_inclusion,1,9,143,54,1,9,1,A
240124-A-747_crop_00.jpg,bg_to_strip_inclusion,2,24,139,65,4,22,1,A
240124-A-747_crop_00.jpg,bg_to_strip_inclusion,3,3,138,89,1,3,1,A
240124-A-747_crop_00.jpg,bg_to_strip_inclusion,4,2,137,95,1,2,1,A
240124-A-747_crop_00.jpg,bg_to_strip_inclusion,6,2,135,101,1,2,1,A
240124-A-747_crop_00.jpg,bg_to_strip_inclusion,7,2,134,104,1,2,1,A
240124-A-747_crop_00.jpg,bg_to_strip_inclusion,10,15,122,204,1,15,1,A
240124-A-747_crop_00.jpg,bg_to_strip_inclusion,11,34,108,217,6,11,1,A
240124-A-747_crop_00.jpg,bg_to_strip_inclusion,12,2,121,220,1,2,1,A
240124-A-747_crop_00.jpg,bg_to_strip_inclusion,13,4,41,474,3,2,1,A
240124-A-747_crop_00.jpg,bg_to_strip_inclusion,14,9,37,484,1,9,1,A
240124-A-747_crop_00.jpg,bg_to_strip_inclusion,15,14,32,561,1,14,1,A
240124-A-747_crop_00.jpg,bg_to_strip_inclusion,16,35,35,618,3,30,1,A
240124-A-747_crop_00.jpg,bg_to_strip_inclusion,17,10,43,646,1,10,1,A
240124-A-747_crop_00.jpg,bg_to_strip_inclusion,18,34,33,652,4,28,1,A
240124-A-747_crop_00.jpg,bg_to_strip_inclusion,19,3,44,663,1,3,1,A
240124-B-176_crop_00.jpg,bg_to_strip_inclusion,1,196,721,523,9,41,2,B
240124-B-176_crop_00.jpg,bg_to_strip_inclusion,2,21,717,590,3,15,2,B
240124-B-176_crop_00.jpg,bg_to_strip_inclusion,3,20,733,604,5,13,2,B
240124-B-176_crop_00.jpg,bg_to_strip_inclusion,4,2,738,623,1,2,2,B
240124-B-176_crop_00.jpg,bg_to_strip_inclusion,5,104,714,651,14,30,2,B
240124-B-176_crop_00.jpg,bg_to_strip_inclusion,7,3,737,678,1,3,2,B
240124-B-176_crop_00.jpg,bg_to_strip_inclusion,8,59,716,693,7,17,2,B
240124-B-176_crop_00.jpg,bg_to_strip_inclusion,9,15,712,711,4,9,2,B
240124-B-176_crop_00.jpg,bg_to_strip_inclusion,10,9,731,712,2,6,2,B
240124-B-176_crop_00.jpg,bg_to_strip_inclusion,11,70,709,729,11,11,2,B
240124-B-176_crop_00.jpg,bg_to_strip_inclusion,12,33,733,729,6,13,2,B
240124-B-176_crop_00.jpg,bg_to_strip_inclusion,13,2,739,743,1,2,2,B
240124-B-179_crop_00.jpg,bg_to_strip_inclusion,1,9,720,169,2,8,2,B
240124-B-179_crop_00.jpg,bg_to_strip_inclusion,4,7,725,177,2,7,2,B
240124-B-179_crop_00.jpg,bg_to_strip_inclusion,6,15,719,213,2,11,2,B
240124-B-179_crop_00.jpg,bg_to_strip_inclusion,7,3,713,214,1,3,2,B
240124-B-179_crop_00.jpg,bg_to_strip_inclusion,8,6,714,220,1,6,2,B
240124-B-179_crop_00.jpg,bg_to_strip_inclusion,9,14,712,230,2,12,2,B
240124-B-179_crop_00.jpg,bg_to_strip_inclusion,11,24,711,249,4,10,2,B
240124-B-179_crop_00.jpg,bg_to_strip_inclusion,12,16,714,261,6,5,2,B
240124-B-185_crop_02.jpg,bg_to_strip_inclusion,1,77,946,84,8,16,3,C
240124-B-186_crop_01.jpg,bg_to_strip_inclusion,1,15,411,411,2,12,3,C
240124-B-186_crop_01.jpg,bg_to_strip_inclusion,2,2,409,413,1,2,3,C
240124-B-186_crop_01.jpg,bg_to_strip_inclusion,6,7,404,449,1,7,3,C
240124-B-191_crop_01.jpg,bg_to_strip_inclusion,1,39,172,433,4,31,3,C
240124-B-191_crop_01.jpg,bg_to_strip_inclusion,3,8,178,439,1,8,3,C
240124-B-191_crop_01.jpg,bg_to_strip_inclusion,4,2,962,535,1,2,3,C
240124-B-191_crop_02.jpg,bg_to_strip_inclusion,1,10,679,285,3,5,2,B
240124-B-25_crop_00.jpg,bg_to_strip_inclusion,1,114,761,154,7,55,2,B
240124-B-25_crop_00.jpg,bg_to_strip_inclusion,2,2,760,212,1,2,2,B
240124-B-25_crop_00.jpg,bg_to_strip_inclusion,4,2,757,234,1,2,2,B
240124-B-25_crop_00.jpg,bg_to_strip_inclusion,5,95,760,248,3,72,2,B
240124-B-25_crop_00.jpg,bg_to_strip_inclusion,6,14,764,365,1,14,2,B
240124-B-25_crop_00.jpg,bg_to_strip_inclusion,7,15,762,383,2,14,2,B
240124-B-25_crop_00.jpg,bg_to_strip_inclusion,8,43,764,412,5,19,2,B
240124-B-25_crop_00.jpg,bg_to_strip_inclusion,10,29,754,433,3,22,2,B
240124-B-25_crop_00.jpg,bg_to_strip_inclusion,12,78,764,454,12,19,2,B
240124-B-25_crop_00.jpg,bg_to_strip_inclusion,13,21,756,456,2,15,2,B
240124-B-25_crop_00.jpg,bg_to_strip_inclusion,14,20,765,488,3,9,2,B
240124-B-25_crop_00.jpg,bg_to_strip_inclusion,15,47,758,490,2,37,2,B
240124-B-25_crop_00.jpg,bg_to_strip_inclusion,16,3,766,504,1,3,2,B
240124-B-25_crop_00.jpg,bg_to_strip_inclusion,17,3,757,532,1,3,2,B
240124-B-25_crop_00.jpg,bg_to_strip_inclusion,18,4,756,539,1,4,2,B
240124-B-25_crop_00.jpg,bg_to_strip_inclusion,19,4,755,545,1,4,2,B
240124-B-25_crop_00.jpg,bg_to_strip_inclusion,20,62,754,550,2,44,2,B
240124-B-25_crop_00.jpg,bg_to_strip_inclusion,21,9,760,569,1,9,2,B
240124-B-25_crop_00.jpg,bg_to_strip_inclusion,22,49,754,621,2,37,2,B
240124-B-25_crop_00.jpg,bg_to_strip_inclusion,23,18,753,663,1,18,2,B
240124-B-25_crop_00.jpg,bg_to_strip_inclusion,24,7,754,689,1,7,2,B
240124-B-25_crop_00.jpg,bg_to_strip_inclusion,25,26,755,697,4,20,2,B
240124-B-28_crop_00.jpg,bg_to_strip_inclusion,2,5,421,48,4,5,2,B
240124-B-28_crop_00.jpg,bg_to_strip_inclusion,3,10,420,54,1,10,2,B
240124-B-28_crop_00.jpg,bg_to_strip_inclusion,9,5,418,94,2,4,2,B
240124-B-28_crop_00.jpg,bg_to_strip_inclusion,10,8,427,111,1,8,2,B
240124-B-28_crop_00.jpg,bg_to_strip_inclusion,13,7,421,129,1,7,2,B
240124-B-28_crop_00.jpg,bg_to_strip_inclusion,14,22,420,137,2,22,2,B
240124-B-28_crop_00.jpg,bg_to_strip_inclusion,16,14,421,160,6,6,2,B
240124-B-28_crop_00.jpg,bg_to_D,1,4,963,704,2,2,4,D
240124-B-28_crop_01.jpg,bg_to_D,1,56,1001,158,9,8,4,D
240124-B-32_crop_00.jpg,bg_to_D,1,32,746,317,6,7,4,D
240124-B-32_crop_00.jpg,bg_to_D,3,5,824,324,1,5,4,D
240124-B-32_crop_00.jpg,bg_to_D,6,2,635,727,1,2,4,D
240124-B-32_crop_01.jpg,bg_to_strip_inclusion,1,9,124,82,4,7,2,B
240124-B-32_crop_01.jpg,bg_to_strip_inclusion,4,5,123,93,1,5,2,B
240124-B-32_crop_01.jpg,bg_to_strip_inclusion,5,2,122,101,1,2,2,B
240124-B-32_crop_01.jpg,bg_to_strip_inclusion,6,14,132,116,4,10,2,B
240124-B-32_crop_01.jpg,bg_to_strip_inclusion,7,10,119,142,2,7,2,B
240124-B-32_crop_01.jpg,bg_to_strip_inclusion,8,5,130,143,1,5,2,B
240124-B-32_crop_01.jpg,bg_to_strip_inclusion,9,2,118,160,1,2,2,B
240124-B-32_crop_01.jpg,bg_to_strip_inclusion,10,4,117,163,1,4,2,B
240124-B-32_crop_01.jpg,bg_to_strip_inclusion,11,4,116,168,1,4,2,B
240124-B-32_crop_01.jpg,bg_to_strip_inclusion,12,2,115,174,1,2,2,B
240124-B-32_crop_01.jpg,bg_to_strip_inclusion,13,3,114,179,1,3,2,B
240124-B-32_crop_01.jpg,bg_to_strip_inclusion,14,4,114,196,1,4,2,B
240124-B-32_crop_01.jpg,bg_to_strip_inclusion,15,8,113,202,1,8,2,B
240124-B-32_crop_01.jpg,bg_to_strip_inclusion,16,77,112,231,3,44,2,B
240124-B-32_crop_01.jpg,bg_to_strip_inclusion,17,4,112,283,1,4,2,B
240124-B-32_crop_01.jpg,bg_to_strip_inclusion,18,8,111,288,1,8,2,B
240124-B-32_crop_01.jpg,bg_to_strip_inclusion,19,4,122,333,1,4,2,B
240124-B-32_crop_01.jpg,bg_to_strip_inclusion,20,11,123,341,1,11,2,B
240124-B-32_crop_01.jpg,bg_to_strip_inclusion,21,2,115,355,1,2,2,B
240124-B-32_crop_01.jpg,bg_to_strip_inclusion,22,18,113,363,2,18,2,B
240124-B-32_crop_01.jpg,bg_to_strip_inclusion,23,45,107,391,6,26,2,B
240124-B-32_crop_01.jpg,bg_to_strip_inclusion,24,8,106,418,1,8,2,B
240124-B-32_crop_01.jpg,bg_to_strip_inclusion,25,4,105,430,1,4,2,B
240124-B-32_crop_01.jpg,bg_to_strip_inclusion,26,4,115,432,1,4,2,B
240124-B-32_crop_01.jpg,bg_to_strip_inclusion,27,2,104,436,1,2,2,B
240124-B-32_crop_01.jpg,bg_to_strip_inclusion,28,2,103,440,1,2,2,B
240124-B-32_crop_01.jpg,bg_to_strip_inclusion,29,3,102,443,1,3,2,B
240124-B-32_crop_01.jpg,bg_to_strip_inclusion,30,3,101,447,1,3,2,B
240124-B-32_crop_01.jpg,bg_to_strip_inclusion,31,16,98,453,3,14,2,B
240124-B-32_crop_01.jpg,bg_to_strip_inclusion,32,4,103,482,1,4,2,B
240124-B-32_crop_01.jpg,bg_to_strip_inclusion,33,53,85,502,6,32,2,B
240124-B-32_crop_01.jpg,bg_to_strip_inclusion,34,22,102,505,2,15,2,B
240124-B-32_crop_01.jpg,bg_to_strip_inclusion,35,4,97,527,2,4,2,B
240124-B-32_crop_01.jpg,bg_to_strip_inclusion,36,7,89,537,1,7,2,B
240124-B-32_crop_01.jpg,bg_to_strip_inclusion,38,9,78,600,3,9,2,B
240124-B-32_crop_01.jpg,bg_to_strip_inclusion,39,5,109,601,3,5,2,B
240124-B-32_crop_01.jpg,bg_to_strip_inclusion,41,3,77,611,1,3,2,B
240124-B-32_crop_01.jpg,bg_to_strip_inclusion,42,8,78,616,1,8,3,C
240124-B-32_crop_01.jpg,bg_to_strip_inclusion,43,4,79,626,1,4,3,C
240124-B-32_crop_01.jpg,bg_to_strip_inclusion,44,16,103,660,4,12,2,B
240124-B-32_crop_01.jpg,bg_to_strip_inclusion,46,3,94,689,1,3,2,B
240124-B-32_crop_01.jpg,bg_to_strip_inclusion,47,2,95,693,1,2,2,B
240124-B-32_crop_01.jpg,bg_to_strip_inclusion,48,3,96,697,1,3,2,B
240124-B-32_crop_01.jpg,bg_to_strip_inclusion,49,148,90,709,8,78,2,B
240124-B-32_crop_01.jpg,bg_to_strip_inclusion,50,9,100,746,1,9,2,B
240124-B-32_crop_01.jpg,bg_to_strip_inclusion,51,12,90,788,1,12,2,B
240124-B-32_crop_01.jpg,bg_to_strip_inclusion,53,56,82,816,5,22,2,B
240124-B-32_crop_01.jpg,bg_to_strip_inclusion,54,8,72,846,2,6,2,B
240124-B-34_crop_00.jpg,bg_to_strip_inclusion,1,10,834,833,4,9,2,B
240124-B-34_crop_00.jpg,bg_to_strip_inclusion,2,8,838,863,5,6,2,B
240124-B-34_crop_00.jpg,bg_to_strip_inclusion,4,2,827,866,2,2,2,B
240124-B-34_crop_00.jpg,bg_to_strip_inclusion,6,6,843,870,1,6,2,B
240124-B-34_crop_00.jpg,bg_to_strip_inclusion,7,2,823,872,2,2,2,B
240124-B-34_crop_00.jpg,bg_to_strip_inclusion,8,8,820,875,3,7,2,B
240124-B-34_crop_00.jpg,bg_to_strip_inclusion,9,2,833,906,2,2,2,B
240124-B-37_crop_01.jpg,bg_to_D,1,3,327,973,3,1,4,D
240124-C-176_crop_00.jpg,bg_to_strip_inclusion,2,4,999,192,1,4,2,B
240124-C-176_crop_00.jpg,bg_to_strip_inclusion,4,2,891,536,1,2,3,C
240124-C-176_crop_00.jpg,bg_to_strip_inclusion,5,2,890,540,1,2,3,C
240124-C-176_crop_00.jpg,bg_to_strip_inclusion,7,2,390,844,1,2,3,C
240124-C-176_crop_00.jpg,bg_to_strip_inclusion,11,2,409,920,1,2,3,C
240124-C-176_crop_00.jpg,bg_to_strip_inclusion,12,3,389,945,1,3,3,C
240124-C-176_crop_00.jpg,bg_to_strip_inclusion,13,2,388,952,1,2,3,C
240508_2-11_crop_01.jpg,bg_to_strip_inclusion,1,90,27,290,6,19,1,A
240508_2-11_crop_01.jpg,bg_to_strip_inclusion,2,38,1012,356,4,27,1,A
240508_2-11_crop_01.jpg,bg_to_strip_inclusion,3,60,987,370,7,11,1,A
240508_2-11_crop_01.jpg,bg_to_strip_inclusion,4,124,992,384,16,23,1,A
240508_2-11_crop_01.jpg,bg_to_strip_inclusion,5,2,1011,396,1,2,1,A
240508_2-13_crop_00.jpg,bg_to_strip_inclusion,1,2,857,12,2,1,1,A
240508_2-13_crop_00.jpg,bg_to_strip_inclusion,2,2,860,18,1,2,1,A
240508_2-13_crop_00.jpg,bg_to_strip_inclusion,3,4,855,20,1,4,1,A
240508_2-13_crop_00.jpg,bg_to_strip_inclusion,4,12,861,33,1,12,1,A
240508_2-13_crop_00.jpg,bg_to_strip_inclusion,6,12,856,59,1,12,1,A
240508_2-13_crop_00.jpg,bg_to_strip_inclusion,7,9,859,73,2,9,1,A
240508_2-13_crop_00.jpg,bg_to_strip_inclusion,8,11,853,92,2,9,1,A
240508_2-13_crop_00.jpg,bg_to_strip_inclusion,9,9,78,213,3,8,1,A
240508_2-13_crop_00.jpg,bg_to_strip_inclusion,10,4,845,216,1,4,1,A
240508_2-13_crop_00.jpg,bg_to_strip_inclusion,11,3,850,219,1,3,1,A
240508_2-13_crop_00.jpg,bg_to_strip_inclusion,12,26,846,223,3,26,1,A
240508_2-13_crop_00.jpg,bg_to_strip_inclusion,13,3,851,224,1,3,1,A
240508_2-13_crop_00.jpg,bg_to_strip_inclusion,14,2,855,243,1,2,1,A
240508_2-13_crop_00.jpg,bg_to_strip_inclusion,15,3,856,247,1,3,1,A
240508_2-13_crop_00.jpg,bg_to_strip_inclusion,16,2,849,251,1,2,1,A
240508_2-13_crop_00.jpg,bg_to_strip_inclusion,17,2,857,251,1,2,1,A
240508_2-13_crop_00.jpg,bg_to_strip_inclusion,20,19,861,265,2,15,1,A
240508_2-13_crop_00.jpg,bg_to_strip_inclusion,22,4,856,268,2,4,1,A
240508_2-13_crop_00.jpg,bg_to_strip_inclusion,24,9,1012,280,1,9,3,C
240508_2-13_crop_00.jpg,bg_to_strip_inclusion,25,7,1007,283,1,7,3,C
240508_2-13_crop_00.jpg,bg_to_strip_inclusion,27,2,869,311,2,1,1,A
240508_2-13_crop_00.jpg,bg_to_strip_inclusion,28,5,867,315,1,5,1,A
240508_2-13_crop_00.jpg,bg_to_strip_inclusion,29,4,871,322,2,4,1,A
240508_2-13_crop_00.jpg,bg_to_strip_inclusion,30,10,1013,322,1,10,1,A
240508_2-13_crop_00.jpg,bg_to_strip_inclusion,31,10,1013,342,1,10,1,A
240508_2-13_crop_00.jpg,bg_to_strip_inclusion,32,10,1007,350,3,9,1,A
240508_2-13_crop_00.jpg,bg_to_strip_inclusion,33,2,1013,357,1,2,1,A
240508_2-13_crop_00.jpg,bg_to_strip_inclusion,34,4,761,568,4,2,1,A
240508_2-13_crop_00.jpg,bg_to_strip_inclusion,35,2,767,569,2,1,1,A
240508_2-13_crop_00.jpg,bg_to_strip_inclusion,37,4,777,576,1,4,1,A
240508_2-13_crop_00.jpg,bg_to_strip_inclusion,38,86,779,672,7,16,1,A
240508_2-13_crop_00.jpg,bg_to_strip_inclusion,39,8,890,821,6,2,1,A
240508_2-13_crop_00.jpg,bg_to_strip_inclusion,40,4,885,838,1,4,1,A
240508_2-13_crop_00.jpg,bg_to_strip_inclusion,42,5,884,843,1,5,1,A
240508_2-13_crop_00.jpg,bg_to_strip_inclusion,43,157,876,849,8,50,1,A
240508_2-13_crop_00.jpg,bg_to_strip_inclusion,44,15,895,853,1,15,1,A
240508_2-13_crop_00.jpg,bg_to_strip_inclusion,45,2,873,876,1,2,1,A
240508_2-13_crop_00.jpg,bg_to_strip_inclusion,46,11,871,879,2,10,1,A
240508_2-13_crop_00.jpg,bg_to_strip_inclusion,50,23,869,892,2,21,1,A
240508_2-13_crop_00.jpg,bg_to_strip_inclusion,51,4,867,924,1,4,1,A
240508_2-13_crop_00.jpg,bg_to_strip_inclusion,52,7,866,931,1,7,1,A
240508_2-13_crop_00.jpg,bg_to_strip_inclusion,53,18,865,959,2,17,1,A
240508_2-13_crop_01.jpg,bg_to_strip_inclusion,1,11,660,30,1,11,1,A
240508_2-13_crop_01.jpg,bg_to_strip_inclusion,2,3,665,30,1,3,1,A
240508_2-13_crop_01.jpg,bg_to_strip_inclusion,4,4,662,52,4,3,1,A
240508_2-13_crop_01.jpg,bg_to_strip_inclusion,6,2,663,102,1,2,1,A
240508_2-13_crop_01.jpg,bg_to_strip_inclusion,7,3,663,124,1,3,1,A
240508_2-13_crop_01.jpg,bg_to_strip_inclusion,8,16,669,130,2,16,1,A
240508_2-13_crop_01.jpg,bg_to_strip_inclusion,10,74,976,360,5,17,1,A
240508_2-13_crop_01.jpg,bg_to_strip_inclusion,11,82,339,490,6,20,1,A
240508_2-13_crop_01.jpg,bg_to_strip_inclusion,12,11,673,513,6,7,1,A
240508_2-13_crop_01.jpg,bg_to_strip_inclusion,13,6,679,521,1,6,1,A
240508_2-13_crop_01.jpg,bg_to_strip_inclusion,14,24,672,522,1,24,1,A
240508_2-13_crop_01.jpg,bg_to_strip_inclusion,16,7,372,749,4,3,1,A
240508_2-13_crop_01.jpg,bg_to_strip_inclusion,18,5,370,778,2,4,1,A
240508_2-13_crop_01.jpg,bg_to_strip_inclusion,19,7,629,790,2,7,1,A
240508_2-13_crop_01.jpg,bg_to_strip_inclusion,20,10,363,800,5,5,1,A
240508_2-13_crop_01.jpg,bg_to_strip_inclusion,21,5,633,802,1,5,1,A
240508_2-13_crop_01.jpg,bg_to_strip_inclusion,22,2,370,819,1,2,1,A
240508_2-13_crop_01.jpg,bg_to_strip_inclusion,24,2,627,846,1,2,1,A
240508_2-13_crop_01.jpg,bg_to_strip_inclusion,25,6,628,849,1,6,1,A
240508_2-13_crop_01.jpg,bg_to_strip_inclusion,26,9,629,862,1,9,1,A
240508_2-16_crop_00.jpg,bg_to_strip_inclusion,1,6,971,379,4,5,3,C
240508_2-1_crop_00.jpg,bg_to_strip_inclusion,1,17,351,14,1,17,1,A
240508_2-1_crop_00.jpg,bg_to_strip_inclusion,4,5,664,237,1,5,1,A
240508_2-1_crop_00.jpg,bg_to_strip_inclusion,5,12,668,236,1,12,1,A
240508_2-1_crop_00.jpg,bg_to_strip_inclusion,7,13,666,251,2,13,1,A
240508_2-1_crop_00.jpg,bg_to_strip_inclusion,8,4,665,266,1,4,1,A
240508_2-1_crop_00.jpg,bg_to_strip_inclusion,9,13,654,284,2,12,1,A
240508_2-1_crop_00.jpg,bg_to_strip_inclusion,10,6,511,659,1,6,1,A
240508_2-1_crop_00.jpg,bg_to_strip_inclusion,11,110,856,720,8,20,3,C
240508_2-1_crop_00.jpg,bg_to_strip_inclusion,12,4,478,754,1,4,1,A
240508_2-1_crop_00.jpg,bg_to_strip_inclusion,13,9,476,759,2,9,1,A
240508_2-1_crop_00.jpg,bg_to_strip_inclusion,16,26,473,785,9,5,1,A
240508_2-1_crop_00.jpg,bg_to_strip_inclusion,18,5,469,836,2,5,1,A
240508_2-1_crop_00.jpg,bg_to_strip_inclusion,19,4,465,839,1,4,1,A
240508_2-1_crop_00.jpg,bg_to_strip_inclusion,20,6,803,852,1,6,1,A
240508_2-1_crop_00.jpg,bg_to_strip_inclusion,21,5,464,856,1,5,1,A
240508_2-1_crop_00.jpg,bg_to_strip_inclusion,22,2,463,863,1,2,1,A
240508_2-1_crop_00.jpg,bg_to_strip_inclusion,24,2,808,865,1,2,1,A
240508_2-1_crop_00.jpg,bg_to_strip_inclusion,26,21,462,874,2,13,1,A
240508_2-1_crop_00.jpg,bg_to_strip_inclusion,27,3,770,909,1,3,1,A
240508_2-1_crop_00.jpg,bg_to_strip_inclusion,28,3,462,916,1,3,1,A
240508_2-1_crop_00.jpg,bg_to_strip_inclusion,29,2,769,921,1,2,1,A
240508_2-1_crop_00.jpg,bg_to_strip_inclusion,31,185,786,936,12,19,1,A
240508_2-1_crop_00.jpg,bg_to_strip_inclusion,32,2,465,938,1,2,1,A
240508_2-20_crop_00.jpg,bg_to_strip_inclusion,1,2,697,286,1,2,1,A
240508_2-20_crop_00.jpg,bg_to_strip_inclusion,3,6,695,307,1,6,1,A
240508_2-20_crop_00.jpg,bg_to_strip_inclusion,4,5,702,482,4,3,1,A
240508_2-20_crop_00.jpg,bg_to_strip_inclusion,5,3,702,495,1,3,1,A
240508_2-20_crop_00.jpg,bg_to_strip_inclusion,6,4,703,499,1,4,1,A
240508_2-20_crop_00.jpg,bg_to_strip_inclusion,10,9,634,630,1,9,1,A
240508_2-20_crop_00.jpg,bg_to_strip_inclusion,11,12,627,636,1,12,1,A
240508_2-20_crop_00.jpg,bg_to_strip_inclusion,12,33,626,649,2,32,1,A
240508_2-20_crop_00.jpg,bg_to_strip_inclusion,13,5,621,699,4,3,1,A
240508_2-20_crop_00.jpg,bg_to_strip_inclusion,16,2,623,710,1,2,1,A
240508_2-20_crop_00.jpg,bg_to_strip_inclusion,17,2,617,713,1,2,1,A
240508_2-20_crop_00.jpg,bg_to_strip_inclusion,18,2,622,714,1,2,1,A
240508_2-20_crop_00.jpg,bg_to_strip_inclusion,20,2,621,718,1,2,1,A
240508_2-20_crop_00.jpg,bg_to_strip_inclusion,21,2,620,725,1,2,1,A
240508_2-20_crop_00.jpg,bg_to_strip_inclusion,22,12,612,727,3,12,1,A
240508_2-20_crop_00.jpg,bg_to_strip_inclusion,23,3,611,743,1,3,1,A
240508_2-20_crop_00.jpg,bg_to_strip_inclusion,24,2,616,753,1,2,1,A
240508_2-20_crop_00.jpg,bg_to_strip_inclusion,26,43,603,773,6,32,1,A
240508_2-20_crop_00.jpg,bg_to_strip_inclusion,27,5,602,807,1,5,1,A
240508_2-20_crop_00.jpg,bg_to_strip_inclusion,29,13,603,825,3,10,1,A
240508_2-21_crop_01.jpg,bg_to_strip_inclusion,1,3,765,0,2,2,1,A
240508_2-21_crop_01.jpg,bg_to_strip_inclusion,2,3,18,7,2,2,1,A
240508_2-21_crop_01.jpg,bg_to_strip_inclusion,3,3,15,21,1,3,1,A
240508_2-21_crop_01.jpg,bg_to_strip_inclusion,5,3,14,32,1,3,1,A
240508_2-21_crop_01.jpg,bg_to_strip_inclusion,6,3,13,39,1,3,1,A
240508_2-21_crop_01.jpg,bg_to_strip_inclusion,9,4,12,45,1,4,1,A
240508_2-21_crop_01.jpg,bg_to_strip_inclusion,11,4,11,50,1,4,1,A
240508_2-21_crop_01.jpg,bg_to_strip_inclusion,12,2,775,50,1,2,1,A
240508_2-21_crop_01.jpg,bg_to_strip_inclusion,13,3,15,58,1,3,1,A
240508_2-21_crop_01.jpg,bg_to_strip_inclusion,16,6,8,111,1,6,1,A
240508_2-21_crop_01.jpg,bg_to_strip_inclusion,17,5,4,120,1,5,1,A
240508_2-21_crop_01.jpg,bg_to_strip_inclusion,18,9,5,126,4,6,1,A
240508_2-21_crop_01.jpg,bg_to_strip_inclusion,19,2,9,127,1,2,1,A
240508_2-21_crop_01.jpg,bg_to_strip_inclusion,20,11,4,183,4,4,1,A
240508_2-21_crop_01.jpg,bg_to_strip_inclusion,21,30,834,685,5,25,1,A
240508_2-21_crop_01.jpg,bg_to_strip_inclusion,22,2,840,684,2,1,1,A
240508_2-21_crop_01.jpg,bg_to_strip_inclusion,23,7,73,908,1,7,1,A
240508_2-21_crop_01.jpg,bg_to_strip_inclusion,24,72,61,916,7,20,1,A
240508_2-21_crop_01.jpg,bg_to_strip_inclusion,25,15,57,932,5,15,1,A
240508_2-21_crop_01.jpg,bg_to_strip_inclusion,26,2,73,938,1,2,1,A
240508_2-21_crop_01.jpg,bg_to_strip_inclusion,27,7,74,945,1,7,1,A
240508_2-21_crop_01.jpg,bg_to_strip_inclusion,28,34,66,952,3,26,1,A
240508_2-21_crop_01.jpg,bg_to_strip_inclusion,30,2,65,979,1,2,1,A
240508_2-23_crop_00.jpg,bg_to_strip_inclusion,2,14,399,378,6,13,1,A
240508_2-23_crop_00.jpg,bg_to_strip_inclusion,4,4,394,476,1,4,1,A
240508_2-23_crop_00.jpg,bg_to_strip_inclusion,5,2,396,491,2,2,1,A
240508_2-23_crop_00.jpg,bg_to_strip_inclusion,6,13,658,789,4,8,3,C
240508_2-23_crop_00.jpg,bg_to_strip_inclusion,8,9,659,798,2,9,3,C
240508_2-23_crop_00.jpg,bg_to_strip_inclusion,9,2,665,798,1,2,3,C
240508_2-23_crop_00.jpg,bg_to_strip_inclusion,10,20,661,806,6,7,3,C
240508_2-23_crop_00.jpg,bg_to_strip_inclusion,11,2,667,818,1,2,3,C
240508_2-23_crop_00.jpg,bg_to_strip_inclusion,12,5,662,820,1,5,3,C
240508_2-23_crop_00.jpg,bg_to_strip_inclusion,14,7,139,924,4,5,1,A
240508_2-23_crop_00.jpg,bg_to_strip_inclusion,16,24,140,934,5,9,1,A
240508_2-23_crop_00.jpg,bg_to_strip_inclusion,18,2,148,948,1,2,1,A
240508_2-23_crop_00.jpg,bg_to_strip_inclusion,19,6,147,951,3,5,1,A
240508_2-27_crop_00.jpg,bg_to_strip_inclusion,1,4,418,102,1,4,1,A
240508_2-27_crop_00.jpg,bg_to_strip_inclusion,2,2,419,110,1,2,1,A
240508_2-27_crop_00.jpg,bg_to_strip_inclusion,3,2,420,114,1,2,1,A
240508_2-27_crop_00.jpg,bg_to_strip_inclusion,6,2,419,156,1,2,1,A
240508_2-27_crop_00.jpg,bg_to_strip_inclusion,7,2,420,159,1,2,1,A
240508_2-27_crop_00.jpg,bg_to_strip_inclusion,8,2,421,162,1,2,1,A
240508_2-27_crop_00.jpg,bg_to_strip_inclusion,10,3,992,453,1,3,1,A
240508_2-27_crop_00.jpg,bg_to_strip_inclusion,11,4,962,594,3,2,1,A
240508_2-27_crop_00.jpg,bg_to_strip_inclusion,13,3,965,598,1,3,1,A
240508_2-27_crop_00.jpg,bg_to_strip_inclusion,14,18,959,606,2,14,1,A
240508_2-27_crop_00.jpg,bg_to_strip_inclusion,15,2,996,623,1,2,1,A
240508_2-27_crop_00.jpg,bg_to_strip_inclusion,16,65,958,625,3,43,1,A
240508_2-27_crop_00.jpg,bg_to_strip_inclusion,18,26,971,636,4,25,1,A
240508_2-27_crop_00.jpg,bg_to_strip_inclusion,19,7,975,662,1,7,1,A
240508_2-27_crop_00.jpg,bg_to_strip_inclusion,20,4,961,669,1,4,1,A
240508_2-27_crop_00.jpg,bg_to_strip_inclusion,21,16,976,670,2,14,1,A
240508_2-27_crop_00.jpg,bg_to_strip_inclusion,22,2,962,675,1,2,1,A
240508_2-27_crop_00.jpg,bg_to_strip_inclusion,23,3,963,679,1,3,1,A
240508_2-27_crop_00.jpg,bg_to_strip_inclusion,24,3,964,683,1,3,1,A
240508_2-27_crop_00.jpg,bg_to_strip_inclusion,25,3,965,688,1,3,1,A
240508_2-27_crop_00.jpg,bg_to_strip_inclusion,26,2,966,693,1,2,1,A
240508_2-27_crop_00.jpg,bg_to_strip_inclusion,27,2,967,697,1,2,1,A
240508_2-27_crop_00.jpg,bg_to_strip_inclusion,30,2,970,712,1,2,1,A
240508_2-27_crop_00.jpg,bg_to_strip_inclusion,31,3,971,724,1,3,1,A
240508_2-27_crop_00.jpg,bg_to_strip_inclusion,32,3,981,729,1,3,1,A
240508_2-27_crop_00.jpg,bg_to_strip_inclusion,33,3,982,735,1,3,1,A
240508_2-27_crop_00.jpg,bg_to_strip_inclusion,34,19,976,774,1,19,1,A
240508_2-27_crop_00.jpg,bg_to_strip_inclusion,35,2,976,800,1,2,1,A
240508_2-27_crop_00.jpg,bg_to_strip_inclusion,36,2,977,811,1,2,1,A
240508_2-27_crop_00.jpg,bg_to_strip_inclusion,39,2,982,904,1,2,1,A
240508_2-27_crop_00.jpg,bg_to_strip_inclusion,40,4,976,916,1,4,1,A
240508_2-27_crop_00.jpg,bg_to_strip_inclusion,42,10,974,943,1,10,1,A
240508_2-28_crop_02.jpg,bg_to_strip_inclusion,1,9,896,317,4,3,1,A
240508_2-28_crop_02.jpg,bg_to_D,1,54,137,340,9,8,4,D
240508_2-2_crop_00.jpg,bg_to_strip_inclusion,1,9,355,72,4,8,1,A
240508_2-2_crop_00.jpg,bg_to_strip_inclusion,2,2,360,72,2,2,1,A
240508_2-2_crop_00.jpg,bg_to_strip_inclusion,3,3,354,81,1,3,1,A
240508_2-2_crop_00.jpg,bg_to_strip_inclusion,4,6,934,80,4,4,1,A
240508_2-2_crop_00.jpg,bg_to_strip_inclusion,6,3,353,85,1,3,1,A
240508_2-2_crop_00.jpg,bg_to_strip_inclusion,7,4,352,93,1,4,1,A
240508_2-2_crop_00.jpg,bg_to_strip_inclusion,8,28,935,115,2,27,1,A
240508_2-2_crop_00.jpg,bg_to_strip_inclusion,9,2,934,146,1,2,1,A
240508_2-2_crop_00.jpg,bg_to_strip_inclusion,10,2,933,150,1,2,1,A
240508_2-2_crop_00.jpg,bg_to_strip_inclusion,11,2,936,158,1,2,1,A
240508_2-2_crop_00.jpg,bg_to_strip_inclusion,12,11,932,161,4,6,1,A
240508_2-2_crop_00.jpg,bg_to_strip_inclusion,13,110,925,563,12,24,1,A
240508_2-2_crop_00.jpg,bg_to_strip_inclusion,14,3,1001,626,2,3,1,A
240508_2-2_crop_00.jpg,bg_to_strip_inclusion,16,37,982,634,6,23,1,A
240508_2-2_crop_00.jpg,bg_to_strip_inclusion,17,93,987,634,11,25,1,A
240508_2-2_crop_00.jpg,bg_to_strip_inclusion,18,22,930,717,4,14,1,A
240508_2-30_crop_02.jpg,bg_to_strip_inclusion,1,5,838,403,2,4,3,C
240508_2-30_crop_02.jpg,bg_to_strip_inclusion,2,7,837,408,1,7,3,C
240508_2-30_crop_02.jpg,bg_to_strip_inclusion,3,84,19,413,9,20,1,A
240508_2-30_crop_02.jpg,bg_to_strip_inclusion,4,3,836,417,1,3,3,C
240508_2-30_crop_02.jpg,bg_to_strip_inclusion,5,6,836,428,3,6,3,C
240508_2-30_crop_02.jpg,bg_to_strip_inclusion,6,68,10,483,6,16,1,A
240508_2-34_crop_00.jpg,bg_to_strip_inclusion,1,5,191,75,3,3,1,A
240508_2-34_crop_00.jpg,bg_to_strip_inclusion,2,7,194,79,1,7,1,A
240508_2-34_crop_00.jpg,bg_to_strip_inclusion,3,14,188,161,2,12,1,A
240508_2-34_crop_00.jpg,bg_to_strip_inclusion,4,2,161,203,1,2,1,A
240508_2-34_crop_00.jpg,bg_to_strip_inclusion,5,10,160,208,1,10,1,A
240508_2-34_crop_00.jpg,bg_to_strip_inclusion,7,9,443,649,4,8,1,A
240508_2-34_crop_00.jpg,bg_to_strip_inclusion,10,3,449,679,1,3,1,A
240508_2-34_crop_00.jpg,bg_to_strip_inclusion,11,12,450,683,2,11,1,A
240508_2-34_crop_00.jpg,bg_to_strip_inclusion,15,2,456,717,1,2,1,A
240508_2-34_crop_00.jpg,bg_to_strip_inclusion,16,19,457,720,3,13,1,A
240508_2-34_crop_00.jpg,bg_to_strip_inclusion,18,37,463,764,4,29,1,A
240508_2-34_crop_00.jpg,bg_to_strip_inclusion,19,3,476,773,1,3,1,A
240508_2-34_crop_00.jpg,bg_to_strip_inclusion,21,3,470,814,1,3,1,A
240508_2-34_crop_00.jpg,bg_to_strip_inclusion,22,7,471,820,3,6,1,A
240508_2-34_crop_00.jpg,bg_to_strip_inclusion,25,17,947,892,2,17,1,A
240508_2-36_crop_00.jpg,bg_to_strip_inclusion,1,19,492,60,2,16,1,A
240508_2-36_crop_00.jpg,bg_to_strip_inclusion,2,3,492,93,1,3,1,A
240508_2-36_crop_00.jpg,bg_to_strip_inclusion,3,2,491,98,1,2,1,A
240508_2-36_crop_00.jpg,bg_to_strip_inclusion,5,4,489,108,1,4,1,A
240508_2-36_crop_00.jpg,bg_to_strip_inclusion,7,18,490,136,4,12,1,A
240508_2-36_crop_00.jpg,bg_to_strip_inclusion,9,4,320,456,1,4,1,A
240508_2-36_crop_00.jpg,bg_to_strip_inclusion,10,8,319,468,1,8,1,A
240508_2-36_crop_00.jpg,bg_to_strip_inclusion,11,11,320,480,3,11,1,A
240508_2-36_crop_00.jpg,bg_to_strip_inclusion,12,2,323,493,1,2,1,A
240508_2-36_crop_00.jpg,bg_to_strip_inclusion,13,10,335,497,1,10,1,A
240508_2-36_crop_00.jpg,bg_to_strip_inclusion,14,2,335,523,1,2,1,A
240508_2-36_crop_00.jpg,bg_to_strip_inclusion,15,6,331,524,4,3,1,A
240508_2-36_crop_00.jpg,bg_to_strip_inclusion,16,2,677,606,2,2,1,A
240508_2-36_crop_00.jpg,bg_to_strip_inclusion,17,3,680,606,2,3,1,A
240508_2-36_crop_00.jpg,bg_to_strip_inclusion,18,2,676,610,1,2,1,A
240508_2-36_crop_00.jpg,bg_to_strip_inclusion,19,3,675,616,1,3,1,A
240508_2-36_crop_00.jpg,bg_to_strip_inclusion,20,96,667,621,8,30,1,A
240508_2-36_crop_00.jpg,bg_to_strip_inclusion,21,3,682,628,1,3,1,A
240508_2-36_crop_00.jpg,bg_to_strip_inclusion,22,24,679,632,3,16,1,A
240508_2-36_crop_00.jpg,bg_to_strip_inclusion,23,2,660,644,1,2,1,A
240508_2-36_crop_00.jpg,bg_to_strip_inclusion,25,15,658,654,1,15,1,A
240508_2-36_crop_00.jpg,bg_to_strip_inclusion,26,16,679,654,2,15,1,A
240508_2-36_crop_00.jpg,bg_to_strip_inclusion,27,2,666,669,1,2,1,A
240508_2-36_crop_00.jpg,bg_to_strip_inclusion,28,13,658,678,1,13,1,A
240508_2-36_crop_00.jpg,bg_to_strip_inclusion,30,4,368,742,1,4,1,A
240508_2-36_crop_00.jpg,bg_to_strip_inclusion,31,3,369,748,1,3,1,A
240508_2-36_crop_00.jpg,bg_to_strip_inclusion,32,2,370,757,1,2,1,A
240508_2-36_crop_00.jpg,bg_to_strip_inclusion,33,21,175,825,3,19,1,A
240508_2-36_crop_00.jpg,bg_to_strip_inclusion,34,2,236,830,2,2,1,A
240508_2-36_crop_00.jpg,bg_to_strip_inclusion,36,18,169,863,1,18,1,A
240508_2-36_crop_00.jpg,bg_to_strip_inclusion,37,2,237,862,1,2,1,A
240508_2-36_crop_00.jpg,bg_to_strip_inclusion,38,2,238,866,1,2,1,A
240508_2-36_crop_00.jpg,bg_to_strip_inclusion,39,11,169,895,1,11,1,A
240508_2-36_crop_00.jpg,bg_to_strip_inclusion,40,17,168,910,1,17,1,A
240508_2-36_crop_00.jpg,bg_to_strip_inclusion,41,2,695,942,2,1,1,A
240508_2-36_crop_00.jpg,bg_to_strip_inclusion,42,19,169,944,3,12,1,A
240508_2-36_crop_00.jpg,bg_to_strip_inclusion,44,7,694,955,2,7,1,A
240508_2-36_crop_00.jpg,bg_to_strip_inclusion,46,22,698,971,6,7,1,A
240508_2-38_crop_01.jpg,bg_to_strip_inclusion,1,22,582,50,3,20,1,A
240508_2-38_crop_01.jpg,bg_to_strip_inclusion,2,3,589,64,1,3,1,A
240508_2-38_crop_01.jpg,bg_to_strip_inclusion,7,5,587,82,4,5,1,A
240508_2-38_crop_01.jpg,bg_to_strip_inclusion,8,92,508,686,7,21,1,A
240508_2-39_crop_01.jpg,bg_to_strip_inclusion,1,5,379,255,5,2,1,A
240508_2-39_crop_01.jpg,bg_to_strip_inclusion,4,3,376,326,1,3,1,A
240508_2-39_crop_01.jpg,bg_to_strip_inclusion,6,2,1014,821,2,1,1,A
240508_2-39_crop_01.jpg,bg_to_strip_inclusion,8,4,843,836,3,2,1,A
240508_2-39_crop_01.jpg,bg_to_strip_inclusion,9,3,842,839,1,3,1,A
240508_2-39_crop_01.jpg,bg_to_strip_inclusion,10,4,960,875,3,4,1,A
240508_2-39_crop_01.jpg,bg_to_strip_inclusion,11,16,959,882,1,16,1,A
240508_2-3_crop_00.jpg,bg_to_strip_inclusion,1,3,963,34,1,3,1,A
240508_2-3_crop_00.jpg,bg_to_strip_inclusion,2,4,962,38,1,4,1,A
240508_2-3_crop_00.jpg,bg_to_strip_inclusion,3,2,970,39,1,2,1,A
240508_2-3_crop_00.jpg,bg_to_strip_inclusion,4,18,966,51,4,10,1,A
240508_2-3_crop_00.jpg,bg_to_strip_inclusion,5,16,994,297,2,16,1,A
240508_2-3_crop_00.jpg,bg_to_strip_inclusion,6,2,999,303,1,2,1,A
240508_2-3_crop_00.jpg,bg_to_strip_inclusion,7,6,1000,307,2,6,1,A
240508_2-3_crop_00.jpg,bg_to_strip_inclusion,8,3,996,315,1,3,1,A
240508_2-3_crop_00.jpg,bg_to_strip_inclusion,9,19,1002,325,3,12,1,A
240508_2-3_crop_00.jpg,bg_to_strip_inclusion,10,3,552,640,1,3,3,C
240508_2-3_crop_00.jpg,bg_to_strip_inclusion,12,3,546,645,1,3,3,C
240508_2-3_crop_00.jpg,bg_to_strip_inclusion,15,18,544,666,4,8,3,C
240508_2-3_crop_00.jpg,bg_to_D,1,2,694,841,1,2,4,D
240508_2-3_crop_00.jpg,bg_to_D,2,2,694,844,1,2,4,D
240508_2-3_crop_00.jpg,bg_to_D,4,2,697,848,2,1,4,D
240508_2-3_crop_01.jpg,bg_to_strip_inclusion,1,4,960,425,3,2,1,A
240508_2-3_crop_01.jpg,bg_to_strip_inclusion,2,3,957,439,1,3,1,A
240508_2-3_crop_01.jpg,bg_to_strip_inclusion,4,75,934,608,5,19,1,A
240508_2-3_crop_01.jpg,bg_to_strip_inclusion,5,22,937,680,3,10,1,A
240508_2-4_crop_01.jpg,bg_to_strip_inclusion,2,6,599,260,1,6,1,A
240508_2-4_crop_01.jpg,bg_to_strip_inclusion,9,2,55,741,1,2,1,A
240508_2-4_crop_01.jpg,bg_to_strip_inclusion,10,9,55,749,1,9,1,A
240508_2-4_crop_01.jpg,bg_to_strip_inclusion,11,7,60,775,1,7,1,A
240508_2-4_crop_01.jpg,bg_to_D,1,64,443,697,9,9,4,D
240508_2-5_crop_02.jpg,bg_to_strip_inclusion,1,3,639,485,2,3,3,C
240508_2-5_crop_02.jpg,bg_to_strip_inclusion,2,2,638,489,1,2,3,C
240508_2-5_crop_02.jpg,bg_to_strip_inclusion,3,3,641,499,1,3,3,C
240508_2-5_crop_02.jpg,bg_to_strip_inclusion,4,2,636,502,1,2,3,C
240508_2-6_crop_02.jpg,bg_to_strip_inclusion,1,8,670,897,4,3,3,C
240508_2-6_crop_02.jpg,bg_to_strip_inclusion,2,3,669,917,1,3,3,C
240508_2-6_crop_02.jpg,bg_to_strip_inclusion,3,6,668,932,2,6,3,C
240508_2-6_crop_02.jpg,bg_to_D,1,45,96,598,8,7,4,D
240508_2-7_crop_01.jpg,bg_to_strip_inclusion,1,4,53,134,3,2,1,A
240508_2-7_crop_01.jpg,bg_to_strip_inclusion,2,4,56,138,1,4,1,A
240508_2-7_crop_01.jpg,bg_to_strip_inclusion,3,3,55,144,1,3,1,A
240508_2-7_crop_01.jpg,bg_to_strip_inclusion,4,18,54,161,5,8,1,A
240508_2-7_crop_01.jpg,bg_to_strip_inclusion,6,32,43,261,5,9,1,A
240508_2-7_crop_01.jpg,bg_to_strip_inclusion,7,2,88,671,1,2,1,A
240508_2-7_crop_01.jpg,bg_to_strip_inclusion,8,11,89,686,2,8,1,A
240508_2-7_crop_01.jpg,bg_to_strip_inclusion,9,18,91,758,1,18,1,A
240508_2-7_crop_01.jpg,bg_to_strip_inclusion,11,6,87,781,4,3,1,A
240508_2-7_crop_01.jpg,bg_to_D,1,86,262,261,10,10,4,D
240508_2-9_crop_01.jpg,bg_to_strip_inclusion,1,26,250,174,7,8,1,A
240508_2-9_crop_01.jpg,bg_to_strip_inclusion,2,32,257,178,8,15,1,A
240508_2-9_crop_01.jpg,bg_to_strip_inclusion,4,11,265,196,2,9,1,A
240508_2-9_crop_01.jpg,bg_to_strip_inclusion,5,4,253,202,1,4,1,A
240508_2-9_crop_01.jpg,bg_to_strip_inclusion,6,4,254,207,1,4,1,A
240508_2-9_crop_01.jpg,bg_to_strip_inclusion,7,2,253,213,1,2,1,A
240508_2-9_crop_01.jpg,bg_to_strip_inclusion,8,5,226,249,5,2,1,A
240508_2-9_crop_01.jpg,bg_to_strip_inclusion,10,14,226,256,6,9,1,A
240508_2-9_crop_01.jpg,bg_to_strip_inclusion,14,24,840,553,3,10,1,A
240508_2-9_crop_01.jpg,bg_to_strip_inclusion,15,8,634,673,2,7,1,A
240508_2-9_crop_01.jpg,bg_to_strip_inclusion,16,5,638,700,1,5,1,A
240508_4-11_crop_01.jpg,bg_to_strip_inclusion,1,113,344,770,9,16,2,B
240508_4-11_crop_01.jpg,bg_to_strip_inclusion,2,5,316,811,2,5,2,B
240508_4-11_crop_01.jpg,bg_to_strip_inclusion,3,2,318,817,1,2,2,B
240508_4-11_crop_01.jpg,bg_to_strip_inclusion,4,8,313,832,1,8,2,B
240508_4-11_crop_01.jpg,bg_to_strip_inclusion,5,3,320,848,1,3,2,B
240508_4-11_crop_01.jpg,bg_to_strip_inclusion,6,4,315,861,1,4,2,B
240508_4-11_crop_01.jpg,bg_to_strip_inclusion,7,2,322,865,1,2,2,B
240508_4-11_crop_01.jpg,bg_to_strip_inclusion,9,57,316,890,7,12,2,B
240508_4-13_crop_00.jpg,bg_to_strip_inclusion,3,2,58,19,1,2,2,B
240508_4-13_crop_00.jpg,bg_to_strip_inclusion,4,16,59,23,2,16,2,B
240508_4-13_crop_00.jpg,bg_to_strip_inclusion,5,3,62,53,1,3,2,B
240508_4-13_crop_00.jpg,bg_to_strip_inclusion,6,3,63,57,1,3,2,B
240508_4-13_crop_00.jpg,bg_to_strip_inclusion,7,4,64,62,1,4,2,B
240508_4-13_crop_00.jpg,bg_to_strip_inclusion,8,2,65,69,1,2,2,B
240508_4-2_crop_00.jpg,bg_to_strip_inclusion,1,9,633,876,5,4,2,B
240508_4-2_crop_00.jpg,bg_to_strip_inclusion,3,41,634,883,5,11,2,B
240508_4-2_crop_00.jpg,bg_to_strip_inclusion,4,2,639,915,1,2,3,C
240508_4-2_crop_00.jpg,bg_to_strip_inclusion,6,4,640,919,1,4,3,C
240508_4-2_crop_00.jpg,bg_to_strip_inclusion,7,4,641,924,1,4,3,C
240508_4-2_crop_00.jpg,bg_to_strip_inclusion,8,23,642,929,2,21,3,C
240508_4-2_crop_00.jpg,bg_to_strip_inclusion,10,14,648,938,2,10,3,C
240508_4-2_crop_01.jpg,bg_to_strip_inclusion,1,10,61,2,3,4,3,C
240508_4-2_crop_01.jpg,bg_to_strip_inclusion,2,7,61,196,2,5,2,B
240508_4-2_crop_01.jpg,bg_to_strip_inclusion,3,10,62,217,1,10,2,B
240508_4-2_crop_01.jpg,bg_to_strip_inclusion,4,2,571,905,2,2,3,C
240508_4-2_crop_01.jpg,bg_to_strip_inclusion,6,13,572,913,3,11,3,C
240508_4-2_crop_01.jpg,bg_to_strip_inclusion,7,4,577,913,2,4,3,C
240508_4-2_crop_01.jpg,bg_to_D,1,91,791,629,11,11,4,D
240508_4-3_crop_00.jpg,bg_to_strip_inclusion,1,26,947,9,4,9,1,A
240508_4-3_crop_00.jpg,bg_to_strip_inclusion,2,46,318,110,5,27,2,B
240508_4-3_crop_00.jpg,bg_to_strip_inclusion,3,2,324,115,1,2,2,B
240508_4-3_crop_00.jpg,bg_to_strip_inclusion,4,8,325,118,2,8,2,B
240508_4-3_crop_00.jpg,bg_to_strip_inclusion,6,2,322,145,1,2,2,B
240508_4-3_crop_00.jpg,bg_to_strip_inclusion,8,15,356,704,4,13,3,C
240508_4-3_crop_00.jpg,bg_to_strip_inclusion,10,3,357,718,1,3,3,C
240508_4-3_crop_00.jpg,bg_to_D,1,10,611,416,6,5,4,D
240508_4-3_crop_00.jpg,bg_to_D,4,14,429,902,6,10,4,D
240508_4-3_crop_00.jpg,bg_to_D,6,2,429,1001,2,1,4,D
240508_4-9_crop_00.jpg,bg_to_strip_inclusion,2,7,999,532,6,3,2,B
240508_4-9_crop_00.jpg,bg_to_strip_inclusion,4,15,1005,540,3,8,2,B
240508_4-9_crop_00.jpg,bg_to_strip_inclusion,5,34,997,542,4,25,2,B
240508_4-9_crop_00.jpg,bg_to_strip_inclusion,6,3,123,561,1,3,2,B
240508_4-9_crop_00.jpg,bg_to_strip_inclusion,7,5,1007,562,1,5,2,B
240508_4-9_crop_00.jpg,bg_to_strip_inclusion,8,3,1001,568,1,3,2,B
240508_4-9_crop_00.jpg,bg_to_strip_inclusion,9,2,1008,571,1,2,2,B
240508_4-9_crop_00.jpg,bg_to_strip_inclusion,10,2,1009,577,1,2,2,B
240508_4-9_crop_00.jpg,bg_to_strip_inclusion,11,3,1010,582,1,3,2,B
240508_4-9_crop_00.jpg,bg_to_strip_inclusion,13,15,1005,592,5,8,2,B
240508_4-9_crop_00.jpg,bg_to_strip_inclusion,15,3,1011,594,1,3,2,B
240508_4-9_crop_00.jpg,bg_to_strip_inclusion,16,2,121,596,1,2,2,B
240508_4-9_crop_00.jpg,bg_to_strip_inclusion,17,89,122,600,9,21,2,B
240508_4-9_crop_00.jpg,bg_to_strip_inclusion,18,3,263,856,3,2,3,C
240508_4-9_crop_00.jpg,bg_to_strip_inclusion,19,6,262,860,1,6,3,C
240508_4-9_crop_00.jpg,bg_to_strip_inclusion,20,5,267,862,1,5,3,C
240508_4-9_crop_00.jpg,bg_to_strip_inclusion,21,5,268,869,1,5,3,C
240508_4-9_crop_00.jpg,bg_to_strip_inclusion,22,4,263,872,1,4,2,B
240508_4-9_crop_00.jpg,bg_to_strip_inclusion,23,2,269,876,1,2,2,B
240508_4-9_crop_00.jpg,bg_to_strip_inclusion,24,225,263,878,13,74,2,B
240508_4-9_crop_00.jpg,bg_to_strip_inclusion,25,5,278,937,1,5,2,B
240508_4-9_crop_00.jpg,bg_to_strip_inclusion,26,149,273,951,8,26,2,B
240508_4-9_crop_00.jpg,bg_to_D,1,5,186,258,5,3,4,D
240508_4-9_crop_00.jpg,bg_to_D,2,2,192,258,2,1,4,D
240508_4-9_crop_00.jpg,bg_to_D,4,2,185,262,1,2,4,D
240508_4-9_crop_02.jpg,bg_to_strip_inclusion,1,17,148,433,4,10,3,C
2408_C-40_crop_00.jpg,bg_to_strip_inclusion,3,3,415,166,1,3,3,C
2408_C-40_crop_00.jpg,bg_to_strip_inclusion,5,9,311,418,5,4,3,C
2408_C-40_crop_00.jpg,bg_to_strip_inclusion,6,17,310,421,2,14,3,C
2408_C-40_crop_00.jpg,bg_to_strip_inclusion,7,25,312,436,4,15,3,C
2408_C-40_crop_00.jpg,bg_to_strip_inclusion,8,2,317,437,1,2,3,C
2408_C-40_crop_00.jpg,bg_to_strip_inclusion,9,3,376,443,1,3,3,C
2408_C-40_crop_00.jpg,bg_to_strip_inclusion,10,12,364,447,4,11,3,C
2408_C-40_crop_00.jpg,bg_to_strip_inclusion,11,6,377,447,2,5,3,C
2408_C-40_crop_00.jpg,bg_to_strip_inclusion,13,9,364,464,1,9,3,C
2408_C-40_crop_00.jpg,bg_to_strip_inclusion,14,2,378,467,1,2,3,C
2408_C-40_crop_00.jpg,bg_to_strip_inclusion,15,3,377,470,1,3,3,C
2408_C-40_crop_00.jpg,bg_to_strip_inclusion,16,4,376,481,1,4,3,C
2408_C-40_crop_00.jpg,bg_to_strip_inclusion,21,7,104,654,1,7,3,C
2408_C-40_crop_00.jpg,bg_to_strip_inclusion,23,3,109,656,1,3,3,C
2408_C-40_crop_00.jpg,bg_to_strip_inclusion,24,9,106,680,1,9,3,C
2408_C-40_crop_00.jpg,bg_to_strip_inclusion,26,11,109,699,2,11,3,C
2408_C-40_crop_00.jpg,bg_to_strip_inclusion,27,125,104,1003,9,21,3,C
2408_C-43_crop_02.jpg,bg_to_strip_inclusion,1,2,331,183,2,1,3,C
2408_C-43_crop_02.jpg,bg_to_strip_inclusion,2,7,330,185,1,7,3,C
2408_C-43_crop_02.jpg,bg_to_strip_inclusion,3,6,337,191,1,6,3,C
2408_C-43_crop_02.jpg,bg_to_strip_inclusion,4,15,331,193,1,15,3,C
2408_C-43_crop_02.jpg,bg_to_strip_inclusion,5,7,337,205,1,7,3,C
2408_C-43_crop_02.jpg,bg_to_strip_inclusion,6,4,330,214,1,4,3,C
2408_C-43_crop_02.jpg,bg_to_strip_inclusion,7,4,329,220,1,4,3,C
2408_C-43_crop_02.jpg,bg_to_strip_inclusion,8,4,328,226,1,4,3,C
2408_C-43_crop_02.jpg,bg_to_strip_inclusion,9,6,326,231,2,6,3,C
2408_C-43_crop_02.jpg,bg_to_strip_inclusion,12,2,332,240,1,2,3,C
2408_C-47_crop_01.jpg,bg_to_strip_inclusion,1,33,972,27,7,28,3,C
2408_C-47_crop_01.jpg,bg_to_strip_inclusion,2,10,978,33,1,10,3,C
2408_C-47_crop_01.jpg,bg_to_strip_inclusion,3,29,971,64,5,14,3,C
2408_C-47_crop_01.jpg,bg_to_strip_inclusion,4,21,142,668,4,9,3,C
2408_C-47_crop_01.jpg,bg_to_strip_inclusion,5,2,142,688,1,2,3,C
2408_C-56_crop_01.jpg,bg_to_strip_inclusion,1,5,216,648,4,2,3,C
2408_C-56_crop_01.jpg,bg_to_strip_inclusion,2,4,215,656,1,4,3,C
2408_C-56_crop_01.jpg,bg_to_strip_inclusion,3,15,220,656,2,10,3,C
2408_C-56_crop_01.jpg,bg_to_strip_inclusion,4,17,216,667,2,16,3,C
2408_C-56_crop_01.jpg,bg_to_strip_inclusion,5,8,222,671,1,8,3,C
2408_C-56_crop_01.jpg,bg_to_strip_inclusion,6,3,221,680,1,3,3,C
2408_C-56_crop_01.jpg,bg_to_strip_inclusion,7,2,225,720,1,2,1,A
2408_C-56_crop_01.jpg,bg_to_strip_inclusion,8,2,231,721,1,2,1,A
2408_C-56_crop_01.jpg,bg_to_strip_inclusion,9,6,224,724,1,6,1,A
2408_C-56_crop_01.jpg,bg_to_strip_inclusion,10,3,232,724,1,3,1,A
2408_C-56_crop_01.jpg,bg_to_strip_inclusion,11,3,223,734,1,3,1,A
2408_C-56_crop_01.jpg,bg_to_strip_inclusion,12,2,232,735,1,2,1,A
2408_C-56_crop_01.jpg,bg_to_strip_inclusion,13,2,222,739,1,2,1,A
2408_C-56_crop_01.jpg,bg_to_strip_inclusion,14,2,231,739,1,2,1,A
2408_C-56_crop_01.jpg,bg_to_strip_inclusion,15,3,221,743,1,3,1,A
2408_C-56_crop_01.jpg,bg_to_strip_inclusion,16,2,230,742,1,2,1,A
2408_C-56_crop_01.jpg,bg_to_strip_inclusion,17,18,228,746,2,13,1,A
2408_C-56_crop_01.jpg,bg_to_strip_inclusion,18,2,221,759,1,2,1,A
2408_C-56_crop_01.jpg,bg_to_strip_inclusion,19,3,230,760,1,3,1,A
2408_C-56_crop_01.jpg,bg_to_strip_inclusion,20,2,222,763,1,2,1,A
2408_C-57_crop_01.jpg,bg_to_strip_inclusion,6,11,374,229,3,6,3,C
2408_C-57_crop_01.jpg,bg_to_strip_inclusion,8,14,262,481,4,5,3,C
2408_C-57_crop_01.jpg,bg_to_strip_inclusion,9,3,260,494,1,3,1,A
2408_C-57_crop_01.jpg,bg_to_strip_inclusion,10,3,259,499,1,3,1,A
2408_C-57_crop_01.jpg,bg_to_strip_inclusion,11,11,259,509,5,9,1,A
2408_C-57_crop_01.jpg,bg_to_strip_inclusion,14,2,251,525,1,2,1,A
2408_C-57_crop_01.jpg,bg_to_strip_inclusion,16,8,248,536,3,5,1,A
2408_C-57_crop_01.jpg,bg_to_strip_inclusion,17,13,206,645,4,6,3,C
2408_C-57_crop_01.jpg,bg_to_strip_inclusion,18,2,205,651,1,2,3,C
2408_C-57_crop_01.jpg,bg_to_strip_inclusion,19,2,204,661,1,2,3,C
2408_C-57_crop_01.jpg,bg_to_strip_inclusion,20,3,209,664,1,3,3,C
2408_C-57_crop_01.jpg,bg_to_strip_inclusion,21,2,204,670,1,2,3,C
2408_C-57_crop_01.jpg,bg_to_strip_inclusion,23,2,348,878,1,2,1,A
2408_C-57_crop_01.jpg,bg_to_strip_inclusion,24,4,347,881,1,4,1,A
2408_C-57_crop_01.jpg,bg_to_strip_inclusion,25,2,346,889,1,2,1,A
2408_C-57_crop_01.jpg,bg_to_strip_inclusion,29,2,341,938,1,2,1,A
2408_C-57_crop_01.jpg,bg_to_strip_inclusion,30,20,339,944,2,17,1,A
2408_C-57_crop_01.jpg,bg_to_strip_inclusion,33,58,842,985,5,15,3,C
2408_C-58_crop_01.jpg,bg_to_strip_inclusion,2,2,677,522,1,2,3,C
2408_C-58_crop_01.jpg,bg_to_strip_inclusion,3,10,677,534,1,10,3,C
2408_C-58_crop_01.jpg,bg_to_strip_inclusion,4,7,682,549,2,6,3,C
2408_C-58_crop_01.jpg,bg_to_strip_inclusion,5,21,677,555,6,16,3,C
2408_C-60_crop_01.jpg,bg_to_strip_inclusion,1,4,897,492,3,2,3,C
2408_C-60_crop_01.jpg,bg_to_strip_inclusion,2,2,893,512,1,2,3,C
2408_C-60_crop_01.jpg,bg_to_strip_inclusion,6,13,890,563,3,8,3,C
2408_C-60_crop_01.jpg,bg_to_strip_inclusion,7,3,898,562,1,3,3,C
2408_C-63_crop_01.jpg,bg_to_strip_inclusion,1,24,289,73,3,10,2,B
2408_C-63_crop_01.jpg,bg_to_strip_inclusion,2,4,762,149,1,4,1,A
2408_C-63_crop_01.jpg,bg_to_strip_inclusion,4,15,765,191,5,7,1,A
2408_C-63_crop_01.jpg,bg_to_strip_inclusion,5,2,46,209,1,2,3,C
2408_C-63_crop_01.jpg,bg_to_strip_inclusion,6,6,47,237,1,6,3,C
2408_C-63_crop_01.jpg,bg_to_strip_inclusion,7,28,47,249,1,28,3,C
2408_C-63_crop_01.jpg,bg_to_strip_inclusion,8,2,764,264,1,2,1,A
2408_C-63_crop_01.jpg,bg_to_strip_inclusion,9,5,555,267,1,5,1,A
2408_C-63_crop_01.jpg,bg_to_strip_inclusion,10,2,765,267,1,2,1,A
2408_C-63_crop_01.jpg,bg_to_strip_inclusion,11,6,54,273,1,6,3,C
2408_C-63_crop_01.jpg,bg_to_strip_inclusion,12,3,556,273,1,3,1,A
2408_C-63_crop_01.jpg,bg_to_strip_inclusion,13,3,552,276,1,3,1,A
2408_C-63_crop_01.jpg,bg_to_strip_inclusion,15,2,553,281,1,2,1,A
2408_C-63_crop_01.jpg,bg_to_strip_inclusion,16,12,47,297,2,9,3,C
2408_C-63_crop_01.jpg,bg_to_strip_inclusion,17,3,56,301,1,3,3,C
2408_C-63_crop_01.jpg,bg_to_strip_inclusion,18,9,46,307,1,9,3,C
2408_C-63_crop_01.jpg,bg_to_strip_inclusion,19,2,55,310,1,2,3,C
2408_C-63_crop_01.jpg,bg_to_strip_inclusion,20,5,54,313,1,5,3,C
2408_C-63_crop_01.jpg,bg_to_strip_inclusion,21,9,47,318,1,9,3,C
2408_C-63_crop_01.jpg,bg_to_strip_inclusion,22,9,53,324,1,9,3,C
2408_C-63_crop_01.jpg,bg_to_strip_inclusion,23,4,52,342,1,4,3,C
2408_C-63_crop_01.jpg,bg_to_strip_inclusion,24,26,43,363,3,24,3,C
2408_C-63_crop_01.jpg,bg_to_strip_inclusion,25,2,42,388,1,2,3,C
2408_C-63_crop_01.jpg,bg_to_strip_inclusion,26,5,41,395,1,5,3,C
2408_C-63_crop_01.jpg,bg_to_strip_inclusion,27,7,47,395,2,7,3,C
2408_C-63_crop_01.jpg,bg_to_strip_inclusion,29,15,47,417,1,15,3,C
2408_C-63_crop_01.jpg,bg_to_strip_inclusion,30,2,41,429,1,2,3,C
2408_C-63_crop_01.jpg,bg_to_strip_inclusion,31,2,42,433,1,2,3,C
2408_C-64_crop_00.jpg,bg_to_strip_inclusion,1,4,336,1,3,3,1,A
2408_C-64_crop_00.jpg,bg_to_strip_inclusion,3,8,338,21,3,8,1,A
2408_C-64_crop_00.jpg,bg_to_strip_inclusion,5,6,938,426,3,5,1,A
2408_C-64_crop_00.jpg,bg_to_strip_inclusion,6,6,942,435,1,6,1,A
2408_C-64_crop_00.jpg,bg_to_strip_inclusion,7,2,938,439,1,2,1,A
2408_C-64_crop_00.jpg,bg_to_strip_inclusion,9,6,976,531,4,3,3,C
2408_C-64_crop_00.jpg,bg_to_strip_inclusion,10,3,976,537,1,3,3,C
2408_C-64_crop_00.jpg,bg_to_strip_inclusion,11,3,977,541,1,3,3,C
2408_C-64_crop_00.jpg,bg_to_strip_inclusion,12,3,978,545,2,3,3,C
2408_C-64_crop_00.jpg,bg_to_strip_inclusion,14,11,109,646,1,11,3,C
2408_C-64_crop_00.jpg,bg_to_strip_inclusion,15,4,114,647,1,4,3,C
2408_C-64_crop_00.jpg,bg_to_strip_inclusion,16,3,111,673,3,1,3,C
2408_C-64_crop_00.jpg,bg_to_strip_inclusion,18,11,111,701,1,11,3,C
2408_C-64_crop_00.jpg,bg_to_strip_inclusion,20,4,112,721,1,4,3,C
2408_C-64_crop_00.jpg,bg_to_strip_inclusion,21,12,124,729,1,12,3,C
2408_C-64_crop_00.jpg,bg_to_strip_inclusion,22,14,113,744,3,12,3,C
2408_C-64_crop_00.jpg,bg_to_strip_inclusion,23,34,116,764,5,22,3,C
2408_C-64_crop_00.jpg,bg_to_strip_inclusion,24,10,126,772,1,10,3,C
2408_C-64_crop_00.jpg,bg_to_strip_inclusion,25,10,126,815,2,9,3,C
2408_C-64_crop_00.jpg,bg_to_strip_inclusion,26,7,123,826,1,7,3,C
2408_C-64_crop_00.jpg,bg_to_strip_inclusion,28,6,125,860,1,6,3,C
2408_C-64_crop_00.jpg,bg_to_strip_inclusion,29,3,121,867,1,3,3,C
2408_C-64_crop_00.jpg,bg_to_strip_inclusion,31,7,438,946,2,5,1,A
2408_C-64_crop_00.jpg,bg_to_strip_inclusion,32,9,437,955,2,8,1,A
2408_C-64_crop_02.jpg,bg_to_strip_inclusion,1,3,510,497,2,3,3,C
2408_C-64_crop_02.jpg,bg_to_strip_inclusion,2,18,507,504,3,17,3,C
2408_C-64_crop_02.jpg,bg_to_strip_inclusion,3,2,511,520,2,2,3,C
2408_C-65_crop_01.jpg,bg_to_strip_inclusion,4,3,789,789,1,3,1,A
2408_C-65_crop_01.jpg,bg_to_strip_inclusion,5,17,790,793,3,14,1,A
2408_C-65_crop_01.jpg,bg_to_strip_inclusion,7,2,785,809,1,2,1,A
2408_C-65_crop_01.jpg,bg_to_strip_inclusion,8,2,786,812,1,2,1,A
2408_C-65_crop_01.jpg,bg_to_strip_inclusion,9,2,787,815,1,2,1,A
2408_C-65_crop_01.jpg,bg_to_strip_inclusion,13,3,794,824,2,3,1,A
2408_C-66_crop_00.jpg,bg_to_strip_inclusion,1,8,736,339,1,8,1,A
2408_C-66_crop_00.jpg,bg_to_strip_inclusion,2,3,736,355,1,3,1,A
2408_C-66_crop_00.jpg,bg_to_strip_inclusion,3,6,737,361,1,6,1,A
2408_C-66_crop_00.jpg,bg_to_strip_inclusion,4,8,744,360,1,8,1,A
2408_C-66_crop_00.jpg,bg_to_strip_inclusion,5,2,743,372,1,2,1,A
2408_C-66_crop_00.jpg,bg_to_strip_inclusion,7,2,510,640,2,2,3,C
2408_C-66_crop_00.jpg,bg_to_strip_inclusion,8,9,506,642,1,9,3,C
2408_C-66_crop_00.jpg,bg_to_strip_inclusion,11,4,519,670,1,4,3,C
2408_C-66_crop_00.jpg,bg_to_strip_inclusion,12,2,520,678,1,2,3,C
2408_C-66_crop_00.jpg,bg_to_strip_inclusion,14,5,513,692,1,5,3,C
2408_C-66_crop_00.jpg,bg_to_strip_inclusion,15,3,522,692,1,3,3,C
2408_C-66_crop_00.jpg,bg_to_strip_inclusion,16,17,519,702,3,10,3,C
2408_C-66_crop_00.jpg,bg_to_strip_inclusion,17,4,519,717,1,4,3,C
2408_C-66_crop_00.jpg,bg_to_strip_inclusion,18,4,509,731,1,4,3,C
2408_C-66_crop_00.jpg,bg_to_strip_inclusion,19,5,508,742,1,5,3,C
2408_C-66_crop_00.jpg,bg_to_strip_inclusion,20,3,514,762,1,3,3,C
2408_C-66_crop_00.jpg,bg_to_strip_inclusion,21,2,509,773,1,2,3,C
2408_C-66_crop_00.jpg,bg_to_strip_inclusion,22,43,915,970,5,12,3,C
2408_C-67_crop_00.jpg,bg_to_strip_inclusion,1,4,983,562,1,4,3,C
2408_C-67_crop_00.jpg,bg_to_strip_inclusion,2,4,989,565,1,4,3,C
2408_C-67_crop_00.jpg,bg_to_strip_inclusion,3,24,106,573,3,20,3,C
2408_C-67_crop_00.jpg,bg_to_strip_inclusion,5,2,112,574,1,2,3,C
2408_C-67_crop_00.jpg,bg_to_strip_inclusion,6,2,989,577,1,2,3,C
2408_C-67_crop_00.jpg,bg_to_strip_inclusion,9,2,107,596,1,2,3,C
2408_C-67_crop_00.jpg,bg_to_strip_inclusion,10,6,113,596,1,6,3,C
2408_C-67_crop_00.jpg,bg_to_strip_inclusion,13,3,101,620,1,3,3,C
2408_C-67_crop_00.jpg,bg_to_strip_inclusion,14,2,100,624,1,2,3,C
2408_C-67_crop_00.jpg,bg_to_strip_inclusion,15,6,111,629,1,6,3,C
2408_C-67_crop_00.jpg,bg_to_strip_inclusion,17,4,101,650,1,4,3,C
2408_C-67_crop_00.jpg,bg_to_strip_inclusion,18,2,100,662,1,2,3,C
2408_C-67_crop_00.jpg,bg_to_strip_inclusion,19,11,108,665,1,11,3,C
2408_C-67_crop_00.jpg,bg_to_strip_inclusion,20,2,99,670,1,2,3,C
2408_C-67_crop_00.jpg,bg_to_strip_inclusion,21,37,99,683,2,26,3,C
2408_C-67_crop_00.jpg,bg_to_strip_inclusion,22,10,105,687,2,6,3,C
2408_C-67_crop_00.jpg,bg_to_strip_inclusion,23,2,107,708,1,2,3,C
2408_C-67_crop_00.jpg,bg_to_strip_inclusion,24,7,107,715,2,7,3,C
2408_C-67_crop_00.jpg,bg_to_strip_inclusion,25,5,109,723,1,5,3,C
2408_C-67_crop_00.jpg,bg_to_strip_inclusion,26,10,478,972,4,4,1,A
2408_C-67_crop_00.jpg,bg_to_strip_inclusion,28,3,478,979,1,3,1,A
2408_C-67_crop_00.jpg,bg_to_strip_inclusion,30,2,479,987,1,2,1,A
2408_C-67_crop_00.jpg,bg_to_strip_inclusion,31,5,480,995,1,5,1,A
2408_C-67_crop_01.jpg,bg_to_strip_inclusion,1,4,933,608,1,4,3,C
2408_C-68_crop_00.jpg,bg_to_strip_inclusion,1,3,40,214,2,2,3,C
2408_C-68_crop_00.jpg,bg_to_strip_inclusion,2,5,36,229,1,5,3,C
2408_C-68_crop_00.jpg,bg_to_strip_inclusion,3,12,37,236,1,12,3,C
2408_C-68_crop_00.jpg,bg_to_strip_inclusion,5,3,42,295,1,3,3,C
2408_C-68_crop_00.jpg,bg_to_strip_inclusion,6,3,37,314,1,3,3,C
2408_C-68_crop_00.jpg,bg_to_strip_inclusion,7,4,43,326,1,4,3,C
2408_C-68_crop_00.jpg,bg_to_strip_inclusion,8,53,31,337,5,35,3,C
2408_C-68_crop_00.jpg,bg_to_strip_inclusion,9,4,41,351,1,4,3,C
2408_C-68_crop_00.jpg,bg_to_strip_inclusion,10,9,38,370,2,7,3,C
2408_C-68_crop_00.jpg,bg_to_strip_inclusion,11,4,31,380,1,4,3,C
2408_C-68_crop_00.jpg,bg_to_strip_inclusion,12,5,32,392,1,5,3,C
2408_C-68_crop_00.jpg,bg_to_strip_inclusion,14,14,429,633,4,13,3,C
2408_C-68_crop_00.jpg,bg_to_strip_inclusion,15,93,926,658,7,17,1,A
2408_C-68_crop_00.jpg,bg_to_strip_inclusion,16,40,141,836,5,11,3,C
2408_C-68_crop_00.jpg,bg_to_strip_inclusion,17,2,986,954,1,2,3,C
2408_C-72_crop_01.jpg,bg_to_strip_inclusion,1,4,765,255,1,4,1,A
2408_C-72_crop_01.jpg,bg_to_strip_inclusion,2,3,766,265,1,3,1,A
2408_C-74_crop_00.jpg,bg_to_strip_inclusion,1,12,19,13,4,9,1,A
2408_C-74_crop_00.jpg,bg_to_strip_inclusion,2,3,26,19,1,3,1,A
2408_C-74_crop_00.jpg,bg_to_strip_inclusion,3,5,27,23,1,5,1,A
2408_C-74_crop_00.jpg,bg_to_strip_inclusion,4,10,20,24,1,10,1,A
2408_C-74_crop_00.jpg,bg_to_strip_inclusion,6,36,21,36,2,25,1,A
2408_C-74_crop_00.jpg,bg_to_strip_inclusion,7,27,340,38,8,13,1,A
2408_C-74_crop_00.jpg,bg_to_strip_inclusion,12,2,22,66,1,2,1,A
2408_C-74_crop_00.jpg,bg_to_strip_inclusion,15,2,32,73,1,2,1,A
2408_C-74_crop_00.jpg,bg_to_strip_inclusion,16,6,288,247,1,6,3,C
2408_C-74_crop_00.jpg,bg_to_strip_inclusion,17,2,283,251,1,2,3,C
2408_C-74_crop_00.jpg,bg_to_strip_inclusion,19,4,285,266,2,4,1,A
2408_C-74_crop_00.jpg,bg_to_strip_inclusion,20,13,283,337,1,13,1,A
2408_C-74_crop_00.jpg,bg_to_strip_inclusion,21,2,289,340,1,2,1,A
2408_C-74_crop_00.jpg,bg_to_strip_inclusion,23,6,284,352,1,6,1,A
2408_C-74_crop_00.jpg,bg_to_strip_inclusion,24,16,291,354,1,16,1,A
2408_C-74_crop_00.jpg,bg_to_strip_inclusion,25,9,285,365,1,9,1,A
2408_C-74_crop_00.jpg,bg_to_strip_inclusion,28,3,286,400,1,3,1,A
2408_C-74_crop_00.jpg,bg_to_strip_inclusion,30,3,287,409,1,3,1,A
2408_C-74_crop_00.jpg,bg_to_strip_inclusion,31,4,299,581,1,4,3,C
2408_C-74_crop_00.jpg,bg_to_strip_inclusion,32,6,303,585,1,6,3,C
2408_C-74_crop_00.jpg,bg_to_strip_inclusion,33,7,298,589,1,7,3,C
2408_C-74_crop_00.jpg,bg_to_strip_inclusion,34,9,302,599,1,9,3,C
2408_C-74_crop_00.jpg,bg_to_strip_inclusion,35,116,294,696,8,23,3,C
2408_C-74_crop_00.jpg,bg_to_strip_inclusion,36,15,22,888,5,8,3,C
2408_C-74_crop_00.jpg,bg_to_strip_inclusion,38,2,20,897,1,2,3,C
2408_C-74_crop_00.jpg,bg_to_strip_inclusion,39,16,20,899,6,10,3,C
2408_C-74_crop_00.jpg,bg_to_strip_inclusion,40,4,112,920,3,2,1,A
2408_C-74_crop_00.jpg,bg_to_strip_inclusion,41,2,111,923,1,2,1,A
2408_C-74_crop_00.jpg,bg_to_strip_inclusion,42,15,111,934,5,10,1,A
2408_C-82_crop_01.jpg,bg_to_strip_inclusion,1,162,419,334,12,34,3,C
2408_C-82_crop_01.jpg,bg_to_strip_inclusion,3,19,218,935,2,15,1,A
2408_C-82_crop_01.jpg,bg_to_strip_inclusion,4,7,226,935,3,7,1,A
2408_C-82_crop_01.jpg,bg_to_strip_inclusion,5,2,225,943,1,2,1,A
2408_C-82_crop_01.jpg,bg_to_strip_inclusion,7,12,217,952,1,12,1,A
2408_C-82_crop_01.jpg,bg_to_strip_inclusion,8,2,218,965,2,1,1,A
2408_C-84_crop_00.jpg,bg_to_strip_inclusion,1,10,286,78,5,4,1,A
2408_C-84_crop_00.jpg,bg_to_strip_inclusion,2,5,286,93,1,5,1,A
2408_C-84_crop_00.jpg,bg_to_strip_inclusion,3,16,30,101,5,7,3,C
2408_C-84_crop_00.jpg,bg_to_strip_inclusion,4,9,29,107,1,9,3,C
2408_C-84_crop_00.jpg,bg_to_strip_inclusion,5,11,286,111,1,11,1,A
2408_C-84_crop_00.jpg,bg_to_strip_inclusion,7,4,120,115,2,4,1,A
2408_C-84_crop_00.jpg,bg_to_strip_inclusion,8,8,117,117,1,8,1,A
2408_C-84_crop_00.jpg,bg_to_strip_inclusion,9,9,285,123,1,9,1,A
2408_C-84_crop_00.jpg,bg_to_strip_inclusion,10,11,115,126,2,11,1,A
2408_C-84_crop_00.jpg,bg_to_strip_inclusion,11,3,121,129,1,3,1,A
2408_C-84_crop_00.jpg,bg_to_strip_inclusion,12,3,284,133,1,3,1,A
2408_C-84_crop_00.jpg,bg_to_strip_inclusion,14,13,283,144,1,13,1,A
2408_C-84_crop_00.jpg,bg_to_strip_inclusion,15,2,290,146,1,2,1,A
2408_C-84_crop_00.jpg,bg_to_strip_inclusion,16,14,288,157,2,12,1,A
2408_C-84_crop_00.jpg,bg_to_strip_inclusion,17,20,284,170,3,12,1,A
2408_C-84_crop_00.jpg,bg_to_strip_inclusion,18,3,283,185,1,3,1,A
2408_C-84_crop_00.jpg,bg_to_strip_inclusion,19,2,282,192,1,2,1,A
2408_C-84_crop_00.jpg,bg_to_strip_inclusion,21,5,292,215,1,5,1,A
2408_C-84_crop_00.jpg,bg_to_strip_inclusion,23,13,285,269,2,9,1,A
2408_C-84_crop_00.jpg,bg_to_strip_inclusion,24,2,294,291,1,2,1,A
2408_C-84_crop_00.jpg,bg_to_strip_inclusion,26,2,293,294,1,2,1,A
2408_C-84_crop_00.jpg,bg_to_strip_inclusion,28,4,65,671,3,2,1,A
2408_C-84_crop_00.jpg,bg_to_strip_inclusion,30,2,66,689,1,2,1,A
2408_C-88_crop_02.jpg,bg_to_strip_inclusion,1,33,602,134,7,17,3,C
2408_C-88_crop_02.jpg,bg_to_strip_inclusion,2,3,602,142,1,3,3,C
2408_C-88_crop_02.jpg,bg_to_strip_inclusion,3,9,603,148,1,9,3,C
2408_C-89_crop_00.jpg,bg_to_strip_inclusion,1,3,976,20,3,2,1,A
2408_C-89_crop_00.jpg,bg_to_strip_inclusion,2,25,971,23,5,21,1,A
2408_C-89_crop_00.jpg,bg_to_strip_inclusion,4,2,983,34,1,2,1,A
2408_C-89_crop_00.jpg,bg_to_strip_inclusion,6,2,970,45,1,2,1,A
2408_C-89_crop_00.jpg,bg_to_strip_inclusion,7,4,984,45,1,4,1,A
2408_C-89_crop_00.jpg,bg_to_strip_inclusion,8,4,983,51,1,4,1,A
2408_C-89_crop_00.jpg,bg_to_strip_inclusion,9,33,970,54,3,25,1,A
2408_C-89_crop_00.jpg,bg_to_strip_inclusion,10,4,982,57,1,4,1,A
2408_C-89_crop_00.jpg,bg_to_strip_inclusion,11,5,981,73,1,5,1,A
2408_C-89_crop_00.jpg,bg_to_strip_inclusion,12,6,979,79,2,6,1,A
2408_C-89_crop_00.jpg,bg_to_strip_inclusion,13,2,973,80,1,2,1,A
2408_C-89_crop_00.jpg,bg_to_strip_inclusion,14,27,975,98,8,21,1,A
2408_C-89_crop_00.jpg,bg_to_strip_inclusion,15,8,985,118,1,8,1,A
2408_C-89_crop_00.jpg,bg_to_strip_inclusion,16,2,986,130,1,2,1,A
2408_C-89_crop_00.jpg,bg_to_strip_inclusion,17,3,987,135,1,3,1,A
2408_C-89_crop_00.jpg,bg_to_strip_inclusion,19,3,988,140,1,3,1,A
2408_C-89_crop_00.jpg,bg_to_strip_inclusion,20,5,981,144,1,5,1,A
2408_C-89_crop_00.jpg,bg_to_strip_inclusion,21,4,989,144,1,4,1,A
2408_C-89_crop_00.jpg,bg_to_strip_inclusion,22,5,990,149,1,5,1,A
2408_C-89_crop_00.jpg,bg_to_strip_inclusion,23,4,991,155,1,4,1,A
2408_C-89_crop_00.jpg,bg_to_strip_inclusion,24,2,992,160,1,2,1,A
2408_C-89_crop_00.jpg,bg_to_strip_inclusion,25,5,995,172,1,5,1,A
2408_C-89_crop_00.jpg,bg_to_strip_inclusion,26,20,401,762,6,8,1,A
2408_C-89_crop_00.jpg,bg_to_strip_inclusion,29,2,402,808,1,2,1,A
2408_C-89_crop_00.jpg,bg_to_strip_inclusion,30,15,398,813,4,11,1,A
2408_C-89_crop_00.jpg,bg_to_strip_inclusion,31,14,942,846,4,9,1,A
2408_C-89_crop_00.jpg,bg_to_strip_inclusion,32,18,915,856,2,16,3,C
2408_C-89_crop_00.jpg,bg_to_strip_inclusion,33,4,218,871,4,3,1,A
2408_C-89_crop_00.jpg,bg_to_strip_inclusion,34,9,217,874,1,9,1,A
2408_C-89_crop_00.jpg,bg_to_strip_inclusion,35,2,222,875,1,2,1,A
2408_C-89_crop_00.jpg,bg_to_strip_inclusion,36,2,223,879,1,2,1,A
2408_C-89_crop_00.jpg,bg_to_strip_inclusion,38,9,922,889,1,9,3,C
2408_C-89_crop_00.jpg,bg_to_strip_inclusion,39,26,916,891,2,19,3,C
2408_C-89_crop_00.jpg,bg_to_strip_inclusion,40,7,226,901,1,7,1,A
2408_C-89_crop_00.jpg,bg_to_strip_inclusion,41,3,227,912,1,3,1,A
2408_C-89_crop_00.jpg,bg_to_strip_inclusion,43,2,219,929,1,2,1,A
2408_C-89_crop_00.jpg,bg_to_strip_inclusion,44,11,220,935,2,10,1,A
2408_C-89_crop_00.jpg,bg_to_strip_inclusion,45,8,921,934,2,6,3,C
2408_C-89_crop_00.jpg,bg_to_strip_inclusion,46,3,226,936,1,3,1,A
2408_C-89_crop_00.jpg,bg_to_strip_inclusion,47,5,224,941,2,5,1,A
2408_C-89_crop_00.jpg,bg_to_strip_inclusion,48,3,956,942,1,3,1,A
2408_C-89_crop_00.jpg,bg_to_strip_inclusion,49,10,914,944,3,5,3,C
2408_C-89_crop_00.jpg,bg_to_strip_inclusion,50,8,955,946,1,8,1,A
2408_C-89_crop_00.jpg,bg_to_strip_inclusion,51,9,914,958,1,9,3,C
2408_C-89_crop_00.jpg,bg_to_strip_inclusion,52,4,913,972,1,4,3,C
2408_C-89_crop_00.jpg,bg_to_strip_inclusion,53,3,913,986,1,3,3,C
2408_C-90_crop_01.jpg,bg_to_strip_inclusion,1,3,968,405,1,3,3,C
2408_C-90_crop_01.jpg,bg_to_strip_inclusion,2,11,967,410,2,10,3,C
2408_C-90_crop_01.jpg,bg_to_strip_inclusion,3,2,22,499,2,2,3,C
2408_C-90_crop_01.jpg,bg_to_strip_inclusion,5,6,22,536,2,6,3,C
2408_C-90_crop_01.jpg,bg_to_strip_inclusion,6,3,27,578,1,3,3,C
2408_C-90_crop_01.jpg,bg_to_strip_inclusion,7,6,27,601,1,6,3,C
2408_C-90_crop_02.jpg,bg_to_strip_inclusion,1,3,931,189,3,2,3,C
2408_C-90_crop_02.jpg,bg_to_strip_inclusion,2,2,934,191,1,2,3,C
2408_C-90_crop_02.jpg,bg_to_strip_inclusion,3,8,930,201,1,8,3,C
2408_C-90_crop_02.jpg,bg_to_strip_inclusion,4,7,937,215,1,7,3,C
2408_C-92_crop_02.jpg,bg_to_strip_inclusion,1,144,190,145,6,31,3,C
2408_C-92_crop_02.jpg,bg_to_strip_inclusion,2,45,83,902,5,13,3,C
744_01-02_crop_00.jpg,bg_to_strip_inclusion,1,168,250,7,9,46,1,A
744_01-02_crop_00.jpg,bg_to_strip_inclusion,3,2,12,19,1,2,1,A
744_01-02_crop_00.jpg,bg_to_strip_inclusion,7,224,344,36,12,31,3,C
744_01-02_crop_00.jpg,bg_to_strip_inclusion,8,17,184,41,2,13,1,A
744_01-02_crop_00.jpg,bg_to_strip_inclusion,12,22,255,61,3,16,1,A
744_01-02_crop_00.jpg,bg_to_strip_inclusion,13,2,916,66,1,2,1,A
744_01-02_crop_00.jpg,bg_to_strip_inclusion,14,2,917,69,1,2,1,A
744_01-02_crop_00.jpg,bg_to_strip_inclusion,16,37,188,73,6,11,1,A
744_01-02_crop_00.jpg,bg_to_strip_inclusion,18,174,393,96,8,71,3,C
744_01-02_crop_00.jpg,bg_to_strip_inclusion,19,14,402,136,2,8,3,C
744_01-02_crop_00.jpg,bg_to_strip_inclusion,20,2,762,203,2,1,1,A
744_01-02_crop_00.jpg,bg_to_strip_inclusion,22,63,400,220,5,15,2,B
744_01-02_crop_00.jpg,bg_to_strip_inclusion,24,2,922,227,1,2,1,A
744_01-02_crop_00.jpg,bg_to_strip_inclusion,25,21,258,233,4,14,1,A
744_01-02_crop_00.jpg,bg_to_strip_inclusion,26,54,919,233,6,17,1,A
744_01-02_crop_00.jpg,bg_to_strip_inclusion,28,11,257,252,1,11,1,A
744_01-02_crop_00.jpg,bg_to_strip_inclusion,29,66,1001,266,7,59,1,A
744_01-02_crop_00.jpg,bg_to_strip_inclusion,30,32,196,274,5,16,1,A
744_01-02_crop_00.jpg,bg_to_strip_inclusion,32,36,262,278,4,20,1,A
744_01-02_crop_00.jpg,bg_to_strip_inclusion,33,9,1009,320,2,5,1,A
744_01-02_crop_00.jpg,bg_to_strip_inclusion,34,16,900,354,5,7,1,A
744_01-02_crop_00.jpg,bg_to_strip_inclusion,35,5,272,357,2,4,1,A
744_01-02_crop_00.jpg,bg_to_strip_inclusion,36,14,898,379,1,14,1,A
744_01-02_crop_00.jpg,bg_to_strip_inclusion,37,4,213,389,1,4,1,A
744_01-02_crop_00.jpg,bg_to_strip_inclusion,38,21,635,389,3,16,1,A
744_01-02_crop_00.jpg,bg_to_strip_inclusion,39,14,464,392,2,13,1,A
744_01-02_crop_00.jpg,bg_to_strip_inclusion,40,3,214,394,1,3,1,A
744_01-02_crop_00.jpg,bg_to_strip_inclusion,41,2,900,394,2,2,1,A
744_01-02_crop_00.jpg,bg_to_strip_inclusion,42,63,456,399,7,28,1,A
744_01-02_crop_00.jpg,bg_to_strip_inclusion,44,19,638,406,5,10,1,A
744_01-02_crop_00.jpg,bg_to_strip_inclusion,45,8,280,428,1,8,1,A
744_01-02_crop_00.jpg,bg_to_strip_inclusion,46,3,914,432,1,3,1,A
744_01-02_crop_00.jpg,bg_to_strip_inclusion,47,3,228,455,1,3,1,A
744_01-02_crop_00.jpg,bg_to_strip_inclusion,48,2,490,459,1,2,1,A
744_01-02_crop_00.jpg,bg_to_strip_inclusion,50,3,915,464,3,2,1,A
744_01-02_crop_00.jpg,bg_to_strip_inclusion,51,16,489,468,2,16,1,A
744_01-02_crop_00.jpg,bg_to_strip_inclusion,52,17,920,475,2,11,1,A
744_01-02_crop_00.jpg,bg_to_strip_inclusion,53,16,460,479,2,15,1,A
744_01-02_crop_00.jpg,bg_to_strip_inclusion,56,2,456,485,1,2,1,A
744_01-02_crop_00.jpg,bg_to_strip_inclusion,57,28,483,489,5,13,1,A
744_01-02_crop_00.jpg,bg_to_strip_inclusion,59,10,456,500,1,10,1,A
744_01-02_crop_00.jpg,bg_to_strip_inclusion,60,2,294,516,1,2,1,A
744_01-02_crop_00.jpg,bg_to_strip_inclusion,61,23,457,516,2,19,1,A
744_01-02_crop_00.jpg,bg_to_strip_inclusion,62,2,295,522,1,2,1,A
744_01-02_crop_00.jpg,bg_to_strip_inclusion,66,5,790,582,2,5,1,A
744_01-02_crop_00.jpg,bg_to_strip_inclusion,67,8,202,589,4,4,1,A
744_01-02_crop_00.jpg,bg_to_strip_inclusion,68,144,791,588,9,48,1,A
744_01-02_crop_00.jpg,bg_to_strip_inclusion,69,12,201,601,1,12,1,A
744_01-02_crop_00.jpg,bg_to_strip_inclusion,70,2,207,606,1,2,1,A
744_01-02_crop_00.jpg,bg_to_strip_inclusion,71,16,251,626,4,9,1,A
744_01-02_crop_00.jpg,bg_to_strip_inclusion,72,6,681,628,5,5,1,A
744_01-02_crop_00.jpg,bg_to_strip_inclusion,74,23,679,630,5,21,1,A
744_01-02_crop_00.jpg,bg_to_strip_inclusion,75,3,205,633,3,2,1,A
744_01-02_crop_00.jpg,bg_to_strip_inclusion,76,2,791,635,1,2,1,A
744_01-02_crop_00.jpg,bg_to_strip_inclusion,77,2,792,639,1,2,1,A
744_01-02_crop_00.jpg,bg_to_strip_inclusion,78,8,809,644,5,5,1,A
744_01-02_crop_00.jpg,bg_to_strip_inclusion,79,2,252,651,1,2,1,A
744_01-02_crop_00.jpg,bg_to_strip_inclusion,80,55,258,664,5,33,1,A
744_01-02_crop_00.jpg,bg_to_strip_inclusion,82,3,213,678,1,3,1,A
744_01-02_crop_00.jpg,bg_to_strip_inclusion,83,2,214,682,1,2,1,A
744_01-02_crop_00.jpg,bg_to_strip_inclusion,84,3,209,685,1,3,1,A
744_01-02_crop_00.jpg,bg_to_strip_inclusion,85,2,662,701,1,2,1,A
744_01-02_crop_00.jpg,bg_to_strip_inclusion,86,4,210,702,1,4,1,A
744_01-02_crop_00.jpg,bg_to_strip_inclusion,87,32,842,703,3,19,1,A
744_01-02_crop_00.jpg,bg_to_strip_inclusion,88,13,54,707,1,13,1,A
744_01-02_crop_00.jpg,bg_to_strip_inclusion,89,8,211,712,4,4,1,A
744_01-02_crop_00.jpg,bg_to_strip_inclusion,91,2,845,724,1,2,1,A
744_01-02_crop_00.jpg,bg_to_strip_inclusion,95,3,52,743,1,3,1,A
744_01-02_crop_00.jpg,bg_to_strip_inclusion,96,29,960,742,3,18,1,A
744_01-02_crop_00.jpg,bg_to_strip_inclusion,98,5,53,748,1,5,1,A
744_01-02_crop_00.jpg,bg_to_strip_inclusion,99,5,54,757,1,5,1,A
744_01-02_crop_00.jpg,bg_to_strip_inclusion,100,6,967,759,1,6,1,A
744_01-02_crop_00.jpg,bg_to_strip_inclusion,101,5,963,761,3,5,1,A
744_01-02_crop_00.jpg,bg_to_strip_inclusion,102,6,55,769,1,6,1,A
744_01-02_crop_00.jpg,bg_to_strip_inclusion,103,7,61,772,1,7,1,A
744_01-02_crop_00.jpg,bg_to_strip_inclusion,106,4,228,822,3,2,1,A
744_01-02_crop_00.jpg,bg_to_strip_inclusion,107,7,253,842,1,7,1,A
744_01-02_crop_00.jpg,bg_to_strip_inclusion,108,4,259,843,1,4,1,A
744_01-02_crop_00.jpg,bg_to_strip_inclusion,109,19,70,854,2,13,1,A
744_01-02_crop_00.jpg,bg_to_strip_inclusion,110,2,254,854,1,2,1,A
744_01-02_crop_00.jpg,bg_to_strip_inclusion,111,4,255,859,1,4,1,A
744_01-02_crop_00.jpg,bg_to_strip_inclusion,112,32,868,859,9,10,1,A
744_01-02_crop_00.jpg,bg_to_strip_inclusion,113,4,256,865,1,4,1,A
744_01-02_crop_00.jpg,bg_to_strip_inclusion,114,3,257,870,1,3,1,A
744_01-02_crop_00.jpg,bg_to_strip_inclusion,115,2,877,870,1,2,1,A
744_01-02_crop_00.jpg,bg_to_strip_inclusion,116,2,878,873,1,2,1,A
744_01-02_crop_00.jpg,bg_to_strip_inclusion,117,2,258,875,1,2,1,A
744_01-02_crop_00.jpg,bg_to_strip_inclusion,119,2,264,877,1,2,1,A
744_01-02_crop_00.jpg,bg_to_strip_inclusion,120,2,873,877,1,2,1,A
744_01-02_crop_00.jpg,bg_to_strip_inclusion,121,2,879,876,1,2,1,A
744_01-02_crop_00.jpg,bg_to_strip_inclusion,122,14,262,880,5,8,1,A
744_01-02_crop_00.jpg,bg_to_strip_inclusion,124,2,875,886,1,2,1,A
744_01-02_crop_00.jpg,bg_to_strip_inclusion,125,2,876,891,1,2,1,A
744_01-02_crop_00.jpg,bg_to_strip_inclusion,126,4,882,894,1,4,1,A
744_01-02_crop_00.jpg,bg_to_strip_inclusion,127,25,883,899,5,25,1,A
744_01-02_crop_00.jpg,bg_to_strip_inclusion,129,3,888,925,1,3,1,A
744_01-02_crop_00.jpg,bg_to_strip_inclusion,130,7,690,927,1,7,1,A
744_01-02_crop_00.jpg,bg_to_strip_inclusion,131,2,889,931,1,2,1,A
744_01-02_crop_00.jpg,bg_to_strip_inclusion,132,35,498,933,6,15,1,A
744_01-02_crop_00.jpg,bg_to_strip_inclusion,133,11,890,939,1,11,1,A
744_01-02_crop_00.jpg,bg_to_strip_inclusion,135,64,495,951,3,37,1,A
744_01-02_crop_00.jpg,bg_to_strip_inclusion,136,22,502,953,3,19,1,A
744_01-02_crop_00.jpg,bg_to_strip_inclusion,137,40,853,970,5,33,1,A
744_01-02_crop_00.jpg,bg_to_strip_inclusion,138,5,738,980,3,5,1,A
744_01-02_crop_00.jpg,bg_to_strip_inclusion,139,8,890,985,4,4,1,A
744_01-02_crop_00.jpg,bg_to_strip_inclusion,140,35,497,989,6,10,1,A
744_01-02_crop_00.jpg,bg_to_strip_inclusion,142,40,694,990,7,18,1,A
744_01-02_crop_00.jpg,bg_to_strip_inclusion,143,4,858,996,1,4,1,A
744_01-02_crop_00.jpg,bg_to_strip_inclusion,144,9,856,1005,2,9,1,A
744_01-02_crop_00.jpg,bg_to_strip_inclusion,145,3,852,1012,1,3,1,A
744_01-02_crop_00.jpg,bg_to_strip_inclusion,147,2,891,1015,1,2,1,A
744_01-04_crop_01.jpg,bg_to_strip_inclusion,3,10,643,196,1,10,2,B
744_01-04_crop_01.jpg,bg_to_strip_inclusion,4,2,993,197,1,2,1,A
744_01-04_crop_01.jpg,bg_to_strip_inclusion,7,5,701,205,1,5,1,A
744_01-04_crop_01.jpg,bg_to_strip_inclusion,8,23,650,211,2,16,2,B
744_01-04_crop_01.jpg,bg_to_strip_inclusion,9,4,700,212,1,4,1,A
744_01-04_crop_01.jpg,bg_to_strip_inclusion,10,41,643,260,5,11,3,C
744_01-04_crop_01.jpg,bg_to_strip_inclusion,11,4,706,276,3,4,1,A
744_01-04_crop_01.jpg,bg_to_strip_inclusion,13,7,1007,304,2,7,1,A
744_01-04_crop_01.jpg,bg_to_strip_inclusion,14,2,1005,354,1,2,1,A
744_01-04_crop_01.jpg,bg_to_strip_inclusion,16,3,1006,361,2,2,1,A
744_01-04_crop_01.jpg,bg_to_strip_inclusion,19,2,1015,401,1,2,1,A
744_01-04_crop_01.jpg,bg_to_strip_inclusion,20,78,1010,414,7,29,1,A
744_01-04_crop_01.jpg,bg_to_strip_inclusion,21,8,732,424,4,8,1,A
744_01-04_crop_01.jpg,bg_to_strip_inclusion,22,6,737,425,1,6,1,A
744_01-04_crop_01.jpg,bg_to_strip_inclusion,24,3,736,432,1,3,1,A
744_01-04_crop_01.jpg,bg_to_strip_inclusion,25,7,1008,445,2,6,1,A
744_01-04_crop_01.jpg,bg_to_strip_inclusion,26,8,727,450,1,8,1,A
744_01-04_crop_01.jpg,bg_to_strip_inclusion,27,19,1018,461,1,19,1,A
744_01-04_crop_01.jpg,bg_to_strip_inclusion,28,2,646,471,1,2,1,A
744_01-04_crop_01.jpg,bg_to_strip_inclusion,29,2,645,474,1,2,1,A
744_01-04_crop_01.jpg,bg_to_strip_inclusion,31,61,1013,509,7,19,1,A
744_01-04_crop_01.jpg,bg_to_strip_inclusion,32,3,658,515,2,3,1,A
744_01-04_crop_01.jpg,bg_to_strip_inclusion,34,108,653,521,12,70,1,A
744_01-04_crop_01.jpg,bg_to_strip_inclusion,35,32,729,551,4,18,1,A
744_01-04_crop_01.jpg,bg_to_strip_inclusion,36,34,465,568,6,9,2,B
744_01-04_crop_01.jpg,bg_to_strip_inclusion,37,4,665,592,1,4,1,A
744_01-04_crop_01.jpg,bg_to_strip_inclusion,38,32,666,608,2,27,1,A
744_01-04_crop_01.jpg,bg_to_strip_inclusion,39,9,473,614,1,9,1,A
744_01-04_crop_01.jpg,bg_to_strip_inclusion,40,26,738,620,2,16,1,A
744_01-04_crop_01.jpg,bg_to_strip_inclusion,41,4,666,636,1,4,1,A
744_01-04_crop_01.jpg,bg_to_strip_inclusion,43,2,664,647,1,2,1,A
744_01-04_crop_01.jpg,bg_to_strip_inclusion,44,3,663,651,1,3,1,A
744_01-04_crop_01.jpg,bg_to_strip_inclusion,45,13,662,655,3,8,1,A
744_01-04_crop_01.jpg,bg_to_strip_inclusion,46,5,666,696,1,5,1,A
744_01-04_crop_02.jpg,bg_to_strip_inclusion,1,6,312,6,2,6,1,A
744_01-04_crop_02.jpg,bg_to_strip_inclusion,2,3,313,14,1,3,1,A
744_01-04_crop_02.jpg,bg_to_strip_inclusion,3,18,314,20,2,18,1,A
744_01-04_crop_02.jpg,bg_to_strip_inclusion,4,12,320,29,1,12,1,A
744_01-04_crop_02.jpg,bg_to_strip_inclusion,6,2,999,38,1,2,1,A
744_01-04_crop_02.jpg,bg_to_strip_inclusion,7,6,938,41,1,6,3,C
744_01-04_crop_02.jpg,bg_to_strip_inclusion,8,21,321,42,2,21,1,A
744_01-04_crop_02.jpg,bg_to_strip_inclusion,9,2,1000,44,1,2,1,A
744_01-04_crop_02.jpg,bg_to_strip_inclusion,10,15,316,46,1,15,1,A
744_01-04_crop_02.jpg,bg_to_strip_inclusion,11,2,1001,49,1,2,1,A
744_01-04_crop_02.jpg,bg_to_strip_inclusion,12,7,937,52,1,7,3,C
744_01-04_crop_02.jpg,bg_to_strip_inclusion,13,2,1002,55,1,2,1,A
744_01-04_crop_02.jpg,bg_to_strip_inclusion,14,11,939,57,4,6,3,C
744_01-04_crop_02.jpg,bg_to_strip_inclusion,15,18,1003,61,1,18,1,A
744_01-04_crop_02.jpg,bg_to_strip_inclusion,16,12,1008,62,1,12,1,A
744_01-04_crop_02.jpg,bg_to_strip_inclusion,17,7,317,65,2,5,1,A
744_01-04_crop_02.jpg,bg_to_strip_inclusion,18,2,323,70,1,2,1,A
744_01-04_crop_02.jpg,bg_to_strip_inclusion,19,37,318,73,9,20,1,A
744_01-04_crop_02.jpg,bg_to_strip_inclusion,20,8,324,78,2,8,1,A
744_01-04_crop_02.jpg,bg_to_strip_inclusion,22,4,1008,82,2,4,1,A
744_01-04_crop_02.jpg,bg_to_strip_inclusion,23,2,1005,84,2,2,1,A
744_01-04_crop_02.jpg,bg_to_strip_inclusion,24,3,1010,158,3,2,3,C
744_01-04_crop_02.jpg,bg_to_strip_inclusion,25,12,337,255,4,9,3,C
744_01-04_crop_02.jpg,bg_to_strip_inclusion,27,4,874,258,1,4,1,A
744_01-04_crop_02.jpg,bg_to_strip_inclusion,28,2,869,283,2,1,1,A
744_01-04_crop_02.jpg,bg_to_strip_inclusion,31,66,260,456,7,39,1,A
744_01-04_crop_02.jpg,bg_to_strip_inclusion,32,10,187,468,1,10,1,A
744_01-04_crop_02.jpg,bg_to_strip_inclusion,33,7,192,468,1,7,1,A
744_01-04_crop_02.jpg,bg_to_strip_inclusion,34,163,107,477,10,25,1,A
744_01-04_crop_02.jpg,bg_to_strip_inclusion,35,7,186,482,1,7,1,A
744_01-04_crop_02.jpg,bg_to_strip_inclusion,36,22,188,483,4,10,1,A
744_01-04_crop_02.jpg,bg_to_strip_inclusion,37,40,273,524,6,25,1,A
744_01-04_crop_02.jpg,bg_to_strip_inclusion,38,3,279,550,1,3,1,A
744_01-04_crop_02.jpg,bg_to_strip_inclusion,39,22,280,554,5,18,1,A
744_01-04_crop_02.jpg,bg_to_strip_inclusion,40,54,187,623,5,13,1,A
744_01-04_crop_02.jpg,bg_to_strip_inclusion,41,61,273,682,5,15,2,B
744_01-04_crop_02.jpg,bg_to_strip_inclusion,42,146,272,705,8,48,1,A
744_01-04_crop_02.jpg,bg_to_strip_inclusion,43,5,280,716,1,5,1,A
744_01-04_crop_02.jpg,bg_to_strip_inclusion,44,17,995,885,3,12,3,C
744_01-04_crop_02.jpg,bg_to_strip_inclusion,45,5,990,897,1,5,3,C
744_01-04_crop_02.jpg,bg_to_strip_inclusion,46,44,189,981,7,28,1,A
744_01-04_crop_02.jpg,bg_to_strip_inclusion,47,9,197,983,1,9,1,A
744_01-04_crop_02.jpg,bg_to_strip_inclusion,48,23,187,1010,4,14,1,A
744_01-04_crop_02.jpg,bg_to_strip_inclusion,49,10,196,1016,2,8,1,A
744_02-01_crop_02.jpg,bg_to_strip_inclusion,1,18,392,23,3,10,1,A
744_02-01_crop_02.jpg,bg_to_strip_inclusion,3,3,397,29,1,3,1,A
744_02-01_crop_02.jpg,bg_to_strip_inclusion,4,3,398,34,1,3,1,A
744_02-01_crop_02.jpg,bg_to_strip_inclusion,5,22,686,41,3,17,1,A
744_02-01_crop_02.jpg,bg_to_strip_inclusion,6,3,690,41,2,3,1,A
744_02-01_crop_02.jpg,bg_to_strip_inclusion,7,18,855,155,6,8,1,A
744_02-01_crop_02.jpg,bg_to_strip_inclusion,9,82,881,215,7,15,1,A
744_02-01_crop_02.jpg,bg_to_strip_inclusion,10,13,509,263,5,8,1,A
744_02-01_crop_02.jpg,bg_to_strip_inclusion,12,3,514,278,1,3,1,A
744_02-01_crop_02.jpg,bg_to_strip_inclusion,13,5,510,283,1,5,1,A
744_02-01_crop_02.jpg,bg_to_strip_inclusion,14,28,511,285,6,14,1,A
744_02-01_crop_02.jpg,bg_to_strip_inclusion,15,2,866,331,1,2,1,A
744_02-01_crop_02.jpg,bg_to_strip_inclusion,16,10,868,335,4,4,1,A
744_02-01_crop_02.jpg,bg_to_strip_inclusion,17,76,526,359,6,32,1,A
744_02-01_crop_02.jpg,bg_to_strip_inclusion,18,94,526,426,7,67,1,A
744_02-01_crop_02.jpg,bg_to_strip_inclusion,19,71,33,429,5,36,1,A
744_02-01_crop_02.jpg,bg_to_strip_inclusion,20,59,41,430,4,44,1,A
744_02-01_crop_02.jpg,bg_to_strip_inclusion,21,56,417,452,6,31,1,A
744_02-01_crop_02.jpg,bg_to_strip_inclusion,22,85,33,466,4,61,1,A
744_02-01_crop_02.jpg,bg_to_strip_inclusion,23,53,418,486,4,34,1,A
744_02-01_crop_02.jpg,bg_to_strip_inclusion,24,2,41,490,1,2,1,A
744_02-01_crop_02.jpg,bg_to_strip_inclusion,25,16,40,495,1,16,1,A
744_02-01_crop_02.jpg,bg_to_strip_inclusion,26,16,423,501,1,16,1,A
744_02-01_crop_02.jpg,bg_to_strip_inclusion,27,12,41,514,1,12,1,A
744_02-01_crop_02.jpg,bg_to_strip_inclusion,28,42,31,527,10,16,1,A
744_02-01_crop_02.jpg,bg_to_strip_inclusion,29,3,33,528,1,3,1,A
744_02-01_crop_02.jpg,bg_to_strip_inclusion,30,19,877,548,3,16,1,A
744_02-01_crop_02.jpg,bg_to_strip_inclusion,31,3,883,552,1,3,1,A
744_02-01_crop_02.jpg,bg_to_strip_inclusion,32,8,882,561,1,8,1,A
744_02-01_crop_02.jpg,bg_to_strip_inclusion,33,4,876,570,1,4,1,A
744_02-01_crop_02.jpg,bg_to_strip_inclusion,34,17,876,574,6,9,1,A
744_02-01_crop_02.jpg,bg_to_strip_inclusion,35,23,453,954,6,17,1,A
744_02-01_crop_02.jpg,bg_to_strip_inclusion,36,52,452,982,5,29,1,A
744_02-03_crop_00.jpg,bg_to_strip_inclusion,1,5,71,0,4,2,1,A
744_02-03_crop_00.jpg,bg_to_strip_inclusion,2,12,77,0,3,11,1,A
744_02-03_crop_00.jpg,bg_to_strip_inclusion,3,2,80,13,1,2,1,A
744_02-03_crop_00.jpg,bg_to_strip_inclusion,4,5,713,16,1,5,3,C
744_02-03_crop_00.jpg,bg_to_strip_inclusion,6,4,714,23,1,4,3,C
744_02-03_crop_00.jpg,bg_to_strip_inclusion,7,2,715,29,1,2,3,C
744_02-03_crop_00.jpg,bg_to_strip_inclusion,8,2,28,37,2,2,1,A
744_02-03_crop_00.jpg,bg_to_strip_inclusion,9,9,99,38,5,4,1,A
744_02-03_crop_00.jpg,bg_to_strip_inclusion,10,6,104,44,1,6,1,A
744_02-03_crop_00.jpg,bg_to_strip_inclusion,11,12,708,96,5,7,1,A
744_02-03_crop_00.jpg,bg_to_strip_inclusion,12,5,108,163,2,5,1,A
744_02-03_crop_00.jpg,bg_to_strip_inclusion,13,2,721,223,1,2,1,A
744_02-03_crop_00.jpg,bg_to_strip_inclusion,14,2,720,226,1,2,1,A
744_02-03_crop_00.jpg,bg_to_strip_inclusion,15,2,717,229,2,1,1,A
744_02-03_crop_00.jpg,bg_to_strip_inclusion,16,3,42,311,1,3,1,A
744_02-03_crop_00.jpg,bg_to_strip_inclusion,17,20,40,329,2,13,1,A
744_02-03_crop_00.jpg,bg_to_strip_inclusion,18,14,116,343,3,12,1,A
744_02-03_crop_00.jpg,bg_to_strip_inclusion,19,22,47,347,1,22,1,A
744_02-03_crop_00.jpg,bg_to_strip_inclusion,20,23,42,372,5,10,1,A
744_02-03_crop_00.jpg,bg_to_strip_inclusion,21,7,697,422,1,7,1,A
744_02-03_crop_00.jpg,bg_to_strip_inclusion,22,3,699,442,3,1,1,A
744_02-03_crop_00.jpg,bg_to_strip_inclusion,23,2,68,649,1,2,1,A
744_02-03_crop_00.jpg,bg_to_strip_inclusion,24,4,74,650,2,4,1,A
744_02-03_crop_00.jpg,bg_to_strip_inclusion,25,27,69,652,7,20,1,A
744_02-03_crop_00.jpg,bg_to_strip_inclusion,26,5,708,656,3,3,1,A
744_02-03_crop_00.jpg,bg_to_strip_inclusion,27,20,707,664,4,15,1,A
744_02-03_crop_00.jpg,bg_to_strip_inclusion,28,2,76,673,1,2,1,A
744_02-03_crop_00.jpg,bg_to_strip_inclusion,29,2,77,676,1,2,1,A
744_02-03_crop_00.jpg,bg_to_strip_inclusion,30,27,82,676,4,13,1,A
744_02-03_crop_00.jpg,bg_to_strip_inclusion,31,67,316,708,4,35,1,A
744_02-03_crop_00.jpg,bg_to_strip_inclusion,32,13,78,731,6,5,1,A
744_02-03_crop_00.jpg,bg_to_strip_inclusion,33,48,187,748,7,13,1,A
744_02-03_crop_00.jpg,bg_to_strip_inclusion,34,4,188,759,1,4,1,A
744_02-03_crop_00.jpg,bg_to_strip_inclusion,35,2,189,767,1,2,1,A
744_02-03_crop_00.jpg,bg_to_strip_inclusion,36,2,760,972,1,2,1,A
744_02-03_crop_00.jpg,bg_to_strip_inclusion,38,6,765,1000,1,6,1,A
744_02-03_crop_00.jpg,bg_to_strip_inclusion,39,7,760,1002,4,6,1,A
744_03-01_crop_02.jpg,bg_to_strip_inclusion,1,46,6,1,6,35,1,A
744_03-01_crop_02.jpg,bg_to_strip_inclusion,2,22,577,20,3,18,1,A
744_03-01_crop_02.jpg,bg_to_strip_inclusion,3,3,8,37,2,3,1,A
744_03-01_crop_02.jpg,bg_to_strip_inclusion,4,7,6,49,2,4,1,A
744_03-01_crop_02.jpg,bg_to_strip_inclusion,5,8,581,64,1,8,1,A
744_03-01_crop_02.jpg,bg_to_strip_inclusion,6,180,582,73,14,40,1,A
744_03-01_crop_02.jpg,bg_to_strip_inclusion,9,2,137,287,2,1,3,C
744_03-01_crop_02.jpg,bg_to_strip_inclusion,10,27,173,377,8,11,1,A
744_03-01_crop_02.jpg,bg_to_strip_inclusion,12,15,170,396,1,15,1,A
744_03-01_crop_02.jpg,bg_to_strip_inclusion,14,22,926,542,1,22,1,A
744_03-01_crop_02.jpg,bg_to_strip_inclusion,15,2,371,573,2,1,1,A
744_03-01_crop_02.jpg,bg_to_strip_inclusion,16,10,927,573,2,10,1,A
744_03-01_crop_02.jpg,bg_to_strip_inclusion,18,3,929,584,1,3,1,A
744_03-01_crop_02.jpg,bg_to_strip_inclusion,19,2,369,588,2,2,1,A
744_03-01_crop_02.jpg,bg_to_strip_inclusion,23,4,937,603,1,4,1,A
744_03-01_crop_02.jpg,bg_to_strip_inclusion,24,4,933,604,3,4,1,A
744_03-01_crop_02.jpg,bg_to_strip_inclusion,25,11,641,669,6,4,1,A
744_03-01_crop_02.jpg,bg_to_strip_inclusion,26,2,647,674,1,2,1,A
744_03-01_crop_02.jpg,bg_to_strip_inclusion,27,45,641,689,3,35,1,A
744_03-01_crop_02.jpg,bg_to_strip_inclusion,28,21,649,693,1,21,1,A
744_03-01_crop_02.jpg,bg_to_strip_inclusion,29,5,641,730,1,5,1,A
744_03-01_crop_02.jpg,bg_to_strip_inclusion,30,3,642,742,1,3,1,A
744_03-01_crop_02.jpg,bg_to_strip_inclusion,31,39,653,768,6,26,1,A
744_03-01_crop_02.jpg,bg_to_strip_inclusion,33,3,653,798,1,3,1,A
744_03-01_crop_02.jpg,bg_to_strip_inclusion,34,8,663,815,1,8,1,A
744_03-01_crop_02.jpg,bg_to_strip_inclusion,35,13,386,872,7,5,1,A
744_03-01_crop_02.jpg,bg_to_strip_inclusion,36,14,385,879,1,14,1,A
744_03-01_crop_02.jpg,bg_to_strip_inclusion,37,16,393,896,2,16,1,A
744_03-01_crop_02.jpg,bg_to_strip_inclusion,38,21,383,909,3,19,1,A
744_03-01_crop_02.jpg,bg_to_strip_inclusion,39,4,382,929,1,4,1,A
744_03-01_crop_02.jpg,bg_to_strip_inclusion,40,3,381,934,1,3,1,A
744_03-01_crop_02.jpg,bg_to_strip_inclusion,41,2,380,939,1,2,1,A
744_03-01_crop_02.jpg,bg_to_strip_inclusion,42,2,379,942,1,2,1,A
744_03-01_crop_02.jpg,bg_to_strip_inclusion,43,92,371,945,8,35,1,A
744_03-01_crop_02.jpg,bg_to_strip_inclusion,45,59,124,969,6,12,3,C
744_03-01_crop_02.jpg,bg_to_strip_inclusion,46,11,369,982,2,11,1,A
744_03-01_crop_02.jpg,bg_to_D,1,2,783,807,2,1,4,D
744_03-02_crop_01.jpg,bg_to_strip_inclusion,2,24,910,19,7,5,1,A
744_03-02_crop_01.jpg,bg_to_strip_inclusion,3,3,480,34,1,3,1,A
744_03-02_crop_01.jpg,bg_to_strip_inclusion,5,13,479,38,4,8,1,A
744_03-02_crop_01.jpg,bg_to_strip_inclusion,6,5,743,75,3,4,3,C
744_03-02_crop_01.jpg,bg_to_strip_inclusion,7,5,546,87,3,3,1,A
744_03-02_crop_01.jpg,bg_to_strip_inclusion,8,3,485,198,1,3,1,A
744_03-02_crop_01.jpg,bg_to_strip_inclusion,9,2,480,202,1,2,1,A
744_03-02_crop_01.jpg,bg_to_strip_inclusion,11,3,283,256,1,3,3,C
744_03-02_crop_01.jpg,bg_to_strip_inclusion,12,4,282,261,1,4,3,C
744_03-02_crop_01.jpg,bg_to_strip_inclusion,13,26,472,549,5,13,1,A
744_03-02_crop_01.jpg,bg_to_strip_inclusion,14,17,477,559,2,15,1,A
744_03-02_crop_01.jpg,bg_to_strip_inclusion,15,10,47,652,3,9,1,A
744_03-02_crop_01.jpg,bg_to_strip_inclusion,16,25,503,740,2,19,1,A
744_03-02_crop_01.jpg,bg_to_strip_inclusion,21,2,510,779,1,2,1,A
744_03-02_crop_01.jpg,bg_to_strip_inclusion,23,2,512,786,1,2,1,A
744_03-02_crop_01.jpg,bg_to_strip_inclusion,24,8,513,789,3,8,1,A
744_03-02_crop_01.jpg,bg_to_strip_inclusion,27,26,401,889,3,13,1,A
744_03-02_crop_01.jpg,bg_to_strip_inclusion,28,4,397,890,2,4,1,A
744_03-02_crop_01.jpg,bg_to_strip_inclusion,29,5,854,920,4,3,1,A
744_03-02_crop_01.jpg,bg_to_strip_inclusion,30,3,853,936,1,3,1,A
744_03-02_crop_01.jpg,bg_to_strip_inclusion,31,2,859,940,1,2,1,A
744_03-02_crop_01.jpg,bg_to_strip_inclusion,36,2,856,951,1,2,1,A
744_03-02_crop_01.jpg,bg_to_strip_inclusion,37,4,1011,953,1,4,1,A
744_03-02_crop_01.jpg,bg_to_strip_inclusion,38,3,857,954,1,3,1,A
744_03-02_crop_01.jpg,bg_to_strip_inclusion,40,3,862,959,1,3,1,A
744_03-02_crop_01.jpg,bg_to_strip_inclusion,42,2,859,960,2,2,1,A
744_03-02_crop_01.jpg,bg_to_strip_inclusion,43,2,1004,963,1,2,1,A
744_03-02_crop_01.jpg,bg_to_strip_inclusion,44,43,1001,970,3,27,1,A
744_03-02_crop_01.jpg,bg_to_strip_inclusion,45,7,1007,971,2,7,1,A
744_03-02_crop_01.jpg,bg_to_strip_inclusion,46,2,1003,998,1,2,1,A
744_03-03_crop_02.jpg,bg_to_strip_inclusion,1,17,511,46,4,12,1,A
744_03-03_crop_02.jpg,bg_to_strip_inclusion,3,3,510,63,1,3,1,A
744_03-03_crop_02.jpg,bg_to_strip_inclusion,4,7,515,63,1,7,1,A
744_03-03_crop_02.jpg,bg_to_strip_inclusion,6,2,510,100,1,2,1,A
744_03-03_crop_02.jpg,bg_to_strip_inclusion,8,14,171,221,2,10,3,C
744_03-03_crop_02.jpg,bg_to_strip_inclusion,9,13,137,226,6,5,3,C
744_03-03_crop_02.jpg,bg_to_strip_inclusion,10,9,142,233,1,9,3,C
744_03-03_crop_02.jpg,bg_to_strip_inclusion,11,3,93,365,1,3,1,A
744_03-03_crop_02.jpg,bg_to_strip_inclusion,12,83,987,373,8,29,3,C
744_03-03_crop_02.jpg,bg_to_strip_inclusion,13,13,88,377,2,12,1,A
744_03-03_crop_02.jpg,bg_to_strip_inclusion,14,2,462,380,2,2,1,A
744_03-03_crop_02.jpg,bg_to_strip_inclusion,16,3,465,386,1,3,1,A
744_03-03_crop_02.jpg,bg_to_strip_inclusion,17,2,466,391,1,2,1,A
744_03-03_crop_02.jpg,bg_to_strip_inclusion,18,39,465,396,4,28,1,A
744_03-03_crop_02.jpg,bg_to_strip_inclusion,19,10,933,439,4,8,3,C
744_03-03_crop_02.jpg,bg_to_strip_inclusion,20,4,938,442,1,4,3,C
744_03-03_crop_02.jpg,bg_to_strip_inclusion,21,8,934,451,1,8,3,C
744_03-03_crop_02.jpg,bg_to_strip_inclusion,22,6,939,451,1,6,3,C
744_03-03_crop_02.jpg,bg_to_strip_inclusion,23,6,935,460,1,6,3,C
744_03-03_crop_02.jpg,bg_to_strip_inclusion,24,2,940,466,1,2,1,A
744_03-03_crop_02.jpg,bg_to_strip_inclusion,25,4,936,468,1,4,1,A
744_03-03_crop_02.jpg,bg_to_strip_inclusion,26,5,937,473,4,2,1,A
744_03-03_crop_02.jpg,bg_to_strip_inclusion,27,9,928,504,2,9,1,A
744_03-03_crop_02.jpg,bg_to_strip_inclusion,28,20,534,518,4,9,3,C
744_03-03_crop_02.jpg,bg_to_strip_inclusion,29,4,532,537,1,4,3,C
744_03-03_crop_02.jpg,bg_to_strip_inclusion,31,2,1006,616,2,2,3,C
744_03-03_crop_02.jpg,bg_to_strip_inclusion,32,12,1003,619,1,12,3,C
744_03-03_crop_02.jpg,bg_to_strip_inclusion,33,2,1007,628,1,2,3,C
744_03-03_crop_02.jpg,bg_to_strip_inclusion,35,49,774,752,6,18,1,A
744_03-03_crop_02.jpg,bg_to_strip_inclusion,38,2,784,785,1,2,1,A
744_03-03_crop_02.jpg,bg_to_strip_inclusion,39,3,780,793,1,3,1,A
744_03-03_crop_02.jpg,bg_to_strip_inclusion,40,18,785,794,2,16,1,A
744_03-03_crop_02.jpg,bg_to_strip_inclusion,41,4,781,800,1,4,1,A
744_03-03_crop_02.jpg,bg_to_strip_inclusion,43,6,787,869,1,6,1,A
744_03-03_crop_02.jpg,bg_to_strip_inclusion,44,3,792,880,1,3,1,A
744_03-03_crop_02.jpg,bg_to_strip_inclusion,45,4,793,895,1,4,1,A
744_03-03_crop_02.jpg,bg_to_strip_inclusion,46,2,788,901,1,2,1,A
744_03-03_crop_02.jpg,bg_to_strip_inclusion,49,42,792,914,10,14,1,A
744_03-03_crop_02.jpg,bg_to_strip_inclusion,52,33,171,995,5,13,2,B
744_03-03_crop_02.jpg,bg_to_strip_inclusion,53,7,965,1010,3,6,3,C
744_03-03_crop_02.jpg,bg_to_strip_inclusion,54,4,961,1016,1,4,3,C
744_03-03_crop_02.jpg,bg_to_strip_inclusion,55,2,967,1020,1,2,3,C
744_04-01_crop_00.jpg,bg_to_strip_inclusion,1,19,715,1,7,9,1,A
744_04-01_crop_00.jpg,bg_to_strip_inclusion,6,8,733,100,4,5,1,A
744_04-01_crop_00.jpg,bg_to_strip_inclusion,7,3,737,107,1,3,1,A
744_04-01_crop_00.jpg,bg_to_strip_inclusion,8,5,286,113,1,5,1,A
744_04-01_crop_00.jpg,bg_to_strip_inclusion,9,7,278,121,2,7,1,A
744_04-01_crop_00.jpg,bg_to_strip_inclusion,10,34,737,142,2,24,1,A
744_04-01_crop_00.jpg,bg_to_strip_inclusion,11,30,737,217,4,23,1,A
744_04-01_crop_00.jpg,bg_to_strip_inclusion,12,9,920,244,5,5,1,A
744_04-01_crop_00.jpg,bg_to_strip_inclusion,13,2,925,248,1,2,1,A
744_04-01_crop_00.jpg,bg_to_strip_inclusion,14,2,921,260,1,2,1,A
744_04-01_crop_00.jpg,bg_to_strip_inclusion,15,3,922,266,1,3,1,A
744_04-01_crop_00.jpg,bg_to_strip_inclusion,19,2,930,280,1,2,1,A
744_04-01_crop_00.jpg,bg_to_strip_inclusion,20,2,925,284,1,2,1,A
744_04-01_crop_00.jpg,bg_to_strip_inclusion,21,14,926,290,2,14,1,A
744_04-01_crop_00.jpg,bg_to_strip_inclusion,22,2,927,319,1,2,1,A
744_04-01_crop_00.jpg,bg_to_strip_inclusion,23,3,932,320,1,3,1,A
744_04-01_crop_00.jpg,bg_to_strip_inclusion,26,13,926,329,1,13,1,A
744_04-01_crop_00.jpg,bg_to_strip_inclusion,27,3,927,347,1,3,1,A
744_04-01_crop_00.jpg,bg_to_strip_inclusion,28,22,928,353,2,21,1,A
744_04-01_crop_00.jpg,bg_to_strip_inclusion,29,53,34,386,6,21,1,A
744_04-01_crop_00.jpg,bg_to_strip_inclusion,30,23,930,391,1,23,1,A
744_04-01_crop_00.jpg,bg_to_strip_inclusion,31,24,40,402,1,24,1,A
744_04-01_crop_00.jpg,bg_to_strip_inclusion,32,9,34,416,1,9,1,A
744_04-01_crop_00.jpg,bg_to_strip_inclusion,33,5,936,416,1,5,1,A
744_04-01_crop_00.jpg,bg_to_strip_inclusion,34,2,931,422,1,2,1,A
744_04-01_crop_00.jpg,bg_to_strip_inclusion,38,2,932,429,1,2,1,A
744_04-01_crop_00.jpg,bg_to_strip_inclusion,45,7,981,467,2,5,1,A
744_04-01_crop_00.jpg,bg_to_strip_inclusion,47,2,980,481,1,2,1,A
744_04-01_crop_00.jpg,bg_to_strip_inclusion,48,95,40,500,7,35,1,A
744_04-01_crop_00.jpg,bg_to_strip_inclusion,49,50,976,508,5,23,1,A
744_04-01_crop_00.jpg,bg_to_strip_inclusion,51,3,474,561,2,2,1,A
744_04-01_crop_00.jpg,bg_to_strip_inclusion,53,31,988,613,3,30,1,A
744_04-01_crop_00.jpg,bg_to_strip_inclusion,54,71,57,624,6,30,1,A
744_04-01_crop_00.jpg,bg_to_strip_inclusion,55,3,984,626,1,3,1,A
744_04-01_crop_00.jpg,bg_to_strip_inclusion,56,2,985,635,1,2,1,A
744_04-01_crop_00.jpg,bg_to_strip_inclusion,57,16,986,638,2,16,1,A
744_04-01_crop_00.jpg,bg_to_strip_inclusion,58,2,991,645,1,2,1,A
744_04-01_crop_00.jpg,bg_to_strip_inclusion,59,2,56,655,1,2,1,A
744_04-01_crop_00.jpg,bg_to_strip_inclusion,60,24,988,655,6,12,1,A
744_04-01_crop_00.jpg,bg_to_strip_inclusion,61,2,62,664,1,2,1,A
744_04-01_crop_00.jpg,bg_to_strip_inclusion,62,4,60,668,2,4,1,A
744_04-01_crop_00.jpg,bg_to_strip_inclusion,63,9,9,692,2,5,1,A
744_04-01_crop_00.jpg,bg_to_strip_inclusion,65,4,77,698,2,4,1,A
744_04-01_crop_00.jpg,bg_to_strip_inclusion,69,11,343,721,5,6,3,C
744_04-01_crop_00.jpg,bg_to_strip_inclusion,70,10,1002,724,2,10,1,A
744_04-01_crop_00.jpg,bg_to_strip_inclusion,71,7,1000,768,1,7,1,A
744_04-01_crop_00.jpg,bg_to_strip_inclusion,73,45,67,785,5,26,1,A
744_04-01_crop_00.jpg,bg_to_strip_inclusion,81,19,984,797,7,8,1,A
744_04-01_crop_00.jpg,bg_to_strip_inclusion,82,4,72,808,1,4,1,A
744_04-01_crop_00.jpg,bg_to_strip_inclusion,83,184,785,871,7,37,2,B
744_04-01_crop_00.jpg,bg_to_strip_inclusion,84,17,586,882,6,8,1,A
744_04-01_crop_00.jpg,bg_to_strip_inclusion,85,2,585,891,1,2,1,A
744_04-01_crop_00.jpg,bg_to_strip_inclusion,87,2,589,894,1,2,1,A
744_04-01_crop_00.jpg,bg_to_strip_inclusion,88,4,586,897,3,4,1,A
744_04-01_crop_00.jpg,bg_to_strip_inclusion,89,46,380,933,8,28,1,A
744_04-01_crop_00.jpg,bg_to_strip_inclusion,90,3,786,934,2,3,1,A
744_04-01_crop_00.jpg,bg_to_strip_inclusion,93,3,790,942,1,3,1,A
744_04-01_crop_00.jpg,bg_to_strip_inclusion,94,4,788,948,2,4,1,A
744_04-01_crop_00.jpg,bg_to_strip_inclusion,95,76,401,982,7,42,1,A
744_04-02_crop_00.jpg,bg_to_strip_inclusion,1,2,418,10,2,2,1,A
744_04-02_crop_00.jpg,bg_to_strip_inclusion,2,6,417,12,1,6,1,A
744_04-02_crop_00.jpg,bg_to_strip_inclusion,3,76,604,142,8,57,1,A
744_04-02_crop_00.jpg,bg_to_strip_inclusion,4,2,609,146,1,2,1,A
744_04-02_crop_00.jpg,bg_to_strip_inclusion,5,2,441,151,2,1,1,A
744_04-02_crop_00.jpg,bg_to_strip_inclusion,7,3,611,156,1,3,1,A
744_04-02_crop_00.jpg,bg_to_strip_inclusion,8,6,612,162,1,6,1,A
744_04-02_crop_00.jpg,bg_to_strip_inclusion,9,8,613,169,1,8,1,A
744_04-02_crop_00.jpg,bg_to_strip_inclusion,11,2,616,196,1,2,1,A
744_04-02_crop_00.jpg,bg_to_strip_inclusion,12,4,617,200,1,4,1,A
744_04-02_crop_00.jpg,bg_to_strip_inclusion,14,4,618,205,1,4,1,A
744_04-02_crop_00.jpg,bg_to_strip_inclusion,15,4,619,210,1,4,1,A
744_04-02_crop_00.jpg,bg_to_strip_inclusion,16,3,620,217,1,3,1,A
744_04-02_crop_00.jpg,bg_to_strip_inclusion,17,9,620,227,2,6,1,A
744_04-02_crop_00.jpg,bg_to_strip_inclusion,19,7,635,403,3,7,1,A
744_04-02_crop_00.jpg,bg_to_strip_inclusion,21,3,634,413,1,3,1,A
744_04-02_crop_00.jpg,bg_to_strip_inclusion,22,9,107,414,4,3,1,A
744_04-02_crop_00.jpg,bg_to_strip_inclusion,23,3,635,417,1,3,1,A
744_04-02_crop_00.jpg,bg_to_strip_inclusion,25,3,107,421,1,3,1,A
744_04-02_crop_00.jpg,bg_to_strip_inclusion,26,6,108,426,3,6,1,A
744_04-02_crop_00.jpg,bg_to_strip_inclusion,27,54,384,474,6,22,1,A
744_04-02_crop_00.jpg,bg_to_strip_inclusion,28,31,387,522,8,15,1,A
744_04-02_crop_00.jpg,bg_to_strip_inclusion,29,13,395,539,1,13,1,A
744_04-02_crop_00.jpg,bg_to_strip_inclusion,30,58,390,548,3,47,1,A
744_04-02_crop_00.jpg,bg_to_strip_inclusion,31,40,396,556,2,37,1,A
744_04-02_crop_00.jpg,bg_to_strip_inclusion,32,4,398,594,1,4,1,A
744_04-02_crop_00.jpg,bg_to_strip_inclusion,33,16,393,596,4,16,1,A
744_04-02_crop_00.jpg,bg_to_strip_inclusion,34,4,399,599,1,4,1,A
744_04-02_crop_00.jpg,bg_to_strip_inclusion,36,5,38,600,2,4,1,A
744_04-02_crop_00.jpg,bg_to_strip_inclusion,37,2,35,602,1,2,1,A
744_04-02_crop_00.jpg,bg_to_strip_inclusion,38,2,34,605,1,2,1,A
744_04-02_crop_00.jpg,bg_to_strip_inclusion,39,2,400,605,1,2,1,A
744_04-02_crop_00.jpg,bg_to_strip_inclusion,43,3,28,635,1,3,1,A
744_04-02_crop_00.jpg,bg_to_strip_inclusion,44,8,34,639,3,6,1,A
744_04-02_crop_00.jpg,bg_to_strip_inclusion,47,7,1001,902,1,7,1,A
744_04-02_crop_03.jpg,bg_to_strip_inclusion,1,27,875,7,6,18,1,A
744_04-02_crop_03.jpg,bg_to_strip_inclusion,2,5,874,26,1,5,1,A
744_04-02_crop_03.jpg,bg_to_strip_inclusion,3,2,879,31,1,2,1,A
744_04-02_crop_03.jpg,bg_to_strip_inclusion,4,121,869,33,5,82,1,A
744_04-02_crop_03.jpg,bg_to_strip_inclusion,5,70,874,59,5,47,1,A
744_04-02_crop_03.jpg,bg_to_strip_inclusion,6,3,872,116,1,3,1,A
744_04-02_crop_03.jpg,bg_to_strip_inclusion,7,2,873,120,1,2,1,A
744_04-02_crop_03.jpg,bg_to_strip_inclusion,9,2,875,126,1,2,1,A
744_04-02_crop_03.jpg,bg_to_strip_inclusion,10,4,876,129,2,4,1,A
744_04-02_crop_03.jpg,bg_to_strip_inclusion,11,7,876,180,2,7,1,A
744_04-02_crop_03.jpg,bg_to_strip_inclusion,12,43,874,188,2,41,1,A
744_04-02_crop_03.jpg,bg_to_strip_inclusion,13,2,873,231,1,2,1,A
744_04-02_crop_03.jpg,bg_to_strip_inclusion,14,3,878,230,1,3,1,A
744_04-02_crop_03.jpg,bg_to_strip_inclusion,15,19,874,235,4,16,1,A
744_04-02_crop_03.jpg,bg_to_strip_inclusion,18,9,863,261,3,9,1,A
744_04-02_crop_03.jpg,bg_to_strip_inclusion,19,39,491,314,4,33,1,A
744_04-02_crop_03.jpg,bg_to_strip_inclusion,20,14,495,316,1,14,1,A
744_04-02_crop_03.jpg,bg_to_strip_inclusion,21,5,496,342,1,5,1,A
744_04-02_crop_03.jpg,bg_to_strip_inclusion,22,3,497,348,1,3,1,A
744_04-02_crop_03.jpg,bg_to_strip_inclusion,23,2,492,350,1,2,1,A
744_04-02_crop_03.jpg,bg_to_strip_inclusion,24,3,498,352,1,3,1,A
744_04-02_crop_03.jpg,bg_to_strip_inclusion,25,3,499,356,1,3,1,A
744_04-02_crop_03.jpg,bg_to_strip_inclusion,26,2,500,361,1,2,1,A
744_04-02_crop_03.jpg,bg_to_strip_inclusion,28,17,497,374,6,17,1,A
744_04-02_crop_03.jpg,bg_to_strip_inclusion,29,22,507,410,4,15,1,A
744_04-02_crop_03.jpg,bg_to_strip_inclusion,30,34,721,424,7,22,1,A
744_04-02_crop_03.jpg,bg_to_strip_inclusion,32,2,512,429,1,2,1,A
744_04-02_crop_03.jpg,bg_to_strip_inclusion,33,8,869,435,3,5,1,A
744_04-02_crop_03.jpg,bg_to_strip_inclusion,34,4,870,444,1,4,1,A
744_04-02_crop_03.jpg,bg_to_strip_inclusion,36,72,44,466,6,35,1,A
744_04-02_crop_03.jpg,bg_to_strip_inclusion,37,52,873,521,5,36,1,A
744_04-02_crop_03.jpg,bg_to_strip_inclusion,40,20,716,540,1,20,1,A
744_04-02_crop_03.jpg,bg_to_strip_inclusion,44,17,882,586,3,15,1,A
744_04-02_crop_03.jpg,bg_to_strip_inclusion,45,10,719,597,1,10,1,A
744_04-02_crop_03.jpg,bg_to_strip_inclusion,47,13,891,607,2,8,1,A
744_04-02_crop_03.jpg,bg_to_strip_inclusion,49,2,732,621,1,2,3,C
744_04-02_crop_03.jpg,bg_to_strip_inclusion,51,6,90,631,3,3,1,A
744_04-02_crop_03.jpg,bg_to_strip_inclusion,52,6,89,675,1,6,3,C
744_04-02_crop_03.jpg,bg_to_strip_inclusion,53,18,352,788,4,8,1,A
744_04-02_crop_03.jpg,bg_to_strip_inclusion,54,20,356,791,3,20,1,A
744_04-02_crop_03.jpg,bg_to_strip_inclusion,55,2,353,801,1,2,1,A
744_04-02_crop_03.jpg,bg_to_strip_inclusion,56,13,354,806,2,12,1,A
744_04-04_crop_00.jpg,bg_to_strip_inclusion,1,16,294,72,3,7,3,C
744_04-04_crop_00.jpg,bg_to_strip_inclusion,2,32,917,102,5,24,1,A
744_04-04_crop_00.jpg,bg_to_strip_inclusion,3,7,922,115,1,7,1,A
744_04-04_crop_00.jpg,bg_to_strip_inclusion,4,42,768,197,6,16,1,A
744_04-04_crop_00.jpg,bg_to_strip_inclusion,6,15,771,248,2,15,1,A
744_04-04_crop_00.jpg,bg_to_strip_inclusion,7,3,104,333,3,2,1,A
744_04-04_crop_00.jpg,bg_to_strip_inclusion,9,47,563,343,4,35,1,A
744_04-04_crop_00.jpg,bg_to_strip_inclusion,10,66,105,345,7,16,1,A
744_04-04_crop_00.jpg,bg_to_strip_inclusion,12,6,569,364,1,6,1,A
744_04-04_crop_00.jpg,bg_to_strip_inclusion,13,11,569,373,2,10,1,A
744_04-04_crop_00.jpg,bg_to_strip_inclusion,14,9,116,393,4,7,1,A
744_04-04_crop_00.jpg,bg_to_strip_inclusion,16,53,912,425,5,29,1,A
744_04-04_crop_00.jpg,bg_to_strip_inclusion,17,8,911,426,1,8,1,A
744_04-04_crop_00.jpg,bg_to_strip_inclusion,18,9,874,455,4,4,1,A
744_04-04_crop_00.jpg,bg_to_strip_inclusion,19,3,872,462,1,3,1,A
744_04-04_crop_00.jpg,bg_to_strip_inclusion,20,18,870,468,5,10,1,A
744_04-04_crop_00.jpg,bg_to_strip_inclusion,22,2,144,509,1,2,1,A
744_04-04_crop_00.jpg,bg_to_strip_inclusion,23,3,145,512,2,3,1,A
744_04-04_crop_00.jpg,bg_to_strip_inclusion,24,53,878,538,7,15,1,A
744_04-04_crop_00.jpg,bg_to_strip_inclusion,25,4,880,555,1,4,1,A
744_04-04_crop_00.jpg,bg_to_strip_inclusion,27,2,886,563,1,2,1,A
744_04-04_crop_00.jpg,bg_to_strip_inclusion,28,2,887,569,1,2,1,A
744_04-04_crop_00.jpg,bg_to_strip_inclusion,29,3,882,572,1,3,1,A
744_04-04_crop_00.jpg,bg_to_strip_inclusion,30,2,888,575,1,2,1,A
744_04-04_crop_00.jpg,bg_to_strip_inclusion,31,29,883,577,4,21,1,A
744_04-04_crop_00.jpg,bg_to_strip_inclusion,32,2,889,579,1,2,1,A
744_04-04_crop_00.jpg,bg_to_strip_inclusion,33,2,890,583,1,2,1,A
744_04-04_crop_00.jpg,bg_to_strip_inclusion,34,2,891,587,1,2,1,A
744_04-04_crop_00.jpg,bg_to_strip_inclusion,37,18,588,607,7,11,1,A
744_04-04_crop_00.jpg,bg_to_strip_inclusion,38,27,157,620,6,12,1,A
744_04-04_crop_00.jpg,bg_to_strip_inclusion,39,2,158,637,1,2,1,A
744_04-04_crop_00.jpg,bg_to_strip_inclusion,40,20,51,668,3,12,1,A
744_04-04_crop_00.jpg,bg_to_strip_inclusion,41,4,52,683,1,4,1,A
744_04-04_crop_00.jpg,bg_to_strip_inclusion,42,3,53,692,1,3,1,A
744_04-04_crop_00.jpg,bg_to_strip_inclusion,44,5,54,700,1,5,1,A
744_04-04_crop_00.jpg,bg_to_strip_inclusion,45,3,913,704,1,3,1,A
744_04-04_crop_00.jpg,bg_to_strip_inclusion,48,7,916,724,1,7,1,A
744_04-04_crop_00.jpg,bg_to_strip_inclusion,49,2,916,737,1,2,1,A
744_04-04_crop_00.jpg,bg_to_strip_inclusion,50,4,970,746,1,4,1,A
744_04-04_crop_00.jpg,bg_to_strip_inclusion,54,9,610,759,4,7,1,A
744_04-04_crop_00.jpg,bg_to_strip_inclusion,55,5,975,760,1,5,1,A
744_04-04_crop_00.jpg,bg_to_strip_inclusion,56,4,609,769,1,4,1,A
744_04-04_crop_00.jpg,bg_to_strip_inclusion,57,5,981,784,2,4,1,A
744_04-04_crop_00.jpg,bg_to_strip_inclusion,58,15,979,786,1,15,1,A
744_04-04_crop_00.jpg,bg_to_strip_inclusion,59,14,983,789,1,14,1,A
744_04-04_crop_00.jpg,bg_to_strip_inclusion,60,14,916,793,3,7,1,A
744_04-04_crop_00.jpg,bg_to_strip_inclusion,61,16,984,815,1,16,1,A
744_04-04_crop_00.jpg,bg_to_strip_inclusion,62,5,985,843,1,5,1,A
744_04-04_crop_00.jpg,bg_to_strip_inclusion,63,3,986,850,1,3,1,A
744_04-04_crop_00.jpg,bg_to_strip_inclusion,64,4,87,852,3,2,3,C
744_04-04_crop_00.jpg,bg_to_strip_inclusion,66,22,987,854,3,20,1,A
744_04-04_crop_00.jpg,bg_to_strip_inclusion,67,6,82,870,2,6,1,A
744_04-04_crop_00.jpg,bg_to_strip_inclusion,68,11,168,878,4,4,1,A
744_04-04_crop_00.jpg,bg_to_strip_inclusion,69,2,982,879,1,2,1,A
744_04-04_crop_00.jpg,bg_to_strip_inclusion,71,37,979,886,8,25,1,A
744_04-04_crop_00.jpg,bg_to_strip_inclusion,72,7,970,914,3,7,3,C
744_04-04_crop_00.jpg,bg_to_strip_inclusion,73,2,998,918,2,1,1,A
744_04-04_crop_00.jpg,bg_to_strip_inclusion,75,4,995,924,1,4,1,A
744_04-04_crop_00.jpg,bg_to_strip_inclusion,76,6,994,932,1,6,1,A
744_04-04_crop_00.jpg,bg_to_strip_inclusion,78,8,208,978,5,3,1,A
744_04-04_crop_00.jpg,bg_to_strip_inclusion,79,7,210,998,2,7,1,A
744_04-04_crop_00.jpg,bg_to_D,2,2,792,1011,1,2,4,D
744_04-04_crop_01.jpg,bg_to_strip_inclusion,1,58,578,86,7,25,3,C
744_04-04_crop_01.jpg,bg_to_strip_inclusion,2,2,577,102,1,2,3,C
744_04-04_crop_01.jpg,bg_to_strip_inclusion,3,7,578,105,3,6,3,C
744_04-04_crop_01.jpg,bg_to_strip_inclusion,5,2,945,140,1,2,1,A
744_04-04_crop_01.jpg,bg_to_strip_inclusion,7,4,948,157,1,4,1,A
744_04-04_crop_01.jpg,bg_to_strip_inclusion,8,3,948,186,1,3,1,A
744_04-04_crop_01.jpg,bg_to_strip_inclusion,9,10,950,200,1,10,1,A
744_04-04_crop_01.jpg,bg_to_strip_inclusion,10,7,950,225,1,7,1,A
744_04-04_crop_01.jpg,bg_to_strip_inclusion,11,3,951,233,1,3,1,A
744_04-04_crop_01.jpg,bg_to_strip_inclusion,12,2,952,239,1,2,1,A
744_04-04_crop_01.jpg,bg_to_strip_inclusion,14,4,947,267,1,4,1,A
744_04-04_crop_01.jpg,bg_to_strip_inclusion,15,66,954,269,2,53,1,A
744_04-04_crop_01.jpg,bg_to_strip_inclusion,17,8,408,354,4,5,1,A
744_04-04_crop_01.jpg,bg_to_strip_inclusion,18,13,957,365,1,13,1,A
744_04-04_crop_01.jpg,bg_to_strip_inclusion,20,3,382,380,2,3,2,B
744_04-04_crop_01.jpg,bg_to_strip_inclusion,21,2,956,382,1,2,1,A
744_04-04_crop_01.jpg,bg_to_strip_inclusion,22,2,379,384,1,2,2,B
744_04-04_crop_01.jpg,bg_to_strip_inclusion,23,3,378,387,1,3,3,C
744_04-04_crop_01.jpg,bg_to_strip_inclusion,25,40,955,386,1,40,1,A
744_04-04_crop_01.jpg,bg_to_strip_inclusion,26,35,376,390,7,19,1,A
744_04-04_crop_01.jpg,bg_to_strip_inclusion,27,3,377,392,1,3,1,A
744_04-04_crop_01.jpg,bg_to_strip_inclusion,28,3,376,396,1,3,1,A
744_04-04_crop_01.jpg,bg_to_strip_inclusion,29,3,375,401,1,3,1,A
744_04-04_crop_01.jpg,bg_to_strip_inclusion,30,4,298,430,3,2,3,C
744_04-04_crop_01.jpg,bg_to_strip_inclusion,33,3,303,438,1,3,3,C
744_04-04_crop_01.jpg,bg_to_strip_inclusion,34,3,298,443,1,3,3,C
744_04-04_crop_01.jpg,bg_to_strip_inclusion,35,5,299,447,2,5,1,A
744_04-04_crop_01.jpg,bg_to_strip_inclusion,36,3,961,471,1,3,1,A
744_04-04_crop_01.jpg,bg_to_strip_inclusion,37,5,956,489,1,5,1,A
744_04-04_crop_01.jpg,bg_to_strip_inclusion,39,8,955,502,5,4,1,A
744_04-04_crop_01.jpg,bg_to_strip_inclusion,40,7,402,540,4,5,1,A
744_04-04_crop_01.jpg,bg_to_strip_inclusion,42,2,409,562,1,2,1,A
744_04-04_crop_01.jpg,bg_to_strip_inclusion,43,3,410,566,1,3,1,A
744_04-04_crop_01.jpg,bg_to_strip_inclusion,44,4,411,570,1,4,1,A
744_04-04_crop_01.jpg,bg_to_strip_inclusion,45,4,412,575,1,4,1,A
744_04-04_crop_01.jpg,bg_to_strip_inclusion,46,4,413,580,1,4,1,A
744_04-04_crop_01.jpg,bg_to_strip_inclusion,47,2,409,586,1,2,1,A
744_04-04_crop_01.jpg,bg_to_strip_inclusion,48,3,414,586,1,3,1,A
744_04-04_crop_01.jpg,bg_to_strip_inclusion,49,3,415,592,1,3,1,A
744_04-04_crop_01.jpg,bg_to_strip_inclusion,50,14,413,632,5,5,1,A
744_04-04_crop_01.jpg,bg_to_strip_inclusion,52,17,546,642,3,13,1,A
744_04-04_crop_01.jpg,bg_to_strip_inclusion,53,2,415,646,1,2,1,A
744_04-04_crop_01.jpg,bg_to_strip_inclusion,54,23,416,649,4,17,1,A
744_04-04_crop_01.jpg,bg_to_strip_inclusion,55,7,425,674,1,7,1,A
744_04-04_crop_01.jpg,bg_to_strip_inclusion,56,11,424,682,3,10,1,A
744_04-04_crop_01.jpg,bg_to_strip_inclusion,57,37,579,737,5,10,1,A
744_04-04_crop_01.jpg,bg_to_strip_inclusion,58,23,344,742,4,8,3,C
744_04-04_crop_01.jpg,bg_to_strip_inclusion,59,14,428,769,5,8,1,A
744_04-04_crop_01.jpg,bg_to_strip_inclusion,60,82,990,794,7,14,1,A
744_04-04_crop_01.jpg,bg_to_strip_inclusion,62,18,429,817,6,7,1,A
744_04-04_crop_01.jpg,bg_to_strip_inclusion,63,13,975,823,5,9,1,A
744_04-04_crop_01.jpg,bg_to_strip_inclusion,64,10,974,825,1,10,1,A
744_04-04_crop_01.jpg,bg_to_strip_inclusion,65,23,412,834,6,7,1,A
744_04-04_crop_01.jpg,bg_to_strip_inclusion,66,8,975,840,1,8,1,A
744_04-04_crop_01.jpg,bg_to_strip_inclusion,67,26,976,842,5,16,1,A
744_04-04_crop_01.jpg,bg_to_strip_inclusion,68,2,412,847,1,2,1,A
744_04-04_crop_01.jpg,bg_to_strip_inclusion,69,3,433,846,2,3,1,A
744_04-04_crop_01.jpg,bg_to_strip_inclusion,70,11,437,849,1,11,1,A
744_04-04_crop_01.jpg,bg_to_strip_inclusion,71,4,432,850,1,4,1,A
744_04-04_crop_01.jpg,bg_to_strip_inclusion,72,6,416,864,3,3,1,A
744_04-04_crop_01.jpg,bg_to_strip_inclusion,73,9,431,865,3,5,1,A
744_04-04_crop_01.jpg,bg_to_strip_inclusion,75,3,428,874,1,3,1,A
744_04-04_crop_01.jpg,bg_to_strip_inclusion,76,5,423,879,1,5,1,A
744_04-04_crop_01.jpg,bg_to_strip_inclusion,77,53,622,888,6,11,1,A
744_04-04_crop_01.jpg,bg_to_strip_inclusion,78,8,434,920,3,4,1,A
744_04-04_crop_01.jpg,bg_to_strip_inclusion,79,8,433,942,1,8,1,A
744_04-04_crop_01.jpg,bg_to_strip_inclusion,80,2,438,948,1,2,1,A
744_04-04_crop_01.jpg,bg_to_strip_inclusion,81,3,437,952,1,3,1,A
744_04-04_crop_01.jpg,bg_to_strip_inclusion,83,4,436,956,1,4,1,A
744_04-04_crop_01.jpg,bg_to_strip_inclusion,84,5,435,968,1,5,1,A
744_04-04_crop_01.jpg,bg_to_strip_inclusion,85,2,430,973,1,2,1,A
744_04-04_crop_01.jpg,bg_to_strip_inclusion,87,2,891,980,1,2,1,A
744_05-02_crop_00.jpg,bg_to_strip_inclusion,1,2,439,140,2,1,1,A
744_05-02_crop_00.jpg,bg_to_strip_inclusion,2,11,437,161,2,11,1,A
744_05-02_crop_00.jpg,bg_to_strip_inclusion,3,31,443,160,4,21,1,A
744_05-02_crop_00.jpg,bg_to_strip_inclusion,4,29,458,164,7,8,1,A
744_05-02_crop_00.jpg,bg_to_strip_inclusion,6,3,437,179,1,3,1,A
744_05-02_crop_00.jpg,bg_to_strip_inclusion,7,55,438,183,6,23,1,A
744_05-02_crop_00.jpg,bg_to_strip_inclusion,8,35,463,182,4,20,1,A
744_05-02_crop_00.jpg,bg_to_strip_inclusion,9,5,457,195,1,5,1,A
744_05-02_crop_00.jpg,bg_to_strip_inclusion,10,5,467,204,1,5,1,A
744_05-02_crop_00.jpg,bg_to_strip_inclusion,11,7,457,217,3,4,1,A
744_05-02_crop_00.jpg,bg_to_strip_inclusion,12,44,445,222,9,11,1,A
744_05-02_crop_00.jpg,bg_to_strip_inclusion,13,31,754,229,5,9,1,A
744_05-02_crop_00.jpg,bg_to_strip_inclusion,16,2,455,237,1,2,1,A
744_05-02_crop_00.jpg,bg_to_strip_inclusion,18,5,456,240,2,5,1,A
744_05-02_crop_00.jpg,bg_to_strip_inclusion,19,2,452,247,1,2,1,A
744_05-02_crop_00.jpg,bg_to_strip_inclusion,20,4,765,324,1,4,1,A
744_05-02_crop_00.jpg,bg_to_strip_inclusion,22,14,486,558,5,7,1,A
744_05-02_crop_00.jpg,bg_to_strip_inclusion,23,23,487,573,5,9,1,A
744_05-02_crop_00.jpg,bg_to_strip_inclusion,24,104,488,598,6,24,1,A
744_05-02_crop_00.jpg,bg_to_strip_inclusion,25,7,495,665,1,7,1,A
744_05-02_crop_00.jpg,bg_to_strip_inclusion,26,6,797,687,1,6,1,A
744_05-02_crop_00.jpg,bg_to_strip_inclusion,27,20,426,697,3,8,1,A
744_05-02_crop_00.jpg,bg_to_strip_inclusion,28,3,497,721,1,3,1,A
744_05-02_crop_00.jpg,bg_to_strip_inclusion,29,22,797,724,1,22,1,A
744_05-02_crop_00.jpg,bg_to_strip_inclusion,31,36,672,730,6,10,1,A
744_05-02_crop_00.jpg,bg_to_strip_inclusion,32,55,803,753,3,50,1,A
744_05-02_crop_00.jpg,bg_to_strip_inclusion,33,15,671,760,1,15,1,A
744_05-02_crop_00.jpg,bg_to_strip_inclusion,34,3,670,780,1,3,1,A
744_05-02_crop_00.jpg,bg_to_strip_inclusion,36,14,668,793,2,13,1,A
744_05-02_crop_00.jpg,bg_to_strip_inclusion,37,3,730,796,1,3,1,A
744_05-02_crop_00.jpg,bg_to_strip_inclusion,39,2,731,802,1,2,1,A
744_05-02_crop_00.jpg,bg_to_strip_inclusion,40,5,738,807,1,5,1,A
744_05-02_crop_00.jpg,bg_to_strip_inclusion,41,40,801,806,3,35,1,A
744_05-02_crop_00.jpg,bg_to_strip_inclusion,42,4,739,816,1,4,1,A
744_05-02_crop_00.jpg,bg_to_strip_inclusion,43,4,740,824,1,4,1,A
744_05-02_crop_00.jpg,bg_to_strip_inclusion,44,3,602,847,1,3,3,C
744_05-02_crop_00.jpg,bg_to_strip_inclusion,45,6,804,847,1,6,1,A
744_05-02_crop_00.jpg,bg_to_strip_inclusion,46,21,808,849,2,13,1,A
744_05-02_crop_00.jpg,bg_to_strip_inclusion,47,6,736,852,1,6,1,A
744_05-02_crop_00.jpg,bg_to_strip_inclusion,48,12,741,855,1,12,1,A
744_05-02_crop_00.jpg,bg_to_strip_inclusion,49,18,450,856,4,10,1,A
744_05-02_crop_00.jpg,bg_to_strip_inclusion,50,4,454,874,1,4,1,A
744_05-02_crop_00.jpg,bg_to_strip_inclusion,51,4,740,891,2,4,1,A
744_05-02_crop_00.jpg,bg_to_strip_inclusion,52,10,492,892,4,10,1,A
744_05-02_crop_00.jpg,bg_to_strip_inclusion,53,18,738,892,1,18,1,A
744_05-02_crop_00.jpg,bg_to_strip_inclusion,55,2,491,904,1,2,1,A
744_05-02_crop_00.jpg,bg_to_strip_inclusion,56,3,808,925,1,3,1,A
744_05-02_crop_00.jpg,bg_to_strip_inclusion,57,49,672,927,5,22,1,A
744_05-02_crop_00.jpg,bg_to_strip_inclusion,58,8,809,940,1,8,1,A
744_05-02_crop_00.jpg,bg_to_strip_inclusion,59,10,492,947,1,10,1,A
744_05-02_crop_00.jpg,bg_to_strip_inclusion,61,4,810,951,1,4,1,A
744_05-02_crop_00.jpg,bg_to_strip_inclusion,62,5,676,952,1,5,1,A
744_05-02_crop_00.jpg,bg_to_strip_inclusion,63,4,734,957,1,4,1,A
744_05-02_crop_00.jpg,bg_to_strip_inclusion,64,2,739,956,1,2,1,A
744_05-02_crop_00.jpg,bg_to_strip_inclusion,65,3,811,957,1,3,1,A
744_05-02_crop_00.jpg,bg_to_strip_inclusion,66,2,677,961,1,2,1,A
744_05-02_crop_00.jpg,bg_to_strip_inclusion,67,7,735,960,4,3,1,A
744_05-02_crop_00.jpg,bg_to_strip_inclusion,70,2,495,988,1,2,1,A
744_05-02_crop_00.jpg,bg_to_strip_inclusion,71,5,496,992,2,5,1,A
744_05-02_crop_00.jpg,bg_to_strip_inclusion,72,10,617,997,5,6,1,A
744_05-02_crop_00.jpg,bg_to_strip_inclusion,73,8,617,1015,3,6,1,A
744_05-03_crop_02.jpg,bg_to_strip_inclusion,1,17,359,25,3,16,1,A
744_05-03_crop_02.jpg,bg_to_strip_inclusion,2,2,358,45,1,2,1,A
744_05-03_crop_02.jpg,bg_to_strip_inclusion,3,25,364,56,2,15,1,A
744_05-03_crop_02.jpg,bg_to_strip_inclusion,4,39,672,127,10,22,1,A
744_05-03_crop_02.jpg,bg_to_strip_inclusion,5,22,673,135,4,18,1,A
744_05-03_crop_02.jpg,bg_to_strip_inclusion,8,8,678,163,3,8,1,A
744_05-03_crop_02.jpg,bg_to_strip_inclusion,9,11,681,199,3,5,1,A
744_05-03_crop_02.jpg,bg_to_strip_inclusion,10,30,566,258,3,18,1,A
744_05-03_crop_02.jpg,bg_to_strip_inclusion,11,7,568,296,1,7,1,A
744_05-03_crop_02.jpg,bg_to_strip_inclusion,12,48,574,309,2,44,1,A
744_05-03_crop_02.jpg,bg_to_strip_inclusion,13,2,575,356,1,2,1,A
744_05-03_crop_02.jpg,bg_to_strip_inclusion,15,2,261,361,1,2,1,A
744_05-03_crop_02.jpg,bg_to_strip_inclusion,17,4,577,369,1,4,1,A
744_05-03_crop_02.jpg,bg_to_strip_inclusion,19,17,377,547,3,16,1,A
744_05-03_crop_02.jpg,bg_to_strip_inclusion,20,4,380,564,1,4,1,A
744_05-03_crop_02.jpg,bg_to_strip_inclusion,21,2,381,570,1,2,1,A
744_05-03_crop_02.jpg,bg_to_strip_inclusion,22,6,584,572,1,6,1,A
744_05-03_crop_02.jpg,bg_to_strip_inclusion,24,4,585,579,1,4,1,A
744_05-03_crop_02.jpg,bg_to_strip_inclusion,25,3,383,580,1,3,1,A
744_05-03_crop_02.jpg,bg_to_strip_inclusion,26,7,384,584,1,7,1,A
744_05-03_crop_02.jpg,bg_to_strip_inclusion,29,7,386,601,3,5,1,A
744_05-03_crop_02.jpg,bg_to_strip_inclusion,30,3,589,603,1,3,1,A
744_05-03_crop_02.jpg,bg_to_strip_inclusion,31,2,590,607,1,2,1,A
744_05-03_crop_02.jpg,bg_to_strip_inclusion,32,35,173,666,5,13,1,A
744_05-03_crop_02.jpg,bg_to_strip_inclusion,33,9,372,670,3,9,1,A
744_05-03_crop_02.jpg,bg_to_strip_inclusion,34,35,368,675,6,25,1,A
744_05-03_crop_02.jpg,bg_to_strip_inclusion,35,3,178,676,1,3,1,A
744_05-03_crop_02.jpg,bg_to_strip_inclusion,36,28,174,680,8,26,1,A
744_05-03_crop_02.jpg,bg_to_strip_inclusion,39,2,377,693,1,2,1,A
744_05-03_crop_02.jpg,bg_to_strip_inclusion,41,30,383,713,6,17,1,A
744_05-03_crop_02.jpg,bg_to_strip_inclusion,44,3,391,727,1,3,1,A
744_05-03_crop_02.jpg,bg_to_strip_inclusion,45,2,386,732,1,2,1,A
744_05-03_crop_02.jpg,bg_to_strip_inclusion,46,4,392,732,1,4,1,A
744_05-03_crop_02.jpg,bg_to_strip_inclusion,47,2,387,740,1,2,1,A
744_05-03_crop_02.jpg,bg_to_strip_inclusion,48,8,393,742,1,8,1,A
744_05-03_crop_02.jpg,bg_to_strip_inclusion,49,5,171,744,3,2,1,A
744_05-03_crop_02.jpg,bg_to_strip_inclusion,50,43,388,747,2,31,1,A
744_05-03_crop_02.jpg,bg_to_strip_inclusion,51,17,394,755,1,17,1,A
744_05-03_crop_02.jpg,bg_to_strip_inclusion,52,2,171,777,1,2,1,A
744_05-03_crop_02.jpg,bg_to_strip_inclusion,53,4,170,781,1,4,1,A
744_05-03_crop_02.jpg,bg_to_strip_inclusion,54,18,262,821,4,9,1,A
744_05-03_crop_02.jpg,bg_to_strip_inclusion,55,29,388,820,6,21,1,A
744_05-03_crop_02.jpg,bg_to_strip_inclusion,58,8,264,831,1,8,1,A
744_05-03_crop_02.jpg,bg_to_strip_inclusion,59,8,399,894,5,5,1,A
744_05-03_crop_02.jpg,bg_to_strip_inclusion,60,31,822,895,4,21,1,A
744_05-03_crop_02.jpg,bg_to_strip_inclusion,61,2,824,921,1,2,3,C
744_05-03_crop_02.jpg,bg_to_strip_inclusion,62,3,1000,944,3,1,1,A
744_05-03_crop_02.jpg,bg_to_strip_inclusion,63,2,999,946,1,2,1,A
744_05-03_crop_02.jpg,bg_to_strip_inclusion,64,26,409,965,5,7,2,B
744_05-03_crop_02.jpg,bg_to_strip_inclusion,65,3,1006,973,1,3,1,A
744_05-03_crop_02.jpg,bg_to_strip_inclusion,66,5,1007,979,1,5,1,A
744_05-03_crop_02.jpg,bg_to_strip_inclusion,67,4,414,986,1,4,2,B
744_05-03_crop_02.jpg,bg_to_strip_inclusion,68,89,1005,987,9,24,1,A
744_05-03_crop_02.jpg,bg_to_strip_inclusion,69,14,408,997,2,13,2,B
744_05-03_crop_03.jpg,bg_to_strip_inclusion,2,3,672,102,3,2,3,C
744_05-03_crop_03.jpg,bg_to_strip_inclusion,3,6,672,109,1,6,3,C
744_05-03_crop_03.jpg,bg_to_strip_inclusion,4,2,236,214,2,2,3,C
744_05-03_crop_03.jpg,bg_to_strip_inclusion,5,45,233,216,2,44,1,A
744_05-03_crop_03.jpg,bg_to_strip_inclusion,6,2,826,260,1,2,1,A
744_05-03_crop_03.jpg,bg_to_strip_inclusion,7,3,234,262,1,3,1,A
744_05-03_crop_03.jpg,bg_to_strip_inclusion,8,18,772,263,1,18,1,A
744_05-03_crop_03.jpg,bg_to_strip_inclusion,9,2,822,263,1,2,1,A
744_05-03_crop_03.jpg,bg_to_strip_inclusion,12,5,821,267,1,5,1,A
744_05-03_crop_03.jpg,bg_to_strip_inclusion,13,5,771,284,1,5,1,A
744_05-03_crop_03.jpg,bg_to_strip_inclusion,14,24,765,286,2,24,1,A
744_05-03_crop_03.jpg,bg_to_strip_inclusion,15,8,895,290,3,4,1,A
744_05-03_crop_03.jpg,bg_to_strip_inclusion,16,12,668,298,3,6,1,A
744_05-03_crop_03.jpg,bg_to_strip_inclusion,17,3,895,301,1,3,1,A
744_05-03_crop_03.jpg,bg_to_strip_inclusion,18,29,897,328,3,29,1,A
744_05-03_crop_03.jpg,bg_to_strip_inclusion,19,64,667,331,7,29,1,A
744_05-03_crop_03.jpg,bg_to_strip_inclusion,20,90,766,337,6,17,1,A
744_05-03_crop_03.jpg,bg_to_strip_inclusion,22,2,190,375,1,2,1,A
744_05-03_crop_03.jpg,bg_to_strip_inclusion,24,3,812,421,3,2,1,A
744_05-03_crop_03.jpg,bg_to_strip_inclusion,25,12,811,435,4,4,1,A
744_05-03_crop_03.jpg,bg_to_strip_inclusion,26,15,904,453,5,8,1,A
744_05-03_crop_03.jpg,bg_to_strip_inclusion,27,7,903,462,1,7,1,A
744_05-03_crop_03.jpg,bg_to_strip_inclusion,28,11,902,471,1,11,1,A
744_05-03_crop_03.jpg,bg_to_strip_inclusion,30,3,360,497,1,3,1,A
744_05-03_crop_03.jpg,bg_to_strip_inclusion,31,2,354,500,1,2,1,A
744_05-03_crop_03.jpg,bg_to_strip_inclusion,32,3,361,501,1,3,1,A
744_05-03_crop_03.jpg,bg_to_strip_inclusion,33,5,907,503,1,5,1,A
744_05-03_crop_03.jpg,bg_to_strip_inclusion,34,4,362,509,1,4,1,A
744_05-03_crop_03.jpg,bg_to_strip_inclusion,37,2,909,517,1,2,1,A
744_05-03_crop_03.jpg,bg_to_strip_inclusion,40,2,360,521,1,2,1,A
744_05-03_crop_03.jpg,bg_to_strip_inclusion,41,3,905,523,1,3,1,A
744_05-03_crop_03.jpg,bg_to_strip_inclusion,45,2,351,549,1,2,1,A
744_05-03_crop_03.jpg,bg_to_strip_inclusion,46,15,350,554,1,15,1,A
744_05-03_crop_03.jpg,bg_to_strip_inclusion,47,2,349,585,1,2,1,A
744_05-03_crop_03.jpg,bg_to_strip_inclusion,48,2,348,589,1,2,1,A
744_05-03_crop_03.jpg,bg_to_strip_inclusion,50,2,347,593,1,2,1,A
744_05-03_crop_03.jpg,bg_to_strip_inclusion,52,2,346,597,1,2,1,A
744_05-03_crop_03.jpg,bg_to_strip_inclusion,53,2,352,597,1,2,1,A
744_05-03_crop_03.jpg,bg_to_strip_inclusion,54,3,345,600,1,3,1,A
744_05-03_crop_03.jpg,bg_to_strip_inclusion,55,13,344,606,2,10,1,A
744_05-03_crop_03.jpg,bg_to_strip_inclusion,56,41,920,651,5,13,1,A
744_05-03_crop_03.jpg,bg_to_strip_inclusion,58,2,250,698,1,2,1,A
744_05-03_crop_03.jpg,bg_to_strip_inclusion,60,3,250,704,1,3,1,A
744_05-03_crop_03.jpg,bg_to_strip_inclusion,61,2,244,708,1,2,1,A
744_05-03_crop_03.jpg,bg_to_strip_inclusion,62,12,248,708,2,12,1,A
744_05-03_crop_03.jpg,bg_to_strip_inclusion,63,3,243,717,1,3,1,A
744_05-03_crop_03.jpg,bg_to_strip_inclusion,64,15,242,724,2,14,1,A
744_05-03_crop_03.jpg,bg_to_strip_inclusion,65,12,248,733,2,11,1,A
744_05-03_crop_03.jpg,bg_to_strip_inclusion,66,2,244,740,1,2,1,A
744_05-03_crop_03.jpg,bg_to_strip_inclusion,68,11,246,745,5,5,1,A
744_05-03_crop_03.jpg,bg_to_strip_inclusion,69,2,937,788,2,1,1,A
744_05-03_crop_03.jpg,bg_to_strip_inclusion,70,2,938,791,1,2,1,A
744_05-03_crop_03.jpg,bg_to_strip_inclusion,72,5,303,1016,1,5,1,A
744_05-04_crop_00.jpg,bg_to_strip_inclusion,1,3,891,14,1,3,1,A
744_05-04_crop_00.jpg,bg_to_strip_inclusion,3,3,892,25,1,3,1,A
744_05-04_crop_00.jpg,bg_to_strip_inclusion,4,6,888,28,1,6,1,A
744_05-04_crop_00.jpg,bg_to_strip_inclusion,6,12,889,40,1,12,1,A
744_05-04_crop_00.jpg,bg_to_strip_inclusion,7,3,888,55,1,3,1,A
744_05-04_crop_00.jpg,bg_to_strip_inclusion,9,8,888,71,3,8,1,A
744_05-04_crop_00.jpg,bg_to_strip_inclusion,10,2,887,80,1,2,1,A
744_05-04_crop_00.jpg,bg_to_strip_inclusion,12,5,877,89,2,5,1,A
744_05-04_crop_00.jpg,bg_to_strip_inclusion,13,5,904,91,3,3,1,A
744_05-04_crop_00.jpg,bg_to_strip_inclusion,14,6,876,95,1,6,1,A
744_05-04_crop_00.jpg,bg_to_strip_inclusion,15,3,906,103,1,3,1,A
744_05-04_crop_00.jpg,bg_to_strip_inclusion,16,2,876,112,1,2,1,A
744_05-04_crop_00.jpg,bg_to_strip_inclusion,17,2,956,125,1,2,1,A
744_05-04_crop_00.jpg,bg_to_strip_inclusion,18,3,955,128,1,3,1,A
744_05-04_crop_00.jpg,bg_to_strip_inclusion,19,16,956,139,2,14,1,A
744_05-04_crop_00.jpg,bg_to_strip_inclusion,20,14,113,153,6,4,1,A
744_05-04_crop_00.jpg,bg_to_strip_inclusion,22,13,114,164,3,12,1,A
744_05-04_crop_00.jpg,bg_to_strip_inclusion,23,2,117,178,1,2,1,A
744_05-04_crop_00.jpg,bg_to_strip_inclusion,25,37,355,197,2,29,1,A
744_05-04_crop_00.jpg,bg_to_strip_inclusion,26,6,350,238,1,6,1,A
744_05-04_crop_00.jpg,bg_to_strip_inclusion,27,2,355,241,1,2,1,A
744_05-04_crop_00.jpg,bg_to_strip_inclusion,29,37,5,257,6,23,1,A
744_05-04_crop_00.jpg,bg_to_strip_inclusion,30,5,100,261,4,3,1,A
744_05-04_crop_00.jpg,bg_to_strip_inclusion,31,10,103,265,2,9,1,A
744_05-04_crop_00.jpg,bg_to_strip_inclusion,32,13,97,270,2,11,1,A
744_05-04_crop_00.jpg,bg_to_strip_inclusion,33,11,7,285,3,5,1,A
744_05-04_crop_00.jpg,bg_to_strip_inclusion,34,19,602,314,4,13,1,A
744_05-04_crop_00.jpg,bg_to_strip_inclusion,35,8,601,337,1,8,3,C
744_05-04_crop_00.jpg,bg_to_strip_inclusion,38,135,385,510,10,33,1,A
744_05-04_crop_00.jpg,bg_to_strip_inclusion,40,30,372,565,3,17,1,A
744_05-04_crop_00.jpg,bg_to_strip_inclusion,41,22,939,564,4,12,1,A
744_05-04_crop_00.jpg,bg_to_strip_inclusion,42,2,376,569,1,2,1,A
744_05-04_crop_00.jpg,bg_to_strip_inclusion,44,7,377,575,1,7,1,A
744_05-04_crop_00.jpg,bg_to_strip_inclusion,45,22,378,583,2,17,1,A
744_05-04_crop_00.jpg,bg_to_strip_inclusion,46,3,928,632,1,3,1,A
744_05-04_crop_00.jpg,bg_to_strip_inclusion,47,16,933,634,1,16,1,A
744_05-04_crop_00.jpg,bg_to_strip_inclusion,48,11,927,637,1,11,1,A
744_05-04_crop_00.jpg,bg_to_strip_inclusion,49,7,928,649,3,5,1,A
744_05-04_crop_00.jpg,bg_to_strip_inclusion,50,14,122,664,3,13,1,A
744_05-04_crop_00.jpg,bg_to_strip_inclusion,52,18,902,740,4,11,1,A
744_05-04_crop_00.jpg,bg_to_strip_inclusion,54,33,902,760,7,15,1,A
744_05-04_crop_00.jpg,bg_to_strip_inclusion,55,17,927,773,6,8,1,A
744_05-04_crop_00.jpg,bg_to_strip_inclusion,56,2,926,782,1,2,1,A
744_05-04_crop_00.jpg,bg_to_strip_inclusion,57,4,932,782,1,4,1,A
744_05-04_crop_00.jpg,bg_to_strip_inclusion,58,5,931,789,1,5,1,A
744_05-04_crop_00.jpg,bg_to_strip_inclusion,59,30,926,795,9,16,1,A
744_05-04_crop_00.jpg,bg_to_strip_inclusion,60,24,908,819,4,11,1,A
744_05-04_crop_00.jpg,bg_to_strip_inclusion,62,23,905,871,4,17,1,A
744_05-04_crop_00.jpg,bg_to_strip_inclusion,63,2,876,898,1,2,1,A
744_05-04_crop_00.jpg,bg_to_strip_inclusion,64,3,883,901,1,3,1,A
744_05-04_crop_00.jpg,bg_to_strip_inclusion,65,209,904,901,6,70,1,A
744_05-04_crop_00.jpg,bg_to_strip_inclusion,66,3,877,902,1,3,1,A
744_05-04_crop_00.jpg,bg_to_strip_inclusion,67,3,878,906,1,3,1,A
744_05-04_crop_00.jpg,bg_to_strip_inclusion,69,3,434,911,1,3,1,A
744_05-04_crop_00.jpg,bg_to_strip_inclusion,70,4,879,910,1,4,1,A
744_05-04_crop_00.jpg,bg_to_strip_inclusion,72,5,435,915,2,5,1,A
744_05-04_crop_00.jpg,bg_to_strip_inclusion,74,6,887,922,1,6,1,A
744_05-04_crop_00.jpg,bg_to_strip_inclusion,75,14,950,928,5,6,1,A
744_05-04_crop_00.jpg,bg_to_strip_inclusion,76,2,881,935,1,2,1,A
744_05-04_crop_00.jpg,bg_to_strip_inclusion,77,7,899,942,1,7,1,A
744_05-04_crop_00.jpg,bg_to_strip_inclusion,78,162,439,947,8,27,3,C
744_05-04_crop_01.jpg,bg_to_strip_inclusion,1,109,949,91,8,19,1,A
744_05-04_crop_01.jpg,bg_to_strip_inclusion,2,10,455,92,3,9,1,A
744_05-04_crop_01.jpg,bg_to_strip_inclusion,3,7,459,92,2,7,1,A
744_05-04_crop_01.jpg,bg_to_strip_inclusion,4,7,457,101,4,5,1,A
744_05-04_crop_01.jpg,bg_to_strip_inclusion,5,14,402,191,5,7,1,A
744_05-04_crop_01.jpg,bg_to_strip_inclusion,6,15,491,198,2,11,1,A
744_05-04_crop_01.jpg,bg_to_strip_inclusion,7,30,402,204,6,12,1,A
744_05-04_crop_01.jpg,bg_to_strip_inclusion,8,11,498,208,1,11,1,A
744_05-04_crop_01.jpg,bg_to_strip_inclusion,9,8,494,240,4,3,1,A
744_05-04_crop_01.jpg,bg_to_strip_inclusion,10,16,420,244,5,6,1,A
744_05-04_crop_01.jpg,bg_to_strip_inclusion,12,75,458,285,5,19,1,A
744_05-04_crop_01.jpg,bg_to_strip_inclusion,13,34,497,348,6,19,1,A
744_05-04_crop_01.jpg,bg_to_strip_inclusion,14,6,450,353,1,6,1,A
744_05-04_crop_01.jpg,bg_to_strip_inclusion,16,42,499,359,5,20,1,A
744_05-04_crop_01.jpg,bg_to_strip_inclusion,17,5,451,360,1,5,1,A
744_05-04_crop_01.jpg,bg_to_strip_inclusion,18,14,838,365,5,9,1,A
744_05-04_crop_01.jpg,bg_to_strip_inclusion,19,14,458,373,1,14,1,A
744_05-04_crop_01.jpg,bg_to_strip_inclusion,20,8,456,388,2,7,1,A
744_05-04_crop_01.jpg,bg_to_strip_inclusion,21,2,448,420,2,2,1,A
744_05-04_crop_01.jpg,bg_to_strip_inclusion,22,8,452,421,1,8,1,A
744_05-04_crop_01.jpg,bg_to_strip_inclusion,23,11,515,421,4,7,1,A
744_05-04_crop_01.jpg,bg_to_strip_inclusion,24,61,444,428,6,36,1,A
744_05-04_crop_01.jpg,bg_to_strip_inclusion,25,36,515,453,6,24,1,A
744_05-04_crop_01.jpg,bg_to_strip_inclusion,26,3,512,454,1,3,1,A
744_05-04_crop_01.jpg,bg_to_strip_inclusion,28,7,525,546,1,7,1,A
744_05-04_crop_01.jpg,bg_to_strip_inclusion,29,8,525,560,1,8,1,A
744_05-04_crop_01.jpg,bg_to_strip_inclusion,30,24,522,570,3,23,1,A
744_05-04_crop_01.jpg,bg_to_strip_inclusion,31,9,521,598,1,9,1,A
744_05-04_crop_01.jpg,bg_to_strip_inclusion,32,22,461,606,6,19,1,A
744_05-04_crop_01.jpg,bg_to_strip_inclusion,33,2,515,606,1,2,1,A
744_05-04_crop_01.jpg,bg_to_strip_inclusion,34,4,521,608,1,4,1,A
744_05-04_crop_01.jpg,bg_to_strip_inclusion,36,18,466,626,3,14,1,A
744_05-04_crop_01.jpg,bg_to_strip_inclusion,37,3,525,628,1,3,1,A
744_05-04_crop_01.jpg,bg_to_strip_inclusion,38,2,519,632,1,2,1,A
744_05-04_crop_01.jpg,bg_to_strip_inclusion,39,3,526,632,1,3,1,A
744_05-04_crop_01.jpg,bg_to_strip_inclusion,40,33,521,638,7,24,1,A
744_05-04_crop_01.jpg,bg_to_strip_inclusion,41,131,666,638,8,22,1,A
744_05-04_crop_01.jpg,bg_to_strip_inclusion,42,15,464,646,2,12,1,A
744_05-04_crop_01.jpg,bg_to_strip_inclusion,43,4,466,663,1,4,1,A
744_05-04_crop_01.jpg,bg_to_strip_inclusion,45,2,467,671,1,2,1,A
744_05-04_crop_01.jpg,bg_to_strip_inclusion,48,5,468,715,1,5,1,A
744_05-04_crop_01.jpg,bg_to_strip_inclusion,49,5,474,728,1,5,1,A
744_05-04_crop_01.jpg,bg_to_strip_inclusion,50,14,532,732,4,7,1,A
744_05-04_crop_01.jpg,bg_to_strip_inclusion,51,4,537,737,1,4,1,A
744_05-04_crop_01.jpg,bg_to_strip_inclusion,52,2,473,739,1,2,1,A
744_05-04_crop_01.jpg,bg_to_strip_inclusion,53,47,222,740,7,36,1,A
744_05-04_crop_01.jpg,bg_to_strip_inclusion,54,3,472,745,1,3,1,A
744_05-04_crop_01.jpg,bg_to_strip_inclusion,57,5,467,748,1,5,1,A
744_05-04_crop_01.jpg,bg_to_strip_inclusion,58,5,222,758,1,5,1,A
744_05-04_crop_01.jpg,bg_to_strip_inclusion,62,2,538,772,1,2,1,A
744_05-04_crop_01.jpg,bg_to_strip_inclusion,63,13,539,775,5,5,1,A
744_05-04_crop_01.jpg,bg_to_strip_inclusion,64,5,229,777,1,5,1,A
744_05-04_crop_01.jpg,bg_to_strip_inclusion,67,2,477,782,1,2,1,A
744_05-04_crop_01.jpg,bg_to_strip_inclusion,68,3,230,785,1,3,1,A
744_05-04_crop_01.jpg,bg_to_strip_inclusion,69,2,478,786,1,2,1,A
744_05-04_crop_01.jpg,bg_to_strip_inclusion,70,15,753,786,1,15,1,A
744_05-04_crop_01.jpg,bg_to_strip_inclusion,71,2,231,791,1,2,1,A
744_05-04_crop_01.jpg,bg_to_strip_inclusion,72,2,479,790,1,2,1,A
744_05-04_crop_01.jpg,bg_to_strip_inclusion,73,5,749,791,1,5,1,A
744_05-04_crop_01.jpg,bg_to_strip_inclusion,74,2,226,792,1,2,1,A
744_05-04_crop_01.jpg,bg_to_strip_inclusion,75,49,227,796,8,28,1,A
744_05-04_crop_01.jpg,bg_to_strip_inclusion,76,2,483,818,1,2,1,A
744_05-04_crop_01.jpg,bg_to_strip_inclusion,78,2,489,839,1,2,1,A
744_05-04_crop_01.jpg,bg_to_strip_inclusion,79,31,6,842,6,11,1,A
744_05-04_crop_01.jpg,bg_to_strip_inclusion,80,11,490,842,3,10,1,A
744_05-04_crop_01.jpg,bg_to_strip_inclusion,83,2,13,860,1,2,1,A
744_05-04_crop_01.jpg,bg_to_strip_inclusion,84,2,12,863,1,2,1,A
744_05-04_crop_01.jpg,bg_to_strip_inclusion,85,2,756,885,1,2,1,A
744_05-04_crop_01.jpg,bg_to_strip_inclusion,86,2,757,889,1,2,1,A
744_05-04_crop_01.jpg,bg_to_strip_inclusion,88,7,308,907,3,7,1,A
744_05-04_crop_01.jpg,bg_to_strip_inclusion,89,6,15,911,2,6,1,A
744_05-04_crop_01.jpg,bg_to_strip_inclusion,91,40,12,916,5,16,1,A
744_05-04_crop_01.jpg,bg_to_strip_inclusion,92,7,1009,924,3,6,1,A
744_05-04_crop_01.jpg,bg_to_strip_inclusion,93,4,507,931,3,3,1,A
744_05-04_crop_01.jpg,bg_to_strip_inclusion,94,4,505,932,1,4,1,A
744_05-04_crop_01.jpg,bg_to_strip_inclusion,96,6,1007,935,1,6,1,A
744_05-04_crop_01.jpg,bg_to_strip_inclusion,97,32,12,941,6,13,1,A
744_05-04_crop_01.jpg,bg_to_strip_inclusion,100,2,511,948,1,2,1,A
744_05-04_crop_01.jpg,bg_to_strip_inclusion,102,4,515,966,1,4,1,A
744_05-04_crop_01.jpg,bg_to_strip_inclusion,103,13,329,977,5,4,1,A
744_05-04_crop_01.jpg,bg_to_strip_inclusion,104,4,516,980,1,4,1,A
744_05-04_crop_01.jpg,bg_to_strip_inclusion,105,3,329,989,1,3,1,A
744_05-04_crop_01.jpg,bg_to_strip_inclusion,106,2,517,991,1,2,1,A
744_05-04_crop_01.jpg,bg_to_strip_inclusion,107,2,330,993,1,2,1,A
744_05-04_crop_01.jpg,bg_to_strip_inclusion,108,18,1010,996,5,7,1,A
744_05-04_crop_01.jpg,bg_to_strip_inclusion,109,2,1011,1010,1,2,1,A
744_05-04_crop_01.jpg,bg_to_strip_inclusion,110,2,1017,1011,1,2,1,A
744_05-04_crop_01.jpg,bg_to_strip_inclusion,111,5,520,1015,1,5,1,A
744_06-01_crop_00.jpg,bg_to_strip_inclusion,1,2,364,56,1,2,1,A
744_06-01_crop_00.jpg,bg_to_strip_inclusion,2,2,368,57,1,2,1,A
744_06-01_crop_00.jpg,bg_to_strip_inclusion,3,2,365,73,1,2,1,A
744_06-01_crop_00.jpg,bg_to_strip_inclusion,5,3,371,80,1,3,1,A
744_06-01_crop_00.jpg,bg_to_strip_inclusion,6,2,372,85,1,2,1,A
744_06-01_crop_00.jpg,bg_to_strip_inclusion,8,2,373,89,1,2,1,A
744_06-01_crop_00.jpg,bg_to_strip_inclusion,9,23,373,101,3,14,1,A
744_06-01_crop_00.jpg,bg_to_strip_inclusion,11,4,376,113,1,4,1,A
744_06-01_crop_00.jpg,bg_to_strip_inclusion,12,4,377,121,1,4,1,A
744_06-01_crop_00.jpg,bg_to_strip_inclusion,13,60,327,186,5,32,1,A
744_06-01_crop_00.jpg,bg_to_strip_inclusion,14,3,995,255,1,3,1,A
744_06-01_crop_00.jpg,bg_to_strip_inclusion,15,4,948,381,2,4,1,A
744_06-01_crop_00.jpg,bg_to_strip_inclusion,16,16,944,382,3,13,1,A
744_06-01_crop_00.jpg,bg_to_strip_inclusion,17,30,393,456,5,11,1,A
744_06-01_crop_00.jpg,bg_to_strip_inclusion,18,48,948,460,5,32,1,A
744_06-01_crop_00.jpg,bg_to_strip_inclusion,20,5,953,479,1,5,1,A
744_06-01_crop_00.jpg,bg_to_strip_inclusion,21,9,394,499,4,7,1,A
744_06-01_crop_00.jpg,bg_to_strip_inclusion,22,2,949,499,1,2,1,A
744_06-01_crop_00.jpg,bg_to_strip_inclusion,23,2,954,500,1,2,1,A
744_06-01_crop_00.jpg,bg_to_strip_inclusion,24,3,953,503,1,3,1,A
744_06-01_crop_00.jpg,bg_to_strip_inclusion,25,15,493,564,4,10,1,A
744_06-01_crop_00.jpg,bg_to_strip_inclusion,26,45,104,570,5,23,1,A
744_06-01_crop_00.jpg,bg_to_strip_inclusion,27,2,102,574,1,2,1,A
744_06-01_crop_00.jpg,bg_to_strip_inclusion,28,39,497,575,5,29,1,A
744_06-01_crop_00.jpg,bg_to_strip_inclusion,29,6,940,605,4,2,1,A
744_06-01_crop_00.jpg,bg_to_strip_inclusion,32,6,939,618,2,6,1,A
744_06-01_crop_00.jpg,bg_to_strip_inclusion,33,52,132,633,5,12,1,A
744_06-01_crop_00.jpg,bg_to_strip_inclusion,34,9,107,639,5,9,1,A
744_06-01_crop_00.jpg,bg_to_strip_inclusion,38,2,113,652,1,2,1,A
744_06-01_crop_00.jpg,bg_to_strip_inclusion,39,2,107,654,1,2,1,A
744_06-01_crop_00.jpg,bg_to_strip_inclusion,40,4,114,656,1,4,1,A
744_06-01_crop_00.jpg,bg_to_strip_inclusion,42,2,108,661,1,2,1,A
744_06-01_crop_00.jpg,bg_to_strip_inclusion,43,6,115,662,1,6,1,A
744_06-01_crop_00.jpg,bg_to_strip_inclusion,44,4,109,670,1,4,1,A
744_06-01_crop_00.jpg,bg_to_strip_inclusion,45,7,116,672,1,7,1,A
744_06-01_crop_00.jpg,bg_to_strip_inclusion,47,8,110,679,1,8,1,A
744_06-01_crop_00.jpg,bg_to_strip_inclusion,52,4,351,704,3,4,1,A
744_06-01_crop_00.jpg,bg_to_strip_inclusion,54,5,118,712,1,5,1,A
744_06-01_crop_00.jpg,bg_to_strip_inclusion,55,43,415,713,9,10,1,A
744_06-01_crop_00.jpg,bg_to_strip_inclusion,56,3,424,723,1,3,1,A
744_06-01_crop_00.jpg,bg_to_strip_inclusion,57,3,510,729,2,3,1,A
744_06-01_crop_00.jpg,bg_to_strip_inclusion,58,11,351,739,4,5,1,A
744_06-01_crop_00.jpg,bg_to_strip_inclusion,59,3,425,779,1,3,1,A
744_06-01_crop_00.jpg,bg_to_strip_inclusion,63,2,516,818,1,2,1,A
744_06-01_crop_00.jpg,bg_to_strip_inclusion,67,2,527,836,1,2,1,A
744_06-01_crop_00.jpg,bg_to_strip_inclusion,69,10,531,861,1,10,1,A
744_06-01_crop_00.jpg,bg_to_strip_inclusion,70,5,525,880,1,5,1,A
744_06-01_crop_00.jpg,bg_to_strip_inclusion,72,16,526,887,4,16,1,A
744_06-01_crop_00.jpg,bg_to_strip_inclusion,73,2,534,892,1,2,1,A
744_06-01_crop_00.jpg,bg_to_strip_inclusion,74,54,535,898,3,32,1,A
744_06-01_crop_00.jpg,bg_to_strip_inclusion,75,4,530,907,1,4,1,A
744_06-01_crop_00.jpg,bg_to_strip_inclusion,77,82,393,941,7,17,1,A
744_06-01_crop_00.jpg,bg_to_strip_inclusion,78,77,439,952,6,33,1,A
744_06-01_crop_00.jpg,bg_to_strip_inclusion,79,26,439,984,4,23,1,A
744_06-01_crop_01.jpg,bg_to_strip_inclusion,1,53,374,10,6,22,1,A
744_06-01_crop_01.jpg,bg_to_strip_inclusion,2,9,986,117,4,5,1,A
744_06-01_crop_01.jpg,bg_to_strip_inclusion,4,3,986,128,1,3,1,A
744_06-01_crop_01.jpg,bg_to_strip_inclusion,5,17,987,132,5,12,1,A
744_06-01_crop_01.jpg,bg_to_strip_inclusion,6,16,997,182,1,16,1,A
744_06-01_crop_01.jpg,bg_to_strip_inclusion,9,8,202,227,2,6,1,A
744_06-01_crop_01.jpg,bg_to_strip_inclusion,11,5,366,234,4,2,1,A
744_06-01_crop_01.jpg,bg_to_strip_inclusion,12,10,1011,245,3,7,2,B
744_06-01_crop_01.jpg,bg_to_strip_inclusion,13,26,1010,288,2,23,1,A
744_06-01_crop_01.jpg,bg_to_strip_inclusion,14,6,1015,289,1,6,1,A
744_06-01_crop_01.jpg,bg_to_strip_inclusion,15,5,1016,296,1,5,1,A
744_06-01_crop_01.jpg,bg_to_strip_inclusion,17,6,1018,315,1,6,1,A
744_06-01_crop_01.jpg,bg_to_strip_inclusion,18,14,1012,318,6,7,1,A
744_06-01_crop_01.jpg,bg_to_strip_inclusion,19,79,385,342,6,31,1,A
744_06-01_crop_01.jpg,bg_to_strip_inclusion,20,27,682,424,3,11,1,A
744_06-01_crop_01.jpg,bg_to_strip_inclusion,22,11,420,583,2,11,1,A
744_06-01_crop_01.jpg,bg_to_strip_inclusion,23,4,426,583,1,4,1,A
744_06-01_crop_01.jpg,bg_to_strip_inclusion,24,2,425,590,1,2,1,A
744_06-01_crop_01.jpg,bg_to_strip_inclusion,26,6,421,596,3,4,1,A
744_06-01_crop_01.jpg,bg_to_strip_inclusion,30,52,261,779,12,22,2,B
744_06-01_crop_01.jpg,bg_to_strip_inclusion,31,42,340,786,6,19,1,A
744_06-01_crop_01.jpg,bg_to_strip_inclusion,32,16,276,834,4,8,1,A
744_06-01_crop_01.jpg,bg_to_strip_inclusion,33,9,273,837,3,8,1,A
744_06-01_crop_01.jpg,bg_to_strip_inclusion,35,2,272,846,1,2,1,A
744_06-01_crop_01.jpg,bg_to_strip_inclusion,36,2,271,849,1,2,1,A
744_06-01_crop_01.jpg,bg_to_strip_inclusion,38,3,337,941,2,3,1,A
744_06-01_crop_01.jpg,bg_to_strip_inclusion,40,33,962,1006,4,16,1,A
744_06-02_crop_00.jpg,bg_to_strip_inclusion,1,20,440,0,4,11,1,A
744_06-02_crop_00.jpg,bg_to_strip_inclusion,2,3,444,7,1,3,1,A
744_06-02_crop_00.jpg,bg_to_strip_inclusion,3,76,238,19,6,15,1,A
744_06-02_crop_00.jpg,bg_to_strip_inclusion,4,15,440,21,2,12,1,A
744_06-02_crop_00.jpg,bg_to_strip_inclusion,5,14,445,20,1,14,1,A
744_06-02_crop_00.jpg,bg_to_strip_inclusion,6,35,372,23,5,21,1,A
744_06-02_crop_00.jpg,bg_to_strip_inclusion,7,5,792,22,1,5,1,A
744_06-02_crop_00.jpg,bg_to_strip_inclusion,8,10,377,27,1,10,1,A
744_06-02_crop_00.jpg,bg_to_strip_inclusion,9,35,86,28,5,14,1,A
744_06-02_crop_00.jpg,bg_to_strip_inclusion,10,15,792,31,2,12,1,A
744_06-02_crop_00.jpg,bg_to_strip_inclusion,11,7,85,47,1,7,1,A
744_06-02_crop_00.jpg,bg_to_strip_inclusion,12,48,82,57,7,20,1,A
744_06-02_crop_00.jpg,bg_to_strip_inclusion,13,15,870,60,5,7,1,A
744_06-02_crop_00.jpg,bg_to_strip_inclusion,16,5,869,68,1,5,1,A
744_06-02_crop_00.jpg,bg_to_strip_inclusion,17,5,128,74,1,5,1,A
744_06-02_crop_00.jpg,bg_to_strip_inclusion,18,11,874,80,1,11,1,A
744_06-02_crop_00.jpg,bg_to_strip_inclusion,21,3,375,94,1,3,1,A
744_06-02_crop_00.jpg,bg_to_strip_inclusion,22,14,444,97,1,14,1,A
744_06-02_crop_00.jpg,bg_to_strip_inclusion,23,26,310,103,6,20,1,A
744_06-02_crop_00.jpg,bg_to_strip_inclusion,24,6,375,102,1,6,1,A
744_06-02_crop_00.jpg,bg_to_strip_inclusion,25,6,870,102,1,6,3,C
744_06-02_crop_00.jpg,bg_to_strip_inclusion,26,16,128,107,1,16,1,A
744_06-02_crop_00.jpg,bg_to_strip_inclusion,27,2,374,109,1,2,1,A
744_06-02_crop_00.jpg,bg_to_strip_inclusion,28,5,133,110,1,5,1,A
744_06-02_crop_00.jpg,bg_to_strip_inclusion,30,2,372,116,1,2,1,A
744_06-02_crop_00.jpg,bg_to_strip_inclusion,31,3,445,119,1,3,1,A
744_06-02_crop_00.jpg,bg_to_strip_inclusion,32,2,311,123,1,2,1,A
744_06-02_crop_00.jpg,bg_to_strip_inclusion,34,44,312,127,8,14,1,A
744_06-02_crop_00.jpg,bg_to_strip_inclusion,36,3,374,133,2,3,1,A
744_06-02_crop_00.jpg,bg_to_strip_inclusion,37,2,455,143,1,2,1,A
744_06-02_crop_00.jpg,bg_to_strip_inclusion,39,103,134,169,16,33,1,A
744_06-02_crop_00.jpg,bg_to_strip_inclusion,40,11,253,172,5,9,1,A
744_06-02_crop_00.jpg,bg_to_strip_inclusion,41,5,253,186,1,5,1,A
744_06-02_crop_00.jpg,bg_to_strip_inclusion,43,21,254,192,6,11,1,A
744_06-02_crop_00.jpg,bg_to_strip_inclusion,45,2,462,194,1,2,1,A
744_06-02_crop_00.jpg,bg_to_strip_inclusion,46,3,457,196,1,3,1,A
744_06-02_crop_00.jpg,bg_to_strip_inclusion,47,2,463,198,1,2,1,A
744_06-02_crop_00.jpg,bg_to_strip_inclusion,48,6,458,200,1,6,1,A
744_06-02_crop_00.jpg,bg_to_strip_inclusion,49,14,487,200,3,11,1,A
744_06-02_crop_00.jpg,bg_to_strip_inclusion,50,4,459,211,1,4,1,A
744_06-02_crop_00.jpg,bg_to_strip_inclusion,51,6,836,213,4,3,1,A
744_06-02_crop_00.jpg,bg_to_strip_inclusion,52,26,460,221,7,9,1,A
744_06-02_crop_00.jpg,bg_to_strip_inclusion,55,30,481,244,6,14,1,A
744_06-02_crop_00.jpg,bg_to_strip_inclusion,57,2,264,246,2,2,1,A
744_06-02_crop_00.jpg,bg_to_strip_inclusion,59,2,261,249,1,2,1,A
744_06-02_crop_00.jpg,bg_to_strip_inclusion,60,5,849,249,3,4,1,A
744_06-02_crop_00.jpg,bg_to_strip_inclusion,61,7,266,250,1,7,1,A
744_06-02_crop_00.jpg,bg_to_strip_inclusion,63,2,485,263,1,2,1,A
744_06-02_crop_00.jpg,bg_to_strip_inclusion,64,4,481,265,1,4,1,A
744_06-02_crop_00.jpg,bg_to_strip_inclusion,65,42,264,267,2,26,1,A
744_06-02_crop_00.jpg,bg_to_strip_inclusion,66,24,92,268,3,20,1,A
744_06-02_crop_00.jpg,bg_to_strip_inclusion,67,3,483,268,2,3,1,A
744_06-02_crop_00.jpg,bg_to_strip_inclusion,68,21,99,288,1,21,1,A
744_06-02_crop_00.jpg,bg_to_strip_inclusion,70,9,262,293,1,9,1,A
744_06-02_crop_00.jpg,bg_to_strip_inclusion,71,9,95,297,1,9,1,A
744_06-02_crop_00.jpg,bg_to_strip_inclusion,73,4,261,303,1,4,1,A
744_06-02_crop_00.jpg,bg_to_strip_inclusion,74,3,158,307,1,3,1,A
744_06-02_crop_00.jpg,bg_to_strip_inclusion,76,2,163,310,1,2,1,A
744_06-02_crop_00.jpg,bg_to_strip_inclusion,77,7,159,314,4,3,1,A
744_06-02_crop_00.jpg,bg_to_strip_inclusion,78,11,268,315,1,11,1,A
744_06-02_crop_00.jpg,bg_to_strip_inclusion,79,6,468,321,4,2,1,A
744_06-02_crop_00.jpg,bg_to_strip_inclusion,80,19,262,322,2,17,1,A
744_06-02_crop_00.jpg,bg_to_strip_inclusion,81,50,374,325,5,30,1,A
744_06-02_crop_00.jpg,bg_to_strip_inclusion,82,20,467,328,2,16,1,A
744_06-02_crop_00.jpg,bg_to_strip_inclusion,83,24,170,330,4,13,1,A
744_06-02_crop_00.jpg,bg_to_strip_inclusion,85,26,470,336,5,13,1,A
744_06-02_crop_00.jpg,bg_to_strip_inclusion,86,49,377,343,6,32,1,A
744_06-02_crop_00.jpg,bg_to_strip_inclusion,87,26,174,344,6,25,1,A
744_06-02_crop_00.jpg,bg_to_strip_inclusion,88,9,108,365,2,8,1,A
744_06-02_crop_00.jpg,bg_to_strip_inclusion,89,4,105,367,1,4,1,A
744_06-02_crop_00.jpg,bg_to_strip_inclusion,91,2,180,371,1,2,1,A
744_06-02_crop_00.jpg,bg_to_strip_inclusion,92,2,175,373,1,2,1,A
744_06-02_crop_00.jpg,bg_to_strip_inclusion,93,6,176,386,4,5,1,A
744_06-02_crop_00.jpg,bg_to_strip_inclusion,94,10,110,399,1,10,1,A
744_06-02_crop_00.jpg,bg_to_strip_inclusion,95,3,13,404,3,1,1,A
744_06-02_crop_00.jpg,bg_to_strip_inclusion,97,13,109,413,1,13,1,A
744_06-02_crop_00.jpg,bg_to_strip_inclusion,98,7,109,436,3,5,1,A
744_06-02_crop_00.jpg,bg_to_strip_inclusion,99,7,175,466,1,7,1,A
744_06-02_crop_00.jpg,bg_to_strip_inclusion,100,10,928,489,4,5,1,A
744_06-02_crop_00.jpg,bg_to_strip_inclusion,101,3,927,495,1,3,1,A
744_06-02_crop_00.jpg,bg_to_strip_inclusion,102,2,125,501,1,2,1,A
744_06-02_crop_00.jpg,bg_to_strip_inclusion,103,2,931,500,1,2,1,A
744_06-02_crop_00.jpg,bg_to_strip_inclusion,104,4,126,507,1,4,1,A
744_06-02_crop_00.jpg,bg_to_strip_inclusion,105,60,926,507,4,32,1,A
744_06-02_crop_00.jpg,bg_to_strip_inclusion,106,7,122,513,1,7,1,A
744_06-02_crop_00.jpg,bg_to_strip_inclusion,107,2,127,516,1,2,1,A
744_06-02_crop_00.jpg,bg_to_strip_inclusion,108,5,128,528,1,5,1,A
744_06-02_crop_00.jpg,bg_to_strip_inclusion,109,21,122,536,6,10,1,A
744_06-02_crop_00.jpg,bg_to_strip_inclusion,110,11,178,583,4,5,1,A
744_06-02_crop_00.jpg,bg_to_strip_inclusion,111,23,927,598,5,12,1,A
744_06-02_crop_00.jpg,bg_to_strip_inclusion,112,3,179,601,2,3,1,A
744_06-02_crop_00.jpg,bg_to_strip_inclusion,113,80,115,607,6,34,1,A
744_06-02_crop_00.jpg,bg_to_strip_inclusion,115,2,925,611,1,2,1,A
744_06-02_crop_00.jpg,bg_to_strip_inclusion,116,4,924,616,1,4,1,A
744_06-02_crop_00.jpg,bg_to_strip_inclusion,117,92,920,632,8,49,1,A
744_06-02_crop_00.jpg,bg_to_strip_inclusion,118,4,121,637,1,4,1,A
744_06-02_crop_00.jpg,bg_to_strip_inclusion,119,5,332,637,3,3,1,A
744_06-02_crop_00.jpg,bg_to_strip_inclusion,122,15,925,653,2,15,1,A
744_06-02_crop_00.jpg,bg_to_strip_inclusion,123,4,339,663,1,4,1,A
744_06-02_crop_00.jpg,bg_to_strip_inclusion,124,10,1012,748,2,10,1,A
744_06-02_crop_00.jpg,bg_to_strip_inclusion,125,3,380,793,2,2,1,A
744_06-02_crop_00.jpg,bg_to_strip_inclusion,127,6,296,820,1,6,1,A
744_06-02_crop_00.jpg,bg_to_strip_inclusion,129,3,297,827,1,3,1,A
744_06-02_crop_00.jpg,bg_to_strip_inclusion,130,2,291,828,1,2,1,A
744_06-02_crop_00.jpg,bg_to_strip_inclusion,131,34,292,832,6,34,1,A
744_06-02_crop_00.jpg,bg_to_strip_inclusion,132,2,298,833,1,2,1,A
744_06-02_crop_00.jpg,bg_to_strip_inclusion,135,2,302,856,1,2,1,A
744_06-02_crop_00.jpg,bg_to_strip_inclusion,136,15,298,867,5,9,1,A
744_06-02_crop_00.jpg,bg_to_strip_inclusion,137,22,213,884,3,18,1,A
744_06-02_crop_00.jpg,bg_to_strip_inclusion,138,68,304,897,6,27,1,A
744_06-02_crop_00.jpg,bg_to_strip_inclusion,140,30,146,898,4,13,1,A
744_06-02_crop_00.jpg,bg_to_strip_inclusion,142,12,303,909,2,12,1,A
744_06-02_crop_00.jpg,bg_to_strip_inclusion,144,5,172,981,3,3,1,A
744_06-02_crop_00.jpg,bg_to_strip_inclusion,150,2,174,996,1,2,1,A
744_06-02_crop_00.jpg,bg_to_strip_inclusion,151,2,535,997,1,2,1,A
744_06-02_crop_00.jpg,bg_to_strip_inclusion,152,5,175,999,2,5,1,A
744_06-02_crop_00.jpg,bg_to_strip_inclusion,155,13,532,1011,4,10,1,A
744_06-03_crop_00.jpg,bg_to_strip_inclusion,1,18,885,16,7,14,1,A
744_06-03_crop_00.jpg,bg_to_strip_inclusion,2,10,885,24,5,10,1,A
744_06-03_crop_00.jpg,bg_to_strip_inclusion,3,3,893,78,3,3,1,A
744_06-03_crop_00.jpg,bg_to_strip_inclusion,4,12,891,80,1,12,1,A
744_06-03_crop_00.jpg,bg_to_strip_inclusion,5,2,178,87,2,1,1,A
744_06-03_crop_00.jpg,bg_to_strip_inclusion,6,2,899,108,2,2,1,A
744_06-03_crop_00.jpg,bg_to_strip_inclusion,8,2,902,114,1,2,1,A
744_06-03_crop_00.jpg,bg_to_strip_inclusion,10,7,904,124,1,7,1,A
744_06-03_crop_00.jpg,bg_to_strip_inclusion,11,18,901,155,5,8,1,A
744_06-03_crop_00.jpg,bg_to_strip_inclusion,12,11,901,164,5,5,1,A
744_06-03_crop_00.jpg,bg_to_strip_inclusion,13,16,198,171,5,6,1,A
744_06-03_crop_00.jpg,bg_to_strip_inclusion,14,5,203,178,1,5,1,A
744_06-03_crop_00.jpg,bg_to_strip_inclusion,15,2,200,197,1,2,1,A
744_06-03_crop_00.jpg,bg_to_strip_inclusion,16,2,201,200,1,2,1,A
744_06-03_crop_00.jpg,bg_to_strip_inclusion,22,20,216,258,4,15,1,A
744_06-03_crop_00.jpg,bg_to_strip_inclusion,24,4,80,275,1,4,1,A
744_06-03_crop_00.jpg,bg_to_strip_inclusion,26,3,215,274,1,3,1,A
744_06-03_crop_00.jpg,bg_to_strip_inclusion,27,4,85,277,1,4,1,A
744_06-03_crop_00.jpg,bg_to_strip_inclusion,28,8,81,281,1,8,1,A
744_06-03_crop_00.jpg,bg_to_strip_inclusion,29,18,86,285,2,18,1,A
744_06-03_crop_00.jpg,bg_to_strip_inclusion,30,2,216,290,1,2,1,A
744_06-03_crop_00.jpg,bg_to_strip_inclusion,31,4,82,297,1,4,1,A
744_06-03_crop_00.jpg,bg_to_strip_inclusion,33,14,766,343,2,14,1,A
744_06-03_crop_00.jpg,bg_to_strip_inclusion,34,5,767,358,3,5,1,A
744_06-03_crop_00.jpg,bg_to_strip_inclusion,35,8,234,396,1,8,1,A
744_06-03_crop_00.jpg,bg_to_strip_inclusion,36,42,513,401,5,11,1,A
744_06-03_crop_00.jpg,bg_to_strip_inclusion,38,36,136,416,5,9,1,A
744_06-03_crop_00.jpg,bg_to_strip_inclusion,40,7,113,426,3,4,1,A
744_06-03_crop_00.jpg,bg_to_strip_inclusion,43,40,112,431,5,23,1,A
744_06-03_crop_00.jpg,bg_to_strip_inclusion,44,12,117,431,1,12,1,A
744_06-03_crop_00.jpg,bg_to_strip_inclusion,45,2,137,434,1,2,1,A
744_06-03_crop_00.jpg,bg_to_strip_inclusion,47,18,139,443,6,8,1,A
744_06-03_crop_00.jpg,bg_to_strip_inclusion,48,7,515,460,1,7,1,A
744_06-03_crop_00.jpg,bg_to_strip_inclusion,49,9,236,490,2,8,1,A
744_06-03_crop_00.jpg,bg_to_strip_inclusion,50,4,815,505,1,4,1,A
744_06-03_crop_00.jpg,bg_to_strip_inclusion,51,53,151,513,6,21,1,A
744_06-03_crop_00.jpg,bg_to_strip_inclusion,52,8,814,516,1,8,1,A
744_06-03_crop_00.jpg,bg_to_strip_inclusion,53,17,818,520,1,17,1,A
744_06-03_crop_00.jpg,bg_to_strip_inclusion,54,2,156,527,1,2,1,A
744_06-03_crop_00.jpg,bg_to_strip_inclusion,55,2,814,535,1,2,1,A
744_06-03_crop_00.jpg,bg_to_strip_inclusion,56,2,242,540,2,2,1,A
744_06-03_crop_00.jpg,bg_to_strip_inclusion,57,18,245,540,1,18,1,A
744_06-03_crop_00.jpg,bg_to_strip_inclusion,58,3,819,540,1,3,1,A
744_06-03_crop_00.jpg,bg_to_strip_inclusion,59,2,815,542,1,2,1,A
744_06-03_crop_00.jpg,bg_to_strip_inclusion,60,3,241,546,1,3,1,A
744_06-03_crop_00.jpg,bg_to_strip_inclusion,61,34,816,548,5,22,1,A
744_06-03_crop_00.jpg,bg_to_strip_inclusion,62,3,821,556,1,3,1,A
744_06-03_crop_00.jpg,bg_to_strip_inclusion,63,25,239,579,5,13,1,A
744_06-03_crop_00.jpg,bg_to_strip_inclusion,64,2,245,578,1,2,1,A
744_06-03_crop_00.jpg,bg_to_strip_inclusion,65,3,244,584,1,3,1,A
744_06-03_crop_00.jpg,bg_to_strip_inclusion,66,4,28,587,3,3,1,A
744_06-03_crop_00.jpg,bg_to_strip_inclusion,67,4,26,590,1,4,1,A
744_06-03_crop_00.jpg,bg_to_strip_inclusion,68,2,31,593,1,2,1,A
744_06-03_crop_00.jpg,bg_to_strip_inclusion,69,43,27,597,5,30,1,A
744_06-03_crop_00.jpg,bg_to_strip_inclusion,71,66,456,677,5,30,1,A
744_06-03_crop_00.jpg,bg_to_strip_inclusion,73,14,238,701,1,14,1,A
744_06-03_crop_00.jpg,bg_to_strip_inclusion,74,2,241,703,1,2,1,A
744_06-03_crop_00.jpg,bg_to_strip_inclusion,75,2,242,706,1,2,1,A
744_06-03_crop_00.jpg,bg_to_strip_inclusion,76,7,239,719,1,7,1,A
744_06-03_crop_00.jpg,bg_to_strip_inclusion,77,35,248,748,6,12,1,A
744_06-03_crop_00.jpg,bg_to_strip_inclusion,82,13,255,776,4,8,1,A
744_06-03_crop_00.jpg,bg_to_strip_inclusion,83,4,261,778,1,4,1,A
744_06-03_crop_00.jpg,bg_to_strip_inclusion,84,31,484,784,6,11,1,A
744_06-03_crop_00.jpg,bg_to_strip_inclusion,85,2,836,794,1,2,1,A
744_06-03_crop_00.jpg,bg_to_strip_inclusion,86,3,837,798,1,3,1,A
744_06-03_crop_00.jpg,bg_to_strip_inclusion,87,7,838,802,1,7,1,A
744_06-03_crop_00.jpg,bg_to_strip_inclusion,89,5,483,806,1,5,1,A
744_06-03_crop_00.jpg,bg_to_strip_inclusion,90,3,845,822,1,3,1,A
744_06-03_crop_00.jpg,bg_to_strip_inclusion,91,28,261,824,2,19,1,A
744_06-03_crop_00.jpg,bg_to_strip_inclusion,92,5,266,829,1,5,1,A
744_06-03_crop_00.jpg,bg_to_strip_inclusion,94,5,267,839,1,5,1,A
744_06-03_crop_00.jpg,bg_to_strip_inclusion,95,5,0,844,1,5,1,A
744_06-03_crop_00.jpg,bg_to_strip_inclusion,96,2,268,845,1,2,1,A
744_06-03_crop_00.jpg,bg_to_strip_inclusion,98,12,1,850,2,9,1,A
744_06-03_crop_00.jpg,bg_to_strip_inclusion,100,3,266,858,3,3,1,A
744_06-03_crop_00.jpg,bg_to_strip_inclusion,101,18,822,861,5,10,1,A
744_06-03_crop_00.jpg,bg_to_strip_inclusion,103,4,822,876,1,4,1,A
744_06-03_crop_00.jpg,bg_to_strip_inclusion,104,12,823,879,5,7,1,A
744_06-03_crop_00.jpg,bg_to_strip_inclusion,105,5,674,906,1,5,1,A
744_06-03_crop_00.jpg,bg_to_strip_inclusion,109,116,968,979,8,19,3,C
744_06-04_crop_02.jpg,bg_to_strip_inclusion,1,19,188,5,2,17,1,A
744_06-04_crop_02.jpg,bg_to_strip_inclusion,2,38,789,9,5,10,1,A
744_06-04_crop_02.jpg,bg_to_strip_inclusion,3,14,192,19,1,14,1,A
744_06-04_crop_02.jpg,bg_to_strip_inclusion,4,8,24,39,4,5,1,A
744_06-04_crop_02.jpg,bg_to_strip_inclusion,5,2,186,43,1,2,1,A
744_06-04_crop_02.jpg,bg_to_strip_inclusion,6,3,23,45,1,3,1,A
744_06-04_crop_02.jpg,bg_to_strip_inclusion,7,3,191,45,1,3,1,A
744_06-04_crop_02.jpg,bg_to_strip_inclusion,8,18,185,51,1,18,1,A
744_06-04_crop_02.jpg,bg_to_strip_inclusion,9,13,185,72,1,13,1,A
744_06-04_crop_02.jpg,bg_to_strip_inclusion,10,16,191,79,1,16,1,A
744_06-04_crop_02.jpg,bg_to_strip_inclusion,11,30,186,104,1,30,1,A
744_06-04_crop_02.jpg,bg_to_strip_inclusion,12,6,195,180,1,6,1,A
744_06-04_crop_02.jpg,bg_to_strip_inclusion,13,6,190,185,1,6,1,A
744_06-04_crop_02.jpg,bg_to_strip_inclusion,15,7,191,193,1,7,1,A
744_06-04_crop_02.jpg,bg_to_strip_inclusion,16,7,192,201,1,7,1,A
744_06-04_crop_02.jpg,bg_to_strip_inclusion,17,21,193,209,2,20,1,A
744_06-04_crop_02.jpg,bg_to_strip_inclusion,18,2,199,214,1,2,1,A
744_06-04_crop_02.jpg,bg_to_strip_inclusion,19,10,200,228,1,10,1,A
744_06-04_crop_02.jpg,bg_to_strip_inclusion,20,2,47,245,2,2,3,C
744_06-04_crop_02.jpg,bg_to_strip_inclusion,21,35,193,251,2,28,1,A
744_06-04_crop_02.jpg,bg_to_strip_inclusion,22,34,221,397,5,15,1,A
744_06-04_crop_02.jpg,bg_to_strip_inclusion,24,3,224,436,1,3,1,A
744_06-04_crop_02.jpg,bg_to_strip_inclusion,25,4,225,442,1,4,1,A
744_06-04_crop_02.jpg,bg_to_strip_inclusion,26,2,226,448,1,2,1,A
744_06-04_crop_02.jpg,bg_to_strip_inclusion,28,3,229,507,1,3,1,A
744_06-04_crop_02.jpg,bg_to_strip_inclusion,29,12,232,506,3,12,1,A
744_06-04_crop_02.jpg,bg_to_strip_inclusion,31,18,405,533,2,11,1,A
744_06-04_crop_02.jpg,bg_to_strip_inclusion,32,8,11,539,3,5,1,A
744_06-04_crop_02.jpg,bg_to_strip_inclusion,33,27,412,546,2,26,1,A
744_06-04_crop_02.jpg,bg_to_strip_inclusion,34,10,508,557,1,10,1,A
744_06-04_crop_02.jpg,bg_to_strip_inclusion,35,2,515,593,1,2,1,A
744_06-04_crop_02.jpg,bg_to_strip_inclusion,36,4,15,606,2,3,1,A
744_06-04_crop_02.jpg,bg_to_strip_inclusion,38,8,509,618,5,4,1,A
744_06-04_crop_02.jpg,bg_to_strip_inclusion,40,5,219,682,1,5,1,A
744_06-04_crop_02.jpg,bg_to_strip_inclusion,41,44,193,694,5,19,1,A
744_06-04_crop_02.jpg,bg_to_strip_inclusion,42,3,220,704,1,3,1,A
744_06-04_crop_02.jpg,bg_to_strip_inclusion,43,2,215,711,1,2,1,A
744_06-04_crop_02.jpg,bg_to_strip_inclusion,44,44,47,744,5,10,1,A
744_08-02_crop_01.jpg,bg_to_strip_inclusion,1,16,290,0,5,7,1,A
744_08-02_crop_01.jpg,bg_to_strip_inclusion,2,16,444,0,6,8,1,A
744_08-02_crop_01.jpg,bg_to_strip_inclusion,3,15,848,0,5,8,1,A
744_08-02_crop_01.jpg,bg_to_strip_inclusion,4,2,289,6,1,2,1,A
744_08-02_crop_01.jpg,bg_to_strip_inclusion,5,34,846,14,5,13,1,A
744_08-02_crop_01.jpg,bg_to_strip_inclusion,6,2,851,14,1,2,1,A
744_08-02_crop_01.jpg,bg_to_strip_inclusion,8,17,845,41,3,15,1,A
744_08-02_crop_01.jpg,bg_to_strip_inclusion,9,6,91,56,3,5,1,A
744_08-02_crop_01.jpg,bg_to_strip_inclusion,11,2,853,61,1,2,1,A
744_08-02_crop_01.jpg,bg_to_strip_inclusion,16,16,852,72,6,12,1,A
744_08-02_crop_01.jpg,bg_to_strip_inclusion,17,43,854,89,5,24,1,A
744_08-02_crop_01.jpg,bg_to_strip_inclusion,18,31,93,102,1,31,1,A
744_08-02_crop_01.jpg,bg_to_strip_inclusion,19,4,853,109,1,4,1,A
744_08-02_crop_01.jpg,bg_to_strip_inclusion,20,9,87,140,1,9,1,A
744_08-02_crop_01.jpg,bg_to_strip_inclusion,22,29,6,155,5,18,1,A
744_08-02_crop_01.jpg,bg_to_strip_inclusion,23,13,94,155,2,13,1,A
744_08-02_crop_01.jpg,bg_to_strip_inclusion,24,4,11,164,1,4,1,A
744_08-02_crop_01.jpg,bg_to_strip_inclusion,25,4,91,175,1,4,1,A
744_08-02_crop_01.jpg,bg_to_strip_inclusion,26,3,796,174,2,3,1,A
744_08-02_crop_01.jpg,bg_to_strip_inclusion,27,3,12,176,1,3,1,A
744_08-02_crop_01.jpg,bg_to_strip_inclusion,28,3,793,177,1,3,1,A
744_08-02_crop_01.jpg,bg_to_strip_inclusion,29,3,7,179,1,3,1,A
744_08-02_crop_01.jpg,bg_to_strip_inclusion,30,4,798,179,1,4,1,A
744_08-02_crop_01.jpg,bg_to_strip_inclusion,31,3,13,181,1,3,1,A
744_08-02_crop_01.jpg,bg_to_strip_inclusion,33,20,664,183,5,17,1,A
744_08-02_crop_01.jpg,bg_to_strip_inclusion,34,3,14,185,1,3,1,A
744_08-02_crop_01.jpg,bg_to_strip_inclusion,36,3,8,186,1,3,1,A
744_08-02_crop_01.jpg,bg_to_strip_inclusion,38,2,362,187,1,2,1,A
744_08-02_crop_01.jpg,bg_to_strip_inclusion,40,17,14,189,2,15,1,A
744_08-02_crop_01.jpg,bg_to_strip_inclusion,41,2,101,188,1,2,1,A
744_08-02_crop_01.jpg,bg_to_strip_inclusion,42,3,102,191,1,3,1,A
744_08-02_crop_01.jpg,bg_to_strip_inclusion,43,5,9,193,1,5,1,A
744_08-02_crop_01.jpg,bg_to_strip_inclusion,45,3,10,200,1,3,1,A
744_08-02_crop_01.jpg,bg_to_strip_inclusion,46,2,642,200,1,2,1,A
744_08-02_crop_01.jpg,bg_to_strip_inclusion,47,2,649,201,1,2,1,A
744_08-02_crop_01.jpg,bg_to_strip_inclusion,49,7,97,204,1,7,1,A
744_08-02_crop_01.jpg,bg_to_strip_inclusion,50,2,643,204,1,2,1,A
744_08-02_crop_01.jpg,bg_to_strip_inclusion,51,16,644,207,5,6,1,A
744_08-02_crop_01.jpg,bg_to_strip_inclusion,53,3,366,213,1,3,1,A
744_08-02_crop_01.jpg,bg_to_strip_inclusion,54,7,365,219,1,7,1,A
744_08-02_crop_01.jpg,bg_to_strip_inclusion,55,7,360,222,1,7,1,A
744_08-02_crop_01.jpg,bg_to_strip_inclusion,57,2,110,234,1,2,1,A
744_08-02_crop_01.jpg,bg_to_strip_inclusion,59,2,112,241,1,2,1,A
744_08-02_crop_01.jpg,bg_to_strip_inclusion,60,6,365,240,1,6,1,A
744_08-02_crop_01.jpg,bg_to_strip_inclusion,61,5,113,246,1,5,1,A
744_08-02_crop_01.jpg,bg_to_strip_inclusion,62,4,366,248,1,4,1,A
744_08-02_crop_01.jpg,bg_to_strip_inclusion,64,37,114,252,6,26,1,A
744_08-02_crop_01.jpg,bg_to_strip_inclusion,65,2,110,254,1,2,1,A
744_08-02_crop_01.jpg,bg_to_strip_inclusion,66,3,367,255,1,3,1,A
744_08-02_crop_01.jpg,bg_to_strip_inclusion,67,5,111,257,2,5,1,A
744_08-02_crop_01.jpg,bg_to_strip_inclusion,68,49,18,262,8,28,1,A
744_08-02_crop_01.jpg,bg_to_strip_inclusion,69,9,367,264,2,6,1,A
744_08-02_crop_01.jpg,bg_to_strip_inclusion,75,2,29,281,1,2,1,A
744_08-02_crop_01.jpg,bg_to_strip_inclusion,76,4,118,280,1,4,1,A
744_08-02_crop_01.jpg,bg_to_strip_inclusion,77,2,30,285,1,2,1,A
744_08-02_crop_01.jpg,bg_to_strip_inclusion,78,8,114,285,4,7,1,A
744_08-02_crop_01.jpg,bg_to_strip_inclusion,79,22,30,288,5,15,1,A
744_08-02_crop_01.jpg,bg_to_strip_inclusion,81,9,671,344,2,9,1,A
744_08-02_crop_01.jpg,bg_to_strip_inclusion,82,7,367,425,2,6,1,A
744_08-02_crop_01.jpg,bg_to_strip_inclusion,83,3,366,432,1,3,1,A
744_08-02_crop_01.jpg,bg_to_strip_inclusion,84,7,668,461,1,7,1,A
744_08-02_crop_01.jpg,bg_to_strip_inclusion,85,2,679,523,1,2,1,A
744_08-02_crop_01.jpg,bg_to_strip_inclusion,86,17,680,526,4,13,1,A
744_08-02_crop_01.jpg,bg_to_strip_inclusion,88,4,687,552,1,4,1,A
744_08-02_crop_01.jpg,bg_to_strip_inclusion,89,11,37,563,2,10,1,A
744_08-02_crop_01.jpg,bg_to_strip_inclusion,90,20,28,634,6,10,1,A
744_08-02_crop_01.jpg,bg_to_strip_inclusion,92,3,31,682,1,3,1,A
744_08-02_crop_01.jpg,bg_to_strip_inclusion,94,2,36,686,1,2,1,A
744_08-02_crop_01.jpg,bg_to_strip_inclusion,95,2,97,691,1,2,1,A
744_08-02_crop_01.jpg,bg_to_strip_inclusion,96,2,31,692,1,2,1,A
744_08-02_crop_01.jpg,bg_to_strip_inclusion,97,58,98,694,6,20,1,A
744_08-02_crop_01.jpg,bg_to_strip_inclusion,98,22,32,696,2,19,1,A
744_08-02_crop_01.jpg,bg_to_strip_inclusion,101,3,415,746,1,3,1,A
744_08-02_crop_01.jpg,bg_to_strip_inclusion,102,5,410,758,1,5,1,A
744_08-02_crop_01.jpg,bg_to_strip_inclusion,104,2,412,797,1,2,1,A
744_08-02_crop_01.jpg,bg_to_strip_inclusion,105,35,41,800,5,18,1,A
744_08-02_crop_01.jpg,bg_to_strip_inclusion,106,2,46,804,1,2,1,A
744_08-02_crop_01.jpg,bg_to_strip_inclusion,107,8,406,806,1,8,1,A
744_08-02_crop_01.jpg,bg_to_strip_inclusion,108,2,411,806,1,2,1,A
744_08-02_crop_01.jpg,bg_to_strip_inclusion,109,3,40,819,1,3,1,A
744_08-02_crop_01.jpg,bg_to_strip_inclusion,110,4,39,827,1,4,1,A
744_08-02_crop_01.jpg,bg_to_strip_inclusion,111,4,40,851,1,4,1,A
744_08-02_crop_01.jpg,bg_to_strip_inclusion,112,6,45,853,1,6,1,A
744_08-02_crop_01.jpg,bg_to_strip_inclusion,114,2,525,931,1,2,1,A
744_08-02_crop_01.jpg,bg_to_strip_inclusion,115,2,526,934,1,2,1,A
744_08-02_crop_01.jpg,bg_to_strip_inclusion,116,20,523,945,4,18,1,A
744_08-02_crop_01.jpg,bg_to_strip_inclusion,117,4,527,964,1,4,1,A
744_08-02_crop_01.jpg,bg_to_strip_inclusion,118,5,528,970,1,5,1,A
744_08-02_crop_01.jpg,bg_to_strip_inclusion,119,4,529,977,1,4,1,A
744_08-02_crop_01.jpg,bg_to_strip_inclusion,121,25,534,987,2,23,1,A
744_08-02_crop_01.jpg,bg_to_strip_inclusion,122,4,531,1010,3,2,1,A
744_08-04_crop_02.jpg,bg_to_strip_inclusion,1,11,907,0,1,11,1,A
744_08-04_crop_02.jpg,bg_to_strip_inclusion,2,4,909,0,3,2,1,A
744_08-04_crop_02.jpg,bg_to_strip_inclusion,3,66,908,3,5,32,1,A
744_08-04_crop_02.jpg,bg_to_strip_inclusion,4,7,841,6,4,3,1,A
744_08-04_crop_02.jpg,bg_to_strip_inclusion,5,11,841,20,2,11,1,A
744_08-04_crop_02.jpg,bg_to_strip_inclusion,6,3,843,32,1,3,1,A
744_08-04_crop_02.jpg,bg_to_strip_inclusion,7,2,907,37,1,2,1,A
744_08-04_crop_02.jpg,bg_to_strip_inclusion,9,3,911,42,1,3,1,A
744_08-04_crop_02.jpg,bg_to_strip_inclusion,11,15,845,120,2,14,1,A
744_08-04_crop_02.jpg,bg_to_strip_inclusion,12,2,847,138,1,2,1,A
744_08-04_crop_02.jpg,bg_to_strip_inclusion,13,3,848,152,1,3,1,A
744_08-04_crop_02.jpg,bg_to_strip_inclusion,14,4,855,154,1,4,1,A
744_08-04_crop_02.jpg,bg_to_strip_inclusion,15,12,990,159,1,12,1,A
744_08-04_crop_02.jpg,bg_to_strip_inclusion,16,55,856,160,9,40,1,A
744_08-04_crop_02.jpg,bg_to_strip_inclusion,17,8,995,170,1,8,1,A
744_08-04_crop_02.jpg,bg_to_strip_inclusion,18,4,996,179,1,4,1,A
744_08-04_crop_02.jpg,bg_to_strip_inclusion,19,75,854,183,10,49,1,A
744_08-04_crop_02.jpg,bg_to_strip_inclusion,20,40,997,185,2,34,1,A
744_08-04_crop_02.jpg,bg_to_strip_inclusion,21,5,865,202,1,5,1,A
744_08-04_crop_02.jpg,bg_to_strip_inclusion,22,2,866,216,1,2,1,A
744_08-04_crop_02.jpg,bg_to_strip_inclusion,23,2,998,221,1,2,1,A
744_08-04_crop_02.jpg,bg_to_strip_inclusion,24,4,866,227,1,4,1,A
744_08-04_crop_02.jpg,bg_to_strip_inclusion,28,4,512,294,3,3,1,A
744_08-04_crop_02.jpg,bg_to_strip_inclusion,30,3,510,307,1,3,1,A
744_08-04_crop_02.jpg,bg_to_strip_inclusion,33,3,457,372,1,3,1,A
744_08-04_crop_02.jpg,bg_to_strip_inclusion,34,10,456,377,2,9,1,A
744_08-04_crop_02.jpg,bg_to_strip_inclusion,35,56,455,412,6,35,1,A
744_08-04_crop_02.jpg,bg_to_strip_inclusion,36,2,464,441,1,2,1,A
744_08-04_crop_02.jpg,bg_to_strip_inclusion,37,153,457,718,9,27,2,B
744_08-04_crop_02.jpg,bg_to_strip_inclusion,38,77,466,770,5,19,1,A
744_08-04_crop_02.jpg,bg_to_strip_inclusion,39,54,1009,826,6,13,3,C
744_08-04_crop_02.jpg,bg_to_strip_inclusion,40,18,478,930,1,18,1,A
744_08-04_crop_02.jpg,bg_to_strip_inclusion,42,4,479,979,1,4,1,A
744_08-04_crop_02.jpg,bg_to_strip_inclusion,43,2,480,987,1,2,1,A
744_08-04_crop_02.jpg,bg_to_strip_inclusion,44,2,481,992,1,2,1,A
744_08-04_crop_02.jpg,bg_to_strip_inclusion,45,12,482,996,4,6,1,A
744_08-04_crop_02.jpg,bg_to_strip_inclusion,46,2,972,999,2,2,1,A
744_08-04_crop_02.jpg,bg_to_strip_inclusion,47,7,975,999,3,6,1,A
744_08-04_crop_02.jpg,bg_to_strip_inclusion,48,9,978,1014,1,9,1,A
A-16_crop_01.jpg,bg_to_strip_inclusion,1,33,239,350,7,13,1,A
A-16_crop_01.jpg,bg_to_strip_inclusion,2,5,240,372,1,5,1,A
A-16_crop_01.jpg,bg_to_strip_inclusion,3,84,1013,828,10,34,1,A
A-16_crop_01.jpg,bg_to_strip_inclusion,6,2,1006,924,1,2,1,A
A-16_crop_01.jpg,bg_to_strip_inclusion,7,6,994,928,2,6,1,A
A-16_crop_01.jpg,bg_to_strip_inclusion,8,19,992,965,5,9,1,A
A-19_crop_00.jpg,bg_to_strip_inclusion,1,52,446,348,6,46,1,A
A-19_crop_00.jpg,bg_to_strip_inclusion,2,13,457,351,3,8,1,A
A-19_crop_00.jpg,bg_to_strip_inclusion,3,11,462,390,2,9,1,A
A-19_crop_00.jpg,bg_to_strip_inclusion,4,4,446,422,1,4,1,A
A-19_crop_00.jpg,bg_to_strip_inclusion,5,49,445,428,4,38,1,A
A-19_crop_00.jpg,bg_to_strip_inclusion,7,8,496,825,3,7,1,A
A-19_crop_00.jpg,bg_to_strip_inclusion,8,2,495,833,1,2,1,A
A-19_crop_00.jpg,bg_to_strip_inclusion,9,11,76,840,5,4,1,A
A-19_crop_00.jpg,bg_to_strip_inclusion,11,2,74,849,1,2,1,A
A-19_crop_00.jpg,bg_to_strip_inclusion,12,41,65,853,9,38,1,A
A-19_crop_00.jpg,bg_to_strip_inclusion,13,6,79,854,1,6,1,A
A-19_crop_00.jpg,bg_to_strip_inclusion,14,3,78,871,1,3,1,A
A-19_crop_00.jpg,bg_to_strip_inclusion,15,2,503,877,1,2,1,A
A-19_crop_00.jpg,bg_to_strip_inclusion,16,4,64,893,1,4,1,A
A-19_crop_00.jpg,bg_to_strip_inclusion,17,3,63,899,1,3,1,A
A-19_crop_00.jpg,bg_to_strip_inclusion,18,3,62,904,1,3,1,A
A-19_crop_00.jpg,bg_to_strip_inclusion,19,29,54,908,8,25,1,A
A-19_crop_00.jpg,bg_to_strip_inclusion,21,58,50,945,8,21,1,A
A-19_crop_00.jpg,bg_to_strip_inclusion,22,2,58,944,1,2,1,A
A-19_crop_00.jpg,bg_to_strip_inclusion,23,5,50,969,5,3,1,A
A-20_crop_00.jpg,bg_to_strip_inclusion,1,4,563,24,4,2,1,A
A-20_crop_00.jpg,bg_to_strip_inclusion,2,5,561,30,1,5,1,A
A-20_crop_00.jpg,bg_to_strip_inclusion,3,3,561,46,1,3,1,A
A-20_crop_00.jpg,bg_to_strip_inclusion,4,3,570,51,1,3,1,A
A-20_crop_00.jpg,bg_to_strip_inclusion,5,2,559,60,1,2,1,A
A-20_crop_00.jpg,bg_to_strip_inclusion,6,3,558,64,1,3,1,A
A-20_crop_00.jpg,bg_to_strip_inclusion,7,4,557,68,1,4,1,A
A-20_crop_00.jpg,bg_to_strip_inclusion,8,2,556,74,1,2,1,A
A-20_crop_00.jpg,bg_to_strip_inclusion,9,25,553,82,6,10,1,A
A-20_crop_00.jpg,bg_to_strip_inclusion,10,81,564,84,6,40,1,A
A-20_crop_00.jpg,bg_to_strip_inclusion,11,15,551,100,1,15,1,A
A-20_crop_00.jpg,bg_to_strip_inclusion,12,29,551,128,3,25,1,A
A-20_crop_00.jpg,bg_to_strip_inclusion,13,2,554,154,1,2,1,A
A-20_crop_00.jpg,bg_to_strip_inclusion,14,21,555,157,5,10,1,A
A-20_crop_00.jpg,bg_to_strip_inclusion,15,13,558,178,3,8,1,A
A-20_crop_00.jpg,bg_to_strip_inclusion,16,6,574,183,1,6,1,A
A-20_crop_00.jpg,bg_to_strip_inclusion,17,6,558,216,1,6,1,A
A-20_crop_00.jpg,bg_to_strip_inclusion,19,6,559,226,1,6,1,A
A-20_crop_00.jpg,bg_to_strip_inclusion,20,2,574,227,1,2,1,A
A-20_crop_00.jpg,bg_to_strip_inclusion,21,26,555,248,6,12,1,A
A-20_crop_00.jpg,bg_to_strip_inclusion,23,2,547,268,1,2,1,A
A-20_crop_00.jpg,bg_to_strip_inclusion,26,3,540,309,1,3,1,A
A-20_crop_00.jpg,bg_to_strip_inclusion,27,3,563,309,1,3,1,A
A-20_crop_00.jpg,bg_to_strip_inclusion,28,3,539,316,1,3,1,A
A-20_crop_00.jpg,bg_to_strip_inclusion,30,41,539,339,2,34,1,A
A-20_crop_00.jpg,bg_to_strip_inclusion,32,4,556,372,1,4,1,A
A-20_crop_00.jpg,bg_to_strip_inclusion,34,11,546,382,2,9,1,A
A-20_crop_00.jpg,bg_to_strip_inclusion,36,58,624,408,6,16,1,A
A-20_crop_00.jpg,bg_to_strip_inclusion,37,24,640,961,6,16,1,A
A-20_crop_00.jpg,bg_to_strip_inclusion,38,12,650,972,4,10,1,A
A-20_crop_00.jpg,bg_to_strip_inclusion,39,21,641,979,5,10,1,A
A-20_crop_00.jpg,bg_to_strip_inclusion,41,9,656,989,1,9,1,A
A-20_crop_00.jpg,bg_to_strip_inclusion,42,2,644,995,1,2,1,A
A-20_crop_00.jpg,bg_to_strip_inclusion,45,3,647,1006,2,3,1,A
A-246_crop_00.jpg,bg_to_strip_inclusion,3,34,128,385,2,23,1,A
A-246_crop_00.jpg,bg_to_strip_inclusion,4,76,135,402,7,22,1,A
A-246_crop_00.jpg,bg_to_strip_inclusion,6,127,124,472,10,18,1,A
A-246_crop_00.jpg,bg_to_strip_inclusion,9,2,206,798,1,2,1,A
A-246_crop_00.jpg,bg_to_strip_inclusion,13,2,203,809,1,2,1,A
A-246_crop_00.jpg,bg_to_strip_inclusion,14,2,202,812,1,2,1,A
A-248_crop_00.jpg,bg_to_strip_inclusion,1,9,840,23,5,3,1,A
A-248_crop_00.jpg,bg_to_strip_inclusion,2,6,606,193,4,3,1,A
A-248_crop_00.jpg,bg_to_strip_inclusion,3,13,415,724,8,4,1,A
A-248_crop_00.jpg,bg_to_strip_inclusion,4,6,414,739,2,6,1,A
A-248_crop_00.jpg,bg_to_strip_inclusion,5,2,426,740,1,2,1,A
A-248_crop_00.jpg,bg_to_strip_inclusion,6,5,416,746,1,5,1,A
A-248_crop_00.jpg,bg_to_strip_inclusion,7,6,417,760,1,6,1,A
A-248_crop_00.jpg,bg_to_strip_inclusion,8,4,419,776,4,3,1,A
A-248_crop_00.jpg,bg_to_strip_inclusion,9,4,435,789,1,4,1,A
A-248_crop_00.jpg,bg_to_strip_inclusion,10,129,430,796,7,35,1,A
A-248_crop_00.jpg,bg_to_strip_inclusion,12,44,414,805,8,13,1,A
A-248_crop_00.jpg,bg_to_strip_inclusion,13,23,423,831,8,11,1,A
A-248_crop_00.jpg,bg_to_strip_inclusion,14,15,428,865,6,6,1,A
A-248_crop_00.jpg,bg_to_strip_inclusion,15,6,436,875,1,6,1,A
A-248_crop_00.jpg,bg_to_strip_inclusion,16,2,412,913,1,2,1,A
A-251_crop_00.jpg,bg_to_strip_inclusion,1,3,124,20,2,3,1,A
A-251_crop_00.jpg,bg_to_strip_inclusion,3,4,117,66,1,4,1,A
A-251_crop_00.jpg,bg_to_strip_inclusion,4,8,117,76,1,8,1,A
A-251_crop_00.jpg,bg_to_strip_inclusion,5,14,107,82,3,11,1,A
A-251_crop_00.jpg,bg_to_strip_inclusion,7,24,113,94,4,15,1,A
A-251_crop_00.jpg,bg_to_strip_inclusion,9,3,105,124,1,3,1,A
A-251_crop_00.jpg,bg_to_strip_inclusion,10,30,174,551,6,17,1,A
A-251_crop_00.jpg,bg_to_strip_inclusion,12,3,174,593,3,1,1,A
A-251_crop_00.jpg,bg_to_strip_inclusion,13,3,997,746,3,2,1,A
A-251_crop_00.jpg,bg_to_strip_inclusion,15,2,1000,759,1,2,1,A
A-27_crop_00.jpg,bg_to_strip_inclusion,5,4,1005,340,1,4,1,A
A-27_crop_00.jpg,bg_to_strip_inclusion,6,11,996,370,5,6,1,A
A-27_crop_00.jpg,bg_to_strip_inclusion,7,10,995,373,1,10,1,A
A-27_crop_00.jpg,bg_to_strip_inclusion,8,2,1001,377,1,2,1,A
A-27_crop_00.jpg,bg_to_strip_inclusion,9,3,996,397,1,3,1,A
A-27_crop_00.jpg,bg_to_strip_inclusion,10,4,1007,397,1,4,1,A
A-27_crop_00.jpg,bg_to_strip_inclusion,11,5,997,404,1,5,1,A
A-27_crop_00.jpg,bg_to_strip_inclusion,12,5,1008,406,1,5,1,A
A-27_crop_00.jpg,bg_to_strip_inclusion,13,3,998,412,1,3,1,A
A-27_crop_00.jpg,bg_to_strip_inclusion,14,2,999,419,1,2,1,A
A-27_crop_00.jpg,bg_to_strip_inclusion,15,9,1006,419,2,8,1,A
A-27_crop_00.jpg,bg_to_strip_inclusion,16,5,93,598,1,5,1,A
A-27_crop_00.jpg,bg_to_strip_inclusion,17,3,98,608,1,3,1,A
A-27_crop_00.jpg,bg_to_strip_inclusion,18,3,94,617,1,3,1,A
A-27_crop_00.jpg,bg_to_strip_inclusion,20,11,95,623,3,8,1,A
A-31_crop_01.jpg,bg_to_strip_inclusion,3,3,685,634,1,3,1,A
A-31_crop_01.jpg,bg_to_strip_inclusion,4,2,692,647,1,2,1,A
A-31_crop_01.jpg,bg_to_strip_inclusion,5,4,686,653,3,4,1,A
A-31_crop_01.jpg,bg_to_strip_inclusion,7,57,677,750,8,34,1,A
A-31_crop_01.jpg,bg_to_strip_inclusion,8,20,684,753,5,12,1,A
A-31_crop_01.jpg,bg_to_strip_inclusion,9,3,688,785,2,3,1,A
A-32_crop_00.jpg,bg_to_strip_inclusion,1,5,459,29,1,5,1,A
A-32_crop_00.jpg,bg_to_strip_inclusion,3,3,125,46,1,3,1,A
A-32_crop_00.jpg,bg_to_strip_inclusion,5,6,474,64,1,6,1,A
A-32_crop_00.jpg,bg_to_strip_inclusion,6,9,472,71,2,9,1,A
A-32_crop_00.jpg,bg_to_strip_inclusion,8,2,135,80,1,2,1,A
A-32_crop_00.jpg,bg_to_strip_inclusion,9,18,126,85,2,14,1,A
A-32_crop_00.jpg,bg_to_strip_inclusion,10,125,994,101,7,23,1,A
A-32_crop_00.jpg,bg_to_strip_inclusion,11,6,478,164,4,2,1,A
A-32_crop_00.jpg,bg_to_strip_inclusion,12,2,477,169,1,2,1,A
A-32_crop_00.jpg,bg_to_strip_inclusion,13,3,476,173,1,3,1,A
A-32_crop_00.jpg,bg_to_strip_inclusion,14,2,475,177,1,2,1,A
A-32_crop_00.jpg,bg_to_strip_inclusion,16,2,473,189,1,2,1,A
A-32_crop_00.jpg,bg_to_strip_inclusion,17,7,474,194,2,6,1,A
A-32_crop_00.jpg,bg_to_strip_inclusion,19,24,464,246,4,14,1,A
A-32_crop_00.jpg,bg_to_strip_inclusion,20,21,463,265,2,15,1,A
A-32_crop_00.jpg,bg_to_strip_inclusion,21,2,477,273,1,2,1,A
A-32_crop_00.jpg,bg_to_strip_inclusion,23,26,465,307,3,19,1,A
A-32_crop_00.jpg,bg_to_strip_inclusion,24,39,610,322,4,12,1,A
A-32_crop_00.jpg,bg_to_strip_inclusion,25,2,468,327,1,2,1,A
A-32_crop_00.jpg,bg_to_strip_inclusion,26,85,620,514,9,22,1,A
A-32_crop_00.jpg,bg_to_strip_inclusion,27,11,507,517,5,11,1,A
A-32_crop_00.jpg,bg_to_strip_inclusion,28,2,504,541,1,2,1,A
A-32_crop_00.jpg,bg_to_strip_inclusion,29,6,505,544,2,6,1,A
A-32_crop_00.jpg,bg_to_strip_inclusion,31,2,514,567,1,2,1,A
A-32_crop_00.jpg,bg_to_strip_inclusion,32,5,508,571,1,5,1,A
A-32_crop_00.jpg,bg_to_strip_inclusion,34,3,510,602,1,3,1,A
A-32_crop_00.jpg,bg_to_strip_inclusion,36,2,514,612,1,2,1,A
A-32_crop_00.jpg,bg_to_strip_inclusion,37,9,506,622,2,6,1,A
A-32_crop_00.jpg,bg_to_strip_inclusion,38,38,784,643,5,26,1,A
A-32_crop_00.jpg,bg_to_strip_inclusion,39,3,794,645,2,3,1,A
A-32_crop_00.jpg,bg_to_strip_inclusion,40,2,507,668,1,2,1,A
A-32_crop_00.jpg,bg_to_strip_inclusion,41,2,782,676,1,2,1,A
A-32_crop_00.jpg,bg_to_strip_inclusion,42,23,763,748,3,15,1,A
A-32_crop_00.jpg,bg_to_strip_inclusion,43,15,764,772,2,8,1,A
A-32_crop_00.jpg,bg_to_strip_inclusion,44,6,479,797,3,4,1,A
A-32_crop_00.jpg,bg_to_strip_inclusion,45,29,468,800,5,23,1,A
A-32_crop_00.jpg,bg_to_strip_inclusion,46,3,486,805,1,3,1,A
A-32_crop_00.jpg,bg_to_strip_inclusion,47,8,480,821,2,6,1,A
A-32_crop_00.jpg,bg_to_strip_inclusion,48,12,479,853,2,10,1,A
A-32_crop_00.jpg,bg_to_strip_inclusion,49,8,468,860,1,8,1,A
A-32_crop_00.jpg,bg_to_strip_inclusion,50,2,469,869,1,2,1,A
A-32_crop_00.jpg,bg_to_strip_inclusion,60,2,426,928,1,2,1,A
A-32_crop_00.jpg,bg_to_strip_inclusion,61,2,425,932,1,2,1,A
A-32_crop_00.jpg,bg_to_strip_inclusion,63,16,422,937,3,15,1,A
A-32_crop_00.jpg,bg_to_strip_inclusion,66,2,500,944,1,2,1,A
A-32_crop_00.jpg,bg_to_strip_inclusion,67,3,421,953,1,3,1,A
A-32_crop_01.jpg,bg_to_strip_inclusion,1,53,63,293,4,18,1,A
A-32_crop_01.jpg,bg_to_strip_inclusion,2,110,385,379,6,23,1,A
A-32_crop_01.jpg,bg_to_strip_inclusion,3,52,375,416,4,16,1,A
A-34_crop_01.jpg,bg_to_strip_inclusion,1,5,866,172,3,2,1,A
A-34_crop_01.jpg,bg_to_strip_inclusion,2,2,865,175,1,2,1,A
A-34_crop_01.jpg,bg_to_strip_inclusion,3,3,870,214,1,3,1,A
A-34_crop_01.jpg,bg_to_strip_inclusion,4,21,944,234,6,16,1,A
A-34_crop_01.jpg,bg_to_strip_inclusion,5,7,943,251,1,7,1,A
A-34_crop_01.jpg,bg_to_strip_inclusion,6,14,946,265,8,12,1,A
A-34_crop_01.jpg,bg_to_strip_inclusion,7,2,954,267,2,2,1,A
A-34_crop_01.jpg,bg_to_D,1,110,72,760,12,12,4,D
A-38_crop_01.jpg,bg_to_strip_inclusion,1,213,727,369,10,27,1,A
A-42_crop_00.jpg,bg_to_strip_inclusion,1,6,969,0,3,2,1,A
A-42_crop_00.jpg,bg_to_strip_inclusion,2,10,972,31,5,5,1,A
A-42_crop_00.jpg,bg_to_strip_inclusion,3,27,970,94,3,10,5,TINB/TINC
A-42_crop_00.jpg,bg_to_strip_inclusion,4,14,361,143,5,6,1,A
A-42_crop_00.jpg,bg_to_strip_inclusion,7,2,979,155,1,2,1,A
A-42_crop_00.jpg,bg_to_strip_inclusion,8,5,975,156,1,5,1,A
A-42_crop_00.jpg,bg_to_strip_inclusion,9,5,366,165,1,5,1,A
A-42_crop_00.jpg,bg_to_strip_inclusion,10,7,976,171,1,7,1,A
A-42_crop_00.jpg,bg_to_strip_inclusion,11,4,692,177,4,2,1,A
A-42_crop_00.jpg,bg_to_strip_inclusion,12,17,950,176,2,15,1,A
A-42_crop_00.jpg,bg_to_strip_inclusion,13,8,691,183,1,8,1,A
A-42_crop_00.jpg,bg_to_strip_inclusion,15,15,642,186,4,5,1,A
A-42_crop_00.jpg,bg_to_strip_inclusion,16,16,944,187,3,12,1,A
A-42_crop_00.jpg,bg_to_strip_inclusion,18,3,690,194,1,3,1,A
A-42_crop_00.jpg,bg_to_strip_inclusion,19,12,949,195,2,10,1,A
A-42_crop_00.jpg,bg_to_strip_inclusion,20,6,642,198,1,6,1,A
A-42_crop_00.jpg,bg_to_strip_inclusion,21,2,690,202,1,2,1,A
A-42_crop_00.jpg,bg_to_strip_inclusion,22,6,647,205,1,6,1,A
A-42_crop_00.jpg,bg_to_strip_inclusion,24,3,366,243,2,2,1,A
A-42_crop_00.jpg,bg_to_strip_inclusion,25,5,368,250,1,5,1,A
A-42_crop_00.jpg,bg_to_strip_inclusion,26,4,974,262,1,4,1,A
A-42_crop_00.jpg,bg_to_strip_inclusion,27,10,947,265,6,5,1,A
A-42_crop_00.jpg,bg_to_strip_inclusion,28,3,946,271,1,3,1,A
A-42_crop_00.jpg,bg_to_strip_inclusion,30,14,944,292,1,14,1,A
A-42_crop_00.jpg,bg_to_strip_inclusion,31,7,953,298,1,7,1,A
A-42_crop_00.jpg,bg_to_strip_inclusion,32,8,943,307,1,8,1,A
A-42_crop_00.jpg,bg_to_strip_inclusion,33,2,954,307,1,2,1,A
A-42_crop_00.jpg,bg_to_strip_inclusion,34,4,641,317,1,4,1,A
A-42_crop_00.jpg,bg_to_strip_inclusion,35,3,640,322,1,3,1,A
A-42_crop_00.jpg,bg_to_strip_inclusion,36,6,645,326,1,6,1,A
A-42_crop_00.jpg,bg_to_strip_inclusion,37,8,642,341,2,6,1,A
A-42_crop_00.jpg,bg_to_strip_inclusion,39,3,197,350,1,3,1,A
A-42_crop_00.jpg,bg_to_strip_inclusion,40,3,196,358,1,3,1,A
A-42_crop_00.jpg,bg_to_strip_inclusion,41,2,643,365,1,2,1,A
A-42_crop_00.jpg,bg_to_strip_inclusion,43,2,330,385,1,2,1,A
A-42_crop_00.jpg,bg_to_strip_inclusion,44,5,655,385,1,5,1,A
A-42_crop_00.jpg,bg_to_strip_inclusion,45,4,941,385,1,4,5,TINB/TINC
A-42_crop_00.jpg,bg_to_strip_inclusion,46,3,650,392,1,3,1,A
A-42_crop_00.jpg,bg_to_strip_inclusion,47,4,656,392,1,4,1,A
A-42_crop_00.jpg,bg_to_strip_inclusion,48,2,651,396,1,2,1,A
A-42_crop_00.jpg,bg_to_strip_inclusion,49,6,104,399,1,6,1,A
A-42_crop_00.jpg,bg_to_strip_inclusion,50,4,657,398,1,4,1,A
A-42_crop_00.jpg,bg_to_strip_inclusion,51,2,652,400,1,2,1,A
A-42_crop_00.jpg,bg_to_strip_inclusion,52,3,415,402,1,3,1,A
A-42_crop_00.jpg,bg_to_strip_inclusion,53,7,658,403,2,7,1,A
A-42_crop_00.jpg,bg_to_strip_inclusion,56,10,657,417,2,9,1,A
A-42_crop_00.jpg,bg_to_strip_inclusion,57,3,104,419,1,3,1,A
A-42_crop_00.jpg,bg_to_strip_inclusion,58,13,144,418,2,9,1,A
A-42_crop_00.jpg,bg_to_strip_inclusion,60,22,414,427,1,22,1,A
A-42_crop_00.jpg,bg_to_strip_inclusion,62,65,196,428,6,14,1,A
A-42_crop_00.jpg,bg_to_strip_inclusion,63,7,327,431,1,7,1,A
A-42_crop_00.jpg,bg_to_strip_inclusion,64,2,147,433,1,2,1,A
A-42_crop_00.jpg,bg_to_strip_inclusion,65,9,142,441,1,9,1,A
A-42_crop_00.jpg,bg_to_strip_inclusion,66,8,102,442,2,5,1,A
A-42_crop_00.jpg,bg_to_strip_inclusion,67,6,327,444,2,6,1,A
A-42_crop_00.jpg,bg_to_strip_inclusion,69,36,660,448,6,13,1,A
A-42_crop_00.jpg,bg_to_strip_inclusion,70,4,413,455,1,4,1,A
A-42_crop_00.jpg,bg_to_strip_inclusion,71,349,910,460,10,112,1,A
A-42_crop_00.jpg,bg_to_strip_inclusion,72,30,142,463,1,30,1,A
A-42_crop_00.jpg,bg_to_strip_inclusion,73,2,412,465,1,2,1,A
A-42_crop_00.jpg,bg_to_strip_inclusion,74,111,672,468,6,24,1,A
A-42_crop_00.jpg,bg_to_strip_inclusion,75,2,411,471,1,2,1,A
A-42_crop_00.jpg,bg_to_strip_inclusion,76,22,939,473,3,13,1,A
A-42_crop_00.jpg,bg_to_strip_inclusion,77,15,410,498,1,15,1,A
A-42_crop_00.jpg,bg_to_strip_inclusion,78,4,141,500,1,4,1,A
A-42_crop_00.jpg,bg_to_strip_inclusion,79,2,140,506,1,2,1,A
A-42_crop_00.jpg,bg_to_strip_inclusion,80,6,933,508,3,4,1,A
A-42_crop_00.jpg,bg_to_strip_inclusion,81,3,111,514,1,3,1,A
A-42_crop_00.jpg,bg_to_strip_inclusion,82,3,328,523,2,3,1,A
A-42_crop_00.jpg,bg_to_strip_inclusion,84,9,409,531,1,9,1,A
A-42_crop_00.jpg,bg_to_strip_inclusion,85,2,110,537,1,2,1,A
A-42_crop_00.jpg,bg_to_strip_inclusion,86,10,328,541,1,10,1,A
A-42_crop_00.jpg,bg_to_strip_inclusion,87,7,941,541,1,7,1,A
A-42_crop_00.jpg,bg_to_strip_inclusion,88,6,116,550,1,6,1,A
A-42_crop_00.jpg,bg_to_strip_inclusion,89,3,327,552,1,3,1,A
A-42_crop_00.jpg,bg_to_strip_inclusion,91,3,107,564,2,3,1,A
A-42_crop_00.jpg,bg_to_strip_inclusion,93,3,113,583,1,3,1,A
A-42_crop_00.jpg,bg_to_strip_inclusion,94,3,104,587,1,3,1,A
A-42_crop_00.jpg,bg_to_strip_inclusion,95,3,112,589,1,3,1,A
A-42_crop_00.jpg,bg_to_strip_inclusion,97,55,911,594,3,35,1,A
A-42_crop_00.jpg,bg_to_strip_inclusion,98,2,917,603,1,2,1,A
A-42_crop_00.jpg,bg_to_strip_inclusion,99,3,106,605,1,3,1,A
A-42_crop_00.jpg,bg_to_strip_inclusion,100,3,107,610,1,3,1,A
A-42_crop_00.jpg,bg_to_strip_inclusion,101,2,147,621,1,2,1,A
A-42_crop_00.jpg,bg_to_strip_inclusion,102,11,110,643,3,6,1,A
A-42_crop_00.jpg,bg_to_strip_inclusion,103,75,455,655,5,18,1,A
A-42_crop_00.jpg,bg_to_strip_inclusion,104,6,112,657,2,4,1,A
A-42_crop_00.jpg,bg_to_strip_inclusion,105,15,326,657,4,5,1,A
A-42_crop_00.jpg,bg_to_strip_inclusion,106,14,324,672,1,14,1,A
A-42_crop_00.jpg,bg_to_strip_inclusion,109,189,467,848,9,33,5,TINB/TINC
A-42_crop_00.jpg,bg_to_strip_inclusion,111,5,820,916,1,5,1,A
A-42_crop_00.jpg,bg_to_strip_inclusion,112,4,50,923,1,4,1,A
A-42_crop_00.jpg,bg_to_strip_inclusion,114,2,174,940,1,2,1,A
A-42_crop_00.jpg,bg_to_strip_inclusion,115,5,825,941,1,5,1,A
A-42_crop_00.jpg,bg_to_strip_inclusion,117,23,52,947,8,8,1,A
A-42_crop_00.jpg,bg_to_strip_inclusion,118,2,169,952,1,2,1,A
A-42_crop_00.jpg,bg_to_strip_inclusion,119,2,61,959,1,2,1,A
A-42_crop_00.jpg,bg_to_strip_inclusion,120,15,61,975,4,7,1,A
A-42_crop_00.jpg,bg_to_strip_inclusion,121,13,169,978,1,13,1,A
A-42_crop_00.jpg,bg_to_strip_inclusion,123,98,473,985,6,20,5,TINB/TINC
A-42_crop_00.jpg,bg_to_strip_inclusion,124,2,61,988,1,2,1,A
A-42_crop_00.jpg,bg_to_strip_inclusion,125,26,62,1009,6,8,1,A
B-15_crop_00.jpg,bg_to_strip_inclusion,1,22,783,737,9,6,2,B
B-15_crop_00.jpg,bg_to_strip_inclusion,2,6,796,736,4,3,2,B
B-15_crop_00.jpg,bg_to_strip_inclusion,3,4,799,741,1,4,2,B
B-15_crop_00.jpg,bg_to_strip_inclusion,4,3,782,745,1,3,2,B
B-15_crop_00.jpg,bg_to_strip_inclusion,5,4,798,746,1,4,2,B
B-15_crop_00.jpg,bg_to_strip_inclusion,6,58,783,750,7,22,2,B
B-15_crop_00.jpg,bg_to_strip_inclusion,7,5,798,759,2,5,2,B
B-15_crop_00.jpg,bg_to_strip_inclusion,10,9,803,773,3,8,2,B
B-15_crop_00.jpg,bg_to_strip_inclusion,12,6,787,791,2,5,2,B
B-15_crop_00.jpg,bg_to_strip_inclusion,13,2,786,797,1,2,2,B
B-15_crop_00.jpg,bg_to_strip_inclusion,14,10,785,802,1,10,2,B
B-15_crop_00.jpg,bg_to_strip_inclusion,15,10,805,808,5,4,2,B
B-15_crop_00.jpg,bg_to_strip_inclusion,16,36,788,824,7,11,2,B
B-15_crop_00.jpg,bg_to_strip_inclusion,17,15,792,850,5,13,2,B
B-15_crop_00.jpg,bg_to_strip_inclusion,18,10,804,862,3,6,2,B
B-15_crop_00.jpg,bg_to_strip_inclusion,19,13,791,864,3,10,2,B
B-15_crop_00.jpg,bg_to_strip_inclusion,22,7,796,879,3,7,2,B
B-15_crop_00.jpg,bg_to_strip_inclusion,24,3,810,894,1,3,2,B
B-15_crop_00.jpg,bg_to_strip_inclusion,25,11,804,903,2,9,2,B
B-15_crop_00.jpg,bg_to_strip_inclusion,27,24,808,924,2,15,2,B
B-15_crop_00.jpg,bg_to_strip_inclusion,28,2,820,938,1,2,2,B
B-15_crop_00.jpg,bg_to_strip_inclusion,29,5,809,946,2,5,2,B
B-15_crop_00.jpg,bg_to_strip_inclusion,30,5,811,980,5,3,2,B
B-17_crop_00.jpg,bg_to_strip_inclusion,1,148,23,145,6,54,2,B
B-17_crop_00.jpg,bg_to_strip_inclusion,2,12,26,212,1,12,2,B
B-17_crop_00.jpg,bg_to_strip_inclusion,3,4,31,215,1,4,2,B
B-17_crop_00.jpg,bg_to_strip_inclusion,4,8,27,234,4,3,2,B
B-17_crop_00.jpg,bg_to_strip_inclusion,5,10,33,248,2,7,2,B
B-17_crop_00.jpg,bg_to_strip_inclusion,6,18,28,252,6,15,2,B
B-17_crop_00.jpg,bg_to_strip_inclusion,7,2,35,256,1,2,2,B
B-17_crop_00.jpg,bg_to_strip_inclusion,10,2,924,872,2,2,2,B
B-17_crop_00.jpg,bg_to_strip_inclusion,11,8,920,878,1,8,2,B
B-17_crop_00.jpg,bg_to_strip_inclusion,12,12,919,911,2,12,2,B
B-17_crop_00.jpg,bg_to_strip_inclusion,13,2,927,915,1,2,2,B
B-17_crop_00.jpg,bg_to_strip_inclusion,14,22,917,928,2,17,2,B
B-17_crop_00.jpg,bg_to_strip_inclusion,15,29,918,947,2,23,2,B
B-17_crop_00.jpg,bg_to_D,1,79,416,630,10,10,4,D
B-17_crop_00.jpg,bg_to_D,2,90,54,775,10,11,4,D
B-21_crop_01.jpg,bg_to_strip_inclusion,1,36,723,48,5,26,2,B
B-21_crop_01.jpg,bg_to_strip_inclusion,2,3,730,66,1,3,2,B
B-21_crop_01.jpg,bg_to_strip_inclusion,3,15,723,79,4,8,2,B
B-21_crop_01.jpg,bg_to_strip_inclusion,4,2,732,79,1,2,2,B
B-21_crop_01.jpg,bg_to_strip_inclusion,5,15,734,89,2,10,2,B
B-21_crop_01.jpg,bg_to_strip_inclusion,7,3,726,94,1,3,2,B
B-21_crop_01.jpg,bg_to_strip_inclusion,8,2,727,98,1,2,2,B
B-21_crop_01.jpg,bg_to_strip_inclusion,9,41,728,101,7,28,2,B
B-21_crop_01.jpg,bg_to_strip_inclusion,10,3,737,115,1,3,2,B
B-21_crop_01.jpg,bg_to_strip_inclusion,11,7,738,124,3,5,2,B
B-21_crop_01.jpg,bg_to_strip_inclusion,12,57,733,133,4,27,2,B
B-21_crop_01.jpg,bg_to_strip_inclusion,13,4,743,138,1,4,2,B
B-21_crop_01.jpg,bg_to_strip_inclusion,14,13,742,146,2,9,2,B
B-21_crop_01.jpg,bg_to_strip_inclusion,17,17,745,162,5,10,2,B
B-21_crop_01.jpg,bg_to_strip_inclusion,18,21,728,165,8,5,2,B
B-21_crop_01.jpg,bg_to_strip_inclusion,20,24,726,174,4,14,2,B
B-21_crop_01.jpg,bg_to_strip_inclusion,21,3,755,184,2,3,2,B
B-21_crop_01.jpg,bg_to_strip_inclusion,23,2,756,195,2,2,2,B
B-21_crop_01.jpg,bg_to_strip_inclusion,24,49,730,196,8,23,2,B
B-21_crop_01.jpg,bg_to_strip_inclusion,25,26,741,202,8,18,2,B
B-21_crop_01.jpg,bg_to_strip_inclusion,27,22,728,227,6,5,2,B
B-21_crop_01.jpg,bg_to_strip_inclusion,28,6,745,226,3,6,2,B
B-21_crop_01.jpg,bg_to_strip_inclusion,29,9,728,247,3,5,2,B
B-21_crop_01.jpg,bg_to_strip_inclusion,30,14,739,247,6,6,2,B
B-21_crop_01.jpg,bg_to_strip_inclusion,31,2,739,259,1,2,2,B
B-21_crop_01.jpg,bg_to_strip_inclusion,32,7,725,260,3,5,2,B
B-21_crop_01.jpg,bg_to_strip_inclusion,34,15,737,271,3,9,2,B
B-21_crop_01.jpg,bg_to_strip_inclusion,35,26,722,274,5,13,2,B
B-21_crop_01.jpg,bg_to_strip_inclusion,37,29,718,294,3,18,2,B
B-21_crop_01.jpg,bg_to_strip_inclusion,40,18,746,304,4,8,2,B
B-21_crop_01.jpg,bg_to_strip_inclusion,41,100,722,314,10,20,2,B
B-21_crop_01.jpg,bg_to_strip_inclusion,42,24,739,315,8,9,2,B
B-21_crop_01.jpg,bg_to_strip_inclusion,43,10,733,338,3,7,2,B
B-21_crop_01.jpg,bg_to_strip_inclusion,44,47,719,341,10,18,2,B
B-21_crop_01.jpg,bg_to_strip_inclusion,45,16,735,351,6,6,2,B
B-21_crop_01.jpg,bg_to_strip_inclusion,49,40,716,365,6,13,2,B
B-21_crop_01.jpg,bg_to_strip_inclusion,50,3,740,365,2,3,2,B
B-21_crop_01.jpg,bg_to_strip_inclusion,51,2,737,370,2,2,2,B
B-21_crop_01.jpg,bg_to_strip_inclusion,52,3,735,373,2,3,2,B
B-21_crop_01.jpg,bg_to_strip_inclusion,53,3,712,383,2,2,2,B
B-21_crop_01.jpg,bg_to_strip_inclusion,54,2,736,383,2,2,2,B
B-21_crop_01.jpg,bg_to_strip_inclusion,55,64,700,386,11,28,2,B
B-21_crop_01.jpg,bg_to_strip_inclusion,56,6,748,393,6,4,2,B
B-21_crop_01.jpg,bg_to_strip_inclusion,57,8,753,409,3,6,2,B
B-21_crop_01.jpg,bg_to_strip_inclusion,58,83,699,415,13,40,2,B
B-21_crop_01.jpg,bg_to_strip_inclusion,59,7,742,433,5,2,2,B
B-21_crop_01.jpg,bg_to_strip_inclusion,60,10,732,460,4,7,2,B
B-21_crop_01.jpg,bg_to_strip_inclusion,61,2,707,464,1,2,2,B
B-21_crop_01.jpg,bg_to_strip_inclusion,62,134,702,467,15,50,2,B
B-21_crop_01.jpg,bg_to_strip_inclusion,64,6,725,486,1,6,2,B
B-21_crop_01.jpg,bg_to_strip_inclusion,66,5,726,502,2,5,2,B
B-21_crop_01.jpg,bg_to_strip_inclusion,67,2,725,508,1,2,2,B
B-21_crop_01.jpg,bg_to_strip_inclusion,68,5,723,517,2,5,2,B
B-21_crop_01.jpg,bg_to_strip_inclusion,69,138,712,521,8,66,2,B
B-21_crop_01.jpg,bg_to_strip_inclusion,70,20,727,544,8,7,2,B
B-21_crop_01.jpg,bg_to_strip_inclusion,72,8,732,565,3,4,2,B
B-21_crop_01.jpg,bg_to_strip_inclusion,73,10,735,575,3,8,2,B
B-21_crop_01.jpg,bg_to_strip_inclusion,74,34,715,589,3,20,2,B
B-21_crop_01.jpg,bg_to_strip_inclusion,75,16,728,588,8,7,2,B
B-21_crop_01.jpg,bg_to_strip_inclusion,76,20,727,607,8,10,2,B
B-21_crop_01.jpg,bg_to_strip_inclusion,77,3,715,610,1,3,2,B
B-21_crop_01.jpg,bg_to_strip_inclusion,79,34,715,622,8,16,2,B
B-21_crop_01.jpg,bg_to_strip_inclusion,80,5,732,623,4,5,2,B
B-53_crop_00.jpg,bg_to_strip_inclusion,1,72,1,388,7,13,6,TIND
B-53_crop_00.jpg,bg_to_strip_inclusion,2,18,356,484,2,13,2,B
B-53_crop_00.jpg,bg_to_strip_inclusion,3,2,355,498,1,2,2,B
B-53_crop_00.jpg,bg_to_strip_inclusion,4,9,351,501,4,6,2,B
B-53_crop_00.jpg,bg_to_strip_inclusion,5,3,348,510,1,3,2,B
B-53_crop_00.jpg,bg_to_strip_inclusion,7,2,346,518,1,2,2,B
B-53_crop_00.jpg,bg_to_strip_inclusion,9,896,320,531,29,143,2,B
B-53_crop_00.jpg,bg_to_strip_inclusion,12,7,329,546,4,2,2,B
B-53_crop_00.jpg,bg_to_strip_inclusion,13,7,317,548,7,5,2,B
B-53_crop_00.jpg,bg_to_strip_inclusion,14,10,315,556,3,8,2,B
B-53_crop_00.jpg,bg_to_strip_inclusion,15,2,353,557,1,2,2,B
B-53_crop_00.jpg,bg_to_strip_inclusion,16,35,320,566,14,10,2,B
B-53_crop_00.jpg,bg_to_strip_inclusion,17,28,325,594,7,9,2,B
B-53_crop_00.jpg,bg_to_strip_inclusion,18,117,322,604,11,22,2,B
B-53_crop_00.jpg,bg_to_strip_inclusion,19,6,350,656,2,6,2,B
B-53_crop_00.jpg,bg_to_strip_inclusion,20,9,329,675,7,9,2,B
B-53_crop_00.jpg,bg_to_strip_inclusion,21,9,357,688,1,9,2,B
B-53_crop_00.jpg,bg_to_strip_inclusion,23,2,334,702,1,2,2,B
B-53_crop_00.jpg,bg_to_strip_inclusion,24,25,299,715,10,20,2,B
B-53_crop_00.jpg,bg_to_strip_inclusion,25,66,334,723,11,11,2,B
B-53_crop_00.jpg,bg_to_strip_inclusion,26,43,348,740,8,28,2,B
B-53_crop_00.jpg,bg_to_strip_inclusion,27,18,337,770,5,7,2,B
B-53_crop_00.jpg,bg_to_strip_inclusion,29,70,304,854,10,26,2,B
B-53_crop_00.jpg,bg_to_strip_inclusion,30,6,319,864,2,4,2,B
B-53_crop_00.jpg,bg_to_strip_inclusion,31,3,322,874,1,3,2,B
B-53_crop_00.jpg,bg_to_strip_inclusion,32,2,308,881,2,2,2,B
B-53_crop_00.jpg,bg_to_strip_inclusion,34,3,310,884,2,3,2,B
B-53_crop_00.jpg,bg_to_strip_inclusion,35,3,318,885,2,2,2,B
B-53_crop_00.jpg,bg_to_strip_inclusion,36,36,312,888,3,19,2,B
B-53_crop_00.jpg,bg_to_strip_inclusion,37,4,323,913,2,3,2,B
B-53_crop_00.jpg,bg_to_strip_inclusion,38,2,321,924,2,2,2,B
B-59_crop_00.jpg,bg_to_strip_inclusion,2,7,768,213,2,5,2,B
B-59_crop_00.jpg,bg_to_strip_inclusion,3,74,756,219,14,33,2,B
B-59_crop_00.jpg,bg_to_strip_inclusion,4,6,775,225,2,4,2,B
B-59_crop_00.jpg,bg_to_strip_inclusion,6,4,756,255,1,4,2,B
B-59_crop_00.jpg,bg_to_strip_inclusion,7,2,771,259,1,2,2,B
B-59_crop_00.jpg,bg_to_strip_inclusion,8,12,757,269,3,10,2,B
B-59_crop_00.jpg,bg_to_strip_inclusion,9,13,767,269,5,4,2,B
B-59_crop_00.jpg,bg_to_strip_inclusion,10,3,758,285,2,3,2,B
B-59_crop_00.jpg,bg_to_strip_inclusion,11,6,764,291,2,4,2,B
B-59_crop_00.jpg,bg_to_strip_inclusion,12,28,751,302,3,17,2,B
B-59_crop_00.jpg,bg_to_strip_inclusion,13,7,764,309,3,5,2,B
B-59_crop_00.jpg,bg_to_strip_inclusion,14,21,753,325,5,9,2,B
B-59_crop_00.jpg,bg_to_strip_inclusion,15,53,763,325,8,16,2,B
B-59_crop_00.jpg,bg_to_strip_inclusion,16,7,760,341,3,4,2,B
B-59_crop_00.jpg,bg_to_strip_inclusion,17,2,771,349,1,2,2,B
B-59_crop_00.jpg,bg_to_strip_inclusion,18,9,766,354,4,4,2,B
B-59_crop_00.jpg,bg_to_strip_inclusion,19,18,758,359,4,13,2,B
B-59_crop_00.jpg,bg_to_strip_inclusion,20,37,757,375,2,33,2,B
B-59_crop_00.jpg,bg_to_strip_inclusion,23,6,765,399,2,5,2,B
B-59_crop_00.jpg,bg_to_strip_inclusion,25,4,766,410,2,2,2,B
B-59_crop_00.jpg,bg_to_strip_inclusion,26,3,760,414,1,3,2,B
B-59_crop_00.jpg,bg_to_strip_inclusion,27,5,770,421,3,4,2,B
B-59_crop_00.jpg,bg_to_strip_inclusion,28,6,761,423,2,4,2,B
B-59_crop_00.jpg,bg_to_strip_inclusion,29,14,772,435,2,10,2,B
B-59_crop_00.jpg,bg_to_strip_inclusion,30,5,764,438,2,5,2,B
B-59_crop_00.jpg,bg_to_strip_inclusion,32,9,771,457,3,5,2,B
B-59_crop_00.jpg,bg_to_strip_inclusion,36,25,756,468,4,12,2,B
B-59_crop_00.jpg,bg_to_strip_inclusion,38,11,765,477,2,9,2,B
B-59_crop_00.jpg,bg_to_strip_inclusion,39,2,767,488,1,2,2,B
B-59_crop_00.jpg,bg_to_strip_inclusion,40,46,751,490,6,19,2,B
B-59_crop_00.jpg,bg_to_strip_inclusion,41,9,764,493,4,5,2,B
B-59_crop_00.jpg,bg_to_strip_inclusion,42,8,762,500,3,7,2,B
B-59_crop_00.jpg,bg_to_strip_inclusion,43,120,752,515,9,24,2,B
B-59_crop_00.jpg,bg_to_strip_inclusion,44,40,753,557,5,12,2,B
B-63_crop_00.jpg,bg_to_strip_inclusion,1,5,962,546,3,4,2,B
B-63_crop_00.jpg,bg_to_strip_inclusion,4,7,964,605,2,5,2,B
B-63_crop_00.jpg,bg_to_strip_inclusion,5,2,988,611,1,2,2,B
B-63_crop_00.jpg,bg_to_strip_inclusion,6,65,965,615,8,33,2,B
B-63_crop_00.jpg,bg_to_strip_inclusion,7,2,987,614,1,2,2,B
B-63_crop_00.jpg,bg_to_strip_inclusion,8,19,978,645,4,11,2,B
B-63_crop_00.jpg,bg_to_strip_inclusion,10,103,968,652,10,33,2,B
B-63_crop_00.jpg,bg_to_strip_inclusion,11,66,969,692,15,11,2,B
B-63_crop_00.jpg,bg_to_strip_inclusion,12,2,959,699,2,2,2,B
B-63_crop_00.jpg,bg_to_strip_inclusion,14,10,958,705,3,6,2,B
B-63_crop_00.jpg,bg_to_strip_inclusion,15,7,971,709,2,5,2,B
B-63_crop_00.jpg,bg_to_strip_inclusion,16,2,951,742,2,2,2,B
B-69_crop_00.jpg,bg_to_strip_inclusion,2,3,961,837,3,2,2,B
B-69_crop_00.jpg,bg_to_strip_inclusion,3,2,955,844,1,2,2,B
B-69_crop_00.jpg,bg_to_strip_inclusion,4,11,954,848,3,7,2,B
B-69_crop_00.jpg,bg_to_strip_inclusion,5,31,950,862,6,13,2,B
B-69_crop_00.jpg,bg_to_strip_inclusion,6,2,950,882,2,2,2,B
B-84_crop_01.jpg,bg_to_strip_inclusion,1,9,780,131,6,4,2,B
B-84_crop_01.jpg,bg_to_strip_inclusion,2,4,775,133,3,3,2,B
B-84_crop_01.jpg,bg_to_strip_inclusion,3,24,768,142,4,12,2,B
B-84_crop_01.jpg,bg_to_strip_inclusion,4,2,786,142,1,2,2,B
B-84_crop_01.jpg,bg_to_strip_inclusion,5,5,785,153,3,3,2,B
B-84_crop_01.jpg,bg_to_strip_inclusion,6,3,771,167,1,3,2,B
B-84_crop_01.jpg,bg_to_strip_inclusion,9,7,763,206,7,5,2,B
B-84_crop_01.jpg,bg_to_strip_inclusion,10,2,787,210,1,2,2,B
B-84_crop_01.jpg,bg_to_strip_inclusion,11,2,790,234,1,2,2,B
B-84_crop_01.jpg,bg_to_strip_inclusion,12,14,760,243,4,7,2,B
B-84_crop_01.jpg,bg_to_strip_inclusion,13,20,760,253,7,15,2,B
B-84_crop_01.jpg,bg_to_strip_inclusion,14,6,785,253,3,4,2,B
B-84_crop_01.jpg,bg_to_strip_inclusion,15,21,780,278,6,15,2,B
B-84_crop_01.jpg,bg_to_strip_inclusion,16,4,781,294,1,4,2,B
B-84_crop_01.jpg,bg_to_strip_inclusion,17,3,770,298,1,3,2,B
B-84_crop_01.jpg,bg_to_strip_inclusion,19,8,781,306,3,5,2,B
B-84_crop_01.jpg,bg_to_strip_inclusion,20,11,770,309,3,6,2,B
B-84_crop_01.jpg,bg_to_strip_inclusion,21,12,769,324,1,12,2,B
B-84_crop_01.jpg,bg_to_strip_inclusion,22,3,784,327,2,3,2,B
B-84_crop_01.jpg,bg_to_strip_inclusion,24,14,782,364,1,14,2,B
B-84_crop_01.jpg,bg_to_strip_inclusion,25,3,772,372,1,3,2,B
B-84_crop_01.jpg,bg_to_strip_inclusion,26,9,772,392,3,7,2,B
B-84_crop_01.jpg,bg_to_strip_inclusion,27,18,780,395,2,13,2,B
B-84_crop_01.jpg,bg_to_strip_inclusion,29,13,766,407,2,9,2,B
B-84_crop_01.jpg,bg_to_strip_inclusion,30,16,779,417,4,7,2,B
B-84_crop_01.jpg,bg_to_strip_inclusion,31,11,761,438,3,9,2,B
B-84_crop_01.jpg,bg_to_strip_inclusion,32,10,781,438,2,7,2,B
B-84_crop_01.jpg,bg_to_strip_inclusion,33,2,760,448,1,2,2,B
B-84_crop_01.jpg,bg_to_strip_inclusion,35,18,779,455,3,12,2,B
B-84_crop_01.jpg,bg_to_strip_inclusion,37,51,751,482,4,22,2,B
B-84_crop_01.jpg,bg_to_strip_inclusion,38,14,778,489,4,9,2,B
B-84_crop_01.jpg,bg_to_strip_inclusion,39,30,780,509,4,12,2,B
B-84_crop_01.jpg,bg_to_strip_inclusion,42,19,776,522,6,9,2,B
B-84_crop_01.jpg,bg_to_strip_inclusion,44,12,772,538,4,6,2,B
B-84_crop_01.jpg,bg_to_strip_inclusion,45,56,749,545,5,22,2,B
B-84_crop_01.jpg,bg_to_strip_inclusion,46,12,769,555,3,7,2,B
B-84_crop_01.jpg,bg_to_strip_inclusion,48,9,768,573,3,5,2,B
B-84_crop_01.jpg,bg_to_strip_inclusion,49,18,751,582,5,9,2,B
B-84_crop_01.jpg,bg_to_strip_inclusion,50,18,776,605,6,8,2,B
B-84_crop_01.jpg,bg_to_strip_inclusion,51,14,783,623,4,6,2,B
B-84_crop_01.jpg,bg_to_strip_inclusion,52,25,783,635,4,13,2,B
B-84_crop_01.jpg,bg_to_strip_inclusion,53,3,745,644,1,3,2,B
B-84_crop_01.jpg,bg_to_strip_inclusion,54,20,752,690,4,19,2,B
B-84_crop_01.jpg,bg_to_strip_inclusion,57,5,756,710,1,5,2,B
B-84_crop_01.jpg,bg_to_strip_inclusion,58,29,756,718,3,22,2,B
B-84_crop_01.jpg,bg_to_strip_inclusion,59,33,778,719,7,15,2,B
B-84_crop_01.jpg,bg_to_strip_inclusion,60,2,780,739,1,2,2,B
B-84_crop_01.jpg,bg_to_strip_inclusion,61,3,755,741,1,3,2,B
B-84_crop_01.jpg,bg_to_strip_inclusion,62,18,750,745,5,15,2,B
B-84_crop_01.jpg,bg_to_strip_inclusion,63,15,750,765,4,7,2,B
B-84_crop_01.jpg,bg_to_strip_inclusion,64,7,775,766,4,3,2,B
B-84_crop_01.jpg,bg_to_strip_inclusion,65,14,750,777,3,13,2,B
B-84_crop_01.jpg,bg_to_strip_inclusion,67,7,748,805,2,7,2,B
B-84_crop_01.jpg,bg_to_strip_inclusion,68,4,774,818,1,4,2,B
B-84_crop_01.jpg,bg_to_strip_inclusion,69,6,775,823,1,6,2,B
B-84_crop_01.jpg,bg_to_strip_inclusion,71,2,769,843,1,2,2,B
B-84_crop_01.jpg,bg_to_strip_inclusion,72,4,742,846,1,4,2,B
B-84_crop_01.jpg,bg_to_strip_inclusion,76,15,750,882,10,5,2,B
B-84_crop_01.jpg,bg_to_strip_inclusion,77,32,749,928,10,7,2,B
B-84_crop_01.jpg,bg_to_strip_inclusion,80,14,741,936,6,14,2,B
B-84_crop_01.jpg,bg_to_strip_inclusion,81,14,760,939,4,7,2,B
B-84_crop_01.jpg,bg_to_strip_inclusion,82,66,741,951,11,28,2,B
B-84_crop_01.jpg,bg_to_strip_inclusion,84,13,759,963,2,10,2,B
B-84_crop_01.jpg,bg_to_strip_inclusion,85,2,761,975,1,2,2,B
B-84_crop_01.jpg,bg_to_strip_inclusion,86,2,762,978,1,2,2,B
B-97_crop_00.jpg,bg_to_strip_inclusion,1,3,192,299,2,3,1,A
B-97_crop_00.jpg,bg_to_strip_inclusion,2,2,197,324,1,2,1,A
B-97_crop_00.jpg,bg_to_strip_inclusion,3,2,202,341,1,2,1,A
B-97_crop_00.jpg,bg_to_strip_inclusion,4,2,634,520,2,2,3,C
B-97_crop_00.jpg,bg_to_strip_inclusion,7,2,628,553,1,2,1,A
B-97_crop_00.jpg,bg_to_strip_inclusion,10,5,604,668,1,5,1,A
B-97_crop_00.jpg,bg_to_strip_inclusion,11,4,609,680,1,4,1,A
B-97_crop_00.jpg,bg_to_strip_inclusion,12,38,596,701,5,12,1,A
B-97_crop_00.jpg,bg_to_strip_inclusion,13,5,585,749,4,2,1,A
B-97_crop_00.jpg,bg_to_strip_inclusion,14,7,588,754,1,7,1,A
B-97_crop_00.jpg,bg_to_strip_inclusion,15,9,583,756,1,9,1,A
B-97_crop_00.jpg,bg_to_strip_inclusion,16,4,462,890,2,4,3,C
B-97_crop_00.jpg,bg_to_strip_inclusion,18,83,298,911,6,17,3,C
B-97_crop_00.jpg,bg_to_strip_inclusion,19,4,461,910,3,3,1,A
C-104_crop_01.jpg,bg_to_strip_inclusion,1,187,133,237,7,34,3,C
C-104_crop_01.jpg,bg_to_strip_inclusion,2,9,239,737,3,6,2,B
C-104_crop_01.jpg,bg_to_strip_inclusion,3,7,246,753,2,5,2,B
C-109_crop_00.jpg,bg_to_strip_inclusion,1,6,13,156,5,4,3,C
C-109_crop_00.jpg,bg_to_strip_inclusion,2,4,13,166,1,4,3,C
C-109_crop_00.jpg,bg_to_strip_inclusion,3,5,14,175,1,5,3,C
C-109_crop_00.jpg,bg_to_strip_inclusion,4,10,14,183,1,10,3,C
C-109_crop_00.jpg,bg_to_strip_inclusion,6,5,16,206,1,5,3,C
C-109_crop_00.jpg,bg_to_strip_inclusion,7,2,29,207,1,2,3,C
C-109_crop_00.jpg,bg_to_strip_inclusion,8,38,17,214,2,38,3,C
C-109_crop_00.jpg,bg_to_strip_inclusion,9,5,17,254,1,5,3,C
C-109_crop_00.jpg,bg_to_strip_inclusion,10,16,13,260,4,16,3,C
C-109_crop_00.jpg,bg_to_strip_inclusion,11,2,26,262,1,2,3,C
C-109_crop_00.jpg,bg_to_strip_inclusion,14,2,765,751,2,2,1,A
C-109_crop_00.jpg,bg_to_strip_inclusion,15,8,764,754,1,8,1,A
C-109_crop_00.jpg,bg_to_strip_inclusion,16,155,765,757,12,41,1,A
C-109_crop_00.jpg,bg_to_strip_inclusion,17,13,762,763,2,12,1,A
C-110_crop_00.jpg,bg_to_strip_inclusion,1,8,1012,85,4,3,1,A
C-110_crop_00.jpg,bg_to_strip_inclusion,3,2,1018,100,1,2,1,A
C-110_crop_00.jpg,bg_to_strip_inclusion,4,28,1018,111,2,24,1,A
C-110_crop_00.jpg,bg_to_strip_inclusion,5,9,1017,149,3,4,1,A
C-110_crop_00.jpg,bg_to_strip_inclusion,6,127,298,588,7,25,3,C
C-110_crop_00.jpg,bg_to_strip_inclusion,7,2,207,616,2,1,3,C
C-110_crop_00.jpg,bg_to_strip_inclusion,8,4,206,618,1,4,3,C
C-110_crop_00.jpg,bg_to_strip_inclusion,9,2,205,626,1,2,3,C
C-110_crop_00.jpg,bg_to_strip_inclusion,10,5,206,645,1,5,3,C
C-110_crop_00.jpg,bg_to_strip_inclusion,11,6,199,653,1,6,3,C
C-110_crop_00.jpg,bg_to_strip_inclusion,13,4,198,678,1,4,3,C
C-110_crop_00.jpg,bg_to_strip_inclusion,14,4,205,685,1,4,3,C
C-110_crop_00.jpg,bg_to_strip_inclusion,15,2,197,702,1,2,3,C
C-110_crop_00.jpg,bg_to_strip_inclusion,16,14,196,706,1,14,3,C
C-110_crop_00.jpg,bg_to_strip_inclusion,17,6,206,708,1,6,3,C
C-110_crop_00.jpg,bg_to_strip_inclusion,20,5,192,819,1,5,3,C
C-110_crop_00.jpg,bg_to_strip_inclusion,21,3,198,823,1,3,3,C
C-110_crop_00.jpg,bg_to_strip_inclusion,23,2,200,832,1,2,3,C
C-110_crop_00.jpg,bg_to_strip_inclusion,27,9,210,894,1,9,3,C
C-110_crop_00.jpg,bg_to_strip_inclusion,28,2,193,906,1,2,3,C
C-110_crop_00.jpg,bg_to_strip_inclusion,29,5,192,913,1,5,3,C
C-110_crop_00.jpg,bg_to_strip_inclusion,30,4,193,922,1,4,3,C
C-110_crop_00.jpg,bg_to_strip_inclusion,31,16,194,934,2,16,3,C
C-110_crop_00.jpg,bg_to_strip_inclusion,32,13,208,948,2,11,3,C
C-110_crop_00.jpg,bg_to_strip_inclusion,34,2,208,968,1,2,3,C
C-49_crop_01.jpg,bg_to_strip_inclusion,1,6,506,561,1,6,1,A
C-49_crop_01.jpg,bg_to_strip_inclusion,2,2,507,571,1,2,1,A
C-49_crop_01.jpg,bg_to_strip_inclusion,3,6,508,579,1,6,1,A
C-49_crop_01.jpg,bg_to_strip_inclusion,4,10,509,586,2,9,1,A
C-49_crop_01.jpg,bg_to_strip_inclusion,5,19,499,919,4,13,1,A
C-49_crop_01.jpg,bg_to_strip_inclusion,6,16,497,957,3,14,1,A
C-49_crop_01.jpg,bg_to_strip_inclusion,7,13,505,996,1,13,1,A
C-51_crop_00.jpg,bg_to_strip_inclusion,2,2,1005,151,1,2,1,A
C-51_crop_00.jpg,bg_to_strip_inclusion,3,3,1006,158,1,3,1,A
C-51_crop_00.jpg,bg_to_strip_inclusion,4,8,1007,165,1,8,1,A
C-51_crop_00.jpg,bg_to_strip_inclusion,5,2,1015,182,1,2,1,A
C-51_crop_00.jpg,bg_to_strip_inclusion,6,17,1013,185,2,12,1,A
C-51_crop_00.jpg,bg_to_strip_inclusion,8,12,1007,220,1,12,1,A
C-51_crop_00.jpg,bg_to_strip_inclusion,9,8,1008,235,1,8,1,A
C-51_crop_00.jpg,bg_to_strip_inclusion,11,4,1015,241,1,4,1,A
C-51_crop_00.jpg,bg_to_strip_inclusion,13,8,1003,291,3,8,1,A
C-51_crop_00.jpg,bg_to_strip_inclusion,14,4,1001,300,2,4,1,A
C-51_crop_00.jpg,bg_to_strip_inclusion,18,14,996,314,2,12,1,A
C-51_crop_00.jpg,bg_to_strip_inclusion,20,4,987,398,1,4,3,C
C-51_crop_00.jpg,bg_to_strip_inclusion,21,5,996,402,1,5,3,C
C-51_crop_00.jpg,bg_to_strip_inclusion,22,4,986,404,1,4,3,C
C-51_crop_00.jpg,bg_to_strip_inclusion,23,20,987,409,2,18,3,C
C-51_crop_00.jpg,bg_to_strip_inclusion,25,20,986,428,2,20,3,C
C-51_crop_00.jpg,bg_to_strip_inclusion,27,6,997,442,1,6,3,C
C-51_crop_00.jpg,bg_to_strip_inclusion,29,5,984,458,1,5,3,C
C-51_crop_00.jpg,bg_to_strip_inclusion,30,3,994,459,1,3,3,C
C-51_crop_00.jpg,bg_to_strip_inclusion,31,2,983,464,1,2,3,C
C-51_crop_00.jpg,bg_to_strip_inclusion,33,56,972,472,10,40,3,C
C-51_crop_00.jpg,bg_to_strip_inclusion,38,3,750,619,2,3,3,C
C-51_crop_00.jpg,bg_to_strip_inclusion,40,3,746,620,2,3,3,C
C-51_crop_00.jpg,bg_to_strip_inclusion,41,8,745,625,1,8,3,C
C-51_crop_00.jpg,bg_to_strip_inclusion,42,2,917,626,1,2,3,C
C-51_crop_00.jpg,bg_to_strip_inclusion,43,3,916,629,1,3,3,C
C-51_crop_00.jpg,bg_to_strip_inclusion,44,3,915,633,1,3,3,C
C-51_crop_00.jpg,bg_to_strip_inclusion,45,19,745,637,2,15,3,C
C-51_crop_00.jpg,bg_to_strip_inclusion,47,15,915,651,1,15,3,C
C-51_crop_00.jpg,bg_to_strip_inclusion,48,4,754,655,1,4,3,C
C-51_crop_00.jpg,bg_to_strip_inclusion,49,36,747,661,6,11,3,C
C-51_crop_00.jpg,bg_to_strip_inclusion,50,2,926,667,1,2,3,C
C-51_crop_00.jpg,bg_to_strip_inclusion,51,184,912,668,5,106,3,C
C-51_crop_00.jpg,bg_to_strip_inclusion,52,2,752,673,1,2,3,C
C-51_crop_00.jpg,bg_to_strip_inclusion,53,5,926,690,1,5,3,C
C-51_crop_00.jpg,bg_to_strip_inclusion,55,10,926,699,1,10,3,C
C-51_crop_00.jpg,bg_to_strip_inclusion,58,3,734,717,1,3,2,B
C-51_crop_00.jpg,bg_to_strip_inclusion,59,4,733,722,1,4,2,B
C-51_crop_00.jpg,bg_to_strip_inclusion,61,8,730,728,3,8,2,B
C-51_crop_00.jpg,bg_to_strip_inclusion,65,2,726,743,1,2,2,B
C-51_crop_00.jpg,bg_to_strip_inclusion,67,5,722,759,1,5,2,B
C-51_crop_00.jpg,bg_to_strip_inclusion,68,91,702,778,11,27,2,B
C-51_crop_00.jpg,bg_to_strip_inclusion,69,28,914,796,2,19,3,C
C-51_crop_00.jpg,bg_to_strip_inclusion,70,12,916,820,2,10,3,C
C-51_crop_00.jpg,bg_to_strip_inclusion,71,203,666,828,20,85,2,B
C-51_crop_00.jpg,bg_to_strip_inclusion,73,3,677,851,1,3,2,B
C-51_crop_00.jpg,bg_to_strip_inclusion,74,7,674,898,1,7,2,B
C-51_crop_00.jpg,bg_to_strip_inclusion,75,4,668,914,1,4,3,C
C-51_crop_00.jpg,bg_to_strip_inclusion,76,40,669,918,4,11,3,C
C-51_crop_00.jpg,bg_to_strip_inclusion,77,7,1002,919,5,5,1,A
C-51_crop_00.jpg,bg_to_strip_inclusion,80,5,668,930,1,5,3,C
C-51_crop_00.jpg,bg_to_strip_inclusion,81,6,667,938,1,6,3,C
C-51_crop_00.jpg,bg_to_strip_inclusion,82,14,996,942,5,5,1,A
C-51_crop_00.jpg,bg_to_strip_inclusion,83,3,673,944,1,3,3,C
C-51_crop_00.jpg,bg_to_strip_inclusion,84,40,667,948,6,9,3,C
C-51_crop_00.jpg,bg_to_strip_inclusion,86,52,664,966,3,43,2,B
C-51_crop_00.jpg,bg_to_strip_inclusion,87,43,672,967,2,31,2,B
C-51_crop_00.jpg,bg_to_strip_inclusion,88,44,987,979,3,37,3,C
C-51_crop_00.jpg,bg_to_strip_inclusion,89,12,671,1004,2,12,2,B
C-51_crop_00.jpg,bg_to_strip_inclusion,90,3,663,1010,1,3,2,B
C-51_crop_00.jpg,bg_to_strip_inclusion,92,6,992,1021,4,3,3,C
C-54_crop_02.jpg,bg_to_strip_inclusion,1,116,123,318,5,27,1,A
C-54_crop_02.jpg,bg_to_strip_inclusion,2,162,401,960,7,31,3,C
C-54_crop_03.jpg,bg_to_strip_inclusion,1,77,392,757,5,21,1,A
C-67_crop_00.jpg,bg_to_strip_inclusion,1,19,855,327,5,9,3,C
C-67_crop_00.jpg,bg_to_strip_inclusion,2,10,851,334,3,9,3,C
C-67_crop_00.jpg,bg_to_strip_inclusion,5,27,844,356,3,16,3,C
C-67_crop_00.jpg,bg_to_strip_inclusion,6,27,840,394,6,19,3,C
C-67_crop_00.jpg,bg_to_strip_inclusion,7,3,839,414,1,3,3,C
C-67_crop_00.jpg,bg_to_strip_inclusion,8,3,838,418,1,3,3,C
C-67_crop_00.jpg,bg_to_strip_inclusion,9,22,848,419,2,16,3,C
C-67_crop_00.jpg,bg_to_strip_inclusion,10,3,837,422,1,3,3,C
C-67_crop_00.jpg,bg_to_strip_inclusion,11,2,836,442,1,2,3,C
C-67_crop_00.jpg,bg_to_strip_inclusion,12,3,835,447,1,3,3,C
C-67_crop_00.jpg,bg_to_strip_inclusion,13,43,828,451,7,40,3,C
C-67_crop_00.jpg,bg_to_strip_inclusion,14,10,847,453,1,10,3,C
C-67_crop_00.jpg,bg_to_strip_inclusion,15,20,846,471,1,20,3,C
C-67_crop_00.jpg,bg_to_strip_inclusion,16,8,514,475,3,6,1,A
C-67_crop_00.jpg,bg_to_strip_inclusion,17,2,513,483,1,2,1,A
C-67_crop_00.jpg,bg_to_strip_inclusion,18,24,825,492,3,24,3,C
C-67_crop_00.jpg,bg_to_strip_inclusion,20,22,505,499,5,17,1,A
C-67_crop_00.jpg,bg_to_strip_inclusion,21,16,834,505,7,8,3,C
C-67_crop_00.jpg,bg_to_strip_inclusion,22,13,514,521,1,13,1,A
C-67_crop_00.jpg,bg_to_strip_inclusion,23,11,506,542,3,8,1,A
C-67_crop_00.jpg,bg_to_strip_inclusion,24,9,835,602,6,3,3,C
C-67_crop_00.jpg,bg_to_strip_inclusion,25,27,842,611,2,27,3,C
C-67_crop_00.jpg,bg_to_strip_inclusion,27,5,834,619,1,5,3,C
C-67_crop_00.jpg,bg_to_strip_inclusion,28,2,832,634,1,2,3,C
C-67_crop_00.jpg,bg_to_strip_inclusion,29,15,829,638,3,11,3,C
C-67_crop_00.jpg,bg_to_strip_inclusion,31,47,575,735,8,31,1,A
C-67_crop_00.jpg,bg_to_strip_inclusion,32,3,582,750,1,3,1,A
C-67_crop_00.jpg,bg_to_strip_inclusion,37,46,509,998,8,26,1,A
C-71_crop_00.jpg,bg_to_strip_inclusion,2,3,132,151,1,3,3,C
C-71_crop_00.jpg,bg_to_strip_inclusion,3,3,131,156,1,3,3,C
C-71_crop_00.jpg,bg_to_strip_inclusion,4,2,130,162,1,2,3,C
C-71_crop_00.jpg,bg_to_strip_inclusion,7,2,120,230,1,2,3,C
C-71_crop_00.jpg,bg_to_strip_inclusion,8,2,119,236,1,2,3,C
C-71_crop_00.jpg,bg_to_strip_inclusion,9,7,136,261,3,6,3,C
C-71_crop_00.jpg,bg_to_strip_inclusion,11,3,50,397,3,1,3,C
C-75_crop_00.jpg,bg_to_strip_inclusion,1,25,621,12,5,21,1,A
C-75_crop_00.jpg,bg_to_strip_inclusion,2,4,622,37,1,4,1,A
C-75_crop_00.jpg,bg_to_strip_inclusion,3,6,623,47,1,6,1,A
C-75_crop_00.jpg,bg_to_strip_inclusion,4,13,624,59,1,13,1,A
C-75_crop_00.jpg,bg_to_strip_inclusion,5,3,633,74,1,3,1,A
C-75_crop_00.jpg,bg_to_strip_inclusion,6,2,625,78,1,2,1,A
C-75_crop_00.jpg,bg_to_strip_inclusion,7,10,626,82,1,10,1,A
C-75_crop_00.jpg,bg_to_strip_inclusion,8,5,625,93,1,5,1,A
C-75_crop_00.jpg,bg_to_strip_inclusion,9,3,631,118,1,3,1,A
C-75_crop_00.jpg,bg_to_strip_inclusion,10,4,961,234,3,2,1,A
C-75_crop_00.jpg,bg_to_strip_inclusion,11,27,959,239,1,27,1,A
C-75_crop_00.jpg,bg_to_strip_inclusion,12,19,958,269,2,19,1,A
C-75_crop_00.jpg,bg_to_strip_inclusion,13,7,957,289,1,7,1,A
C-75_crop_00.jpg,bg_to_strip_inclusion,16,6,576,417,1,6,1,A
C-75_crop_00.jpg,bg_to_strip_inclusion,18,3,570,424,1,3,1,A
C-75_crop_00.jpg,bg_to_strip_inclusion,19,5,571,434,1,5,1,A
C-75_crop_00.jpg,bg_to_strip_inclusion,20,6,575,462,3,3,1,A
C-75_crop_00.jpg,bg_to_strip_inclusion,23,4,574,490,1,4,1,A
C-75_crop_00.jpg,bg_to_strip_inclusion,24,8,89,494,1,8,3,C
C-75_crop_00.jpg,bg_to_strip_inclusion,25,6,568,501,1,6,1,A
C-75_crop_00.jpg,bg_to_strip_inclusion,27,7,569,509,1,7,1,A
C-75_crop_00.jpg,bg_to_strip_inclusion,28,8,570,517,1,8,1,A
C-75_crop_00.jpg,bg_to_strip_inclusion,30,5,571,560,1,5,1,A
C-75_crop_00.jpg,bg_to_strip_inclusion,32,2,573,575,1,2,1,A
C-75_crop_00.jpg,bg_to_strip_inclusion,33,13,350,863,7,7,3,C
C-75_crop_00.jpg,bg_to_strip_inclusion,35,16,453,872,11,9,1,A
C-75_crop_00.jpg,bg_to_strip_inclusion,36,2,348,875,1,2,3,C
C-75_crop_00.jpg,bg_to_strip_inclusion,38,2,347,882,1,2,3,C
C-75_crop_00.jpg,bg_to_strip_inclusion,39,5,452,883,1,5,1,A
C-75_crop_00.jpg,bg_to_strip_inclusion,40,22,346,894,5,6,3,C
C-75_crop_00.jpg,bg_to_strip_inclusion,41,2,453,895,1,2,1,A
C-75_crop_00.jpg,bg_to_strip_inclusion,42,9,460,895,3,9,1,A
C-75_crop_00.jpg,bg_to_strip_inclusion,44,10,342,921,1,10,3,C
C-75_crop_00.jpg,bg_to_strip_inclusion,46,3,791,929,1,3,3,C
C-75_crop_00.jpg,bg_to_strip_inclusion,47,5,790,935,1,5,3,C
C-75_crop_00.jpg,bg_to_strip_inclusion,48,28,337,937,5,21,3,C
C-75_crop_00.jpg,bg_to_strip_inclusion,49,4,789,947,1,4,3,C
C-75_crop_00.jpg,bg_to_strip_inclusion,50,2,336,959,1,2,3,C
C-76_crop_00.jpg,bg_to_strip_inclusion,1,21,103,352,8,7,3,C
C-76_crop_00.jpg,bg_to_strip_inclusion,3,370,99,362,13,159,3,C
C-76_crop_00.jpg,bg_to_strip_inclusion,4,11,124,409,1,11,3,C
C-76_crop_00.jpg,bg_to_strip_inclusion,5,7,125,436,2,5,3,C
C-76_crop_00.jpg,bg_to_strip_inclusion,7,2,124,460,1,2,3,C
C-76_crop_00.jpg,bg_to_strip_inclusion,10,2,122,498,1,2,3,C
C-76_crop_00.jpg,bg_to_strip_inclusion,11,18,102,524,3,16,3,C
C-76_crop_00.jpg,bg_to_strip_inclusion,16,5,111,579,1,5,3,C
C-76_crop_00.jpg,bg_to_strip_inclusion,17,3,113,613,1,3,3,C
C-76_crop_00.jpg,bg_to_strip_inclusion,18,7,111,625,2,5,3,C
C-76_crop_00.jpg,bg_to_strip_inclusion,20,74,479,644,6,17,3,C
C-76_crop_00.jpg,bg_to_strip_inclusion,22,3,120,659,1,3,3,C
C-76_crop_00.jpg,bg_to_strip_inclusion,23,5,106,669,1,5,3,C
C-76_crop_00.jpg,bg_to_strip_inclusion,24,3,118,676,2,2,3,C
C-76_crop_00.jpg,bg_to_strip_inclusion,25,5,104,679,1,5,3,C
C-76_crop_00.jpg,bg_to_strip_inclusion,26,3,106,700,1,3,3,C
C-76_crop_00.jpg,bg_to_strip_inclusion,27,15,100,728,3,10,3,C
C-76_crop_00.jpg,bg_to_strip_inclusion,28,5,99,746,1,5,3,C
C-76_crop_00.jpg,bg_to_strip_inclusion,29,20,100,753,1,20,3,C
C-76_crop_00.jpg,bg_to_strip_inclusion,30,4,101,780,1,4,3,C
C-76_crop_00.jpg,bg_to_strip_inclusion,31,9,102,788,1,9,3,C
C-76_crop_00.jpg,bg_to_strip_inclusion,34,2,110,820,2,2,3,C
C-77_crop_00.jpg,bg_to_strip_inclusion,1,17,605,306,2,15,3,C
C-77_crop_00.jpg,bg_to_strip_inclusion,3,7,614,328,1,7,3,C
C-77_crop_00.jpg,bg_to_strip_inclusion,4,18,603,330,2,14,3,C
C-77_crop_00.jpg,bg_to_strip_inclusion,5,7,602,353,1,7,3,C
C-77_crop_00.jpg,bg_to_strip_inclusion,8,2,615,391,1,2,3,C
C-77_crop_00.jpg,bg_to_strip_inclusion,9,7,616,394,4,7,3,C
C-77_crop_00.jpg,bg_to_strip_inclusion,10,23,602,397,4,19,3,C
C-77_crop_00.jpg,bg_to_strip_inclusion,11,2,620,402,1,2,3,C
C-77_crop_00.jpg,bg_to_strip_inclusion,12,4,621,405,1,4,3,C
C-77_crop_00.jpg,bg_to_strip_inclusion,20,2,613,431,2,2,3,C
C-77_crop_00.jpg,bg_to_strip_inclusion,22,9,616,436,4,5,3,C
C-77_crop_00.jpg,bg_to_strip_inclusion,23,21,607,458,3,15,3,C
C-77_crop_00.jpg,bg_to_strip_inclusion,24,3,607,483,1,3,3,C
C-77_crop_00.jpg,bg_to_strip_inclusion,25,2,614,485,1,2,3,C
C-77_crop_00.jpg,bg_to_strip_inclusion,26,22,608,487,3,18,3,C
C-77_crop_00.jpg,bg_to_strip_inclusion,29,8,612,525,1,8,3,C
C-77_crop_00.jpg,bg_to_strip_inclusion,30,4,611,538,1,4,3,C
C-77_crop_00.jpg,bg_to_strip_inclusion,31,3,610,543,1,3,3,C
C-77_crop_00.jpg,bg_to_strip_inclusion,32,11,609,547,1,11,3,C
C-77_crop_00.jpg,bg_to_strip_inclusion,35,3,616,603,1,3,3,C
C-77_crop_00.jpg,bg_to_strip_inclusion,36,5,617,607,1,5,3,C
C-77_crop_00.jpg,bg_to_strip_inclusion,37,2,622,606,1,2,3,C
C-77_crop_00.jpg,bg_to_strip_inclusion,39,3,618,625,1,3,3,C
C-77_crop_00.jpg,bg_to_strip_inclusion,40,3,619,629,1,3,3,C
C-79_crop_02.jpg,bg_to_strip_inclusion,2,2,218,22,2,2,3,C
C-79_crop_02.jpg,bg_to_strip_inclusion,3,8,219,53,1,8,3,C
C-79_crop_02.jpg,bg_to_strip_inclusion,6,78,786,933,6,16,1,A
C-80_crop_00.jpg,bg_to_strip_inclusion,1,30,273,3,4,9,3,C
C-80_crop_00.jpg,bg_to_strip_inclusion,2,6,982,346,3,6,3,C
C-80_crop_00.jpg,bg_to_strip_inclusion,3,3,988,353,1,3,3,C
C-80_crop_00.jpg,bg_to_strip_inclusion,4,2,981,354,1,2,3,C
C-80_crop_00.jpg,bg_to_strip_inclusion,6,13,979,368,2,11,3,C
C-80_crop_00.jpg,bg_to_strip_inclusion,7,14,981,383,2,11,3,C
C-80_crop_00.jpg,bg_to_strip_inclusion,8,11,980,400,1,11,3,C
C-80_crop_00.jpg,bg_to_strip_inclusion,9,246,587,422,9,42,3,C
C-80_crop_00.jpg,bg_to_strip_inclusion,10,221,539,445,6,41,2,B
C-80_crop_00.jpg,bg_to_strip_inclusion,11,23,981,455,2,23,3,C
C-80_crop_00.jpg,bg_to_strip_inclusion,13,2,983,484,1,2,3,C
C-80_crop_00.jpg,bg_to_strip_inclusion,14,6,984,488,1,6,3,C
C-81_crop_01.jpg,bg_to_strip_inclusion,1,3,468,108,2,3,1,A
C-81_crop_01.jpg,bg_to_strip_inclusion,2,9,467,112,1,9,1,A
C-81_crop_01.jpg,bg_to_strip_inclusion,3,14,466,123,1,14,1,A
C-81_crop_01.jpg,bg_to_strip_inclusion,4,7,471,134,1,7,1,A
C-81_crop_01.jpg,bg_to_strip_inclusion,5,2,465,144,1,2,1,A
C-81_crop_01.jpg,bg_to_strip_inclusion,8,2,464,158,1,2,1,A
C-81_crop_01.jpg,bg_to_strip_inclusion,9,2,14,325,2,1,3,C
C-81_crop_01.jpg,bg_to_strip_inclusion,10,10,12,334,1,10,3,C
C-81_crop_01.jpg,bg_to_strip_inclusion,11,2,544,666,1,2,3,C
C-81_crop_01.jpg,bg_to_strip_inclusion,12,2,543,671,1,2,3,C
C-81_crop_01.jpg,bg_to_strip_inclusion,14,15,539,693,3,12,3,C
C-81_crop_01.jpg,bg_to_strip_inclusion,15,5,546,703,1,5,3,C
C-81_crop_01.jpg,bg_to_strip_inclusion,16,2,539,709,1,2,3,C
C-81_crop_01.jpg,bg_to_strip_inclusion,17,14,540,713,2,11,3,C
C-81_crop_01.jpg,bg_to_strip_inclusion,21,8,542,761,2,6,3,C
C-81_crop_01.jpg,bg_to_strip_inclusion,22,2,540,810,1,2,3,C
C-81_crop_01.jpg,bg_to_strip_inclusion,23,14,540,841,1,14,3,C
C-81_crop_01.jpg,bg_to_strip_inclusion,24,4,539,862,1,4,3,C
C-81_crop_01.jpg,bg_to_strip_inclusion,25,15,536,869,3,13,3,C
C-81_crop_01.jpg,bg_to_strip_inclusion,26,2,545,879,1,2,3,C
C-81_crop_01.jpg,bg_to_strip_inclusion,27,19,536,895,1,19,3,C
C-81_crop_01.jpg,bg_to_strip_inclusion,28,8,541,918,2,7,3,C
C-81_crop_01.jpg,bg_to_strip_inclusion,29,20,534,935,1,20,3,C
C-88_crop_01.jpg,bg_to_strip_inclusion,1,171,637,362,11,36,3,C
C-90_crop_00.jpg,bg_to_strip_inclusion,1,12,30,73,5,5,3,C
C-90_crop_00.jpg,bg_to_strip_inclusion,2,3,35,78,1,3,3,C
C-90_crop_00.jpg,bg_to_strip_inclusion,3,2,29,84,1,2,3,C
C-90_crop_00.jpg,bg_to_strip_inclusion,4,3,28,92,1,3,3,C
C-90_crop_00.jpg,bg_to_strip_inclusion,6,5,782,601,1,5,3,C
C-90_crop_00.jpg,bg_to_strip_inclusion,7,64,781,613,4,47,3,C
C-90_crop_00.jpg,bg_to_strip_inclusion,8,3,780,661,1,3,3,C
C-90_crop_00.jpg,bg_to_strip_inclusion,11,7,780,692,1,7,3,C
C-90_crop_00.jpg,bg_to_strip_inclusion,12,4,774,696,1,4,3,C
C-90_crop_00.jpg,bg_to_strip_inclusion,14,6,768,720,1,6,3,C
C-90_crop_00.jpg,bg_to_strip_inclusion,17,12,764,762,3,11,3,C
C-90_crop_00.jpg,bg_to_strip_inclusion,19,9,763,775,1,9,3,C
C-90_crop_00.jpg,bg_to_strip_inclusion,21,2,761,804,2,1,3,C
C-90_crop_00.jpg,bg_to_strip_inclusion,22,3,764,805,1,3,3,C
C-90_crop_00.jpg,bg_to_strip_inclusion,23,9,757,807,3,8,3,C
C-92_crop_00.jpg,bg_to_strip_inclusion,1,2,520,26,1,2,1,A
C-92_crop_00.jpg,bg_to_strip_inclusion,2,17,515,29,5,11,1,A
C-92_crop_00.jpg,bg_to_strip_inclusion,6,2,511,47,1,2,1,A
C-92_crop_00.jpg,bg_to_strip_inclusion,7,4,533,52,1,4,1,A
C-92_crop_00.jpg,bg_to_strip_inclusion,8,18,511,61,3,14,1,A
C-92_crop_00.jpg,bg_to_strip_inclusion,9,15,511,82,1,15,1,A
C-92_crop_00.jpg,bg_to_strip_inclusion,10,2,512,103,1,2,1,A
C-92_crop_00.jpg,bg_to_strip_inclusion,11,6,513,107,2,6,1,A
C-92_crop_00.jpg,bg_to_strip_inclusion,12,2,515,114,1,2,1,A
C-92_crop_00.jpg,bg_to_strip_inclusion,15,17,521,132,10,12,1,A
C-92_crop_00.jpg,bg_to_strip_inclusion,17,4,499,421,1,4,1,A
C-92_crop_00.jpg,bg_to_strip_inclusion,18,22,496,430,3,21,1,A
C-92_crop_00.jpg,bg_to_strip_inclusion,19,5,495,453,1,5,1,A
C-92_crop_00.jpg,bg_to_strip_inclusion,20,56,488,469,7,53,1,A
C-92_crop_00.jpg,bg_to_strip_inclusion,21,3,487,523,1,3,1,A
C-92_crop_00.jpg,bg_to_strip_inclusion,22,68,487,538,3,46,1,A
C-92_crop_00.jpg,bg_to_strip_inclusion,23,2,502,581,1,2,1,A
C-92_crop_00.jpg,bg_to_strip_inclusion,24,36,485,586,4,31,1,A
C-92_crop_00.jpg,bg_to_strip_inclusion,27,6,482,635,1,6,1,A
C-92_crop_00.jpg,bg_to_strip_inclusion,28,2,494,635,1,2,1,A
C-92_crop_00.jpg,bg_to_strip_inclusion,29,4,481,642,1,4,1,A
C-92_crop_00.jpg,bg_to_strip_inclusion,30,5,493,642,1,5,1,A
C-92_crop_00.jpg,bg_to_strip_inclusion,31,2,480,649,1,2,1,A
C-92_crop_00.jpg,bg_to_strip_inclusion,32,4,492,652,1,4,1,A
C-92_crop_00.jpg,bg_to_strip_inclusion,33,10,480,658,1,10,1,A
C-92_crop_00.jpg,bg_to_strip_inclusion,34,2,491,662,1,2,1,A
C-92_crop_00.jpg,bg_to_strip_inclusion,35,6,479,672,1,6,1,A
C-92_crop_00.jpg,bg_to_strip_inclusion,36,7,477,679,2,7,1,A
C-92_crop_00.jpg,bg_to_strip_inclusion,37,11,477,697,1,11,1,A
C-92_crop_00.jpg,bg_to_strip_inclusion,38,31,480,718,5,24,1,A
C-92_crop_00.jpg,bg_to_strip_inclusion,39,2,480,759,1,2,1,A
C-92_crop_00.jpg,bg_to_strip_inclusion,40,17,477,763,3,16,1,A
C-92_crop_00.jpg,bg_to_strip_inclusion,41,2,476,780,1,2,1,A
C-92_crop_00.jpg,bg_to_strip_inclusion,43,7,471,806,1,7,1,A
C-95_crop_00.jpg,bg_to_strip_inclusion,1,9,393,9,5,3,1,A
C-95_crop_00.jpg,bg_to_strip_inclusion,2,3,392,12,1,3,1,A
C-95_crop_00.jpg,bg_to_strip_inclusion,3,5,391,16,1,5,1,A
C-95_crop_00.jpg,bg_to_strip_inclusion,4,5,390,23,1,5,1,A
C-95_crop_00.jpg,bg_to_strip_inclusion,5,5,389,30,1,5,1,A
C-95_crop_00.jpg,bg_to_strip_inclusion,6,2,388,39,1,2,1,A
C-95_crop_00.jpg,bg_to_strip_inclusion,7,3,387,50,1,3,1,A
C-95_crop_00.jpg,bg_to_strip_inclusion,8,57,384,58,3,42,1,A
C-95_crop_00.jpg,bg_to_strip_inclusion,9,32,176,66,6,21,3,C
C-95_crop_00.jpg,bg_to_strip_inclusion,10,3,186,91,1,3,3,C
C-95_crop_00.jpg,bg_to_strip_inclusion,11,3,384,101,1,3,1,A
C-95_crop_00.jpg,bg_to_strip_inclusion,14,2,382,111,1,2,1,A
C-95_crop_00.jpg,bg_to_strip_inclusion,16,2,168,115,1,2,3,C
C-95_crop_00.jpg,bg_to_strip_inclusion,17,4,167,118,1,4,3,C
C-95_crop_00.jpg,bg_to_strip_inclusion,18,5,166,123,1,5,3,C
C-95_crop_00.jpg,bg_to_strip_inclusion,19,4,165,130,1,4,3,C
C-95_crop_00.jpg,bg_to_strip_inclusion,24,2,167,151,1,2,3,C
C-95_crop_00.jpg,bg_to_strip_inclusion,25,12,953,510,6,8,1,A
C-95_crop_00.jpg,bg_to_strip_inclusion,26,3,959,512,1,3,1,A
C-95_crop_00.jpg,bg_to_strip_inclusion,27,2,952,519,1,2,1,A
C-95_crop_00.jpg,bg_to_strip_inclusion,28,2,951,523,1,2,1,A
C-95_crop_00.jpg,bg_to_strip_inclusion,29,4,950,554,1,4,1,A
C-95_crop_00.jpg,bg_to_strip_inclusion,30,2,951,560,1,2,1,A
C-95_crop_00.jpg,bg_to_strip_inclusion,31,2,952,563,2,2,1,A
C-95_crop_00.jpg,bg_to_strip_inclusion,32,5,1,721,4,3,1,A
C-95_crop_00.jpg,bg_to_strip_inclusion,33,4,3,748,1,4,1,A
C-95_crop_00.jpg,bg_to_strip_inclusion,35,56,958,773,4,16,1,A
C-95_crop_00.jpg,bg_to_strip_inclusion,36,6,19,973,6,4,1,A
C-95_crop_00.jpg,bg_to_strip_inclusion,37,2,25,978,2,2,1,A
C-95_crop_00.jpg,bg_to_strip_inclusion,38,7,23,1001,4,7,1,A
C-95_crop_00.jpg,bg_to_strip_inclusion,40,2,28,1011,1,2,1,A
C-95_crop_00.jpg,bg_to_strip_inclusion,41,3,34,1016,1,3,1,A
C-98_crop_02.jpg,bg_to_strip_inclusion,1,91,235,507,7,18,3,C
C-99_crop_00.jpg,bg_to_strip_inclusion,1,5,789,52,2,5,3,C
C-99_crop_00.jpg,bg_to_strip_inclusion,2,2,788,59,1,2,3,C
C-99_crop_00.jpg,bg_to_strip_inclusion,3,5,790,102,1,5,3,C
C-99_crop_00.jpg,bg_to_strip_inclusion,5,2,786,127,1,2,3,C
C-99_crop_00.jpg,bg_to_strip_inclusion,6,5,785,135,1,5,3,C
C-99_crop_00.jpg,bg_to_strip_inclusion,8,9,421,143,1,9,1,A
C-99_crop_00.jpg,bg_to_strip_inclusion,9,4,785,150,1,4,3,C
C-99_crop_00.jpg,bg_to_strip_inclusion,11,3,791,157,1,3,3,C
C-99_crop_00.jpg,bg_to_strip_inclusion,13,5,189,651,2,3,1,A
C-99_crop_00.jpg,bg_to_strip_inclusion,14,4,193,652,1,4,1,A
C-99_crop_00.jpg,bg_to_strip_inclusion,15,4,188,657,1,4,1,A
C-99_crop_00.jpg,bg_to_strip_inclusion,17,2,3,729,2,2,1,A
C-99_crop_00.jpg,bg_to_strip_inclusion,18,16,1,738,1,16,1,A
C-99_crop_00.jpg,bg_to_strip_inclusion,19,7,2,755,1,7,1,A
C-99_crop_00.jpg,bg_to_strip_inclusion,20,4,6,781,2,4,1,A
D-137_crop_01.jpg,bg_to_D,1,55,501,387,22,13,4,D
D-137_crop_01.jpg,bg_to_D,2,3,523,397,1,3,4,D
D-137_crop_01.jpg,bg_to_D,3,2,501,401,1,2,4,D
D-137_crop_01.jpg,bg_to_D,4,2,523,401,1,2,4,D
D-137_crop_01.jpg,bg_to_D,6,2,519,408,2,2,4,D
D-137_crop_01.jpg,bg_to_D,8,2,513,411,2,1,4,D
D-140_crop_01.jpg,bg_to_strip_inclusion,1,9,842,5,2,5,1,A
D-140_crop_01.jpg,bg_to_strip_inclusion,2,51,847,34,4,14,1,A
D-140_crop_01.jpg,bg_to_strip_inclusion,3,14,844,237,3,7,1,A
D-144_crop_00.jpg,bg_to_strip_inclusion,5,4,122,49,4,3,1,A
D-144_crop_00.jpg,bg_to_strip_inclusion,7,2,252,86,1,2,1,A
D-144_crop_00.jpg,bg_to_strip_inclusion,10,10,254,225,3,10,1,A
D-144_crop_00.jpg,bg_to_strip_inclusion,11,2,245,286,1,2,1,A
D-144_crop_00.jpg,bg_to_strip_inclusion,12,11,251,287,4,10,1,A
D-144_crop_00.jpg,bg_to_strip_inclusion,13,5,246,292,3,5,1,A
D-144_crop_00.jpg,bg_to_strip_inclusion,14,7,234,317,4,3,1,A
D-144_crop_00.jpg,bg_to_strip_inclusion,15,8,234,330,1,8,1,A
D-144_crop_00.jpg,bg_to_strip_inclusion,16,123,0,954,5,28,1,A
D-144_crop_00.jpg,bg_to_D,1,3,699,314,3,1,4,D
D-162_crop_00.jpg,bg_to_D,1,116,996,191,28,26,4,D
D-162_crop_00.jpg,bg_to_D,3,2,1015,217,2,2,4,D
D-162_crop_00.jpg,bg_to_D,4,2,1010,219,2,1,4,D
D-162_crop_00.jpg,bg_to_D,5,82,61,863,31,17,4,D
D-162_crop_00.jpg,bg_to_D,7,3,91,881,1,3,4,D
D-169_crop_00.jpg,bg_to_D,4,21,873,570,13,2,4,D
D-169_crop_00.jpg,bg_to_D,5,3,887,572,3,2,4,D
D-169_crop_00.jpg,bg_to_D,8,3,901,584,2,3,4,D
D-169_crop_00.jpg,bg_to_D,10,4,904,592,1,4,4,D
D-169_crop_00.jpg,bg_to_D,12,3,186,673,3,1,4,D
D-169_crop_00.jpg,bg_to_D,13,2,190,673,2,1,4,D
D-169_crop_00.jpg,bg_to_D,14,2,200,707,2,2,4,D
D-169_crop_00.jpg,bg_to_D,16,292,891,824,19,20,4,D
D-173_crop_00.jpg,bg_to_D,1,18,881,638,12,12,4,D
D-173_crop_00.jpg,bg_to_D,2,3,894,638,3,1,4,D
D-173_crop_00.jpg,bg_to_D,5,3,881,651,1,3,4,D
D-173_crop_00.jpg,bg_to_D,6,8,882,655,7,7,4,D
D-176_crop_00.jpg,bg_to_D,1,87,772,33,19,32,4,D
D-176_crop_00.jpg,bg_to_D,2,2,804,39,2,2,4,D
D-176_crop_00.jpg,bg_to_D,3,45,800,43,10,23,4,D
D-180_crop_00.jpg,bg_to_D,5,4,792,875,4,4,4,D
D-180_crop_00.jpg,bg_to_D,6,3,797,874,3,1,4,D
D-180_crop_00.jpg,bg_to_D,8,3,791,880,1,3,4,D
D-180_crop_00.jpg,bg_to_D,9,11,791,884,5,8,4,D
D-180_crop_00.jpg,bg_to_D,10,3,797,892,3,1,4,D
D-180_crop_01.jpg,bg_to_strip_inclusion,1,173,298,634,7,31,3,C
D-183_crop_01.jpg,bg_to_D,1,6,952,29,6,4,4,D
D-183_crop_01.jpg,bg_to_D,2,2,959,29,2,1,4,D
D-183_crop_01.jpg,bg_to_D,3,2,962,30,2,2,4,D
D-183_crop_01.jpg,bg_to_D,4,2,951,34,1,2,4,D
D-183_crop_01.jpg,bg_to_D,7,2,188,257,2,1,4,D
D-183_crop_01.jpg,bg_to_D,8,2,191,257,2,1,4,D
D-183_crop_01.jpg,bg_to_D,9,12,183,258,4,11,4,D
D-183_crop_01.jpg,bg_to_D,10,2,194,258,2,2,4,D
D-183_crop_01.jpg,bg_to_D,11,2,196,261,1,2,4,D
D-183_crop_01.jpg,bg_to_D,13,2,188,269,2,1,4,D
D-183_crop_01.jpg,bg_to_D,15,468,1005,623,19,31,4,D
D-183_crop_02.jpg,bg_to_D,1,17,1015,736,9,11,4,D
D-183_crop_02.jpg,bg_to_D,2,3,124,747,3,1,4,D
D-183_crop_02.jpg,bg_to_D,3,3,128,747,3,1,4,D
D-183_crop_02.jpg,bg_to_D,6,25,137,750,8,22,4,D
D-186_crop_00.jpg,bg_to_D,1,11,545,0,6,6,4,D
D-186_crop_00.jpg,bg_to_D,2,7,552,0,5,3,4,D
D-186_crop_00.jpg,bg_to_D,3,22,134,542,13,4,4,D
D-186_crop_00.jpg,bg_to_D,4,2,150,548,2,2,4,D
D-186_crop_00.jpg,bg_to_D,5,16,153,552,3,11,4,D
D-186_crop_00.jpg,bg_to_D,6,2,126,559,1,2,4,D
D-186_crop_00.jpg,bg_to_D,8,3,130,568,3,3,4,D
D-186_crop_00.jpg,bg_to_D,9,18,134,571,13,3,4,D
D-186_crop_00.jpg,bg_to_D,10,22,320,721,21,11,4,D
D-186_crop_00.jpg,bg_to_D,11,6,342,721,6,1,4,D
D-186_crop_00.jpg,bg_to_D,12,2,349,722,2,1,4,D
D-186_crop_00.jpg,bg_to_D,17,4,342,773,4,1,4,D
D-186_crop_00.jpg,bg_to_D,18,7,379,991,3,7,4,D
D-186_crop_00.jpg,bg_to_D,19,2,361,996,1,2,4,D
D-186_crop_00.jpg,bg_to_D,20,3,361,999,1,3,4,D
D-186_crop_00.jpg,bg_to_D,21,2,381,999,1,2,4,D
D-187_crop_00.jpg,bg_to_strip_inclusion,1,37,428,183,5,10,2,B
D-187_crop_00.jpg,bg_to_strip_inclusion,2,6,429,213,2,4,3,C
D-187_crop_00.jpg,bg_to_strip_inclusion,3,147,922,329,6,27,3,C
D0624-11_crop_01.jpg,bg_to_D,1,22,466,245,5,5,4,D
D0624-11_crop_01.jpg,bg_to_D,2,39,589,733,6,8,4,D
D0624-13_crop_00.jpg,bg_to_D,2,2,861,26,1,2,4,D
D0624-13_crop_00.jpg,bg_to_D,5,3,936,223,3,2,4,D
D0624-13_crop_00.jpg,bg_to_D,7,3,781,834,3,3,4,D
D0624-13_crop_00.jpg,bg_to_D,8,2,780,838,1,2,4,D
D0624-13_crop_00.jpg,bg_to_D,9,8,227,907,3,4,4,D
D0624-21_crop_00.jpg,bg_to_D,1,2,366,111,2,1,4,D
D0624-21_crop_00.jpg,bg_to_D,2,2,369,111,2,1,4,D
D0624-21_crop_00.jpg,bg_to_D,3,5,362,112,3,5,4,D
D0624-21_crop_00.jpg,bg_to_D,4,5,372,112,3,5,4,D
D0624-21_crop_00.jpg,bg_to_D,5,2,362,118,1,2,4,D
D0624-21_crop_00.jpg,bg_to_D,9,2,820,213,1,2,4,D
D0624-21_crop_00.jpg,bg_to_D,10,2,820,216,1,2,4,D
D0624-21_crop_00.jpg,bg_to_D,13,56,305,559,8,9,4,D
D0624-21_crop_00.jpg,bg_to_D,14,37,206,946,15,13,4,D
D0624-21_crop_00.jpg,bg_to_D,15,2,211,959,2,1,4,D
D0624-21_crop_00.jpg,bg_to_D,16,2,214,959,2,1,4,D
D0624-21_crop_02.jpg,bg_to_D,1,17,554,797,9,5,4,D
D0624-22_crop_00.jpg,bg_to_D,1,22,929,17,9,10,4,D
D0624-22_crop_00.jpg,bg_to_D,2,3,935,17,3,2,4,D
D0624-22_crop_00.jpg,bg_to_D,5,2,810,213,1,2,4,D
D0624-22_crop_00.jpg,bg_to_D,6,4,811,216,4,2,4,D
D0624-22_crop_00.jpg,bg_to_D,8,2,258,951,1,2,4,D
D0624-22_crop_00.jpg,bg_to_D,9,2,258,954,1,2,4,D
D0624-22_crop_02.jpg,bg_to_D,1,8,368,375,6,6,4,D
D0624-22_crop_02.jpg,bg_to_D,3,2,378,376,2,2,4,D
D0624-22_crop_02.jpg,bg_to_D,4,2,380,379,1,2,4,D
D0624-22_crop_02.jpg,bg_to_D,5,25,368,382,13,7,4,D
D0624-23_crop_02.jpg,bg_to_D,3,48,336,801,7,8,4,D
D0624-24_crop_00.jpg,bg_to_D,1,2,76,510,2,1,4,D
D0624-24_crop_00.jpg,bg_to_D,2,2,79,510,2,1,4,D
D0624-24_crop_00.jpg,bg_to_D,3,2,73,513,1,2,4,D
D0624-24_crop_00.jpg,bg_to_D,5,2,73,516,1,2,4,D
D0624-24_crop_00.jpg,bg_to_D,8,64,708,526,8,10,4,D
D0624-24_crop_00.jpg,bg_to_D,9,2,792,549,2,2,4,D
D0624-24_crop_00.jpg,bg_to_D,11,6,805,553,2,6,4,D
D0624-24_crop_00.jpg,bg_to_D,13,4,792,563,2,3,4,D
D0624-24_crop_00.jpg,bg_to_D,14,2,10,834,2,1,4,D
D0624-24_crop_00.jpg,bg_to_D,15,7,13,834,5,5,4,D
D0624-24_crop_00.jpg,bg_to_D,16,2,17,840,1,2,4,D
D0624-25_crop_00.jpg,bg_to_D,3,2,761,545,2,1,4,D
D0624-25_crop_00.jpg,bg_to_D,4,2,764,545,2,1,4,D
D0624-25_crop_00.jpg,bg_to_D,5,7,17,732,5,5,4,D
D0624-25_crop_00.jpg,bg_to_D,7,2,27,735,1,2,4,D
D0624-25_crop_00.jpg,bg_to_D,8,16,17,738,11,6,4,D
D0624-25_crop_00.jpg,bg_to_D,10,2,575,839,2,1,4,D
D0624-26_crop_02.jpg,bg_to_D,1,23,106,320,9,10,4,D
D0624-26_crop_02.jpg,bg_to_D,2,3,112,320,3,2,4,D
D0624-27_crop_02.jpg,bg_to_D,1,37,438,124,7,7,4,D
D0624-27_crop_02.jpg,bg_to_D,2,30,851,380,6,6,4,D
D0624-27_crop_02.jpg,bg_to_D,4,2,393,466,1,2,4,D
D0624-27_crop_02.jpg,bg_to_D,6,35,586,547,10,7,4,D
D0624-30_crop_00.jpg,bg_to_D,1,32,228,16,7,6,4,D
D0624-30_crop_00.jpg,bg_to_D,3,3,85,95,1,3,4,D
D0624-30_crop_00.jpg,bg_to_D,4,7,85,99,3,7,4,D
D0624-30_crop_00.jpg,bg_to_D,5,29,763,252,10,10,4,D
D0624-30_crop_00.jpg,bg_to_D,6,5,769,252,4,4,4,D
D0624-30_crop_00.jpg,bg_to_D,7,50,455,300,8,8,4,D
D0624-30_crop_00.jpg,bg_to_D,13,51,213,578,8,8,4,D
D0624-30_crop_00.jpg,bg_to_D,14,15,155,608,10,6,4,D
D0624-30_crop_00.jpg,bg_to_D,15,2,154,612,1,2,4,D
D0624-30_crop_00.jpg,bg_to_D,16,17,154,615,11,6,4,D
D0624-30_crop_00.jpg,bg_to_D,17,2,27,659,1,2,4,D
D0624-30_crop_00.jpg,bg_to_D,18,2,27,662,1,2,4,D
D0624-30_crop_00.jpg,bg_to_D,21,2,23,666,2,1,4,D
D0624-30_crop_00.jpg,bg_to_D,22,5,495,921,4,4,4,D
D0624-30_crop_02.jpg,bg_to_D,2,15,393,695,10,6,4,D
D0624-30_crop_02.jpg,bg_to_D,3,2,403,695,1,2,4,D
D0624-30_crop_02.jpg,bg_to_D,4,11,9,762,5,9,4,D
D0624-30_crop_02.jpg,bg_to_D,8,3,15,769,3,2,4,D
D0624-30_crop_02.jpg,bg_to_D,10,2,651,784,1,2,4,D
D0624-30_crop_02.jpg,bg_to_D,11,3,652,787,3,3,4,D
D0624-36_crop_01.jpg,bg_to_D,2,2,137,61,1,2,4,D
D0624-36_crop_01.jpg,bg_to_D,3,4,136,64,2,4,4,D
D0624-38_crop_00.jpg,bg_to_D,1,7,46,92,5,5,4,D
D0624-38_crop_00.jpg,bg_to_D,2,2,52,92,2,1,4,D
D0624-38_crop_00.jpg,bg_to_D,4,2,46,98,1,2,4,D
D0624-38_crop_00.jpg,bg_to_D,5,2,56,98,1,2,4,D
D0624-38_crop_00.jpg,bg_to_D,8,2,385,118,1,2,4,D
D0624-38_crop_00.jpg,bg_to_D,9,2,385,121,1,2,4,D
D0624-38_crop_00.jpg,bg_to_D,11,2,388,125,2,1,4,D
D0624-38_crop_00.jpg,bg_to_D,12,2,391,125,2,1,4,D
D0624-38_crop_00.jpg,bg_to_D,13,74,416,384,9,10,4,D
D0624-38_crop_00.jpg,bg_to_D,15,2,121,575,1,2,4,D
D0624-38_crop_00.jpg,bg_to_D,16,7,121,578,5,5,4,D
D0624-38_crop_00.jpg,bg_to_D,17,2,127,582,2,1,4,D
D0624-39_crop_00.jpg,bg_to_D,7,2,886,652,1,2,4,D
D0624-39_crop_00.jpg,bg_to_D,8,26,95,830,21,7,4,D
D0624-3_crop_02.jpg,bg_to_D,2,2,976,284,1,2,4,D
D0624-3_crop_02.jpg,bg_to_D,3,2,976,287,1,2,4,D
D0624-3_crop_02.jpg,bg_to_D,6,2,979,291,2,1,4,D
D0624-3_crop_02.jpg,bg_to_D,7,2,982,291,2,1,4,D
D0624-40_crop_01.jpg,bg_to_D,1,5,645,168,4,4,4,D
D0624-40_crop_01.jpg,bg_to_D,2,3,650,168,3,2,4,D
D0624-40_crop_01.jpg,bg_to_D,3,3,645,173,2,3,4,D
D0624-40_crop_01.jpg,bg_to_D,4,10,143,1004,6,6,4,D
D0624-40_crop_01.jpg,bg_to_D,5,2,150,1004,2,1,4,D
D0624-40_crop_01.jpg,bg_to_D,6,2,153,1005,2,2,4,D
D0624-40_crop_01.jpg,bg_to_D,7,2,155,1008,1,2,4,D
D0624-40_crop_01.jpg,bg_to_D,8,2,143,1011,1,2,4,D
D0624-40_crop_01.jpg,bg_to_D,9,4,154,1011,2,4,4,D
D0624-42_crop_01.jpg,bg_to_D,1,2,780,444,2,2,4,D
D0624-42_crop_01.jpg,bg_to_D,2,2,782,447,1,2,4,D
D0624-42_crop_01.jpg,bg_to_D,3,2,782,450,1,2,4,D
D0624-42_crop_01.jpg,bg_to_D,6,2,1010,627,2,1,4,D
D0624-42_crop_01.jpg,bg_to_D,13,45,820,885,7,8,4,D
D0624-42_crop_01.jpg,bg_to_D,14,61,746,966,9,9,4,D
D0624-48_crop_00.jpg,bg_to_D,1,2,939,163,2,1,4,D
D0624-48_crop_00.jpg,bg_to_D,2,5,942,163,5,3,4,D
D0624-48_crop_00.jpg,bg_to_D,3,2,936,164,2,2,4,D
D0624-48_crop_00.jpg,bg_to_D,4,2,947,167,1,2,4,D
D0624-48_crop_00.jpg,bg_to_D,7,2,70,174,1,2,4,D
D0624-48_crop_00.jpg,bg_to_D,8,8,70,177,6,6,4,D
D0624-48_crop_00.jpg,bg_to_D,9,2,77,182,2,1,4,D
D0624-48_crop_00.jpg,bg_to_D,10,41,591,232,7,8,4,D
D0624-48_crop_00.jpg,bg_to_D,15,2,157,252,2,1,4,D
D0624-48_crop_00.jpg,bg_to_D,16,5,1019,304,5,3,4,D
D0624-48_crop_00.jpg,bg_to_D,17,2,1016,306,2,1,4,D
D0624-48_crop_00.jpg,bg_to_D,18,5,605,665,4,4,4,D
D0624-48_crop_00.jpg,bg_to_D,20,5,605,670,4,4,4,D
D0624-48_crop_00.jpg,bg_to_D,21,2,496,906,2,1,4,D
D0624-48_crop_00.jpg,bg_to_D,22,2,499,906,2,1,4,D
D0624-48_crop_00.jpg,bg_to_D,23,2,493,909,1,2,4,D
D0624-48_crop_00.jpg,bg_to_D,24,2,503,909,1,2,4,D
D0624-48_crop_00.jpg,bg_to_D,25,2,493,912,1,2,4,D
D0624-48_crop_00.jpg,bg_to_D,26,2,503,912,1,2,4,D
D0624-48_crop_00.jpg,bg_to_D,27,2,496,916,2,1,4,D
D0624-48_crop_00.jpg,bg_to_D,28,2,499,916,2,1,4,D
D0624-4_crop_01.jpg,bg_to_D,1,26,963,519,5,6,4,D
D0624-4_crop_02.jpg,bg_to_D,1,38,667,145,8,7,4,D
D0624-4_crop_02.jpg,bg_to_D,2,2,443,231,2,2,4,D
D0624-4_crop_02.jpg,bg_to_D,3,2,446,230,2,1,4,D
D0624-4_crop_02.jpg,bg_to_D,4,2,449,230,2,1,4,D
D0624-4_crop_02.jpg,bg_to_D,5,2,442,234,1,2,4,D
D0624-50_crop_00.jpg,bg_to_D,1,17,223,33,5,9,4,D
D0624-50_crop_00.jpg,bg_to_D,2,3,229,33,3,2,4,D
D0624-50_crop_00.jpg,bg_to_D,5,2,951,123,2,2,4,D
D0624-50_crop_00.jpg,bg_to_D,6,2,953,126,1,2,4,D
D0624-50_crop_00.jpg,bg_to_D,7,10,947,129,7,7,4,D
D0624-50_crop_00.jpg,bg_to_D,8,2,941,133,2,2,4,D
D0624-50_crop_00.jpg,bg_to_D,9,2,944,135,2,1,4,D
D0624-50_crop_00.jpg,bg_to_D,11,2,854,266,2,1,4,D
D0624-50_crop_00.jpg,bg_to_D,13,2,851,269,1,2,4,D
D0624-50_crop_00.jpg,bg_to_D,14,2,851,272,1,2,4,D
D0624-52_crop_00.jpg,bg_to_D,1,7,391,281,5,5,4,D
D0624-52_crop_00.jpg,bg_to_D,8,22,920,1000,13,7,4,D
D0624-52_crop_00.jpg,bg_to_D,9,8,920,1008,6,6,4,D
D0624-52_crop_00.jpg,bg_to_D,11,2,927,1013,2,1,4,D
D0624-54_crop_00.jpg,bg_to_D,1,29,227,116,6,6,4,D
D0624-54_crop_00.jpg,bg_to_D,2,59,879,129,8,9,4,D
D0624-54_crop_00.jpg,bg_to_D,3,5,326,713,4,4,4,D
D0624-54_crop_00.jpg,bg_to_D,4,5,331,713,4,4,4,D
D0624-54_crop_00.jpg,bg_to_D,5,12,326,718,9,5,4,D
D0624-54_crop_00.jpg,bg_to_D,6,55,826,965,9,8,4,D
D0624-54_crop_00.jpg,bg_to_D,7,11,1008,995,8,8,4,D
D0624-54_crop_00.jpg,bg_to_D,8,2,1017,995,2,1,4,D
D0624-54_crop_00.jpg,bg_to_D,9,2,1008,1004,1,2,4,D
D0624-58_crop_01.jpg,bg_to_D,1,7,954,163,4,6,4,D
D0624-58_crop_01.jpg,bg_to_D,6,2,57,919,1,2,4,D
D0624-58_crop_01.jpg,bg_to_D,7,2,58,922,2,2,4,D
D0624-58_crop_01.jpg,bg_to_D,8,2,61,924,2,1,4,D
D0624-58_crop_01.jpg,bg_to_D,10,2,441,966,1,2,4,D
D0624-58_crop_01.jpg,bg_to_D,11,2,441,969,1,2,4,D
D0624-58_crop_01.jpg,bg_to_D,13,2,444,973,2,1,4,D
D0624-58_crop_01.jpg,bg_to_D,14,2,447,973,2,1,4,D
D0624-60_crop_01.jpg,bg_to_D,1,2,752,303,2,1,4,D
D0624-60_crop_01.jpg,bg_to_D,3,2,749,306,1,2,4,D
D0624-60_crop_01.jpg,bg_to_D,7,25,82,1020,9,4,4,D
D0624-60_crop_02.jpg,bg_to_D,1,5,619,941,3,5,4,D
D0624-60_crop_02.jpg,bg_to_D,3,8,619,947,6,6,4,D
D0624-60_crop_02.jpg,bg_to_D,4,2,626,952,2,1,4,D
D0624-65_crop_00.jpg,bg_to_D,2,2,528,115,1,2,4,D
D0624-65_crop_00.jpg,bg_to_D,3,2,528,118,1,2,4,D
D0624-65_crop_00.jpg,bg_to_D,5,2,531,122,2,1,4,D
D0624-65_crop_00.jpg,bg_to_D,6,2,1004,541,2,1,4,D
D0624-65_crop_00.jpg,bg_to_D,7,3,1007,541,3,1,4,D
D0624-65_crop_00.jpg,bg_to_D,8,3,1011,542,3,3,4,D
D0624-65_crop_00.jpg,bg_to_D,9,2,999,556,2,2,4,D
D0624-67_crop_00.jpg,bg_to_D,1,2,991,33,2,1,4,D
D0624-67_crop_00.jpg,bg_to_D,2,5,987,34,3,5,4,D
D0624-67_crop_00.jpg,bg_to_D,3,2,987,40,1,2,4,D
D0624-67_crop_00.jpg,bg_to_D,5,2,581,85,1,2,4,D
D0624-67_crop_00.jpg,bg_to_D,7,2,573,90,2,1,4,D
D0624-67_crop_00.jpg,bg_to_D,8,2,576,90,2,1,4,D
D0624-67_crop_00.jpg,bg_to_D,9,62,783,459,9,9,4,D
D0624-67_crop_00.jpg,bg_to_D,10,5,806,607,3,5,4,D
D0624-67_crop_00.jpg,bg_to_D,11,2,810,606,2,1,4,D
D0624-69_crop_01.jpg,bg_to_D,1,7,233,942,5,5,4,D
D0624-69_crop_01.jpg,bg_to_D,2,2,230,946,2,1,4,D
D0624-70_crop_02.jpg,bg_to_D,1,13,581,261,4,4,4,D
D0624-70_crop_02.jpg,bg_to_D,2,12,998,897,8,5,4,D
D0624-70_crop_02.jpg,bg_to_D,5,3,1004,903,2,3,4,D
D0624-73_crop_02.jpg,bg_to_D,2,5,40,374,4,4,4,D
D0624-74_crop_01.jpg,bg_to_D,1,16,672,60,5,15,4,D
D0624-74_crop_01.jpg,bg_to_D,2,5,877,1001,4,4,4,D
D0624-74_crop_01.jpg,bg_to_D,3,3,879,1006,2,3,4,D
D0624-76_crop_00.jpg,bg_to_D,4,2,770,76,1,2,4,D
D0624-76_crop_00.jpg,bg_to_D,5,8,770,79,6,6,4,D
D0624-76_crop_00.jpg,bg_to_D,6,2,777,84,2,1,4,D
D0624-76_crop_00.jpg,bg_to_D,8,5,373,100,4,4,4,D
D0624-76_crop_00.jpg,bg_to_D,12,3,375,105,2,3,4,D
D0624-76_crop_00.jpg,bg_to_D,17,2,928,240,1,2,4,D
D0624-76_crop_00.jpg,bg_to_D,18,2,921,244,2,1,4,D
D0624-76_crop_00.jpg,bg_to_D,19,2,924,244,2,1,4,D
D0624-76_crop_00.jpg,bg_to_D,20,2,875,424,1,2,4,D
D0624-76_crop_00.jpg,bg_to_D,21,6,875,427,4,4,4,D
D0624-76_crop_00.jpg,bg_to_D,24,2,800,684,2,1,4,D
D0624-76_crop_00.jpg,bg_to_D,26,73,188,717,9,10,4,D
D0624-76_crop_00.jpg,bg_to_D,27,2,42,737,2,2,4,D
D0624-76_crop_00.jpg,bg_to_D,28,2,51,737,2,2,4,D
D0624-76_crop_00.jpg,bg_to_D,29,2,45,739,2,1,4,D
D0624-76_crop_00.jpg,bg_to_D,30,2,48,739,2,1,4,D
D0624-76_crop_00.jpg,bg_to_D,31,75,130,808,11,10,4,D
D0624-77_crop_01.jpg,bg_to_D,1,24,66,194,6,5,4,D
D0624-77_crop_01.jpg,bg_to_D,2,41,990,806,7,7,4,D
D0624-77_crop_01.jpg,bg_to_D,3,7,536,1008,5,5,4,D
D0624-77_crop_01.jpg,bg_to_D,4,4,542,1008,4,2,4,D
D0624-77_crop_01.jpg,bg_to_D,5,2,546,1011,1,2,4,D
D0624-77_crop_01.jpg,bg_to_D,6,2,536,1014,1,2,4,D
D0624-83_crop_02.jpg,bg_to_D,2,2,236,766,1,2,4,D
D0624-83_crop_02.jpg,bg_to_D,5,37,238,769,10,8,4,D
D0624-84_crop_00.jpg,bg_to_D,2,2,41,180,1,2,4,D
D0624-84_crop_00.jpg,bg_to_D,3,2,41,183,1,2,4,D
D0624-84_crop_00.jpg,bg_to_D,5,2,44,187,2,1,4,D
D0624-84_crop_00.jpg,bg_to_D,6,2,856,461,2,1,4,D
D0624-84_crop_00.jpg,bg_to_D,8,2,853,462,2,2,4,D
D0624-87_crop_00.jpg,bg_to_D,1,2,333,23,2,1,4,D
D0624-87_crop_00.jpg,bg_to_D,4,2,330,26,1,2,4,D
D0624-87_crop_00.jpg,bg_to_D,5,2,330,29,1,2,4,D
D0624-87_crop_00.jpg,bg_to_D,7,5,564,108,4,4,4,D
D0624-87_crop_00.jpg,bg_to_D,8,14,569,108,5,9,4,D
D0624-87_crop_00.jpg,bg_to_D,9,5,564,113,4,4,4,D
D0624-87_crop_00.jpg,bg_to_D,10,15,225,557,8,8,4,D
D0624-87_crop_00.jpg,bg_to_D,11,4,234,557,4,2,4,D
D0624-87_crop_00.jpg,bg_to_D,12,4,225,566,2,4,4,D
D0624-90_crop_01.jpg,bg_to_D,2,10,935,454,7,7,4,D
D0624-90_crop_01.jpg,bg_to_D,3,2,929,458,2,2,4,D
D0624-90_crop_01.jpg,bg_to_D,5,9,30,813,5,7,4,D
D0624-90_crop_01.jpg,bg_to_D,6,3,41,813,3,3,4,D
D0624-92_crop_00.jpg,bg_to_D,5,17,954,616,9,5,4,D
D0624-93_crop_02.jpg,bg_to_D,1,14,276,25,10,6,4,D
D0624-93_crop_02.jpg,bg_to_D,2,2,275,29,1,2,4,D
D0624-93_crop_02.jpg,bg_to_D,4,7,281,32,5,5,4,D
D0624-93_crop_02.jpg,bg_to_D,5,2,278,36,2,1,4,D
HH-2-2_crop_00.jpg,bg_to_strip_inclusion,1,4,115,36,1,4,1,A
HH-2-2_crop_00.jpg,bg_to_strip_inclusion,2,6,119,43,1,6,1,A
HH-2-2_crop_00.jpg,bg_to_strip_inclusion,4,2,115,58,2,2,1,A
HH-2-2_crop_00.jpg,bg_to_strip_inclusion,5,5,111,69,3,3,1,A
HH-2-2_crop_00.jpg,bg_to_strip_inclusion,6,12,109,78,1,12,1,A
HH-2-2_crop_00.jpg,bg_to_strip_inclusion,7,8,116,98,1,8,1,A
HH-2-2_crop_00.jpg,bg_to_strip_inclusion,8,4,111,103,1,4,1,A
HH-2-2_crop_00.jpg,bg_to_strip_inclusion,9,8,117,113,2,8,1,A
HH-2-2_crop_00.jpg,bg_to_strip_inclusion,11,2,119,123,1,2,1,A
HH-2-2_crop_00.jpg,bg_to_strip_inclusion,12,6,114,124,2,6,1,A
HH-2-2_crop_00.jpg,bg_to_strip_inclusion,15,27,112,243,3,11,1,A
HH-2-7_crop_01.jpg,bg_to_D,1,72,803,196,10,9,4,D
HH-3-16_crop_00.jpg,bg_to_strip_inclusion,1,23,615,436,3,9,2,B
HH-4-3_crop_01.jpg,bg_to_strip_inclusion,1,9,656,411,2,7,1,A
HH-4-3_crop_01.jpg,bg_to_strip_inclusion,2,24,654,433,7,12,1,A
HH-4-5_crop_01.jpg,bg_to_strip_inclusion,1,18,824,9,6,6,1,A
HH-4-5_crop_01.jpg,bg_to_strip_inclusion,2,3,824,26,1,3,1,A
HH-4-5_crop_01.jpg,bg_to_strip_inclusion,3,5,825,31,3,5,1,A
HH-4-5_crop_01.jpg,bg_to_strip_inclusion,4,169,89,70,7,29,1,A
HH-4-5_crop_01.jpg,bg_to_strip_inclusion,5,211,91,109,14,33,1,A
HH-4-5_crop_01.jpg,bg_to_strip_inclusion,6,6,256,719,1,6,1,A
HH-4-5_crop_01.jpg,bg_to_strip_inclusion,7,3,250,722,1,3,1,A
HH-4-5_crop_01.jpg,bg_to_strip_inclusion,8,2,257,727,1,2,1,A
HH-4-5_crop_01.jpg,bg_to_strip_inclusion,9,4,251,728,1,4,1,A
HH-4-5_crop_01.jpg,bg_to_strip_inclusion,10,2,255,766,1,2,1,A
HH-4-5_crop_01.jpg,bg_to_strip_inclusion,11,13,262,769,3,12,1,A
HH-4-5_crop_01.jpg,bg_to_strip_inclusion,13,2,265,782,1,2,1,A
HH-4-5_crop_01.jpg,bg_to_strip_inclusion,14,2,266,785,1,2,1,A
HH-4-5_crop_01.jpg,bg_to_strip_inclusion,17,6,263,793,2,6,1,A
HH-4-5_crop_01.jpg,bg_to_strip_inclusion,18,22,268,792,4,20,1,A
HH-4-5_crop_01.jpg,bg_to_strip_inclusion,19,3,265,803,1,3,1,A
HH-4-5_crop_01.jpg,bg_to_strip_inclusion,21,3,256,862,1,3,1,A
HH-4-5_crop_01.jpg,bg_to_strip_inclusion,23,4,255,867,1,4,1,A
HH-4-5_crop_01.jpg,bg_to_strip_inclusion,25,12,253,872,2,12,1,A
HH-4-5_crop_01.jpg,bg_to_strip_inclusion,26,3,260,874,1,3,1,A
HH-4-5_crop_01.jpg,bg_to_strip_inclusion,27,2,253,890,1,2,1,A
HH-4-7_crop_00.jpg,bg_to_strip_inclusion,1,22,964,76,4,11,1,A
HH-4-7_crop_00.jpg,bg_to_strip_inclusion,2,36,961,91,3,20,1,A
HH-4-7_crop_00.jpg,bg_to_strip_inclusion,3,9,961,270,3,7,1,A
HH-4-7_crop_00.jpg,bg_to_strip_inclusion,5,16,959,283,2,14,1,A
HH-4-7_crop_00.jpg,bg_to_strip_inclusion,6,2,965,287,1,2,1,A
HH-4-8_crop_02.jpg,bg_to_strip_inclusion,1,18,524,95,5,11,1,A
HH-4-8_crop_02.jpg,bg_to_strip_inclusion,2,2,529,111,1,2,1,A
HH-4-8_crop_02.jpg,bg_to_strip_inclusion,3,7,528,116,1,7,1,A
HH-4-8_crop_02.jpg,bg_to_strip_inclusion,4,5,522,118,1,5,1,A
HH-4-8_crop_02.jpg,bg_to_strip_inclusion,5,2,523,134,1,2,1,A
HH-4-8_crop_02.jpg,bg_to_strip_inclusion,7,88,638,331,6,18,5,TINB/TINC
HH-4-8_crop_02.jpg,bg_to_strip_inclusion,8,40,949,1010,5,12,1,A
HH-5-11_crop_01.jpg,bg_to_strip_inclusion,1,12,536,415,4,6,1,A
HH-5-11_crop_01.jpg,bg_to_strip_inclusion,3,6,537,427,1,6,1,A
HH-5-6_crop_02.jpg,bg_to_strip_inclusion,3,2,937,526,1,2,1,A
HH-5-6_crop_02.jpg,bg_to_strip_inclusion,4,26,938,529,3,25,1,A
HH-5-6_crop_02.jpg,bg_to_strip_inclusion,5,6,941,556,4,3,1,A
HH-5-9_crop_00.jpg,bg_to_strip_inclusion,1,18,128,39,9,3,1,A
HH-5-9_crop_00.jpg,bg_to_strip_inclusion,2,34,153,38,25,4,1,A
HH-5-9_crop_00.jpg,bg_to_strip_inclusion,3,50,93,42,32,11,1,A
HH-5-9_crop_00.jpg,bg_to_strip_inclusion,4,14,178,44,12,4,1,A
HH-5-9_crop_00.jpg,bg_to_strip_inclusion,6,15,206,47,10,3,1,A
HH-5-9_crop_00.jpg,bg_to_strip_inclusion,7,3,240,46,3,1,1,A
HH-5-9_crop_00.jpg,bg_to_strip_inclusion,11,3,196,50,3,1,1,A
HH-5-9_crop_00.jpg,bg_to_strip_inclusion,12,6,200,51,6,2,1,A
HH-5-9_crop_00.jpg,bg_to_strip_inclusion,13,7,224,50,5,2,1,A
HH-5-9_crop_00.jpg,bg_to_strip_inclusion,14,2,89,52,2,1,1,A
HH-5-9_crop_00.jpg,bg_to_strip_inclusion,17,2,778,86,2,2,1,A
HH-5-9_crop_00.jpg,bg_to_strip_inclusion,18,17,683,117,6,6,1,A
HH-5-9_crop_00.jpg,bg_to_strip_inclusion,21,40,721,126,29,9,1,A
HH-5-9_crop_00.jpg,bg_to_strip_inclusion,22,2,732,135,2,1,1,A
HH-5-9_crop_00.jpg,bg_to_strip_inclusion,23,4,735,136,4,1,1,A
HH-5-9_crop_00.jpg,bg_to_strip_inclusion,24,2,741,137,2,1,1,A
JZW_HQL_0520-10_crop_01.jpg,bg_to_strip_inclusion,1,541,734,242,13,59,1,A
JZW_HQL_0520-10_crop_01.jpg,bg_to_strip_inclusion,2,82,0,794,3,57,1,A
JZW_HQL_0520-10_crop_01.jpg,bg_to_strip_inclusion,4,2,6,871,1,2,1,A
JZW_HQL_0520-10_crop_01.jpg,bg_to_strip_inclusion,8,4,21,938,4,4,1,A
JZW_HQL_0520-10_crop_01.jpg,bg_to_D,4,2,389,535,2,2,4,D
JZW_HQL_0520-10_crop_01.jpg,bg_to_D,7,42,638,742,7,7,4,D
JZW_HQL_0520-11_crop_02.jpg,bg_to_D,1,65,852,40,8,10,4,D
JZW_HQL_0520-11_crop_02.jpg,bg_to_D,2,19,60,174,5,5,4,D
JZW_HQL_0520-11_crop_02.jpg,bg_to_D,3,5,24,290,4,3,4,D
JZW_HQL_0520-11_crop_02.jpg,bg_to_D,6,3,821,459,2,3,4,D
JZW_HQL_0520-11_crop_02.jpg,bg_to_D,7,5,828,460,2,5,4,D
JZW_HQL_0520-11_crop_02.jpg,bg_to_D,8,2,823,465,2,1,4,D
JZW_HQL_0520-11_crop_02.jpg,bg_to_D,9,33,263,799,7,7,4,D
JZW_HQL_0520-11_crop_02.jpg,bg_to_D,10,2,252,943,2,2,4,D
JZW_HQL_0520-14_crop_02.jpg,bg_to_D,1,49,799,412,8,8,4,D
JZW_HQL_0520-14_crop_02.jpg,bg_to_D,6,44,763,745,7,7,4,D
JZW_HQL_0520-23_crop_01.jpg,bg_to_D,3,8,478,252,5,5,4,D
JZW_HQL_0520-23_crop_01.jpg,bg_to_D,4,7,479,259,6,2,4,D
JZW_HQL_0520-23_crop_01.jpg,bg_to_D,5,2,471,454,2,2,4,D
JZW_HQL_0520-23_crop_01.jpg,bg_to_D,6,2,471,461,2,2,4,D
JZW_HQL_0520-23_crop_01.jpg,bg_to_D,8,2,48,698,2,2,4,D
JZW_HQL_0520-23_crop_01.jpg,bg_to_D,10,3,734,1004,3,3,4,D
JZW_HQL_0520-25_crop_00.jpg,bg_to_D,1,4,551,245,1,4,4,D
JZW_HQL_0520-25_crop_00.jpg,bg_to_D,2,20,604,333,5,5,4,D
JZW_HQL_0520-25_crop_00.jpg,bg_to_D,3,3,48,524,2,3,4,D
JZW_HQL_0520-25_crop_00.jpg,bg_to_D,4,2,57,528,1,2,4,D
JZW_HQL_0520-25_crop_00.jpg,bg_to_D,6,2,286,540,2,2,4,D
JZW_HQL_0520-25_crop_00.jpg,bg_to_D,7,36,965,655,6,8,4,D
JZW_HQL_0520-25_crop_00.jpg,bg_to_D,8,3,790,675,3,3,4,D
JZW_HQL_0520-25_crop_00.jpg,bg_to_D,9,3,317,764,3,3,4,D
JZW_HQL_0520-25_crop_00.jpg,bg_to_D,10,3,311,769,3,3,4,D
JZW_HQL_0520-25_crop_00.jpg,bg_to_D,12,5,11,1020,2,4,4,D
JZW_HQL_0520-25_crop_00.jpg,bg_to_D,13,4,3,1022,3,2,4,D
JZW_HQL_0520-25_crop_01.jpg,bg_to_D,1,2,395,82,2,2,4,D
JZW_HQL_0520-25_crop_01.jpg,bg_to_D,2,2,128,93,2,2,4,D
JZW_HQL_0520-25_crop_01.jpg,bg_to_D,3,2,133,94,2,2,4,D
JZW_HQL_0520-25_crop_01.jpg,bg_to_D,5,2,486,324,2,2,4,D
JZW_HQL_0520-25_crop_01.jpg,bg_to_D,6,2,486,330,2,2,4,D
JZW_HQL_0520-25_crop_01.jpg,bg_to_D,7,46,55,366,7,8,4,D
JZW_HQL_0520-25_crop_01.jpg,bg_to_D,8,52,517,752,8,8,4,D
JZW_HQL_0520-25_crop_01.jpg,bg_to_D,9,62,49,836,10,8,4,D
JZW_HQL_0520-26_crop_02.jpg,bg_to_strip_inclusion,2,14,662,15,3,11,2,B
JZW_HQL_0520-26_crop_02.jpg,bg_to_strip_inclusion,3,5,679,57,1,5,2,B
JZW_HQL_0520-26_crop_02.jpg,bg_to_strip_inclusion,4,27,678,82,2,19,2,B
JZW_HQL_0520-26_crop_02.jpg,bg_to_D,1,45,757,23,7,8,4,D
JZW_HQL_0520-26_crop_02.jpg,bg_to_D,2,12,912,976,4,9,4,D
JZW_HQL_0520-27_crop_03.jpg,bg_to_D,1,4,368,316,1,4,4,D
JZW_HQL_0520-27_crop_03.jpg,bg_to_D,2,27,772,427,7,5,4,D
JZW_HQL_0520-27_crop_03.jpg,bg_to_D,3,72,1001,527,10,10,4,D
JZW_HQL_0520-27_crop_03.jpg,bg_to_D,4,3,239,740,3,2,4,D
JZW_HQL_0520-27_crop_03.jpg,bg_to_D,5,3,243,740,3,2,4,D
JZW_HQL_0520-27_crop_03.jpg,bg_to_D,7,4,238,745,3,4,4,D
JZW_HQL_0520-27_crop_03.jpg,bg_to_D,9,3,430,810,3,3,4,D
JZW_HQL_0520-27_crop_03.jpg,bg_to_D,10,32,490,946,6,7,4,D
JZW_HQL_0520-27_crop_03.jpg,bg_to_D,11,25,339,948,5,6,4,D
JZW_HQL_0520-28_crop_00.jpg,bg_to_strip_inclusion,1,192,371,121,10,44,1,A
JZW_HQL_0520-28_crop_00.jpg,bg_to_strip_inclusion,2,24,385,125,2,21,1,A
JZW_HQL_0520-28_crop_00.jpg,bg_to_D,1,9,304,126,4,6,4,D
JZW_HQL_0520-28_crop_00.jpg,bg_to_D,2,39,485,132,7,7,4,D
JZW_HQL_0520-28_crop_00.jpg,bg_to_D,3,2,239,259,2,2,4,D
JZW_HQL_0520-28_crop_00.jpg,bg_to_D,5,2,532,364,2,2,4,D
JZW_HQL_0520-28_crop_00.jpg,bg_to_D,7,6,531,369,4,5,4,D
JZW_HQL_0520-28_crop_00.jpg,bg_to_D,8,2,540,368,1,2,4,D
JZW_HQL_0520-28_crop_00.jpg,bg_to_D,9,2,538,371,2,2,4,D
JZW_HQL_0520-28_crop_00.jpg,bg_to_D,10,79,145,386,10,10,4,D
JZW_HQL_0520-28_crop_00.jpg,bg_to_D,13,8,795,595,4,6,4,D
JZW_HQL_0520-28_crop_00.jpg,bg_to_D,14,2,800,594,2,1,4,D
JZW_HQL_0520-28_crop_00.jpg,bg_to_D,16,5,798,602,5,2,4,D
JZW_HQL_0520-28_crop_00.jpg,bg_to_D,21,8,54,694,4,6,4,D
JZW_HQL_0520-28_crop_00.jpg,bg_to_D,23,48,311,1011,8,8,4,D
JZW_HQL_0520-29_crop_01.jpg,bg_to_strip_inclusion,1,17,357,24,3,7,2,B
JZW_HQL_0520-29_crop_01.jpg,bg_to_D,1,59,801,116,8,9,4,D
JZW_HQL_0520-29_crop_01.jpg,bg_to_D,2,32,89,338,6,6,4,D
JZW_HQL_0520-29_crop_01.jpg,bg_to_D,6,2,164,712,2,2,4,D
JZW_HQL_0520-29_crop_01.jpg,bg_to_D,9,2,164,719,2,2,4,D
JZW_HQL_0520-29_crop_01.jpg,bg_to_D,10,3,750,718,2,2,4,D
JZW_HQL_0520-29_crop_01.jpg,bg_to_D,12,21,646,1014,5,5,4,D
JZW_HQL_0520-3_crop_02.jpg,bg_to_D,1,2,890,210,2,2,4,D
JZW_HQL_0520-3_crop_02.jpg,bg_to_D,3,19,97,486,5,12,4,D
JZW_HQL_0520-3_crop_02.jpg,bg_to_D,5,3,104,495,3,3,4,D
JZW_HQL_0520-3_crop_02.jpg,bg_to_D,6,47,477,804,8,8,4,D
JZW_HQL_0520-3_crop_02.jpg,bg_to_D,7,40,738,916,7,7,4,D
JZW_HQL_0520-3_crop_02.jpg,bg_to_D,8,25,695,921,5,6,4,D
JZW_HQL_0520-3_crop_02.jpg,bg_to_D,10,4,16,956,1,4,4,D
JZW_HQL_0520-3_crop_02.jpg,bg_to_D,11,3,17,961,3,3,4,D
JZW_HQL_0520-4_crop_00.jpg,bg_to_D,1,2,78,168,2,2,4,D
JZW_HQL_0520-4_crop_00.jpg,bg_to_D,3,2,509,257,2,2,4,D
JZW_HQL_0520-4_crop_00.jpg,bg_to_D,4,2,64,410,2,2,4,D
JZW_HQL_0520-4_crop_00.jpg,bg_to_D,6,2,526,483,1,2,4,D
JZW_HQL_0520-4_crop_00.jpg,bg_to_D,9,2,956,554,2,2,4,D
JZW_HQL_0520-6_crop_01.jpg,bg_to_strip_inclusion,1,63,193,25,20,18,1,A
JZW_HQL_0520-6_crop_01.jpg,bg_to_strip_inclusion,2,2,195,44,1,2,1,A
JZW_HQL_0520-6_crop_01.jpg,bg_to_strip_inclusion,7,19,230,101,3,17,1,A
JZW_HQL_0520-8_crop_02.jpg,bg_to_D,1,14,429,26,4,4,4,D
JZW_HQL_0520-8_crop_02.jpg,bg_to_D,2,3,923,223,1,3,4,D
JZW_HQL_0520-8_crop_02.jpg,bg_to_D,3,37,640,252,7,7,4,D
JZW_HQL_0520-8_crop_02.jpg,bg_to_D,4,2,830,388,2,1,4,D
JZW_HQL_0520-8_crop_02.jpg,bg_to_D,5,2,918,515,2,2,4,D
JZW_HQL_0520-8_crop_02.jpg,bg_to_D,6,3,923,515,3,3,4,D
JZW_HQL_0520-8_crop_02.jpg,bg_to_D,7,70,847,527,10,9,4,D
JZW_HQL_0520-8_crop_02.jpg,bg_to_D,8,44,728,785,8,7,4,D
JZW_HQL_0520-G912-11_crop_03.jpg,bg_to_strip_inclusion,3,7,1004,209,1,7,1,A
JZW_HQL_0520-G912-11_crop_03.jpg,bg_to_strip_inclusion,4,88,991,210,4,48,1,A
JZW_HQL_0520-G912-11_crop_03.jpg,bg_to_strip_inclusion,5,9,995,259,5,5,1,A
JZW_HQL_0520-G912-11_crop_03.jpg,bg_to_D,1,3,49,641,3,1,4,D
JZW_HQL_0520-G912-11_crop_03.jpg,bg_to_D,2,14,508,826,9,9,4,D
JZW_HQL_0520-G912-2_crop_00.jpg,bg_to_strip_inclusion,1,877,793,0,17,77,1,A
JZW_HQL_0520-G912-2_crop_00.jpg,bg_to_D,1,69,598,286,9,9,4,D
JZW_HQL_0520-G912-2_crop_00.jpg,bg_to_D,3,17,789,827,8,7,4,D
JZW_HQL_0520-G912-2_crop_00.jpg,bg_to_D,5,8,708,879,4,7,4,D
JZW_HQL_0520-G912-2_crop_00.jpg,bg_to_D,7,2,704,884,2,2,4,D
JZW_HQL_0520-G912-2_crop_00.jpg,bg_to_D,8,2,707,886,2,1,4,D
JZW_HQL_0520-G912-2_crop_00.jpg,bg_to_D,9,49,770,965,8,8,4,D
JZW_HQL_0520-G912-3_crop_00.jpg,bg_to_D,1,2,150,48,2,1,4,D
JZW_HQL_0520-G912-3_crop_00.jpg,bg_to_D,2,2,24,56,1,2,4,D
JZW_HQL_0520-G912-3_crop_00.jpg,bg_to_D,3,8,25,58,7,3,4,D
JZW_HQL_0520-G912-3_crop_00.jpg,bg_to_D,4,2,378,85,1,2,4,D
JZW_HQL_0520-G912-3_crop_00.jpg,bg_to_D,8,15,675,230,4,4,4,D
JZW_HQL_0520-G912-3_crop_00.jpg,bg_to_D,9,3,994,465,3,1,4,D
JZW_HQL_0520-G912-3_crop_00.jpg,bg_to_D,11,44,273,470,8,8,4,D
JZW_HQL_0520-G912-3_crop_00.jpg,bg_to_D,13,2,997,472,2,2,4,D
JZW_HQL_0520-G912-3_crop_00.jpg,bg_to_D,14,2,955,779,2,2,4,D
JZW_HQL_0520-G912-3_crop_00.jpg,bg_to_D,17,3,955,784,3,2,4,D
JZW_HQL_0520-G912-5_crop_02.jpg,bg_to_strip_inclusion,1,6,968,656,1,6,1,A
JZW_HQL_0520-G912-5_crop_02.jpg,bg_to_D,2,6,308,69,3,2,4,D
JZW_HQL_0520-G912-9_crop_03.jpg,bg_to_strip_inclusion,1,457,340,858,15,77,1,A
JZW_HQL_0520-G912-9_crop_03.jpg,bg_to_D,1,77,592,1,9,11,4,D
JZW_HQL_0520-G912-9_crop_03.jpg,bg_to_D,2,50,396,692,9,7,4,D
JZW_HQL_0520_A-12_crop_02.jpg,bg_to_strip_inclusion,1,156,939,94,6,65,1,A
JZW_HQL_0520_A-12_crop_02.jpg,bg_to_strip_inclusion,2,8,937,174,1,8,1,A
JZW_HQL_0520_A-12_crop_02.jpg,bg_to_strip_inclusion,3,54,948,203,4,25,1,A
JZW_HQL_0520_A-12_crop_02.jpg,bg_to_strip_inclusion,4,52,943,216,2,45,1,A
JZW_HQL_0520_A-12_crop_02.jpg,bg_to_strip_inclusion,5,11,951,234,1,11,1,A
JZW_HQL_0520_A-12_crop_02.jpg,bg_to_strip_inclusion,6,3,951,266,1,3,1,A
JZW_HQL_0520_A-12_crop_02.jpg,bg_to_strip_inclusion,7,11,952,271,2,11,1,A
JZW_HQL_0520_A-12_crop_02.jpg,bg_to_strip_inclusion,8,7,944,281,1,7,1,A
JZW_HQL_0520_A-12_crop_02.jpg,bg_to_strip_inclusion,9,47,945,289,3,35,1,A
JZW_HQL_0520_A-12_crop_02.jpg,bg_to_D,1,32,910,503,6,7,4,D
JZW_HQL_0520_A-12_crop_02.jpg,bg_to_D,2,45,252,535,8,7,4,D
JZW_HQL_0520_A-12_crop_02.jpg,bg_to_D,3,2,678,907,2,2,4,D
JZW_HQL_0520_A-14_crop_01.jpg,bg_to_D,1,49,194,229,9,7,4,D
JZW_HQL_0520_A-14_crop_01.jpg,bg_to_D,2,9,866,448,4,3,4,D
JZW_HQL_0520_A-16_crop_01.jpg,bg_to_D,1,2,352,869,2,1,4,D
JZW_HQL_0520_A-16_crop_01.jpg,bg_to_D,2,2,349,870,2,2,4,D
JZW_HQL_0520_A-17_crop_02.jpg,bg_to_D,1,30,1008,49,6,6,4,D
JZW_HQL_0520_A-26_crop_01.jpg,bg_to_strip_inclusion,1,1025,385,760,21,119,1,A
JZW_HQL_0520_A-26_crop_01.jpg,bg_to_D,1,44,745,8,8,7,4,D
JZW_HQL_0520_A-26_crop_01.jpg,bg_to_D,2,41,464,194,7,8,4,D
JZW_HQL_0520_A-26_crop_01.jpg,bg_to_D,3,9,0,684,3,9,4,D
JZW_HQL_0520_A-26_crop_02.jpg,bg_to_D,1,61,538,546,7,11,4,D
JZW_HQL_0520_A-26_crop_02.jpg,bg_to_D,2,51,273,795,8,8,4,D
JZW_HQL_0520_A-26_crop_02.jpg,bg_to_D,3,10,512,924,3,10,4,D
JZW_HQL_0520_A-26_crop_02.jpg,bg_to_D,4,71,629,1000,10,9,4,D
JZW_HQL_0520_A-29_crop_00.jpg,bg_to_D,4,2,299,344,2,2,4,D
JZW_HQL_0520_A-29_crop_00.jpg,bg_to_D,6,5,477,669,3,3,4,D
JZW_HQL_0520_A-30_crop_00.jpg,bg_to_strip_inclusion,1,21,241,757,5,13,1,A
JZW_HQL_0520_A-30_crop_00.jpg,bg_to_strip_inclusion,3,3,251,770,1,3,1,A
JZW_HQL_0520_A-30_crop_00.jpg,bg_to_strip_inclusion,4,38,252,774,3,37,1,A
JZW_HQL_0520_A-30_crop_00.jpg,bg_to_strip_inclusion,6,2,245,804,1,2,1,A
JZW_HQL_0520_A-30_crop_00.jpg,bg_to_strip_inclusion,7,3,252,875,1,3,1,A
JZW_HQL_0520_A-30_crop_00.jpg,bg_to_strip_inclusion,9,3,249,910,3,3,1,A
JZW_HQL_0520_A-30_crop_01.jpg,bg_to_D,1,8,46,15,8,4,4,D
JZW_HQL_0520_A-30_crop_01.jpg,bg_to_D,5,34,771,908,6,7,4,D
JZW_HQL_0520_A-31_crop_01.jpg,bg_to_strip_inclusion,1,7,988,459,5,4,1,A
JZW_HQL_0520_A-31_crop_01.jpg,bg_to_strip_inclusion,2,8,987,464,1,8,1,A
JZW_HQL_0520_A-31_crop_01.jpg,bg_to_strip_inclusion,3,86,996,481,6,55,1,A
JZW_HQL_0520_A-31_crop_01.jpg,bg_to_strip_inclusion,4,3,987,482,1,3,1,A
JZW_HQL_0520_A-31_crop_01.jpg,bg_to_strip_inclusion,5,186,988,486,8,117,1,A
JZW_HQL_0520_A-31_crop_01.jpg,bg_to_strip_inclusion,6,2,1002,537,1,2,1,A
JZW_HQL_0520_A-31_crop_01.jpg,bg_to_strip_inclusion,7,20,1000,549,3,17,1,A
JZW_HQL_0520_A-31_crop_01.jpg,bg_to_D,1,13,377,750,4,4,4,D
JZW_HQL_0520_A-31_crop_01.jpg,bg_to_D,2,14,679,989,5,7,4,D
JZW_HQL_0520_A-31_crop_01.jpg,bg_to_D,3,7,675,990,2,5,4,D
JZW_HQL_0520_A-32_crop_02.jpg,bg_to_strip_inclusion,1,9,23,0,7,2,1,A
JZW_HQL_0520_A-32_crop_02.jpg,bg_to_strip_inclusion,2,5,25,188,5,1,1,A
JZW_HQL_0520_A-32_crop_02.jpg,bg_to_strip_inclusion,3,9,30,190,1,9,1,A
JZW_HQL_0520_A-32_crop_02.jpg,bg_to_strip_inclusion,4,2,22,193,1,2,1,A
JZW_HQL_0520_A-32_crop_02.jpg,bg_to_strip_inclusion,5,140,16,196,6,83,1,A
JZW_HQL_0520_A-32_crop_02.jpg,bg_to_strip_inclusion,6,115,24,200,6,77,1,A
JZW_HQL_0520_A-38_crop_00.jpg,bg_to_strip_inclusion,1,93,12,202,5,23,1,A
JZW_HQL_0520_A-38_crop_00.jpg,bg_to_strip_inclusion,4,2,116,692,1,2,1,A
JZW_HQL_0520_A-38_crop_00.jpg,bg_to_strip_inclusion,6,2,111,718,1,2,1,A
JZW_HQL_0520_A-38_crop_00.jpg,bg_to_strip_inclusion,7,14,120,723,1,14,1,A
JZW_HQL_0520_A-38_crop_00.jpg,bg_to_strip_inclusion,8,49,112,725,4,38,1,A
JZW_HQL_0520_A-38_crop_00.jpg,bg_to_strip_inclusion,9,6,121,739,1,6,1,A
JZW_HQL_0520_A-38_crop_00.jpg,bg_to_strip_inclusion,10,5,122,747,1,5,1,A
JZW_HQL_0520_A-38_crop_00.jpg,bg_to_strip_inclusion,11,6,123,755,1,6,1,A
JZW_HQL_0520_A-38_crop_00.jpg,bg_to_strip_inclusion,12,65,124,763,4,46,1,A
JZW_HQL_0520_A-38_crop_00.jpg,bg_to_strip_inclusion,13,6,116,765,1,6,1,A
JZW_HQL_0520_A-38_crop_00.jpg,bg_to_strip_inclusion,14,5,117,776,1,5,1,A
JZW_HQL_0520_A-38_crop_00.jpg,bg_to_strip_inclusion,15,44,114,787,5,31,1,A
JZW_HQL_0520_A-38_crop_00.jpg,bg_to_strip_inclusion,16,3,117,819,3,2,1,A
JZW_HQL_0520_A-38_crop_00.jpg,bg_to_D,1,68,666,125,9,10,4,D
JZW_HQL_0520_A-38_crop_00.jpg,bg_to_D,2,33,897,558,10,10,4,D
JZW_HQL_0520_A-38_crop_00.jpg,bg_to_D,3,5,897,564,4,4,4,D
JZW_HQL_0520_A-38_crop_00.jpg,bg_to_D,4,27,942,968,10,10,4,D
JZW_HQL_0520_A-39_crop_01.jpg,bg_to_strip_inclusion,1,58,86,106,7,29,1,A
JZW_HQL_0520_A-39_crop_01.jpg,bg_to_strip_inclusion,2,2,79,111,1,2,1,A
JZW_HQL_0520_A-39_crop_01.jpg,bg_to_strip_inclusion,3,3,80,114,1,3,1,A
JZW_HQL_0520_A-39_crop_01.jpg,bg_to_strip_inclusion,4,27,81,118,6,26,1,A
JZW_HQL_0520_A-39_crop_01.jpg,bg_to_D,1,2,781,32,2,2,4,D
JZW_HQL_0520_A-39_crop_01.jpg,bg_to_D,4,56,314,188,8,9,4,D
JZW_HQL_0520_A-39_crop_01.jpg,bg_to_D,5,2,478,221,2,2,4,D
JZW_HQL_0520_A-39_crop_01.jpg,bg_to_D,7,2,586,448,2,2,4,D
JZW_HQL_0520_A-39_crop_01.jpg,bg_to_D,8,3,591,448,3,3,4,D
JZW_HQL_0520_A-39_crop_01.jpg,bg_to_D,9,2,585,451,1,2,4,D
JZW_HQL_0520_A-39_crop_01.jpg,bg_to_D,11,2,471,582,2,2,4,D
JZW_HQL_0520_A-39_crop_01.jpg,bg_to_D,12,2,473,585,1,2,4,D
JZW_HQL_0520_A-39_crop_01.jpg,bg_to_D,14,2,465,588,2,2,4,D
JZW_HQL_0520_A-39_crop_01.jpg,bg_to_D,15,2,471,588,2,2,4,D
JZW_HQL_0520_A-39_crop_01.jpg,bg_to_D,16,5,846,989,2,5,4,D
JZW_HQL_0520_A-39_crop_01.jpg,bg_to_D,19,27,614,1011,6,5,4,D
JZW_HQL_0520_A-3_crop_01.jpg,bg_to_D,1,8,952,530,5,4,4,D
JZW_HQL_0520_A-3_crop_01.jpg,bg_to_D,2,4,947,558,1,4,4,D
JZW_HQL_0520_A-3_crop_01.jpg,bg_to_D,3,8,949,564,6,2,4,D
JZW_HQL_0520_A-40_crop_00.jpg,bg_to_strip_inclusion,1,102,538,502,11,40,1,A
JZW_HQL_0520_A-40_crop_00.jpg,bg_to_strip_inclusion,2,5,548,518,1,5,1,A
JZW_HQL_0520_A-40_crop_00.jpg,bg_to_strip_inclusion,4,5,640,703,1,5,1,A
JZW_HQL_0520_A-40_crop_00.jpg,bg_to_strip_inclusion,6,7,641,711,1,7,1,A
JZW_HQL_0520_A-40_crop_00.jpg,bg_to_strip_inclusion,7,10,636,723,5,2,1,A
JZW_HQL_0520_A-40_crop_00.jpg,bg_to_D,1,5,993,72,5,3,4,D
JZW_HQL_0520_A-40_crop_01.jpg,bg_to_strip_inclusion,1,119,1008,982,8,20,1,A
JZW_HQL_0520_A-40_crop_01.jpg,bg_to_D,1,21,679,247,5,5,4,D
JZW_HQL_0520_A-40_crop_01.jpg,bg_to_D,2,4,569,472,4,2,4,D
JZW_HQL_0520_A-40_crop_01.jpg,bg_to_D,4,2,568,475,1,2,4,D
JZW_HQL_0520_A-40_crop_01.jpg,bg_to_D,5,42,798,982,7,7,4,D
JZW_HQL_0520_A-42_crop_00.jpg,bg_to_D,1,2,978,635,2,2,4,D
JZW_HQL_0520_A-42_crop_02.jpg,bg_to_strip_inclusion,1,12,365,127,3,10,1,A
JZW_HQL_0520_A-42_crop_02.jpg,bg_to_D,1,2,894,741,2,2,4,D
JZW_HQL_0520_A-43_crop_02.jpg,bg_to_strip_inclusion,1,27,92,826,11,6,1,A
JZW_HQL_0520_A-43_crop_02.jpg,bg_to_strip_inclusion,2,2,103,846,1,2,1,A
JZW_HQL_0520_A-43_crop_02.jpg,bg_to_strip_inclusion,3,2,90,868,1,2,1,A
JZW_HQL_0520_A-44_crop_00.jpg,bg_to_D,1,37,116,862,7,7,4,D
JZW_HQL_0520_A-44_crop_00.jpg,bg_to_D,2,6,382,998,4,6,4,D
JZW_HQL_0520_A-44_crop_00.jpg,bg_to_D,3,3,383,1005,3,3,4,D
JZW_HQL_0520_A-47_crop_01.jpg,bg_to_D,1,35,674,211,14,9,4,D
JZW_HQL_0520_A-47_crop_01.jpg,bg_to_D,2,6,674,221,4,6,4,D
JZW_HQL_0520_A-47_crop_01.jpg,bg_to_D,3,3,685,224,3,3,4,D
JZW_HQL_0520_A-47_crop_01.jpg,bg_to_D,4,2,679,227,2,1,4,D
JZW_HQL_0520_A-47_crop_01.jpg,bg_to_D,5,2,682,227,2,1,4,D
JZW_HQL_0520_A-47_crop_02.jpg,bg_to_D,1,11,439,397,4,4,4,D
JZW_HQL_0520_A-47_crop_02.jpg,bg_to_D,2,3,895,916,3,3,4,D
JZW_HQL_0520_A-48_crop_00.jpg,bg_to_strip_inclusion,2,6,557,814,3,6,1,A
JZW_HQL_0520_A-48_crop_00.jpg,bg_to_strip_inclusion,5,40,560,827,3,27,1,A
JZW_HQL_0520_A-48_crop_00.jpg,bg_to_strip_inclusion,6,2,553,850,1,2,1,A
JZW_HQL_0520_A-48_crop_00.jpg,bg_to_strip_inclusion,7,7,554,854,1,7,1,A
JZW_HQL_0520_A-48_crop_00.jpg,bg_to_strip_inclusion,8,59,561,855,4,40,1,A
JZW_HQL_0520_A-48_crop_00.jpg,bg_to_strip_inclusion,10,6,554,888,1,6,1,A
JZW_HQL_0520_A-48_crop_00.jpg,bg_to_strip_inclusion,11,2,555,896,1,2,1,A
JZW_HQL_0520_A-48_crop_00.jpg,bg_to_strip_inclusion,13,6,558,904,5,6,1,A
JZW_HQL_0520_A-50_crop_00.jpg,bg_to_D,9,3,178,696,3,2,4,D
JZW_HQL_0520_A-50_crop_00.jpg,bg_to_D,10,8,185,697,2,7,4,D
JZW_HQL_0520_A-50_crop_00.jpg,bg_to_D,12,2,812,761,2,2,4,D
JZW_HQL_0520_A-50_crop_00.jpg,bg_to_D,13,38,445,764,6,7,4,D
JZW_HQL_0520_A-50_crop_00.jpg,bg_to_D,14,35,971,780,6,7,4,D
JZW_HQL_0520_A-51_crop_01.jpg,bg_to_D,1,2,49,485,2,2,4,D
JZW_HQL_0520_A-51_crop_01.jpg,bg_to_D,2,6,52,484,6,4,4,D
JZW_HQL_0520_A-51_crop_01.jpg,bg_to_D,3,3,48,488,1,3,4,D
JZW_HQL_0520_A-51_crop_01.jpg,bg_to_D,5,2,928,633,2,2,4,D
JZW_HQL_0520_A-51_crop_01.jpg,bg_to_D,6,2,928,640,2,2,4,D
JZW_HQL_0520_A-51_crop_01.jpg,bg_to_D,8,7,694,672,4,6,4,D
JZW_HQL_0520_A-51_crop_02.jpg,bg_to_strip_inclusion,1,5,838,475,5,3,1,A
JZW_HQL_0520_A-51_crop_02.jpg,bg_to_strip_inclusion,2,2,844,477,1,2,1,A
JZW_HQL_0520_A-51_crop_02.jpg,bg_to_D,1,31,123,159,6,6,4,D
JZW_HQL_0520_A-56_crop_01.jpg,bg_to_strip_inclusion,1,18,57,132,7,7,1,A
JZW_HQL_0520_A-56_crop_01.jpg,bg_to_D,1,42,698,14,7,8,4,D
JZW_HQL_0520_A-56_crop_01.jpg,bg_to_D,2,57,628,202,9,9,4,D
JZW_HQL_0520_A-57_crop_02.jpg,bg_to_D,1,4,350,620,3,4,4,D
JZW_HQL_0520_A-57_crop_02.jpg,bg_to_D,2,4,350,627,3,4,4,D
JZW_HQL_0520_A-59_crop_01.jpg,bg_to_strip_inclusion,1,24,347,794,5,21,1,A
JZW_HQL_0520_A-59_crop_01.jpg,bg_to_strip_inclusion,2,3,350,853,1,3,1,A
JZW_HQL_0520_A-59_crop_01.jpg,bg_to_strip_inclusion,3,261,348,859,7,68,1,A
JZW_HQL_0520_A-59_crop_01.jpg,bg_to_strip_inclusion,4,66,238,911,8,43,1,A
JZW_HQL_0520_A-59_crop_01.jpg,bg_to_strip_inclusion,6,5,251,936,1,5,1,A
JZW_HQL_0520_A-59_crop_01.jpg,bg_to_strip_inclusion,7,8,247,949,4,5,1,A
JZW_HQL_0520_A-59_crop_01.jpg,bg_to_strip_inclusion,8,2,350,1016,2,1,1,A
JZW_HQL_0520_A-60_crop_00.jpg,bg_to_D,2,11,751,192,9,5,4,D
JZW_HQL_0520_A-61_crop_00.jpg,bg_to_strip_inclusion,1,6,390,1,1,6,1,A
JZW_HQL_0520_A-61_crop_00.jpg,bg_to_strip_inclusion,4,2,393,24,1,2,1,A
JZW_HQL_0520_A-61_crop_00.jpg,bg_to_strip_inclusion,5,4,394,28,1,4,1,A
JZW_HQL_0520_A-61_crop_00.jpg,bg_to_strip_inclusion,6,16,395,33,3,15,1,A
JZW_HQL_0520_A-61_crop_00.jpg,bg_to_strip_inclusion,7,30,395,72,3,24,1,A
JZW_HQL_0520_A-61_crop_00.jpg,bg_to_strip_inclusion,8,2,693,94,1,2,1,A
JZW_HQL_0520_A-61_crop_00.jpg,bg_to_strip_inclusion,9,3,694,97,1,3,1,A
JZW_HQL_0520_A-61_crop_00.jpg,bg_to_strip_inclusion,10,116,685,101,8,56,1,A
JZW_HQL_0520_A-61_crop_00.jpg,bg_to_strip_inclusion,11,4,385,102,1,4,1,A
JZW_HQL_0520_A-61_crop_00.jpg,bg_to_strip_inclusion,12,2,695,102,1,2,1,A
JZW_HQL_0520_A-61_crop_00.jpg,bg_to_strip_inclusion,13,3,696,106,1,3,1,A
JZW_HQL_0520_A-61_crop_00.jpg,bg_to_strip_inclusion,14,4,386,108,1,4,1,A
JZW_HQL_0520_A-61_crop_00.jpg,bg_to_strip_inclusion,15,2,396,108,1,2,1,A
JZW_HQL_0520_A-61_crop_00.jpg,bg_to_strip_inclusion,16,4,387,113,1,4,1,A
JZW_HQL_0520_A-61_crop_00.jpg,bg_to_strip_inclusion,19,2,398,116,1,2,1,A
JZW_HQL_0520_A-61_crop_00.jpg,bg_to_strip_inclusion,20,3,388,119,1,3,1,A
JZW_HQL_0520_A-61_crop_00.jpg,bg_to_strip_inclusion,21,2,399,120,1,2,1,A
JZW_HQL_0520_A-61_crop_00.jpg,bg_to_strip_inclusion,22,3,400,123,1,3,1,A
JZW_HQL_0520_A-61_crop_00.jpg,bg_to_strip_inclusion,24,3,401,127,1,3,1,A
JZW_HQL_0520_A-61_crop_00.jpg,bg_to_strip_inclusion,25,2,402,132,1,2,1,A
JZW_HQL_0520_A-61_crop_00.jpg,bg_to_strip_inclusion,26,5,393,151,1,5,1,A
JZW_HQL_0520_A-61_crop_00.jpg,bg_to_strip_inclusion,28,143,390,164,12,61,1,A
JZW_HQL_0520_A-61_crop_00.jpg,bg_to_strip_inclusion,30,42,381,171,7,34,1,A
JZW_HQL_0520_A-61_crop_00.jpg,bg_to_strip_inclusion,31,127,589,426,7,65,1,A
JZW_HQL_0520_A-61_crop_00.jpg,bg_to_strip_inclusion,32,6,584,465,1,6,1,A
JZW_HQL_0520_A-61_crop_00.jpg,bg_to_strip_inclusion,35,2,588,501,2,2,1,A
JZW_HQL_0520_A-61_crop_00.jpg,bg_to_strip_inclusion,36,275,50,543,15,37,1,A
JZW_HQL_0520_A-61_crop_00.jpg,bg_to_D,3,3,900,451,3,3,4,D
JZW_HQL_0520_A-61_crop_00.jpg,bg_to_D,4,2,894,452,2,2,4,D
JZW_HQL_0520_A-61_crop_00.jpg,bg_to_D,5,11,0,992,4,9,4,D
JZW_HQL_0520_A-61_crop_00.jpg,bg_to_D,6,5,8,994,2,5,4,D
JZW_HQL_0520_A-62_crop_01.jpg,bg_to_strip_inclusion,1,283,903,578,9,38,1,A
JZW_HQL_0520_A-62_crop_01.jpg,bg_to_strip_inclusion,2,3,453,774,3,3,1,A
JZW_HQL_0520_A-62_crop_01.jpg,bg_to_strip_inclusion,3,2,463,784,1,2,1,A
JZW_HQL_0520_A-62_crop_01.jpg,bg_to_strip_inclusion,4,3,464,788,1,3,1,A
JZW_HQL_0520_A-62_crop_01.jpg,bg_to_strip_inclusion,5,3,465,793,1,3,1,A
JZW_HQL_0520_A-62_crop_01.jpg,bg_to_strip_inclusion,6,3,466,799,1,3,1,A
JZW_HQL_0520_A-62_crop_01.jpg,bg_to_strip_inclusion,7,15,455,805,3,11,1,A
JZW_HQL_0520_A-62_crop_01.jpg,bg_to_strip_inclusion,10,3,944,962,3,1,1,A
JZW_HQL_0520_A-62_crop_01.jpg,bg_to_strip_inclusion,11,13,940,964,3,12,1,A
JZW_HQL_0520_A-62_crop_01.jpg,bg_to_strip_inclusion,12,3,939,978,1,3,1,A
JZW_HQL_0520_A-62_crop_01.jpg,bg_to_strip_inclusion,13,14,946,999,1,14,1,A
JZW_HQL_0520_A-62_crop_01.jpg,bg_to_strip_inclusion,14,5,939,1012,1,5,1,A
JZW_HQL_0520_A-62_crop_01.jpg,bg_to_strip_inclusion,15,13,940,1018,5,6,1,A
JZW_HQL_0520_A-62_crop_01.jpg,bg_to_D,1,64,1006,146,8,10,4,D
JZW_HQL_0520_A-62_crop_01.jpg,bg_to_D,3,3,634,612,1,3,4,D
JZW_HQL_0520_A-62_crop_01.jpg,bg_to_D,4,2,626,617,2,2,4,D
JZW_HQL_0520_A-63_crop_00.jpg,bg_to_strip_inclusion,1,192,989,189,9,101,1,A
JZW_HQL_0520_A-63_crop_00.jpg,bg_to_strip_inclusion,2,2,1004,261,1,2,1,A
JZW_HQL_0520_A-63_crop_00.jpg,bg_to_strip_inclusion,3,5,1003,277,1,5,1,A
JZW_HQL_0520_A-63_crop_00.jpg,bg_to_strip_inclusion,4,5,994,302,1,5,1,A
JZW_HQL_0520_A-63_crop_00.jpg,bg_to_strip_inclusion,5,17,995,314,1,17,1,A
JZW_HQL_0520_A-63_crop_00.jpg,bg_to_strip_inclusion,6,3,1008,352,1,3,1,A
JZW_HQL_0520_A-63_crop_00.jpg,bg_to_strip_inclusion,8,26,1009,356,2,23,1,A
JZW_HQL_0520_A-63_crop_00.jpg,bg_to_strip_inclusion,9,115,1009,591,8,60,1,A
JZW_HQL_0520_A-63_crop_00.jpg,bg_to_strip_inclusion,10,32,1018,616,1,32,1,A
JZW_HQL_0520_A-63_crop_00.jpg,bg_to_strip_inclusion,11,24,1009,663,4,14,1,A
JZW_HQL_0520_A-63_crop_00.jpg,bg_to_D,1,52,452,533,8,8,4,D
JZW_HQL_0520_A-63_crop_00.jpg,bg_to_D,2,53,98,793,9,8,4,D
JZW_HQL_0520_A-63_crop_00.jpg,bg_to_D,3,17,131,852,5,4,4,D
JZW_HQL_0520_A-6_crop_00.jpg,bg_to_strip_inclusion,1,2,121,531,1,2,1,A
JZW_HQL_0520_A-6_crop_00.jpg,bg_to_strip_inclusion,2,2,121,539,1,2,1,A
JZW_HQL_0520_A-6_crop_00.jpg,bg_to_D,1,3,436,10,2,3,4,D
JZW_HQL_0520_A-6_crop_00.jpg,bg_to_D,3,2,444,209,2,2,4,D
JZW_HQL_0520_A-6_crop_00.jpg,bg_to_D,4,2,441,211,2,1,4,D
JZW_HQL_0520_A-6_crop_00.jpg,bg_to_D,5,56,160,722,8,9,4,D
JZW_HQL_0520_A-6_crop_01.jpg,bg_to_D,1,14,1010,707,7,8,4,D
JZW_HQL_0520_A-9_crop_00.jpg,bg_to_strip_inclusion,1,3,60,223,3,1,1,A
JZW_HQL_0520_A-9_crop_00.jpg,bg_to_strip_inclusion,3,2,73,240,1,2,1,A
JZW_HQL_0520_A-9_crop_00.jpg,bg_to_strip_inclusion,4,10,74,243,3,9,1,A
JZW_HQL_0520_A-9_crop_00.jpg,bg_to_strip_inclusion,5,2,63,253,1,2,1,A
JZW_HQL_0520_A-9_crop_00.jpg,bg_to_strip_inclusion,6,2,77,253,1,2,1,A
JZW_HQL_0520_A-9_crop_00.jpg,bg_to_strip_inclusion,7,3,64,258,1,3,1,A
JZW_HQL_0520_A-9_crop_00.jpg,bg_to_strip_inclusion,8,4,77,259,1,4,1,A
JZW_HQL_0520_A-9_crop_00.jpg,bg_to_strip_inclusion,9,6,65,263,4,6,1,A
JZW_HQL_0520_A-9_crop_00.jpg,bg_to_strip_inclusion,14,9,764,812,7,6,1,A
JZW_HQL_0520_A-9_crop_00.jpg,bg_to_D,1,10,80,345,8,3,4,D
JZW_HQL_0520_A-9_crop_00.jpg,bg_to_D,2,2,568,905,2,2,4,D
JZW_HQL_0520_A-9_crop_00.jpg,bg_to_D,3,3,613,1008,3,3,4,D
JZW_HQL_0520_C_W991-11_crop_01.jpg,bg_to_strip_inclusion,1,79,209,544,13,16,3,C
JZW_HQL_0520_C_W991-11_crop_01.jpg,bg_to_strip_inclusion,2,1250,189,551,39,186,3,C
JZW_HQL_0520_C_W991-11_crop_01.jpg,bg_to_strip_inclusion,3,969,152,820,28,120,3,C
JZW_HQL_0520_C_W991-11_crop_01.jpg,bg_to_D,1,2,252,220,2,2,4,D
JZW_HQL_0520_C_W991-11_crop_01.jpg,bg_to_D,2,2,251,223,1,2,4,D
JZW_HQL_0520_C_W991-13_crop_00.jpg,bg_to_strip_inclusion,1,60,1008,52,3,41,3,C
JZW_HQL_0520_C_W991-13_crop_00.jpg,bg_to_strip_inclusion,2,22,997,75,2,18,3,C
JZW_HQL_0520_C_W991-13_crop_00.jpg,bg_to_strip_inclusion,3,2,1008,95,1,2,3,C
JZW_HQL_0520_C_W991-13_crop_00.jpg,bg_to_strip_inclusion,4,18,794,191,1,18,2,B
JZW_HQL_0520_C_W991-13_crop_00.jpg,bg_to_strip_inclusion,5,24,793,230,1,24,2,B
JZW_HQL_0520_C_W991-13_crop_00.jpg,bg_to_strip_inclusion,6,9,792,256,1,9,3,C
JZW_HQL_0520_C_W991-13_crop_00.jpg,bg_to_strip_inclusion,7,14,791,282,1,14,2,B
JZW_HQL_0520_C_W991-13_crop_00.jpg,bg_to_strip_inclusion,8,63,86,289,14,11,3,C
JZW_HQL_0520_C_W991-13_crop_00.jpg,bg_to_strip_inclusion,9,7,100,300,1,7,3,C
JZW_HQL_0520_C_W991-13_crop_00.jpg,bg_to_strip_inclusion,10,100,86,305,5,57,3,C
JZW_HQL_0520_C_W991-13_crop_00.jpg,bg_to_strip_inclusion,13,3,769,318,1,3,2,B
JZW_HQL_0520_C_W991-13_crop_00.jpg,bg_to_strip_inclusion,14,4,768,327,1,4,2,B
JZW_HQL_0520_C_W991-13_crop_00.jpg,bg_to_strip_inclusion,15,2,767,339,1,2,2,B
JZW_HQL_0520_C_W991-13_crop_00.jpg,bg_to_strip_inclusion,16,361,777,339,14,114,2,B
JZW_HQL_0520_C_W991-13_crop_00.jpg,bg_to_strip_inclusion,17,5,766,347,1,5,2,B
JZW_HQL_0520_C_W991-13_crop_00.jpg,bg_to_strip_inclusion,18,8,765,354,1,8,2,B
JZW_HQL_0520_C_W991-13_crop_00.jpg,bg_to_strip_inclusion,19,3,776,455,1,3,2,B
JZW_HQL_0520_C_W991-13_crop_00.jpg,bg_to_strip_inclusion,20,2,775,460,1,2,2,B
JZW_HQL_0520_C_W991-13_crop_00.jpg,bg_to_strip_inclusion,21,2,774,465,1,2,2,B
JZW_HQL_0520_C_W991-13_crop_00.jpg,bg_to_strip_inclusion,23,54,763,475,10,26,2,B
JZW_HQL_0520_C_W991-13_crop_00.jpg,bg_to_strip_inclusion,25,28,534,929,2,21,3,C
JZW_HQL_0520_C_W991-13_crop_00.jpg,bg_to_strip_inclusion,26,6,518,969,1,6,3,C
JZW_HQL_0520_C_W991-13_crop_00.jpg,bg_to_D,1,37,802,769,8,7,4,D
JZW_HQL_0520_C_W991-13_crop_00.jpg,bg_to_D,2,17,471,924,5,4,4,D
JZW_HQL_0520_C_W991-15_crop_03.jpg,bg_to_strip_inclusion,1,235,608,70,14,21,3,C
JZW_HQL_0520_C_W991-15_crop_03.jpg,bg_to_strip_inclusion,2,86,614,112,8,13,3,C
JZW_HQL_0520_C_W991-15_crop_03.jpg,bg_to_strip_inclusion,3,2,537,326,1,2,3,C
JZW_HQL_0520_C_W991-15_crop_03.jpg,bg_to_strip_inclusion,4,92,537,364,5,32,3,C
JZW_HQL_0520_C_W991-19_crop_01.jpg,bg_to_strip_inclusion,1,108,893,135,5,52,3,C
JZW_HQL_0520_C_W991-19_crop_01.jpg,bg_to_strip_inclusion,2,9,910,138,1,9,3,C
JZW_HQL_0520_C_W991-19_crop_01.jpg,bg_to_strip_inclusion,3,3,909,155,1,3,3,C
JZW_HQL_0520_C_W991-19_crop_01.jpg,bg_to_strip_inclusion,4,107,893,211,13,20,3,C
JZW_HQL_0520_C_W991-19_crop_01.jpg,bg_to_strip_inclusion,5,48,905,408,10,9,3,C
JZW_HQL_0520_C_W991-19_crop_01.jpg,bg_to_strip_inclusion,6,5,66,448,2,5,3,C
JZW_HQL_0520_C_W991-19_crop_01.jpg,bg_to_strip_inclusion,7,2,68,454,1,2,3,C
JZW_HQL_0520_C_W991-19_crop_01.jpg,bg_to_strip_inclusion,8,6,535,457,1,6,3,C
JZW_HQL_0520_C_W991-19_crop_01.jpg,bg_to_strip_inclusion,9,57,53,459,1,57,3,C
JZW_HQL_0520_C_W991-19_crop_01.jpg,bg_to_strip_inclusion,10,13,533,465,2,13,3,C
JZW_HQL_0520_C_W991-19_crop_01.jpg,bg_to_strip_inclusion,11,128,71,543,8,74,3,C
JZW_HQL_0520_C_W991-19_crop_01.jpg,bg_to_strip_inclusion,12,244,52,613,8,75,3,C
JZW_HQL_0520_C_W991-19_crop_01.jpg,bg_to_strip_inclusion,14,2,285,636,2,1,3,C
JZW_HQL_0520_C_W991-19_crop_01.jpg,bg_to_strip_inclusion,15,47,273,638,9,38,3,C
JZW_HQL_0520_C_W991-19_crop_01.jpg,bg_to_strip_inclusion,16,272,73,646,7,112,3,C
JZW_HQL_0520_C_W991-19_crop_01.jpg,bg_to_strip_inclusion,17,54,57,864,2,41,3,C
JZW_HQL_0520_C_W991-19_crop_01.jpg,bg_to_strip_inclusion,18,2,72,892,1,2,3,C
JZW_HQL_0520_C_W991-19_crop_01.jpg,bg_to_strip_inclusion,19,258,60,914,10,32,3,C
JZW_HQL_0520_C_W991-1_crop_01.jpg,bg_to_strip_inclusion,1,226,114,0,16,60,2,B
JZW_HQL_0520_C_W991-1_crop_01.jpg,bg_to_strip_inclusion,4,12,90,184,3,6,2,B
JZW_HQL_0520_C_W991-1_crop_01.jpg,bg_to_strip_inclusion,5,15,82,196,5,6,3,C
JZW_HQL_0520_C_W991-1_crop_01.jpg,bg_to_strip_inclusion,6,3,97,197,1,3,3,C
JZW_HQL_0520_C_W991-1_crop_01.jpg,bg_to_strip_inclusion,8,23,97,210,2,23,3,C
JZW_HQL_0520_C_W991-1_crop_01.jpg,bg_to_strip_inclusion,9,7,96,238,1,7,3,C
JZW_HQL_0520_C_W991-1_crop_01.jpg,bg_to_strip_inclusion,10,2,74,245,1,2,2,B
JZW_HQL_0520_C_W991-1_crop_01.jpg,bg_to_strip_inclusion,11,57,89,247,8,23,2,B
JZW_HQL_0520_C_W991-1_crop_01.jpg,bg_to_strip_inclusion,12,41,76,263,7,12,2,B
JZW_HQL_0520_C_W991-1_crop_01.jpg,bg_to_strip_inclusion,14,18,976,733,3,8,1,A
JZW_HQL_0520_C_W991-22_crop_00.jpg,bg_to_strip_inclusion,1,77,6,80,3,49,3,C
JZW_HQL_0520_C_W991-22_crop_00.jpg,bg_to_strip_inclusion,2,7,10,156,4,6,3,C
JZW_HQL_0520_C_W991-22_crop_00.jpg,bg_to_strip_inclusion,3,4,718,305,1,4,3,C
JZW_HQL_0520_C_W991-22_crop_00.jpg,bg_to_strip_inclusion,4,796,688,314,31,148,3,C
JZW_HQL_0520_C_W991-22_crop_00.jpg,bg_to_strip_inclusion,5,172,171,514,18,36,3,C
JZW_HQL_0520_C_W991-22_crop_00.jpg,bg_to_strip_inclusion,6,46,169,521,3,34,3,C
JZW_HQL_0520_C_W991-22_crop_00.jpg,bg_to_strip_inclusion,7,5,172,558,1,5,3,C
JZW_HQL_0520_C_W991-22_crop_00.jpg,bg_to_strip_inclusion,8,73,173,565,11,50,3,C
JZW_HQL_0520_C_W991-22_crop_00.jpg,bg_to_D,1,68,1012,174,8,10,4,D
JZW_HQL_0520_C_W991-23_crop_00.jpg,bg_to_strip_inclusion,1,129,152,124,13,17,3,C
JZW_HQL_0520_C_W991-23_crop_00.jpg,bg_to_strip_inclusion,2,13,160,173,6,8,3,C
JZW_HQL_0520_C_W991-23_crop_00.jpg,bg_to_strip_inclusion,3,15,828,313,9,3,3,C
JZW_HQL_0520_C_W991-23_crop_00.jpg,bg_to_strip_inclusion,4,26,823,338,1,26,3,C
JZW_HQL_0520_C_W991-23_crop_00.jpg,bg_to_strip_inclusion,5,163,824,366,6,65,3,C
JZW_HQL_0520_C_W991-23_crop_00.jpg,bg_to_strip_inclusion,6,207,841,430,7,68,3,C
JZW_HQL_0520_C_W991-23_crop_00.jpg,bg_to_strip_inclusion,7,25,824,500,5,16,3,C
JZW_HQL_0520_C_W991-23_crop_00.jpg,bg_to_strip_inclusion,9,51,477,647,11,10,3,C
JZW_HQL_0520_C_W991-23_crop_00.jpg,bg_to_strip_inclusion,10,8,487,669,1,8,3,C
JZW_HQL_0520_C_W991-23_crop_00.jpg,bg_to_strip_inclusion,11,37,484,686,3,34,3,C
JZW_HQL_0520_C_W991-23_crop_00.jpg,bg_to_strip_inclusion,12,2,460,707,1,2,3,C
JZW_HQL_0520_C_W991-23_crop_00.jpg,bg_to_strip_inclusion,14,12,472,757,7,8,3,C
JZW_HQL_0520_C_W991-23_crop_00.jpg,bg_to_strip_inclusion,15,98,224,835,19,14,2,B
JZW_HQL_0520_C_W991-23_crop_00.jpg,bg_to_strip_inclusion,16,223,213,851,13,104,2,B
JZW_HQL_0520_C_W991-23_crop_00.jpg,bg_to_strip_inclusion,17,428,213,915,35,96,2,B
JZW_HQL_0520_C_W991-27_crop_00.jpg,bg_to_strip_inclusion,1,5,298,1,2,5,2,B
JZW_HQL_0520_C_W991-27_crop_00.jpg,bg_to_strip_inclusion,2,7,297,7,1,7,2,B
JZW_HQL_0520_C_W991-27_crop_00.jpg,bg_to_strip_inclusion,3,183,957,19,11,20,3,C
JZW_HQL_0520_C_W991-27_crop_00.jpg,bg_to_strip_inclusion,5,49,288,178,4,25,2,B
JZW_HQL_0520_C_W991-27_crop_00.jpg,bg_to_strip_inclusion,6,30,559,183,6,21,2,B
JZW_HQL_0520_C_W991-27_crop_00.jpg,bg_to_strip_inclusion,8,2,539,283,2,1,3,C
JZW_HQL_0520_C_W991-27_crop_00.jpg,bg_to_strip_inclusion,10,129,997,633,19,17,2,B
JZW_HQL_0520_C_W991-27_crop_00.jpg,bg_to_strip_inclusion,11,288,1021,665,3,145,2,B
JZW_HQL_0520_C_W991-27_crop_00.jpg,bg_to_strip_inclusion,12,86,440,676,5,40,3,C
JZW_HQL_0520_C_W991-27_crop_00.jpg,bg_to_strip_inclusion,13,3,152,689,3,3,3,C
JZW_HQL_0520_C_W991-27_crop_00.jpg,bg_to_strip_inclusion,14,255,155,689,13,82,3,C
JZW_HQL_0520_C_W991-27_crop_00.jpg,bg_to_strip_inclusion,15,18,146,741,2,17,3,C
JZW_HQL_0520_C_W991-27_crop_00.jpg,bg_to_strip_inclusion,16,50,184,796,14,6,3,C
JZW_HQL_0520_C_W991-27_crop_00.jpg,bg_to_strip_inclusion,17,7,438,908,1,7,3,C
JZW_HQL_0520_C_W991-27_crop_00.jpg,bg_to_strip_inclusion,18,2,174,949,1,2,3,C
JZW_HQL_0520_C_W991-27_crop_00.jpg,bg_to_strip_inclusion,19,4,175,952,2,4,3,C
JZW_HQL_0520_C_W991-2_crop_02.jpg,bg_to_D,1,74,400,51,9,10,4,D
JZW_HQL_0520_C_W991-2_crop_02.jpg,bg_to_D,2,60,414,996,8,9,4,D
JZW_HQL_0520_C_W991-30_crop_01.jpg,bg_to_strip_inclusion,1,34,96,0,25,9,2,B
JZW_HQL_0520_C_W991-30_crop_01.jpg,bg_to_strip_inclusion,4,51,87,22,6,24,2,B
JZW_HQL_0520_C_W991-30_crop_01.jpg,bg_to_strip_inclusion,5,71,112,40,3,35,2,B
JZW_HQL_0520_C_W991-30_crop_01.jpg,bg_to_strip_inclusion,6,2,92,107,1,2,2,B
JZW_HQL_0520_C_W991-30_crop_01.jpg,bg_to_strip_inclusion,7,37,103,180,12,19,2,B
JZW_HQL_0520_C_W991-30_crop_01.jpg,bg_to_D,1,2,654,280,2,2,4,D
JZW_HQL_0520_C_W991-30_crop_01.jpg,bg_to_D,2,2,654,285,2,2,4,D
JZW_HQL_0520_C_W991-30_crop_03.jpg,bg_to_strip_inclusion,1,31,379,60,3,26,3,C
JZW_HQL_0520_C_W991-30_crop_03.jpg,bg_to_strip_inclusion,2,2,384,127,1,2,2,B
JZW_HQL_0520_C_W991-30_crop_03.jpg,bg_to_strip_inclusion,3,116,0,240,5,29,1,A
JZW_HQL_0520_C_W991-30_crop_03.jpg,bg_to_strip_inclusion,4,3,380,316,1,3,2,B
JZW_HQL_0520_C_W991-30_crop_03.jpg,bg_to_strip_inclusion,5,26,360,576,7,9,2,B
JZW_HQL_0520_C_W991-31_crop_01.jpg,bg_to_strip_inclusion,1,21,266,53,1,21,3,C
JZW_HQL_0520_C_W991-31_crop_01.jpg,bg_to_strip_inclusion,2,12,251,64,4,11,3,C
JZW_HQL_0520_C_W991-31_crop_01.jpg,bg_to_strip_inclusion,4,20,359,232,8,5,3,C
JZW_HQL_0520_C_W991-31_crop_01.jpg,bg_to_strip_inclusion,9,45,359,250,5,24,3,C
JZW_HQL_0520_C_W991-31_crop_01.jpg,bg_to_strip_inclusion,11,25,849,319,4,13,3,C
JZW_HQL_0520_C_W991-32_crop_02.jpg,bg_to_strip_inclusion,1,199,829,264,5,80,3,C
JZW_HQL_0520_C_W991-32_crop_02.jpg,bg_to_strip_inclusion,2,42,829,437,4,31,2,B
JZW_HQL_0520_C_W991-32_crop_02.jpg,bg_to_strip_inclusion,3,2,834,480,1,2,3,C
JZW_HQL_0520_C_W991-32_crop_02.jpg,bg_to_strip_inclusion,5,32,830,720,12,12,3,C
JZW_HQL_0520_C_W991-33_crop_01.jpg,bg_to_strip_inclusion,1,4,80,172,1,4,2,B
JZW_HQL_0520_C_W991-33_crop_01.jpg,bg_to_strip_inclusion,2,71,81,184,9,39,3,C
JZW_HQL_0520_C_W991-33_crop_01.jpg,bg_to_strip_inclusion,3,231,973,227,10,51,3,C
JZW_HQL_0520_C_W991-33_crop_01.jpg,bg_to_strip_inclusion,4,53,959,250,7,23,3,C
JZW_HQL_0520_C_W991-33_crop_01.jpg,bg_to_strip_inclusion,5,33,459,391,3,33,3,C
JZW_HQL_0520_C_W991-33_crop_01.jpg,bg_to_strip_inclusion,6,36,200,623,10,7,3,C
JZW_HQL_0520_C_W991-33_crop_01.jpg,bg_to_strip_inclusion,7,166,192,631,5,69,3,C
JZW_HQL_0520_C_W991-33_crop_01.jpg,bg_to_strip_inclusion,8,70,210,649,2,46,3,C
JZW_HQL_0520_C_W991-33_crop_01.jpg,bg_to_strip_inclusion,9,4,212,705,1,4,3,C
JZW_HQL_0520_C_W991-33_crop_01.jpg,bg_to_strip_inclusion,10,933,144,713,19,67,3,C
JZW_HQL_0520_C_W991-33_crop_01.jpg,bg_to_strip_inclusion,11,45,446,756,2,28,3,C
JZW_HQL_0520_C_W991-33_crop_01.jpg,bg_to_strip_inclusion,12,10,427,759,1,10,3,C
JZW_HQL_0520_C_W991-33_crop_01.jpg,bg_to_strip_inclusion,13,269,419,771,8,96,3,C
JZW_HQL_0520_C_W991-33_crop_01.jpg,bg_to_strip_inclusion,14,5,445,786,1,5,3,C
JZW_HQL_0520_C_W991-33_crop_01.jpg,bg_to_strip_inclusion,15,221,1006,915,9,93,3,C
JZW_HQL_0520_C_W991-36_crop_01.jpg,bg_to_strip_inclusion,1,23,985,126,2,20,3,C
JZW_HQL_0520_C_W991-36_crop_01.jpg,bg_to_strip_inclusion,2,7,982,147,3,6,3,C
JZW_HQL_0520_C_W991-36_crop_01.jpg,bg_to_strip_inclusion,3,4,657,292,2,3,3,C
JZW_HQL_0520_C_W991-36_crop_01.jpg,bg_to_strip_inclusion,4,5,657,340,1,5,2,B
JZW_HQL_0520_C_W991-36_crop_01.jpg,bg_to_strip_inclusion,5,2,647,342,1,2,3,C
JZW_HQL_0520_C_W991-36_crop_01.jpg,bg_to_strip_inclusion,6,50,109,602,2,36,3,C
JZW_HQL_0520_C_W991-36_crop_01.jpg,bg_to_strip_inclusion,7,674,639,811,13,60,3,C
JZW_HQL_0520_C_W991-36_crop_01.jpg,bg_to_strip_inclusion,8,50,108,852,10,26,2,B
JZW_HQL_0520_C_W991-37_crop_01.jpg,bg_to_strip_inclusion,3,96,10,151,4,49,3,C
JZW_HQL_0520_C_W991-37_crop_01.jpg,bg_to_strip_inclusion,4,20,759,409,9,4,3,C
JZW_HQL_0520_C_W991-37_crop_01.jpg,bg_to_strip_inclusion,5,13,774,463,2,12,3,C
JZW_HQL_0520_C_W991-37_crop_01.jpg,bg_to_strip_inclusion,6,8,923,625,5,3,3,C
JZW_HQL_0520_C_W991-37_crop_01.jpg,bg_to_strip_inclusion,7,35,917,626,5,22,3,C
JZW_HQL_0520_C_W991-37_crop_01.jpg,bg_to_strip_inclusion,8,6,916,651,1,6,3,C
JZW_HQL_0520_C_W991-37_crop_01.jpg,bg_to_strip_inclusion,9,4,914,674,1,4,3,C
JZW_HQL_0520_C_W991-37_crop_01.jpg,bg_to_strip_inclusion,10,3,916,682,3,2,3,C
JZW_HQL_0520_C_W991-37_crop_01.jpg,bg_to_strip_inclusion,11,96,120,697,2,70,3,C
JZW_HQL_0520_C_W991-38_crop_00.jpg,bg_to_strip_inclusion,1,137,40,264,14,16,3,C
JZW_HQL_0520_C_W991-38_crop_00.jpg,bg_to_strip_inclusion,3,43,37,295,3,33,3,C
JZW_HQL_0520_C_W991-38_crop_00.jpg,bg_to_strip_inclusion,4,6,36,329,1,6,3,C
JZW_HQL_0520_C_W991-38_crop_00.jpg,bg_to_strip_inclusion,5,4,35,338,1,4,3,C
JZW_HQL_0520_C_W991-38_crop_00.jpg,bg_to_strip_inclusion,7,316,52,367,11,105,2,B
JZW_HQL_0520_C_W991-38_crop_00.jpg,bg_to_strip_inclusion,8,328,20,408,9,117,2,B
JZW_HQL_0520_C_W991-38_crop_00.jpg,bg_to_strip_inclusion,9,69,498,411,15,22,3,C
JZW_HQL_0520_C_W991-38_crop_00.jpg,bg_to_strip_inclusion,12,3,47,496,1,3,2,B
JZW_HQL_0520_C_W991-38_crop_00.jpg,bg_to_strip_inclusion,13,48,41,500,6,28,2,B
JZW_HQL_0520_C_W991-38_crop_00.jpg,bg_to_strip_inclusion,15,2,794,548,1,2,2,B
JZW_HQL_0520_C_W991-38_crop_00.jpg,bg_to_strip_inclusion,16,1057,777,556,19,228,2,B
JZW_HQL_0520_C_W991-38_crop_00.jpg,bg_to_strip_inclusion,17,116,362,565,8,18,3,C
JZW_HQL_0520_C_W991-38_crop_00.jpg,bg_to_strip_inclusion,18,120,363,617,8,19,3,C
JZW_HQL_0520_C_W991-38_crop_00.jpg,bg_to_strip_inclusion,19,58,485,625,7,28,2,B
JZW_HQL_0520_C_W991-38_crop_00.jpg,bg_to_strip_inclusion,20,2,1005,670,1,2,3,C
JZW_HQL_0520_C_W991-38_crop_00.jpg,bg_to_strip_inclusion,21,129,989,678,3,62,3,C
JZW_HQL_0520_C_W991-38_crop_00.jpg,bg_to_strip_inclusion,22,2406,205,681,33,89,2,B
JZW_HQL_0520_C_W991-38_crop_00.jpg,bg_to_strip_inclusion,23,38,754,705,8,29,2,B
JZW_HQL_0520_C_W991-38_crop_00.jpg,bg_to_strip_inclusion,24,436,504,719,30,68,2,B
JZW_HQL_0520_C_W991-38_crop_00.jpg,bg_to_strip_inclusion,25,2,534,729,1,2,2,B
JZW_HQL_0520_C_W991-38_crop_00.jpg,bg_to_strip_inclusion,26,2,753,735,1,2,2,B
JZW_HQL_0520_C_W991-38_crop_00.jpg,bg_to_strip_inclusion,27,3,752,738,1,3,2,B
JZW_HQL_0520_C_W991-38_crop_00.jpg,bg_to_strip_inclusion,28,112,743,742,9,49,2,B
JZW_HQL_0520_C_W991-38_crop_00.jpg,bg_to_strip_inclusion,31,7,742,797,1,7,2,B
JZW_HQL_0520_C_W991-38_crop_00.jpg,bg_to_strip_inclusion,32,2,773,803,1,2,2,B
JZW_HQL_0520_C_W991-38_crop_00.jpg,bg_to_strip_inclusion,33,6,772,809,1,6,2,B
JZW_HQL_0520_C_W991-38_crop_00.jpg,bg_to_strip_inclusion,35,147,763,862,6,78,2,B
JZW_HQL_0520_C_W991-38_crop_00.jpg,bg_to_strip_inclusion,36,114,743,875,4,64,2,B
JZW_HQL_0520_C_W991-39_crop_00.jpg,bg_to_strip_inclusion,1,25,555,921,7,9,3,C
JZW_HQL_0520_C_W991-39_crop_00.jpg,bg_to_strip_inclusion,2,36,552,931,1,36,3,C
JZW_HQL_0520_C_W991-39_crop_00.jpg,bg_to_strip_inclusion,3,63,301,949,13,14,3,C
JZW_HQL_0520_C_W991-39_crop_00.jpg,bg_to_strip_inclusion,4,4,553,973,1,4,3,C
JZW_HQL_0520_C_W991-39_crop_00.jpg,bg_to_strip_inclusion,5,8,554,978,2,8,3,C
JZW_HQL_0520_C_W991-39_crop_00.jpg,bg_to_D,1,53,507,772,9,8,4,D
JZW_HQL_0520_C_W991-39_crop_01.jpg,bg_to_strip_inclusion,1,13,800,627,1,13,3,C
JZW_HQL_0520_C_W991-3_crop_01.jpg,bg_to_strip_inclusion,1,3,212,71,1,3,3,C
JZW_HQL_0520_C_W991-3_crop_01.jpg,bg_to_strip_inclusion,2,11,213,79,1,11,3,C
JZW_HQL_0520_C_W991-3_crop_01.jpg,bg_to_strip_inclusion,3,104,192,81,10,89,3,C
JZW_HQL_0520_C_W991-3_crop_01.jpg,bg_to_strip_inclusion,4,38,211,93,4,30,3,C
JZW_HQL_0520_C_W991-3_crop_01.jpg,bg_to_strip_inclusion,5,2,210,125,1,2,3,C
JZW_HQL_0520_C_W991-3_crop_01.jpg,bg_to_strip_inclusion,7,80,203,147,5,48,3,C
JZW_HQL_0520_C_W991-3_crop_01.jpg,bg_to_strip_inclusion,8,60,192,186,7,28,3,C
JZW_HQL_0520_C_W991-3_crop_02.jpg,bg_to_strip_inclusion,1,899,502,318,21,112,3,C
JZW_HQL_0520_C_W991-3_crop_02.jpg,bg_to_strip_inclusion,2,27,672,907,3,14,3,C
JZW_HQL_0520_C_W991-40_crop_02.jpg,bg_to_strip_inclusion,2,32,594,179,4,25,3,C
JZW_HQL_0520_C_W991-40_crop_02.jpg,bg_to_strip_inclusion,3,124,590,205,4,69,3,C
JZW_HQL_0520_C_W991-40_crop_02.jpg,bg_to_strip_inclusion,4,171,607,215,7,78,3,C
JZW_HQL_0520_C_W991-40_crop_02.jpg,bg_to_strip_inclusion,5,30,246,263,9,18,3,C
JZW_HQL_0520_C_W991-40_crop_02.jpg,bg_to_strip_inclusion,6,554,743,795,14,58,3,C
JZW_HQL_0520_C_W991-40_crop_02.jpg,bg_to_strip_inclusion,7,106,748,900,8,17,1,A
JZW_HQL_0520_C_W991-44_crop_00.jpg,bg_to_strip_inclusion,1,40,64,0,16,7,2,B
JZW_HQL_0520_C_W991-44_crop_00.jpg,bg_to_strip_inclusion,2,138,723,0,18,64,3,C
JZW_HQL_0520_C_W991-44_crop_00.jpg,bg_to_strip_inclusion,3,207,721,18,5,75,3,C
JZW_HQL_0520_C_W991-44_crop_00.jpg,bg_to_strip_inclusion,5,3,73,60,3,3,2,B
JZW_HQL_0520_C_W991-44_crop_00.jpg,bg_to_strip_inclusion,6,12,563,61,7,3,3,C
JZW_HQL_0520_C_W991-44_crop_00.jpg,bg_to_strip_inclusion,9,18,413,83,8,5,2,B
JZW_HQL_0520_C_W991-44_crop_00.jpg,bg_to_strip_inclusion,10,4,402,119,1,4,2,B
JZW_HQL_0520_C_W991-44_crop_00.jpg,bg_to_strip_inclusion,11,2,401,133,1,2,3,C
JZW_HQL_0520_C_W991-44_crop_00.jpg,bg_to_strip_inclusion,12,158,402,255,7,68,2,B
JZW_HQL_0520_C_W991-44_crop_00.jpg,bg_to_strip_inclusion,13,204,415,258,21,70,2,B
JZW_HQL_0520_C_W991-44_crop_00.jpg,bg_to_strip_inclusion,14,104,924,289,22,19,3,C
JZW_HQL_0520_C_W991-44_crop_00.jpg,bg_to_strip_inclusion,15,2,924,389,1,2,3,C
JZW_HQL_0520_C_W991-44_crop_00.jpg,bg_to_strip_inclusion,16,91,925,393,19,25,3,C
JZW_HQL_0520_C_W991-44_crop_00.jpg,bg_to_strip_inclusion,17,166,783,791,11,20,3,C
JZW_HQL_0520_C_W991-44_crop_00.jpg,bg_to_strip_inclusion,18,303,786,834,13,31,3,C
JZW_HQL_0520_C_W991-44_crop_00.jpg,bg_to_strip_inclusion,19,79,577,931,15,17,2,B
JZW_HQL_0520_C_W991-44_crop_00.jpg,bg_to_strip_inclusion,20,69,866,948,4,34,2,B
JZW_HQL_0520_C_W991-44_crop_00.jpg,bg_to_strip_inclusion,21,2,836,1022,1,2,2,B
JZW_HQL_0520_C_W991-45_crop_00.jpg,bg_to_strip_inclusion,3,71,989,294,14,10,3,C
JZW_HQL_0520_C_W991-45_crop_00.jpg,bg_to_strip_inclusion,4,449,229,306,15,46,3,C
JZW_HQL_0520_C_W991-45_crop_00.jpg,bg_to_strip_inclusion,5,8,524,463,1,8,2,B
JZW_HQL_0520_C_W991-45_crop_00.jpg,bg_to_strip_inclusion,6,84,554,491,2,67,2,B
JZW_HQL_0520_C_W991-45_crop_00.jpg,bg_to_strip_inclusion,7,3,519,566,1,3,2,B
JZW_HQL_0520_C_W991-45_crop_00.jpg,bg_to_strip_inclusion,8,39,195,676,11,10,3,C
JZW_HQL_0520_C_W991-45_crop_00.jpg,bg_to_strip_inclusion,9,35,1015,679,2,29,3,C
JZW_HQL_0520_C_W991-45_crop_00.jpg,bg_to_strip_inclusion,10,83,895,741,5,43,3,C
JZW_HQL_0520_C_W991-45_crop_00.jpg,bg_to_strip_inclusion,11,22,997,754,8,11,3,C
JZW_HQL_0520_C_W991-45_crop_00.jpg,bg_to_strip_inclusion,12,718,901,769,17,78,3,C
JZW_HQL_0520_C_W991-45_crop_00.jpg,bg_to_strip_inclusion,13,4,900,785,1,4,3,C
JZW_HQL_0520_C_W991-45_crop_00.jpg,bg_to_strip_inclusion,14,6,202,821,2,6,3,C
JZW_HQL_0520_C_W991-45_crop_00.jpg,bg_to_D,1,29,895,163,6,7,4,D
JZW_HQL_0520_C_W991-45_crop_00.jpg,bg_to_D,2,2,174,862,2,2,4,D
JZW_HQL_0520_C_W991-46_crop_00.jpg,bg_to_strip_inclusion,2,212,100,79,9,99,3,C
JZW_HQL_0520_C_W991-46_crop_00.jpg,bg_to_strip_inclusion,3,14,91,141,1,14,3,C
JZW_HQL_0520_C_W991-46_crop_00.jpg,bg_to_strip_inclusion,4,96,86,227,2,70,3,C
JZW_HQL_0520_C_W991-46_crop_00.jpg,bg_to_strip_inclusion,5,240,770,760,16,80,3,C
JZW_HQL_0520_C_W991-46_crop_00.jpg,bg_to_strip_inclusion,6,8,394,778,5,2,2,B
JZW_HQL_0520_C_W991-46_crop_00.jpg,bg_to_strip_inclusion,8,10,764,829,1,10,3,C
JZW_HQL_0520_C_W991-46_crop_00.jpg,bg_to_strip_inclusion,9,1084,397,836,27,187,2,B
JZW_HQL_0520_C_W991-46_crop_00.jpg,bg_to_strip_inclusion,10,2,778,842,1,2,3,C
JZW_HQL_0520_C_W991-46_crop_00.jpg,bg_to_strip_inclusion,12,656,755,881,21,143,3,C
JZW_HQL_0520_C_W991-48_crop_01.jpg,bg_to_strip_inclusion,1,325,934,0,10,39,3,C
JZW_HQL_0520_C_W991-48_crop_01.jpg,bg_to_strip_inclusion,2,54,282,42,6,28,2,B
JZW_HQL_0520_C_W991-48_crop_01.jpg,bg_to_strip_inclusion,3,15,938,61,3,7,3,C
JZW_HQL_0520_C_W991-48_crop_01.jpg,bg_to_strip_inclusion,4,239,244,68,6,78,2,B
JZW_HQL_0520_C_W991-48_crop_01.jpg,bg_to_strip_inclusion,5,2,281,71,1,2,2,B
JZW_HQL_0520_C_W991-48_crop_01.jpg,bg_to_strip_inclusion,6,6,280,76,1,6,2,B
JZW_HQL_0520_C_W991-48_crop_01.jpg,bg_to_strip_inclusion,8,571,258,188,32,44,2,B
JZW_HQL_0520_C_W991-48_crop_01.jpg,bg_to_strip_inclusion,9,48,929,258,12,7,3,C
JZW_HQL_0520_C_W991-48_crop_01.jpg,bg_to_strip_inclusion,10,4,925,299,1,4,3,C
JZW_HQL_0520_C_W991-48_crop_01.jpg,bg_to_strip_inclusion,11,60,923,309,2,41,3,C
JZW_HQL_0520_C_W991-48_crop_01.jpg,bg_to_strip_inclusion,12,3,925,352,1,3,3,C
JZW_HQL_0520_C_W991-48_crop_01.jpg,bg_to_strip_inclusion,13,9,658,761,7,4,2,B
JZW_HQL_0520_C_W991-48_crop_01.jpg,bg_to_strip_inclusion,14,249,644,765,10,82,2,B
JZW_HQL_0520_C_W991-48_crop_01.jpg,bg_to_strip_inclusion,16,4,675,812,1,4,2,B
JZW_HQL_0520_C_W991-48_crop_01.jpg,bg_to_strip_inclusion,17,44,676,819,5,37,2,B
JZW_HQL_0520_C_W991-48_crop_01.jpg,bg_to_strip_inclusion,18,23,934,834,9,4,2,B
JZW_HQL_0520_C_W991-48_crop_01.jpg,bg_to_strip_inclusion,19,256,679,896,7,79,2,B
JZW_HQL_0520_C_W991-48_crop_01.jpg,bg_to_strip_inclusion,20,73,451,902,6,46,3,C
JZW_HQL_0520_C_W991-48_crop_01.jpg,bg_to_strip_inclusion,21,70,644,942,2,67,2,B
JZW_HQL_0520_C_W991-48_crop_01.jpg,bg_to_strip_inclusion,22,3,450,951,1,3,3,C
JZW_HQL_0520_C_W991-48_crop_01.jpg,bg_to_strip_inclusion,23,185,922,1001,25,23,2,B
JZW_HQL_0520_C_W991-48_crop_01.jpg,bg_to_strip_inclusion,25,2,947,1006,1,2,2,B
JZW_HQL_0520_C_W991-48_crop_01.jpg,bg_to_strip_inclusion,26,83,645,1016,22,8,2,B
JZW_HQL_0520_C_W991-48_crop_01.jpg,bg_to_D,1,54,348,554,8,8,4,D
JZW_HQL_0520_C_W991-49_crop_01.jpg,bg_to_strip_inclusion,1,25,665,0,12,3,2,B
JZW_HQL_0520_C_W991-49_crop_01.jpg,bg_to_strip_inclusion,2,132,987,91,4,57,3,C
JZW_HQL_0520_C_W991-49_crop_01.jpg,bg_to_strip_inclusion,3,497,669,98,15,50,3,C
JZW_HQL_0520_C_W991-49_crop_01.jpg,bg_to_strip_inclusion,4,72,989,158,8,30,3,C
JZW_HQL_0520_C_W991-49_crop_01.jpg,bg_to_strip_inclusion,5,148,906,351,14,72,3,C
JZW_HQL_0520_C_W991-49_crop_01.jpg,bg_to_strip_inclusion,6,32,544,374,3,21,3,C
JZW_HQL_0520_C_W991-49_crop_01.jpg,bg_to_strip_inclusion,7,530,664,378,36,76,2,B
JZW_HQL_0520_C_W991-49_crop_01.jpg,bg_to_strip_inclusion,8,102,546,399,3,57,3,C
JZW_HQL_0520_C_W991-49_crop_01.jpg,bg_to_strip_inclusion,9,123,65,429,14,47,3,C
JZW_HQL_0520_C_W991-49_crop_01.jpg,bg_to_strip_inclusion,10,103,564,429,8,71,3,C
JZW_HQL_0520_C_W991-49_crop_01.jpg,bg_to_strip_inclusion,12,2,695,435,1,2,2,B
JZW_HQL_0520_C_W991-49_crop_01.jpg,bg_to_strip_inclusion,15,8,82,452,1,8,3,C
JZW_HQL_0520_C_W991-49_crop_01.jpg,bg_to_strip_inclusion,16,5,663,455,1,5,2,B
JZW_HQL_0520_C_W991-49_crop_01.jpg,bg_to_strip_inclusion,17,14,549,458,1,14,3,C
JZW_HQL_0520_C_W991-49_crop_01.jpg,bg_to_strip_inclusion,18,4,81,465,1,4,3,C
JZW_HQL_0520_C_W991-49_crop_01.jpg,bg_to_strip_inclusion,20,3,80,470,1,3,3,C
JZW_HQL_0520_C_W991-49_crop_01.jpg,bg_to_strip_inclusion,22,50,569,514,3,46,3,C
JZW_HQL_0520_C_W991-49_crop_01.jpg,bg_to_strip_inclusion,23,5,680,520,1,5,3,C
JZW_HQL_0520_C_W991-49_crop_01.jpg,bg_to_strip_inclusion,24,7,679,529,1,7,3,C
JZW_HQL_0520_C_W991-49_crop_01.jpg,bg_to_strip_inclusion,25,100,673,538,6,64,3,C
JZW_HQL_0520_C_W991-49_crop_01.jpg,bg_to_strip_inclusion,26,95,549,544,3,45,3,C
JZW_HQL_0520_C_W991-49_crop_01.jpg,bg_to_strip_inclusion,27,29,567,572,2,29,3,C
JZW_HQL_0520_C_W991-49_crop_01.jpg,bg_to_strip_inclusion,28,6,566,605,1,6,3,C
JZW_HQL_0520_C_W991-49_crop_01.jpg,bg_to_strip_inclusion,29,2,565,613,1,2,3,C
JZW_HQL_0520_C_W991-49_crop_01.jpg,bg_to_strip_inclusion,30,33,664,770,1,33,3,C
JZW_HQL_0520_C_W991-49_crop_01.jpg,bg_to_strip_inclusion,31,166,664,845,4,67,3,C
JZW_HQL_0520_C_W991-49_crop_01.jpg,bg_to_strip_inclusion,32,72,645,924,6,30,2,B
JZW_HQL_0520_C_W991-49_crop_01.jpg,bg_to_strip_inclusion,33,177,8,971,8,32,3,C
JZW_HQL_0520_C_W991-50_crop_00.jpg,bg_to_strip_inclusion,1,980,315,42,18,74,3,C
JZW_HQL_0520_C_W991-50_crop_00.jpg,bg_to_strip_inclusion,2,51,874,72,12,6,3,C
JZW_HQL_0520_C_W991-50_crop_00.jpg,bg_to_strip_inclusion,3,67,916,103,7,27,3,C
JZW_HQL_0520_C_W991-50_crop_00.jpg,bg_to_strip_inclusion,4,14,908,118,1,14,3,C
JZW_HQL_0520_C_W991-50_crop_00.jpg,bg_to_strip_inclusion,5,3,922,133,1,3,3,C
JZW_HQL_0520_C_W991-50_crop_00.jpg,bg_to_strip_inclusion,6,40,907,139,3,28,3,C
JZW_HQL_0520_C_W991-50_crop_00.jpg,bg_to_strip_inclusion,8,2,924,145,1,2,3,C
JZW_HQL_0520_C_W991-50_crop_00.jpg,bg_to_strip_inclusion,10,140,105,466,8,58,3,C
JZW_HQL_0520_C_W991-50_crop_00.jpg,bg_to_strip_inclusion,11,56,159,649,12,7,3,C
JZW_HQL_0520_C_W991-50_crop_00.jpg,bg_to_strip_inclusion,12,181,157,797,6,65,3,C
JZW_HQL_0520_C_W991-50_crop_00.jpg,bg_to_strip_inclusion,13,20,169,943,5,12,3,C
JZW_HQL_0520_C_W991-50_crop_00.jpg,bg_to_strip_inclusion,14,35,155,944,8,13,3,C
JZW_HQL_0520_C_W991-51_crop_00.jpg,bg_to_strip_inclusion,1,58,468,0,22,6,2,B
JZW_HQL_0520_C_W991-51_crop_00.jpg,bg_to_strip_inclusion,2,992,442,81,27,130,2,B
JZW_HQL_0520_C_W991-51_crop_00.jpg,bg_to_strip_inclusion,5,95,436,138,6,56,2,B
JZW_HQL_0520_C_W991-51_crop_00.jpg,bg_to_strip_inclusion,7,9,865,299,6,4,3,C
JZW_HQL_0520_C_W991-51_crop_00.jpg,bg_to_strip_inclusion,8,3,862,311,1,3,3,C
JZW_HQL_0520_C_W991-51_crop_00.jpg,bg_to_strip_inclusion,10,5,870,361,2,5,3,C
JZW_HQL_0520_C_W991-51_crop_00.jpg,bg_to_D,1,16,434,326,5,5,4,D
JZW_HQL_0520_C_W991-52_crop_00.jpg,bg_to_strip_inclusion,1,44,258,135,12,5,3,C
JZW_HQL_0520_C_W991-52_crop_00.jpg,bg_to_strip_inclusion,3,178,249,166,4,94,3,C
JZW_HQL_0520_C_W991-52_crop_00.jpg,bg_to_strip_inclusion,4,448,266,194,10,124,3,C
JZW_HQL_0520_C_W991-52_crop_00.jpg,bg_to_strip_inclusion,5,5,249,263,1,5,3,C
JZW_HQL_0520_C_W991-52_crop_00.jpg,bg_to_strip_inclusion,6,5,248,274,1,5,3,C
JZW_HQL_0520_C_W991-52_crop_00.jpg,bg_to_strip_inclusion,7,60,244,282,4,43,3,C
JZW_HQL_0520_C_W991-52_crop_00.jpg,bg_to_strip_inclusion,8,99,604,292,8,51,2,B
JZW_HQL_0520_C_W991-52_crop_00.jpg,bg_to_strip_inclusion,9,2,265,322,1,2,3,C
JZW_HQL_0520_C_W991-52_crop_00.jpg,bg_to_strip_inclusion,10,5,243,328,1,5,3,C
JZW_HQL_0520_C_W991-52_crop_00.jpg,bg_to_strip_inclusion,11,128,248,331,16,41,3,C
JZW_HQL_0520_C_W991-52_crop_00.jpg,bg_to_strip_inclusion,13,2,284,475,1,2,3,C
JZW_HQL_0520_C_W991-52_crop_00.jpg,bg_to_strip_inclusion,14,6,985,532,5,2,3,C
JZW_HQL_0520_C_W991-52_crop_00.jpg,bg_to_strip_inclusion,15,150,54,556,19,54,3,C
JZW_HQL_0520_C_W991-52_crop_00.jpg,bg_to_strip_inclusion,16,4,73,611,1,4,3,C
JZW_HQL_0520_C_W991-52_crop_00.jpg,bg_to_strip_inclusion,17,76,653,650,8,31,3,C
JZW_HQL_0520_C_W991-52_crop_00.jpg,bg_to_strip_inclusion,18,2,69,655,1,2,3,C
JZW_HQL_0520_C_W991-52_crop_00.jpg,bg_to_strip_inclusion,19,9,47,656,1,9,3,C
JZW_HQL_0520_C_W991-52_crop_00.jpg,bg_to_strip_inclusion,20,3,68,658,1,3,3,C
JZW_HQL_0520_C_W991-52_crop_00.jpg,bg_to_strip_inclusion,22,12,48,667,5,9,3,C
JZW_HQL_0520_C_W991-52_crop_02.jpg,bg_to_strip_inclusion,1,158,231,76,10,21,3,C
JZW_HQL_0520_C_W991-52_crop_02.jpg,bg_to_strip_inclusion,3,65,903,894,6,36,3,C
JZW_HQL_0520_C_W991-53_crop_00.jpg,bg_to_strip_inclusion,1,105,707,898,9,14,3,C
JZW_HQL_0520_C_W991-53_crop_00.jpg,bg_to_strip_inclusion,2,29,434,952,10,9,3,C
JZW_HQL_0520_C_W991-53_crop_00.jpg,bg_to_strip_inclusion,3,44,711,952,6,10,3,C
JZW_HQL_0520_C_W991-55_crop_01.jpg,bg_to_strip_inclusion,1,421,328,80,17,169,3,C
JZW_HQL_0520_C_W991-55_crop_01.jpg,bg_to_strip_inclusion,2,20,352,136,1,20,3,C
JZW_HQL_0520_C_W991-55_crop_01.jpg,bg_to_strip_inclusion,3,47,330,312,3,35,3,C
JZW_HQL_0520_C_W991-55_crop_01.jpg,bg_to_strip_inclusion,4,2,985,438,1,2,3,C
JZW_HQL_0520_C_W991-55_crop_01.jpg,bg_to_strip_inclusion,5,2,341,441,1,2,3,C
JZW_HQL_0520_C_W991-55_crop_01.jpg,bg_to_strip_inclusion,6,4,984,442,1,4,3,C
JZW_HQL_0520_C_W991-55_crop_01.jpg,bg_to_strip_inclusion,7,23,336,445,5,17,3,C
JZW_HQL_0520_C_W991-55_crop_01.jpg,bg_to_strip_inclusion,9,4,877,458,4,3,3,C
JZW_HQL_0520_C_W991-55_crop_01.jpg,bg_to_strip_inclusion,10,128,872,461,4,61,3,C
JZW_HQL_0520_C_W991-55_crop_01.jpg,bg_to_strip_inclusion,11,20,982,463,5,13,3,C
JZW_HQL_0520_C_W991-55_crop_01.jpg,bg_to_strip_inclusion,12,20,319,497,7,12,3,C
JZW_HQL_0520_C_W991-55_crop_01.jpg,bg_to_strip_inclusion,13,5,311,502,2,5,3,C
JZW_HQL_0520_C_W991-55_crop_01.jpg,bg_to_strip_inclusion,15,86,634,708,16,17,3,C
JZW_HQL_0520_C_W991-55_crop_01.jpg,bg_to_strip_inclusion,16,47,629,716,4,30,3,C
JZW_HQL_0520_C_W991-55_crop_01.jpg,bg_to_strip_inclusion,17,26,631,805,2,25,3,C
JZW_HQL_0520_C_W991-55_crop_01.jpg,bg_to_strip_inclusion,20,2,646,862,1,2,3,C
JZW_HQL_0520_C_W991-55_crop_01.jpg,bg_to_strip_inclusion,21,144,624,865,11,62,3,C
JZW_HQL_0520_C_W991-55_crop_01.jpg,bg_to_strip_inclusion,22,4,645,866,1,4,3,C
JZW_HQL_0520_C_W991-55_crop_01.jpg,bg_to_strip_inclusion,23,2,644,875,1,2,3,C
JZW_HQL_0520_C_W991-55_crop_01.jpg,bg_to_strip_inclusion,24,12,417,918,7,7,3,C
JZW_HQL_0520_C_W991-55_crop_01.jpg,bg_to_strip_inclusion,25,164,412,921,10,48,3,C
JZW_HQL_0520_C_W991-55_crop_02.jpg,bg_to_strip_inclusion,1,39,575,402,12,9,3,C
JZW_HQL_0520_C_W991-55_crop_02.jpg,bg_to_strip_inclusion,3,2,588,418,1,2,3,C
JZW_HQL_0520_C_W991-55_crop_02.jpg,bg_to_strip_inclusion,4,2,589,423,1,2,3,C
JZW_HQL_0520_C_W991-55_crop_02.jpg,bg_to_strip_inclusion,5,3,590,428,1,3,3,C
JZW_HQL_0520_C_W991-55_crop_02.jpg,bg_to_strip_inclusion,6,3,591,433,1,3,3,C
JZW_HQL_0520_C_W991-55_crop_02.jpg,bg_to_strip_inclusion,9,5,580,507,1,5,3,C
JZW_HQL_0520_C_W991-55_crop_02.jpg,bg_to_strip_inclusion,10,10,581,514,1,10,3,C
JZW_HQL_0520_C_W991-55_crop_02.jpg,bg_to_D,1,9,763,4,3,3,4,D
JZW_HQL_0520_C_W991-55_crop_03.jpg,bg_to_strip_inclusion,1,13,696,926,1,13,3,C
JZW_HQL_0520_C_W991-55_crop_03.jpg,bg_to_strip_inclusion,2,21,674,991,8,9,3,C
JZW_HQL_0520_C_W991-59_crop_00.jpg,bg_to_strip_inclusion,1,223,247,0,24,54,3,C
JZW_HQL_0520_C_W991-59_crop_00.jpg,bg_to_strip_inclusion,2,2,246,56,1,2,3,C
JZW_HQL_0520_C_W991-59_crop_00.jpg,bg_to_strip_inclusion,3,522,236,65,10,109,3,C
JZW_HQL_0520_C_W991-59_crop_00.jpg,bg_to_strip_inclusion,4,3,264,174,1,3,3,C
JZW_HQL_0520_C_W991-59_crop_00.jpg,bg_to_strip_inclusion,7,73,932,291,5,41,3,C
JZW_HQL_0520_C_W991-59_crop_00.jpg,bg_to_strip_inclusion,8,69,919,296,4,35,3,C
JZW_HQL_0520_C_W991-59_crop_00.jpg,bg_to_strip_inclusion,9,141,891,349,6,56,3,C
JZW_HQL_0520_C_W991-59_crop_00.jpg,bg_to_strip_inclusion,10,9,882,360,1,9,3,C
JZW_HQL_0520_C_W991-59_crop_00.jpg,bg_to_strip_inclusion,11,41,427,383,9,25,3,C
JZW_HQL_0520_C_W991-59_crop_00.jpg,bg_to_strip_inclusion,12,34,880,391,7,18,3,C
JZW_HQL_0520_C_W991-59_crop_00.jpg,bg_to_strip_inclusion,13,125,426,473,19,74,3,C
JZW_HQL_0520_C_W991-59_crop_00.jpg,bg_to_strip_inclusion,14,7,326,803,6,5,3,C
JZW_HQL_0520_C_W991-59_crop_00.jpg,bg_to_strip_inclusion,15,27,971,887,3,16,3,C
JZW_HQL_0520_C_W991-59_crop_00.jpg,bg_to_strip_inclusion,16,30,325,888,9,21,3,C
JZW_HQL_0520_C_W991-59_crop_02.jpg,bg_to_strip_inclusion,1,1104,895,15,34,69,2,B
JZW_HQL_0520_C_W991-59_crop_02.jpg,bg_to_strip_inclusion,2,8,927,133,1,8,2,B
JZW_HQL_0520_C_W991-59_crop_02.jpg,bg_to_strip_inclusion,3,3,787,537,1,3,2,B
JZW_HQL_0520_C_W991-59_crop_02.jpg,bg_to_strip_inclusion,4,25,759,549,2,25,2,B
JZW_HQL_0520_C_W991-59_crop_02.jpg,bg_to_strip_inclusion,5,6,788,548,1,6,2,B
JZW_HQL_0520_C_W991-59_crop_02.jpg,bg_to_strip_inclusion,7,4,789,628,1,4,2,B
JZW_HQL_0520_C_W991-59_crop_02.jpg,bg_to_strip_inclusion,8,605,780,655,13,112,2,B
JZW_HQL_0520_C_W991-59_crop_02.jpg,bg_to_strip_inclusion,9,117,748,669,5,58,2,B
JZW_HQL_0520_C_W991-59_crop_02.jpg,bg_to_strip_inclusion,10,785,773,769,9,207,2,B
JZW_HQL_0520_C_W991-59_crop_02.jpg,bg_to_strip_inclusion,11,5,993,782,3,3,3,C
JZW_HQL_0520_C_W991-59_crop_02.jpg,bg_to_strip_inclusion,12,168,990,802,12,20,3,C
JZW_HQL_0520_C_W991-59_crop_02.jpg,bg_to_strip_inclusion,17,4,754,942,1,4,2,B
JZW_HQL_0520_C_W991-59_crop_02.jpg,bg_to_strip_inclusion,18,97,755,950,2,57,2,B
JZW_HQL_0520_C_W991-59_crop_02.jpg,bg_to_strip_inclusion,19,28,776,989,4,19,2,B
JZW_HQL_0520_C_W991-59_crop_02.jpg,bg_to_strip_inclusion,20,137,757,1008,16,16,2,B
JZW_HQL_0520_C_W991-60_crop_02.jpg,bg_to_strip_inclusion,1,134,551,179,9,19,3,C
JZW_HQL_0520_C_W991-60_crop_02.jpg,bg_to_strip_inclusion,2,105,72,233,5,43,3,C
JZW_HQL_0520_C_W991-60_crop_02.jpg,bg_to_strip_inclusion,5,3,83,524,3,2,3,C
JZW_HQL_0520_C_W991-60_crop_02.jpg,bg_to_strip_inclusion,6,27,93,556,3,21,3,C
JZW_HQL_0520_C_W991-60_crop_02.jpg,bg_to_strip_inclusion,7,2,82,569,1,2,3,C
JZW_HQL_0520_C_W991-60_crop_02.jpg,bg_to_strip_inclusion,8,9,83,575,2,9,3,C
JZW_HQL_0520_C_W991-60_crop_02.jpg,bg_to_strip_inclusion,9,33,139,768,4,13,1,A
JZW_HQL_0520_C_W991-60_crop_02.jpg,bg_to_strip_inclusion,10,6,114,872,6,3,3,C
JZW_HQL_0520_C_W991-60_crop_02.jpg,bg_to_D,1,52,27,626,8,8,4,D
JZW_HQL_0520_C_W991-62_crop_01.jpg,bg_to_strip_inclusion,1,119,399,0,33,18,2,B
JZW_HQL_0520_C_W991-62_crop_01.jpg,bg_to_strip_inclusion,2,2255,458,0,45,240,2,B
JZW_HQL_0520_C_W991-62_crop_01.jpg,bg_to_strip_inclusion,4,12,450,140,2,9,2,B
JZW_HQL_0520_C_W991-62_crop_01.jpg,bg_to_strip_inclusion,6,257,441,202,9,98,3,C
JZW_HQL_0520_C_W991-62_crop_01.jpg,bg_to_strip_inclusion,7,129,470,329,4,52,3,C
JZW_HQL_0520_C_W991-62_crop_01.jpg,bg_to_strip_inclusion,8,6,107,650,1,6,3,C
JZW_HQL_0520_C_W991-62_crop_01.jpg,bg_to_strip_inclusion,9,15,107,672,1,15,3,C
JZW_HQL_0520_C_W991-62_crop_01.jpg,bg_to_strip_inclusion,10,7,861,983,5,4,3,C
JZW_HQL_0520_C_W991-62_crop_01.jpg,bg_to_strip_inclusion,11,11,856,984,4,9,3,C
JZW_HQL_0520_C_W991-62_crop_01.jpg,bg_to_strip_inclusion,12,4,866,1021,2,3,3,C
JZW_HQL_0520_C_W991-64_crop_01.jpg,bg_to_strip_inclusion,1,4,135,0,4,1,3,C
JZW_HQL_0520_C_W991-64_crop_01.jpg,bg_to_strip_inclusion,3,137,647,186,7,60,3,C
JZW_HQL_0520_C_W991-64_crop_01.jpg,bg_to_strip_inclusion,4,49,653,488,3,34,3,C
JZW_HQL_0520_C_W991-64_crop_01.jpg,bg_to_strip_inclusion,6,3,860,510,1,3,3,C
JZW_HQL_0520_C_W991-64_crop_01.jpg,bg_to_strip_inclusion,7,3,859,514,1,3,3,C
JZW_HQL_0520_C_W991-64_crop_01.jpg,bg_to_strip_inclusion,8,9,858,523,1,9,3,C
JZW_HQL_0520_C_W991-64_crop_01.jpg,bg_to_strip_inclusion,10,26,862,569,2,22,3,C
JZW_HQL_0520_C_W991-64_crop_01.jpg,bg_to_strip_inclusion,11,69,878,582,5,57,3,C
JZW_HQL_0520_C_W991-64_crop_01.jpg,bg_to_strip_inclusion,13,37,316,956,11,6,3,C
JZW_HQL_0520_C_W991-64_crop_01.jpg,bg_to_strip_inclusion,14,69,319,967,11,49,3,C
JZW_HQL_0520_C_W991-64_crop_01.jpg,bg_to_strip_inclusion,15,8,314,983,1,8,3,C
JZW_HQL_0520_C_W991-64_crop_01.jpg,bg_to_strip_inclusion,16,7,315,992,1,7,3,C
JZW_HQL_0520_C_W991-64_crop_01.jpg,bg_to_strip_inclusion,17,6,316,1000,1,6,3,C
JZW_HQL_0520_C_W991-64_crop_01.jpg,bg_to_strip_inclusion,18,2,317,1007,1,2,3,C
JZW_HQL_0520_C_W991-66_crop_02.jpg,bg_to_strip_inclusion,1,12,960,504,2,12,3,C
JZW_HQL_0520_C_W991-66_crop_02.jpg,bg_to_strip_inclusion,2,42,985,755,8,8,3,C
JZW_HQL_0520_C_W991-66_crop_02.jpg,bg_to_strip_inclusion,3,77,991,780,5,22,3,C
JZW_HQL_0520_C_W991-66_crop_02.jpg,bg_to_D,1,53,1003,582,8,8,4,D
JZW_HQL_0520_C_W991-67_crop_01.jpg,bg_to_strip_inclusion,1,7,868,220,1,7,3,C
JZW_HQL_0520_C_W991-67_crop_01.jpg,bg_to_strip_inclusion,2,5,869,242,1,5,3,C
JZW_HQL_0520_C_W991-67_crop_01.jpg,bg_to_strip_inclusion,3,18,870,249,4,17,3,C
JZW_HQL_0520_C_W991-67_crop_01.jpg,bg_to_strip_inclusion,4,7,882,260,4,7,3,C
JZW_HQL_0520_C_W991-67_crop_01.jpg,bg_to_strip_inclusion,5,28,953,359,1,28,3,C
JZW_HQL_0520_C_W991-67_crop_01.jpg,bg_to_strip_inclusion,6,43,43,560,17,5,2,B
JZW_HQL_0520_C_W991-67_crop_01.jpg,bg_to_strip_inclusion,7,5,61,564,3,5,2,B
JZW_HQL_0520_C_W991-67_crop_01.jpg,bg_to_strip_inclusion,9,577,43,703,14,127,3,C
JZW_HQL_0520_C_W991-67_crop_01.jpg,bg_to_strip_inclusion,11,78,802,732,6,33,3,C
JZW_HQL_0520_C_W991-67_crop_01.jpg,bg_to_strip_inclusion,12,175,791,746,17,54,3,C
JZW_HQL_0520_C_W991-67_crop_01.jpg,bg_to_strip_inclusion,14,4,809,785,1,4,3,C
JZW_HQL_0520_C_W991-67_crop_02.jpg,bg_to_strip_inclusion,1,34,849,259,6,17,2,B
JZW_HQL_0520_C_W991-67_crop_02.jpg,bg_to_strip_inclusion,2,2,855,277,1,2,2,B
JZW_HQL_0520_C_W991-67_crop_02.jpg,bg_to_strip_inclusion,3,587,857,302,12,121,2,B
JZW_HQL_0520_C_W991-67_crop_02.jpg,bg_to_strip_inclusion,4,308,836,305,7,107,2,B
JZW_HQL_0520_C_W991-67_crop_02.jpg,bg_to_strip_inclusion,5,36,555,371,1,36,2,B
JZW_HQL_0520_C_W991-67_crop_02.jpg,bg_to_strip_inclusion,6,2,869,425,1,2,2,B
JZW_HQL_0520_C_W991-67_crop_02.jpg,bg_to_strip_inclusion,7,2,872,443,1,2,2,B
JZW_HQL_0520_C_W991-67_crop_02.jpg,bg_to_strip_inclusion,8,667,873,446,14,148,2,B
JZW_HQL_0520_C_W991-67_crop_02.jpg,bg_to_strip_inclusion,9,2,507,449,1,2,2,B
JZW_HQL_0520_C_W991-67_crop_02.jpg,bg_to_strip_inclusion,10,763,494,452,13,223,2,B
JZW_HQL_0520_C_W991-67_crop_02.jpg,bg_to_strip_inclusion,11,92,555,479,3,59,2,B
JZW_HQL_0520_C_W991-67_crop_02.jpg,bg_to_strip_inclusion,12,673,542,539,28,188,2,B
JZW_HQL_0520_C_W991-67_crop_02.jpg,bg_to_strip_inclusion,13,1052,842,599,31,110,2,B
JZW_HQL_0520_C_W991-67_crop_02.jpg,bg_to_strip_inclusion,17,3,484,743,1,3,2,B
JZW_HQL_0520_C_W991-67_crop_02.jpg,bg_to_strip_inclusion,18,312,478,748,8,123,2,B
JZW_HQL_0520_C_W991-67_crop_02.jpg,bg_to_strip_inclusion,19,2,486,874,1,2,2,B
JZW_HQL_0520_C_W991-67_crop_02.jpg,bg_to_strip_inclusion,20,6,488,892,1,6,2,B
JZW_HQL_0520_C_W991-67_crop_02.jpg,bg_to_strip_inclusion,21,7,489,900,1,7,2,B
JZW_HQL_0520_C_W991-67_crop_02.jpg,bg_to_strip_inclusion,22,16,490,908,4,16,2,B
JZW_HQL_0520_C_W991-67_crop_02.jpg,bg_to_strip_inclusion,23,4,509,922,2,4,2,B
JZW_HQL_0520_C_W991-69_crop_00.jpg,bg_to_strip_inclusion,1,39,138,30,12,5,3,C
JZW_HQL_0520_C_W991-69_crop_00.jpg,bg_to_strip_inclusion,2,127,580,71,9,19,3,C
JZW_HQL_0520_C_W991-69_crop_00.jpg,bg_to_strip_inclusion,3,8,136,86,2,8,3,C
JZW_HQL_0520_C_W991-69_crop_00.jpg,bg_to_strip_inclusion,4,104,584,93,8,20,3,C
JZW_HQL_0520_C_W991-69_crop_00.jpg,bg_to_strip_inclusion,5,5,139,95,5,3,3,C
JZW_HQL_0520_C_W991-69_crop_00.jpg,bg_to_strip_inclusion,7,11,106,118,7,4,3,C
JZW_HQL_0520_C_W991-69_crop_00.jpg,bg_to_strip_inclusion,8,57,105,155,5,24,3,C
JZW_HQL_0520_C_W991-69_crop_00.jpg,bg_to_strip_inclusion,9,43,231,373,7,8,3,C
JZW_HQL_0520_C_W991-69_crop_00.jpg,bg_to_D,1,11,307,634,8,6,4,D
JZW_HQL_0520_C_W991-69_crop_00.jpg,bg_to_D,3,2,304,638,1,2,4,D
JZW_HQL_0520_C_W991-69_crop_00.jpg,bg_to_D,4,2,304,641,1,2,4,D
JZW_HQL_0520_C_W991-69_crop_00.jpg,bg_to_D,6,4,305,644,4,2,4,D
JZW_HQL_0520_C_W991-69_crop_00.jpg,bg_to_D,7,2,310,645,2,1,4,D
JZW_HQL_0520_C_W991-69_crop_01.jpg,bg_to_strip_inclusion,1,116,245,1,16,12,2,B
JZW_HQL_0520_C_W991-69_crop_01.jpg,bg_to_strip_inclusion,2,170,233,52,8,40,2,B
JZW_HQL_0520_C_W991-69_crop_01.jpg,bg_to_strip_inclusion,3,8,506,97,1,8,3,C
JZW_HQL_0520_C_W991-69_crop_01.jpg,bg_to_strip_inclusion,4,7,507,106,1,7,3,C
JZW_HQL_0520_C_W991-69_crop_01.jpg,bg_to_strip_inclusion,5,3,508,119,1,3,3,C
JZW_HQL_0520_C_W991-69_crop_01.jpg,bg_to_strip_inclusion,7,129,511,183,3,60,3,C
JZW_HQL_0520_C_W991-69_crop_01.jpg,bg_to_strip_inclusion,8,45,941,328,10,11,3,C
JZW_HQL_0520_C_W991-69_crop_01.jpg,bg_to_strip_inclusion,9,51,365,346,12,14,2,B
JZW_HQL_0520_C_W991-69_crop_01.jpg,bg_to_strip_inclusion,10,3,923,380,1,3,3,C
JZW_HQL_0520_C_W991-69_crop_01.jpg,bg_to_strip_inclusion,11,5,922,387,1,5,3,C
JZW_HQL_0520_C_W991-69_crop_01.jpg,bg_to_strip_inclusion,12,7,921,395,1,7,3,C
JZW_HQL_0520_C_W991-69_crop_01.jpg,bg_to_strip_inclusion,13,7,920,404,1,7,3,C
JZW_HQL_0520_C_W991-69_crop_01.jpg,bg_to_strip_inclusion,14,36,524,505,5,24,3,C
JZW_HQL_0520_C_W991-69_crop_01.jpg,bg_to_strip_inclusion,15,2,529,530,1,2,3,C
JZW_HQL_0520_C_W991-69_crop_01.jpg,bg_to_strip_inclusion,16,9,347,542,5,3,2,B
JZW_HQL_0520_C_W991-69_crop_01.jpg,bg_to_strip_inclusion,17,6,566,587,1,6,3,C
JZW_HQL_0520_C_W991-69_crop_03.jpg,bg_to_strip_inclusion,1,74,508,885,12,12,3,C
JZW_HQL_0520_C_W991-6_crop_01.jpg,bg_to_strip_inclusion,1,12,859,109,1,12,2,B
JZW_HQL_0520_C_W991-6_crop_01.jpg,bg_to_strip_inclusion,2,18,860,123,1,18,3,C
JZW_HQL_0520_C_W991-6_crop_01.jpg,bg_to_strip_inclusion,3,5,846,166,1,5,3,C
JZW_HQL_0520_C_W991-6_crop_01.jpg,bg_to_strip_inclusion,4,17,847,173,3,17,3,C
JZW_HQL_0520_C_W991-6_crop_01.jpg,bg_to_strip_inclusion,5,6,862,175,1,6,3,C
JZW_HQL_0520_C_W991-6_crop_01.jpg,bg_to_strip_inclusion,6,17,850,193,2,17,2,B
JZW_HQL_0520_C_W991-6_crop_01.jpg,bg_to_strip_inclusion,7,6,863,192,1,6,2,B
JZW_HQL_0520_C_W991-6_crop_01.jpg,bg_to_strip_inclusion,8,9,864,201,1,9,2,B
JZW_HQL_0520_C_W991-70_crop_00.jpg,bg_to_strip_inclusion,2,16,895,61,2,12,3,C
JZW_HQL_0520_C_W991-70_crop_00.jpg,bg_to_strip_inclusion,3,4,912,68,1,4,3,C
JZW_HQL_0520_C_W991-70_crop_00.jpg,bg_to_strip_inclusion,4,5,911,74,1,5,3,C
JZW_HQL_0520_C_W991-70_crop_00.jpg,bg_to_strip_inclusion,5,4,910,81,1,4,3,C
JZW_HQL_0520_C_W991-70_crop_00.jpg,bg_to_strip_inclusion,6,3,909,88,1,3,3,C
JZW_HQL_0520_C_W991-70_crop_00.jpg,bg_to_strip_inclusion,7,2,908,95,1,2,3,C
JZW_HQL_0520_C_W991-70_crop_00.jpg,bg_to_strip_inclusion,8,5,893,105,3,5,3,C
JZW_HQL_0520_C_W991-70_crop_00.jpg,bg_to_strip_inclusion,9,13,897,107,8,4,3,C
JZW_HQL_0520_C_W991-70_crop_00.jpg,bg_to_strip_inclusion,10,29,788,128,2,27,2,B
JZW_HQL_0520_C_W991-70_crop_00.jpg,bg_to_strip_inclusion,11,29,819,156,3,21,2,B
JZW_HQL_0520_C_W991-70_crop_00.jpg,bg_to_strip_inclusion,12,383,969,215,12,117,3,C
JZW_HQL_0520_C_W991-70_crop_00.jpg,bg_to_strip_inclusion,14,387,960,222,5,108,3,C
JZW_HQL_0520_C_W991-70_crop_00.jpg,bg_to_strip_inclusion,15,58,800,390,6,40,2,B
JZW_HQL_0520_C_W991-70_crop_00.jpg,bg_to_strip_inclusion,16,2,799,433,1,2,2,B
JZW_HQL_0520_C_W991-71_crop_03.jpg,bg_to_D,1,82,310,106,10,10,4,D
JZW_HQL_0520_C_W991-74_crop_00.jpg,bg_to_strip_inclusion,1,118,687,867,10,56,2,B
JZW_HQL_0520_C_W991-74_crop_00.jpg,bg_to_strip_inclusion,2,60,670,928,14,10,2,B
JZW_HQL_0520_C_W991-74_crop_00.jpg,bg_to_strip_inclusion,3,213,67,962,17,23,3,C
JZW_HQL_0520_C_W991-75_crop_00.jpg,bg_to_strip_inclusion,1,10,319,219,1,10,3,C
JZW_HQL_0520_C_W991-75_crop_00.jpg,bg_to_strip_inclusion,2,119,319,245,5,69,3,C
JZW_HQL_0520_C_W991-75_crop_00.jpg,bg_to_strip_inclusion,3,11,515,284,3,10,3,C
JZW_HQL_0520_C_W991-75_crop_00.jpg,bg_to_strip_inclusion,5,5,510,297,4,2,3,C
JZW_HQL_0520_C_W991-75_crop_00.jpg,bg_to_strip_inclusion,6,3,316,325,1,3,3,C
JZW_HQL_0520_C_W991-75_crop_00.jpg,bg_to_strip_inclusion,8,2,301,349,2,2,3,C
JZW_HQL_0520_C_W991-75_crop_00.jpg,bg_to_strip_inclusion,9,143,312,349,15,24,3,C
JZW_HQL_0520_C_W991-75_crop_00.jpg,bg_to_strip_inclusion,11,19,327,395,1,19,3,C
JZW_HQL_0520_C_W991-75_crop_00.jpg,bg_to_strip_inclusion,12,2,130,913,1,2,3,C
JZW_HQL_0520_C_W991-75_crop_01.jpg,bg_to_strip_inclusion,1,170,661,502,12,41,3,C
JZW_HQL_0520_C_W991-77_crop_02.jpg,bg_to_strip_inclusion,1,99,601,260,11,61,3,C
JZW_HQL_0520_C_W991-77_crop_02.jpg,bg_to_strip_inclusion,2,14,480,503,1,14,3,C
JZW_HQL_0520_C_W991-77_crop_02.jpg,bg_to_strip_inclusion,3,2,474,817,1,2,3,C
JZW_HQL_0520_C_W991-77_crop_02.jpg,bg_to_D,2,2,816,805,2,2,4,D
JZW_HQL_0520_C_W991-79_crop_00.jpg,bg_to_strip_inclusion,1,162,554,114,19,58,3,C
JZW_HQL_0520_C_W991-79_crop_00.jpg,bg_to_strip_inclusion,2,194,550,123,19,92,3,C
JZW_HQL_0520_C_W991-79_crop_00.jpg,bg_to_strip_inclusion,3,4,573,173,1,4,3,C
JZW_HQL_0520_C_W991-79_crop_00.jpg,bg_to_strip_inclusion,5,11,672,253,1,11,3,C
JZW_HQL_0520_C_W991-79_crop_00.jpg,bg_to_strip_inclusion,6,54,658,299,5,21,3,C
JZW_HQL_0520_C_W991-79_crop_00.jpg,bg_to_strip_inclusion,7,9,194,304,6,3,3,C
JZW_HQL_0520_C_W991-79_crop_00.jpg,bg_to_strip_inclusion,8,52,188,306,3,34,3,C
JZW_HQL_0520_C_W991-79_crop_00.jpg,bg_to_strip_inclusion,10,2,201,310,1,2,3,C
JZW_HQL_0520_C_W991-79_crop_00.jpg,bg_to_strip_inclusion,11,2,202,314,1,2,3,C
JZW_HQL_0520_C_W991-79_crop_00.jpg,bg_to_strip_inclusion,12,587,775,341,16,44,3,C
JZW_HQL_0520_C_W991-79_crop_00.jpg,bg_to_strip_inclusion,13,416,148,433,15,110,3,C
JZW_HQL_0520_C_W991-79_crop_00.jpg,bg_to_strip_inclusion,14,486,157,432,12,101,3,C
JZW_HQL_0520_C_W991-79_crop_00.jpg,bg_to_strip_inclusion,15,395,467,521,18,146,3,C
JZW_HQL_0520_C_W991-79_crop_00.jpg,bg_to_strip_inclusion,17,176,108,706,12,65,3,C
JZW_HQL_0520_C_W991-79_crop_00.jpg,bg_to_strip_inclusion,18,576,862,793,21,149,2,B
JZW_HQL_0520_C_W991-79_crop_00.jpg,bg_to_strip_inclusion,19,584,875,804,25,174,2,B
JZW_HQL_0520_C_W991-79_crop_02.jpg,bg_to_strip_inclusion,1,71,8,268,11,27,3,C
JZW_HQL_0520_C_W991-79_crop_02.jpg,bg_to_D,1,6,468,192,6,3,4,D
JZW_HQL_0520_C_W991-79_crop_02.jpg,bg_to_D,3,2,467,196,1,2,4,D
JZW_HQL_0520_C_W991-79_crop_02.jpg,bg_to_D,5,41,24,734,7,7,4,D
JZW_HQL_0520_C_W991-80_crop_01.jpg,bg_to_strip_inclusion,1,117,618,111,8,52,3,C
JZW_HQL_0520_C_W991-80_crop_01.jpg,bg_to_strip_inclusion,2,18,607,134,2,17,3,C
JZW_HQL_0520_C_W991-80_crop_01.jpg,bg_to_strip_inclusion,3,43,8,139,5,41,3,C
JZW_HQL_0520_C_W991-80_crop_01.jpg,bg_to_strip_inclusion,4,2,856,150,1,2,3,C
JZW_HQL_0520_C_W991-80_crop_01.jpg,bg_to_strip_inclusion,5,33,612,165,14,7,3,C
JZW_HQL_0520_C_W991-80_crop_01.jpg,bg_to_strip_inclusion,6,2,100,281,1,2,3,C
JZW_HQL_0520_C_W991-80_crop_01.jpg,bg_to_strip_inclusion,7,13,858,291,5,12,3,C
JZW_HQL_0520_C_W991-80_crop_01.jpg,bg_to_strip_inclusion,8,22,571,625,6,14,3,C
JZW_HQL_0520_C_W991-80_crop_01.jpg,bg_to_strip_inclusion,9,155,569,640,12,52,3,C
JZW_HQL_0520_C_W991-80_crop_01.jpg,bg_to_strip_inclusion,10,9,564,663,1,9,3,C
JZW_HQL_0520_C_W991-80_crop_01.jpg,bg_to_strip_inclusion,11,3,564,681,1,3,3,C
JZW_HQL_0520_C_W991-80_crop_01.jpg,bg_to_strip_inclusion,12,2,565,685,1,2,3,C
JZW_HQL_0520_C_W991-83_crop_00.jpg,bg_to_strip_inclusion,1,904,247,170,17,66,3,C
JZW_HQL_0520_C_W991-83_crop_00.jpg,bg_to_strip_inclusion,2,3,621,276,2,3,3,C
JZW_HQL_0520_C_W991-83_crop_00.jpg,bg_to_strip_inclusion,4,14,609,305,2,14,3,C
JZW_HQL_0520_C_W991-83_crop_00.jpg,bg_to_strip_inclusion,5,136,38,309,12,21,2,B
JZW_HQL_0520_C_W991-83_crop_00.jpg,bg_to_strip_inclusion,8,3,620,339,3,3,3,C
JZW_HQL_0520_C_W991-83_crop_00.jpg,bg_to_strip_inclusion,9,39,89,388,2,24,2,B
JZW_HQL_0520_C_W991-83_crop_00.jpg,bg_to_strip_inclusion,10,18,106,473,11,6,2,B
JZW_HQL_0520_C_W991-83_crop_00.jpg,bg_to_strip_inclusion,11,4,871,582,1,4,3,C
JZW_HQL_0520_C_W991-83_crop_00.jpg,bg_to_strip_inclusion,12,13,870,587,1,13,3,C
JZW_HQL_0520_C_W991-83_crop_00.jpg,bg_to_strip_inclusion,13,47,54,592,2,39,3,C
JZW_HQL_0520_C_W991-83_crop_00.jpg,bg_to_strip_inclusion,14,48,884,686,3,25,3,C
JZW_HQL_0520_C_W991-83_crop_02.jpg,bg_to_strip_inclusion,1,124,696,29,17,50,2,B
JZW_HQL_0520_C_W991-83_crop_02.jpg,bg_to_strip_inclusion,3,350,707,91,9,106,3,C
JZW_HQL_0520_C_W991-83_crop_02.jpg,bg_to_D,1,74,16,584,9,10,4,D
JZW_HQL_0520_C_W991-84_crop_00.jpg,bg_to_strip_inclusion,1,3,959,298,3,3,3,C
JZW_HQL_0520_C_W991-84_crop_00.jpg,bg_to_strip_inclusion,3,973,927,545,31,75,3,C
JZW_HQL_0520_C_W991-85_crop_00.jpg,bg_to_strip_inclusion,1,308,946,12,8,78,2,B
JZW_HQL_0520_C_W991-85_crop_00.jpg,bg_to_strip_inclusion,2,85,665,23,17,31,3,C
JZW_HQL_0520_C_W991-85_crop_00.jpg,bg_to_strip_inclusion,4,11,930,40,1,11,2,B
JZW_HQL_0520_C_W991-85_crop_00.jpg,bg_to_strip_inclusion,5,123,928,52,2,84,2,B
JZW_HQL_0520_C_W991-85_crop_00.jpg,bg_to_strip_inclusion,6,48,920,292,4,39,2,B
JZW_HQL_0520_C_W991-85_crop_00.jpg,bg_to_strip_inclusion,7,7,919,332,1,7,2,B
JZW_HQL_0520_C_W991-85_crop_00.jpg,bg_to_strip_inclusion,8,4,918,343,1,4,2,B
JZW_HQL_0520_C_W991-85_crop_00.jpg,bg_to_strip_inclusion,9,174,905,350,13,70,2,B
JZW_HQL_0520_C_W991-85_crop_00.jpg,bg_to_strip_inclusion,10,103,934,382,3,51,2,B
JZW_HQL_0520_C_W991-85_crop_00.jpg,bg_to_strip_inclusion,11,2,904,422,1,2,2,B
JZW_HQL_0520_C_W991-85_crop_00.jpg,bg_to_strip_inclusion,13,406,910,532,11,152,2,B
JZW_HQL_0520_C_W991-85_crop_00.jpg,bg_to_strip_inclusion,14,5,824,580,1,5,3,C
JZW_HQL_0520_C_W991-85_crop_00.jpg,bg_to_strip_inclusion,16,3,825,586,1,3,3,C
JZW_HQL_0520_C_W991-85_crop_00.jpg,bg_to_strip_inclusion,17,3,846,589,1,3,3,C
JZW_HQL_0520_C_W991-85_crop_00.jpg,bg_to_strip_inclusion,18,3,847,597,1,3,3,C
JZW_HQL_0520_C_W991-85_crop_00.jpg,bg_to_strip_inclusion,19,3,848,604,1,3,3,C
JZW_HQL_0520_C_W991-85_crop_00.jpg,bg_to_strip_inclusion,20,31,849,609,4,29,3,C
JZW_HQL_0520_C_W991-85_crop_00.jpg,bg_to_strip_inclusion,21,145,829,610,8,76,3,C
JZW_HQL_0520_C_W991-85_crop_00.jpg,bg_to_strip_inclusion,22,662,841,639,17,220,3,C
JZW_HQL_0520_C_W991-85_crop_00.jpg,bg_to_strip_inclusion,23,48,942,653,2,33,2,B
JZW_HQL_0520_C_W991-85_crop_00.jpg,bg_to_strip_inclusion,24,9,61,685,7,8,3,C
JZW_HQL_0520_C_W991-85_crop_00.jpg,bg_to_strip_inclusion,27,59,54,714,2,55,3,C
JZW_HQL_0520_C_W991-85_crop_00.jpg,bg_to_strip_inclusion,28,18,835,715,1,18,3,C
JZW_HQL_0520_C_W991-85_crop_00.jpg,bg_to_strip_inclusion,29,76,66,735,6,39,3,C
JZW_HQL_0520_C_W991-85_crop_00.jpg,bg_to_strip_inclusion,30,284,828,738,8,123,3,C
JZW_HQL_0520_C_W991-85_crop_00.jpg,bg_to_strip_inclusion,31,37,930,814,10,6,3,C
JZW_HQL_0520_C_W991-85_crop_00.jpg,bg_to_strip_inclusion,33,219,927,838,11,116,3,C
JZW_HQL_0520_C_W991-85_crop_00.jpg,bg_to_strip_inclusion,34,189,945,846,7,99,3,C
JZW_HQL_0520_C_W991-85_crop_00.jpg,bg_to_strip_inclusion,35,104,85,922,15,22,3,C
JZW_HQL_0520_C_W991-85_crop_00.jpg,bg_to_D,1,26,599,418,9,8,4,D
JZW_HQL_0520_C_W991-85_crop_01.jpg,bg_to_strip_inclusion,1,314,848,0,53,24,2,B
JZW_HQL_0520_C_W991-85_crop_01.jpg,bg_to_strip_inclusion,2,66,938,139,19,9,2,B
JZW_HQL_0520_C_W991-85_crop_01.jpg,bg_to_strip_inclusion,3,593,935,154,14,146,2,B
JZW_HQL_0520_C_W991-85_crop_01.jpg,bg_to_strip_inclusion,7,232,961,178,6,96,2,B
JZW_HQL_0520_C_W991-85_crop_01.jpg,bg_to_strip_inclusion,8,49,955,284,6,25,2,B
JZW_HQL_0520_C_W991-85_crop_01.jpg,bg_to_strip_inclusion,9,24,871,318,1,24,2,B
JZW_HQL_0520_C_W991-85_crop_01.jpg,bg_to_strip_inclusion,10,15,254,375,3,13,3,C
JZW_HQL_0520_C_W991-85_crop_01.jpg,bg_to_strip_inclusion,12,60,52,722,2,34,3,C
JZW_HQL_0520_C_W991-85_crop_01.jpg,bg_to_strip_inclusion,13,4,38,737,1,4,3,C
JZW_HQL_0520_C_W991-85_crop_01.jpg,bg_to_strip_inclusion,14,87,36,758,4,53,3,C
JZW_HQL_0520_C_W991-86_crop_02.jpg,bg_to_strip_inclusion,1,298,274,0,12,58,3,C
JZW_HQL_0520_C_W991-86_crop_02.jpg,bg_to_strip_inclusion,2,7,263,56,5,5,3,C
JZW_HQL_0520_C_W991-86_crop_02.jpg,bg_to_strip_inclusion,4,2,274,271,2,1,3,C
JZW_HQL_0520_C_W991-86_crop_02.jpg,bg_to_strip_inclusion,5,207,266,274,5,67,3,C
JZW_HQL_0520_C_W991-86_crop_02.jpg,bg_to_strip_inclusion,6,19,506,348,3,16,3,C
JZW_HQL_0520_C_W991-86_crop_02.jpg,bg_to_strip_inclusion,7,246,483,456,18,45,3,C
JZW_HQL_0520_C_W991-86_crop_02.jpg,bg_to_strip_inclusion,8,959,779,474,22,63,3,C
JZW_HQL_0520_C_W991-86_crop_02.jpg,bg_to_strip_inclusion,9,96,472,491,4,39,3,C
JZW_HQL_0520_C_W991-86_crop_02.jpg,bg_to_strip_inclusion,10,8,493,538,1,8,3,C
JZW_HQL_0520_C_W991-87_crop_02.jpg,bg_to_strip_inclusion,2,2,749,223,2,2,3,C
JZW_HQL_0520_C_W991-87_crop_02.jpg,bg_to_strip_inclusion,3,602,794,476,18,46,3,C
JZW_HQL_0520_C_W991-87_crop_02.jpg,bg_to_strip_inclusion,4,789,132,699,12,142,3,C
JZW_HQL_0520_C_W991-87_crop_02.jpg,bg_to_strip_inclusion,5,240,919,851,24,40,3,C
JZW_HQL_0520_C_W991-87_crop_02.jpg,bg_to_strip_inclusion,6,1267,919,886,40,129,2,B
JZW_HQL_0520_C_W991-87_crop_02.jpg,bg_to_strip_inclusion,7,80,113,998,24,26,3,C
JZW_HQL_0520_Q750-10_crop_02.jpg,bg_to_D,1,34,997,914,6,7,4,D
JZW_HQL_0520_Q750-10_crop_02.jpg,bg_to_D,2,15,285,972,5,4,4,D
JZW_HQL_0520_Q750-17_crop_00.jpg,bg_to_D,1,2,253,346,2,2,4,D
JZW_HQL_0520_Q750-18_crop_01.jpg,bg_to_strip_inclusion,1,13,910,26,9,5,1,A
JZW_HQL_0520_Q750-18_crop_01.jpg,bg_to_strip_inclusion,3,15,909,41,2,15,1,A
JZW_HQL_0520_Q750-18_crop_01.jpg,bg_to_strip_inclusion,4,8,917,41,2,8,1,A
JZW_HQL_0520_Q750-18_crop_01.jpg,bg_to_strip_inclusion,5,2,916,50,1,2,1,A
JZW_HQL_0520_Q750-19_crop_02.jpg,bg_to_D,2,2,1017,198,2,2,4,D
JZW_HQL_0520_Q750-23_crop_00.jpg,bg_to_D,1,37,902,956,7,7,4,D
JZW_HQL_0520_Q750-25_crop_01.jpg,bg_to_D,1,66,382,633,9,9,4,D
JZW_HQL_0520_Q750-2_crop_02.jpg,bg_to_D,1,7,61,685,4,7,4,D
JZW_HQL_0520_Q750-31_crop_00.jpg,bg_to_strip_inclusion,2,4,169,736,1,4,1,A
JZW_HQL_0520_Q750-31_crop_00.jpg,bg_to_strip_inclusion,3,10,188,897,4,8,1,A
JZW_HQL_0520_Q750-31_crop_00.jpg,bg_to_strip_inclusion,6,150,191,919,15,31,1,A
JZW_HQL_0520_Q750-31_crop_00.jpg,bg_to_strip_inclusion,7,2,195,944,1,2,1,A
JZW_HQL_0520_Q750-31_crop_00.jpg,bg_to_strip_inclusion,8,2,196,948,1,2,1,A
JZW_HQL_0520_Q750-31_crop_00.jpg,bg_to_strip_inclusion,10,2,197,952,1,2,1,A
JZW_HQL_0520_Q750-31_crop_00.jpg,bg_to_strip_inclusion,13,8,204,958,3,4,1,A
JZW_HQL_0520_Q750-31_crop_01.jpg,bg_to_D,1,2,99,968,1,2,4,D
JZW_HQL_0520_Q750-31_crop_01.jpg,bg_to_D,2,2,100,971,2,2,4,D
JZW_HQL_0520_Q750-32_crop_01.jpg,bg_to_strip_inclusion,1,127,812,655,6,28,2,B
JZW_HQL_0520_Q750-32_crop_01.jpg,bg_to_D,1,34,753,546,6,7,4,D
JZW_HQL_0520_Q750-32_crop_01.jpg,bg_to_D,2,32,748,773,6,6,4,D
JZW_HQL_0520_Q750-35_crop_00.jpg,bg_to_D,1,2,581,774,2,2,4,D
JZW_HQL_0520_Q750-35_crop_01.jpg,bg_to_D,1,35,485,81,7,7,4,D
JZW_HQL_0520_Q750-36_crop_00.jpg,bg_to_D,2,3,414,16,1,3,4,D
JZW_HQL_0520_Q750-36_crop_02.jpg,bg_to_D,1,2,172,906,1,2,4,D
JZW_HQL_0520_Q750-37_crop_00.jpg,bg_to_D,1,5,19,4,5,2,4,D
JZW_HQL_0520_Q750-37_crop_00.jpg,bg_to_D,2,2,17,11,2,2,4,D
JZW_HQL_0520_Q750-37_crop_00.jpg,bg_to_D,3,54,876,12,8,8,4,D
JZW_HQL_0520_Q750-37_crop_00.jpg,bg_to_D,4,52,442,865,8,8,4,D
JZW_HQL_0520_Q750-41_crop_00.jpg,bg_to_D,1,59,611,116,8,9,4,D
JZW_HQL_0520_Q750-44_crop_01.jpg,bg_to_strip_inclusion,3,5,670,931,4,2,1,A
JZW_HQL_0520_Q750-44_crop_01.jpg,bg_to_strip_inclusion,4,2,674,934,1,2,1,A
JZW_HQL_0520_Q750-44_crop_01.jpg,bg_to_strip_inclusion,5,2,675,938,1,2,1,A
JZW_HQL_0520_Q750-44_crop_01.jpg,bg_to_strip_inclusion,6,17,670,954,7,4,1,A
JZW_HQL_0520_Q750-45_crop_01.jpg,bg_to_strip_inclusion,1,11,446,47,5,5,2,B
JZW_HQL_0520_Q750-45_crop_01.jpg,bg_to_strip_inclusion,2,3,448,60,3,2,2,B
JZW_HQL_0520_Q750-45_crop_01.jpg,bg_to_strip_inclusion,3,15,789,60,4,12,1,A
JZW_HQL_0520_Q750-45_crop_01.jpg,bg_to_D,1,22,290,70,5,5,4,D
JZW_HQL_0520_Q750-45_crop_01.jpg,bg_to_D,3,5,64,876,4,3,4,D
JZW_HQL_0520_Q750-45_crop_01.jpg,bg_to_D,4,11,62,878,3,9,4,D
JZW_HQL_0520_Q750-45_crop_01.jpg,bg_to_D,7,3,65,955,3,3,4,D
JZW_HQL_0520_Q750-47_crop_01.jpg,bg_to_D,1,19,515,975,5,5,4,D
JZW_HQL_0520_Q750-48_crop_02.jpg,bg_to_strip_inclusion,1,8,75,714,4,3,1,A
JZW_HQL_0520_Q750-48_crop_02.jpg,bg_to_strip_inclusion,3,2,83,755,2,1,1,A
JZW_HQL_0520_Q750-48_crop_02.jpg,bg_to_strip_inclusion,4,5,852,832,4,3,1,A
JZW_HQL_0520_Q750-48_crop_02.jpg,bg_to_strip_inclusion,5,43,848,836,1,43,1,A
JZW_HQL_0520_Q750-48_crop_02.jpg,bg_to_strip_inclusion,6,48,857,840,3,44,1,A
JZW_HQL_0520_Q750-48_crop_02.jpg,bg_to_strip_inclusion,7,49,849,881,7,36,1,A
JZW_HQL_0520_Q750-48_crop_02.jpg,bg_to_D,1,27,398,702,6,6,4,D
JZW_HQL_0520_Q750-5_crop_00.jpg,bg_to_strip_inclusion,1,145,265,279,9,23,2,B
JZW_HQL_0520_Q750-5_crop_00.jpg,bg_to_strip_inclusion,2,6,942,947,1,6,1,A
JZW_HQL_0520_Q750-5_crop_00.jpg,bg_to_strip_inclusion,3,23,943,954,2,23,1,A
JZW_HQL_0520_Q750-5_crop_00.jpg,bg_to_strip_inclusion,4,2,942,1009,2,1,1,A
JZW_HQL_0520_Q750-7_crop_00.jpg,bg_to_strip_inclusion,3,2,240,655,1,2,1,A
JZW_HQL_0520_Q750-7_crop_00.jpg,bg_to_strip_inclusion,5,4,237,683,1,4,1,A
JZW_HQL_0520_Q750-7_crop_00.jpg,bg_to_strip_inclusion,6,4,238,688,1,4,1,A
JZW_HQL_0520_Q750-7_crop_00.jpg,bg_to_strip_inclusion,10,3,961,905,1,3,1,A
JZW_HQL_0520_Q750-7_crop_00.jpg,bg_to_strip_inclusion,11,10,960,913,1,10,1,A
JZW_HQL_0520_Q750-7_crop_00.jpg,bg_to_strip_inclusion,12,4,960,932,1,4,1,A
JZW_HQL_0520_Q750-7_crop_00.jpg,bg_to_strip_inclusion,13,5,961,937,1,5,1,A
JZW_HQL_0520_Q750-7_crop_00.jpg,bg_to_strip_inclusion,14,2,962,943,1,2,1,A
JZW_HQL_0520_Q750-7_crop_00.jpg,bg_to_strip_inclusion,15,4,969,942,1,4,1,A
JZW_HQL_0520_Q750-7_crop_00.jpg,bg_to_strip_inclusion,16,7,963,946,4,4,1,A
JZW_HQL_0520_Q750-7_crop_00.jpg,bg_to_D,1,72,93,923,10,9,4,D
JZW_HQL_0520_Q750-9_crop_00.jpg,bg_to_strip_inclusion,1,161,557,426,7,78,2,B
JZW_HQL_0520_Q750-9_crop_00.jpg,bg_to_strip_inclusion,2,402,564,551,11,149,2,B
JZW_HQL_0520_Q750-9_crop_00.jpg,bg_to_strip_inclusion,3,8,588,641,1,8,2,B
JZW_HQL_0520_Q750-9_crop_00.jpg,bg_to_strip_inclusion,4,6,589,651,1,6,2,B
JZW_HQL_0520_Q750-9_crop_00.jpg,bg_to_strip_inclusion,5,14,597,746,1,14,2,B
JZW_HQL_0520_Q750-9_crop_00.jpg,bg_to_strip_inclusion,6,2,596,764,1,2,2,B
JZW_HQL_0520_Q750-9_crop_00.jpg,bg_to_D,1,52,179,502,8,8,4,D
SZ0529_1-12_crop_02.jpg,bg_to_strip_inclusion,1,25,106,1009,3,10,1,A
SZ0529_1-14_crop_00.jpg,bg_to_D,4,3,60,832,2,3,4,D
SZ0529_1-14_crop_00.jpg,bg_to_D,6,13,53,836,8,5,4,D
SZ0529_1-27_crop_00.jpg,bg_to_strip_inclusion,1,18,190,115,3,17,1,A
SZ0529_1-28_crop_01.jpg,bg_to_strip_inclusion,1,2,794,321,2,2,1,A
SZ0529_1-28_crop_01.jpg,bg_to_strip_inclusion,4,16,795,332,2,14,1,A
SZ0529_1-28_crop_01.jpg,bg_to_strip_inclusion,7,7,797,353,1,7,1,A
SZ0529_1-28_crop_01.jpg,bg_to_strip_inclusion,8,2,798,363,2,2,1,A
SZ0529_1-3_crop_00.jpg,bg_to_strip_inclusion,1,25,732,4,5,9,1,A
SZ0529_1-3_crop_00.jpg,bg_to_strip_inclusion,2,21,731,34,3,14,1,A
SZ0529_1-6_crop_00.jpg,bg_to_strip_inclusion,1,77,355,398,5,20,1,A
SZ0529_1-8_crop_01.jpg,bg_to_strip_inclusion,1,8,772,786,2,5,1,A
SZ0529_1-8_crop_01.jpg,bg_to_strip_inclusion,3,2,769,792,1,2,1,A
SZ0529_1-8_crop_01.jpg,bg_to_strip_inclusion,5,9,775,805,3,7,1,A
SZ0529_2-12_crop_00.jpg,bg_to_strip_inclusion,1,2,941,903,2,1,1,A
SZ0529_2-12_crop_00.jpg,bg_to_strip_inclusion,2,54,939,904,8,36,1,A
SZ0529_2-12_crop_00.jpg,bg_to_D,1,58,483,485,9,8,4,D
SZ0529_2-14_crop_00.jpg,bg_to_strip_inclusion,1,195,566,975,10,43,1,A
SZ0529_2-15_crop_01.jpg,bg_to_strip_inclusion,1,26,937,95,4,10,1,A
SZ0529_2-15_crop_01.jpg,bg_to_strip_inclusion,2,151,892,98,7,34,1,A
SZ0529_2-16_crop_00.jpg,bg_to_D,1,50,592,963,8,8,4,D
SZ0529_2-24_crop_00.jpg,bg_to_strip_inclusion,1,4,509,140,1,4,1,A
SZ0529_2-24_crop_00.jpg,bg_to_strip_inclusion,2,6,513,155,1,6,1,A
SZ0529_2-24_crop_00.jpg,bg_to_strip_inclusion,3,4,509,172,1,4,1,A
SZ0529_2-24_crop_02.jpg,bg_to_strip_inclusion,1,3,619,776,1,3,1,A
SZ0529_2-24_crop_02.jpg,bg_to_strip_inclusion,2,6,620,780,2,6,1,A
SZ0529_2-4_crop_02.jpg,bg_to_strip_inclusion,1,92,424,867,6,20,1,A
SZ0529_2-7_crop_01.jpg,bg_to_strip_inclusion,1,116,227,817,8,24,1,A
SZ0529_3-13_crop_00.jpg,bg_to_strip_inclusion,1,19,297,418,4,7,1,A
SZ0529_3-13_crop_00.jpg,bg_to_strip_inclusion,3,4,297,428,1,4,1,A
SZ0529_3-13_crop_00.jpg,bg_to_strip_inclusion,4,16,298,433,2,15,1,A
SZ0529_4-12_crop_00.jpg,bg_to_strip_inclusion,1,15,354,0,5,11,1,A
SZ0529_4-12_crop_00.jpg,bg_to_strip_inclusion,2,3,361,16,1,3,1,A
SZ0529_4-12_crop_00.jpg,bg_to_strip_inclusion,3,3,362,20,1,3,1,A
SZ0529_4-12_crop_00.jpg,bg_to_strip_inclusion,4,2,363,24,1,2,1,A
SZ0529_4-12_crop_00.jpg,bg_to_strip_inclusion,5,2,364,27,1,2,1,A
SZ0529_4-12_crop_00.jpg,bg_to_strip_inclusion,6,2,365,30,1,2,1,A
SZ0529_4-12_crop_00.jpg,bg_to_strip_inclusion,7,2,366,35,1,2,1,A
SZ0529_4-12_crop_00.jpg,bg_to_strip_inclusion,11,23,369,789,3,11,1,A
SZ0529_4-16_crop_00.jpg,bg_to_strip_inclusion,1,74,379,845,5,19,1,A
SZ0529_4-16_crop_00.jpg,bg_to_strip_inclusion,2,4,338,862,1,4,1,A
SZ0529_4-16_crop_00.jpg,bg_to_strip_inclusion,3,4,339,868,1,4,1,A
SZ0529_4-16_crop_00.jpg,bg_to_strip_inclusion,4,50,341,887,5,17,1,A
SZ0529_4-16_crop_00.jpg,bg_to_strip_inclusion,5,151,341,897,9,57,1,A
SZ0529_4-16_crop_00.jpg,bg_to_strip_inclusion,7,2,348,955,2,2,1,A
SZ0529_4-23_crop_00.jpg,bg_to_strip_inclusion,4,3,75,908,1,3,1,A
SZ0529_4-23_crop_00.jpg,bg_to_strip_inclusion,5,47,75,913,3,40,1,A
SZ0529_4-23_crop_00.jpg,bg_to_strip_inclusion,6,2,74,956,1,2,1,A
SZ0529_4-23_crop_00.jpg,bg_to_strip_inclusion,8,2,79,963,1,2,1,A
SZ0529_4-23_crop_00.jpg,bg_to_strip_inclusion,9,5,74,970,1,5,1,A
SZ0529_4-23_crop_00.jpg,bg_to_strip_inclusion,10,3,79,972,1,3,1,A
SZ0529_4-23_crop_00.jpg,bg_to_strip_inclusion,11,2,80,979,1,2,1,A
SZ0529_4-23_crop_00.jpg,bg_to_strip_inclusion,13,2,76,990,2,2,1,A
SZ0529_4-23_crop_00.jpg,bg_to_strip_inclusion,14,2,79,990,2,2,1,A
SZ0529_4-24_crop_00.jpg,bg_to_D,2,2,10,111,1,2,4,D
SZ0529_4-3_crop_02.jpg,bg_to_strip_inclusion,1,7,348,937,5,3,1,A
SZ0529_4-3_crop_02.jpg,bg_to_strip_inclusion,2,2,357,947,1,2,1,A
SZ0529_4-3_crop_02.jpg,bg_to_strip_inclusion,3,14,349,948,3,7,1,A
SZ0529_4-3_crop_02.jpg,bg_to_strip_inclusion,4,2,357,956,1,2,1,A
XQL_1-98_crop_00.jpg,bg_to_strip_inclusion,1,100,1020,232,4,29,1,A
tin436_01-06_crop_00.jpg,bg_to_strip_inclusion,1,58,496,73,7,16,1,A
tin436_01-06_crop_00.jpg,bg_to_strip_inclusion,2,2,129,90,1,2,5,TINB/TINC
tin436_01-06_crop_00.jpg,bg_to_strip_inclusion,3,23,117,112,3,12,5,TINB/TINC
tin436_01-06_crop_00.jpg,bg_to_strip_inclusion,4,2,38,118,2,1,1,A
tin436_01-06_crop_00.jpg,bg_to_strip_inclusion,5,2,37,120,1,2,1,A
tin436_01-06_crop_00.jpg,bg_to_strip_inclusion,7,2,36,124,1,2,1,A
tin436_01-06_crop_00.jpg,bg_to_strip_inclusion,8,6,41,125,1,6,1,A
tin436_01-06_crop_00.jpg,bg_to_strip_inclusion,9,2,132,125,1,2,5,TINB/TINC
tin436_01-06_crop_00.jpg,bg_to_strip_inclusion,10,2,131,131,1,2,5,TINB/TINC
tin436_01-06_crop_00.jpg,bg_to_strip_inclusion,12,5,127,154,1,5,5,TINB/TINC
tin436_01-06_crop_00.jpg,bg_to_strip_inclusion,13,3,975,167,1,3,1,A
tin436_01-06_crop_00.jpg,bg_to_strip_inclusion,15,2,971,265,2,2,1,A
tin436_01-06_crop_00.jpg,bg_to_strip_inclusion,16,3,973,268,1,3,1,A
tin436_01-06_crop_00.jpg,bg_to_strip_inclusion,17,3,974,274,1,3,1,A
tin436_01-06_crop_00.jpg,bg_to_strip_inclusion,21,2,122,340,1,2,6,TIND
tin436_01-06_crop_00.jpg,bg_to_strip_inclusion,22,8,117,343,2,7,6,TIND
tin436_01-06_crop_00.jpg,bg_to_strip_inclusion,23,5,123,343,1,5,6,TIND
tin436_01-06_crop_00.jpg,bg_to_strip_inclusion,24,13,116,368,5,6,6,TIND
tin436_01-06_crop_00.jpg,bg_to_strip_inclusion,25,6,127,369,1,6,6,TIND
tin436_01-06_crop_00.jpg,bg_to_strip_inclusion,26,3,921,382,2,3,1,A
tin436_01-06_crop_00.jpg,bg_to_strip_inclusion,28,24,622,999,3,9,1,A
tin436_01-06_crop_01.jpg,bg_to_strip_inclusion,3,5,885,64,1,5,6,TIND
tin436_01-06_crop_01.jpg,bg_to_strip_inclusion,4,2,100,69,1,2,1,A
tin436_01-06_crop_01.jpg,bg_to_strip_inclusion,6,10,491,88,1,10,1,A
tin436_01-06_crop_01.jpg,bg_to_strip_inclusion,7,6,93,96,1,6,1,A
tin436_01-06_crop_01.jpg,bg_to_strip_inclusion,8,14,490,105,1,14,1,A
tin436_01-06_crop_01.jpg,bg_to_strip_inclusion,9,6,491,125,1,6,1,A
tin436_01-06_crop_01.jpg,bg_to_strip_inclusion,10,4,492,138,1,4,1,A
tin436_01-06_crop_01.jpg,bg_to_strip_inclusion,11,8,485,159,1,8,1,A
tin436_01-06_crop_01.jpg,bg_to_strip_inclusion,13,5,97,454,4,2,1,A
tin436_01-06_crop_01.jpg,bg_to_strip_inclusion,15,21,622,967,5,17,6,TIND
tin436_01-06_crop_01.jpg,bg_to_strip_inclusion,16,4,613,981,1,4,6,TIND
tin436_01-06_crop_01.jpg,bg_to_strip_inclusion,18,2,190,1003,1,2,1,A
tin436_01-08_crop_03.jpg,bg_to_strip_inclusion,1,3,364,935,3,3,1,A
tin436_01-08_crop_03.jpg,bg_to_strip_inclusion,2,11,361,973,1,11,1,A
tin436_02-04_crop_01.jpg,bg_to_strip_inclusion,1,2,684,77,1,2,1,A
tin436_02-04_crop_01.jpg,bg_to_strip_inclusion,2,2,685,82,1,2,1,A
tin436_02-04_crop_01.jpg,bg_to_strip_inclusion,3,25,698,201,2,15,1,A
tin436_02-04_crop_01.jpg,bg_to_strip_inclusion,4,2,704,225,1,2,1,A
tin436_02-04_crop_01.jpg,bg_to_strip_inclusion,5,4,699,228,1,4,1,A
tin436_02-04_crop_01.jpg,bg_to_strip_inclusion,7,13,301,395,2,9,6,TIND
tin436_02-04_crop_01.jpg,bg_to_strip_inclusion,8,4,312,395,1,4,6,TIND
tin436_02-04_crop_01.jpg,bg_to_strip_inclusion,9,3,937,457,1,3,6,TIND
tin436_02-04_crop_01.jpg,bg_to_strip_inclusion,10,11,171,463,4,4,1,A
tin436_02-04_crop_01.jpg,bg_to_strip_inclusion,11,4,938,462,3,4,6,TIND
tin436_02-04_crop_01.jpg,bg_to_strip_inclusion,12,2,947,463,1,2,6,TIND
tin436_02-04_crop_01.jpg,bg_to_strip_inclusion,13,55,171,477,6,36,1,A
tin436_02-04_crop_01.jpg,bg_to_strip_inclusion,14,10,139,528,2,6,6,TIND
tin436_02-04_crop_01.jpg,bg_to_strip_inclusion,15,2,133,534,2,1,6,TIND
tin436_02-04_crop_01.jpg,bg_to_strip_inclusion,16,6,435,723,3,5,1,A
tin436_02-04_crop_01.jpg,bg_to_strip_inclusion,17,5,393,1006,1,5,1,A
tin436_02-06_crop_02.jpg,bg_to_strip_inclusion,1,3,19,1021,2,3,1,A
tin436_02-09_crop_00.jpg,bg_to_strip_inclusion,1,14,241,36,3,13,1,A
tin436_02-09_crop_00.jpg,bg_to_strip_inclusion,2,3,244,53,1,3,1,A
tin436_02-09_crop_00.jpg,bg_to_strip_inclusion,3,5,245,62,1,5,1,A
tin436_02-09_crop_00.jpg,bg_to_strip_inclusion,4,2,245,75,1,2,1,A
tin436_02-09_crop_00.jpg,bg_to_strip_inclusion,5,34,972,125,6,7,6,TIND
tin436_02-09_crop_00.jpg,bg_to_strip_inclusion,6,14,991,453,1,14,1,A
tin436_02-09_crop_00.jpg,bg_to_strip_inclusion,7,2,995,452,1,2,1,A
tin436_02-09_crop_00.jpg,bg_to_strip_inclusion,8,5,996,455,1,5,1,A
tin436_02-09_crop_00.jpg,bg_to_strip_inclusion,9,13,690,456,1,13,1,A
tin436_02-09_crop_00.jpg,bg_to_strip_inclusion,10,4,997,462,1,4,1,A
tin436_02-09_crop_00.jpg,bg_to_strip_inclusion,12,9,685,477,5,3,1,A
tin436_02-09_crop_00.jpg,bg_to_strip_inclusion,13,2,73,480,1,2,1,A
tin436_02-09_crop_00.jpg,bg_to_strip_inclusion,14,11,997,481,1,11,1,A
tin436_02-09_crop_00.jpg,bg_to_strip_inclusion,15,4,72,485,1,4,1,A
tin436_02-09_crop_00.jpg,bg_to_strip_inclusion,16,4,71,491,1,4,1,A
tin436_02-09_crop_00.jpg,bg_to_strip_inclusion,18,4,70,497,1,4,1,A
tin436_02-09_crop_00.jpg,bg_to_strip_inclusion,20,3,69,505,1,3,1,A
tin436_02-09_crop_00.jpg,bg_to_strip_inclusion,21,17,684,509,5,8,1,A
tin436_02-09_crop_00.jpg,bg_to_strip_inclusion,22,21,64,510,5,19,1,A
tin436_02-09_crop_00.jpg,bg_to_strip_inclusion,23,4,689,519,1,4,1,A
tin436_02-09_crop_00.jpg,bg_to_strip_inclusion,24,5,683,524,1,5,1,A
tin436_02-09_crop_00.jpg,bg_to_strip_inclusion,25,2,63,530,1,2,1,A
tin436_02-09_crop_00.jpg,bg_to_strip_inclusion,26,2,684,531,1,2,1,A
tin436_02-09_crop_00.jpg,bg_to_strip_inclusion,27,54,688,538,5,16,1,A
tin436_02-09_crop_00.jpg,bg_to_strip_inclusion,29,22,486,605,14,4,6,TIND
tin436_02-09_crop_00.jpg,bg_to_strip_inclusion,31,3,499,614,3,2,6,TIND
tin436_02-09_crop_00.jpg,bg_to_strip_inclusion,32,2,496,616,2,1,6,TIND
tin436_02-09_crop_00.jpg,bg_to_strip_inclusion,33,31,75,633,8,8,5,TINB/TINC
tin436_02-09_crop_00.jpg,bg_to_strip_inclusion,34,24,69,634,4,10,6,TIND
tin436_02-09_crop_00.jpg,bg_to_strip_inclusion,35,66,85,666,5,26,5,TINB/TINC
tin436_02-09_crop_00.jpg,bg_to_strip_inclusion,36,25,76,668,4,12,6,TIND
tin436_02-09_crop_00.jpg,bg_to_strip_inclusion,37,11,96,694,1,11,1,A
tin436_02-09_crop_00.jpg,bg_to_strip_inclusion,38,31,97,719,2,25,1,A
tin436_02-09_crop_00.jpg,bg_to_strip_inclusion,40,9,601,741,1,9,1,A
tin436_02-09_crop_00.jpg,bg_to_strip_inclusion,41,2,602,753,1,2,1,A
tin436_02-09_crop_00.jpg,bg_to_strip_inclusion,42,25,98,758,4,23,1,A
tin436_02-09_crop_00.jpg,bg_to_strip_inclusion,43,11,102,784,1,11,1,A
tin436_02-09_crop_00.jpg,bg_to_strip_inclusion,45,15,98,887,7,9,6,TIND
tin436_02-09_crop_00.jpg,bg_to_strip_inclusion,47,9,89,891,2,7,6,TIND
tin436_02-09_crop_00.jpg,bg_to_strip_inclusion,49,4,685,965,3,4,6,TIND
tin436_03-03_crop_01.jpg,bg_to_strip_inclusion,1,11,884,0,2,10,6,TIND
tin436_03-03_crop_01.jpg,bg_to_strip_inclusion,2,61,638,241,12,31,5,TINB/TINC
tin436_03-03_crop_01.jpg,bg_to_strip_inclusion,3,3,880,240,2,2,1,A
tin436_03-03_crop_01.jpg,bg_to_strip_inclusion,5,2,647,250,1,2,5,TINB/TINC
tin436_03-03_crop_01.jpg,bg_to_strip_inclusion,6,3,646,253,1,3,5,TINB/TINC
tin436_03-03_crop_01.jpg,bg_to_strip_inclusion,7,43,643,259,4,24,5,TINB/TINC
tin436_03-03_crop_01.jpg,bg_to_strip_inclusion,8,9,885,258,1,9,1,A
tin436_03-03_crop_01.jpg,bg_to_strip_inclusion,11,12,636,285,7,7,5,TINB/TINC
tin436_03-03_crop_01.jpg,bg_to_strip_inclusion,12,19,593,337,2,16,1,A
tin436_03-03_crop_01.jpg,bg_to_strip_inclusion,13,16,936,773,1,16,1,A
tin436_03-03_crop_01.jpg,bg_to_strip_inclusion,14,3,943,802,1,3,1,A
tin436_03-03_crop_01.jpg,bg_to_strip_inclusion,15,11,939,808,2,9,1,A
tin436_03-03_crop_01.jpg,bg_to_strip_inclusion,16,4,944,809,1,4,1,A
tin436_03-03_crop_01.jpg,bg_to_strip_inclusion,17,4,945,816,1,4,1,A
tin436_03-03_crop_01.jpg,bg_to_strip_inclusion,19,2,943,851,1,2,1,A
tin436_03-03_crop_01.jpg,bg_to_strip_inclusion,21,8,944,857,1,8,1,A
tin436_03-03_crop_01.jpg,bg_to_strip_inclusion,22,27,949,859,2,27,1,A
tin436_03-03_crop_01.jpg,bg_to_strip_inclusion,23,10,949,893,1,10,1,A
tin436_03-03_crop_01.jpg,bg_to_strip_inclusion,24,4,948,907,1,4,1,A
tin436_03-06_crop_00.jpg,bg_to_strip_inclusion,1,7,738,33,1,7,6,TIND
tin436_03-06_crop_00.jpg,bg_to_strip_inclusion,2,2,985,172,1,2,1,A
tin436_03-06_crop_00.jpg,bg_to_strip_inclusion,3,3,732,179,3,2,1,A
tin436_03-06_crop_00.jpg,bg_to_strip_inclusion,4,3,736,182,1,3,1,A
tin436_03-06_crop_00.jpg,bg_to_strip_inclusion,5,42,983,190,2,35,1,A
tin436_03-06_crop_00.jpg,bg_to_strip_inclusion,6,2,737,193,1,2,1,A
tin436_03-06_crop_00.jpg,bg_to_strip_inclusion,7,4,732,196,1,4,1,A
tin436_03-06_crop_00.jpg,bg_to_strip_inclusion,8,3,738,201,1,3,1,A
tin436_03-06_crop_00.jpg,bg_to_strip_inclusion,9,4,739,207,1,4,1,A
tin436_03-06_crop_00.jpg,bg_to_strip_inclusion,10,5,740,214,1,5,1,A
tin436_03-06_crop_00.jpg,bg_to_strip_inclusion,11,4,741,222,1,4,1,A
tin436_03-06_crop_00.jpg,bg_to_strip_inclusion,12,35,742,228,4,27,1,A
tin436_03-06_crop_00.jpg,bg_to_strip_inclusion,13,5,746,256,1,5,1,A
tin436_03-06_crop_00.jpg,bg_to_strip_inclusion,14,2,747,264,1,2,1,A
tin436_03-06_crop_00.jpg,bg_to_strip_inclusion,16,16,743,274,5,8,1,A
tin436_03-06_crop_00.jpg,bg_to_strip_inclusion,17,31,219,339,5,12,1,A
tin436_03-06_crop_00.jpg,bg_to_strip_inclusion,18,31,219,355,4,27,1,A
tin436_03-06_crop_00.jpg,bg_to_strip_inclusion,19,44,56,370,10,10,6,TIND
tin436_03-06_crop_00.jpg,bg_to_strip_inclusion,20,3,8,386,2,3,1,A
tin436_03-06_crop_00.jpg,bg_to_strip_inclusion,21,2,11,387,1,2,1,A
tin436_03-06_crop_00.jpg,bg_to_strip_inclusion,22,9,7,391,1,9,1,A
tin436_03-06_crop_00.jpg,bg_to_strip_inclusion,26,16,6,535,5,7,6,TIND
tin436_03-06_crop_00.jpg,bg_to_strip_inclusion,27,6,661,548,3,5,2,B
tin436_03-06_crop_00.jpg,bg_to_strip_inclusion,28,30,657,553,2,22,2,B
tin436_03-06_crop_00.jpg,bg_to_strip_inclusion,29,5,664,554,1,5,2,B
tin436_03-06_crop_00.jpg,bg_to_strip_inclusion,30,78,6,562,8,22,5,TINB/TINC
tin436_03-06_crop_00.jpg,bg_to_strip_inclusion,31,6,665,566,1,6,2,B
tin436_03-06_crop_00.jpg,bg_to_strip_inclusion,32,7,13,576,1,7,5,TINB/TINC
tin436_03-06_crop_00.jpg,bg_to_strip_inclusion,33,23,7,586,11,17,5,TINB/TINC
tin436_03-06_crop_00.jpg,bg_to_strip_inclusion,34,22,18,594,7,10,5,TINB/TINC
tin436_03-06_crop_00.jpg,bg_to_strip_inclusion,35,30,10,792,6,12,6,TIND
tin436_03-06_crop_00.jpg,bg_to_strip_inclusion,36,2,11,805,2,2,6,TIND
tin436_03-06_crop_00.jpg,bg_to_strip_inclusion,37,2,253,895,1,2,1,A
tin436_03-06_crop_00.jpg,bg_to_strip_inclusion,38,7,253,905,1,7,1,A
tin436_03-06_crop_00.jpg,bg_to_strip_inclusion,39,6,732,906,4,3,1,A
tin436_03-06_crop_00.jpg,bg_to_strip_inclusion,40,3,254,914,1,3,1,A
tin436_03-06_crop_00.jpg,bg_to_strip_inclusion,41,17,732,917,3,13,1,A
tin436_04-06_crop_01.jpg,bg_to_strip_inclusion,1,344,451,0,10,59,1,A
tin436_04-06_crop_01.jpg,bg_to_strip_inclusion,2,4,578,155,1,4,1,A
tin436_04-06_crop_01.jpg,bg_to_strip_inclusion,3,9,577,165,1,9,1,A
tin436_04-06_crop_01.jpg,bg_to_strip_inclusion,4,31,580,182,5,16,1,A
tin436_04-06_crop_01.jpg,bg_to_strip_inclusion,5,10,529,278,2,6,1,A
tin436_04-06_crop_01.jpg,bg_to_strip_inclusion,6,19,719,332,1,19,1,A
tin436_04-06_crop_01.jpg,bg_to_strip_inclusion,7,55,715,377,6,18,1,A
tin436_04-06_crop_01.jpg,bg_to_strip_inclusion,8,21,709,411,1,21,1,A
tin436_04-06_crop_01.jpg,bg_to_strip_inclusion,9,11,925,978,2,8,6,TIND
tin436_04-06_crop_01.jpg,bg_to_strip_inclusion,10,4,940,979,3,4,6,TIND
tin436_04-06_crop_01.jpg,bg_to_strip_inclusion,12,4,931,989,4,1,6,TIND
tin436_05-04_crop_00.jpg,bg_to_strip_inclusion,1,16,264,67,1,16,1,A
tin436_05-04_crop_00.jpg,bg_to_strip_inclusion,2,26,263,91,2,26,1,A
tin436_05-04_crop_00.jpg,bg_to_strip_inclusion,3,2,958,199,2,1,1,A
tin436_05-04_crop_00.jpg,bg_to_strip_inclusion,4,2,962,204,1,2,1,A
tin436_05-04_crop_00.jpg,bg_to_strip_inclusion,5,4,957,209,1,4,1,A
tin436_05-04_crop_00.jpg,bg_to_strip_inclusion,6,4,958,225,1,4,1,A
tin436_05-04_crop_00.jpg,bg_to_strip_inclusion,7,3,964,231,1,3,1,A
tin436_05-04_crop_00.jpg,bg_to_strip_inclusion,8,5,965,238,1,5,1,A
tin436_05-04_crop_00.jpg,bg_to_strip_inclusion,9,3,966,246,1,3,1,A
tin436_05-04_crop_00.jpg,bg_to_strip_inclusion,10,3,967,252,1,3,1,A
tin436_05-04_crop_00.jpg,bg_to_strip_inclusion,11,3,968,258,1,3,1,A
tin436_05-04_crop_00.jpg,bg_to_strip_inclusion,12,4,969,263,1,4,1,A
tin436_05-04_crop_00.jpg,bg_to_strip_inclusion,13,5,970,270,1,5,1,A
tin436_05-04_crop_00.jpg,bg_to_strip_inclusion,14,6,971,280,1,6,1,A
tin436_05-04_crop_00.jpg,bg_to_strip_inclusion,15,9,545,296,3,5,1,A
tin436_05-04_crop_00.jpg,bg_to_strip_inclusion,16,2,972,296,1,2,1,A
tin436_05-04_crop_00.jpg,bg_to_strip_inclusion,17,25,543,302,1,25,1,A
tin436_05-04_crop_00.jpg,bg_to_strip_inclusion,18,20,544,328,1,20,1,A
tin436_05-04_crop_00.jpg,bg_to_strip_inclusion,19,8,967,352,1,8,1,A
tin436_05-04_crop_00.jpg,bg_to_strip_inclusion,20,3,547,379,1,3,1,A
tin436_05-04_crop_00.jpg,bg_to_strip_inclusion,21,149,41,381,6,27,1,A
tin436_05-04_crop_00.jpg,bg_to_strip_inclusion,22,8,553,384,1,8,1,A
tin436_05-04_crop_00.jpg,bg_to_strip_inclusion,23,5,548,387,1,5,1,A
tin436_05-04_crop_00.jpg,bg_to_strip_inclusion,24,3,549,395,1,3,1,A
tin436_05-04_crop_00.jpg,bg_to_strip_inclusion,25,8,972,402,4,3,1,A
tin436_05-04_crop_00.jpg,bg_to_strip_inclusion,26,14,977,417,1,14,1,A
tin436_05-04_crop_00.jpg,bg_to_strip_inclusion,27,4,972,432,1,4,1,A
tin436_05-04_crop_00.jpg,bg_to_strip_inclusion,28,9,978,433,1,9,1,A
tin436_05-04_crop_00.jpg,bg_to_strip_inclusion,29,11,973,444,1,11,1,A
tin436_05-04_crop_00.jpg,bg_to_strip_inclusion,30,3,979,450,1,3,1,A
tin436_05-04_crop_00.jpg,bg_to_strip_inclusion,31,12,974,457,1,12,1,A
tin436_05-04_crop_00.jpg,bg_to_strip_inclusion,32,10,975,472,1,10,1,A
tin436_05-04_crop_00.jpg,bg_to_strip_inclusion,33,3,976,487,1,3,1,A
tin436_05-04_crop_00.jpg,bg_to_strip_inclusion,34,10,1007,746,2,8,6,TIND
tin436_05-04_crop_00.jpg,bg_to_strip_inclusion,35,2,1014,753,1,2,6,TIND
tin436_05-04_crop_00.jpg,bg_to_strip_inclusion,38,72,80,891,12,12,6,TIND
tin436_05-04_crop_00.jpg,bg_to_strip_inclusion,39,61,95,913,6,14,1,A
tin436_05-04_crop_01.jpg,bg_to_strip_inclusion,1,2,668,368,2,2,6,TIND
tin_0731_01-04_crop_00.jpg,bg_to_strip_inclusion,1,82,6,120,6,41,5,TINB/TINC
tin_0731_01-04_crop_00.jpg,bg_to_strip_inclusion,4,17,25,184,2,14,5,TINB/TINC
tin_0731_01-04_crop_00.jpg,bg_to_strip_inclusion,6,6,39,504,6,1,6,TIND
tin_0731_01-04_crop_00.jpg,bg_to_strip_inclusion,7,19,33,506,4,11,6,TIND
tin_0731_01-04_crop_00.jpg,bg_to_strip_inclusion,8,31,48,507,13,13,6,TIND
tin_0731_01-04_crop_00.jpg,bg_to_strip_inclusion,9,40,40,523,23,13,6,TIND
tin_0731_01-04_crop_00.jpg,bg_to_strip_inclusion,11,2,31,537,2,1,6,TIND
tin_0731_01-04_crop_00.jpg,bg_to_strip_inclusion,12,2,37,700,2,1,6,TIND
tin_0731_01-04_crop_00.jpg,bg_to_strip_inclusion,13,2,35,702,1,2,6,TIND
tin_0731_01-04_crop_00.jpg,bg_to_strip_inclusion,14,5,34,705,1,5,6,TIND
tin_0731_01-04_crop_00.jpg,bg_to_strip_inclusion,16,4,33,712,1,4,6,TIND
tin_0731_01-10_crop_00.jpg,bg_to_strip_inclusion,1,3,18,122,1,3,6,TIND
tin_0731_01-10_crop_00.jpg,bg_to_strip_inclusion,3,35,1002,449,6,15,5,TINB/TINC
tin_0731_01-10_crop_00.jpg,bg_to_strip_inclusion,4,3,998,450,3,3,5,TINB/TINC
tin_0731_01-10_crop_00.jpg,bg_to_strip_inclusion,5,60,973,455,12,14,5,TINB/TINC
tin_0731_01-10_crop_00.jpg,bg_to_strip_inclusion,8,201,981,458,21,31,5,TINB/TINC
tin_0731_01-10_crop_00.jpg,bg_to_strip_inclusion,10,8,971,466,5,4,5,TINB/TINC
tin_0731_01-10_crop_00.jpg,bg_to_strip_inclusion,11,7,1005,475,2,6,5,TINB/TINC
tin_0731_01-10_crop_00.jpg,bg_to_strip_inclusion,12,46,975,483,3,23,5,TINB/TINC
tin_0731_01-10_crop_00.jpg,bg_to_strip_inclusion,13,114,981,505,6,37,5,TINB/TINC
tin_0731_01-10_crop_00.jpg,bg_to_strip_inclusion,14,31,985,553,3,16,5,TINB/TINC
tin_0731_01-10_crop_00.jpg,bg_to_strip_inclusion,15,11,975,560,3,9,5,TINB/TINC
tin_0731_01-10_crop_00.jpg,bg_to_strip_inclusion,16,16,375,569,12,4,6,TIND
tin_0731_01-10_crop_00.jpg,bg_to_strip_inclusion,17,12,389,579,3,6,6,TIND
tin_0731_01-10_crop_00.jpg,bg_to_strip_inclusion,18,2,972,578,1,2,5,TINB/TINC
tin_0731_01-10_crop_00.jpg,bg_to_strip_inclusion,19,20,377,581,10,5,6,TIND
tin_0731_01-10_crop_00.jpg,bg_to_strip_inclusion,20,81,973,581,8,35,5,TINB/TINC
tin_0731_01-10_crop_00.jpg,bg_to_strip_inclusion,21,102,982,581,7,39,5,TINB/TINC
tin_0731_01-10_crop_00.jpg,bg_to_strip_inclusion,22,2,392,586,1,2,6,TIND
tin_0731_01-10_crop_00.jpg,bg_to_strip_inclusion,25,36,361,622,9,10,6,TIND
tin_0731_01-10_crop_00.jpg,bg_to_strip_inclusion,26,16,986,623,3,10,5,TINB/TINC
tin_0731_01-10_crop_00.jpg,bg_to_strip_inclusion,29,194,989,662,9,54,5,TINB/TINC
tin_0731_01-10_crop_00.jpg,bg_to_strip_inclusion,31,4,992,724,2,4,5,TINB/TINC
tin_0731_01-10_crop_00.jpg,bg_to_strip_inclusion,32,4,994,729,2,4,5,TINB/TINC
tin_0731_01-10_crop_00.jpg,bg_to_strip_inclusion,34,53,1001,920,14,18,5,TINB/TINC
tin_0731_01-10_crop_00.jpg,bg_to_strip_inclusion,35,129,1002,934,10,24,5,TINB/TINC
tin_0731_01-19_crop_00.jpg,bg_to_strip_inclusion,2,3,360,65,1,3,6,TIND
tin_0731_01-19_crop_00.jpg,bg_to_strip_inclusion,3,4,349,67,1,4,6,TIND
tin_0731_01-19_crop_00.jpg,bg_to_strip_inclusion,4,2,350,72,2,2,6,TIND
tin_0731_01-19_crop_00.jpg,bg_to_strip_inclusion,5,10,896,484,2,9,6,TIND
tin_0731_01-19_crop_00.jpg,bg_to_strip_inclusion,7,3,895,500,1,3,6,TIND
tin_0731_01-19_crop_00.jpg,bg_to_strip_inclusion,8,36,884,601,2,20,6,TIND
tin_0731_01-19_crop_00.jpg,bg_to_strip_inclusion,9,7,255,696,7,1,6,TIND
tin_0731_01-19_crop_00.jpg,bg_to_strip_inclusion,10,2,249,701,1,2,6,TIND
tin_0731_01-19_crop_00.jpg,bg_to_strip_inclusion,13,2,257,723,2,1,6,TIND
tin_0731_01-19_crop_00.jpg,bg_to_strip_inclusion,14,2,266,727,2,1,6,TIND
tin_0731_01-19_crop_00.jpg,bg_to_strip_inclusion,15,8,268,746,2,5,5,TINB/TINC
tin_0731_01-19_crop_00.jpg,bg_to_strip_inclusion,16,2,275,752,1,2,5,TINB/TINC
tin_0731_01-19_crop_00.jpg,bg_to_strip_inclusion,17,5,275,759,1,5,5,TINB/TINC
tin_0731_01-19_crop_00.jpg,bg_to_strip_inclusion,18,14,267,761,4,7,5,TINB/TINC
tin_0731_01-19_crop_00.jpg,bg_to_strip_inclusion,23,2,266,785,1,2,6,TIND
tin_0731_01-19_crop_00.jpg,bg_to_strip_inclusion,24,3,278,785,1,3,6,TIND
tin_0731_01-19_crop_00.jpg,bg_to_strip_inclusion,25,19,233,826,8,5,6,TIND
tin_0731_01-25_crop_00.jpg,bg_to_strip_inclusion,1,60,534,71,15,23,6,TIND
tin_0731_01-25_crop_00.jpg,bg_to_strip_inclusion,3,29,543,80,12,15,6,TIND
tin_0731_01-25_crop_00.jpg,bg_to_strip_inclusion,4,2,348,996,2,2,6,TIND
tin_0731_01-25_crop_00.jpg,bg_to_strip_inclusion,6,16,344,1005,5,6,6,TIND
tin_0731_01-25_crop_00.jpg,bg_to_strip_inclusion,7,6,350,1006,3,3,6,TIND
tin_0731_01-26_crop_00.jpg,bg_to_strip_inclusion,1,41,614,70,7,8,5,TINB/TINC
tin_0731_01-26_crop_00.jpg,bg_to_strip_inclusion,3,290,596,98,18,53,5,TINB/TINC
tin_0731_01-26_crop_00.jpg,bg_to_strip_inclusion,4,20,595,104,5,16,5,TINB/TINC
tin_0731_01-26_crop_00.jpg,bg_to_strip_inclusion,6,72,574,189,5,43,5,TINB/TINC
tin_0731_01-26_crop_00.jpg,bg_to_strip_inclusion,7,4,573,234,1,4,5,TINB/TINC
tin_0731_01-26_crop_00.jpg,bg_to_strip_inclusion,8,6,572,241,1,6,5,TINB/TINC
tin_0731_01-26_crop_00.jpg,bg_to_strip_inclusion,9,2,571,256,1,2,5,TINB/TINC
tin_0731_01-26_crop_00.jpg,bg_to_strip_inclusion,11,10,557,320,3,10,5,TINB/TINC
tin_0731_01-26_crop_00.jpg,bg_to_strip_inclusion,12,110,559,331,15,37,5,TINB/TINC
tin_0731_01-26_crop_00.jpg,bg_to_strip_inclusion,15,3,453,371,1,3,5,TINB/TINC
tin_0731_01-26_crop_00.jpg,bg_to_strip_inclusion,16,409,552,372,24,56,5,TINB/TINC
tin_0731_01-26_crop_00.jpg,bg_to_strip_inclusion,17,3,549,379,3,2,5,TINB/TINC
tin_0731_01-26_crop_00.jpg,bg_to_strip_inclusion,19,2,548,384,1,2,5,TINB/TINC
tin_0731_01-26_crop_00.jpg,bg_to_strip_inclusion,21,19,435,390,5,14,5,TINB/TINC
tin_0731_01-26_crop_00.jpg,bg_to_strip_inclusion,22,8,17,702,8,3,5,TINB/TINC
tin_0731_01-26_crop_00.jpg,bg_to_strip_inclusion,25,3,35,705,3,1,5,TINB/TINC
tin_0731_01-26_crop_00.jpg,bg_to_strip_inclusion,26,12,39,706,6,5,6,TIND
tin_0731_01-26_crop_00.jpg,bg_to_strip_inclusion,27,123,6,712,12,41,5,TINB/TINC
tin_0731_01-26_crop_00.jpg,bg_to_strip_inclusion,29,76,25,720,16,28,5,TINB/TINC
tin_0731_01-26_crop_00.jpg,bg_to_strip_inclusion,30,2,537,726,1,2,5,TINB/TINC
tin_0731_01-26_crop_00.jpg,bg_to_strip_inclusion,31,35,536,732,2,23,5,TINB/TINC
tin_0731_01-26_crop_00.jpg,bg_to_strip_inclusion,32,21,529,766,3,11,5,TINB/TINC
tin_0731_01-26_crop_00.jpg,bg_to_strip_inclusion,33,12,5,807,2,9,5,TINB/TINC
tin_0731_01-26_crop_00.jpg,bg_to_strip_inclusion,34,12,18,823,2,12,5,TINB/TINC
tin_0731_01-26_crop_00.jpg,bg_to_strip_inclusion,35,2,9,827,1,2,5,TINB/TINC
tin_0731_01-26_crop_00.jpg,bg_to_strip_inclusion,36,10,20,837,5,8,5,TINB/TINC
tin_0731_01-26_crop_00.jpg,bg_to_strip_inclusion,39,2,35,865,1,2,5,TINB/TINC
tin_0731_01-26_crop_00.jpg,bg_to_strip_inclusion,40,6,30,878,1,6,5,TINB/TINC
tin_0731_01-26_crop_00.jpg,bg_to_strip_inclusion,41,2,38,908,1,2,5,TINB/TINC
tin_0731_01-26_crop_00.jpg,bg_to_strip_inclusion,42,68,537,929,14,22,6,TIND
tin_0731_01-26_crop_00.jpg,bg_to_strip_inclusion,44,7,91,974,5,3,6,TIND
tin_0731_01-26_crop_00.jpg,bg_to_strip_inclusion,45,3,97,974,3,3,6,TIND
tin_0731_01-26_crop_00.jpg,bg_to_strip_inclusion,48,26,96,986,4,13,6,TIND
tin_0731_01-26_crop_00.jpg,bg_to_strip_inclusion,49,9,88,991,1,9,6,TIND
tin_0731_01-26_crop_00.jpg,bg_to_strip_inclusion,52,2,94,1004,2,1,6,TIND
tin_0731_01-27_crop_00.jpg,bg_to_strip_inclusion,1,13,383,276,4,9,5,TINB/TINC
tin_0731_01-27_crop_00.jpg,bg_to_strip_inclusion,3,492,370,285,16,61,5,TINB/TINC
tin_0731_01-27_crop_00.jpg,bg_to_strip_inclusion,4,139,198,360,25,34,6,TIND
tin_0731_01-27_crop_00.jpg,bg_to_strip_inclusion,5,87,199,365,25,32,6,TIND
tin_0731_01-27_crop_00.jpg,bg_to_strip_inclusion,6,75,273,481,8,21,5,TINB/TINC
tin_0731_01-27_crop_00.jpg,bg_to_strip_inclusion,7,20,272,503,2,16,5,TINB/TINC
tin_0731_01-27_crop_00.jpg,bg_to_strip_inclusion,8,5,274,520,1,5,5,TINB/TINC
tin_0731_01-27_crop_00.jpg,bg_to_strip_inclusion,9,24,275,529,2,18,5,TINB/TINC
tin_0731_01-27_crop_00.jpg,bg_to_strip_inclusion,10,68,255,564,20,14,5,TINB/TINC
tin_0731_01-27_crop_00.jpg,bg_to_strip_inclusion,11,2,254,574,1,2,5,TINB/TINC
tin_0731_01-27_crop_00.jpg,bg_to_strip_inclusion,12,2,278,578,2,2,5,TINB/TINC
tin_0731_01-27_crop_00.jpg,bg_to_strip_inclusion,13,7,271,580,6,5,5,TINB/TINC
tin_0731_01-27_crop_00.jpg,bg_to_strip_inclusion,15,14,331,581,12,5,6,TIND
tin_0731_01-27_crop_00.jpg,bg_to_strip_inclusion,17,4,258,588,1,4,5,TINB/TINC
tin_0731_01-27_crop_00.jpg,bg_to_strip_inclusion,18,46,321,604,15,7,6,TIND
tin_0731_01-27_crop_00.jpg,bg_to_strip_inclusion,19,2,184,775,2,1,5,TINB/TINC
tin_0731_01-30_crop_02.jpg,bg_to_strip_inclusion,1,151,997,861,10,23,6,TIND
tin_0731_01-30_crop_02.jpg,bg_to_strip_inclusion,2,7,999,890,2,7,6,TIND
tin_0731_01-30_crop_02.jpg,bg_to_strip_inclusion,3,5,998,899,1,5,6,TIND
tin_0731_01-31_crop_00.jpg,bg_to_strip_inclusion,1,3,122,582,1,3,6,TIND
tin_0731_01-31_crop_00.jpg,bg_to_strip_inclusion,2,30,107,584,7,11,6,TIND
tin_0731_01-31_crop_00.jpg,bg_to_strip_inclusion,3,7,120,586,2,7,6,TIND
tin_0731_01-31_crop_00.jpg,bg_to_strip_inclusion,4,2,119,594,1,2,6,TIND
tin_0731_01-31_crop_00.jpg,bg_to_strip_inclusion,5,19,106,607,4,9,6,TIND
tin_0731_01-31_crop_00.jpg,bg_to_strip_inclusion,6,59,381,657,20,12,6,TIND
tin_0731_01-31_crop_00.jpg,bg_to_strip_inclusion,7,2,380,665,1,2,6,TIND
tin_0731_01-31_crop_00.jpg,bg_to_strip_inclusion,8,51,381,669,8,36,6,TIND
tin_0731_01-31_crop_00.jpg,bg_to_strip_inclusion,9,6,399,672,2,6,6,TIND
tin_0731_01-31_crop_00.jpg,bg_to_strip_inclusion,10,51,390,679,9,22,6,TIND
tin_0731_01-31_crop_00.jpg,bg_to_strip_inclusion,11,365,353,936,17,39,5,TINB/TINC
tin_0731_01-31_crop_00.jpg,bg_to_strip_inclusion,12,143,77,941,7,27,5,TINB/TINC
tin_0731_01-31_crop_00.jpg,bg_to_strip_inclusion,13,36,65,969,12,16,6,TIND
tin_0731_01-31_crop_00.jpg,bg_to_strip_inclusion,14,2,84,978,1,2,6,TIND
tin_0731_02-04_crop_00.jpg,bg_to_strip_inclusion,1,14,502,78,7,5,5,TINB/TINC
tin_0731_02-04_crop_00.jpg,bg_to_strip_inclusion,3,12,507,89,2,12,5,TINB/TINC
tin_0731_02-04_crop_00.jpg,bg_to_strip_inclusion,4,36,500,91,3,26,5,TINB/TINC
tin_0731_02-04_crop_00.jpg,bg_to_strip_inclusion,5,9,503,131,1,9,5,TINB/TINC
tin_0731_02-04_crop_00.jpg,bg_to_strip_inclusion,7,17,504,160,2,16,5,TINB/TINC
tin_0731_02-04_crop_00.jpg,bg_to_strip_inclusion,8,46,506,180,3,33,5,TINB/TINC
tin_0731_02-04_crop_00.jpg,bg_to_strip_inclusion,9,103,503,233,7,47,5,TINB/TINC
tin_0731_02-04_crop_00.jpg,bg_to_strip_inclusion,12,62,506,293,6,27,5,TINB/TINC
tin_0731_02-04_crop_00.jpg,bg_to_strip_inclusion,13,3,510,342,1,3,5,TINB/TINC
tin_0731_02-04_crop_00.jpg,bg_to_strip_inclusion,14,10,512,363,1,10,5,TINB/TINC
tin_0731_02-04_crop_00.jpg,bg_to_strip_inclusion,15,5,513,377,1,5,5,TINB/TINC
tin_0731_02-04_crop_00.jpg,bg_to_strip_inclusion,16,10,513,391,2,9,5,TINB/TINC
tin_0731_02-04_crop_00.jpg,bg_to_strip_inclusion,17,2,511,415,1,2,5,TINB/TINC
tin_0731_02-05_crop_01.jpg,bg_to_strip_inclusion,1,5,745,167,2,4,6,TIND
tin_0731_02-05_crop_01.jpg,bg_to_strip_inclusion,4,15,753,192,5,9,6,TIND
tin_0731_02-05_crop_01.jpg,bg_to_strip_inclusion,5,19,632,210,6,6,5,TINB/TINC
tin_0731_02-05_crop_01.jpg,bg_to_strip_inclusion,6,2,630,218,1,2,5,TINB/TINC
tin_0731_02-05_crop_01.jpg,bg_to_strip_inclusion,7,7,637,227,1,7,5,TINB/TINC
tin_0731_02-05_crop_01.jpg,bg_to_strip_inclusion,8,12,630,251,2,10,5,TINB/TINC
tin_0731_02-05_crop_01.jpg,bg_to_strip_inclusion,9,12,638,258,2,11,5,TINB/TINC
tin_0731_02-05_crop_01.jpg,bg_to_strip_inclusion,10,6,632,264,1,6,5,TINB/TINC
tin_0731_02-05_crop_01.jpg,bg_to_strip_inclusion,11,12,633,272,1,12,5,TINB/TINC
tin_0731_02-05_crop_01.jpg,bg_to_strip_inclusion,13,5,634,286,2,5,5,TINB/TINC
tin_0731_02-05_crop_01.jpg,bg_to_strip_inclusion,15,2,640,305,1,2,5,TINB/TINC
tin_0731_02-05_crop_01.jpg,bg_to_strip_inclusion,17,60,603,398,7,18,5,TINB/TINC
tin_0731_02-05_crop_01.jpg,bg_to_strip_inclusion,18,47,599,417,6,27,5,TINB/TINC
tin_0731_02-05_crop_01.jpg,bg_to_strip_inclusion,20,5,612,433,1,5,5,TINB/TINC
tin_0731_02-05_crop_01.jpg,bg_to_strip_inclusion,21,5,596,578,1,5,5,TINB/TINC
tin_0731_02-05_crop_01.jpg,bg_to_strip_inclusion,22,5,595,585,1,5,5,TINB/TINC
tin_0731_02-05_crop_01.jpg,bg_to_strip_inclusion,23,16,605,782,4,13,6,TIND
tin_0731_02-12_crop_00.jpg,bg_to_strip_inclusion,1,11,982,218,7,5,6,TIND
tin_0731_02-12_crop_00.jpg,bg_to_strip_inclusion,2,3,981,229,1,3,6,TIND
tin_0731_02-12_crop_00.jpg,bg_to_strip_inclusion,4,20,953,926,10,4,6,TIND
tin_0731_02-12_crop_00.jpg,bg_to_strip_inclusion,5,2,968,937,1,2,6,TIND
tin_0731_02-16_crop_01.jpg,bg_to_strip_inclusion,1,65,250,65,8,24,6,TIND
tin_0731_02-16_crop_01.jpg,bg_to_strip_inclusion,3,2,261,97,2,1,6,TIND
tin_0731_02-23_crop_00.jpg,bg_to_strip_inclusion,3,7,54,13,1,7,6,TIND
tin_0731_02-23_crop_00.jpg,bg_to_strip_inclusion,4,17,40,41,5,9,6,TIND
tin_0731_02-23_crop_00.jpg,bg_to_strip_inclusion,5,6,63,41,2,6,6,TIND
tin_0731_02-23_crop_00.jpg,bg_to_strip_inclusion,6,2,45,90,1,2,5,TINB/TINC
tin_0731_02-23_crop_00.jpg,bg_to_strip_inclusion,7,3,44,93,1,3,5,TINB/TINC
tin_0731_02-23_crop_00.jpg,bg_to_strip_inclusion,8,4,946,596,3,4,6,TIND
tin_0731_02-23_crop_00.jpg,bg_to_strip_inclusion,11,12,936,607,6,8,6,TIND
tin_0731_02-25_crop_01.jpg,bg_to_strip_inclusion,1,4,662,1012,1,4,6,TIND
tin_0731_02-27_crop_02.jpg,bg_to_strip_inclusion,1,5,120,279,1,5,6,TIND
tin_0731_02-27_crop_02.jpg,bg_to_strip_inclusion,2,5,87,337,1,5,6,TIND
tin_0731_02-28_crop_02.jpg,bg_to_strip_inclusion,1,9,1010,626,7,2,6,TIND
tin_0731_02-28_crop_02.jpg,bg_to_strip_inclusion,2,6,1018,628,3,5,6,TIND
tin_0731_02-28_crop_02.jpg,bg_to_strip_inclusion,3,23,1007,633,6,11,6,TIND
tin_0731_02-28_crop_02.jpg,bg_to_strip_inclusion,5,14,929,984,4,8,6,TIND
tin_0731_02-28_crop_02.jpg,bg_to_strip_inclusion,6,26,932,995,6,8,6,TIND
tin_0731_02-28_crop_02.jpg,bg_to_strip_inclusion,8,8,932,1009,5,4,6,TIND
tin_0731_03-03_crop_01.jpg,bg_to_strip_inclusion,1,9,962,48,6,5,5,TINB/TINC
tin_0731_03-03_crop_01.jpg,bg_to_strip_inclusion,2,37,947,62,13,14,5,TINB/TINC
tin_0731_03-03_crop_01.jpg,bg_to_strip_inclusion,3,12,965,73,3,8,5,TINB/TINC
tin_0731_03-03_crop_01.jpg,bg_to_strip_inclusion,4,12,948,77,8,8,5,TINB/TINC
tin_0731_03-03_crop_01.jpg,bg_to_strip_inclusion,5,23,971,128,5,17,5,TINB/TINC
tin_0731_03-03_crop_01.jpg,bg_to_strip_inclusion,8,4,976,147,1,4,5,TINB/TINC
tin_0731_03-03_crop_01.jpg,bg_to_strip_inclusion,9,3,977,153,1,3,5,TINB/TINC
tin_0731_03-03_crop_01.jpg,bg_to_strip_inclusion,11,95,984,161,19,48,5,TINB/TINC
tin_0731_03-03_crop_01.jpg,bg_to_strip_inclusion,12,4,982,183,1,4,5,TINB/TINC
tin_0731_03-03_crop_01.jpg,bg_to_strip_inclusion,13,2,983,188,1,2,5,TINB/TINC
tin_0731_03-03_crop_01.jpg,bg_to_strip_inclusion,15,2,986,194,2,2,5,TINB/TINC
tin_0731_03-03_crop_01.jpg,bg_to_strip_inclusion,16,32,994,205,6,21,5,TINB/TINC
tin_0731_03-03_crop_01.jpg,bg_to_strip_inclusion,18,17,1009,225,7,10,5,TINB/TINC
tin_0731_03-08_crop_00.jpg,bg_to_strip_inclusion,1,69,112,67,19,46,5,TINB/TINC
tin_0731_03-08_crop_00.jpg,bg_to_strip_inclusion,2,3,111,114,1,3,5,TINB/TINC
tin_0731_03-08_crop_00.jpg,bg_to_strip_inclusion,3,4,110,119,1,4,5,TINB/TINC
tin_0731_03-08_crop_00.jpg,bg_to_strip_inclusion,4,97,106,124,14,30,5,TINB/TINC
tin_0731_03-08_crop_00.jpg,bg_to_strip_inclusion,5,4,159,277,4,1,5,TINB/TINC
tin_0731_03-08_crop_00.jpg,bg_to_strip_inclusion,7,15,148,285,6,6,5,TINB/TINC
tin_0731_03-08_crop_00.jpg,bg_to_strip_inclusion,8,2,169,284,2,2,5,TINB/TINC
tin_0731_03-08_crop_00.jpg,bg_to_strip_inclusion,9,47,140,296,7,12,5,TINB/TINC
tin_0731_03-08_crop_00.jpg,bg_to_strip_inclusion,12,7,132,313,4,7,5,TINB/TINC
tin_0731_03-08_crop_00.jpg,bg_to_strip_inclusion,15,2,125,369,1,2,5,TINB/TINC
tin_0731_03-08_crop_00.jpg,bg_to_strip_inclusion,16,16,122,373,3,14,5,TINB/TINC
tin_0731_03-08_crop_00.jpg,bg_to_strip_inclusion,17,29,111,385,4,21,5,TINB/TINC
tin_0731_03-08_crop_00.jpg,bg_to_strip_inclusion,18,3,121,388,1,3,5,TINB/TINC
tin_0731_03-08_crop_00.jpg,bg_to_strip_inclusion,19,41,85,432,9,17,5,TINB/TINC
tin_0731_03-08_crop_00.jpg,bg_to_strip_inclusion,20,5,96,443,1,5,5,TINB/TINC
tin_0731_03-08_crop_00.jpg,bg_to_strip_inclusion,21,117,105,455,11,26,5,TINB/TINC
tin_0731_03-08_crop_00.jpg,bg_to_strip_inclusion,22,19,105,484,2,12,5,TINB/TINC
tin_0731_03-08_crop_00.jpg,bg_to_strip_inclusion,23,4,115,496,1,4,5,TINB/TINC
tin_0731_03-08_crop_00.jpg,bg_to_strip_inclusion,24,22,145,589,3,11,5,TINB/TINC
tin_0731_03-08_crop_00.jpg,bg_to_strip_inclusion,26,2,144,620,1,2,5,TINB/TINC
tin_0731_03-09_crop_01.jpg,bg_to_strip_inclusion,1,24,346,508,6,15,5,TINB/TINC
tin_0731_03-09_crop_01.jpg,bg_to_strip_inclusion,2,9,310,511,1,9,5,TINB/TINC
tin_0731_03-09_crop_01.jpg,bg_to_strip_inclusion,3,16,338,512,4,6,5,TINB/TINC
tin_0731_03-13_crop_02.jpg,bg_to_strip_inclusion,1,14,522,31,3,11,5,TINB/TINC
tin_0731_03-13_crop_02.jpg,bg_to_strip_inclusion,2,2,535,39,2,2,5,TINB/TINC
tin_0731_03-13_crop_02.jpg,bg_to_strip_inclusion,4,78,518,44,13,30,5,TINB/TINC
tin_0731_03-13_crop_02.jpg,bg_to_strip_inclusion,7,80,510,82,6,28,5,TINB/TINC
tin_0731_03-13_crop_02.jpg,bg_to_strip_inclusion,8,5,503,114,1,5,5,TINB/TINC
tin_0731_03-13_crop_02.jpg,bg_to_strip_inclusion,9,77,503,129,6,50,5,TINB/TINC
tin_0731_03-13_crop_02.jpg,bg_to_strip_inclusion,10,6,500,152,1,6,5,TINB/TINC
tin_0731_03-13_crop_02.jpg,bg_to_strip_inclusion,11,22,498,161,2,18,5,TINB/TINC
tin_0731_03-13_crop_02.jpg,bg_to_strip_inclusion,13,180,505,185,21,51,5,TINB/TINC
tin_0731_03-13_crop_02.jpg,bg_to_strip_inclusion,14,14,525,241,2,12,5,TINB/TINC
tin_0731_03-13_crop_02.jpg,bg_to_strip_inclusion,15,5,516,265,1,5,5,TINB/TINC
tin_0731_03-13_crop_02.jpg,bg_to_strip_inclusion,16,106,515,276,8,42,5,TINB/TINC
tin_0731_03-13_crop_02.jpg,bg_to_strip_inclusion,17,4,272,285,2,4,6,TIND
tin_0731_03-13_crop_02.jpg,bg_to_strip_inclusion,18,3,271,290,1,3,6,TIND
tin_0731_03-13_crop_02.jpg,bg_to_strip_inclusion,19,3,270,295,1,3,6,TIND
tin_0731_03-13_crop_02.jpg,bg_to_strip_inclusion,21,2,276,298,1,2,6,TIND
tin_0731_03-13_crop_02.jpg,bg_to_strip_inclusion,23,3,271,308,3,2,6,TIND
tin_0731_03-13_crop_02.jpg,bg_to_strip_inclusion,24,4,511,356,2,4,5,TINB/TINC
tin_0731_03-13_crop_02.jpg,bg_to_strip_inclusion,26,9,510,372,3,6,5,TINB/TINC
tin_0731_03-13_crop_02.jpg,bg_to_strip_inclusion,27,53,510,379,5,21,5,TINB/TINC
tin_0731_03-13_crop_02.jpg,bg_to_strip_inclusion,28,8,505,406,2,8,5,TINB/TINC
tin_0731_03-13_crop_02.jpg,bg_to_strip_inclusion,29,10,516,412,3,6,5,TINB/TINC
tin_0731_03-13_crop_02.jpg,bg_to_strip_inclusion,31,8,512,573,1,8,5,TINB/TINC
tin_0731_03-13_crop_02.jpg,bg_to_strip_inclusion,32,10,513,583,1,10,5,TINB/TINC
tin_0731_03-27_crop_02.jpg,bg_to_strip_inclusion,1,27,36,571,3,12,6,TIND
tin_0731_03-27_crop_02.jpg,bg_to_strip_inclusion,2,2,29,588,2,1,6,TIND
tin_0731_03-27_crop_02.jpg,bg_to_strip_inclusion,3,2,32,589,2,1,6,TIND
tin_0731_03-27_crop_02.jpg,bg_to_strip_inclusion,4,22,605,805,5,5,6,TIND
tin_0731_03-29_crop_03.jpg,bg_to_strip_inclusion,1,54,589,173,6,11,6,TIND
tin_0731_03-29_crop_03.jpg,bg_to_strip_inclusion,2,3,367,660,3,2,6,TIND
tin_0731_03-29_crop_03.jpg,bg_to_strip_inclusion,5,3,371,677,3,1,6,TIND
tin_0731_03-29_crop_03.jpg,bg_to_D,1,16,996,926,5,4,4,D
tin_0731_03-32_crop_00.jpg,bg_to_strip_inclusion,1,121,507,264,8,19,6,TIND
tin_0731_04-02_crop_00.jpg,bg_to_strip_inclusion,1,91,102,636,8,14,6,TIND
tin_0731_04-02_crop_00.jpg,bg_to_strip_inclusion,2,542,869,834,24,86,5,TINB/TINC
tin_0731_04-02_crop_00.jpg,bg_to_strip_inclusion,4,7,51,902,3,3,6,TIND
tin_0731_04-02_crop_00.jpg,bg_to_strip_inclusion,5,3,808,965,3,3,6,TIND
tin_0731_04-08_crop_02.jpg,bg_to_strip_inclusion,1,9,504,749,3,4,5,TINB/TINC
tin_0731_04-08_crop_02.jpg,bg_to_strip_inclusion,2,71,493,790,22,27,5,TINB/TINC
tin_0731_04-08_crop_02.jpg,bg_to_strip_inclusion,3,3,504,822,3,3,5,TINB/TINC
tin_0731_04-08_crop_02.jpg,bg_to_strip_inclusion,4,4,490,850,1,4,5,TINB/TINC
tin_0731_04-08_crop_02.jpg,bg_to_strip_inclusion,5,11,491,860,3,6,5,TINB/TINC
tin_0731_04-08_crop_02.jpg,bg_to_strip_inclusion,7,18,482,879,5,11,5,TINB/TINC
tin_0731_04-10_crop_01.jpg,bg_to_strip_inclusion,1,76,536,255,16,35,6,TIND
tin_0731_04-10_crop_01.jpg,bg_to_strip_inclusion,2,3,556,259,1,3,6,TIND
tin_0731_04-10_crop_01.jpg,bg_to_strip_inclusion,3,3,555,263,1,3,6,TIND
tin_0731_04-10_crop_01.jpg,bg_to_strip_inclusion,4,9,541,291,1,9,6,TIND
tin_0731_04-10_crop_01.jpg,bg_to_strip_inclusion,5,2,557,303,1,2,6,TIND
tin_0731_04-10_crop_01.jpg,bg_to_strip_inclusion,7,2,558,306,1,2,6,TIND
tin_0731_04-10_crop_01.jpg,bg_to_strip_inclusion,8,15,531,309,6,11,6,TIND
tin_0731_04-10_crop_01.jpg,bg_to_strip_inclusion,9,2,559,310,1,2,6,TIND
tin_0731_04-10_crop_01.jpg,bg_to_strip_inclusion,11,2,561,318,1,2,6,TIND
tin_0731_04-10_crop_01.jpg,bg_to_strip_inclusion,12,5,562,322,1,5,6,TIND
tin_0731_04-10_crop_01.jpg,bg_to_strip_inclusion,13,6,538,326,5,3,6,TIND
tin_0731_04-10_crop_02.jpg,bg_to_strip_inclusion,3,2,504,797,1,2,6,TIND
tin_0731_04-13_crop_02.jpg,bg_to_strip_inclusion,1,8,1005,1021,4,3,5,TINB/TINC
tin_0731_04-17_crop_00.jpg,bg_to_strip_inclusion,2,22,346,475,12,7,6,TIND
tin_0731_04-17_crop_00.jpg,bg_to_strip_inclusion,3,6,57,886,4,2,6,TIND
tin_0731_04-17_crop_00.jpg,bg_to_strip_inclusion,4,48,59,892,14,10,6,TIND
tin_0731_04-17_crop_00.jpg,bg_to_strip_inclusion,6,20,64,906,4,17,6,TIND
tin_0731_04-22_crop_03.jpg,bg_to_strip_inclusion,2,6,204,690,1,6,5,TINB/TINC
tin_0731_04-22_crop_03.jpg,bg_to_strip_inclusion,3,2,203,697,1,2,5,TINB/TINC
tin_0731_04-22_crop_03.jpg,bg_to_strip_inclusion,4,5,202,705,1,5,5,TINB/TINC
tin_0731_04-22_crop_03.jpg,bg_to_strip_inclusion,5,2,201,713,1,2,5,TINB/TINC
tin_0731_04-22_crop_03.jpg,bg_to_strip_inclusion,6,3,191,733,1,3,5,TINB/TINC
tin_0731_04-22_crop_03.jpg,bg_to_strip_inclusion,7,7,167,815,4,6,6,TIND
tin_0731_04-22_crop_03.jpg,bg_to_strip_inclusion,8,3,167,830,1,3,6,TIND
tin_0731_04-22_crop_03.jpg,bg_to_strip_inclusion,9,6,199,871,2,5,6,TIND
tin_0731_04-25_crop_02.jpg,bg_to_strip_inclusion,1,110,300,68,12,11,6,TIND
tin_0731_04-25_crop_02.jpg,bg_to_strip_inclusion,2,16,762,199,6,14,6,TIND
tin_0731_04-25_crop_02.jpg,bg_to_strip_inclusion,3,2,761,214,1,2,6,TIND
tin_0731_04-29_crop_01.jpg,bg_to_strip_inclusion,1,8,284,427,3,7,6,TIND
tin_0731_04-29_crop_01.jpg,bg_to_strip_inclusion,3,2,298,440,2,1,6,TIND
tin_0731_04-29_crop_01.jpg,bg_to_strip_inclusion,5,5,380,631,1,5,5,TINB/TINC
tin_0731_04-29_crop_01.jpg,bg_to_strip_inclusion,7,11,375,640,4,11,5,TINB/TINC
tin_0731_04-29_crop_01.jpg,bg_to_strip_inclusion,9,2,381,650,1,2,5,TINB/TINC
tin_0731_04-29_crop_01.jpg,bg_to_strip_inclusion,10,2,374,652,1,2,5,TINB/TINC
tin_0731_04-29_crop_01.jpg,bg_to_strip_inclusion,11,2,380,653,1,2,5,TINB/TINC
tin_0731_04-29_crop_01.jpg,bg_to_strip_inclusion,12,2,379,656,1,2,5,TINB/TINC
tin_0731_04-29_crop_01.jpg,bg_to_strip_inclusion,14,14,377,659,2,13,5,TINB/TINC
tin_0731_04-29_crop_01.jpg,bg_to_strip_inclusion,15,7,368,661,4,7,5,TINB/TINC
tin_0731_04-29_crop_01.jpg,bg_to_strip_inclusion,16,18,375,678,3,10,5,TINB/TINC
tin_0731_04-29_crop_01.jpg,bg_to_strip_inclusion,17,3,367,688,1,3,5,TINB/TINC
tin_0731_04-29_crop_01.jpg,bg_to_strip_inclusion,18,3,382,705,1,3,5,TINB/TINC
tin_0731_04-29_crop_01.jpg,bg_to_strip_inclusion,20,8,376,727,3,6,5,TINB/TINC
tin_0731_04-29_crop_01.jpg,bg_to_strip_inclusion,21,26,367,731,2,20,5,TINB/TINC
tin_0731_04-29_crop_01.jpg,bg_to_strip_inclusion,22,42,352,835,3,29,5,TINB/TINC
tin_0731_04-29_crop_01.jpg,bg_to_strip_inclusion,23,7,362,853,1,7,5,TINB/TINC
tin_0731_04-30_crop_00.jpg,bg_to_strip_inclusion,2,18,759,507,3,17,6,TIND
tin_0731_05-01_crop_01.jpg,bg_to_strip_inclusion,2,3,876,36,3,2,6,TIND
tin_0731_05-01_crop_01.jpg,bg_to_strip_inclusion,3,5,879,43,1,5,6,TIND
tin_0731_05-01_crop_01.jpg,bg_to_strip_inclusion,5,2,879,51,1,2,6,TIND
tin_0731_05-01_crop_01.jpg,bg_to_strip_inclusion,10,3,879,293,3,1,6,TIND
tin_0731_05-01_crop_01.jpg,bg_to_strip_inclusion,11,13,871,294,7,10,6,TIND
tin_0731_05-01_crop_01.jpg,bg_to_strip_inclusion,12,98,877,306,16,14,6,TIND
tin_0731_05-01_crop_01.jpg,bg_to_strip_inclusion,14,118,1008,748,11,15,6,TIND
tin_0731_05-01_crop_01.jpg,bg_to_strip_inclusion,15,2,977,786,1,2,5,TINB/TINC
tin_0731_05-01_crop_01.jpg,bg_to_strip_inclusion,16,4,989,794,3,3,5,TINB/TINC
tin_0731_05-01_crop_01.jpg,bg_to_strip_inclusion,19,53,994,815,6,27,5,TINB/TINC
tin_0731_05-01_crop_01.jpg,bg_to_strip_inclusion,20,2,999,861,1,2,5,TINB/TINC
tin_0731_05-01_crop_01.jpg,bg_to_strip_inclusion,21,12,993,906,2,8,5,TINB/TINC
tin_0731_05-05_crop_00.jpg,bg_to_strip_inclusion,1,704,53,7,11,100,5,TINB/TINC
tin_0731_05-05_crop_00.jpg,bg_to_strip_inclusion,3,20,768,329,4,13,6,TIND
tin_0731_05-05_crop_00.jpg,bg_to_strip_inclusion,5,47,751,355,7,10,6,TIND
tin_0731_05-05_crop_00.jpg,bg_to_strip_inclusion,7,10,773,360,6,8,6,TIND
tin_0731_05-05_crop_00.jpg,bg_to_strip_inclusion,8,2,776,373,2,2,6,TIND
tin_0731_05-05_crop_00.jpg,bg_to_strip_inclusion,10,5,21,376,2,3,2,B
tin_0731_05-05_crop_01.jpg,bg_to_strip_inclusion,1,35,803,307,6,18,6,TIND
tin_0731_05-05_crop_01.jpg,bg_to_strip_inclusion,2,12,798,308,7,4,6,TIND
tin_0731_05-05_crop_01.jpg,bg_to_strip_inclusion,4,8,789,316,4,8,6,TIND
tin_0731_05-05_crop_01.jpg,bg_to_strip_inclusion,5,5,796,328,5,5,6,TIND
tin_0731_05-05_crop_01.jpg,bg_to_strip_inclusion,6,11,775,748,8,2,6,TIND
tin_0731_05-05_crop_01.jpg,bg_to_strip_inclusion,8,2,785,753,1,2,6,TIND
tin_0731_05-05_crop_01.jpg,bg_to_strip_inclusion,9,3,773,755,1,3,6,TIND
tin_0731_05-05_crop_01.jpg,bg_to_strip_inclusion,14,4,792,770,1,4,6,TIND
tin_0731_05-05_crop_01.jpg,bg_to_strip_inclusion,17,11,774,781,5,8,6,TIND
tin_0731_05-05_crop_01.jpg,bg_to_strip_inclusion,18,10,758,810,8,3,6,TIND
tin_0731_05-05_crop_01.jpg,bg_to_strip_inclusion,20,2,765,816,1,2,6,TIND
tin_0731_05-05_crop_01.jpg,bg_to_strip_inclusion,23,23,486,971,6,9,5,TINB/TINC
tin_0731_05-05_crop_01.jpg,bg_to_strip_inclusion,24,13,514,970,6,9,6,TIND
tin_0731_05-05_crop_01.jpg,bg_to_strip_inclusion,25,4,485,982,1,4,5,TINB/TINC
tin_0731_05-05_crop_01.jpg,bg_to_strip_inclusion,26,10,491,987,4,4,5,TINB/TINC
tin_0731_05-05_crop_01.jpg,bg_to_strip_inclusion,27,11,507,999,2,7,6,TIND
tin_0731_05-05_crop_01.jpg,bg_to_strip_inclusion,28,22,527,1003,12,3,6,TIND
tin_0731_05-05_crop_01.jpg,bg_to_strip_inclusion,29,36,517,1007,8,10,6,TIND
tin_0731_05-07_crop_01.jpg,bg_to_strip_inclusion,1,249,880,0,36,9,5,TINB/TINC
tin_0731_05-07_crop_01.jpg,bg_to_strip_inclusion,2,2,933,14,2,1,6,TIND
tin_0731_05-07_crop_01.jpg,bg_to_strip_inclusion,4,2,938,16,2,2,6,TIND
tin_0731_05-07_crop_01.jpg,bg_to_strip_inclusion,5,6,926,20,1,6,6,TIND
tin_0731_05-07_crop_01.jpg,bg_to_strip_inclusion,7,8,870,30,5,5,5,TINB/TINC
tin_0731_05-09_crop_01.jpg,bg_to_strip_inclusion,1,42,827,335,15,15,6,TIND
tin_0731_05-09_crop_01.jpg,bg_to_strip_inclusion,2,5,826,341,2,5,6,TIND
tin_0731_05-09_crop_02.jpg,bg_to_strip_inclusion,1,3,602,962,3,1,6,TIND
tin_0731_05-09_crop_02.jpg,bg_to_strip_inclusion,2,5,609,966,1,5,6,TIND
tin_0731_05-10_crop_01.jpg,bg_to_strip_inclusion,2,21,755,0,4,14,5,TINB/TINC
tin_0731_05-10_crop_01.jpg,bg_to_strip_inclusion,3,6,750,2,1,6,5,TINB/TINC
tin_0731_05-10_crop_01.jpg,bg_to_strip_inclusion,4,5,750,9,1,5,5,TINB/TINC
tin_0731_05-10_crop_01.jpg,bg_to_strip_inclusion,8,8,146,819,5,7,6,TIND
tin_0731_05-10_crop_01.jpg,bg_to_strip_inclusion,10,3,161,819,3,3,6,TIND
tin_0731_05-10_crop_01.jpg,bg_to_strip_inclusion,12,3,162,832,2,3,6,TIND
tin_0731_05-10_crop_01.jpg,bg_to_strip_inclusion,19,5,141,931,3,4,6,TIND
tin_0731_05-10_crop_01.jpg,bg_to_strip_inclusion,20,8,145,932,4,4,6,TIND
tin_0731_05-10_crop_01.jpg,bg_to_strip_inclusion,21,76,681,995,10,11,6,TIND
tin_0731_05-11_crop_00.jpg,bg_to_strip_inclusion,1,3,908,151,2,3,5,TINB/TINC
tin_0731_05-11_crop_00.jpg,bg_to_strip_inclusion,3,5,906,158,1,5,5,TINB/TINC
tin_0731_05-11_crop_00.jpg,bg_to_strip_inclusion,4,24,904,166,2,21,5,TINB/TINC
tin_0731_05-11_crop_00.jpg,bg_to_strip_inclusion,5,6,903,234,1,6,5,TINB/TINC
tin_0731_05-11_crop_00.jpg,bg_to_strip_inclusion,6,3,904,243,1,3,5,TINB/TINC
tin_0731_05-11_crop_00.jpg,bg_to_strip_inclusion,7,8,935,395,4,7,5,TINB/TINC
tin_0731_05-11_crop_00.jpg,bg_to_strip_inclusion,8,22,925,401,3,19,5,TINB/TINC
tin_0731_05-11_crop_00.jpg,bg_to_strip_inclusion,9,51,936,404,4,22,5,TINB/TINC
tin_0731_05-11_crop_00.jpg,bg_to_strip_inclusion,11,40,938,431,5,28,5,TINB/TINC
tin_0731_05-11_crop_00.jpg,bg_to_strip_inclusion,12,5,932,452,1,5,5,TINB/TINC
tin_0731_05-11_crop_00.jpg,bg_to_strip_inclusion,13,16,933,465,7,8,5,TINB/TINC
tin_0731_05-11_crop_00.jpg,bg_to_strip_inclusion,14,62,944,471,15,27,5,TINB/TINC
tin_0731_05-11_crop_00.jpg,bg_to_strip_inclusion,15,25,947,504,3,17,5,TINB/TINC
tin_0731_05-11_crop_00.jpg,bg_to_strip_inclusion,17,9,945,803,7,4,6,TIND
tin_0731_05-11_crop_00.jpg,bg_to_strip_inclusion,18,21,940,806,13,10,6,TIND
tin_0731_05-13_crop_01.jpg,bg_to_strip_inclusion,1,34,52,83,7,13,5,TINB/TINC
tin_0731_05-13_crop_01.jpg,bg_to_strip_inclusion,2,19,60,96,3,11,5,TINB/TINC
tin_0731_05-13_crop_01.jpg,bg_to_strip_inclusion,3,51,48,122,7,32,5,TINB/TINC
tin_0731_05-13_crop_01.jpg,bg_to_strip_inclusion,4,2,60,126,1,2,5,TINB/TINC
tin_0731_05-13_crop_01.jpg,bg_to_strip_inclusion,5,4,59,129,1,4,5,TINB/TINC
tin_0731_05-13_crop_01.jpg,bg_to_strip_inclusion,6,10,58,146,2,10,5,TINB/TINC
tin_0731_05-13_crop_01.jpg,bg_to_strip_inclusion,7,2,51,155,1,2,5,TINB/TINC
tin_0731_05-13_crop_01.jpg,bg_to_strip_inclusion,8,34,50,159,4,20,5,TINB/TINC
tin_0731_05-20_crop_00.jpg,bg_to_strip_inclusion,1,95,819,0,7,49,5,TINB/TINC
tin_0731_05-20_crop_00.jpg,bg_to_strip_inclusion,2,2,824,128,1,2,5,TINB/TINC
tin_0731_05-20_crop_00.jpg,bg_to_strip_inclusion,3,4,825,133,1,4,5,TINB/TINC
tin_0731_05-20_crop_00.jpg,bg_to_strip_inclusion,4,25,826,139,4,19,5,TINB/TINC
tin_0731_05-20_crop_00.jpg,bg_to_strip_inclusion,5,2,836,146,1,2,5,TINB/TINC
tin_0731_05-20_crop_00.jpg,bg_to_strip_inclusion,6,21,831,175,2,20,5,TINB/TINC
tin_0731_05-20_crop_00.jpg,bg_to_strip_inclusion,7,36,841,214,3,30,5,TINB/TINC
tin_0731_05-20_crop_00.jpg,bg_to_strip_inclusion,9,2,838,260,1,2,5,TINB/TINC
tin_0731_05-20_crop_00.jpg,bg_to_strip_inclusion,11,2,847,276,1,2,5,TINB/TINC
tin_0731_05-20_crop_00.jpg,bg_to_strip_inclusion,12,4,848,280,1,4,5,TINB/TINC
tin_0731_05-20_crop_00.jpg,bg_to_strip_inclusion,13,24,849,285,4,22,5,TINB/TINC
tin_0731_05-20_crop_00.jpg,bg_to_strip_inclusion,14,4,853,308,1,4,5,TINB/TINC
tin_0731_05-20_crop_00.jpg,bg_to_strip_inclusion,15,13,905,333,12,4,6,TIND
tin_0731_05-20_crop_00.jpg,bg_to_strip_inclusion,16,3,848,335,1,3,5,TINB/TINC
tin_0731_05-20_crop_00.jpg,bg_to_strip_inclusion,17,12,900,337,4,9,6,TIND
tin_0731_05-20_crop_00.jpg,bg_to_strip_inclusion,18,40,902,340,15,19,6,TIND
tin_0731_05-20_crop_00.jpg,bg_to_strip_inclusion,21,111,879,409,10,15,6,TIND
tin_0731_05-20_crop_00.jpg,bg_to_strip_inclusion,22,13,868,818,6,5,5,TINB/TINC
tin_0731_05-20_crop_00.jpg,bg_to_strip_inclusion,23,11,875,819,4,7,5,TINB/TINC
tin_0731_05-20_crop_00.jpg,bg_to_strip_inclusion,24,21,869,826,4,10,5,TINB/TINC
tin_0731_05-20_crop_00.jpg,bg_to_strip_inclusion,25,135,905,831,19,17,6,TIND
tin_0731_05-20_crop_00.jpg,bg_to_strip_inclusion,26,8,426,840,7,4,6,TIND
tin_0731_05-20_crop_00.jpg,bg_to_strip_inclusion,27,18,870,841,6,12,5,TINB/TINC
tin_0731_05-20_crop_00.jpg,bg_to_strip_inclusion,28,2,879,840,1,2,5,TINB/TINC
tin_0731_05-20_crop_00.jpg,bg_to_strip_inclusion,29,3,432,846,1,3,6,TIND
tin_0731_05-20_crop_00.jpg,bg_to_strip_inclusion,30,25,421,850,9,5,6,TIND
tin_0731_05-20_crop_00.jpg,bg_to_strip_inclusion,31,2,431,850,1,2,6,TIND
tin_0731_05-20_crop_00.jpg,bg_to_strip_inclusion,32,38,868,995,8,19,6,TIND
tin_0731_05-20_crop_00.jpg,bg_to_strip_inclusion,33,6,867,1003,1,6,6,TIND
tin_0731_05-20_crop_00.jpg,bg_to_strip_inclusion,34,32,960,1007,12,9,6,TIND
tin_0731_05-20_crop_00.jpg,bg_to_strip_inclusion,35,8,964,1015,7,5,6,TIND
tin_0731_05-20_crop_00.jpg,bg_to_strip_inclusion,36,16,867,1017,5,5,5,TINB/TINC
tin_0731_05-22_crop_01.jpg,bg_to_strip_inclusion,1,80,88,0,6,17,6,TIND
tin_0731_05-22_crop_01.jpg,bg_to_strip_inclusion,2,58,120,45,19,25,6,TIND
tin_0731_05-22_crop_01.jpg,bg_to_strip_inclusion,3,91,154,373,13,34,6,TIND
tin_0731_05-22_crop_01.jpg,bg_to_strip_inclusion,4,2,164,407,2,2,5,TINB/TINC
tin_0731_05-22_crop_01.jpg,bg_to_strip_inclusion,6,266,115,554,15,45,5,TINB/TINC
tin_0731_05-22_crop_01.jpg,bg_to_strip_inclusion,7,6,116,600,1,6,5,TINB/TINC
tin_0731_05-22_crop_01.jpg,bg_to_strip_inclusion,9,38,85,631,12,16,5,TINB/TINC
tin_0731_05-22_crop_01.jpg,bg_to_strip_inclusion,10,31,84,641,5,11,5,TINB/TINC
tin_0731_05-22_crop_01.jpg,bg_to_strip_inclusion,11,298,86,659,11,45,5,TINB/TINC
tin_0731_05-22_crop_01.jpg,bg_to_strip_inclusion,12,20,87,770,3,13,5,TINB/TINC
tin_0731_05-23_crop_00.jpg,bg_to_strip_inclusion,1,102,387,0,16,23,5,TINB/TINC
tin_0731_05-23_crop_00.jpg,bg_to_strip_inclusion,2,43,389,27,6,24,6,TIND
tin_0731_05-23_crop_00.jpg,bg_to_strip_inclusion,3,219,378,64,16,34,5,TINB/TINC
tin_0731_05-23_crop_00.jpg,bg_to_strip_inclusion,4,162,1006,640,18,23,6,TIND
tin_0731_05-23_crop_00.jpg,bg_to_strip_inclusion,5,9,1011,664,9,2,6,TIND
tin_0731_05-23_crop_00.jpg,bg_to_strip_inclusion,6,80,674,870,10,36,5,TINB/TINC
tin_0731_05-23_crop_00.jpg,bg_to_strip_inclusion,10,10,673,882,2,9,5,TINB/TINC
tin_0731_05-23_crop_00.jpg,bg_to_strip_inclusion,11,6,673,896,1,6,5,TINB/TINC
tin_0731_05-23_crop_00.jpg,bg_to_strip_inclusion,12,422,676,930,9,62,5,TINB/TINC
tin_0731_05-25_crop_00.jpg,bg_to_strip_inclusion,1,6,870,83,1,6,5,TINB/TINC
tin_0731_05-25_crop_00.jpg,bg_to_strip_inclusion,2,16,876,83,1,16,5,TINB/TINC
tin_0731_05-25_crop_00.jpg,bg_to_strip_inclusion,3,13,870,94,1,13,5,TINB/TINC
tin_0731_05-25_crop_00.jpg,bg_to_strip_inclusion,4,105,562,296,7,36,6,TIND
tin_0731_05-25_crop_00.jpg,bg_to_strip_inclusion,5,15,570,297,5,15,6,TIND
tin_0731_05-25_crop_00.jpg,bg_to_strip_inclusion,7,9,572,326,9,5,6,TIND
tin_0731_05-25_crop_00.jpg,bg_to_strip_inclusion,10,93,154,635,18,14,6,TIND
tin_0731_05-25_crop_00.jpg,bg_to_strip_inclusion,11,6,150,636,5,5,6,TIND
tin_0731_05-25_crop_00.jpg,bg_to_strip_inclusion,15,9,145,656,5,7,6,TIND
tin_0731_05-25_crop_00.jpg,bg_to_strip_inclusion,18,8,144,666,5,4,6,TIND
tin_0731_05-25_crop_00.jpg,bg_to_strip_inclusion,20,105,117,828,20,37,5,TINB/TINC
tin_0731_05-25_crop_00.jpg,bg_to_strip_inclusion,21,4,137,836,1,4,5,TINB/TINC
tin_0731_05-25_crop_00.jpg,bg_to_strip_inclusion,22,29,138,842,3,19,6,TIND
tin_0731_05-25_crop_00.jpg,bg_to_strip_inclusion,23,312,122,865,13,38,5,TINB/TINC
tin_0731_05-25_crop_00.jpg,bg_to_strip_inclusion,24,5,162,983,2,4,5,TINB/TINC
tin_0731_05-25_crop_00.jpg,bg_to_strip_inclusion,25,15,159,1000,8,6,6,TIND
tin_0731_05-25_crop_00.jpg,bg_to_strip_inclusion,26,7,158,1008,3,6,6,TIND
tin_0731_05-27_crop_02.jpg,bg_to_strip_inclusion,1,157,11,994,10,29,5,TINB/TINC
tin_0731_05-31_crop_01.jpg,bg_to_strip_inclusion,1,7,369,371,4,2,6,TIND
tin_0731_05-31_crop_01.jpg,bg_to_strip_inclusion,2,6,914,457,4,3,6,TIND
tin_0731_05-31_crop_01.jpg,bg_to_strip_inclusion,3,36,895,460,9,14,6,TIND
tin_0731_05-31_crop_01.jpg,bg_to_strip_inclusion,4,8,910,461,8,8,6,TIND
tin_0731_06-01_crop_01.jpg,bg_to_strip_inclusion,1,6,352,986,5,2,6,TIND
tin_0731_06-01_crop_01.jpg,bg_to_strip_inclusion,2,4,350,989,1,4,6,TIND
tin_0731_06-01_crop_01.jpg,bg_to_strip_inclusion,3,12,351,994,5,12,6,TIND
tin_0731_06-03_crop_00.jpg,bg_to_strip_inclusion,3,37,903,30,11,15,6,TIND
tin_0731_06-03_crop_00.jpg,bg_to_strip_inclusion,7,27,711,574,3,18,5,TINB/TINC
tin_0731_06-03_crop_00.jpg,bg_to_strip_inclusion,8,4,714,596,4,4,5,TINB/TINC
tin_0731_06-03_crop_00.jpg,bg_to_strip_inclusion,9,4,726,596,3,3,5,TINB/TINC
tin_0731_06-03_crop_00.jpg,bg_to_strip_inclusion,13,9,729,621,6,8,5,TINB/TINC
tin_0731_06-03_crop_00.jpg,bg_to_strip_inclusion,14,6,747,702,1,6,6,TIND
tin_0731_06-05_crop_01.jpg,bg_to_strip_inclusion,1,12,318,17,9,3,6,TIND
tin_0731_06-05_crop_01.jpg,bg_to_strip_inclusion,2,98,315,34,8,20,5,TINB/TINC
tin_0731_06-05_crop_01.jpg,bg_to_strip_inclusion,5,4,310,55,3,4,5,TINB/TINC
tin_0731_06-05_crop_01.jpg,bg_to_strip_inclusion,7,2,316,62,2,2,5,TINB/TINC
tin_0731_06-05_crop_01.jpg,bg_to_strip_inclusion,9,3,302,67,3,3,5,TINB/TINC
tin_0731_06-05_crop_01.jpg,bg_to_strip_inclusion,10,8,296,71,6,8,5,TINB/TINC
tin_0731_06-05_crop_01.jpg,bg_to_strip_inclusion,12,3,295,82,2,2,5,TINB/TINC
tin_0731_06-05_crop_01.jpg,bg_to_strip_inclusion,13,46,922,293,5,30,5,TINB/TINC
tin_0731_06-05_crop_01.jpg,bg_to_strip_inclusion,14,540,903,328,12,98,5,TINB/TINC
tin_0731_06-05_crop_01.jpg,bg_to_strip_inclusion,16,48,918,438,5,30,5,TINB/TINC
tin_0731_06-05_crop_01.jpg,bg_to_strip_inclusion,17,2,900,451,1,2,5,TINB/TINC
tin_0731_06-05_crop_01.jpg,bg_to_strip_inclusion,18,13,901,466,4,7,5,TINB/TINC
tin_0731_06-05_crop_01.jpg,bg_to_strip_inclusion,19,5,908,488,2,5,5,TINB/TINC
tin_0731_06-05_crop_01.jpg,bg_to_strip_inclusion,20,9,921,492,3,7,5,TINB/TINC
tin_0731_06-05_crop_01.jpg,bg_to_strip_inclusion,21,11,904,494,4,10,5,TINB/TINC
tin_0731_06-05_crop_01.jpg,bg_to_strip_inclusion,22,11,801,497,7,4,5,TINB/TINC
tin_0731_06-05_crop_01.jpg,bg_to_strip_inclusion,23,14,808,501,1,14,5,TINB/TINC
tin_0731_06-05_crop_01.jpg,bg_to_strip_inclusion,24,2,903,506,1,2,5,TINB/TINC
tin_0731_06-05_crop_01.jpg,bg_to_strip_inclusion,25,3,798,508,1,3,5,TINB/TINC
tin_0731_06-05_crop_01.jpg,bg_to_strip_inclusion,26,6,902,512,1,6,5,TINB/TINC
tin_0731_06-05_crop_01.jpg,bg_to_strip_inclusion,27,2,798,519,1,2,5,TINB/TINC
tin_0731_06-05_crop_01.jpg,bg_to_strip_inclusion,28,12,801,544,1,12,5,TINB/TINC
tin_0731_06-05_crop_01.jpg,bg_to_strip_inclusion,29,61,888,559,11,21,5,TINB/TINC
tin_0731_06-05_crop_01.jpg,bg_to_strip_inclusion,30,54,809,562,5,19,5,TINB/TINC
tin_0731_06-05_crop_01.jpg,bg_to_strip_inclusion,31,26,796,595,4,21,5,TINB/TINC
tin_0731_06-05_crop_01.jpg,bg_to_strip_inclusion,32,4,795,617,1,4,5,TINB/TINC
tin_0731_06-05_crop_01.jpg,bg_to_strip_inclusion,33,5,794,622,1,5,5,TINB/TINC
tin_0731_06-05_crop_01.jpg,bg_to_strip_inclusion,35,14,793,628,4,10,5,TINB/TINC
tin_0731_06-05_crop_01.jpg,bg_to_strip_inclusion,36,6,870,630,2,6,5,TINB/TINC
tin_0731_06-05_crop_01.jpg,bg_to_strip_inclusion,37,58,865,637,5,46,5,TINB/TINC
tin_0731_06-05_crop_01.jpg,bg_to_strip_inclusion,39,2,862,728,1,2,5,TINB/TINC
tin_0731_06-05_crop_01.jpg,bg_to_strip_inclusion,40,2,860,738,1,2,5,TINB/TINC
tin_0731_06-05_crop_01.jpg,bg_to_strip_inclusion,41,3,866,739,1,3,5,TINB/TINC
tin_0731_06-05_crop_01.jpg,bg_to_strip_inclusion,42,4,859,744,1,4,5,TINB/TINC
tin_0731_06-05_crop_01.jpg,bg_to_strip_inclusion,44,5,856,761,1,5,5,TINB/TINC
tin_0731_06-05_crop_01.jpg,bg_to_strip_inclusion,45,23,853,771,3,22,5,TINB/TINC
tin_0731_06-05_crop_01.jpg,bg_to_strip_inclusion,46,11,860,797,1,11,5,TINB/TINC
tin_0731_06-05_crop_01.jpg,bg_to_strip_inclusion,47,4,851,805,1,4,5,TINB/TINC
tin_0731_06-05_crop_01.jpg,bg_to_strip_inclusion,48,3,850,810,1,3,5,TINB/TINC
tin_0731_06-08_crop_00.jpg,bg_to_strip_inclusion,1,15,456,7,3,10,6,TIND
tin_0731_06-08_crop_00.jpg,bg_to_strip_inclusion,3,3,459,231,2,3,5,TINB/TINC
tin_0731_06-08_crop_00.jpg,bg_to_strip_inclusion,4,24,476,247,4,15,5,TINB/TINC
tin_0731_06-08_crop_00.jpg,bg_to_strip_inclusion,5,2,481,274,1,2,5,TINB/TINC
tin_0731_06-08_crop_00.jpg,bg_to_strip_inclusion,6,34,545,393,10,22,5,TINB/TINC
tin_0731_06-08_crop_00.jpg,bg_to_strip_inclusion,9,61,535,455,3,42,5,TINB/TINC
tin_0731_06-08_crop_00.jpg,bg_to_strip_inclusion,10,18,532,503,4,10,5,TINB/TINC
tin_0731_06-08_crop_00.jpg,bg_to_strip_inclusion,12,2,530,518,1,2,5,TINB/TINC
tin_0731_06-08_crop_00.jpg,bg_to_strip_inclusion,13,99,507,537,17,37,5,TINB/TINC
tin_0731_06-08_crop_00.jpg,bg_to_strip_inclusion,14,5,508,575,1,5,5,TINB/TINC
tin_0731_06-08_crop_00.jpg,bg_to_strip_inclusion,15,246,495,643,21,29,5,TINB/TINC
tin_0731_06-08_crop_00.jpg,bg_to_strip_inclusion,16,83,516,676,6,58,5,TINB/TINC
tin_0731_06-08_crop_00.jpg,bg_to_strip_inclusion,17,9,519,740,1,9,5,TINB/TINC
tin_0731_06-08_crop_00.jpg,bg_to_strip_inclusion,18,141,515,750,4,71,5,TINB/TINC
tin_0731_06-08_crop_00.jpg,bg_to_strip_inclusion,19,74,521,790,5,48,5,TINB/TINC
tin_0731_06-08_crop_00.jpg,bg_to_strip_inclusion,20,20,414,810,4,7,6,TIND
tin_0731_06-08_crop_00.jpg,bg_to_strip_inclusion,21,16,416,824,4,6,5,TINB/TINC
tin_0731_06-08_crop_00.jpg,bg_to_strip_inclusion,22,3,424,833,2,3,6,TIND
tin_0731_06-08_crop_00.jpg,bg_to_strip_inclusion,23,2,519,856,1,2,5,TINB/TINC
tin_0731_06-08_crop_00.jpg,bg_to_strip_inclusion,24,97,520,861,7,33,5,TINB/TINC
tin_0731_06-08_crop_00.jpg,bg_to_strip_inclusion,26,3,524,920,3,3,5,TINB/TINC
tin_0731_06-08_crop_00.jpg,bg_to_strip_inclusion,27,6,453,963,5,3,5,TINB/TINC
tin_0731_06-08_crop_00.jpg,bg_to_strip_inclusion,28,2,452,967,1,2,5,TINB/TINC
tin_0731_06-08_crop_00.jpg,bg_to_strip_inclusion,29,2,452,975,1,2,5,TINB/TINC
tin_0731_06-08_crop_00.jpg,bg_to_strip_inclusion,30,10,453,978,7,3,5,TINB/TINC
tin_0731_06-09_crop_01.jpg,bg_to_strip_inclusion,1,5,510,140,5,1,6,TIND
tin_0731_06-09_crop_01.jpg,bg_to_strip_inclusion,4,3,518,145,1,3,6,TIND
tin_0731_06-09_crop_01.jpg,bg_to_strip_inclusion,5,6,515,150,4,4,6,TIND
tin_0731_06-09_crop_01.jpg,bg_to_strip_inclusion,6,15,745,302,6,10,6,TIND
tin_0731_06-10_crop_01.jpg,bg_to_strip_inclusion,1,2,222,35,2,1,6,TIND
tin_0731_06-10_crop_01.jpg,bg_to_strip_inclusion,5,2,217,63,1,2,6,TIND
tin_0731_06-10_crop_01.jpg,bg_to_strip_inclusion,7,79,758,128,9,11,6,TIND
tin_0731_06-10_crop_01.jpg,bg_to_strip_inclusion,9,11,181,304,1,11,5,TINB/TINC
tin_0731_06-10_crop_01.jpg,bg_to_strip_inclusion,10,3,187,327,1,3,5,TINB/TINC
tin_0731_06-10_crop_01.jpg,bg_to_strip_inclusion,11,3,179,342,1,3,5,TINB/TINC
tin_0731_06-10_crop_01.jpg,bg_to_strip_inclusion,14,2,169,425,2,2,5,TINB/TINC
tin_0731_06-10_crop_01.jpg,bg_to_strip_inclusion,15,7,168,428,1,7,5,TINB/TINC
tin_0731_06-10_crop_01.jpg,bg_to_strip_inclusion,16,2,180,436,1,2,5,TINB/TINC
tin_0731_06-10_crop_01.jpg,bg_to_strip_inclusion,20,24,167,469,5,19,5,TINB/TINC
tin_0731_06-10_crop_01.jpg,bg_to_strip_inclusion,21,62,147,472,9,38,5,TINB/TINC
tin_0731_06-10_crop_01.jpg,bg_to_strip_inclusion,22,19,152,525,3,12,5,TINB/TINC
tin_0731_06-10_crop_01.jpg,bg_to_strip_inclusion,24,2,173,528,2,2,5,TINB/TINC
tin_0731_06-10_crop_01.jpg,bg_to_strip_inclusion,25,5,170,543,3,5,5,TINB/TINC
tin_0731_06-13_crop_00.jpg,bg_to_D,1,25,964,398,6,5,4,D
tin_0731_06-16_crop_01.jpg,bg_to_strip_inclusion,1,26,830,455,8,11,5,TINB/TINC
tin_0731_06-16_crop_01.jpg,bg_to_strip_inclusion,2,6,830,468,3,5,5,TINB/TINC
tin_0731_06-16_crop_01.jpg,bg_to_strip_inclusion,3,25,834,494,2,17,5,TINB/TINC
tin_0731_06-16_crop_01.jpg,bg_to_strip_inclusion,4,13,834,550,5,7,5,TINB/TINC
tin_0731_06-16_crop_01.jpg,bg_to_strip_inclusion,5,50,834,559,4,34,5,TINB/TINC
tin_0731_06-16_crop_01.jpg,bg_to_strip_inclusion,6,115,833,595,4,83,5,TINB/TINC
tin_0731_06-16_crop_01.jpg,bg_to_strip_inclusion,7,18,839,640,2,15,5,TINB/TINC
tin_0731_06-16_crop_01.jpg,bg_to_strip_inclusion,8,7,848,705,3,7,5,TINB/TINC
tin_0731_06-16_crop_01.jpg,bg_to_strip_inclusion,9,2,851,714,1,2,5,TINB/TINC
tin_0731_06-16_crop_01.jpg,bg_to_strip_inclusion,11,17,865,755,3,15,5,TINB/TINC
tin_0731_06-16_crop_01.jpg,bg_to_strip_inclusion,12,33,863,777,2,23,5,TINB/TINC
tin_0731_06-16_crop_01.jpg,bg_to_strip_inclusion,13,2,870,794,1,2,5,TINB/TINC
tin_0731_06-16_crop_01.jpg,bg_to_strip_inclusion,14,2,871,797,1,2,5,TINB/TINC
tin_0731_06-16_crop_01.jpg,bg_to_strip_inclusion,16,7,521,806,2,7,6,TIND
tin_0731_06-16_crop_01.jpg,bg_to_strip_inclusion,19,23,865,813,7,19,5,TINB/TINC
tin_0731_06-16_crop_01.jpg,bg_to_strip_inclusion,20,2,876,813,1,2,5,TINB/TINC
tin_0731_06-16_crop_01.jpg,bg_to_strip_inclusion,21,2,515,947,1,2,5,TINB/TINC
tin_0731_06-17_crop_00.jpg,bg_to_strip_inclusion,1,26,46,579,7,12,5,TINB/TINC
tin_0731_06-17_crop_00.jpg,bg_to_strip_inclusion,3,18,45,590,3,12,5,TINB/TINC
tin_0731_06-17_crop_00.jpg,bg_to_strip_inclusion,4,2,48,608,1,2,5,TINB/TINC
tin_0731_06-17_crop_00.jpg,bg_to_strip_inclusion,5,287,48,677,7,133,5,TINB/TINC
tin_0731_06-17_crop_00.jpg,bg_to_strip_inclusion,8,15,55,764,2,14,5,TINB/TINC
tin_0731_06-17_crop_00.jpg,bg_to_strip_inclusion,9,3,57,780,1,3,5,TINB/TINC
tin_0731_06-17_crop_00.jpg,bg_to_strip_inclusion,10,92,62,827,8,29,5,TINB/TINC
tin_0731_06-17_crop_00.jpg,bg_to_strip_inclusion,11,13,79,911,1,13,5,TINB/TINC
tin_0731_06-17_crop_00.jpg,bg_to_strip_inclusion,15,3,93,936,1,3,5,TINB/TINC
tin_0731_06-17_crop_00.jpg,bg_to_strip_inclusion,16,4,82,940,1,4,5,TINB/TINC
tin_0731_06-17_crop_00.jpg,bg_to_strip_inclusion,17,2,94,945,1,2,5,TINB/TINC
tin_0731_06-19_crop_02.jpg,bg_to_strip_inclusion,1,50,729,55,10,37,6,TIND
tin_0731_06-19_crop_02.jpg,bg_to_strip_inclusion,2,6,726,101,3,5,6,TIND
tin_0731_06-19_crop_02.jpg,bg_to_strip_inclusion,4,2,734,124,2,1,6,TIND
tin_0731_06-19_crop_02.jpg,bg_to_strip_inclusion,5,147,671,684,11,27,6,TIND
tin_0731_06-19_crop_02.jpg,bg_to_strip_inclusion,8,2,655,712,2,2,6,TIND
tin_0731_06-20_crop_01.jpg,bg_to_strip_inclusion,1,3,134,148,3,3,6,TIND
tin_0731_06-20_crop_01.jpg,bg_to_strip_inclusion,2,13,76,849,4,8,6,TIND
tin_0731_06-20_crop_01.jpg,bg_to_strip_inclusion,4,3,48,860,1,3,5,TINB/TINC
tin_0731_06-20_crop_01.jpg,bg_to_strip_inclusion,5,8,48,872,1,8,5,TINB/TINC
tin_0731_06-20_crop_01.jpg,bg_to_strip_inclusion,6,4,52,912,1,4,5,TINB/TINC
tin_0731_06-20_crop_01.jpg,bg_to_strip_inclusion,7,8,50,925,4,3,5,TINB/TINC
tin_0731_06-20_crop_01.jpg,bg_to_strip_inclusion,8,7,46,939,1,7,6,TIND
tin_0731_06-21_crop_01.jpg,bg_to_strip_inclusion,1,11,635,134,11,2,6,TIND
tin_0731_06-21_crop_01.jpg,bg_to_strip_inclusion,4,4,658,166,1,4,5,TINB/TINC
tin_0731_06-21_crop_01.jpg,bg_to_strip_inclusion,5,5,659,171,1,5,5,TINB/TINC
tin_0731_06-21_crop_01.jpg,bg_to_strip_inclusion,6,2,660,180,1,2,5,TINB/TINC
tin_0731_06-21_crop_01.jpg,bg_to_strip_inclusion,7,11,661,185,5,3,5,TINB/TINC
tin_0731_06-21_crop_01.jpg,bg_to_strip_inclusion,8,18,658,507,7,7,5,TINB/TINC
tin_0731_06-24_crop_01.jpg,bg_to_strip_inclusion,1,10,98,594,7,3,6,TIND
tin_0731_06-27_crop_01.jpg,bg_to_strip_inclusion,1,27,758,8,2,18,5,TINB/TINC
tin_0731_06-27_crop_01.jpg,bg_to_strip_inclusion,2,8,764,21,1,8,5,TINB/TINC
tin_0731_06-27_crop_01.jpg,bg_to_strip_inclusion,3,55,758,30,4,26,5,TINB/TINC
tin_0731_06-27_crop_01.jpg,bg_to_strip_inclusion,4,115,760,57,5,43,5,TINB/TINC
tin_0731_06-27_crop_01.jpg,bg_to_strip_inclusion,5,13,768,93,2,12,5,TINB/TINC
tin_0731_06-27_crop_01.jpg,bg_to_strip_inclusion,7,88,763,106,7,47,5,TINB/TINC
tin_0731_06-27_crop_01.jpg,bg_to_strip_inclusion,8,2,770,107,1,2,5,TINB/TINC
tin_0731_06-27_crop_01.jpg,bg_to_strip_inclusion,11,7,775,154,2,7,5,TINB/TINC
tin_0731_06-27_crop_01.jpg,bg_to_strip_inclusion,13,2,1011,501,2,2,6,TIND
tin_0731_06-27_crop_01.jpg,bg_to_strip_inclusion,14,12,1004,502,4,8,6,TIND
tin_0731_06-27_crop_01.jpg,bg_to_strip_inclusion,15,53,42,769,8,22,5,TINB/TINC
tin_0731_06-27_crop_01.jpg,bg_to_strip_inclusion,17,5,54,771,1,5,5,TINB/TINC
tin_0731_06-27_crop_01.jpg,bg_to_strip_inclusion,18,8,31,797,3,4,6,TIND
tin_0731_06-27_crop_01.jpg,bg_to_strip_inclusion,20,3,40,806,1,3,5,TINB/TINC
tin_0731_06-27_crop_01.jpg,bg_to_strip_inclusion,21,4,34,816,2,3,6,TIND
tin_0731_07-01_crop_00.jpg,bg_to_strip_inclusion,1,8,383,132,5,2,5,TINB/TINC
tin_0731_07-01_crop_00.jpg,bg_to_strip_inclusion,2,8,391,152,2,8,5,TINB/TINC
tin_0731_07-01_crop_00.jpg,bg_to_strip_inclusion,3,28,373,163,7,16,5,TINB/TINC
tin_0731_07-01_crop_00.jpg,bg_to_strip_inclusion,4,16,391,175,10,11,5,TINB/TINC
tin_0731_07-01_crop_00.jpg,bg_to_strip_inclusion,5,5,374,196,1,5,5,TINB/TINC
tin_0731_07-01_crop_00.jpg,bg_to_strip_inclusion,6,50,391,205,14,18,5,TINB/TINC
tin_0731_07-01_crop_00.jpg,bg_to_strip_inclusion,7,11,368,207,5,8,5,TINB/TINC
tin_0731_07-01_crop_00.jpg,bg_to_strip_inclusion,8,94,358,237,22,42,5,TINB/TINC
tin_0731_07-01_crop_00.jpg,bg_to_strip_inclusion,10,7,358,255,3,7,5,TINB/TINC
tin_0731_07-01_crop_00.jpg,bg_to_strip_inclusion,11,17,352,263,6,15,5,TINB/TINC
tin_0731_07-01_crop_00.jpg,bg_to_strip_inclusion,12,2,204,632,2,1,6,TIND
tin_0731_07-01_crop_00.jpg,bg_to_strip_inclusion,13,6,209,635,1,6,6,TIND
tin_0731_07-01_crop_00.jpg,bg_to_strip_inclusion,14,12,202,640,1,12,6,TIND
tin_0731_07-01_crop_00.jpg,bg_to_strip_inclusion,15,5,203,653,1,5,6,TIND
tin_0731_07-01_crop_00.jpg,bg_to_strip_inclusion,16,15,351,668,3,9,6,TIND
tin_0731_07-01_crop_00.jpg,bg_to_strip_inclusion,17,148,28,937,12,23,6,TIND
tin_0731_07-01_crop_00.jpg,bg_to_strip_inclusion,20,2,45,960,1,2,6,TIND
tin_0731_07-01_crop_00.jpg,bg_to_strip_inclusion,22,91,26,1007,9,16,6,TIND
tin_0731_07-03_crop_03.jpg,bg_to_strip_inclusion,1,292,122,736,19,40,5,TINB/TINC
tin_0731_07-03_crop_03.jpg,bg_to_strip_inclusion,2,4,133,984,4,1,5,TINB/TINC
tin_0731_07-03_crop_03.jpg,bg_to_strip_inclusion,3,8,131,986,1,8,5,TINB/TINC
tin_0731_07-03_crop_03.jpg,bg_to_strip_inclusion,5,3,139,990,1,3,5,TINB/TINC
tin_0731_07-03_crop_03.jpg,bg_to_strip_inclusion,6,5,132,996,1,5,5,TINB/TINC
tin_0731_07-03_crop_03.jpg,bg_to_strip_inclusion,7,2,133,1009,1,2,5,TINB/TINC
tin_0731_07-03_crop_03.jpg,bg_to_strip_inclusion,9,3,142,1013,1,3,5,TINB/TINC
tin_0731_07-05_crop_00.jpg,bg_to_strip_inclusion,1,24,659,484,4,10,5,TINB/TINC
tin_0731_07-05_crop_00.jpg,bg_to_strip_inclusion,2,7,653,487,4,7,5,TINB/TINC
tin_0731_07-05_crop_00.jpg,bg_to_strip_inclusion,3,6,653,496,2,6,5,TINB/TINC
tin_0731_07-05_crop_00.jpg,bg_to_strip_inclusion,5,3,660,582,1,3,5,TINB/TINC
tin_0731_07-05_crop_00.jpg,bg_to_strip_inclusion,6,20,659,586,1,20,5,TINB/TINC
tin_0731_07-05_crop_00.jpg,bg_to_strip_inclusion,7,2,652,600,1,2,5,TINB/TINC
tin_0731_07-05_crop_00.jpg,bg_to_strip_inclusion,8,12,660,612,1,12,5,TINB/TINC
tin_0731_07-05_crop_00.jpg,bg_to_strip_inclusion,9,39,652,623,3,38,5,TINB/TINC
tin_0731_07-05_crop_00.jpg,bg_to_strip_inclusion,10,8,661,626,1,8,5,TINB/TINC
tin_0731_07-05_crop_00.jpg,bg_to_strip_inclusion,11,3,662,635,1,3,5,TINB/TINC
tin_0731_07-05_crop_00.jpg,bg_to_strip_inclusion,14,3,666,648,3,3,5,TINB/TINC
tin_0731_07-05_crop_00.jpg,bg_to_strip_inclusion,15,11,669,652,7,9,5,TINB/TINC
tin_0731_07-05_crop_00.jpg,bg_to_strip_inclusion,16,19,649,663,3,17,5,TINB/TINC
tin_0731_07-05_crop_00.jpg,bg_to_strip_inclusion,17,4,671,667,4,4,5,TINB/TINC
tin_0731_07-05_crop_00.jpg,bg_to_strip_inclusion,18,17,658,678,4,9,5,TINB/TINC
tin_0731_07-05_crop_00.jpg,bg_to_strip_inclusion,19,31,660,932,8,16,5,TINB/TINC
tin_0731_07-05_crop_00.jpg,bg_to_strip_inclusion,20,2,668,938,1,2,5,TINB/TINC
tin_0731_07-05_crop_00.jpg,bg_to_strip_inclusion,21,3,669,941,1,3,5,TINB/TINC
tin_0731_07-05_crop_02.jpg,bg_to_strip_inclusion,1,24,87,298,9,12,6,TIND
tin_0731_07-05_crop_02.jpg,bg_to_strip_inclusion,3,33,90,301,12,11,6,TIND
tin_0731_07-08_crop_01.jpg,bg_to_strip_inclusion,1,4,402,477,4,3,6,TIND
tin_0731_07-08_crop_01.jpg,bg_to_strip_inclusion,2,7,395,478,3,6,6,TIND
tin_0731_07-08_crop_01.jpg,bg_to_strip_inclusion,4,3,399,490,3,2,6,TIND
tin_0731_07-10_crop_01.jpg,bg_to_strip_inclusion,1,99,811,302,7,20,6,TIND
tin_0731_07-12_crop_00.jpg,bg_to_strip_inclusion,1,2,538,70,2,2,6,TIND
tin_0731_07-12_crop_00.jpg,bg_to_strip_inclusion,5,8,315,166,1,8,5,TINB/TINC
tin_0731_07-12_crop_00.jpg,bg_to_strip_inclusion,6,17,310,251,1,17,5,TINB/TINC
tin_0731_07-12_crop_00.jpg,bg_to_strip_inclusion,7,9,310,279,1,9,5,TINB/TINC
tin_0731_07-12_crop_00.jpg,bg_to_strip_inclusion,9,2,495,308,1,2,6,TIND
tin_0731_07-12_crop_00.jpg,bg_to_strip_inclusion,11,5,309,329,1,5,5,TINB/TINC
tin_0731_07-12_crop_00.jpg,bg_to_strip_inclusion,12,266,319,353,11,43,5,TINB/TINC
tin_0731_07-12_crop_00.jpg,bg_to_strip_inclusion,13,43,351,355,20,20,6,TIND
tin_0731_07-12_crop_00.jpg,bg_to_strip_inclusion,14,8,308,361,2,7,5,TINB/TINC
tin_0731_07-12_crop_00.jpg,bg_to_strip_inclusion,16,5,369,384,4,4,6,TIND
tin_0731_07-12_crop_00.jpg,bg_to_strip_inclusion,17,9,312,390,4,5,5,TINB/TINC
tin_0731_07-12_crop_00.jpg,bg_to_strip_inclusion,18,17,345,391,8,5,6,TIND
tin_0731_07-12_crop_00.jpg,bg_to_strip_inclusion,19,2,344,396,1,2,6,TIND
tin_0731_07-12_crop_00.jpg,bg_to_strip_inclusion,23,11,348,410,6,4,6,TIND
tin_0731_07-12_crop_00.jpg,bg_to_strip_inclusion,25,2,520,431,1,2,5,TINB/TINC
tin_0731_07-12_crop_00.jpg,bg_to_strip_inclusion,28,3,524,451,1,3,5,TINB/TINC
tin_0731_07-12_crop_00.jpg,bg_to_strip_inclusion,30,2,517,457,1,2,5,TINB/TINC
tin_0731_07-12_crop_00.jpg,bg_to_strip_inclusion,31,36,506,492,5,21,5,TINB/TINC
tin_0731_07-12_crop_00.jpg,bg_to_strip_inclusion,32,3,505,514,1,3,5,TINB/TINC
tin_0731_07-12_crop_00.jpg,bg_to_strip_inclusion,34,3,510,524,1,3,5,TINB/TINC
tin_0731_07-12_crop_00.jpg,bg_to_strip_inclusion,35,6,496,621,3,6,6,TIND
tin_0731_07-12_crop_00.jpg,bg_to_strip_inclusion,36,144,352,764,9,71,5,TINB/TINC
tin_0731_07-12_crop_00.jpg,bg_to_strip_inclusion,37,2,361,781,1,2,5,TINB/TINC
tin_0731_07-12_crop_00.jpg,bg_to_strip_inclusion,38,4,362,791,1,4,5,TINB/TINC
tin_0731_07-12_crop_00.jpg,bg_to_strip_inclusion,39,4,363,802,1,4,5,TINB/TINC
tin_0731_07-12_crop_00.jpg,bg_to_strip_inclusion,40,5,364,812,1,5,5,TINB/TINC
tin_0731_07-12_crop_00.jpg,bg_to_strip_inclusion,41,3,365,821,1,3,5,TINB/TINC
tin_0731_07-12_crop_00.jpg,bg_to_strip_inclusion,46,2,363,842,1,2,5,TINB/TINC
tin_0731_07-12_crop_00.jpg,bg_to_strip_inclusion,47,6,364,845,1,6,5,TINB/TINC
tin_0731_07-12_crop_00.jpg,bg_to_strip_inclusion,48,3,372,850,1,3,5,TINB/TINC
tin_0731_07-12_crop_00.jpg,bg_to_strip_inclusion,49,2,521,884,1,2,5,TINB/TINC
tin_0731_07-12_crop_00.jpg,bg_to_strip_inclusion,50,3,520,887,1,3,5,TINB/TINC
tin_0731_07-12_crop_00.jpg,bg_to_strip_inclusion,52,4,355,920,1,4,5,TINB/TINC
tin_0731_07-12_crop_00.jpg,bg_to_strip_inclusion,53,14,353,925,2,14,5,TINB/TINC
tin_0731_07-12_crop_00.jpg,bg_to_strip_inclusion,54,2,508,944,1,2,5,TINB/TINC
tin_0731_07-12_crop_00.jpg,bg_to_strip_inclusion,55,6,507,949,1,6,5,TINB/TINC
tin_0731_07-12_crop_00.jpg,bg_to_strip_inclusion,56,7,508,956,1,7,5,TINB/TINC
tin_0731_07-12_crop_00.jpg,bg_to_strip_inclusion,57,31,353,961,9,8,5,TINB/TINC
tin_0731_07-12_crop_00.jpg,bg_to_strip_inclusion,58,10,383,967,7,8,5,TINB/TINC
tin_0731_07-12_crop_00.jpg,bg_to_strip_inclusion,59,2,516,967,1,2,5,TINB/TINC
tin_0731_07-13_crop_00.jpg,bg_to_strip_inclusion,1,29,891,589,13,9,6,TIND
tin_0731_07-13_crop_00.jpg,bg_to_strip_inclusion,3,3,895,600,3,1,6,TIND
tin_0731_07-13_crop_00.jpg,bg_to_strip_inclusion,4,32,931,818,6,13,6,TIND
tin_0731_07-13_crop_01.jpg,bg_to_strip_inclusion,1,4,768,878,4,2,2,B
tin_0731_07-13_crop_01.jpg,bg_to_strip_inclusion,4,10,767,889,8,4,2,B
tin_0731_07-13_crop_01.jpg,bg_to_strip_inclusion,5,27,773,927,4,9,5,TINB/TINC
tin_0731_07-17_crop_00.jpg,bg_to_strip_inclusion,1,2,877,116,2,2,6,TIND
tin_0731_07-17_crop_00.jpg,bg_to_strip_inclusion,3,2,875,124,1,2,6,TIND
tin_0731_07-17_crop_00.jpg,bg_to_strip_inclusion,4,2,904,286,1,2,5,TINB/TINC
tin_0731_07-17_crop_00.jpg,bg_to_strip_inclusion,5,4,905,289,1,4,5,TINB/TINC
tin_0731_07-17_crop_00.jpg,bg_to_strip_inclusion,6,2,906,297,1,2,5,TINB/TINC
tin_0731_07-17_crop_00.jpg,bg_to_strip_inclusion,7,33,907,324,2,19,5,TINB/TINC
tin_0731_07-17_crop_00.jpg,bg_to_strip_inclusion,8,6,899,328,1,6,5,TINB/TINC
tin_0731_07-17_crop_00.jpg,bg_to_strip_inclusion,9,2,900,336,1,2,5,TINB/TINC
tin_0731_07-17_crop_00.jpg,bg_to_strip_inclusion,10,43,922,598,3,26,5,TINB/TINC
tin_0731_07-17_crop_00.jpg,bg_to_strip_inclusion,11,15,39,875,6,12,6,TIND
tin_0731_07-17_crop_00.jpg,bg_to_strip_inclusion,12,12,49,874,6,6,6,TIND
tin_0731_07-17_crop_00.jpg,bg_to_strip_inclusion,13,34,52,881,4,11,6,TIND
tin_0731_07-17_crop_00.jpg,bg_to_strip_inclusion,14,2,38,888,1,2,6,TIND
tin_0731_07-17_crop_00.jpg,bg_to_strip_inclusion,15,12,46,898,9,4,6,TIND
tin_0731_07-19_crop_00.jpg,bg_to_strip_inclusion,1,4,968,28,2,4,6,TIND
tin_0731_07-19_crop_00.jpg,bg_to_strip_inclusion,2,27,957,31,5,9,6,TIND
tin_0731_07-19_crop_00.jpg,bg_to_strip_inclusion,3,4,952,33,2,4,6,TIND
tin_0731_07-19_crop_00.jpg,bg_to_strip_inclusion,5,2,952,57,1,2,6,TIND
tin_0731_07-19_crop_00.jpg,bg_to_strip_inclusion,7,7,950,108,2,7,6,TIND
tin_0731_07-19_crop_00.jpg,bg_to_strip_inclusion,8,18,961,110,2,12,6,TIND
tin_0731_07-19_crop_00.jpg,bg_to_strip_inclusion,9,2,949,116,1,2,6,TIND
tin_0731_07-19_crop_00.jpg,bg_to_strip_inclusion,10,2,952,124,2,1,6,TIND
tin_0731_07-19_crop_00.jpg,bg_to_strip_inclusion,11,2,955,125,2,1,6,TIND
tin_0731_07-19_crop_00.jpg,bg_to_strip_inclusion,12,5,706,442,5,2,5,TINB/TINC
tin_0731_07-19_crop_00.jpg,bg_to_strip_inclusion,13,22,701,445,3,18,5,TINB/TINC
tin_0731_07-19_crop_00.jpg,bg_to_strip_inclusion,14,39,711,447,3,23,5,TINB/TINC
tin_0731_07-19_crop_00.jpg,bg_to_strip_inclusion,15,3,704,467,1,3,5,TINB/TINC
tin_0731_07-19_crop_00.jpg,bg_to_strip_inclusion,18,29,706,487,3,24,5,TINB/TINC
tin_0731_07-19_crop_00.jpg,bg_to_strip_inclusion,19,4,716,512,1,4,5,TINB/TINC
tin_0731_07-19_crop_00.jpg,bg_to_strip_inclusion,20,11,717,518,2,10,5,TINB/TINC
tin_0731_07-19_crop_00.jpg,bg_to_strip_inclusion,21,19,710,559,1,19,5,TINB/TINC
tin_0731_07-19_crop_00.jpg,bg_to_strip_inclusion,22,5,167,606,4,2,6,TIND
tin_0731_07-19_crop_00.jpg,bg_to_strip_inclusion,23,8,166,609,2,7,6,TIND
tin_0731_07-19_crop_00.jpg,bg_to_strip_inclusion,24,21,172,608,14,17,6,TIND
tin_0731_07-19_crop_00.jpg,bg_to_strip_inclusion,27,92,697,618,7,38,5,TINB/TINC
tin_0731_07-19_crop_00.jpg,bg_to_strip_inclusion,28,9,175,625,8,3,6,TIND
tin_0731_07-19_crop_00.jpg,bg_to_strip_inclusion,30,26,438,676,5,17,5,TINB/TINC
tin_0731_07-19_crop_00.jpg,bg_to_strip_inclusion,32,3,445,690,1,3,5,TINB/TINC
tin_0731_07-19_crop_00.jpg,bg_to_strip_inclusion,33,5,437,694,1,5,5,TINB/TINC
tin_0731_07-19_crop_00.jpg,bg_to_strip_inclusion,34,2,444,695,1,2,5,TINB/TINC
tin_0731_07-19_crop_00.jpg,bg_to_strip_inclusion,39,10,433,713,2,10,5,TINB/TINC
tin_0731_07-19_crop_00.jpg,bg_to_strip_inclusion,40,2,440,712,1,2,5,TINB/TINC
tin_0731_07-19_crop_00.jpg,bg_to_strip_inclusion,41,3,439,716,1,3,5,TINB/TINC
tin_0731_07-19_crop_00.jpg,bg_to_strip_inclusion,42,3,438,723,1,3,5,TINB/TINC
tin_0731_07-19_crop_00.jpg,bg_to_strip_inclusion,43,2,432,727,1,2,5,TINB/TINC
tin_0731_07-19_crop_00.jpg,bg_to_strip_inclusion,44,3,437,732,1,3,5,TINB/TINC
tin_0731_07-19_crop_00.jpg,bg_to_strip_inclusion,46,38,427,738,4,23,5,TINB/TINC
tin_0731_07-19_crop_00.jpg,bg_to_strip_inclusion,48,5,418,801,2,5,5,TINB/TINC
tin_0731_07-19_crop_00.jpg,bg_to_strip_inclusion,49,2,414,802,1,2,5,TINB/TINC
tin_0731_07-19_crop_00.jpg,bg_to_strip_inclusion,50,2,413,805,1,2,5,TINB/TINC
tin_0731_07-19_crop_00.jpg,bg_to_strip_inclusion,51,41,401,808,12,30,5,TINB/TINC
tin_0731_07-19_crop_00.jpg,bg_to_strip_inclusion,54,2,415,815,1,2,5,TINB/TINC
tin_0731_07-19_crop_00.jpg,bg_to_strip_inclusion,55,2,414,818,1,2,5,TINB/TINC
tin_0731_07-19_crop_00.jpg,bg_to_strip_inclusion,60,5,392,860,2,5,5,TINB/TINC
tin_0731_07-19_crop_00.jpg,bg_to_strip_inclusion,61,13,391,866,6,9,5,TINB/TINC
tin_0731_07-19_crop_00.jpg,bg_to_strip_inclusion,63,62,166,938,8,26,5,TINB/TINC
tin_0731_07-19_crop_00.jpg,bg_to_strip_inclusion,64,262,172,954,17,64,5,TINB/TINC
tin_0731_07-22_crop_02.jpg,bg_to_strip_inclusion,1,9,929,60,4,7,6,TIND
tin_0731_07-22_crop_02.jpg,bg_to_strip_inclusion,2,2,919,65,2,2,6,TIND
tin_0731_07-22_crop_02.jpg,bg_to_strip_inclusion,3,2,921,68,2,2,6,TIND
tin_0731_07-22_crop_03.jpg,bg_to_strip_inclusion,1,12,441,382,9,3,6,TIND
tin_0731_07-22_crop_03.jpg,bg_to_strip_inclusion,3,3,451,390,2,3,6,TIND
tin_0731_07-26_crop_01.jpg,bg_to_strip_inclusion,1,4,686,174,1,4,6,TIND
tin_0731_07-26_crop_01.jpg,bg_to_strip_inclusion,2,2,679,182,2,2,6,TIND
tin_0731_07-26_crop_01.jpg,bg_to_strip_inclusion,3,30,483,274,18,11,6,TIND
tin_0731_07-26_crop_01.jpg,bg_to_strip_inclusion,4,15,497,279,4,9,6,TIND
tin_0731_07-26_crop_01.jpg,bg_to_strip_inclusion,6,11,478,287,4,7,6,TIND
tin_0731_07-26_crop_01.jpg,bg_to_strip_inclusion,7,14,485,290,11,5,6,TIND
tin_0731_07-26_crop_01.jpg,bg_to_strip_inclusion,8,17,348,942,5,8,6,TIND
tin_0731_07-30_crop_01.jpg,bg_to_strip_inclusion,1,81,349,401,11,43,6,TIND
tin_0731_07-30_crop_01.jpg,bg_to_strip_inclusion,2,21,362,403,2,18,6,TIND
tin_0731_07-30_crop_01.jpg,bg_to_strip_inclusion,3,4,364,429,1,4,6,TIND
tin_0731_07-30_crop_01.jpg,bg_to_strip_inclusion,4,3,361,441,3,3,6,TIND
tin_0731_07-30_crop_01.jpg,bg_to_strip_inclusion,5,3,369,529,2,3,5,TINB/TINC
tin_0731_07-30_crop_01.jpg,bg_to_strip_inclusion,7,2,371,533,1,2,6,TIND
tin_0731_07-30_crop_01.jpg,bg_to_strip_inclusion,8,2,372,538,1,2,6,TIND
tin_0731_07-30_crop_01.jpg,bg_to_strip_inclusion,9,25,362,543,3,22,6,TIND
tin_0731_07-30_crop_01.jpg,bg_to_strip_inclusion,10,7,372,558,2,6,6,TIND
tin_0731_08-01_crop_00.jpg,bg_to_strip_inclusion,1,6,132,287,5,2,5,TINB/TINC
tin_0731_08-01_crop_00.jpg,bg_to_strip_inclusion,2,30,129,291,5,23,5,TINB/TINC
tin_0731_08-01_crop_00.jpg,bg_to_strip_inclusion,3,15,141,293,1,15,5,TINB/TINC
tin_0731_08-01_crop_00.jpg,bg_to_strip_inclusion,4,2,128,315,1,2,5,TINB/TINC
tin_0731_08-01_crop_00.jpg,bg_to_strip_inclusion,5,3,129,318,1,3,5,TINB/TINC
tin_0731_08-01_crop_00.jpg,bg_to_strip_inclusion,6,39,139,319,4,24,5,TINB/TINC
tin_0731_08-01_crop_00.jpg,bg_to_strip_inclusion,7,94,130,322,6,41,5,TINB/TINC
tin_0731_08-01_crop_00.jpg,bg_to_strip_inclusion,8,14,592,722,6,6,6,TIND
tin_0731_08-01_crop_00.jpg,bg_to_strip_inclusion,10,5,593,735,3,5,6,TIND
tin_0731_08-03_crop_00.jpg,bg_to_strip_inclusion,4,15,501,98,3,13,5,TINB/TINC
tin_0731_08-03_crop_00.jpg,bg_to_strip_inclusion,6,2,50,282,1,2,6,TIND
tin_0731_08-03_crop_00.jpg,bg_to_strip_inclusion,7,15,914,286,4,7,6,TIND
tin_0731_08-03_crop_00.jpg,bg_to_strip_inclusion,8,23,50,290,7,7,6,TIND
tin_0731_08-03_crop_00.jpg,bg_to_strip_inclusion,9,12,927,291,8,3,6,TIND
tin_0731_08-03_crop_00.jpg,bg_to_strip_inclusion,10,5,919,303,2,4,6,TIND
tin_0731_08-03_crop_00.jpg,bg_to_strip_inclusion,11,3,924,317,3,1,6,TIND
tin_0731_08-03_crop_00.jpg,bg_to_strip_inclusion,12,3,919,407,3,2,6,TIND
tin_0731_08-03_crop_00.jpg,bg_to_strip_inclusion,14,3,916,413,1,3,6,TIND
tin_0731_08-03_crop_00.jpg,bg_to_strip_inclusion,16,3,898,578,1,3,6,TIND
tin_0731_08-03_crop_00.jpg,bg_to_strip_inclusion,18,4,900,584,2,4,6,TIND
tin_0731_08-14_crop_01.jpg,bg_to_strip_inclusion,2,3,900,0,2,2,5,TINB/TINC
tin_0731_08-14_crop_01.jpg,bg_to_strip_inclusion,5,24,907,383,7,8,5,TINB/TINC
tin_0731_08-14_crop_01.jpg,bg_to_strip_inclusion,6,36,905,391,2,29,5,TINB/TINC
tin_0731_08-14_crop_01.jpg,bg_to_strip_inclusion,7,3,913,405,1,3,5,TINB/TINC
tin_0731_08-14_crop_01.jpg,bg_to_strip_inclusion,8,116,904,421,9,45,5,TINB/TINC
tin_0731_08-14_crop_01.jpg,bg_to_strip_inclusion,9,2,504,427,1,2,6,TIND
tin_0731_08-14_crop_01.jpg,bg_to_strip_inclusion,14,3,931,700,1,3,5,TINB/TINC
tin_0731_08-14_crop_01.jpg,bg_to_strip_inclusion,15,3,932,704,1,3,5,TINB/TINC
tin_0731_08-14_crop_01.jpg,bg_to_strip_inclusion,16,2,942,708,1,2,5,TINB/TINC
tin_0731_08-14_crop_01.jpg,bg_to_strip_inclusion,18,2,944,713,1,2,5,TINB/TINC
tin_0731_08-14_crop_01.jpg,bg_to_strip_inclusion,19,262,936,715,17,73,5,TINB/TINC
tin_0731_08-14_crop_01.jpg,bg_to_strip_inclusion,20,7,945,716,3,7,5,TINB/TINC
tin_0731_08-14_crop_01.jpg,bg_to_strip_inclusion,21,2,948,724,1,2,5,TINB/TINC
tin_0731_08-29_crop_00.jpg,bg_to_strip_inclusion,2,3,825,107,1,3,5,TINB/TINC
tin_0731_08-29_crop_00.jpg,bg_to_strip_inclusion,3,3,820,110,1,3,5,TINB/TINC
tin_0731_08-29_crop_00.jpg,bg_to_strip_inclusion,4,5,826,112,2,5,5,TINB/TINC
tin_0731_08-29_crop_00.jpg,bg_to_strip_inclusion,5,25,821,115,4,24,5,TINB/TINC
tin_0731_08-29_crop_00.jpg,bg_to_strip_inclusion,7,12,829,120,2,11,5,TINB/TINC
tin_0731_08-29_crop_00.jpg,bg_to_strip_inclusion,8,24,821,141,3,21,5,TINB/TINC
tin_0731_08-29_crop_00.jpg,bg_to_strip_inclusion,9,8,823,182,2,6,5,TINB/TINC
tin_0731_08-29_crop_00.jpg,bg_to_strip_inclusion,10,20,803,278,7,13,5,TINB/TINC
tin_0731_08-29_crop_00.jpg,bg_to_strip_inclusion,11,2,813,294,2,2,5,TINB/TINC
tin_0731_08-29_crop_00.jpg,bg_to_strip_inclusion,12,44,796,296,3,36,5,TINB/TINC
tin_0731_08-29_crop_00.jpg,bg_to_strip_inclusion,13,11,790,380,2,9,5,TINB/TINC
tin_0731_08-29_crop_00.jpg,bg_to_strip_inclusion,14,2,465,400,2,2,6,TIND
tin_0731_08-29_crop_00.jpg,bg_to_strip_inclusion,16,3,783,428,1,3,5,TINB/TINC
tin_0731_08-29_crop_00.jpg,bg_to_strip_inclusion,17,2,782,433,1,2,5,TINB/TINC
tin_0731_08-29_crop_00.jpg,bg_to_strip_inclusion,18,2,791,436,1,2,5,TINB/TINC
tin_0731_08-29_crop_00.jpg,bg_to_strip_inclusion,21,2,780,458,1,2,5,TINB/TINC
tin_0731_08-29_crop_00.jpg,bg_to_strip_inclusion,25,3,753,568,3,2,6,TIND
tin_0731_08-29_crop_00.jpg,bg_to_strip_inclusion,27,21,760,570,13,2,6,TIND
tin_0731_08-29_crop_00.jpg,bg_to_strip_inclusion,28,4,795,855,1,4,5,TINB/TINC
tin_0731_08-29_crop_01.jpg,bg_to_strip_inclusion,1,15,819,119,7,7,6,TIND
tin_0731_08-29_crop_01.jpg,bg_to_strip_inclusion,2,9,818,128,1,9,6,TIND
tin_0731_08-29_crop_01.jpg,bg_to_strip_inclusion,3,6,819,141,2,6,6,TIND
tin_0731_08-29_crop_01.jpg,bg_to_strip_inclusion,4,3,824,357,3,2,6,TIND
tin_0731_08-29_crop_01.jpg,bg_to_strip_inclusion,5,2,219,460,1,2,5,TINB/TINC
tin_0731_08-29_crop_01.jpg,bg_to_strip_inclusion,6,2,218,463,1,2,5,TINB/TINC
tin_0731_08-29_crop_01.jpg,bg_to_strip_inclusion,11,4,209,562,1,4,5,TINB/TINC
tin_0731_08-29_crop_01.jpg,bg_to_strip_inclusion,12,4,208,568,1,4,5,TINB/TINC
tin_0731_09-02_crop_00.jpg,bg_to_strip_inclusion,1,53,590,474,8,26,5,TINB/TINC
tin_0731_09-02_crop_00.jpg,bg_to_strip_inclusion,2,5,598,484,1,5,5,TINB/TINC
tin_0731_09-02_crop_00.jpg,bg_to_strip_inclusion,3,6,591,505,6,1,5,TINB/TINC
tin_0731_09-04_crop_01.jpg,bg_to_strip_inclusion,1,15,826,212,10,5,6,TIND
tin_0731_09-04_crop_01.jpg,bg_to_strip_inclusion,2,2,833,222,2,2,6,TIND
tin_0731_09-04_crop_01.jpg,bg_to_strip_inclusion,3,12,828,225,5,10,6,TIND
tin_0731_09-04_crop_01.jpg,bg_to_strip_inclusion,4,22,818,230,8,11,6,TIND
tin_0731_09-04_crop_01.jpg,bg_to_strip_inclusion,6,33,842,564,5,15,6,TIND
tin_0731_09-04_crop_01.jpg,bg_to_strip_inclusion,7,4,814,861,4,2,6,TIND
tin_0731_09-04_crop_01.jpg,bg_to_strip_inclusion,8,6,820,861,5,3,6,TIND
tin_0731_09-04_crop_01.jpg,bg_to_strip_inclusion,9,8,812,864,2,8,6,TIND
tin_0731_09-04_crop_01.jpg,bg_to_strip_inclusion,10,36,816,884,15,20,6,TIND
tin_0731_09-04_crop_01.jpg,bg_to_strip_inclusion,11,2,811,895,1,2,6,TIND
tin_0731_09-08_crop_00.jpg,bg_to_strip_inclusion,1,12,199,100,4,7,6,TIND
tin_0731_09-08_crop_00.jpg,bg_to_strip_inclusion,2,3,209,102,1,3,6,TIND
tin_0731_09-08_crop_00.jpg,bg_to_strip_inclusion,3,6,948,192,3,5,6,TIND
tin_0731_09-08_crop_00.jpg,bg_to_strip_inclusion,5,34,177,558,8,18,6,TIND
tin_0731_09-08_crop_00.jpg,bg_to_strip_inclusion,6,3,186,558,2,3,6,TIND
tin_0731_09-08_crop_00.jpg,bg_to_strip_inclusion,7,3,188,563,1,3,6,TIND
tin_0731_09-08_crop_00.jpg,bg_to_strip_inclusion,8,9,185,586,3,3,5,TINB/TINC
tin_0731_09-08_crop_00.jpg,bg_to_strip_inclusion,9,19,183,601,11,9,6,TIND
tin_0731_09-08_crop_00.jpg,bg_to_strip_inclusion,10,3,194,612,1,3,6,TIND
tin_0731_09-08_crop_00.jpg,bg_to_strip_inclusion,11,4,181,625,1,4,6,TIND
tin_0731_09-08_crop_00.jpg,bg_to_strip_inclusion,12,2,197,627,1,2,6,TIND
tin_0731_09-08_crop_00.jpg,bg_to_strip_inclusion,14,3,184,634,3,3,6,TIND
tin_0731_09-08_crop_00.jpg,bg_to_strip_inclusion,15,2,188,637,2,2,6,TIND
tin_0731_09-09_crop_02.jpg,bg_to_strip_inclusion,1,3,973,559,1,3,6,TIND
tin_0731_09-13_crop_01.jpg,bg_to_strip_inclusion,1,22,984,737,5,15,5,TINB/TINC
tin_0731_09-13_crop_01.jpg,bg_to_strip_inclusion,2,26,976,741,1,26,5,TINB/TINC
tin_0731_09-13_crop_01.jpg,bg_to_strip_inclusion,3,8,977,768,6,2,5,TINB/TINC
tin_0731_09-13_crop_01.jpg,bg_to_strip_inclusion,4,24,970,841,9,8,5,TINB/TINC
tin_0731_09-13_crop_01.jpg,bg_to_strip_inclusion,5,3,967,852,1,3,5,TINB/TINC
tin_0731_09-13_crop_01.jpg,bg_to_strip_inclusion,6,14,965,856,2,11,5,TINB/TINC
tin_0731_09-13_crop_01.jpg,bg_to_strip_inclusion,8,2,966,873,1,2,5,TINB/TINC
tin_0731_09-14_crop_02.jpg,bg_to_strip_inclusion,1,9,694,210,6,5,6,TIND
tin_0731_09-14_crop_02.jpg,bg_to_strip_inclusion,2,23,691,219,2,20,6,TIND
tin_0731_09-14_crop_02.jpg,bg_to_strip_inclusion,3,4,693,240,4,2,6,TIND
tin_0731_09-18_crop_00.jpg,bg_to_strip_inclusion,1,17,360,38,8,6,5,TINB/TINC
tin_0731_09-18_crop_00.jpg,bg_to_strip_inclusion,2,8,359,43,1,8,5,TINB/TINC
tin_0731_09-18_crop_00.jpg,bg_to_strip_inclusion,3,15,359,66,2,15,5,TINB/TINC
tin_0731_09-18_crop_00.jpg,bg_to_strip_inclusion,5,2,882,337,2,2,6,TIND
tin_0731_09-18_crop_00.jpg,bg_to_strip_inclusion,6,2,884,340,1,2,6,TIND
tin_0731_09-18_crop_00.jpg,bg_to_strip_inclusion,7,18,154,441,8,4,5,TINB/TINC
tin_0731_09-18_crop_00.jpg,bg_to_strip_inclusion,8,129,154,446,9,44,5,TINB/TINC
tin_0731_09-18_crop_00.jpg,bg_to_strip_inclusion,9,25,163,465,1,25,5,TINB/TINC
tin_0731_09-18_crop_00.jpg,bg_to_strip_inclusion,10,6,156,491,4,5,5,TINB/TINC
tin_0731_09-18_crop_00.jpg,bg_to_strip_inclusion,11,3,140,594,3,2,6,TIND
tin_0731_09-18_crop_00.jpg,bg_to_strip_inclusion,14,4,137,601,1,4,6,TIND
tin_0731_09-18_crop_00.jpg,bg_to_strip_inclusion,16,35,337,696,11,23,6,TIND
tin_0731_09-18_crop_00.jpg,bg_to_strip_inclusion,17,17,348,703,2,10,6,TIND
tin_0731_09-18_crop_00.jpg,bg_to_strip_inclusion,18,4,345,718,4,3,6,TIND
tin_0731_09-18_crop_00.jpg,bg_to_strip_inclusion,19,33,920,819,10,8,5,TINB/TINC
tin_0731_09-18_crop_00.jpg,bg_to_strip_inclusion,20,2,930,825,1,2,5,TINB/TINC
tin_0731_09-18_crop_00.jpg,bg_to_strip_inclusion,21,205,919,828,11,34,5,TINB/TINC
tin_0731_09-18_crop_00.jpg,bg_to_strip_inclusion,22,55,840,908,20,20,6,TIND
tin_0731_09-18_crop_00.jpg,bg_to_strip_inclusion,23,7,860,913,2,6,6,TIND
tin_0731_09-18_crop_00.jpg,bg_to_strip_inclusion,24,7,857,926,5,4,6,TIND
tin_0731_09-18_crop_00.jpg,bg_to_strip_inclusion,25,220,853,943,15,32,5,TINB/TINC
tin_0731_09-18_crop_00.jpg,bg_to_strip_inclusion,26,23,865,983,3,12,5,TINB/TINC
tin_0731_09-18_crop_00.jpg,bg_to_strip_inclusion,27,15,851,988,4,7,5,TINB/TINC
tin_0731_09-18_crop_00.jpg,bg_to_strip_inclusion,28,12,851,998,5,7,5,TINB/TINC
tin_0731_09-18_crop_00.jpg,bg_to_strip_inclusion,29,13,864,999,5,7,5,TINB/TINC
tin_0731_09-21_crop_02.jpg,bg_to_strip_inclusion,1,8,180,668,3,7,6,TIND
tin_0731_09-22_crop_00.jpg,bg_to_strip_inclusion,1,788,899,90,22,128,5,TINB/TINC
tin_0731_09-22_crop_00.jpg,bg_to_strip_inclusion,2,23,598,350,17,5,6,TIND
tin_0731_09-22_crop_00.jpg,bg_to_strip_inclusion,4,8,181,670,7,3,6,TIND
tin_0731_09-22_crop_00.jpg,bg_to_strip_inclusion,6,17,178,676,9,11,6,TIND
tin_0731_09-22_crop_00.jpg,bg_to_strip_inclusion,7,6,173,681,2,6,6,TIND
tin_0731_09-22_crop_00.jpg,bg_to_strip_inclusion,8,98,827,815,31,12,6,TIND
tin_0731_09-22_crop_00.jpg,bg_to_strip_inclusion,9,37,848,825,8,11,6,TIND
tin_0731_09-22_crop_00.jpg,bg_to_strip_inclusion,10,10,828,828,4,9,6,TIND
tin_0731_09-22_crop_00.jpg,bg_to_strip_inclusion,13,3,855,844,1,3,6,TIND
tin_0731_09-22_crop_00.jpg,bg_to_strip_inclusion,14,37,833,846,11,12,6,TIND
tin_0731_09-22_crop_00.jpg,bg_to_strip_inclusion,15,23,845,848,10,8,6,TIND
tin_0731_09-26_crop_02.jpg,bg_to_strip_inclusion,1,3,229,388,1,3,5,TINB/TINC
tin_0731_09-26_crop_02.jpg,bg_to_strip_inclusion,2,14,225,577,2,12,5,TINB/TINC
tin_0731_09-26_crop_02.jpg,bg_to_strip_inclusion,3,9,234,578,2,7,5,TINB/TINC
tin_0731_09-26_crop_02.jpg,bg_to_strip_inclusion,4,22,249,754,3,15,5,TINB/TINC
tin_0731_09-26_crop_02.jpg,bg_to_strip_inclusion,8,2,229,787,1,2,5,TINB/TINC
tin_0731_09-26_crop_02.jpg,bg_to_strip_inclusion,9,4,228,791,1,4,5,TINB/TINC
tin_0731_09-26_crop_02.jpg,bg_to_strip_inclusion,10,7,232,812,1,7,5,TINB/TINC
tin_0731_09-26_crop_02.jpg,bg_to_strip_inclusion,12,16,220,855,6,7,5,TINB/TINC
tin_0731_09-26_crop_02.jpg,bg_to_strip_inclusion,13,20,222,895,2,15,5,TINB/TINC
tin_0731_09-26_crop_02.jpg,bg_to_strip_inclusion,14,4,226,932,3,4,5,TINB/TINC
tin_0731_09-26_crop_02.jpg,bg_to_strip_inclusion,15,2,229,937,2,2,5,TINB/TINC
tin_0731_09-29_crop_01.jpg,bg_to_strip_inclusion,1,5,830,853,5,3,6,TIND
tin_0731_09-29_crop_01.jpg,bg_to_strip_inclusion,3,8,839,854,2,7,6,TIND
tin_0731_09-29_crop_01.jpg,bg_to_strip_inclusion,4,3,825,857,3,3,6,TIND
tin_0731_09-29_crop_01.jpg,bg_to_strip_inclusion,5,9,839,864,2,6,6,TIND
tin_0731_09-29_crop_01.jpg,bg_to_strip_inclusion,7,2,833,876,2,1,6,TIND
tin_0731_09-31_crop_01.jpg,bg_to_strip_inclusion,1,146,916,17,4,65,5,TINB/TINC
tin_0731_09-31_crop_01.jpg,bg_to_strip_inclusion,3,3,926,36,1,3,5,TINB/TINC
tin_0731_09-31_crop_01.jpg,bg_to_strip_inclusion,4,25,926,42,5,10,5,TINB/TINC
tin_0731_09-31_crop_01.jpg,bg_to_strip_inclusion,6,10,920,123,2,10,5,TINB/TINC
tin_0731_09-31_crop_01.jpg,bg_to_strip_inclusion,7,3,913,135,1,3,5,TINB/TINC
tin_0731_09-31_crop_01.jpg,bg_to_strip_inclusion,8,2,922,135,1,2,5,TINB/TINC
tin_0731_09-31_crop_01.jpg,bg_to_strip_inclusion,9,2,914,140,1,2,5,TINB/TINC
tin_0731_09-31_crop_01.jpg,bg_to_strip_inclusion,10,3,923,140,1,3,5,TINB/TINC
tin_0731_09-31_crop_01.jpg,bg_to_strip_inclusion,11,2,915,143,1,2,5,TINB/TINC
tin_0731_09-31_crop_01.jpg,bg_to_strip_inclusion,13,24,14,356,8,9,6,TIND
tin_0731_09-31_crop_01.jpg,bg_to_strip_inclusion,14,7,22,366,1,7,6,TIND
tin_0731_09-31_crop_01.jpg,bg_to_strip_inclusion,15,318,11,377,12,59,5,TINB/TINC
tin_0731_09-31_crop_01.jpg,bg_to_strip_inclusion,17,4,14,449,4,3,6,TIND
tin_0731_09-32_crop_00.jpg,bg_to_strip_inclusion,1,14,435,505,6,5,6,TIND
tin_0731_09-32_crop_00.jpg,bg_to_strip_inclusion,2,2,433,507,1,2,6,TIND
tin_0731_09-32_crop_00.jpg,bg_to_strip_inclusion,3,207,428,539,10,52,5,TINB/TINC
tin_0731_09-32_crop_00.jpg,bg_to_strip_inclusion,4,8,429,593,7,6,6,TIND
tin_0731_09-32_crop_00.jpg,bg_to_strip_inclusion,5,2,65,631,2,1,6,TIND
tin_0731_09-32_crop_00.jpg,bg_to_strip_inclusion,6,4,88,638,4,3,5,TINB/TINC
tin_0731_09-32_crop_00.jpg,bg_to_strip_inclusion,7,119,79,691,7,63,5,TINB/TINC
tin_0731_09-32_crop_00.jpg,bg_to_strip_inclusion,11,10,75,755,4,9,5,TINB/TINC
tin_0731_09-32_crop_00.jpg,bg_to_strip_inclusion,16,14,75,782,4,12,5,TINB/TINC
tin_0731_09-32_crop_00.jpg,bg_to_strip_inclusion,17,3,62,795,1,3,5,TINB/TINC
tin_0731_09-32_crop_00.jpg,bg_to_strip_inclusion,18,8,70,800,4,6,5,TINB/TINC
tin_0731_09-32_crop_00.jpg,bg_to_strip_inclusion,19,12,63,846,1,12,5,TINB/TINC
tin_0731_10-02_crop_00.jpg,bg_to_strip_inclusion,1,28,419,666,7,17,5,TINB/TINC
tin_0731_10-02_crop_00.jpg,bg_to_strip_inclusion,3,16,119,750,8,8,6,TIND
tin_0731_10-04_crop_00.jpg,bg_to_strip_inclusion,1,3,700,38,2,2,5,TINB/TINC
tin_0731_10-04_crop_00.jpg,bg_to_strip_inclusion,2,2,699,41,1,2,5,TINB/TINC
tin_0731_10-04_crop_00.jpg,bg_to_strip_inclusion,3,15,702,49,2,13,5,TINB/TINC
tin_0731_10-04_crop_00.jpg,bg_to_strip_inclusion,4,2,703,64,1,2,5,TINB/TINC
tin_0731_10-04_crop_00.jpg,bg_to_strip_inclusion,5,5,701,67,2,5,5,TINB/TINC
tin_0731_10-04_crop_00.jpg,bg_to_strip_inclusion,6,10,699,94,1,10,5,TINB/TINC
tin_0731_10-04_crop_00.jpg,bg_to_strip_inclusion,7,19,691,108,2,19,5,TINB/TINC
tin_0731_10-04_crop_00.jpg,bg_to_strip_inclusion,8,6,683,278,2,5,5,TINB/TINC
tin_0731_10-04_crop_00.jpg,bg_to_strip_inclusion,9,7,684,285,2,6,5,TINB/TINC
tin_0731_10-04_crop_00.jpg,bg_to_strip_inclusion,10,9,684,306,2,8,5,TINB/TINC
tin_0731_10-04_crop_00.jpg,bg_to_strip_inclusion,12,39,685,320,2,21,5,TINB/TINC
tin_0731_10-04_crop_00.jpg,bg_to_strip_inclusion,13,7,691,343,1,7,5,TINB/TINC
tin_0731_10-04_crop_00.jpg,bg_to_strip_inclusion,14,64,681,344,6,38,5,TINB/TINC
tin_0731_10-04_crop_00.jpg,bg_to_strip_inclusion,16,176,677,399,3,84,5,TINB/TINC
tin_0731_10-04_crop_00.jpg,bg_to_strip_inclusion,17,61,671,491,7,34,5,TINB/TINC
tin_0731_10-04_crop_00.jpg,bg_to_strip_inclusion,18,16,668,598,2,14,5,TINB/TINC
tin_0731_10-04_crop_00.jpg,bg_to_strip_inclusion,19,2,669,623,2,2,5,TINB/TINC
tin_0731_10-04_crop_00.jpg,bg_to_strip_inclusion,20,7,674,913,3,4,6,TIND
tin_0731_10-04_crop_00.jpg,bg_to_strip_inclusion,22,2,689,921,2,2,6,TIND
tin_0731_10-04_crop_00.jpg,bg_to_strip_inclusion,23,46,655,934,9,14,6,TIND
tin_0731_10-04_crop_00.jpg,bg_to_strip_inclusion,24,4,660,954,4,3,6,TIND
tin_0731_10-05_crop_01.jpg,bg_to_strip_inclusion,1,11,837,91,5,3,5,TINB/TINC
tin_0731_10-05_crop_01.jpg,bg_to_strip_inclusion,2,6,836,97,1,6,5,TINB/TINC
tin_0731_10-05_crop_01.jpg,bg_to_strip_inclusion,3,12,837,119,2,9,5,TINB/TINC
tin_0731_10-05_crop_01.jpg,bg_to_strip_inclusion,5,5,841,236,2,5,5,TINB/TINC
tin_0731_10-05_crop_01.jpg,bg_to_strip_inclusion,7,3,831,260,2,2,6,TIND
tin_0731_10-05_crop_01.jpg,bg_to_strip_inclusion,8,7,77,718,7,3,6,TIND
tin_0731_10-05_crop_01.jpg,bg_to_strip_inclusion,9,5,85,725,1,5,6,TIND
tin_0731_10-05_crop_01.jpg,bg_to_strip_inclusion,10,2,74,727,1,2,6,TIND
tin_0731_10-07_crop_01.jpg,bg_to_strip_inclusion,1,155,542,40,16,13,6,TIND
tin_0731_10-07_crop_01.jpg,bg_to_strip_inclusion,2,221,580,83,8,35,5,TINB/TINC
tin_0731_10-07_crop_01.jpg,bg_to_strip_inclusion,3,772,565,386,11,110,5,TINB/TINC
tin_0731_10-07_crop_01.jpg,bg_to_strip_inclusion,4,14,574,501,3,8,5,TINB/TINC
tin_0731_10-07_crop_01.jpg,bg_to_strip_inclusion,5,15,558,514,4,10,5,TINB/TINC
tin_0731_10-07_crop_01.jpg,bg_to_strip_inclusion,6,22,566,515,11,7,5,TINB/TINC
tin_0731_10-07_crop_02.jpg,bg_to_strip_inclusion,3,16,775,694,1,16,6,TIND
tin_0731_10-07_crop_02.jpg,bg_to_strip_inclusion,4,3,779,712,2,3,6,TIND
tin_0731_10-07_crop_02.jpg,bg_to_strip_inclusion,5,3,776,716,3,1,6,TIND
tin_0731_10-07_crop_02.jpg,bg_to_strip_inclusion,6,6,766,786,4,5,6,TIND
tin_0731_10-07_crop_02.jpg,bg_to_strip_inclusion,7,3,401,965,2,3,6,TIND
tin_0731_10-07_crop_02.jpg,bg_to_strip_inclusion,9,2,396,979,1,2,6,TIND
tin_0731_10-07_crop_02.jpg,bg_to_strip_inclusion,10,6,397,982,5,2,6,TIND
tin_0731_10-08_crop_00.jpg,bg_to_strip_inclusion,1,3,921,36,3,2,6,TIND
tin_0731_10-08_crop_00.jpg,bg_to_strip_inclusion,3,3,925,191,1,3,6,TIND
tin_0731_10-08_crop_00.jpg,bg_to_strip_inclusion,4,2,926,195,1,2,6,TIND
tin_0731_10-08_crop_00.jpg,bg_to_strip_inclusion,5,14,277,215,5,5,5,TINB/TINC
tin_0731_10-08_crop_00.jpg,bg_to_strip_inclusion,8,40,281,259,6,30,5,TINB/TINC
tin_0731_10-08_crop_00.jpg,bg_to_strip_inclusion,9,18,902,450,3,16,6,TIND
tin_0731_10-08_crop_00.jpg,bg_to_strip_inclusion,11,4,819,757,1,4,6,TIND
tin_0731_10-09_crop_00.jpg,bg_to_strip_inclusion,1,8,405,19,5,3,5,TINB/TINC
tin_0731_10-09_crop_00.jpg,bg_to_strip_inclusion,3,2,403,29,1,2,5,TINB/TINC
tin_0731_10-09_crop_00.jpg,bg_to_strip_inclusion,4,2,402,45,1,2,5,TINB/TINC
tin_0731_10-09_crop_00.jpg,bg_to_strip_inclusion,5,9,407,63,1,9,5,TINB/TINC
tin_0731_10-09_crop_00.jpg,bg_to_strip_inclusion,6,2,397,66,1,2,5,TINB/TINC
tin_0731_10-09_crop_00.jpg,bg_to_strip_inclusion,7,28,401,79,4,10,5,TINB/TINC
tin_0731_10-09_crop_00.jpg,bg_to_strip_inclusion,8,35,390,82,8,32,5,TINB/TINC
tin_0731_10-09_crop_00.jpg,bg_to_strip_inclusion,9,2,398,115,1,2,5,TINB/TINC
tin_0731_10-09_crop_00.jpg,bg_to_strip_inclusion,11,2,400,121,1,2,5,TINB/TINC
tin_0731_10-09_crop_00.jpg,bg_to_strip_inclusion,12,34,401,124,3,20,5,TINB/TINC
tin_0731_10-09_crop_00.jpg,bg_to_strip_inclusion,13,59,403,159,3,36,5,TINB/TINC
tin_0731_10-09_crop_00.jpg,bg_to_strip_inclusion,14,23,311,216,5,6,6,TIND
tin_0731_10-09_crop_00.jpg,bg_to_strip_inclusion,16,4,407,231,1,4,5,TINB/TINC
tin_0731_10-09_crop_00.jpg,bg_to_strip_inclusion,17,3,307,240,3,2,6,TIND
tin_0731_10-09_crop_00.jpg,bg_to_strip_inclusion,20,7,304,249,1,7,6,TIND
tin_0731_10-09_crop_00.jpg,bg_to_strip_inclusion,21,4,303,258,1,4,6,TIND
tin_0731_10-09_crop_00.jpg,bg_to_strip_inclusion,22,3,302,263,1,3,6,TIND
tin_0731_10-09_crop_00.jpg,bg_to_strip_inclusion,23,5,301,268,1,5,6,TIND
tin_0731_10-09_crop_00.jpg,bg_to_strip_inclusion,24,7,413,305,1,7,5,TINB/TINC
tin_0731_10-09_crop_00.jpg,bg_to_strip_inclusion,26,16,523,721,2,11,5,TINB/TINC
tin_0731_10-09_crop_00.jpg,bg_to_strip_inclusion,28,7,526,741,2,7,5,TINB/TINC
tin_0731_10-09_crop_01.jpg,bg_to_strip_inclusion,1,2,145,272,1,2,6,TIND
tin_0731_10-14_crop_00.jpg,bg_to_strip_inclusion,8,2,983,246,2,2,6,TIND
tin_0731_10-16_crop_00.jpg,bg_to_strip_inclusion,1,8,995,714,2,7,5,TINB/TINC
tin_0731_10-16_crop_00.jpg,bg_to_strip_inclusion,2,3,988,718,1,3,5,TINB/TINC
tin_0731_10-16_crop_00.jpg,bg_to_strip_inclusion,3,3,987,727,1,3,5,TINB/TINC
tin_0731_10-16_crop_00.jpg,bg_to_strip_inclusion,4,5,987,736,1,5,5,TINB/TINC
tin_0731_10-16_crop_00.jpg,bg_to_strip_inclusion,7,2,990,763,1,2,5,TINB/TINC
tin_0731_10-16_crop_00.jpg,bg_to_strip_inclusion,8,3,977,767,1,3,5,TINB/TINC
tin_0731_10-16_crop_00.jpg,bg_to_strip_inclusion,10,12,903,939,3,5,5,TINB/TINC
tin_0731_10-17_crop_01.jpg,bg_to_strip_inclusion,1,443,46,616,18,55,5,TINB/TINC
tin_0731_10-17_crop_01.jpg,bg_to_strip_inclusion,3,12,46,678,6,5,6,TIND
tin_0731_10-18_crop_00.jpg,bg_to_strip_inclusion,1,5,341,288,5,3,6,TIND
tin_0731_10-18_crop_00.jpg,bg_to_strip_inclusion,2,8,340,292,1,8,6,TIND
tin_0731_10-18_crop_00.jpg,bg_to_strip_inclusion,3,6,340,308,3,6,6,TIND
tin_0731_10-18_crop_00.jpg,bg_to_strip_inclusion,4,5,379,670,2,5,6,TIND
tin_0731_10-18_crop_00.jpg,bg_to_strip_inclusion,5,3,176,746,1,3,6,TIND
tin_0731_10-18_crop_01.jpg,bg_to_strip_inclusion,1,17,488,146,3,11,6,TIND
tin_0731_10-18_crop_01.jpg,bg_to_strip_inclusion,2,15,492,146,10,6,6,TIND
tin_0731_10-18_crop_01.jpg,bg_to_strip_inclusion,3,15,473,172,4,11,6,TIND
tin_0731_10-18_crop_01.jpg,bg_to_strip_inclusion,4,7,496,172,4,3,6,TIND
tin_0731_10-18_crop_01.jpg,bg_to_strip_inclusion,5,4,492,175,2,4,6,TIND
tin_0731_10-18_crop_01.jpg,bg_to_strip_inclusion,6,7,481,195,6,2,6,TIND
tin_0731_10-24_crop_02.jpg,bg_to_strip_inclusion,1,16,838,484,9,9,5,TINB/TINC
tin_0731_10-24_crop_02.jpg,bg_to_strip_inclusion,3,9,842,495,4,9,5,TINB/TINC
tin_0731_10-24_crop_02.jpg,bg_to_strip_inclusion,4,17,829,500,5,11,5,TINB/TINC
tin_0731_10-24_crop_02.jpg,bg_to_strip_inclusion,5,195,824,515,13,78,5,TINB/TINC
tin_0731_10-24_crop_02.jpg,bg_to_strip_inclusion,6,3,838,552,1,3,5,TINB/TINC
tin_0731_10-24_crop_02.jpg,bg_to_strip_inclusion,7,26,832,556,6,23,5,TINB/TINC
tin_0731_10-24_crop_02.jpg,bg_to_strip_inclusion,8,2,69,573,2,1,6,TIND
tin_0731_10-24_crop_02.jpg,bg_to_strip_inclusion,10,19,61,577,6,19,6,TIND
tin_0731_10-24_crop_02.jpg,bg_to_strip_inclusion,15,9,79,600,8,3,6,TIND
tin_0731_10-24_crop_02.jpg,bg_to_strip_inclusion,16,54,824,719,4,37,5,TINB/TINC
tin_0731_10-25_crop_02.jpg,bg_to_strip_inclusion,1,23,221,530,9,9,5,TINB/TINC
tin_0731_10-25_crop_02.jpg,bg_to_strip_inclusion,2,12,253,640,1,12,5,TINB/TINC
tin_0731_10-25_crop_02.jpg,bg_to_strip_inclusion,3,12,252,655,1,12,5,TINB/TINC
tin_0731_10-25_crop_02.jpg,bg_to_strip_inclusion,4,17,242,665,2,14,5,TINB/TINC
tin_0731_10-25_crop_02.jpg,bg_to_strip_inclusion,5,5,251,671,1,5,5,TINB/TINC
tin_0731_10-25_crop_02.jpg,bg_to_strip_inclusion,6,7,242,705,1,7,5,TINB/TINC
tin_0731_10-25_crop_02.jpg,bg_to_strip_inclusion,7,4,249,709,1,4,5,TINB/TINC
tin_0731_10-25_crop_02.jpg,bg_to_strip_inclusion,8,8,240,715,2,8,5,TINB/TINC
tin_0731_10-25_crop_02.jpg,bg_to_strip_inclusion,9,3,248,716,1,3,5,TINB/TINC
tin_0731_10-25_crop_02.jpg,bg_to_strip_inclusion,11,2,239,724,1,2,5,TINB/TINC
tin_0731_10-25_crop_02.jpg,bg_to_strip_inclusion,14,2,235,731,2,2,5,TINB/TINC
tin_0731_10-25_crop_02.jpg,bg_to_strip_inclusion,15,3,226,754,1,3,5,TINB/TINC
tin_0731_10-25_crop_02.jpg,bg_to_strip_inclusion,17,27,224,765,1,27,5,TINB/TINC
tin_0731_10-25_crop_02.jpg,bg_to_strip_inclusion,18,15,230,787,1,15,5,TINB/TINC
tin_0731_10-25_crop_02.jpg,bg_to_strip_inclusion,19,9,223,803,1,9,5,TINB/TINC
tin_0731_10-25_crop_02.jpg,bg_to_strip_inclusion,20,13,229,805,1,13,5,TINB/TINC
tin_0731_10-25_crop_02.jpg,bg_to_strip_inclusion,21,59,338,809,8,10,6,TIND
tin_0731_10-25_crop_02.jpg,bg_to_strip_inclusion,22,3,222,816,1,3,5,TINB/TINC
tin_0731_10-25_crop_02.jpg,bg_to_strip_inclusion,23,8,223,821,1,8,5,TINB/TINC
tin_0731_10-25_crop_02.jpg,bg_to_strip_inclusion,24,4,224,832,1,4,5,TINB/TINC
tin_0731_10-25_crop_02.jpg,bg_to_strip_inclusion,25,53,232,847,7,37,5,TINB/TINC
tin_0731_10-25_crop_02.jpg,bg_to_strip_inclusion,26,5,232,882,1,5,5,TINB/TINC
tin_0731_10-25_crop_02.jpg,bg_to_strip_inclusion,27,6,239,887,1,6,5,TINB/TINC
tin_0731_10-25_crop_02.jpg,bg_to_strip_inclusion,28,3,233,889,1,3,5,TINB/TINC
tin_0731_10-25_crop_02.jpg,bg_to_strip_inclusion,29,3,234,896,1,3,5,TINB/TINC
tin_0731_10-25_crop_02.jpg,bg_to_strip_inclusion,30,11,240,896,1,11,5,TINB/TINC
tin_0731_10-25_crop_02.jpg,bg_to_strip_inclusion,31,110,231,906,6,61,5,TINB/TINC
tin_0731_10-29_crop_01.jpg,bg_to_strip_inclusion,1,2,804,0,1,2,6,TIND
tin_0731_10-29_crop_01.jpg,bg_to_strip_inclusion,2,2,623,897,2,1,6,TIND
tin_0731_10-30_crop_00.jpg,bg_to_strip_inclusion,1,2,985,876,2,2,6,TIND
tin_0731_10-30_crop_00.jpg,bg_to_strip_inclusion,3,2,983,881,1,2,6,TIND
tin_0731_10-30_crop_00.jpg,bg_to_strip_inclusion,4,2,982,884,1,2,6,TIND
tin_0731_10-30_crop_00.jpg,bg_to_strip_inclusion,6,7,226,939,6,4,6,TIND
tin_0731_10-30_crop_00.jpg,bg_to_strip_inclusion,8,18,220,944,3,13,6,TIND
tin_0731_10-30_crop_00.jpg,bg_to_strip_inclusion,9,9,219,959,1,9,6,TIND
tin_0731_10-30_crop_01.jpg,bg_to_strip_inclusion,1,11,80,328,2,11,5,TINB/TINC
tin_0731_10-30_crop_01.jpg,bg_to_strip_inclusion,2,2,80,425,1,2,5,TINB/TINC
tin_0731_10-30_crop_01.jpg,bg_to_strip_inclusion,3,2,79,430,1,2,5,TINB/TINC
tin_0731_10-30_crop_01.jpg,bg_to_strip_inclusion,4,2,88,431,1,2,5,TINB/TINC
tin_0731_10-30_crop_01.jpg,bg_to_strip_inclusion,5,3,89,435,1,3,5,TINB/TINC
tin_0731_10-30_crop_01.jpg,bg_to_strip_inclusion,7,130,74,453,8,47,5,TINB/TINC
tin_0731_10-30_crop_01.jpg,bg_to_strip_inclusion,9,2,76,523,1,2,5,TINB/TINC
tin_0731_10-30_crop_01.jpg,bg_to_strip_inclusion,10,2,68,600,1,2,5,TINB/TINC
tin_0731_10-30_crop_01.jpg,bg_to_strip_inclusion,11,4,67,605,1,4,5,TINB/TINC
tin_0731_10-30_crop_01.jpg,bg_to_strip_inclusion,12,6,65,620,1,6,5,TINB/TINC
tin_0731_10-30_crop_01.jpg,bg_to_strip_inclusion,13,4,64,627,1,4,5,TINB/TINC
tin_0731_10-30_crop_01.jpg,bg_to_strip_inclusion,14,4,56,649,1,4,5,TINB/TINC
tin_0731_10-30_crop_01.jpg,bg_to_strip_inclusion,17,5,56,668,1,5,5,TINB/TINC
tin_0731_10-30_crop_01.jpg,bg_to_strip_inclusion,18,3,57,674,1,3,5,TINB/TINC
