image,gt_class_id,gt_class_name,gt_component_id,gt_area_px,inclusion_coverage,correct_class_coverage,dominant_pred_class_id,dominant_pred_class_name,dominant_ratio,correct_class_ratio,fragment_class_count,fragment_classes,matched_pred_component_id,matched_intersection_px,matched_pred_area_px,purity
0506tin1_1_30_crop_00.jpg,5,TINB/TINC,1,281,0.33807829181494664,0.021352313167259787,6,TIND,0.9368421052631579,0.06315789473684211,2,TINB/TINC|TIND,13,48,50,0.96
0506tin1_1_30_crop_00.jpg,6,TIND,1,60,0.8666666666666667,0.8666666666666667,6,TIND,1.0,1.0,1,TIND,1,52,61,0.8524590163934426
0506tin1_1_30_crop_00.jpg,6,TIND,2,99,0.7676767676767676,0.7676767676767676,6,TIND,1.0,1.0,1,TIND,2,76,83,0.9156626506024096
0506tin1_1_30_crop_00.jpg,6,TIND,3,157,0.8089171974522293,0.8089171974522293,6,TIND,1.0,1.0,1,TIND,3,127,137,0.927007299270073
0506tin1_1_30_crop_00.jpg,6,TIND,4,61,0.9508196721311475,0.9508196721311475,6,TIND,1.0,1.0,1,TIND,4,58,86,0.6744186046511628
0506tin1_1_30_crop_00.jpg,6,TIND,5,143,0.7902097902097902,0.7902097902097902,6,TIND,1.0,1.0,1,TIND,5,113,117,0.9658119658119658
0506tin1_1_30_crop_00.jpg,6,TIND,6,98,0.5612244897959183,0.5612244897959183,6,TIND,1.0,1.0,1,TIND,6,55,69,0.7971014492753623
0506tin1_1_30_crop_00.jpg,6,TIND,7,72,0.8333333333333334,0.8333333333333334,6,TIND,1.0,1.0,1,TIND,7,60,75,0.8
0506tin1_1_30_crop_00.jpg,6,TIND,8,39,0.8717948717948718,0.8717948717948718,6,TIND,1.0,1.0,1,TIND,8,34,74,0.4594594594594595
0506tin1_1_30_crop_00.jpg,6,TIND,9,112,0.8303571428571429,0.8303571428571429,6,TIND,1.0,1.0,1,TIND,9,93,119,0.7815126050420168
0506tin1_1_30_crop_00.jpg,6,TIND,10,80,0.675,0.675,6,TIND,1.0,1.0,1,TIND,14,54,68,0.7941176470588235
0506tin1_1_30_crop_00.jpg,6,TIND,11,87,0.9770114942528736,0.0,5,TINB/TINC,1.0,0.0,1,TINB/TINC,15,85,112,0.7589285714285714
0506tin1_1_30_crop_01.jpg,5,TINB/TINC,1,908,0.1486784140969163,0.09911894273127753,5,TINB/TINC,0.6666666666666666,0.6666666666666666,2,TINB/TINC|TIND,4,90,90,1.0
0506tin1_1_30_crop_01.jpg,5,TINB/TINC,2,1050,0.0,0.0,0,bg,0.0,0.0,0,,0,0,0,0.0
0506tin1_1_30_crop_01.jpg,5,TINB/TINC,3,539,0.44155844155844154,0.02411873840445269,6,TIND,0.9453781512605042,0.0546218487394958,2,TINB/TINC|TIND,6,142,143,0.993006993006993
0506tin1_1_32_crop_01.jpg,5,TINB/TINC,1,335,0.14328358208955225,0.14328358208955225,5,TINB/TINC,1.0,1.0,1,TINB/TINC,1,48,48,1.0
0506tin1_1_32_crop_01.jpg,5,TINB/TINC,2,400,0.9075,0.9075,5,TINB/TINC,1.0,1.0,1,TINB/TINC,3,363,402,0.9029850746268657
0506tin1_1_32_crop_01.jpg,5,TINB/TINC,3,828,0.8599033816425121,0.8599033816425121,5,TINB/TINC,1.0,1.0,1,TINB/TINC,4,712,806,0.8833746898263027
0506tin1_1_32_crop_01.jpg,5,TINB/TINC,4,875,0.0,0.0,0,bg,0.0,0.0,0,,0,0,0,0.0
0506tin1_1_32_crop_02.jpg,5,TINB/TINC,1,291,0.8900343642611683,0.8900343642611683,5,TINB/TINC,1.0,1.0,1,TINB/TINC,1,259,526,0.4923954372623574
0506tin1_1_32_crop_02.jpg,5,TINB/TINC,2,1385,0.2332129963898917,0.2332129963898917,5,TINB/TINC,1.0,1.0,1,TINB/TINC,2,323,402,0.8034825870646766
0506tin1_1_32_crop_02.jpg,5,TINB/TINC,3,1279,0.44566067240031276,0.44566067240031276,5,TINB/TINC,1.0,1.0,1,TINB/TINC,4,538,649,0.8289676425269645
0506tin1_1_33_crop_02.jpg,5,TINB/TINC,1,276,0.6268115942028986,0.6268115942028986,5,TINB/TINC,1.0,1.0,1,TINB/TINC,1,173,185,0.9351351351351351
0506tin1_1_33_crop_02.jpg,5,TINB/TINC,2,960,0.8447916666666667,0.8447916666666667,5,TINB/TINC,1.0,1.0,1,TINB/TINC,2,811,1009,0.8037661050545094
0506tin1_1_33_crop_02.jpg,6,TIND,1,96,0.6041666666666666,0.6041666666666666,6,TIND,1.0,1.0,1,TIND,4,58,58,1.0
0506tin1_1_35_crop_01.jpg,5,TINB/TINC,1,854,0.8583138173302107,0.8583138173302107,5,TINB/TINC,1.0,1.0,1,TINB/TINC,2,733,777,0.9433719433719434
0506tin1_1_35_crop_01.jpg,5,TINB/TINC,2,315,0.14603174603174604,0.14603174603174604,5,TINB/TINC,1.0,1.0,1,TINB/TINC,3,46,46,1.0
0506tin1_1_35_crop_01.jpg,5,TINB/TINC,3,237,0.7763713080168776,0.7763713080168776,5,TINB/TINC,1.0,1.0,1,TINB/TINC,5,184,219,0.8401826484018264
0506tin1_1_35_crop_01.jpg,5,TINB/TINC,4,265,0.6566037735849056,0.6566037735849056,5,TINB/TINC,1.0,1.0,1,TINB/TINC,9,174,197,0.883248730964467
0506tin1_1_35_crop_01.jpg,5,TINB/TINC,5,687,0.8617176128093159,0.8617176128093159,5,TINB/TINC,1.0,1.0,1,TINB/TINC,10,592,732,0.8087431693989071
0506tin1_1_35_crop_01.jpg,5,TINB/TINC,6,213,0.0,0.0,0,bg,0.0,0.0,0,,0,0,0,0.0
0506tin1_1_35_crop_01.jpg,5,TINB/TINC,7,403,0.8684863523573201,0.8684863523573201,5,TINB/TINC,1.0,1.0,1,TINB/TINC,11,350,431,0.8120649651972158
0506tin1_1_35_crop_01.jpg,6,TIND,1,90,0.8111111111111111,0.8111111111111111,6,TIND,1.0,1.0,1,TIND,4,73,83,0.8795180722891566
0506tin1_1_35_crop_01.jpg,6,TIND,2,83,0.8313253012048193,0.8313253012048193,6,TIND,1.0,1.0,1,TIND,12,69,74,0.9324324324324325
0506tin1_1_37_crop_01.jpg,5,TINB/TINC,1,314,0.8821656050955414,0.8821656050955414,5,TINB/TINC,1.0,1.0,1,TINB/TINC,3,277,368,0.7527173913043478
0506tin1_1_37_crop_01.jpg,5,TINB/TINC,2,308,0.5422077922077922,0.5422077922077922,5,TINB/TINC,1.0,1.0,1,TINB/TINC,5,103,141,0.7304964539007093
0506tin1_1_37_crop_01.jpg,6,TIND,1,110,0.9454545454545454,0.0,5,TINB/TINC,1.0,0.0,1,TINB/TINC,1,104,580,0.1793103448275862
0506tin1_1_37_crop_01.jpg,6,TIND,2,157,0.9299363057324841,0.0,5,TINB/TINC,1.0,0.0,1,TINB/TINC,1,146,580,0.2517241379310345
0506tin1_1_37_crop_01.jpg,6,TIND,3,190,0.7315789473684211,0.7315789473684211,6,TIND,1.0,1.0,1,TIND,4,139,221,0.6289592760180995
0506tin1_1_37_crop_01.jpg,6,TIND,4,51,0.7058823529411765,0.7058823529411765,6,TIND,1.0,1.0,1,TIND,4,36,221,0.16289592760180996
0506tin1_1_39_crop_01.jpg,6,TIND,1,72,0.8472222222222222,0.8472222222222222,6,TIND,1.0,1.0,1,TIND,1,61,78,0.782051282051282
0506tin1_1_39_crop_01.jpg,6,TIND,2,37,0.8648648648648649,0.8648648648648649,6,TIND,1.0,1.0,1,TIND,3,32,36,0.8888888888888888
0506tin1_1_39_crop_01.jpg,6,TIND,3,75,0.7333333333333333,0.7333333333333333,6,TIND,1.0,1.0,1,TIND,5,55,60,0.9166666666666666
0506tin1_1_39_crop_01.jpg,6,TIND,4,45,0.8888888888888888,0.8888888888888888,6,TIND,1.0,1.0,1,TIND,6,40,63,0.6349206349206349
0506tin1_1_39_crop_01.jpg,6,TIND,5,85,0.8470588235294118,0.8470588235294118,6,TIND,1.0,1.0,1,TIND,9,72,83,0.8674698795180723
0506tin1_1_40_crop_01.jpg,5,TINB/TINC,1,536,0.8731343283582089,0.8731343283582089,5,TINB/TINC,1.0,1.0,1,TINB/TINC,3,468,632,0.740506329113924
0506tin1_1_40_crop_01.jpg,6,TIND,1,96,0.8958333333333334,0.0,5,TINB/TINC,1.0,0.0,1,TINB/TINC,1,86,119,0.7226890756302521
0506tin1_1_40_crop_01.jpg,6,TIND,2,109,0.9357798165137615,0.7981651376146789,6,TIND,0.8529411764705882,0.8529411764705882,2,TINB/TINC|TIND,2,102,179,0.5698324022346368
0506tin1_1_40_crop_01.jpg,6,TIND,3,281,0.9857651245551602,0.9857651245551602,6,TIND,1.0,1.0,1,TIND,4,277,347,0.7982708933717579
0506tin1_1_40_crop_01.jpg,6,TIND,4,44,0.6818181818181818,0.6818181818181818,6,TIND,1.0,1.0,1,TIND,5,30,33,0.9090909090909091
0506tin1_1_40_crop_01.jpg,6,TIND,5,59,0.6949152542372882,0.6949152542372882,6,TIND,1.0,1.0,1,TIND,6,41,47,0.8723404255319149
0506tin1_1_40_crop_01.jpg,6,TIND,6,136,0.7279411764705882,0.7279411764705882,6,TIND,1.0,1.0,1,TIND,7,99,119,0.8319327731092437
0506tin1_1_40_crop_01.jpg,6,TIND,7,26,0.8076923076923077,0.8076923076923077,6,TIND,1.0,1.0,1,TIND,8,21,22,0.9545454545454546
0506tin1_1_40_crop_01.jpg,6,TIND,8,172,0.9302325581395349,0.9302325581395349,6,TIND,1.0,1.0,1,TIND,9,160,204,0.7843137254901961
0506tin1_1_40_crop_01.jpg,6,TIND,9,101,0.8415841584158416,0.8415841584158416,6,TIND,1.0,1.0,1,TIND,10,85,107,0.794392523364486
0506tin1_1_40_crop_01.jpg,6,TIND,10,90,0.8666666666666667,0.8666666666666667,6,TIND,1.0,1.0,1,TIND,11,78,86,0.9069767441860465
0506tin1_1_40_crop_01.jpg,6,TIND,11,100,0.71,0.71,6,TIND,1.0,1.0,1,TIND,12,71,83,0.8554216867469879
0506tin1_1_45_crop_01.jpg,4,D,1,49,0.42857142857142855,0.42857142857142855,4,D,1.0,1.0,1,D,1,21,21,1.0
0506tin1_1_45_crop_01.jpg,4,D,2,49,0.0,0.0,0,bg,0.0,0.0,0,,0,0,0,0.0
0506tin1_1_45_crop_01.jpg,6,TIND,1,68,0.6470588235294118,0.6470588235294118,6,TIND,1.0,1.0,1,TIND,4,44,54,0.8148148148148148
0506tin1_1_45_crop_01.jpg,6,TIND,2,107,0.8037383177570093,0.8037383177570093,6,TIND,1.0,1.0,1,TIND,5,86,115,0.7478260869565218
0506tin1_1_46_crop_02.jpg,5,TINB/TINC,1,1011,0.712166172106825,0.712166172106825,5,TINB/TINC,1.0,1.0,1,TINB/TINC,3,610,778,0.7840616966580977
0506tin1_1_46_crop_02.jpg,6,TIND,1,339,0.9616519174041298,0.9616519174041298,6,TIND,1.0,1.0,1,TIND,1,326,366,0.8907103825136612
0506tin1_1_46_crop_02.jpg,6,TIND,2,65,0.38461538461538464,0.38461538461538464,6,TIND,1.0,1.0,1,TIND,5,25,32,0.78125
0506tin1_1_46_crop_02.jpg,6,TIND,3,131,0.7022900763358778,0.7022900763358778,6,TIND,1.0,1.0,1,TIND,6,92,107,0.8598130841121495
0506tin1_1_47_crop_03.jpg,6,TIND,1,65,0.0,0.0,0,bg,0.0,0.0,0,,0,0,0,0.0
0506tin1_1_49_crop_00.jpg,5,TINB/TINC,1,1046,0.6328871892925431,0.6328871892925431,5,TINB/TINC,1.0,1.0,1,TINB/TINC,14,662,900,0.7355555555555555
0506tin1_1_49_crop_00.jpg,5,TINB/TINC,2,425,0.6211764705882353,0.47058823529411764,5,TINB/TINC,0.7575757575757576,0.7575757575757576,2,TINB/TINC|TIND,13,264,268,0.9850746268656716
0506tin1_1_49_crop_00.jpg,5,TINB/TINC,3,225,0.24444444444444444,0.0,6,TIND,1.0,0.0,1,TIND,26,55,61,0.9016393442622951
0506tin1_1_49_crop_00.jpg,6,TIND,1,135,0.9851851851851852,0.9851851851851852,6,TIND,1.0,1.0,1,TIND,1,133,182,0.7307692307692307
0506tin1_1_49_crop_00.jpg,6,TIND,2,93,0.967741935483871,0.967741935483871,6,TIND,1.0,1.0,1,TIND,3,90,108,0.8333333333333334
0506tin1_1_49_crop_00.jpg,6,TIND,3,176,0.9715909090909091,0.9715909090909091,6,TIND,1.0,1.0,1,TIND,4,171,258,0.6627906976744186
0506tin1_1_49_crop_00.jpg,6,TIND,4,31,0.8064516129032258,0.8064516129032258,6,TIND,1.0,1.0,1,TIND,5,25,46,0.5434782608695652
0506tin1_1_49_crop_00.jpg,6,TIND,5,217,0.8341013824884793,0.8341013824884793,6,TIND,1.0,1.0,1,TIND,6,181,193,0.9378238341968912
0506tin1_1_49_crop_00.jpg,6,TIND,6,182,0.7307692307692307,0.7307692307692307,6,TIND,1.0,1.0,1,TIND,7,133,140,0.95
0506tin1_1_49_crop_00.jpg,6,TIND,7,58,0.9482758620689655,0.9482758620689655,6,TIND,1.0,1.0,1,TIND,8,55,73,0.7534246575342466
0506tin1_1_49_crop_00.jpg,6,TIND,8,126,0.9682539682539683,0.9682539682539683,6,TIND,1.0,1.0,1,TIND,10,122,151,0.8079470198675497
0506tin1_1_49_crop_00.jpg,6,TIND,9,112,0.625,0.625,6,TIND,1.0,1.0,1,TIND,11,70,89,0.7865168539325843
0506tin1_1_49_crop_00.jpg,6,TIND,10,77,0.9090909090909091,0.9090909090909091,6,TIND,1.0,1.0,1,TIND,12,70,91,0.7692307692307693
0506tin1_1_49_crop_00.jpg,6,TIND,11,55,0.8545454545454545,0.8545454545454545,6,TIND,1.0,1.0,1,TIND,15,47,80,0.5875
0506tin1_1_49_crop_00.jpg,6,TIND,12,182,0.9010989010989011,0.9010989010989011,6,TIND,1.0,1.0,1,TIND,16,164,216,0.7592592592592593
0506tin1_1_49_crop_00.jpg,6,TIND,13,109,0.8256880733944955,0.8256880733944955,6,TIND,1.0,1.0,1,TIND,17,90,108,0.8333333333333334
0506tin1_1_49_crop_00.jpg,6,TIND,14,71,0.8028169014084507,0.8028169014084507,6,TIND,1.0,1.0,1,TIND,18,57,64,0.890625
0506tin1_1_49_crop_00.jpg,6,TIND,15,176,0.7613636363636364,0.7613636363636364,6,TIND,1.0,1.0,1,TIND,19,134,146,0.9178082191780822
0506tin1_1_49_crop_00.jpg,6,TIND,16,171,0.8362573099415205,0.8362573099415205,6,TIND,1.0,1.0,1,TIND,20,143,156,0.9166666666666666
0506tin1_1_49_crop_00.jpg,6,TIND,17,114,0.8596491228070176,0.8596491228070176,6,TIND,1.0,1.0,1,TIND,21,98,120,0.8166666666666667
0506tin1_1_49_crop_00.jpg,6,TIND,18,128,0.7109375,0.7109375,6,TIND,1.0,1.0,1,TIND,24,91,97,0.9381443298969072
0506tin1_1_49_crop_00.jpg,6,TIND,19,215,0.8325581395348837,0.8325581395348837,6,TIND,1.0,1.0,1,TIND,25,179,226,0.7920353982300885
0506tin1_1_49_crop_00.jpg,6,TIND,20,144,0.4930555555555556,0.4930555555555556,6,TIND,1.0,1.0,1,TIND,27,71,81,0.8765432098765432
0506tin1_1_49_crop_00.jpg,6,TIND,21,198,0.8787878787878788,0.8787878787878788,6,TIND,1.0,1.0,1,TIND,28,174,183,0.9508196721311475
0506tin1_1_50_crop_01.jpg,6,TIND,1,29,0.9655172413793104,0.9655172413793104,6,TIND,1.0,1.0,1,TIND,1,28,46,0.6086956521739131
0506tin1_1_50_crop_01.jpg,6,TIND,2,16,1.0,0.0,5,TINB/TINC,1.0,0.0,1,TINB/TINC,2,16,196,0.08163265306122448
0506tin1_1_50_crop_01.jpg,6,TIND,3,20,0.85,0.0,5,TINB/TINC,1.0,0.0,1,TINB/TINC,2,17,196,0.08673469387755102
0506tin1_1_50_crop_01.jpg,6,TIND,4,109,0.908256880733945,0.908256880733945,6,TIND,1.0,1.0,1,TIND,3,99,119,0.8319327731092437
0506tin1_1_50_crop_03.jpg,4,D,1,29,0.0,0.0,0,bg,0.0,0.0,0,,0,0,0,0.0
0506tin1_1_50_crop_03.jpg,6,TIND,1,58,0.46551724137931033,0.46551724137931033,6,TIND,1.0,1.0,1,TIND,1,27,36,0.75
0506tin1_1_50_crop_03.jpg,6,TIND,2,132,0.8409090909090909,0.8409090909090909,6,TIND,1.0,1.0,1,TIND,2,111,136,0.8161764705882353
0506tin1_1_55_crop_02.jpg,5,TINB/TINC,1,796,0.5515075376884422,0.5037688442211056,5,TINB/TINC,0.9134396355353075,0.9134396355353075,2,TINB/TINC|TIND,4,396,429,0.9230769230769231
0506tin1_1_55_crop_02.jpg,5,TINB/TINC,2,212,0.3584905660377358,0.3584905660377358,5,TINB/TINC,1.0,1.0,1,TINB/TINC,7,76,76,1.0
0506tin1_1_55_crop_02.jpg,6,TIND,1,51,0.49019607843137253,0.49019607843137253,6,TIND,1.0,1.0,1,TIND,5,25,31,0.8064516129032258
0506tin1_1_55_crop_02.jpg,6,TIND,2,51,0.5686274509803921,0.5686274509803921,6,TIND,1.0,1.0,1,TIND,6,29,30,0.9666666666666667
0506tin1_1_55_crop_02.jpg,6,TIND,3,44,0.0,0.0,0,bg,0.0,0.0,0,,0,0,0,0.0
0506tin1_1_55_crop_02.jpg,6,TIND,4,170,0.7411764705882353,0.7411764705882353,6,TIND,1.0,1.0,1,TIND,9,126,141,0.8936170212765957
0506tin1_1_56_crop_02.jpg,6,TIND,1,141,0.851063829787234,0.851063829787234,6,TIND,1.0,1.0,1,TIND,1,120,131,0.916030534351145
0506tin1_1_56_crop_02.jpg,6,TIND,2,131,0.8473282442748091,0.8473282442748091,6,TIND,1.0,1.0,1,TIND,2,111,130,0.8538461538461538
0506tin1_1_58_crop_00.jpg,5,TINB/TINC,1,874,0.15102974828375287,0.018306636155606407,6,TIND,0.8787878787878788,0.12121212121212122,2,TINB/TINC|TIND,2,116,116,1.0
0506tin1_1_58_crop_00.jpg,5,TINB/TINC,2,1040,0.3730769230769231,0.3730769230769231,5,TINB/TINC,1.0,1.0,1,TINB/TINC,3,388,424,0.9150943396226415
0506tin1_1_58_crop_00.jpg,5,TINB/TINC,3,701,0.7275320970042796,0.7275320970042796,5,TINB/TINC,1.0,1.0,1,TINB/TINC,6,510,596,0.8557046979865772
0506tin1_1_58_crop_00.jpg,6,TIND,1,61,0.8524590163934426,0.8524590163934426,6,TIND,1.0,1.0,1,TIND,4,52,72,0.7222222222222222
0506tin1_1_58_crop_00.jpg,6,TIND,2,47,0.9148936170212766,0.9148936170212766,6,TIND,1.0,1.0,1,TIND,8,43,68,0.6323529411764706
0506tin1_1_58_crop_00.jpg,6,TIND,3,62,0.9838709677419355,0.3064516129032258,5,TINB/TINC,0.6885245901639344,0.3114754098360656,2,TINB/TINC|TIND,10,61,105,0.580952380952381
0506tin1_1_62_crop_02.jpg,6,TIND,1,95,0.8105263157894737,0.8105263157894737,6,TIND,1.0,1.0,1,TIND,3,77,89,0.8651685393258427
0506tin1_1_64_crop_01.jpg,5,TINB/TINC,1,682,0.8988269794721407,0.8988269794721407,5,TINB/TINC,1.0,1.0,1,TINB/TINC,2,613,687,0.8922852983988355
0506tin1_1_64_crop_01.jpg,6,TIND,1,42,0.7857142857142857,0.7857142857142857,6,TIND,1.0,1.0,1,TIND,1,33,47,0.7021276595744681
0506tin1_1_64_crop_01.jpg,6,TIND,2,153,0.7973856209150327,0.7973856209150327,6,TIND,1.0,1.0,1,TIND,4,122,136,0.8970588235294118
0506tin1_1_65_crop_01.jpg,5,TINB/TINC,1,629,0.26073131955484896,0.26073131955484896,5,TINB/TINC,1.0,1.0,1,TINB/TINC,2,132,155,0.8516129032258064
0506tin1_1_65_crop_01.jpg,6,TIND,1,45,0.4,0.4,6,TIND,1.0,1.0,1,TIND,3,18,18,1.0
0506tin1_1_65_crop_01.jpg,6,TIND,2,152,0.8289473684210527,0.8289473684210527,6,TIND,1.0,1.0,1,TIND,4,126,148,0.8513513513513513
0506tin1_1_65_crop_01.jpg,6,TIND,3,73,0.8356164383561644,0.8356164383561644,6,TIND,1.0,1.0,1,TIND,5,61,82,0.7439024390243902
0506tin1_1_65_crop_01.jpg,6,TIND,4,78,0.8717948717948718,0.8717948717948718,6,TIND,1.0,1.0,1,TIND,6,68,113,0.6017699115044248
0506tin1_1_65_crop_01.jpg,6,TIND,5,186,0.9516129032258065,0.9516129032258065,6,TIND,1.0,1.0,1,TIND,7,177,201,0.8805970149253731
0506tin1_1_65_crop_01.jpg,6,TIND,6,191,0.9895287958115183,0.9895287958115183,6,TIND,1.0,1.0,1,TIND,8,189,244,0.7745901639344263
0506tin1_1_68_crop_01.jpg,6,TIND,1,93,0.978494623655914,0.978494623655914,6,TIND,1.0,1.0,1,TIND,1,91,148,0.6148648648648649
0506tin1_1_69_crop_02.jpg,4,D,1,113,0.0,0.0,0,bg,0.0,0.0,0,,0,0,0,0.0
0506tin1_1_69_crop_02.jpg,6,TIND,1,81,1.0,0.0,5,TINB/TINC,1.0,0.0,1,TINB/TINC,1,81,530,0.15283018867924528
0506tin1_1_69_crop_02.jpg,6,TIND,2,66,0.9090909090909091,0.9090909090909091,6,TIND,1.0,1.0,1,TIND,2,60,78,0.7692307692307693
0506tin1_1_69_crop_02.jpg,6,TIND,3,118,0.8220338983050848,0.8220338983050848,6,TIND,1.0,1.0,1,TIND,3,97,103,0.941747572815534
0506tin1_1_71_crop_01.jpg,6,TIND,1,91,0.7912087912087912,0.7912087912087912,6,TIND,1.0,1.0,1,TIND,2,72,125,0.576
0506tin1_1_71_crop_01.jpg,6,TIND,2,105,0.8571428571428571,0.8571428571428571,6,TIND,1.0,1.0,1,TIND,3,90,97,0.9278350515463918
0506tin1_1_71_crop_01.jpg,6,TIND,3,31,0.0,0.0,0,bg,0.0,0.0,0,,0,0,0,0.0
0506tin1_1_71_crop_01.jpg,6,TIND,4,45,0.0,0.0,0,bg,0.0,0.0,0,,0,0,0,0.0
0506tin1_1_71_crop_01.jpg,6,TIND,5,149,0.6442953020134228,0.6442953020134228,6,TIND,1.0,1.0,1,TIND,4,96,96,1.0
0506tin2_01-03_crop_01.jpg,5,TINB/TINC,1,6783,0.7561550936163939,0.7561550936163939,5,TINB/TINC,1.0,1.0,1,TINB/TINC,1,5129,5611,0.9140973088576011
0506tin2_01-03_crop_01.jpg,6,TIND,1,163,0.9263803680981595,0.0,5,TINB/TINC,1.0,0.0,1,TINB/TINC,3,151,677,0.22304283604135894
0506tin2_01-10_crop_00.jpg,5,TINB/TINC,1,848,0.3856132075471698,0.0047169811320754715,6,TIND,0.9877675840978594,0.012232415902140673,1,TIND,2,137,137,1.0
0506tin2_01-10_crop_00.jpg,5,TINB/TINC,2,1591,0.5204274041483343,0.3771213073538655,5,TINB/TINC,0.7246376811594203,0.7246376811594203,2,TINB/TINC|TIND,5,719,769,0.9349804941482445
0506tin2_01-10_crop_00.jpg,5,TINB/TINC,3,437,0.3112128146453089,0.0,6,TIND,1.0,0.0,1,TIND,9,108,108,1.0
0506tin2_01-10_crop_00.jpg,5,TINB/TINC,4,408,0.18872549019607843,0.18872549019607843,5,TINB/TINC,1.0,1.0,1,TINB/TINC,11,77,77,1.0
0506tin2_01-10_crop_00.jpg,6,TIND,1,154,0.935064935064935,0.935064935064935,6,TIND,1.0,1.0,1,TIND,4,144,146,0.9863013698630136
0506tin2_01-10_crop_00.jpg,6,TIND,2,50,0.76,0.76,6,TIND,1.0,1.0,1,TIND,10,38,40,0.95
0506tin2_01-10_crop_00.jpg,6,TIND,3,36,0.8611111111111112,0.8611111111111112,6,TIND,1.0,1.0,1,TIND,12,31,51,0.6078431372549019
0506tin2_01-10_crop_00.jpg,6,TIND,4,138,0.9202898550724637,0.9202898550724637,6,TIND,1.0,1.0,1,TIND,13,127,138,0.9202898550724637
0506tin2_01-10_crop_00.jpg,6,TIND,5,57,0.8771929824561403,0.8771929824561403,6,TIND,1.0,1.0,1,TIND,15,50,62,0.8064516129032258
0506tin2_01-10_crop_00.jpg,6,TIND,6,59,0.9830508474576272,0.9830508474576272,6,TIND,1.0,1.0,1,TIND,16,58,80,0.725
0506tin2_01-10_crop_00.jpg,6,TIND,7,54,1.0,1.0,6,TIND,1.0,1.0,1,TIND,17,54,77,0.7012987012987013
0506tin2_01-10_crop_00.jpg,6,TIND,8,201,0.9253731343283582,0.0,5,TINB/TINC,1.0,0.0,1,TINB/TINC,19,186,341,0.5454545454545454
0506tin2_01-10_crop_00.jpg,6,TIND,9,118,0.8305084745762712,0.8305084745762712,6,TIND,1.0,1.0,1,TIND,20,98,135,0.725925925925926
0506tin2_01-10_crop_00.jpg,6,TIND,10,64,0.8125,0.8125,6,TIND,1.0,1.0,1,TIND,21,52,110,0.4727272727272727
0506tin2_01-10_crop_00.jpg,6,TIND,11,42,0.7619047619047619,0.7619047619047619,6,TIND,1.0,1.0,1,TIND,21,32,110,0.2909090909090909
0506tin2_01-15_crop_01.jpg,6,TIND,1,289,0.740484429065744,0.740484429065744,6,TIND,1.0,1.0,1,TIND,1,214,229,0.9344978165938864
0506tin2_01-16_crop_00.jpg,5,TINB/TINC,1,2031,0.013293943870014771,0.002461841457410143,6,TIND,0.8148148148148148,0.18518518518518517,2,TINB/TINC|TIND,11,22,22,1.0
0506tin2_01-16_crop_00.jpg,5,TINB/TINC,2,859,0.8114086146682189,0.8114086146682189,5,TINB/TINC,1.0,1.0,1,TINB/TINC,10,697,752,0.9268617021276596
0506tin2_01-16_crop_00.jpg,5,TINB/TINC,3,573,0.8027923211169284,0.8027923211169284,5,TINB/TINC,1.0,1.0,1,TINB/TINC,12,460,474,0.9704641350210971
0506tin2_01-16_crop_00.jpg,6,TIND,1,166,0.9036144578313253,0.9036144578313253,6,TIND,1.0,1.0,1,TIND,1,150,169,0.8875739644970414
0506tin2_01-16_crop_00.jpg,6,TIND,2,91,0.8351648351648352,0.8351648351648352,6,TIND,1.0,1.0,1,TIND,2,76,82,0.926829268292683
0506tin2_01-16_crop_00.jpg,6,TIND,3,83,0.7951807228915663,0.7951807228915663,6,TIND,1.0,1.0,1,TIND,3,66,88,0.75
0506tin2_01-16_crop_00.jpg,6,TIND,4,79,0.45569620253164556,0.45569620253164556,6,TIND,1.0,1.0,1,TIND,4,36,36,1.0
0506tin2_01-16_crop_00.jpg,6,TIND,5,216,0.9583333333333334,0.9583333333333334,6,TIND,1.0,1.0,1,TIND,5,207,249,0.8313253012048193
0506tin2_01-16_crop_00.jpg,6,TIND,6,56,0.35714285714285715,0.35714285714285715,6,TIND,1.0,1.0,1,TIND,6,20,20,1.0
0506tin2_01-16_crop_00.jpg,6,TIND,7,44,0.8863636363636364,0.8863636363636364,6,TIND,1.0,1.0,1,TIND,8,39,65,0.6
0506tin2_01-16_crop_00.jpg,6,TIND,8,315,0.946031746031746,0.946031746031746,6,TIND,1.0,1.0,1,TIND,9,298,342,0.8713450292397661
0506tin2_01-16_crop_00.jpg,6,TIND,9,276,0.9963768115942029,0.9963768115942029,6,TIND,1.0,1.0,1,TIND,13,275,385,0.7142857142857143
0506tin2_01-16_crop_00.jpg,6,TIND,10,155,0.8258064516129032,0.6516129032258065,6,TIND,0.7890625,0.7890625,2,TINB/TINC|TIND,14,128,337,0.3798219584569733
0506tin2_01-16_crop_00.jpg,6,TIND,11,67,0.746268656716418,0.746268656716418,6,TIND,1.0,1.0,1,TIND,16,50,208,0.2403846153846154
0506tin2_01-16_crop_00.jpg,6,TIND,12,132,0.803030303030303,0.803030303030303,6,TIND,1.0,1.0,1,TIND,16,106,208,0.5096153846153846
0506tin2_01-16_crop_00.jpg,6,TIND,13,119,0.8235294117647058,0.7815126050420168,6,TIND,0.9489795918367347,0.9489795918367347,2,TINB/TINC|TIND,18,98,379,0.25857519788918204
0506tin2_01-16_crop_00.jpg,6,TIND,14,232,0.9568965517241379,0.9568965517241379,6,TIND,1.0,1.0,1,TIND,18,222,379,0.5857519788918206
0506tin2_01-16_crop_00.jpg,6,TIND,15,134,0.9626865671641791,0.9626865671641791,6,TIND,1.0,1.0,1,TIND,19,129,378,0.3412698412698413
0506tin2_01-16_crop_00.jpg,6,TIND,16,57,0.8771929824561403,0.8771929824561403,6,TIND,1.0,1.0,1,TIND,19,50,378,0.13227513227513227
0506tin2_01-16_crop_00.jpg,6,TIND,17,92,0.8152173913043478,0.8152173913043478,6,TIND,1.0,1.0,1,TIND,19,75,378,0.1984126984126984
0506tin2_01-16_crop_01.jpg,5,TINB/TINC,1,1030,0.5427184466019418,0.3970873786407767,5,TINB/TINC,0.7316636851520573,0.7316636851520573,2,TINB/TINC|TIND,6,300,353,0.8498583569405099
0506tin2_01-16_crop_01.jpg,6,TIND,1,154,0.948051948051948,0.948051948051948,6,TIND,1.0,1.0,1,TIND,4,146,174,0.8390804597701149
0506tin2_01-21_crop_02.jpg,6,TIND,1,148,0.8851351351351351,0.8851351351351351,6,TIND,1.0,1.0,1,TIND,1,131,177,0.7401129943502824
0506tin2_02-01_crop_01.jpg,5,TINB/TINC,1,650,0.7876923076923077,0.7538461538461538,5,TINB/TINC,0.95703125,0.95703125,1,TINB/TINC,1,512,617,0.8298217179902755
0506tin2_02-01_crop_01.jpg,5,TINB/TINC,2,406,0.7906403940886699,0.054187192118226604,6,TIND,0.9314641744548287,0.06853582554517133,2,TINB/TINC|TIND,5,321,349,0.9197707736389685
0506tin2_02-01_crop_01.jpg,5,TINB/TINC,3,531,0.7344632768361582,0.7344632768361582,5,TINB/TINC,1.0,1.0,1,TINB/TINC,8,390,496,0.7862903225806451
0506tin2_02-01_crop_01.jpg,6,TIND,1,89,0.7640449438202247,0.7640449438202247,6,TIND,1.0,1.0,1,TIND,2,68,76,0.8947368421052632
0506tin2_02-01_crop_01.jpg,6,TIND,2,118,0.8898305084745762,0.8898305084745762,6,TIND,1.0,1.0,1,TIND,3,105,114,0.9210526315789473
0506tin2_02-01_crop_01.jpg,6,TIND,3,54,0.7222222222222222,0.7222222222222222,6,TIND,1.0,1.0,1,TIND,4,39,65,0.6
0506tin2_02-01_crop_01.jpg,6,TIND,4,68,0.9705882352941176,0.9264705882352942,6,TIND,0.9545454545454546,0.9545454545454546,1,TIND,7,66,261,0.25287356321839083
0506tin2_02-01_crop_01.jpg,6,TIND,5,73,0.4931506849315068,0.4931506849315068,6,TIND,1.0,1.0,1,TIND,7,36,261,0.13793103448275862
0506tin2_02-01_crop_01.jpg,6,TIND,6,62,0.8870967741935484,0.8870967741935484,6,TIND,1.0,1.0,1,TIND,7,55,261,0.210727969348659
0506tin2_02-02_crop_00.jpg,6,TIND,1,109,0.7064220183486238,0.7064220183486238,6,TIND,1.0,1.0,1,TIND,1,77,99,0.7777777777777778
0506tin2_02-02_crop_00.jpg,6,TIND,2,86,0.9418604651162791,0.9418604651162791,6,TIND,1.0,1.0,1,TIND,3,81,121,0.6694214876033058
0506tin2_02-02_crop_00.jpg,6,TIND,3,113,0.9292035398230089,0.9292035398230089,6,TIND,1.0,1.0,1,TIND,4,105,141,0.7446808510638298
0506tin2_02-02_crop_00.jpg,6,TIND,4,184,0.8641304347826086,0.8641304347826086,6,TIND,1.0,1.0,1,TIND,7,159,184,0.8641304347826086
0506tin2_02-04_crop_03.jpg,6,TIND,1,65,0.9384615384615385,0.9384615384615385,6,TIND,1.0,1.0,1,TIND,1,61,82,0.7439024390243902
0506tin2_02-14_crop_02.jpg,6,TIND,1,84,0.8095238095238095,0.8095238095238095,6,TIND,1.0,1.0,1,TIND,1,68,86,0.7906976744186046
0506tin2_02-16_crop_02.jpg,6,TIND,1,69,0.0,0.0,0,bg,0.0,0.0,0,,0,0,0,0.0
0506tin2_02-18_crop_01.jpg,6,TIND,1,68,0.9852941176470589,0.9852941176470589,6,TIND,1.0,1.0,1,TIND,1,67,89,0.7528089887640449
0506tin2_02-18_crop_01.jpg,6,TIND,2,258,0.9534883720930233,0.9534883720930233,6,TIND,1.0,1.0,1,TIND,3,246,296,0.831081081081081
0506tin2_02-18_crop_02.jpg,6,TIND,1,48,0.0,0.0,0,bg,0.0,0.0,0,,0,0,0,0.0
0506tin2_02-21_crop_00.jpg,5,TINB/TINC,1,2714,0.48526160648489314,0.48526160648489314,5,TINB/TINC,1.0,1.0,1,TINB/TINC,2,969,974,0.9948665297741273
0506tin2_02-21_crop_00.jpg,6,TIND,1,353,0.943342776203966,0.943342776203966,6,TIND,1.0,1.0,1,TIND,4,333,399,0.8345864661654135
0506tin2_02-21_crop_01.jpg,6,TIND,1,139,0.37410071942446044,0.37410071942446044,6,TIND,1.0,1.0,1,TIND,1,52,63,0.8253968253968254
0506tin2_03-02_crop_02.jpg,6,TIND,1,110,0.7363636363636363,0.7363636363636363,6,TIND,1.0,1.0,1,TIND,2,81,170,0.4764705882352941
0506tin2_03-03_crop_02.jpg,5,TINB/TINC,1,1165,0.7502145922746781,0.7502145922746781,5,TINB/TINC,1.0,1.0,1,TINB/TINC,7,874,903,0.9678848283499446
0506tin2_03-03_crop_02.jpg,6,TIND,1,55,0.8909090909090909,0.0,5,TINB/TINC,1.0,0.0,1,TINB/TINC,4,49,205,0.23902439024390243
0506tin2_03-03_crop_02.jpg,6,TIND,2,39,0.9230769230769231,0.0,5,TINB/TINC,1.0,0.0,1,TINB/TINC,4,36,205,0.17560975609756097
0506tin2_03-03_crop_02.jpg,6,TIND,3,70,0.9714285714285714,0.0,5,TINB/TINC,1.0,0.0,1,TINB/TINC,5,68,207,0.3285024154589372
0506tin2_03-03_crop_02.jpg,6,TIND,4,32,0.96875,0.96875,6,TIND,1.0,1.0,1,TIND,6,31,47,0.6595744680851063
0506tin2_03-03_crop_02.jpg,6,TIND,5,54,0.6481481481481481,0.6481481481481481,6,TIND,1.0,1.0,1,TIND,8,35,45,0.7777777777777778
0506tin2_03-03_crop_02.jpg,6,TIND,6,92,0.8260869565217391,0.5543478260869565,6,TIND,0.6710526315789473,0.6710526315789473,2,TINB/TINC|TIND,9,76,138,0.5507246376811594
0506tin2_03-04_crop_01.jpg,6,TIND,1,99,0.7676767676767676,0.7676767676767676,6,TIND,1.0,1.0,1,TIND,1,76,113,0.672566371681416
0506tin2_03-04_crop_01.jpg,6,TIND,2,69,0.8985507246376812,0.8985507246376812,6,TIND,1.0,1.0,1,TIND,2,62,267,0.23220973782771537
0506tin2_03-04_crop_01.jpg,6,TIND,3,76,0.9736842105263158,0.9736842105263158,6,TIND,1.0,1.0,1,TIND,2,74,267,0.27715355805243447
0506tin2_03-04_crop_01.jpg,6,TIND,4,70,0.6285714285714286,0.6285714285714286,6,TIND,1.0,1.0,1,TIND,2,44,267,0.1647940074906367
0506tin2_03-04_crop_01.jpg,6,TIND,5,43,0.813953488372093,0.813953488372093,6,TIND,1.0,1.0,1,TIND,3,35,53,0.660377358490566
0506tin2_03-04_crop_01.jpg,6,TIND,6,46,0.5,0.5,6,TIND,1.0,1.0,1,TIND,4,23,25,0.92
0506tin2_03-04_crop_01.jpg,6,TIND,7,63,0.0,0.0,0,bg,0.0,0.0,0,,0,0,0,0.0
0506tin2_03-04_crop_01.jpg,6,TIND,8,59,0.8813559322033898,0.8813559322033898,6,TIND,1.0,1.0,1,TIND,5,52,83,0.6265060240963856
0506tin2_03-04_crop_01.jpg,6,TIND,9,79,0.9493670886075949,0.9493670886075949,6,TIND,1.0,1.0,1,TIND,6,75,120,0.625
0506tin2_03-07_crop_00.jpg,5,TINB/TINC,1,1678,0.5482717520858165,0.534564958283671,5,TINB/TINC,0.975,0.975,1,TINB/TINC,1,897,981,0.9143730886850153
0506tin2_03-07_crop_00.jpg,5,TINB/TINC,2,2733,0.19136480058543726,0.13830954994511527,5,TINB/TINC,0.722753346080306,0.722753346080306,2,TINB/TINC|TIND,6,192,223,0.8609865470852018
0506tin2_03-07_crop_00.jpg,5,TINB/TINC,3,2086,0.7526366251198466,0.7526366251198466,5,TINB/TINC,1.0,1.0,1,TINB/TINC,4,1570,1603,0.9794135995009358
0506tin2_03-07_crop_00.jpg,5,TINB/TINC,4,4704,0.17325680272108843,0.13754251700680273,5,TINB/TINC,0.7938650306748466,0.7938650306748466,2,TINB/TINC|TIND,11,410,416,0.9855769230769231
0506tin2_03-07_crop_00.jpg,5,TINB/TINC,5,4741,0.42691415313225056,0.42185192997257964,5,TINB/TINC,0.9881422924901185,0.9881422924901185,1,TINB/TINC,12,1068,1174,0.909710391822828
0506tin2_03-07_crop_00.jpg,5,TINB/TINC,6,406,0.8940886699507389,0.8940886699507389,5,TINB/TINC,1.0,1.0,1,TINB/TINC,14,363,398,0.9120603015075377
0506tin2_03-07_crop_00.jpg,6,TIND,1,193,0.9378238341968912,0.9378238341968912,6,TIND,1.0,1.0,1,TIND,13,181,220,0.8227272727272728
0506tin2_03-07_crop_00.jpg,6,TIND,2,95,0.7263157894736842,0.7263157894736842,6,TIND,1.0,1.0,1,TIND,18,69,83,0.8313253012048193
0506tin2_03-07_crop_00.jpg,6,TIND,3,279,0.8602150537634409,0.8602150537634409,6,TIND,1.0,1.0,1,TIND,20,240,288,0.8333333333333334
0506tin2_03-07_crop_00.jpg,6,TIND,4,215,0.7813953488372093,0.7813953488372093,6,TIND,1.0,1.0,1,TIND,21,168,230,0.7304347826086957
0506tin2_03-10_crop_01.jpg,5,TINB/TINC,1,3151,0.4249444620755316,0.4249444620755316,5,TINB/TINC,1.0,1.0,1,TINB/TINC,3,701,886,0.791196388261851
0506tin2_03-10_crop_01.jpg,5,TINB/TINC,2,2989,0.34526597524255603,0.34526597524255603,5,TINB/TINC,1.0,1.0,1,TINB/TINC,7,1032,1065,0.9690140845070423
0506tin2_03-10_crop_01.jpg,6,TIND,1,231,0.8441558441558441,0.8441558441558441,6,TIND,1.0,1.0,1,TIND,1,195,203,0.9605911330049262
0506tin2_03-10_crop_01.jpg,6,TIND,2,123,0.4878048780487805,0.4878048780487805,6,TIND,1.0,1.0,1,TIND,4,60,60,1.0
0506tin2_03-10_crop_01.jpg,6,TIND,3,183,0.9453551912568307,0.9453551912568307,6,TIND,1.0,1.0,1,TIND,6,173,235,0.7361702127659574
0506tin2_03-11_crop_00.jpg,5,TINB/TINC,1,1037,0.8042430086788814,0.8042430086788814,5,TINB/TINC,1.0,1.0,1,TINB/TINC,11,834,920,0.9065217391304348
0506tin2_03-11_crop_00.jpg,5,TINB/TINC,2,629,0.44992050874403816,0.44992050874403816,5,TINB/TINC,1.0,1.0,1,TINB/TINC,13,283,296,0.956081081081081
0506tin2_03-11_crop_00.jpg,6,TIND,1,86,0.7093023255813954,0.7093023255813954,6,TIND,1.0,1.0,1,TIND,1,61,68,0.8970588235294118
0506tin2_03-11_crop_00.jpg,6,TIND,2,205,0.926829268292683,0.926829268292683,6,TIND,1.0,1.0,1,TIND,2,190,241,0.7883817427385892
0506tin2_03-11_crop_00.jpg,6,TIND,3,88,0.9204545454545454,0.9204545454545454,6,TIND,1.0,1.0,1,TIND,3,81,108,0.75
0506tin2_03-11_crop_00.jpg,6,TIND,4,45,0.6666666666666666,0.6666666666666666,6,TIND,1.0,1.0,1,TIND,4,30,34,0.8823529411764706
0506tin2_03-11_crop_00.jpg,6,TIND,5,169,0.9230769230769231,0.9230769230769231,6,TIND,1.0,1.0,1,TIND,5,156,193,0.8082901554404145
0506tin2_03-11_crop_00.jpg,6,TIND,6,69,0.8260869565217391,0.8260869565217391,6,TIND,1.0,1.0,1,TIND,6,57,81,0.7037037037037037
0506tin2_03-11_crop_00.jpg,6,TIND,7,67,0.7014925373134329,0.7014925373134329,6,TIND,1.0,1.0,1,TIND,7,47,53,0.8867924528301887
0506tin2_03-11_crop_00.jpg,6,TIND,8,207,0.8888888888888888,0.8888888888888888,6,TIND,1.0,1.0,1,TIND,8,184,251,0.7330677290836654
0506tin2_03-11_crop_00.jpg,6,TIND,9,64,0.8125,0.8125,6,TIND,1.0,1.0,1,TIND,9,52,132,0.3939393939393939
0506tin2_03-11_crop_00.jpg,6,TIND,10,33,0.48484848484848486,0.48484848484848486,6,TIND,1.0,1.0,1,TIND,9,16,132,0.12121212121212122
0506tin2_03-11_crop_00.jpg,6,TIND,11,86,0.9534883720930233,0.9534883720930233,6,TIND,1.0,1.0,1,TIND,10,82,107,0.7663551401869159
0506tin2_03-11_crop_00.jpg,6,TIND,12,98,0.9897959183673469,0.9897959183673469,6,TIND,1.0,1.0,1,TIND,12,97,111,0.8738738738738738
0506tin2_03-11_crop_01.jpg,5,TINB/TINC,1,401,0.6633416458852868,0.6633416458852868,5,TINB/TINC,1.0,1.0,1,TINB/TINC,1,266,291,0.9140893470790378
0506tin2_03-11_crop_01.jpg,5,TINB/TINC,2,489,0.7852760736196319,0.7852760736196319,5,TINB/TINC,1.0,1.0,1,TINB/TINC,2,384,448,0.8571428571428571
0506tin2_03-11_crop_01.jpg,5,TINB/TINC,3,1443,0.8925848925848926,0.8925848925848926,5,TINB/TINC,1.0,1.0,1,TINB/TINC,3,1288,1562,0.8245838668373879
0506tin2_03-11_crop_01.jpg,6,TIND,1,94,0.851063829787234,0.851063829787234,6,TIND,1.0,1.0,1,TIND,4,80,263,0.3041825095057034
0506tin2_03-11_crop_01.jpg,6,TIND,2,175,0.7257142857142858,0.7257142857142858,6,TIND,1.0,1.0,1,TIND,4,127,263,0.4828897338403042
0506tin2_03-11_crop_01.jpg,6,TIND,3,66,0.25757575757575757,0.25757575757575757,6,TIND,1.0,1.0,1,TIND,5,17,17,1.0
0506tin2_03-14_crop_01.jpg,5,TINB/TINC,1,1567,0.1876196553924697,0.09572431397574985,5,TINB/TINC,0.5102040816326531,0.5102040816326531,2,TINB/TINC|TIND,10,122,126,0.9682539682539683
0506tin2_03-14_crop_01.jpg,5,TINB/TINC,2,3000,0.8866666666666667,0.8866666666666667,5,TINB/TINC,1.0,1.0,1,TINB/TINC,6,2660,3031,0.8775981524249422
0506tin2_03-14_crop_01.jpg,6,TIND,1,205,0.9365853658536586,0.9365853658536586,6,TIND,1.0,1.0,1,TIND,1,192,211,0.909952606635071
0506tin2_03-14_crop_01.jpg,6,TIND,2,78,0.782051282051282,0.782051282051282,6,TIND,1.0,1.0,1,TIND,2,61,83,0.7349397590361446
0506tin2_03-14_crop_01.jpg,6,TIND,3,77,0.8441558441558441,0.8441558441558441,6,TIND,1.0,1.0,1,TIND,3,65,77,0.8441558441558441
0506tin2_03-14_crop_01.jpg,6,TIND,4,42,0.7619047619047619,0.7619047619047619,6,TIND,1.0,1.0,1,TIND,4,32,34,0.9411764705882353
0506tin2_03-14_crop_01.jpg,6,TIND,5,116,0.9655172413793104,0.9655172413793104,6,TIND,1.0,1.0,1,TIND,9,112,149,0.7516778523489933
0506tin2_03-14_crop_01.jpg,6,TIND,6,65,0.9076923076923077,0.9076923076923077,6,TIND,1.0,1.0,1,TIND,12,59,74,0.7972972972972973
0506tin2_03-14_crop_01.jpg,6,TIND,7,98,0.826530612244898,0.826530612244898,6,TIND,1.0,1.0,1,TIND,13,81,100,0.81
0506tin2_03-14_crop_01.jpg,6,TIND,8,99,0.9797979797979798,0.9797979797979798,6,TIND,1.0,1.0,1,TIND,14,97,140,0.6928571428571428
0506tin2_03-19_crop_02.jpg,6,TIND,1,111,0.9459459459459459,0.9459459459459459,6,TIND,1.0,1.0,1,TIND,1,105,120,0.875
0506tin2_03-19_crop_02.jpg,6,TIND,2,68,0.0,0.0,0,bg,0.0,0.0,0,,0,0,0,0.0
0506tin2_03-21_crop_00.jpg,5,TINB/TINC,1,1337,0.862378459237098,0.862378459237098,5,TINB/TINC,1.0,1.0,1,TINB/TINC,1,1153,1407,0.8194740582800284
0506tin2_03-21_crop_00.jpg,5,TINB/TINC,2,119,0.31092436974789917,0.14285714285714285,6,TIND,0.5405405405405406,0.4594594594594595,2,TINB/TINC|TIND,8,37,237,0.15611814345991562
0506tin2_03-21_crop_00.jpg,5,TINB/TINC,3,417,0.60431654676259,0.60431654676259,5,TINB/TINC,1.0,1.0,1,TINB/TINC,9,252,283,0.8904593639575972
0506tin2_03-21_crop_00.jpg,6,TIND,1,37,0.0,0.0,0,bg,0.0,0.0,0,,0,0,0,0.0
0506tin2_03-21_crop_00.jpg,6,TIND,2,48,0.5833333333333334,0.5833333333333334,6,TIND,1.0,1.0,1,TIND,2,28,332,0.08433734939759036
0506tin2_03-21_crop_00.jpg,6,TIND,3,212,0.9669811320754716,0.9669811320754716,6,TIND,1.0,1.0,1,TIND,2,205,332,0.6174698795180723
0506tin2_03-21_crop_00.jpg,6,TIND,4,399,1.0,1.0,6,TIND,1.0,1.0,1,TIND,3,399,624,0.6394230769230769
0506tin2_03-21_crop_00.jpg,6,TIND,5,84,0.8571428571428571,0.8571428571428571,6,TIND,1.0,1.0,1,TIND,4,72,77,0.935064935064935
0506tin2_03-21_crop_00.jpg,6,TIND,6,68,0.36764705882352944,0.0,5,TINB/TINC,1.0,0.0,1,TINB/TINC,5,25,39,0.6410256410256411
0506tin2_03-21_crop_00.jpg,6,TIND,7,373,0.9436997319034852,0.16085790884718498,5,TINB/TINC,0.8295454545454546,0.17045454545454544,2,TINB/TINC|TIND,6,352,609,0.5779967159277504
0506tin2_03-21_crop_00.jpg,6,TIND,8,65,0.7384615384615385,0.6307692307692307,6,TIND,0.8541666666666666,0.8541666666666666,2,TINB/TINC|TIND,7,48,76,0.631578947368421
0506tin2_03-21_crop_00.jpg,6,TIND,9,124,0.8709677419354839,0.8709677419354839,6,TIND,1.0,1.0,1,TIND,8,108,237,0.45569620253164556
0506tin2_03-21_crop_00.jpg,6,TIND,10,119,0.9831932773109243,0.9831932773109243,6,TIND,1.0,1.0,1,TIND,12,117,161,0.7267080745341615
0506tin2_03-21_crop_00.jpg,6,TIND,11,93,0.6881720430107527,0.6881720430107527,6,TIND,1.0,1.0,1,TIND,13,64,69,0.927536231884058
0506tin2_03-21_crop_03.jpg,5,TINB/TINC,1,2068,0.2200193423597679,0.0,6,TIND,1.0,0.0,1,TIND,2,243,243,1.0
0506tin2_04-01_crop_01.jpg,5,TINB/TINC,1,1322,0.8350983358547656,0.8350983358547656,5,TINB/TINC,1.0,1.0,1,TINB/TINC,4,851,1062,0.8013182674199624
0506tin2_04-01_crop_01.jpg,5,TINB/TINC,2,431,0.6635730858468677,0.6635730858468677,5,TINB/TINC,1.0,1.0,1,TINB/TINC,5,286,294,0.9727891156462585
0506tin2_04-01_crop_01.jpg,5,TINB/TINC,3,727,0.687757909215956,0.687757909215956,5,TINB/TINC,1.0,1.0,1,TINB/TINC,6,500,516,0.9689922480620154
0506tin2_04-01_crop_01.jpg,5,TINB/TINC,4,819,0.663003663003663,0.663003663003663,5,TINB/TINC,1.0,1.0,1,TINB/TINC,7,543,668,0.812874251497006
0506tin2_04-01_crop_01.jpg,5,TINB/TINC,5,546,0.5494505494505495,0.0,6,TIND,1.0,0.0,1,TIND,12,235,254,0.9251968503937008
0506tin2_04-01_crop_01.jpg,6,TIND,1,71,0.7887323943661971,0.7887323943661971,6,TIND,1.0,1.0,1,TIND,1,56,58,0.9655172413793104
0506tin2_04-03_crop_00.jpg,6,TIND,1,60,0.7833333333333333,0.7833333333333333,6,TIND,1.0,1.0,1,TIND,1,47,195,0.24102564102564103
0506tin2_04-03_crop_00.jpg,6,TIND,2,107,0.8691588785046729,0.8691588785046729,6,TIND,1.0,1.0,1,TIND,1,93,195,0.47692307692307695
0506tin2_04-03_crop_00.jpg,6,TIND,3,62,0.9838709677419355,0.9838709677419355,6,TIND,1.0,1.0,1,TIND,2,61,77,0.7922077922077922
0506tin2_04-03_crop_00.jpg,6,TIND,4,48,0.75,0.75,6,TIND,1.0,1.0,1,TIND,3,36,42,0.8571428571428571
0506tin2_04-03_crop_00.jpg,6,TIND,5,57,0.7719298245614035,0.7719298245614035,6,TIND,1.0,1.0,1,TIND,4,44,66,0.6666666666666666
0506tin2_04-10_crop_02.jpg,6,TIND,1,90,0.9333333333333333,0.9333333333333333,6,TIND,1.0,1.0,1,TIND,4,84,107,0.7850467289719626
0506tin2_04-10_crop_02.jpg,6,TIND,2,117,0.9316239316239316,0.9316239316239316,6,TIND,1.0,1.0,1,TIND,5,109,126,0.8650793650793651
0506tin2_04-10_crop_02.jpg,6,TIND,3,68,0.8529411764705882,0.8529411764705882,6,TIND,1.0,1.0,1,TIND,6,58,71,0.8169014084507042
0506tin2_04-20_crop_02.jpg,6,TIND,1,83,0.9156626506024096,0.9156626506024096,6,TIND,1.0,1.0,1,TIND,1,76,141,0.5390070921985816
0506tin2_04-20_crop_02.jpg,6,TIND,2,73,0.9315068493150684,0.9315068493150684,6,TIND,1.0,1.0,1,TIND,2,68,77,0.8831168831168831
0506tin2_05-01_crop_02.jpg,6,TIND,1,89,0.9662921348314607,0.9662921348314607,6,TIND,1.0,1.0,1,TIND,5,86,101,0.8514851485148515
0506tin2_05-01_crop_02.jpg,6,TIND,2,91,0.8901098901098901,0.8901098901098901,6,TIND,1.0,1.0,1,TIND,6,81,95,0.8526315789473684
0506tin2_05-06_crop_03.jpg,6,TIND,1,222,0.9594594594594594,0.9594594594594594,6,TIND,1.0,1.0,1,TIND,1,213,229,0.9301310043668122
0506tin2_05-09_crop_00.jpg,5,TINB/TINC,1,365,0.1095890410958904,0.0,6,TIND,1.0,0.0,1,TIND,2,40,41,0.975609756097561
0506tin2_05-09_crop_00.jpg,6,TIND,1,212,0.9150943396226415,0.9150943396226415,6,TIND,1.0,1.0,1,TIND,1,194,207,0.9371980676328503
0506tin2_05-09_crop_00.jpg,6,TIND,2,145,0.7586206896551724,0.7586206896551724,6,TIND,1.0,1.0,1,TIND,3,110,111,0.990990990990991
0506tin2_05-09_crop_00.jpg,6,TIND,3,238,0.9537815126050421,0.9537815126050421,6,TIND,1.0,1.0,1,TIND,4,227,246,0.9227642276422764
0506tin2_05-09_crop_00.jpg,6,TIND,4,60,0.7833333333333333,0.7833333333333333,6,TIND,1.0,1.0,1,TIND,6,47,48,0.9791666666666666
0506tin2_05-09_crop_00.jpg,6,TIND,5,196,0.9132653061224489,0.9132653061224489,6,TIND,1.0,1.0,1,TIND,7,179,191,0.93717277486911
0506tin2_05-09_crop_00.jpg,6,TIND,6,110,0.8454545454545455,0.8454545454545455,6,TIND,1.0,1.0,1,TIND,8,93,99,0.9393939393939394
0506tin2_05-14_crop_00.jpg,6,TIND,1,80,0.825,0.825,6,TIND,1.0,1.0,1,TIND,1,66,111,0.5945945945945946
0506tin2_05-14_crop_00.jpg,6,TIND,2,418,0.9282296650717703,0.9282296650717703,6,TIND,1.0,1.0,1,TIND,2,388,410,0.9463414634146341
0506tin2_05-14_crop_00.jpg,6,TIND,3,84,0.8809523809523809,0.8809523809523809,6,TIND,1.0,1.0,1,TIND,4,74,85,0.8705882352941177
0506tin2_05-14_crop_00.jpg,6,TIND,4,274,0.9854014598540146,0.9854014598540146,6,TIND,1.0,1.0,1,TIND,5,270,307,0.8794788273615635
0506tin2_05-14_crop_00.jpg,6,TIND,5,204,0.8970588235294118,0.8970588235294118,6,TIND,1.0,1.0,1,TIND,6,183,187,0.9786096256684492
0506tin2_05-14_crop_00.jpg,6,TIND,6,249,0.8634538152610441,0.8634538152610441,6,TIND,1.0,1.0,1,TIND,7,215,222,0.9684684684684685
0506tin2_05-14_crop_00.jpg,6,TIND,7,117,0.9316239316239316,0.9316239316239316,6,TIND,1.0,1.0,1,TIND,8,109,120,0.9083333333333333
0506tin2_05-14_crop_00.jpg,6,TIND,8,233,0.9613733905579399,0.9613733905579399,6,TIND,1.0,1.0,1,TIND,9,224,235,0.9531914893617022
0506tin2_05-14_crop_00.jpg,6,TIND,9,154,0.8766233766233766,0.8766233766233766,6,TIND,1.0,1.0,1,TIND,12,135,152,0.8881578947368421
0506tin2_05-14_crop_00.jpg,6,TIND,10,154,0.987012987012987,0.987012987012987,6,TIND,1.0,1.0,1,TIND,13,152,159,0.9559748427672956
0506tin2_05-14_crop_00.jpg,6,TIND,11,367,0.9618528610354223,0.9618528610354223,6,TIND,1.0,1.0,1,TIND,14,353,371,0.9514824797843666
0506tin2_05-14_crop_00.jpg,6,TIND,12,133,0.9849624060150376,0.9849624060150376,6,TIND,1.0,1.0,1,TIND,15,131,152,0.8618421052631579
0506tin2_05-18_crop_00.jpg,6,TIND,1,56,0.625,0.625,6,TIND,1.0,1.0,1,TIND,1,35,279,0.12544802867383512
0506tin2_05-18_crop_00.jpg,6,TIND,2,178,0.9719101123595506,0.9719101123595506,6,TIND,1.0,1.0,1,TIND,1,173,279,0.6200716845878136
0506tin2_05-18_crop_00.jpg,6,TIND,3,27,0.9629629629629629,0.9629629629629629,6,TIND,1.0,1.0,1,TIND,2,26,43,0.6046511627906976
0506tin2_05-18_crop_00.jpg,6,TIND,4,21,0.0,0.0,0,bg,0.0,0.0,0,,0,0,0,0.0
0506tin2_05-18_crop_00.jpg,6,TIND,5,57,0.0,0.0,0,bg,0.0,0.0,0,,0,0,0,0.0
0506tin2_05-18_crop_00.jpg,6,TIND,6,61,0.32786885245901637,0.32786885245901637,6,TIND,1.0,1.0,1,TIND,3,20,27,0.7407407407407407
0506tin2_05-18_crop_00.jpg,6,TIND,7,285,0.9403508771929825,0.9403508771929825,6,TIND,1.0,1.0,1,TIND,4,268,368,0.7282608695652174
0506tin2_05-18_crop_01.jpg,6,TIND,1,313,0.9808306709265175,0.9808306709265175,6,TIND,1.0,1.0,1,TIND,2,307,339,0.9056047197640118
0506tin2_05-18_crop_01.jpg,6,TIND,2,87,0.9540229885057471,0.9540229885057471,6,TIND,1.0,1.0,1,TIND,3,83,93,0.8924731182795699
0506tin2_05-18_crop_01.jpg,6,TIND,3,118,0.9152542372881356,0.9152542372881356,6,TIND,1.0,1.0,1,TIND,4,108,385,0.2805194805194805
0506tin2_05-18_crop_01.jpg,6,TIND,4,254,0.9763779527559056,0.9763779527559056,6,TIND,1.0,1.0,1,TIND,4,248,385,0.6441558441558441
0506tin2_05-19_crop_00.jpg,6,TIND,1,66,0.8787878787878788,0.0,5,TINB/TINC,1.0,0.0,1,TINB/TINC,1,58,85,0.6823529411764706
0506tin2_05-19_crop_00.jpg,6,TIND,2,79,0.9620253164556962,0.9620253164556962,6,TIND,1.0,1.0,1,TIND,2,76,83,0.9156626506024096
0506tin2_05-19_crop_00.jpg,6,TIND,3,47,1.0,1.0,6,TIND,1.0,1.0,1,TIND,3,47,87,0.5402298850574713
0506tin2_05-19_crop_00.jpg,6,TIND,4,34,0.6764705882352942,0.6764705882352942,6,TIND,1.0,1.0,1,TIND,3,23,87,0.26436781609195403
0506tin2_05-19_crop_00.jpg,6,TIND,5,33,0.0,0.0,0,bg,0.0,0.0,0,,0,0,0,0.0
0506tin2_05-19_crop_00.jpg,6,TIND,6,39,0.28205128205128205,0.28205128205128205,6,TIND,1.0,1.0,1,TIND,4,11,11,1.0
0506tin2_05-19_crop_00.jpg,6,TIND,7,125,0.912,0.912,6,TIND,1.0,1.0,1,TIND,5,114,125,0.912
0506tin2_05-19_crop_01.jpg,5,TINB/TINC,1,2489,0.8099638408999599,0.8099638408999599,5,TINB/TINC,1.0,1.0,1,TINB/TINC,2,1021,1475,0.6922033898305084
0506tin2_05-19_crop_01.jpg,6,TIND,1,31,1.0,0.0,5,TINB/TINC,1.0,0.0,1,TINB/TINC,1,31,171,0.18128654970760233
0506tin2_05-19_crop_01.jpg,6,TIND,2,70,1.0,0.7142857142857143,6,TIND,0.7142857142857143,0.7142857142857143,2,TINB/TINC|TIND,1,70,171,0.4093567251461988
0506tin2_06-06_crop_00.jpg,6,TIND,1,148,0.31756756756756754,0.31756756756756754,6,TIND,1.0,1.0,1,TIND,1,47,60,0.7833333333333333
0506tin2_06-06_crop_00.jpg,6,TIND,2,106,1.0,1.0,6,TIND,1.0,1.0,1,TIND,2,106,120,0.8833333333333333
0506tin2_06-06_crop_00.jpg,6,TIND,3,196,0.9030612244897959,0.9030612244897959,6,TIND,1.0,1.0,1,TIND,3,177,191,0.9267015706806283
0506tin2_06-06_crop_00.jpg,6,TIND,4,64,0.859375,0.859375,6,TIND,1.0,1.0,1,TIND,4,55,56,0.9821428571428571
0506tin2_06-06_crop_00.jpg,6,TIND,5,141,0.8865248226950354,0.8865248226950354,6,TIND,1.0,1.0,1,TIND,6,125,133,0.9398496240601504
0506tin2_06-06_crop_00.jpg,6,TIND,6,149,0.9194630872483222,0.0,5,TINB/TINC,1.0,0.0,1,TINB/TINC,7,137,507,0.2702169625246548
0506tin2_06-06_crop_00.jpg,6,TIND,7,102,0.7941176470588235,0.7941176470588235,6,TIND,1.0,1.0,1,TIND,8,81,82,0.9878048780487805
0506tin2_06-06_crop_00.jpg,6,TIND,8,89,0.9325842696629213,0.0,5,TINB/TINC,1.0,0.0,1,TINB/TINC,7,83,507,0.16370808678500987
0506tin2_06-08_crop_00.jpg,6,TIND,1,79,0.7974683544303798,0.7974683544303798,6,TIND,1.0,1.0,1,TIND,1,63,63,1.0
0506tin2_06-08_crop_00.jpg,6,TIND,2,139,0.9496402877697842,0.9496402877697842,6,TIND,1.0,1.0,1,TIND,2,132,152,0.868421052631579
0506tin2_06-08_crop_00.jpg,6,TIND,3,125,0.976,0.976,6,TIND,1.0,1.0,1,TIND,3,122,129,0.9457364341085271
0506tin2_06-08_crop_00.jpg,6,TIND,4,45,1.0,0.0,5,TINB/TINC,1.0,0.0,1,TINB/TINC,4,45,273,0.16483516483516483
0506tin2_06-08_crop_00.jpg,6,TIND,5,51,1.0,1.0,6,TIND,1.0,1.0,1,TIND,5,51,64,0.796875
0506tin2_06-08_crop_00.jpg,6,TIND,6,230,0.9391304347826087,0.9391304347826087,6,TIND,1.0,1.0,1,TIND,6,216,236,0.9152542372881356
0506tin2_06-08_crop_00.jpg,6,TIND,7,183,0.9016393442622951,0.9016393442622951,6,TIND,1.0,1.0,1,TIND,7,165,590,0.2796610169491525
0506tin2_06-08_crop_00.jpg,6,TIND,8,325,0.9046153846153846,0.9046153846153846,6,TIND,1.0,1.0,1,TIND,7,294,590,0.49830508474576274
0506tin2_06-13_crop_02.jpg,6,TIND,1,51,0.0,0.0,0,bg,0.0,0.0,0,,0,0,0,0.0
0506tin2_06-13_crop_02.jpg,6,TIND,2,69,0.855072463768116,0.855072463768116,6,TIND,1.0,1.0,1,TIND,1,59,94,0.6276595744680851
0506tin2_06-13_crop_02.jpg,6,TIND,3,40,0.575,0.575,6,TIND,1.0,1.0,1,TIND,1,23,94,0.24468085106382978
0506tin2_06-13_crop_02.jpg,6,TIND,4,99,0.9494949494949495,0.9494949494949495,6,TIND,1.0,1.0,1,TIND,2,94,99,0.9494949494949495
0506tin2_06-13_crop_02.jpg,6,TIND,5,55,0.4727272727272727,0.4727272727272727,6,TIND,1.0,1.0,1,TIND,3,26,26,1.0
0506tin2_06-13_crop_02.jpg,6,TIND,6,117,0.9145299145299145,0.9145299145299145,6,TIND,1.0,1.0,1,TIND,4,107,114,0.9385964912280702
0506tin2_06-18_crop_00.jpg,6,TIND,1,77,0.8831168831168831,0.8831168831168831,6,TIND,1.0,1.0,1,TIND,1,68,69,0.9855072463768116
0506tin2_06-18_crop_00.jpg,6,TIND,2,383,0.9242819843342036,0.9242819843342036,6,TIND,1.0,1.0,1,TIND,2,354,378,0.9365079365079365
0506tin2_06-18_crop_00.jpg,6,TIND,3,123,0.926829268292683,0.926829268292683,6,TIND,1.0,1.0,1,TIND,3,114,115,0.991304347826087
0506tin2_06-18_crop_00.jpg,6,TIND,4,53,0.1320754716981132,0.1320754716981132,6,TIND,1.0,1.0,1,TIND,4,7,7,1.0
0506tin2_06-18_crop_00.jpg,6,TIND,5,48,0.8958333333333334,0.8958333333333334,6,TIND,1.0,1.0,1,TIND,5,43,43,1.0
0506tin2_06-18_crop_00.jpg,6,TIND,6,77,0.8181818181818182,0.8181818181818182,6,TIND,1.0,1.0,1,TIND,6,63,63,1.0
0506tin2_06-19_crop_00.jpg,6,TIND,1,55,0.9454545454545454,0.9454545454545454,6,TIND,1.0,1.0,1,TIND,1,52,59,0.8813559322033898
0506tin2_06-19_crop_00.jpg,6,TIND,2,100,0.83,0.83,6,TIND,1.0,1.0,1,TIND,2,83,86,0.9651162790697675
0506tin2_06-19_crop_00.jpg,6,TIND,3,72,0.6944444444444444,0.6944444444444444,6,TIND,1.0,1.0,1,TIND,3,50,63,0.7936507936507936
0506tin2_06-19_crop_00.jpg,6,TIND,4,67,0.8656716417910447,0.8656716417910447,6,TIND,1.0,1.0,1,TIND,4,58,63,0.9206349206349206
0506tin2_06-19_crop_00.jpg,6,TIND,5,60,1.0,1.0,6,TIND,1.0,1.0,1,TIND,5,60,478,0.12552301255230125
0506tin2_06-19_crop_00.jpg,6,TIND,6,398,0.9623115577889447,0.9623115577889447,6,TIND,1.0,1.0,1,TIND,5,383,478,0.801255230125523
0506tin2_06-19_crop_00.jpg,6,TIND,7,29,0.0,0.0,0,bg,0.0,0.0,0,,0,0,0,0.0
0506tin2_06-19_crop_00.jpg,6,TIND,8,46,0.6304347826086957,0.6304347826086957,6,TIND,1.0,1.0,1,TIND,6,29,30,0.9666666666666667
0506tin2_06-19_crop_00.jpg,6,TIND,9,80,0.9125,0.9125,6,TIND,1.0,1.0,1,TIND,7,73,81,0.9012345679012346
0506tin2_06-19_crop_00.jpg,6,TIND,10,48,0.0,0.0,0,bg,0.0,0.0,0,,0,0,0,0.0
0506tin2_06-19_crop_00.jpg,6,TIND,11,60,0.0,0.0,0,bg,0.0,0.0,0,,0,0,0,0.0
0506tin2_06-19_crop_00.jpg,6,TIND,12,25,0.96,0.0,5,TINB/TINC,1.0,0.0,1,TINB/TINC,8,24,240,0.1
0506tin2_06-19_crop_00.jpg,6,TIND,13,43,1.0,0.0,5,TINB/TINC,1.0,0.0,1,TINB/TINC,8,43,240,0.17916666666666667
0506tin2_07-05_crop_02.jpg,5,TINB/TINC,1,2173,0.6479521398987574,0.6479521398987574,5,TINB/TINC,1.0,1.0,1,TINB/TINC,1,942,1173,0.80306905370844
0506tin2_07-05_crop_02.jpg,6,TIND,1,64,0.96875,0.96875,6,TIND,1.0,1.0,1,TIND,4,62,82,0.7560975609756098
0506tin2_07-09_crop_00.jpg,6,TIND,1,72,0.9166666666666666,0.9166666666666666,6,TIND,1.0,1.0,1,TIND,1,66,75,0.88
0506tin2_07-09_crop_00.jpg,6,TIND,2,27,0.3333333333333333,0.3333333333333333,6,TIND,1.0,1.0,1,TIND,2,9,75,0.12
0506tin2_07-09_crop_00.jpg,6,TIND,3,42,0.9285714285714286,0.9285714285714286,6,TIND,1.0,1.0,1,TIND,2,39,75,0.52
0506tin2_07-09_crop_00.jpg,6,TIND,4,50,0.92,0.92,6,TIND,1.0,1.0,1,TIND,3,46,50,0.92
0506tin2_07-11_crop_01.jpg,6,TIND,1,168,0.8392857142857143,0.8392857142857143,6,TIND,1.0,1.0,1,TIND,1,141,144,0.9791666666666666
0506tin2_07-11_crop_01.jpg,6,TIND,2,136,0.9411764705882353,0.9411764705882353,6,TIND,1.0,1.0,1,TIND,2,128,139,0.920863309352518
0506tin2_07-11_crop_01.jpg,6,TIND,3,159,0.9056603773584906,0.9056603773584906,6,TIND,1.0,1.0,1,TIND,3,144,159,0.9056603773584906
0506tin2_07-11_crop_01.jpg,6,TIND,4,251,0.8247011952191236,0.50199203187251,6,TIND,0.6086956521739131,0.6086956521739131,2,TINB/TINC|TIND,4,207,230,0.9
0506tin2_07-16_crop_01.jpg,5,TINB/TINC,1,1646,0.4106925880923451,0.08019441069258809,6,TIND,0.8047337278106509,0.1952662721893491,2,TINB/TINC|TIND,2,299,299,1.0
0506tin2_07-16_crop_01.jpg,5,TINB/TINC,2,392,0.1760204081632653,0.04081632653061224,6,TIND,0.7681159420289855,0.2318840579710145,2,TINB/TINC|TIND,7,52,52,1.0
0506tin2_07-16_crop_01.jpg,6,TIND,1,73,0.7945205479452054,0.7945205479452054,6,TIND,1.0,1.0,1,TIND,1,58,58,1.0
0506tin2_07-16_crop_01.jpg,6,TIND,2,62,0.0,0.0,0,bg,0.0,0.0,0,,0,0,0,0.0
0506tin2_07-16_crop_01.jpg,6,TIND,3,96,0.8958333333333334,0.8958333333333334,6,TIND,1.0,1.0,1,TIND,5,86,93,0.9247311827956989
0506tin2_07-16_crop_01.jpg,6,TIND,4,121,0.9586776859504132,0.9586776859504132,6,TIND,1.0,1.0,1,TIND,6,116,121,0.9586776859504132
0506tin2_08-08_crop_02.jpg,6,TIND,1,133,0.7819548872180451,0.7819548872180451,6,TIND,1.0,1.0,1,TIND,2,104,104,1.0
0506tin2_08-11_crop_01.jpg,6,TIND,1,71,0.0,0.0,0,bg,0.0,0.0,0,,0,0,0,0.0
0506tin2_08-12_crop_00.jpg,5,TINB/TINC,1,1663,0.5628382441371016,0.5628382441371016,5,TINB/TINC,1.0,1.0,1,TINB/TINC,4,676,769,0.8790637191157347
0506tin2_08-12_crop_00.jpg,6,TIND,1,63,0.0,0.0,0,bg,0.0,0.0,0,,0,0,0,0.0
0506tin2_08-12_crop_00.jpg,6,TIND,2,71,0.5211267605633803,0.5211267605633803,6,TIND,1.0,1.0,1,TIND,1,37,37,1.0
0506tin2_08-12_crop_00.jpg,6,TIND,3,55,0.2727272727272727,0.2727272727272727,6,TIND,1.0,1.0,1,TIND,2,15,15,1.0
0506tin2_08-12_crop_00.jpg,6,TIND,4,52,0.0,0.0,0,bg,0.0,0.0,0,,0,0,0,0.0
0506tin2_08-12_crop_00.jpg,6,TIND,5,72,0.9305555555555556,0.0,5,TINB/TINC,1.0,0.0,1,TINB/TINC,3,67,84,0.7976190476190477
0506tin2_08-12_crop_00.jpg,6,TIND,6,115,0.7478260869565218,0.7478260869565218,6,TIND,1.0,1.0,1,TIND,5,86,88,0.9772727272727273
0506tin2_08-12_crop_00.jpg,6,TIND,7,73,0.2876712328767123,0.2876712328767123,6,TIND,1.0,1.0,1,TIND,8,21,21,1.0
0506tin2_08-12_crop_00.jpg,6,TIND,8,74,0.35135135135135137,0.35135135135135137,6,TIND,1.0,1.0,1,TIND,9,26,26,1.0
0506tin2_08-15_crop_00.jpg,5,TINB/TINC,1,1249,0.600480384307446,0.37229783827061647,5,TINB/TINC,0.62,0.62,2,TINB/TINC|TIND,7,465,501,0.9281437125748503
0506tin2_08-15_crop_00.jpg,5,TINB/TINC,2,814,0.6683046683046683,0.36609336609336607,5,TINB/TINC,0.5477941176470589,0.5477941176470589,2,TINB/TINC|TIND,10,387,449,0.8619153674832962
0506tin2_08-15_crop_00.jpg,6,TIND,1,264,0.7954545454545454,0.7954545454545454,6,TIND,1.0,1.0,1,TIND,1,210,210,1.0
0506tin2_08-15_crop_00.jpg,6,TIND,2,176,0.8181818181818182,0.8181818181818182,6,TIND,1.0,1.0,1,TIND,2,144,144,1.0
0506tin2_08-15_crop_00.jpg,6,TIND,3,65,0.6307692307692307,0.6307692307692307,6,TIND,1.0,1.0,1,TIND,3,41,63,0.6507936507936508
0506tin2_08-15_crop_00.jpg,6,TIND,4,152,0.868421052631579,0.868421052631579,6,TIND,1.0,1.0,1,TIND,4,132,132,1.0
0506tin2_08-15_crop_00.jpg,6,TIND,5,101,0.6633663366336634,0.6633663366336634,6,TIND,1.0,1.0,1,TIND,5,67,67,1.0
0506tin2_08-15_crop_00.jpg,6,TIND,6,74,0.33783783783783783,0.33783783783783783,6,TIND,1.0,1.0,1,TIND,6,25,25,1.0
0506tin2_08-15_crop_00.jpg,6,TIND,7,66,0.696969696969697,0.696969696969697,6,TIND,1.0,1.0,1,TIND,11,46,47,0.9787234042553191
0506tin2_08-15_crop_00.jpg,6,TIND,8,85,0.7529411764705882,0.7529411764705882,6,TIND,1.0,1.0,1,TIND,12,64,64,1.0
0506tin2_08-16_crop_01.jpg,6,TIND,1,129,0.0,0.0,0,bg,0.0,0.0,0,,0,0,0,0.0
0506tin2_08-16_crop_01.jpg,6,TIND,2,109,0.0,0.0,0,bg,0.0,0.0,0,,0,0,0,0.0
0506tin2_08-16_crop_01.jpg,6,TIND,3,95,0.0,0.0,0,bg,0.0,0.0,0,,0,0,0,0.0
0506tin2_08-16_crop_01.jpg,6,TIND,4,740,0.7391891891891892,0.7391891891891892,6,TIND,1.0,1.0,1,TIND,1,547,547,1.0
0506tin2_08-17_crop_02.jpg,5,TINB/TINC,1,2723,0.3496143958868895,0.3496143958868895,5,TINB/TINC,1.0,1.0,1,TINB/TINC,2,867,959,0.9040667361835245
0506tin2_08-18_crop_01.jpg,6,TIND,1,166,0.6867469879518072,0.6867469879518072,6,TIND,1.0,1.0,1,TIND,1,114,114,1.0
0506tin2_09-03_crop_01.jpg,5,TINB/TINC,1,267,0.6928838951310862,0.003745318352059925,6,TIND,0.9945945945945946,0.005405405405405406,1,TIND,1,185,185,1.0
0506tin2_09-03_crop_01.jpg,6,TIND,1,102,0.43137254901960786,0.43137254901960786,6,TIND,1.0,1.0,1,TIND,2,44,44,1.0
0506tin2_09-11_crop_00.jpg,6,TIND,1,209,0.6650717703349283,0.6650717703349283,6,TIND,1.0,1.0,1,TIND,1,139,143,0.972027972027972
0506tin2_09-11_crop_00.jpg,6,TIND,2,255,0.6862745098039216,0.6862745098039216,6,TIND,1.0,1.0,1,TIND,4,175,179,0.9776536312849162
0506tin2_09-11_crop_00.jpg,6,TIND,3,75,0.6666666666666666,0.6666666666666666,6,TIND,1.0,1.0,1,TIND,5,50,50,1.0
0506tin2_09-11_crop_00.jpg,6,TIND,4,250,0.632,0.632,6,TIND,1.0,1.0,1,TIND,6,158,171,0.9239766081871345
0506tin2_09-11_crop_00.jpg,6,TIND,5,75,0.68,0.68,6,TIND,1.0,1.0,1,TIND,7,51,55,0.9272727272727272
0506tin2_09-11_crop_00.jpg,6,TIND,6,165,0.7636363636363637,0.7636363636363637,6,TIND,1.0,1.0,1,TIND,8,126,131,0.9618320610687023
0506tin2_09-11_crop_00.jpg,6,TIND,7,21,0.0,0.0,0,bg,0.0,0.0,0,,0,0,0,0.0
0506tin2_09-11_crop_00.jpg,6,TIND,8,215,0.8093023255813954,0.8093023255813954,6,TIND,1.0,1.0,1,TIND,9,174,174,1.0
0506tin2_09-11_crop_00.jpg,6,TIND,9,114,0.7456140350877193,0.7456140350877193,6,TIND,1.0,1.0,1,TIND,10,85,85,1.0
0506tin2_09-11_crop_00.jpg,6,TIND,10,145,0.7448275862068966,0.7448275862068966,6,TIND,1.0,1.0,1,TIND,11,108,108,1.0
0506tin2_09-11_crop_00.jpg,6,TIND,11,306,0.8398692810457516,0.8398692810457516,6,TIND,1.0,1.0,1,TIND,12,257,257,1.0
0506tin2_09-13_crop_01.jpg,4,D,1,272,0.7720588235294118,0.7720588235294118,4,D,1.0,1.0,1,D,1,210,210,1.0
0506tin2_09-13_crop_01.jpg,6,TIND,1,259,0.6872586872586872,0.6872586872586872,6,TIND,1.0,1.0,1,TIND,3,178,178,1.0
0506tin2_09-13_crop_01.jpg,6,TIND,2,209,0.7464114832535885,0.7464114832535885,6,TIND,1.0,1.0,1,TIND,5,156,156,1.0
0506tin2_09-13_crop_01.jpg,6,TIND,3,208,0.7115384615384616,0.7115384615384616,6,TIND,1.0,1.0,1,TIND,6,148,148,1.0
0506tin2_09-13_crop_01.jpg,6,TIND,4,289,0.6505190311418685,0.6505190311418685,6,TIND,1.0,1.0,1,TIND,7,188,188,1.0
0506tin2_09-14_crop_00.jpg,6,TIND,1,124,0.7016129032258065,0.7016129032258065,6,TIND,1.0,1.0,1,TIND,1,87,87,1.0
0506tin2_09-14_crop_00.jpg,6,TIND,2,241,0.8257261410788381,0.8257261410788381,6,TIND,1.0,1.0,1,TIND,3,199,199,1.0
0506tin2_09-14_crop_00.jpg,6,TIND,3,44,0.25,0.25,6,TIND,1.0,1.0,1,TIND,5,11,13,0.8461538461538461
0506tin2_09-14_crop_00.jpg,6,TIND,4,28,0.0,0.0,0,bg,0.0,0.0,0,,0,0,0,0.0
0506tin2_09-14_crop_00.jpg,6,TIND,5,39,0.0,0.0,0,bg,0.0,0.0,0,,0,0,0,0.0
0506tin2_09-14_crop_02.jpg,6,TIND,1,140,0.0,0.0,0,bg,0.0,0.0,0,,0,0,0,0.0
0506tin2_10-01_crop_00.jpg,6,TIND,1,273,0.9523809523809523,0.9523809523809523,6,TIND,1.0,1.0,1,TIND,1,260,284,0.9154929577464789
0506tin2_10-01_crop_00.jpg,6,TIND,2,176,0.8693181818181818,0.8693181818181818,6,TIND,1.0,1.0,1,TIND,2,153,229,0.6681222707423581
0506tin2_10-01_crop_00.jpg,6,TIND,3,69,0.8985507246376812,0.8985507246376812,6,TIND,1.0,1.0,1,TIND,3,62,66,0.9393939393939394
0506tin2_10-01_crop_00.jpg,6,TIND,4,72,0.7361111111111112,0.7361111111111112,6,TIND,1.0,1.0,1,TIND,2,53,229,0.2314410480349345
0506tin2_10-01_crop_00.jpg,6,TIND,5,84,0.7380952380952381,0.7380952380952381,6,TIND,1.0,1.0,1,TIND,4,62,62,1.0
0506tin2_10-01_crop_00.jpg,6,TIND,6,65,0.3230769230769231,0.3230769230769231,6,TIND,1.0,1.0,1,TIND,5,21,21,1.0
0506tin2_10-01_crop_00.jpg,6,TIND,7,104,0.40384615384615385,0.40384615384615385,6,TIND,1.0,1.0,1,TIND,6,42,42,1.0
0506tin2_10-01_crop_00.jpg,6,TIND,8,51,0.6274509803921569,0.6274509803921569,6,TIND,1.0,1.0,1,TIND,7,32,61,0.5245901639344263
0506tin2_10-01_crop_00.jpg,6,TIND,9,60,0.38333333333333336,0.38333333333333336,6,TIND,1.0,1.0,1,TIND,7,23,61,0.3770491803278688
0506tin2_10-01_crop_00.jpg,6,TIND,10,186,0.8333333333333334,0.8333333333333334,6,TIND,1.0,1.0,1,TIND,8,155,155,1.0
0506tin2_10-01_crop_00.jpg,6,TIND,11,177,0.9209039548022598,0.9209039548022598,6,TIND,1.0,1.0,1,TIND,9,163,181,0.9005524861878453
0506tin2_10-01_crop_00.jpg,6,TIND,12,179,0.9162011173184358,0.9162011173184358,6,TIND,1.0,1.0,1,TIND,10,164,176,0.9318181818181818
0506tin2_10-01_crop_00.jpg,6,TIND,13,129,0.9224806201550387,0.9224806201550387,6,TIND,1.0,1.0,1,TIND,11,119,136,0.875
0506tin2_10-01_crop_00.jpg,6,TIND,14,115,0.9130434782608695,0.9130434782608695,6,TIND,1.0,1.0,1,TIND,12,105,118,0.8898305084745762
0506tin2_10-01_crop_00.jpg,6,TIND,15,261,0.896551724137931,0.896551724137931,6,TIND,1.0,1.0,1,TIND,13,234,236,0.9915254237288136
0506tin2_10-01_crop_00.jpg,6,TIND,16,111,1.0,0.9099099099099099,6,TIND,0.9099099099099099,0.9099099099099099,2,TINB/TINC|TIND,14,111,137,0.8102189781021898
0506tin2_10-01_crop_00.jpg,6,TIND,17,72,0.75,0.75,6,TIND,1.0,1.0,1,TIND,15,54,172,0.313953488372093
0506tin2_10-01_crop_00.jpg,6,TIND,18,102,0.8627450980392157,0.8627450980392157,6,TIND,1.0,1.0,1,TIND,15,88,172,0.5116279069767442
0506tin2_10-01_crop_00.jpg,6,TIND,19,102,0.9803921568627451,0.0,5,TINB/TINC,1.0,0.0,1,TINB/TINC,16,100,153,0.6535947712418301
0506tin2_10-01_crop_00.jpg,6,TIND,20,69,0.9420289855072463,0.9420289855072463,6,TIND,1.0,1.0,1,TIND,17,65,66,0.9848484848484849
0506tin2_10-01_crop_00.jpg,6,TIND,21,238,0.7857142857142857,0.7857142857142857,6,TIND,1.0,1.0,1,TIND,18,187,209,0.8947368421052632
0506tin2_10-01_crop_00.jpg,6,TIND,22,65,0.7076923076923077,0.7076923076923077,6,TIND,1.0,1.0,1,TIND,19,46,46,1.0
0506tin2_10-07_crop_01.jpg,6,TIND,1,163,0.9693251533742331,0.9693251533742331,6,TIND,1.0,1.0,1,TIND,1,158,162,0.9753086419753086
0506tin2_10-07_crop_01.jpg,6,TIND,2,221,0.9592760180995475,0.9592760180995475,6,TIND,1.0,1.0,1,TIND,2,212,320,0.6625
0506tin2_10-07_crop_01.jpg,6,TIND,3,69,0.8695652173913043,0.8695652173913043,6,TIND,1.0,1.0,1,TIND,2,60,320,0.1875
0506tin2_10-07_crop_01.jpg,6,TIND,4,48,0.0,0.0,0,bg,0.0,0.0,0,,0,0,0,0.0
0506tin2_10-07_crop_01.jpg,6,TIND,5,78,0.8717948717948718,0.8717948717948718,6,TIND,1.0,1.0,1,TIND,3,68,70,0.9714285714285714
0506tin2_10-07_crop_01.jpg,6,TIND,6,120,0.9083333333333333,0.9083333333333333,6,TIND,1.0,1.0,1,TIND,4,109,185,0.5891891891891892
0506tin2_10-07_crop_01.jpg,6,TIND,7,50,0.92,0.92,6,TIND,1.0,1.0,1,TIND,4,46,185,0.24864864864864866
0506tin2_10-07_crop_01.jpg,6,TIND,8,38,0.0,0.0,0,bg,0.0,0.0,0,,0,0,0,0.0
0506tin2_10-07_crop_01.jpg,6,TIND,9,37,0.0,0.0,0,bg,0.0,0.0,0,,0,0,0,0.0
0506tin2_10-07_crop_01.jpg,6,TIND,10,37,0.0,0.0,0,bg,0.0,0.0,0,,0,0,0,0.0
0506tin2_10-08_crop_01.jpg,6,TIND,1,122,0.9590163934426229,0.9590163934426229,6,TIND,1.0,1.0,1,TIND,1,117,129,0.9069767441860465
0506tin2_10-08_crop_01.jpg,6,TIND,2,156,0.9230769230769231,0.9230769230769231,6,TIND,1.0,1.0,1,TIND,2,144,165,0.8727272727272727
0506tin2_10-08_crop_01.jpg,6,TIND,3,62,1.0,1.0,6,TIND,1.0,1.0,1,TIND,3,62,73,0.8493150684931506
0506tin2_10-08_crop_01.jpg,6,TIND,4,59,0.6610169491525424,0.6610169491525424,6,TIND,1.0,1.0,1,TIND,4,39,106,0.36792452830188677
0506tin2_10-08_crop_01.jpg,6,TIND,5,36,0.7777777777777778,0.7777777777777778,6,TIND,1.0,1.0,1,TIND,4,28,106,0.2641509433962264
0506tin2_10-08_crop_01.jpg,6,TIND,6,65,1.0,0.0,5,TINB/TINC,1.0,0.0,1,TINB/TINC,5,65,499,0.13026052104208416
0506tin2_10-08_crop_01.jpg,6,TIND,7,119,0.865546218487395,0.865546218487395,6,TIND,1.0,1.0,1,TIND,6,103,112,0.9196428571428571
0506tin2_10-08_crop_01.jpg,6,TIND,8,46,0.391304347826087,0.391304347826087,6,TIND,1.0,1.0,1,TIND,7,18,18,1.0
0506tin2_10-08_crop_01.jpg,6,TIND,9,114,0.9210526315789473,0.9210526315789473,6,TIND,1.0,1.0,1,TIND,8,105,129,0.813953488372093
0506tin2_10-08_crop_01.jpg,6,TIND,10,53,0.9433962264150944,0.9433962264150944,6,TIND,1.0,1.0,1,TIND,9,50,67,0.746268656716418
0506tin2_10-08_crop_01.jpg,6,TIND,11,57,0.7543859649122807,0.7543859649122807,6,TIND,1.0,1.0,1,TIND,10,43,44,0.9772727272727273
0506tin2_10-10_crop_03.jpg,5,TINB/TINC,1,1114,0.46409335727109513,0.027827648114901255,6,TIND,0.9400386847195358,0.059961315280464215,2,TINB/TINC|TIND,5,253,257,0.9844357976653697
0506tin2_10-10_crop_03.jpg,6,TIND,1,74,0.9054054054054054,0.9054054054054054,6,TIND,1.0,1.0,1,TIND,1,67,73,0.9178082191780822
0506tin2_10-10_crop_03.jpg,6,TIND,2,45,0.8,0.8,6,TIND,1.0,1.0,1,TIND,2,36,123,0.2926829268292683
0506tin2_10-10_crop_03.jpg,6,TIND,3,65,0.9692307692307692,0.9692307692307692,6,TIND,1.0,1.0,1,TIND,2,63,123,0.5121951219512195
0506tin2_10-10_crop_03.jpg,6,TIND,4,51,0.6274509803921569,0.6274509803921569,6,TIND,1.0,1.0,1,TIND,7,32,32,1.0
0506tin2_10-14_crop_01.jpg,5,TINB/TINC,1,666,0.9669669669669669,0.9669669669669669,5,TINB/TINC,1.0,1.0,1,TINB/TINC,3,644,860,0.7488372093023256
0506tin2_10-14_crop_01.jpg,6,TIND,1,102,0.9607843137254902,0.9607843137254902,6,TIND,1.0,1.0,1,TIND,2,98,109,0.8990825688073395
0506tin2_10-14_crop_02.jpg,5,TINB/TINC,1,434,0.3294930875576037,0.0,6,TIND,1.0,0.0,1,TIND,1,143,146,0.9794520547945206
0506tin2_10-16_crop_01.jpg,5,TINB/TINC,1,1641,0.5027422303473492,0.5027422303473492,5,TINB/TINC,1.0,1.0,1,TINB/TINC,5,381,446,0.8542600896860987
0506tin2_10-16_crop_01.jpg,6,TIND,1,233,0.8927038626609443,0.8927038626609443,6,TIND,1.0,1.0,1,TIND,1,208,223,0.9327354260089686
0506tin2_10-16_crop_01.jpg,6,TIND,2,203,0.8522167487684729,0.8522167487684729,6,TIND,1.0,1.0,1,TIND,3,173,173,1.0
0506tin2_10-16_crop_01.jpg,6,TIND,3,111,0.8918918918918919,0.8918918918918919,6,TIND,1.0,1.0,1,TIND,4,99,102,0.9705882352941176
0506tin2_10-21_crop_02.jpg,5,TINB/TINC,1,1517,0.8760711931443639,0.8760711931443639,5,TINB/TINC,1.0,1.0,1,TINB/TINC,5,1329,1649,0.805942995755003
0506tin2_10-21_crop_02.jpg,6,TIND,1,122,0.9590163934426229,0.9590163934426229,6,TIND,1.0,1.0,1,TIND,2,117,130,0.9
0506tin2_10-21_crop_02.jpg,6,TIND,2,102,0.9901960784313726,0.9901960784313726,6,TIND,1.0,1.0,1,TIND,4,101,122,0.8278688524590164
0506tin2_11-03_crop_01.jpg,4,D,1,117,0.0,0.0,0,bg,0.0,0.0,0,,0,0,0,0.0
0506tin2_11-03_crop_01.jpg,5,TINB/TINC,1,919,0.8650707290533188,0.8650707290533188,5,TINB/TINC,1.0,1.0,1,TINB/TINC,1,795,945,0.8412698412698413
0506tin2_11-03_crop_01.jpg,5,TINB/TINC,2,496,0.41330645161290325,0.0,6,TIND,1.0,0.0,1,TIND,4,102,106,0.9622641509433962
0506tin2_11-03_crop_01.jpg,5,TINB/TINC,3,2591,0.7406406792744115,0.7290621381705905,5,TINB/TINC,0.9843668577384054,0.9843668577384054,1,TINB/TINC,12,1889,2176,0.8681066176470589
0506tin2_11-03_crop_01.jpg,6,TIND,1,76,1.0,1.0,6,TIND,1.0,1.0,1,TIND,5,76,92,0.8260869565217391
0506tin2_11-03_crop_01.jpg,6,TIND,2,129,0.8604651162790697,0.8604651162790697,6,TIND,1.0,1.0,1,TIND,9,111,147,0.7551020408163265
0506tin2_11-03_crop_01.jpg,6,TIND,3,84,0.4642857142857143,0.4642857142857143,6,TIND,1.0,1.0,1,TIND,10,39,62,0.6290322580645161
0506tin2_11-03_crop_01.jpg,6,TIND,4,313,0.8817891373801917,0.8817891373801917,6,TIND,1.0,1.0,1,TIND,13,276,285,0.968421052631579
0506tin2_11-07_crop_01.jpg,4,D,1,124,0.0,0.0,0,bg,0.0,0.0,0,,0,0,0,0.0
0506tin2_11-07_crop_01.jpg,4,D,2,145,0.9448275862068966,0.0,6,TIND,1.0,0.0,1,TIND,1,137,148,0.9256756756756757
0506tin2_11-07_crop_01.jpg,4,D,3,151,0.0,0.0,0,bg,0.0,0.0,0,,0,0,0,0.0
0506tin2_11-07_crop_01.jpg,5,TINB/TINC,1,2545,0.5225933202357563,0.4848722986247544,5,TINB/TINC,0.9278195488721804,0.9278195488721804,2,TINB/TINC|TIND,7,1095,1157,0.9464131374243734
0506tin2_11-07_crop_01.jpg,6,TIND,1,154,0.935064935064935,0.935064935064935,6,TIND,1.0,1.0,1,TIND,3,144,163,0.8834355828220859
0506tin2_11-07_crop_01.jpg,6,TIND,2,142,1.0,0.7183098591549296,6,TIND,0.7183098591549296,0.7183098591549296,2,TINB/TINC|TIND,6,142,190,0.7473684210526316
0506tin2_11-07_crop_01.jpg,6,TIND,3,61,0.9344262295081968,0.9344262295081968,6,TIND,1.0,1.0,1,TIND,8,57,71,0.8028169014084507
0506tin2_11-10_crop_02.jpg,5,TINB/TINC,1,1512,0.5813492063492064,0.5813492063492064,5,TINB/TINC,1.0,1.0,1,TINB/TINC,1,879,927,0.948220064724919
0506tin2_11-19_crop_00.jpg,6,TIND,1,46,0.0,0.0,0,bg,0.0,0.0,0,,0,0,0,0.0
0506tin2_11-19_crop_00.jpg,6,TIND,2,61,0.8032786885245902,0.8032786885245902,6,TIND,1.0,1.0,1,TIND,1,49,52,0.9423076923076923
0506tin2_11-19_crop_00.jpg,6,TIND,3,241,0.8215767634854771,0.8215767634854771,6,TIND,1.0,1.0,1,TIND,2,198,198,1.0
0506tin2_11-21_crop_01.jpg,6,TIND,1,513,0.9025341130604289,0.9025341130604289,6,TIND,1.0,1.0,1,TIND,1,463,467,0.9914346895074947
0506tin2_11-21_crop_01.jpg,6,TIND,2,104,0.9519230769230769,0.9519230769230769,6,TIND,1.0,1.0,1,TIND,2,99,105,0.9428571428571428
0506tin2_11-21_crop_01.jpg,6,TIND,3,97,0.7525773195876289,0.7525773195876289,6,TIND,1.0,1.0,1,TIND,3,73,73,1.0
0506tin2_11-21_crop_01.jpg,6,TIND,4,86,0.05813953488372093,0.0,5,TINB/TINC,1.0,0.0,1,TINB/TINC,4,5,11,0.45454545454545453
0506tin2_11-21_crop_01.jpg,6,TIND,5,62,0.7741935483870968,0.0,5,TINB/TINC,1.0,0.0,1,TINB/TINC,5,48,159,0.3018867924528302
0506tin2_11-21_crop_01.jpg,6,TIND,6,84,0.8333333333333334,0.8333333333333334,6,TIND,1.0,1.0,1,TIND,6,70,72,0.9722222222222222
0506tin2_11-21_crop_01.jpg,6,TIND,7,81,0.8765432098765432,0.8765432098765432,6,TIND,1.0,1.0,1,TIND,7,71,77,0.922077922077922
0506tin2_11-21_crop_01.jpg,6,TIND,8,81,0.2962962962962963,0.2962962962962963,6,TIND,1.0,1.0,1,TIND,8,24,24,1.0
0506tin2_12-06_crop_00.jpg,4,D,1,184,0.0,0.0,0,bg,0.0,0.0,0,,0,0,0,0.0
0506tin2_12-06_crop_00.jpg,5,TINB/TINC,1,1642,0.4056029232643118,0.020097442143727162,6,TIND,0.9504504504504504,0.04954954954954955,1,TIND,2,318,318,1.0
0506tin2_12-06_crop_00.jpg,6,TIND,1,119,0.9243697478991597,0.9243697478991597,6,TIND,1.0,1.0,1,TIND,5,110,224,0.49107142857142855
0506tin2_12-06_crop_00.jpg,6,TIND,2,49,0.673469387755102,0.673469387755102,6,TIND,1.0,1.0,1,TIND,5,33,224,0.14732142857142858
0506tin2_12-06_crop_00.jpg,6,TIND,3,22,0.0,0.0,0,bg,0.0,0.0,0,,0,0,0,0.0
0506tin2_12-06_crop_00.jpg,6,TIND,4,156,0.9102564102564102,0.9102564102564102,6,TIND,1.0,1.0,1,TIND,6,142,211,0.6729857819905213
0506tin2_12-06_crop_00.jpg,6,TIND,5,40,0.525,0.525,6,TIND,1.0,1.0,1,TIND,6,21,211,0.0995260663507109
0506tin2_12-06_crop_00.jpg,6,TIND,6,132,0.9318181818181818,0.9318181818181818,6,TIND,1.0,1.0,1,TIND,7,123,126,0.9761904761904762
0506tin2_12-06_crop_00.jpg,6,TIND,7,58,0.9310344827586207,0.9310344827586207,6,TIND,1.0,1.0,1,TIND,8,54,65,0.8307692307692308
0506tin2_12-06_crop_00.jpg,6,TIND,8,100,0.81,0.58,6,TIND,0.7160493827160493,0.7160493827160493,2,TINB/TINC|TIND,9,81,87,0.9310344827586207
0506tin2_12-06_crop_00.jpg,6,TIND,9,59,0.8983050847457628,0.8983050847457628,6,TIND,1.0,1.0,1,TIND,10,53,56,0.9464285714285714
0506tin2_12-06_crop_00.jpg,6,TIND,10,34,0.0,0.0,0,bg,0.0,0.0,0,,0,0,0,0.0
0506tin2_12-06_crop_00.jpg,6,TIND,11,55,0.8545454545454545,0.38181818181818183,5,TINB/TINC,0.5531914893617021,0.44680851063829785,2,TINB/TINC|TIND,11,47,56,0.8392857142857143
0506tin2_12-06_crop_00.jpg,6,TIND,12,57,0.9649122807017544,0.9649122807017544,6,TIND,1.0,1.0,1,TIND,12,55,64,0.859375
0506tin2_12-07_crop_00.jpg,6,TIND,1,83,0.963855421686747,0.963855421686747,6,TIND,1.0,1.0,1,TIND,1,80,94,0.851063829787234
0506tin2_12-07_crop_00.jpg,6,TIND,2,51,0.9803921568627451,0.9803921568627451,6,TIND,1.0,1.0,1,TIND,2,50,58,0.8620689655172413
0506tin2_12-07_crop_00.jpg,6,TIND,3,119,0.865546218487395,0.865546218487395,6,TIND,1.0,1.0,1,TIND,4,103,115,0.8956521739130435
0506tin2_12-07_crop_00.jpg,6,TIND,4,75,0.8666666666666667,0.8666666666666667,6,TIND,1.0,1.0,1,TIND,5,65,69,0.9420289855072463
0506tin2_12-07_crop_00.jpg,6,TIND,5,128,0.7890625,0.7890625,6,TIND,1.0,1.0,1,TIND,7,101,111,0.9099099099099099
0506tin2_12-07_crop_00.jpg,6,TIND,6,71,0.8450704225352113,0.8450704225352113,6,TIND,1.0,1.0,1,TIND,10,60,63,0.9523809523809523
0506tin2_12-07_crop_02.jpg,6,TIND,1,100,0.97,0.0,5,TINB/TINC,1.0,0.0,1,TINB/TINC,1,97,457,0.212253829321663
0506tin2_12-07_crop_02.jpg,6,TIND,2,129,0.9767441860465116,0.0,5,TINB/TINC,1.0,0.0,1,TINB/TINC,1,126,457,0.27571115973741794
0506tin2_12-07_crop_02.jpg,6,TIND,3,98,0.5612244897959183,0.5612244897959183,6,TIND,1.0,1.0,1,TIND,2,55,55,1.0
0506tin2_12-07_crop_02.jpg,6,TIND,4,211,0.981042654028436,0.981042654028436,6,TIND,1.0,1.0,1,TIND,3,207,221,0.9366515837104072
0506tin2_12-07_crop_02.jpg,6,TIND,5,111,0.8918918918918919,0.8918918918918919,6,TIND,1.0,1.0,1,TIND,4,99,105,0.9428571428571428
0506tin2_12-17_crop_00.jpg,6,TIND,1,92,0.8913043478260869,0.8913043478260869,6,TIND,1.0,1.0,1,TIND,1,82,102,0.803921568627451
0506tin2_12-17_crop_00.jpg,6,TIND,2,183,0.825136612021858,0.825136612021858,6,TIND,1.0,1.0,1,TIND,2,151,170,0.888235294117647
0506tin2_12-17_crop_00.jpg,6,TIND,3,93,0.8064516129032258,0.8064516129032258,6,TIND,1.0,1.0,1,TIND,3,75,82,0.9146341463414634
0506tin2_12-17_crop_00.jpg,6,TIND,4,220,0.8772727272727273,0.8772727272727273,6,TIND,1.0,1.0,1,TIND,4,193,224,0.8616071428571429
0506tin2_12-17_crop_00.jpg,6,TIND,5,210,0.9047619047619048,0.9047619047619048,6,TIND,1.0,1.0,1,TIND,5,190,194,0.979381443298969
0506tin2_12-17_crop_00.jpg,6,TIND,6,49,0.9183673469387755,0.9183673469387755,6,TIND,1.0,1.0,1,TIND,6,45,52,0.8653846153846154
0506tin2_12-17_crop_00.jpg,6,TIND,7,65,0.9384615384615385,0.9384615384615385,6,TIND,1.0,1.0,1,TIND,7,61,66,0.9242424242424242
0506tin2_12-17_crop_00.jpg,6,TIND,8,108,0.9907407407407407,0.9907407407407407,6,TIND,1.0,1.0,1,TIND,8,107,124,0.8629032258064516
0506tin2_12-17_crop_00.jpg,6,TIND,9,283,0.9081272084805654,0.9081272084805654,6,TIND,1.0,1.0,1,TIND,9,257,293,0.8771331058020477
0506tin2_12-17_crop_00.jpg,6,TIND,10,110,0.990909090909091,0.990909090909091,6,TIND,1.0,1.0,1,TIND,10,109,127,0.8582677165354331
0506tin2_13-05_crop_02.jpg,6,TIND,1,62,0.7419354838709677,0.7419354838709677,6,TIND,1.0,1.0,1,TIND,1,46,54,0.8518518518518519
0506tin2_13-05_crop_02.jpg,6,TIND,2,46,0.43478260869565216,0.43478260869565216,6,TIND,1.0,1.0,1,TIND,2,20,24,0.8333333333333334
0506tin2_13-05_crop_02.jpg,6,TIND,3,48,0.6666666666666666,0.6666666666666666,6,TIND,1.0,1.0,1,TIND,3,32,32,1.0
0506tin2_13-05_crop_02.jpg,6,TIND,4,61,0.9508196721311475,0.9508196721311475,6,TIND,1.0,1.0,1,TIND,4,58,59,0.9830508474576272
0506tin2_13-05_crop_02.jpg,6,TIND,5,29,0.0,0.0,0,bg,0.0,0.0,0,,0,0,0,0.0
0506tin2_14-04_crop_00.jpg,6,TIND,1,132,0.946969696969697,0.946969696969697,6,TIND,1.0,1.0,1,TIND,1,125,139,0.8992805755395683
0506tin2_14-04_crop_00.jpg,6,TIND,2,54,1.0,0.0,5,TINB/TINC,1.0,0.0,1,TINB/TINC,2,54,521,0.1036468330134357
0506tin2_14-04_crop_00.jpg,6,TIND,3,61,1.0,0.0,5,TINB/TINC,1.0,0.0,1,TINB/TINC,2,61,521,0.11708253358925144
0506tin2_14-04_crop_00.jpg,6,TIND,4,71,0.7323943661971831,0.7323943661971831,6,TIND,1.0,1.0,1,TIND,3,52,54,0.9629629629629629
0506tin2_14-04_crop_00.jpg,6,TIND,5,65,1.0,0.0,5,TINB/TINC,1.0,0.0,1,TINB/TINC,4,65,449,0.1447661469933185
0506tin2_14-04_crop_00.jpg,6,TIND,6,35,0.6857142857142857,0.0,5,TINB/TINC,1.0,0.0,1,TINB/TINC,2,24,521,0.046065259117082535
0506tin2_14-04_crop_00.jpg,6,TIND,7,96,0.9270833333333334,0.0,5,TINB/TINC,1.0,0.0,1,TINB/TINC,4,89,449,0.19821826280623608
0506tin2_14-04_crop_00.jpg,6,TIND,8,77,0.8831168831168831,0.8831168831168831,6,TIND,1.0,1.0,1,TIND,5,68,72,0.9444444444444444
0506tin2_14-04_crop_00.jpg,6,TIND,9,83,0.9036144578313253,0.9036144578313253,6,TIND,1.0,1.0,1,TIND,6,75,100,0.75
0506tin2_14-04_crop_00.jpg,6,TIND,10,71,1.0,1.0,6,TIND,1.0,1.0,1,TIND,7,71,78,0.9102564102564102
0506tin2_14-04_crop_00.jpg,6,TIND,11,105,1.0,1.0,6,TIND,1.0,1.0,1,TIND,8,105,114,0.9210526315789473
0506tin2_14-04_crop_00.jpg,6,TIND,12,68,1.0,1.0,6,TIND,1.0,1.0,1,TIND,9,68,69,0.9855072463768116
0506tin2_14-04_crop_00.jpg,6,TIND,13,87,0.7126436781609196,0.7126436781609196,6,TIND,1.0,1.0,1,TIND,10,62,62,1.0
0506tin2_14-04_crop_00.jpg,6,TIND,14,33,0.696969696969697,0.696969696969697,6,TIND,1.0,1.0,1,TIND,11,23,77,0.2987012987012987
0506tin2_14-04_crop_00.jpg,6,TIND,15,44,0.8636363636363636,0.8636363636363636,6,TIND,1.0,1.0,1,TIND,11,38,77,0.4935064935064935
0506tin2_14-04_crop_00.jpg,6,TIND,16,114,0.9824561403508771,0.9824561403508771,6,TIND,1.0,1.0,1,TIND,12,112,120,0.9333333333333333
0506tin2_14-04_crop_00.jpg,6,TIND,17,24,0.0,0.0,0,bg,0.0,0.0,0,,0,0,0,0.0
0506tin2_14-04_crop_00.jpg,6,TIND,18,34,0.0,0.0,0,bg,0.0,0.0,0,,0,0,0,0.0
0506tin2_14-05_crop_01.jpg,5,TINB/TINC,1,1502,0.8794940079893475,0.8794940079893475,5,TINB/TINC,1.0,1.0,1,TINB/TINC,3,1321,1372,0.9628279883381924
0506tin2_14-05_crop_01.jpg,5,TINB/TINC,2,1844,0.5195227765726681,0.4490238611713666,5,TINB/TINC,0.8643006263048016,0.8643006263048016,2,TINB/TINC|TIND,4,867,1014,0.8550295857988166
0506tin2_14-05_crop_01.jpg,5,TINB/TINC,3,511,0.3816046966731898,0.24266144814090018,5,TINB/TINC,0.6358974358974359,0.6358974358974359,2,TINB/TINC|TIND,5,132,148,0.8918918918918919
0506tin2_14-05_crop_01.jpg,6,TIND,1,85,0.9176470588235294,0.9176470588235294,6,TIND,1.0,1.0,1,TIND,8,78,81,0.9629629629629629
0506tin2_14-05_crop_01.jpg,6,TIND,2,39,0.0,0.0,0,bg,0.0,0.0,0,,0,0,0,0.0
0506tin2_14-05_crop_01.jpg,6,TIND,3,102,0.9901960784313726,0.9901960784313726,6,TIND,1.0,1.0,1,TIND,9,101,120,0.8416666666666667
0506tin2_14-05_crop_01.jpg,6,TIND,4,72,0.0,0.0,0,bg,0.0,0.0,0,,0,0,0,0.0
0506tin2_14-05_crop_01.jpg,6,TIND,5,60,0.9333333333333333,0.9333333333333333,6,TIND,1.0,1.0,1,TIND,11,56,60,0.9333333333333333
0506tin2_14-05_crop_01.jpg,6,TIND,6,92,0.8043478260869565,0.8043478260869565,6,TIND,1.0,1.0,1,TIND,12,74,80,0.925
0506tin2_14-08_crop_00.jpg,5,TINB/TINC,1,1565,0.8907348242811501,0.8907348242811501,5,TINB/TINC,1.0,1.0,1,TINB/TINC,5,1394,1597,0.8728866624921728
0506tin2_14-08_crop_00.jpg,6,TIND,1,183,0.9344262295081968,0.9344262295081968,6,TIND,1.0,1.0,1,TIND,1,171,189,0.9047619047619048
0506tin2_14-08_crop_00.jpg,6,TIND,2,37,0.918918918918919,0.918918918918919,6,TIND,1.0,1.0,1,TIND,2,34,39,0.8717948717948718
0506tin2_14-08_crop_00.jpg,6,TIND,3,208,0.9230769230769231,0.9230769230769231,6,TIND,1.0,1.0,1,TIND,3,192,200,0.96
0506tin2_14-08_crop_00.jpg,6,TIND,4,94,0.9787234042553191,0.9787234042553191,6,TIND,1.0,1.0,1,TIND,4,92,107,0.8598130841121495
0506tin2_14-08_crop_00.jpg,6,TIND,5,224,0.8973214285714286,0.8973214285714286,6,TIND,1.0,1.0,1,TIND,6,201,211,0.95260663507109
0506tin2_14-08_crop_00.jpg,6,TIND,6,131,1.0,0.0,5,TINB/TINC,1.0,0.0,1,TINB/TINC,8,131,192,0.6822916666666666
0506tin2_14-08_crop_00.jpg,6,TIND,7,27,0.0,0.0,0,bg,0.0,0.0,0,,0,0,0,0.0
0506tin2_14-08_crop_00.jpg,6,TIND,8,130,0.9307692307692308,0.9307692307692308,6,TIND,1.0,1.0,1,TIND,9,121,245,0.49387755102040815
0506tin2_14-08_crop_00.jpg,6,TIND,9,95,0.4105263157894737,0.4105263157894737,6,TIND,1.0,1.0,1,TIND,9,39,245,0.15918367346938775
0506tin2_14-08_crop_00.jpg,6,TIND,10,125,0.952,0.952,6,TIND,1.0,1.0,1,TIND,10,119,135,0.8814814814814815
0506tin2_14-08_crop_02.jpg,5,TINB/TINC,1,623,0.6292134831460674,0.5200642054574639,5,TINB/TINC,0.826530612244898,0.826530612244898,2,TINB/TINC|TIND,1,392,414,0.9468599033816425
0506tin2_14-08_crop_02.jpg,5,TINB/TINC,2,612,0.5277777777777778,0.26143790849673204,6,TIND,0.5046439628482973,0.4953560371517028,2,TINB/TINC|TIND,2,323,323,1.0
0506tin2_14-08_crop_02.jpg,6,TIND,1,50,0.0,0.0,0,bg,0.0,0.0,0,,0,0,0,0.0
0506tin2_14-08_crop_02.jpg,6,TIND,2,19,0.21052631578947367,0.21052631578947367,6,TIND,1.0,1.0,1,TIND,3,4,105,0.0380952380952381
0506tin2_14-08_crop_02.jpg,6,TIND,3,79,0.9367088607594937,0.9367088607594937,6,TIND,1.0,1.0,1,TIND,3,74,105,0.7047619047619048
0506tin2_14-08_crop_02.jpg,6,TIND,4,87,0.9425287356321839,0.9425287356321839,6,TIND,1.0,1.0,1,TIND,5,82,87,0.9425287356321839
0506tin2_14-09_crop_00.jpg,5,TINB/TINC,1,757,0.8520475561426685,0.8520475561426685,5,TINB/TINC,1.0,1.0,1,TINB/TINC,2,645,727,0.8872077028885832
0506tin2_14-09_crop_00.jpg,5,TINB/TINC,2,1350,0.7362962962962963,0.7362962962962963,5,TINB/TINC,1.0,1.0,1,TINB/TINC,9,994,1154,0.8613518197573656
0506tin2_14-09_crop_00.jpg,6,TIND,1,51,0.5098039215686274,0.5098039215686274,6,TIND,1.0,1.0,1,TIND,1,26,224,0.11607142857142858
0506tin2_14-09_crop_00.jpg,6,TIND,2,184,0.7989130434782609,0.7663043478260869,6,TIND,0.9591836734693877,0.9591836734693877,1,TIND,1,147,224,0.65625
0506tin2_14-09_crop_00.jpg,6,TIND,3,33,0.0,0.0,0,bg,0.0,0.0,0,,0,0,0,0.0
0506tin2_14-09_crop_00.jpg,6,TIND,4,42,0.7142857142857143,0.7142857142857143,6,TIND,1.0,1.0,1,TIND,3,30,49,0.6122448979591837
0506tin2_14-09_crop_00.jpg,6,TIND,5,50,0.96,0.96,6,TIND,1.0,1.0,1,TIND,4,48,56,0.8571428571428571
0506tin2_14-09_crop_00.jpg,6,TIND,6,98,0.8673469387755102,0.8673469387755102,6,TIND,1.0,1.0,1,TIND,5,85,117,0.7264957264957265
0506tin2_14-09_crop_00.jpg,6,TIND,7,46,1.0,1.0,6,TIND,1.0,1.0,1,TIND,6,46,63,0.7301587301587301
0506tin2_14-09_crop_00.jpg,6,TIND,8,84,0.8214285714285714,0.8214285714285714,6,TIND,1.0,1.0,1,TIND,10,69,69,1.0
0506tin2_14-09_crop_00.jpg,6,TIND,9,111,0.9279279279279279,0.9279279279279279,6,TIND,1.0,1.0,1,TIND,11,103,113,0.911504424778761
0506tin2_14-09_crop_01.jpg,6,TIND,1,97,0.0,0.0,0,bg,0.0,0.0,0,,0,0,0,0.0
0506tin2_14-10_crop_00.jpg,4,D,1,131,0.9923664122137404,0.9923664122137404,4,D,1.0,1.0,1,D,6,130,141,0.9219858156028369
0506tin2_14-10_crop_00.jpg,5,TINB/TINC,1,2123,0.6048045219029675,0.5939707960433349,5,TINB/TINC,0.9820872274143302,0.9820872274143302,1,TINB/TINC,4,874,956,0.9142259414225942
0506tin2_14-10_crop_00.jpg,6,TIND,1,66,0.8787878787878788,0.0,5,TINB/TINC,1.0,0.0,1,TINB/TINC,1,58,95,0.6105263157894737
0506tin2_14-10_crop_00.jpg,6,TIND,2,62,0.5806451612903226,0.5806451612903226,6,TIND,1.0,1.0,1,TIND,2,36,37,0.972972972972973
0506tin2_14-10_crop_00.jpg,6,TIND,3,77,0.7272727272727273,0.7272727272727273,6,TIND,1.0,1.0,1,TIND,5,56,59,0.9491525423728814
0506tin2_14-10_crop_00.jpg,6,TIND,4,67,0.835820895522388,0.2835820895522388,5,TINB/TINC,0.6607142857142857,0.3392857142857143,2,TINB/TINC|TIND,7,56,77,0.7272727272727273
0506tin2_14-10_crop_00.jpg,6,TIND,5,30,1.0,0.0,5,TINB/TINC,1.0,0.0,1,TINB/TINC,8,30,74,0.40540540540540543
0506tin2_14-10_crop_00.jpg,6,TIND,6,46,0.0,0.0,0,bg,0.0,0.0,0,,0,0,0,0.0
0506tin2_14-10_crop_00.jpg,6,TIND,7,242,0.9504132231404959,0.9504132231404959,6,TIND,1.0,1.0,1,TIND,10,230,279,0.8243727598566308
0506tin2_14-10_crop_00.jpg,6,TIND,8,37,0.0,0.0,0,bg,0.0,0.0,0,,0,0,0,0.0
0506tin2_14-10_crop_00.jpg,6,TIND,9,26,0.0,0.0,0,bg,0.0,0.0,0,,0,0,0,0.0
0506tin2_14-10_crop_00.jpg,6,TIND,10,143,0.8391608391608392,0.8391608391608392,6,TIND,1.0,1.0,1,TIND,11,120,125,0.96
0506tin2_14-10_crop_00.jpg,6,TIND,11,40,0.0,0.0,0,bg,0.0,0.0,0,,0,0,0,0.0
0506tin2_14-10_crop_00.jpg,6,TIND,12,99,0.6161616161616161,0.6161616161616161,6,TIND,1.0,1.0,1,TIND,12,61,65,0.9384615384615385
0506tin2_14-16_crop_00.jpg,5,TINB/TINC,1,21291,0.6790662721337655,0.6276830585693486,5,TINB/TINC,0.9243325494535897,0.9243325494535897,2,TINB/TINC|TIND,1,12779,13397,0.9538702694633127
0506tin2_14-16_crop_00.jpg,6,TIND,1,204,0.8137254901960784,0.8137254901960784,6,TIND,1.0,1.0,1,TIND,2,166,166,1.0
0506tin2_14-16_crop_00.jpg,6,TIND,2,110,0.9181818181818182,0.9181818181818182,6,TIND,1.0,1.0,1,TIND,3,101,105,0.9619047619047619
0506tin2_14-16_crop_00.jpg,6,TIND,3,120,0.825,0.825,6,TIND,1.0,1.0,1,TIND,4,99,101,0.9801980198019802
0506tin2_14-16_crop_00.jpg,6,TIND,4,112,0.9464285714285714,0.9464285714285714,6,TIND,1.0,1.0,1,TIND,6,106,111,0.954954954954955
0506tin2_14-16_crop_00.jpg,6,TIND,5,345,0.9478260869565217,0.9478260869565217,6,TIND,1.0,1.0,1,TIND,8,327,341,0.9589442815249267
0506tin2_14-16_crop_00.jpg,6,TIND,6,451,0.9135254988913526,0.9135254988913526,6,TIND,1.0,1.0,1,TIND,10,412,415,0.9927710843373494
0506tin2_14-16_crop_00.jpg,6,TIND,7,210,0.8,0.8,6,TIND,1.0,1.0,1,TIND,12,168,173,0.9710982658959537
0506tin2_14-16_crop_00.jpg,6,TIND,8,79,0.6582278481012658,0.6582278481012658,6,TIND,1.0,1.0,1,TIND,13,52,53,0.9811320754716981
0506tin2_14-16_crop_00.jpg,6,TIND,9,72,0.9166666666666666,0.08333333333333333,5,TINB/TINC,0.9090909090909091,0.09090909090909091,2,TINB/TINC|TIND,14,66,77,0.8571428571428571
0506tin2_14-16_crop_00.jpg,6,TIND,10,66,0.0,0.0,0,bg,0.0,0.0,0,,0,0,0,0.0
0506tin2_14-16_crop_00.jpg,6,TIND,11,281,0.701067615658363,0.701067615658363,6,TIND,1.0,1.0,1,TIND,16,197,217,0.9078341013824884
0506tin2_14-16_crop_00.jpg,6,TIND,12,74,0.7567567567567568,0.7567567567567568,6,TIND,1.0,1.0,1,TIND,18,56,69,0.8115942028985508
0506tin2_14-16_crop_00.jpg,6,TIND,13,290,0.6586206896551724,0.6586206896551724,6,TIND,1.0,1.0,1,TIND,20,191,205,0.9317073170731708
0506tin2_14-16_crop_00.jpg,6,TIND,14,269,0.929368029739777,0.929368029739777,6,TIND,1.0,1.0,1,TIND,21,250,254,0.984251968503937
0506tin2_14-16_crop_00.jpg,6,TIND,15,40,0.0,0.0,0,bg,0.0,0.0,0,,0,0,0,0.0
0506tin2_14-16_crop_00.jpg,6,TIND,16,104,0.6538461538461539,0.6538461538461539,6,TIND,1.0,1.0,1,TIND,22,68,69,0.9855072463768116
0506tin2_14-16_crop_00.jpg,6,TIND,17,202,0.8564356435643564,0.8564356435643564,6,TIND,1.0,1.0,1,TIND,23,173,174,0.9942528735632183
0506tin2_14-16_crop_00.jpg,6,TIND,18,438,0.9223744292237442,0.9223744292237442,6,TIND,1.0,1.0,1,TIND,24,404,411,0.9829683698296837
0506tin2_14-16_crop_00.jpg,6,TIND,19,50,0.62,0.62,6,TIND,1.0,1.0,1,TIND,25,31,31,1.0
0506tin2_14-16_crop_00.jpg,6,TIND,20,53,0.9811320754716981,0.9811320754716981,6,TIND,1.0,1.0,1,TIND,26,52,83,0.6265060240963856
0506tin2_14-16_crop_00.jpg,6,TIND,21,673,0.9108469539375929,0.9108469539375929,6,TIND,1.0,1.0,1,TIND,27,613,623,0.9839486356340289
0506tin2_14-16_crop_00.jpg,6,TIND,22,112,0.6428571428571429,0.6428571428571429,6,TIND,1.0,1.0,1,TIND,28,72,72,1.0
0506tin2_14-16_crop_00.jpg,6,TIND,23,298,0.9328859060402684,0.9328859060402684,6,TIND,1.0,1.0,1,TIND,29,278,278,1.0
0506tin2_14-16_crop_00.jpg,6,TIND,24,102,0.7450980392156863,0.7450980392156863,6,TIND,1.0,1.0,1,TIND,30,76,78,0.9743589743589743
0506tin2_14-16_crop_00.jpg,6,TIND,25,193,0.8393782383419689,0.8393782383419689,6,TIND,1.0,1.0,1,TIND,31,162,163,0.9938650306748467
0506tin2_14-16_crop_00.jpg,6,TIND,26,93,0.5806451612903226,0.3010752688172043,6,TIND,0.5185185185185185,0.5185185185185185,2,TINB/TINC|TIND,32,54,83,0.6506024096385542
0506tin2_14-16_crop_00.jpg,6,TIND,27,29,0.0,0.0,0,bg,0.0,0.0,0,,0,0,0,0.0
0506tin2_14-16_crop_02.jpg,5,TINB/TINC,1,1398,0.3876967095851216,0.3876967095851216,5,TINB/TINC,1.0,1.0,1,TINB/TINC,5,542,542,1.0
0506tin2_14-16_crop_02.jpg,6,TIND,1,193,0.9222797927461139,0.9222797927461139,6,TIND,1.0,1.0,1,TIND,1,178,185,0.9621621621621622
0506tin2_14-16_crop_02.jpg,6,TIND,2,29,0.0,0.0,0,bg,0.0,0.0,0,,0,0,0,0.0
0506tin2_14-16_crop_02.jpg,6,TIND,3,42,0.47619047619047616,0.47619047619047616,6,TIND,1.0,1.0,1,TIND,2,20,20,1.0
0506tin2_14-16_crop_02.jpg,6,TIND,4,168,0.7797619047619048,0.7797619047619048,6,TIND,1.0,1.0,1,TIND,3,131,142,0.9225352112676056
0506tin2_14-16_crop_02.jpg,6,TIND,5,252,0.623015873015873,0.623015873015873,6,TIND,1.0,1.0,1,TIND,4,157,167,0.9401197604790419
0506tin2_14-16_crop_02.jpg,6,TIND,6,173,0.8901734104046243,0.8901734104046243,6,TIND,1.0,1.0,1,TIND,6,154,161,0.9565217391304348
0506tin2_14-16_crop_03.jpg,6,TIND,1,175,0.9314285714285714,0.9314285714285714,6,TIND,1.0,1.0,1,TIND,1,163,171,0.9532163742690059
0506tin2_14-16_crop_03.jpg,6,TIND,2,165,0.9212121212121213,0.9212121212121213,6,TIND,1.0,1.0,1,TIND,2,152,168,0.9047619047619048
0506tin2_15-02_crop_01.jpg,5,TINB/TINC,1,309,0.8640776699029126,0.8640776699029126,5,TINB/TINC,1.0,1.0,1,TINB/TINC,1,267,367,0.7275204359673024
0506tin2_15-02_crop_01.jpg,5,TINB/TINC,2,771,0.8326848249027238,0.8326848249027238,5,TINB/TINC,1.0,1.0,1,TINB/TINC,2,642,707,0.9080622347949081
0506tin2_15-02_crop_01.jpg,5,TINB/TINC,3,4814,0.6055255504777731,0.5432073120066473,5,TINB/TINC,0.8970840480274442,0.8970840480274442,2,TINB/TINC|TIND,7,2440,2503,0.9748302037554935
0506tin2_15-02_crop_01.jpg,5,TINB/TINC,4,585,0.06153846153846154,0.010256410256410256,6,TIND,0.8333333333333334,0.16666666666666666,2,TINB/TINC|TIND,8,30,30,1.0
0506tin2_15-02_crop_01.jpg,5,TINB/TINC,5,771,0.7392996108949417,0.7392996108949417,5,TINB/TINC,1.0,1.0,1,TINB/TINC,11,570,581,0.9810671256454389
0506tin2_15-02_crop_01.jpg,6,TIND,1,173,0.861271676300578,0.861271676300578,6,TIND,1.0,1.0,1,TIND,3,149,151,0.9867549668874173
0506tin2_15-02_crop_01.jpg,6,TIND,2,43,0.6976744186046512,0.6976744186046512,6,TIND,1.0,1.0,1,TIND,4,30,31,0.967741935483871
0506tin2_15-02_crop_01.jpg,6,TIND,3,59,0.7966101694915254,0.7966101694915254,6,TIND,1.0,1.0,1,TIND,10,47,59,0.7966101694915254
0506tin2_15-02_crop_01.jpg,6,TIND,4,43,0.2558139534883721,0.2558139534883721,6,TIND,1.0,1.0,1,TIND,12,11,11,1.0
0506tin2_15-04_crop_01.jpg,4,D,1,78,0.0,0.0,0,bg,0.0,0.0,0,,0,0,0,0.0
0506tin2_15-04_crop_01.jpg,5,TINB/TINC,1,828,0.9106280193236715,0.9106280193236715,5,TINB/TINC,1.0,1.0,1,TINB/TINC,2,754,1144,0.6590909090909091
0506tin2_15-04_crop_01.jpg,6,TIND,1,130,0.9846153846153847,0.9846153846153847,6,TIND,1.0,1.0,1,TIND,1,128,218,0.5871559633027523
0506tin2_15-04_crop_01.jpg,6,TIND,2,31,0.8064516129032258,0.8064516129032258,6,TIND,1.0,1.0,1,TIND,1,25,218,0.11467889908256881
0506tin2_15-04_crop_01.jpg,6,TIND,3,30,0.0,0.0,0,bg,0.0,0.0,0,,0,0,0,0.0
0506tin2_15-04_crop_01.jpg,6,TIND,4,31,0.0,0.0,0,bg,0.0,0.0,0,,0,0,0,0.0
0506tin2_15-04_crop_01.jpg,6,TIND,5,62,0.9354838709677419,0.9354838709677419,6,TIND,1.0,1.0,1,TIND,3,58,64,0.90625
0506tin2_15-04_crop_01.jpg,6,TIND,6,50,0.6,0.6,6,TIND,1.0,1.0,1,TIND,4,30,30,1.0
0506tin2_15-04_crop_02.jpg,4,D,1,96,0.0,0.0,0,bg,0.0,0.0,0,,0,0,0,0.0
0506tin2_15-04_crop_02.jpg,4,D,2,98,0.9183673469387755,0.9183673469387755,4,D,1.0,1.0,1,D,5,90,91,0.989010989010989
0506tin2_15-04_crop_02.jpg,6,TIND,1,140,0.8785714285714286,0.8785714285714286,6,TIND,1.0,1.0,1,TIND,1,123,126,0.9761904761904762
0506tin2_15-04_crop_02.jpg,6,TIND,2,92,0.8695652173913043,0.8695652173913043,6,TIND,1.0,1.0,1,TIND,4,80,83,0.963855421686747
0506tin2_15-12_crop_00.jpg,6,TIND,1,130,0.9307692307692308,0.9307692307692308,6,TIND,1.0,1.0,1,TIND,1,121,139,0.8705035971223022
0506tin2_15-12_crop_00.jpg,6,TIND,2,22,0.0,0.0,0,bg,0.0,0.0,0,,0,0,0,0.0
0506tin2_15-12_crop_00.jpg,6,TIND,3,204,0.9754901960784313,0.9754901960784313,6,TIND,1.0,1.0,1,TIND,2,199,242,0.8223140495867769
0506tin2_15-12_crop_00.jpg,6,TIND,4,201,0.7661691542288557,0.7661691542288557,6,TIND,1.0,1.0,1,TIND,3,154,156,0.9871794871794872
0506tin2_15-12_crop_00.jpg,6,TIND,5,55,0.7454545454545455,0.7454545454545455,6,TIND,1.0,1.0,1,TIND,4,41,57,0.7192982456140351
0506tin2_15-12_crop_00.jpg,6,TIND,6,118,0.9067796610169492,0.9067796610169492,6,TIND,1.0,1.0,1,TIND,5,107,118,0.9067796610169492
0506tin2_15-12_crop_00.jpg,6,TIND,7,192,0.8958333333333334,0.8958333333333334,6,TIND,1.0,1.0,1,TIND,6,172,187,0.9197860962566845
0506tin2_15-12_crop_00.jpg,6,TIND,8,156,0.8717948717948718,0.21794871794871795,5,TINB/TINC,0.75,0.25,2,TINB/TINC|TIND,7,136,377,0.36074270557029176
0506tin2_15-12_crop_00.jpg,6,TIND,9,113,0.8849557522123894,0.8849557522123894,6,TIND,1.0,1.0,1,TIND,8,100,111,0.9009009009009009
0506tin2_15-12_crop_00.jpg,6,TIND,10,103,0.8932038834951457,0.8932038834951457,6,TIND,1.0,1.0,1,TIND,9,92,95,0.968421052631579
0506tin2_15-12_crop_00.jpg,6,TIND,11,162,0.9259259259259259,0.9259259259259259,6,TIND,1.0,1.0,1,TIND,10,150,157,0.9554140127388535
0506tin2_15-12_crop_00.jpg,6,TIND,12,80,0.9875,0.0,5,TINB/TINC,1.0,0.0,1,TINB/TINC,11,79,331,0.23867069486404835
0506tin2_15-12_crop_00.jpg,6,TIND,13,43,0.37209302325581395,0.37209302325581395,6,TIND,1.0,1.0,1,TIND,12,16,16,1.0
0506tin2_15-12_crop_00.jpg,6,TIND,14,49,0.7142857142857143,0.7142857142857143,6,TIND,1.0,1.0,1,TIND,13,35,35,1.0
0506tin2_15-12_crop_00.jpg,6,TIND,15,53,0.49056603773584906,0.49056603773584906,6,TIND,1.0,1.0,1,TIND,14,26,127,0.2047244094488189
0506tin2_15-12_crop_00.jpg,6,TIND,16,81,0.7283950617283951,0.0,5,TINB/TINC,1.0,0.0,1,TINB/TINC,14,59,127,0.4645669291338583
0506tin2_15-12_crop_00.jpg,6,TIND,17,28,0.0,0.0,0,bg,0.0,0.0,0,,0,0,0,0.0
0506tin2_15-12_crop_00.jpg,6,TIND,18,126,0.7936507936507936,0.7936507936507936,6,TIND,1.0,1.0,1,TIND,15,100,112,0.8928571428571429
0506tin2_15-12_crop_00.jpg,6,TIND,19,59,0.0,0.0,0,bg,0.0,0.0,0,,0,0,0,0.0
0506tin2_15-12_crop_00.jpg,6,TIND,20,29,0.0,0.0,0,bg,0.0,0.0,0,,0,0,0,0.0
0506tin2_15-12_crop_00.jpg,6,TIND,21,91,0.967032967032967,0.967032967032967,6,TIND,1.0,1.0,1,TIND,16,88,104,0.8461538461538461
0506tin2_15-12_crop_00.jpg,6,TIND,22,943,0.8695652173913043,0.8695652173913043,6,TIND,1.0,1.0,1,TIND,17,820,917,0.8942202835332607
0506tin2_15-12_crop_00.jpg,6,TIND,23,44,0.7954545454545454,0.7954545454545454,6,TIND,1.0,1.0,1,TIND,17,35,917,0.03816793893129771
0506tin2_15-12_crop_01.jpg,6,TIND,1,202,0.8217821782178217,0.8217821782178217,6,TIND,1.0,1.0,1,TIND,1,166,184,0.9021739130434783
0506tin2_15-12_crop_01.jpg,6,TIND,2,142,0.9366197183098591,0.9366197183098591,6,TIND,1.0,1.0,1,TIND,2,133,145,0.9172413793103448
0506tin2_15-12_crop_01.jpg,6,TIND,3,72,1.0,0.0,5,TINB/TINC,1.0,0.0,1,TINB/TINC,3,72,563,0.12788632326820604
0506tin2_15-12_crop_01.jpg,6,TIND,4,27,1.0,0.0,5,TINB/TINC,1.0,0.0,1,TINB/TINC,3,27,563,0.047957371225577264
0506tin2_15-12_crop_01.jpg,6,TIND,5,98,0.8877551020408163,0.8877551020408163,6,TIND,1.0,1.0,1,TIND,4,87,93,0.9354838709677419
0506tin2_15-12_crop_01.jpg,6,TIND,6,182,1.0,0.0,5,TINB/TINC,1.0,0.0,1,TINB/TINC,3,182,563,0.32326820603907636
0506tin2_15-12_crop_01.jpg,6,TIND,7,103,0.9514563106796117,0.9514563106796117,6,TIND,1.0,1.0,1,TIND,5,98,102,0.9607843137254902
0506tin2_15-16_crop_00.jpg,6,TIND,1,266,0.5075187969924813,0.5075187969924813,6,TIND,1.0,1.0,1,TIND,1,135,158,0.8544303797468354
0506tin2_15-16_crop_00.jpg,6,TIND,2,169,0.8106508875739645,0.8106508875739645,6,TIND,1.0,1.0,1,TIND,2,137,140,0.9785714285714285
0506tin2_15-16_crop_00.jpg,6,TIND,3,225,0.9333333333333333,0.9333333333333333,6,TIND,1.0,1.0,1,TIND,3,210,233,0.9012875536480687
0506tin2_15-16_crop_00.jpg,6,TIND,4,57,0.0,0.0,0,bg,0.0,0.0,0,,0,0,0,0.0
0506tin2_15-16_crop_00.jpg,6,TIND,5,186,0.9354838709677419,0.9354838709677419,6,TIND,1.0,1.0,1,TIND,4,174,178,0.9775280898876404
0506tin2_15-16_crop_00.jpg,6,TIND,6,153,0.9281045751633987,0.9281045751633987,6,TIND,1.0,1.0,1,TIND,5,142,145,0.9793103448275862
0506tin2_15-16_crop_00.jpg,6,TIND,7,97,0.979381443298969,0.979381443298969,6,TIND,1.0,1.0,1,TIND,6,95,105,0.9047619047619048
0506tin2_15-16_crop_00.jpg,6,TIND,8,51,1.0,0.5882352941176471,6,TIND,0.5882352941176471,0.5882352941176471,2,TINB/TINC|TIND,7,51,86,0.5930232558139535
0506tin2_15-16_crop_00.jpg,6,TIND,9,227,0.933920704845815,0.933920704845815,6,TIND,1.0,1.0,1,TIND,8,212,233,0.9098712446351931
0506tin2_15-16_crop_00.jpg,6,TIND,10,97,0.8350515463917526,0.8350515463917526,6,TIND,1.0,1.0,1,TIND,9,81,96,0.84375
0506tin2_15-16_crop_00.jpg,6,TIND,11,42,0.5,0.4523809523809524,6,TIND,0.9047619047619048,0.9047619047619048,2,TINB/TINC|TIND,10,21,22,0.9545454545454546
0506tin2_15-16_crop_00.jpg,6,TIND,12,127,0.6299212598425197,0.6062992125984252,6,TIND,0.9625,0.9625,1,TIND,11,80,90,0.8888888888888888
0506tin2_15-16_crop_00.jpg,6,TIND,13,47,0.9361702127659575,0.9361702127659575,6,TIND,1.0,1.0,1,TIND,12,44,46,0.9565217391304348
0506tin2_15-16_crop_00.jpg,6,TIND,14,157,0.9490445859872612,0.9490445859872612,6,TIND,1.0,1.0,1,TIND,13,149,156,0.9551282051282052
0506tin2_15-16_crop_02.jpg,6,TIND,1,192,0.8802083333333334,0.8802083333333334,6,TIND,1.0,1.0,1,TIND,1,169,203,0.8325123152709359
0506tin2_15-16_crop_02.jpg,6,TIND,2,81,0.9259259259259259,0.9259259259259259,6,TIND,1.0,1.0,1,TIND,2,75,83,0.9036144578313253
0506tin2_15-20_crop_00.jpg,5,TINB/TINC,1,1223,0.7064595257563369,0.7064595257563369,5,TINB/TINC,1.0,1.0,1,TINB/TINC,2,777,829,0.9372738238841978
0506tin2_15-20_crop_00.jpg,6,TIND,1,110,0.7090909090909091,0.7090909090909091,6,TIND,1.0,1.0,1,TIND,3,78,78,1.0
0506tin2_15-20_crop_00.jpg,6,TIND,2,203,0.9605911330049262,0.9605911330049262,6,TIND,1.0,1.0,1,TIND,4,195,200,0.975
0506tin2_15-20_crop_00.jpg,6,TIND,3,62,0.9193548387096774,0.9193548387096774,6,TIND,1.0,1.0,1,TIND,5,57,63,0.9047619047619048
0506tin2_15-20_crop_00.jpg,6,TIND,4,136,0.9411764705882353,0.0,5,TINB/TINC,1.0,0.0,1,TINB/TINC,6,128,224,0.5714285714285714
0506tin2_15-20_crop_00.jpg,6,TIND,5,62,0.8064516129032258,0.6290322580645161,6,TIND,0.78,0.78,2,TINB/TINC|TIND,7,50,63,0.7936507936507936
0506tin2_15-20_crop_00.jpg,6,TIND,6,35,0.6571428571428571,0.6571428571428571,6,TIND,1.0,1.0,1,TIND,8,23,34,0.6764705882352942
0506tin2_15-20_crop_00.jpg,6,TIND,7,23,1.0,1.0,6,TIND,1.0,1.0,1,TIND,9,23,48,0.4791666666666667
0506tin2_15-20_crop_00.jpg,6,TIND,8,104,0.9134615384615384,0.8557692307692307,6,TIND,0.9368421052631579,0.9368421052631579,2,TINB/TINC|TIND,10,95,276,0.3442028985507246
0506tin2_15-20_crop_00.jpg,6,TIND,9,116,0.8189655172413793,0.8189655172413793,6,TIND,1.0,1.0,1,TIND,10,95,276,0.3442028985507246
0506tin2_15-20_crop_00.jpg,6,TIND,10,91,0.967032967032967,0.967032967032967,6,TIND,1.0,1.0,1,TIND,11,88,106,0.8301886792452831
0506tin2_15-20_crop_00.jpg,6,TIND,11,137,0.6861313868613139,0.6861313868613139,6,TIND,1.0,1.0,1,TIND,12,94,97,0.9690721649484536
0506tin2_15-20_crop_00.jpg,6,TIND,12,267,0.8614232209737828,0.8614232209737828,6,TIND,1.0,1.0,1,TIND,14,230,233,0.9871244635193133
0506tin2_15-20_crop_00.jpg,6,TIND,13,40,0.575,0.0,5,TINB/TINC,1.0,0.0,1,TINB/TINC,16,23,30,0.7666666666666667
0506tin2_15-20_crop_00.jpg,6,TIND,14,86,0.9418604651162791,0.9418604651162791,6,TIND,1.0,1.0,1,TIND,17,81,109,0.7431192660550459
0506tin2_15-20_crop_00.jpg,6,TIND,15,66,0.7878787878787878,0.7878787878787878,6,TIND,1.0,1.0,1,TIND,18,52,53,0.9811320754716981
0506tin2_15-20_crop_00.jpg,6,TIND,16,105,0.8285714285714286,0.8285714285714286,6,TIND,1.0,1.0,1,TIND,19,87,101,0.8613861386138614
0506tin2_15-20_crop_00.jpg,6,TIND,17,61,0.9836065573770492,0.9836065573770492,6,TIND,1.0,1.0,1,TIND,20,60,90,0.6666666666666666
0506tin2_15-20_crop_00.jpg,6,TIND,18,32,0.125,0.125,6,TIND,1.0,1.0,1,TIND,20,4,90,0.044444444444444446
0528_1-10_crop_00.jpg,3,C,1,33,0.0,0.0,0,bg,0.0,0.0,0,,0,0,0,0.0
0528_1-10_crop_00.jpg,3,C,2,84,0.2261904761904762,0.0,1,A,1.0,0.0,1,A,3,19,19,1.0
0528_1-10_crop_00.jpg,3,C,3,59,0.847457627118644,0.0,1,A,1.0,0.0,1,A,4,50,59,0.847457627118644
0528_1-10_crop_00.jpg,3,C,4,50,0.0,0.0,0,bg,0.0,0.0,0,,0,0,0,0.0
0528_1-10_crop_00.jpg,3,C,5,181,0.9116022099447514,0.9116022099447514,3,C,1.0,1.0,1,C,7,165,186,0.8870967741935484
0528_1-10_crop_00.jpg,4,D,1,116,0.0,0.0,0,bg,0.0,0.0,0,,0,0,0,0.0
0528_1-10_crop_00.jpg,4,D,2,118,0.0,0.0,0,bg,0.0,0.0,0,,0,0,0,0.0
0528_1-10_crop_00.jpg,4,D,3,49,0.0,0.0,0,bg,0.0,0.0,0,,0,0,0,0.0
0528_1-10_crop_00.jpg,4,D,4,87,0.0,0.0,0,bg,0.0,0.0,0,,0,0,0,0.0
0528_1-10_crop_00.jpg,4,D,5,69,0.6956521739130435,0.6956521739130435,4,D,1.0,1.0,1,D,1,48,48,1.0
0528_1-10_crop_00.jpg,4,D,6,42,0.07142857142857142,0.07142857142857142,4,D,1.0,1.0,1,D,2,3,3,1.0
0528_1-10_crop_00.jpg,4,D,7,108,0.8981481481481481,0.8981481481481481,4,D,1.0,1.0,1,D,5,97,97,1.0
0528_1-10_crop_00.jpg,4,D,8,107,0.0,0.0,0,bg,0.0,0.0,0,,0,0,0,0.0
0528_1-10_crop_00.jpg,4,D,9,67,0.8955223880597015,0.8955223880597015,4,D,1.0,1.0,1,D,6,60,64,0.9375
0528_1-10_crop_00.jpg,4,D,10,86,0.0,0.0,0,bg,0.0,0.0,0,,0,0,0,0.0
0528_1-10_crop_00.jpg,4,D,11,62,0.9193548387096774,0.9193548387096774,4,D,1.0,1.0,1,D,8,57,57,1.0
0528_1-10_crop_00.jpg,4,D,12,64,0.28125,0.28125,4,D,1.0,1.0,1,D,10,18,18,1.0
0528_1-10_crop_00.jpg,4,D,13,81,0.8271604938271605,0.8271604938271605,4,D,1.0,1.0,1,D,9,67,68,0.9852941176470589
0528_1-10_crop_00.jpg,4,D,14,72,0.7777777777777778,0.7777777777777778,4,D,1.0,1.0,1,D,11,56,56,1.0
0528_1-10_crop_00.jpg,4,D,15,153,0.0,0.0,0,bg,0.0,0.0,0,,0,0,0,0.0
0528_1-10_crop_00.jpg,4,D,16,64,0.546875,0.546875,4,D,1.0,1.0,1,D,12,35,36,0.9722222222222222
0528_1-10_crop_00.jpg,4,D,17,43,0.0,0.0,0,bg,0.0,0.0,0,,0,0,0,0.0
0528_1-12_crop_00.jpg,1,A,1,1126,0.9049733570159858,0.9049733570159858,1,A,1.0,1.0,1,A,3,1019,1187,0.8584667228306655
0528_1-12_crop_00.jpg,1,A,2,577,0.9410745233968805,0.9410745233968805,1,A,1.0,1.0,1,A,10,543,609,0.8916256157635468
0528_1-12_crop_00.jpg,4,D,1,66,0.25757575757575757,0.25757575757575757,4,D,1.0,1.0,1,D,1,17,17,1.0
0528_1-12_crop_00.jpg,4,D,2,49,0.0,0.0,0,bg,0.0,0.0,0,,0,0,0,0.0
0528_1-12_crop_00.jpg,4,D,3,69,0.7681159420289855,0.7681159420289855,4,D,1.0,1.0,1,D,2,53,55,0.9636363636363636
0528_1-12_crop_00.jpg,4,D,4,64,0.8125,0.8125,4,D,1.0,1.0,1,D,4,52,52,1.0
0528_1-12_crop_00.jpg,4,D,5,97,0.8556701030927835,0.8556701030927835,4,D,1.0,1.0,1,D,5,83,86,0.9651162790697675
0528_1-12_crop_00.jpg,4,D,6,69,0.8985507246376812,0.8985507246376812,4,D,1.0,1.0,1,D,6,62,64,0.96875
0528_1-12_crop_00.jpg,4,D,7,81,0.09876543209876543,0.09876543209876543,4,D,1.0,1.0,1,D,9,8,8,1.0
0528_1-12_crop_00.jpg,4,D,8,81,0.6666666666666666,0.6666666666666666,4,D,1.0,1.0,1,D,11,54,54,1.0
0528_1-12_crop_00.jpg,4,D,9,86,0.7674418604651163,0.7674418604651163,4,D,1.0,1.0,1,D,12,66,66,1.0
0528_1-12_crop_00.jpg,4,D,10,102,0.0,0.0,0,bg,0.0,0.0,0,,0,0,0,0.0
0528_1-12_crop_00.jpg,4,D,11,67,0.0,0.0,0,bg,0.0,0.0,0,,0,0,0,0.0
0528_1-12_crop_00.jpg,4,D,12,84,0.3333333333333333,0.3333333333333333,4,D,1.0,1.0,1,D,13,28,28,1.0
0528_1-12_crop_00.jpg,4,D,13,75,0.7733333333333333,0.7733333333333333,4,D,1.0,1.0,1,D,14,58,58,1.0
0528_1-15_crop_00.jpg,1,A,1,429,0.8694638694638694,0.8694638694638694,1,A,1.0,1.0,1,A,2,373,486,0.7674897119341564
0528_1-15_crop_00.jpg,1,A,2,306,0.9215686274509803,0.9215686274509803,1,A,1.0,1.0,1,A,9,282,362,0.7790055248618785
0528_1-15_crop_00.jpg,1,A,3,301,0.8970099667774086,0.8970099667774086,1,A,1.0,1.0,1,A,11,270,288,0.9375
0528_1-15_crop_00.jpg,3,C,1,115,0.9043478260869565,0.9043478260869565,3,C,1.0,1.0,1,C,8,104,122,0.8524590163934426
0528_1-15_crop_00.jpg,4,D,1,52,0.7115384615384616,0.7115384615384616,4,D,1.0,1.0,1,D,4,37,37,1.0
0528_1-15_crop_00.jpg,4,D,2,91,0.8131868131868132,0.8131868131868132,4,D,1.0,1.0,1,D,3,74,76,0.9736842105263158
0528_1-15_crop_00.jpg,4,D,3,119,0.0,0.0,0,bg,0.0,0.0,0,,0,0,0,0.0
0528_1-15_crop_00.jpg,4,D,4,85,0.8117647058823529,0.8117647058823529,4,D,1.0,1.0,1,D,5,69,69,1.0
0528_1-15_crop_00.jpg,4,D,5,49,0.0,0.0,0,bg,0.0,0.0,0,,0,0,0,0.0
0528_1-15_crop_00.jpg,4,D,6,61,0.7377049180327869,0.7377049180327869,4,D,1.0,1.0,1,D,6,45,45,1.0
0528_1-15_crop_00.jpg,4,D,7,41,0.0,0.0,0,bg,0.0,0.0,0,,0,0,0,0.0
0528_1-15_crop_00.jpg,4,D,8,58,0.7068965517241379,0.7068965517241379,4,D,1.0,1.0,1,D,7,41,41,1.0
0528_1-15_crop_00.jpg,4,D,9,74,0.7702702702702703,0.7702702702702703,4,D,1.0,1.0,1,D,10,57,57,1.0
0528_1-15_crop_02.jpg,1,A,1,530,0.9716981132075472,0.9716981132075472,1,A,1.0,1.0,1,A,3,515,613,0.8401305057096248
0528_1-15_crop_02.jpg,1,A,2,105,0.9714285714285714,0.9714285714285714,1,A,1.0,1.0,1,A,4,102,130,0.7846153846153846
0528_1-15_crop_02.jpg,3,C,1,121,0.8677685950413223,0.8677685950413223,3,C,1.0,1.0,1,C,1,105,118,0.8898305084745762
0528_1-15_crop_02.jpg,4,D,1,99,0.47474747474747475,0.47474747474747475,4,D,1.0,1.0,1,D,2,47,47,1.0
0528_1-17_crop_01.jpg,4,D,1,75,0.8,0.8,4,D,1.0,1.0,1,D,1,60,60,1.0
0528_1-17_crop_01.jpg,4,D,2,57,0.5087719298245614,0.5087719298245614,4,D,1.0,1.0,1,D,2,29,29,1.0
0528_1-17_crop_01.jpg,4,D,3,102,0.0,0.0,0,bg,0.0,0.0,0,,0,0,0,0.0
0528_1-17_crop_01.jpg,4,D,4,62,0.0,0.0,0,bg,0.0,0.0,0,,0,0,0,0.0
0528_1-17_crop_01.jpg,4,D,5,41,0.0,0.0,0,bg,0.0,0.0,0,,0,0,0,0.0
0528_1-17_crop_01.jpg,4,D,6,64,0.0,0.0,0,bg,0.0,0.0,0,,0,0,0,0.0
0528_1-17_crop_01.jpg,4,D,7,80,0.875,0.875,4,D,1.0,1.0,1,D,3,70,70,1.0
0528_1-18_crop_01.jpg,1,A,1,510,0.8549019607843137,0.8549019607843137,1,A,1.0,1.0,1,A,1,436,483,0.9026915113871635
0528_1-19_crop_00.jpg,1,A,1,1700,0.9347058823529412,0.9347058823529412,1,A,1.0,1.0,1,A,3,1589,1714,0.927071178529755
0528_1-19_crop_00.jpg,1,A,2,921,0.8925081433224755,0.8925081433224755,1,A,1.0,1.0,1,A,5,822,878,0.9362186788154897
0528_1-19_crop_00.jpg,1,A,3,159,0.8427672955974843,0.8427672955974843,1,A,1.0,1.0,1,A,6,134,181,0.7403314917127072
0528_1-19_crop_00.jpg,1,A,4,149,0.9328859060402684,0.9328859060402684,1,A,1.0,1.0,1,A,7,139,191,0.7277486910994765
0528_1-19_crop_00.jpg,1,A,5,974,0.9609856262833676,0.9609856262833676,1,A,1.0,1.0,1,A,10,936,1057,0.8855250709555346
0528_1-19_crop_00.jpg,4,D,1,51,0.9803921568627451,0.9803921568627451,4,D,1.0,1.0,1,D,1,50,53,0.9433962264150944
0528_1-19_crop_00.jpg,4,D,2,84,0.9285714285714286,0.9285714285714286,4,D,1.0,1.0,1,D,2,78,81,0.9629629629629629
0528_1-19_crop_00.jpg,4,D,3,81,0.9876543209876543,0.9876543209876543,4,D,1.0,1.0,1,D,4,80,86,0.9302325581395349
0528_1-19_crop_00.jpg,4,D,4,76,0.0,0.0,0,bg,0.0,0.0,0,,0,0,0,0.0
0528_1-19_crop_00.jpg,4,D,5,72,0.0,0.0,0,bg,0.0,0.0,0,,0,0,0,0.0
0528_1-21_crop_01.jpg,1,A,1,302,0.8344370860927153,0.8344370860927153,1,A,1.0,1.0,1,A,1,252,379,0.6649076517150396
0528_1-21_crop_01.jpg,4,D,1,88,0.7613636363636364,0.7613636363636364,4,D,1.0,1.0,1,D,2,67,67,1.0
0528_1-21_crop_02.jpg,4,D,1,67,0.8507462686567164,0.8507462686567164,4,D,1.0,1.0,1,D,1,57,57,1.0
0528_1-21_crop_02.jpg,4,D,2,49,0.9387755102040817,0.9387755102040817,4,D,1.0,1.0,1,D,2,46,53,0.8679245283018868
0528_1-26_crop_00.jpg,1,A,1,1001,0.9010989010989011,0.9010989010989011,1,A,1.0,1.0,1,A,1,902,950,0.9494736842105264
0528_1-26_crop_00.jpg,1,A,2,217,0.9631336405529954,0.9631336405529954,1,A,1.0,1.0,1,A,6,209,275,0.76
0528_1-26_crop_00.jpg,3,C,1,249,0.7108433734939759,0.0,1,A,1.0,0.0,1,A,3,177,177,1.0
0528_1-26_crop_00.jpg,3,C,2,85,0.4117647058823529,0.0,1,A,1.0,0.0,1,A,5,35,35,1.0
0528_1-32_crop_00.jpg,1,A,1,146,0.8698630136986302,0.4246575342465753,3,C,0.5118110236220472,0.4881889763779528,2,A|C,1,127,232,0.5474137931034483
0528_1-32_crop_00.jpg,1,A,2,269,0.9107806691449815,0.9107806691449815,1,A,1.0,1.0,1,A,4,245,331,0.7401812688821753
0528_1-32_crop_00.jpg,1,A,3,301,0.717607973421927,0.717607973421927,1,A,1.0,1.0,1,A,5,216,251,0.8605577689243028
0528_1-32_crop_00.jpg,1,A,4,149,0.8322147651006712,0.8322147651006712,1,A,1.0,1.0,1,A,10,124,157,0.7898089171974523
0528_1-32_crop_00.jpg,3,C,1,482,0.8609958506224067,0.8609958506224067,3,C,1.0,1.0,1,C,8,415,471,0.881104033970276
0528_1-32_crop_00.jpg,3,C,2,266,0.9060150375939849,0.9060150375939849,3,C,1.0,1.0,1,C,11,241,287,0.8397212543554007
0528_1-3_crop_01.jpg,1,A,1,1257,0.9148766905330151,0.9148766905330151,1,A,1.0,1.0,1,A,1,1150,1174,0.979557069846678
0528_1-3_crop_01.jpg,3,C,1,158,0.9113924050632911,0.9113924050632911,3,C,1.0,1.0,1,C,2,144,150,0.96
0528_1-4_crop_01.jpg,1,A,1,184,0.8858695652173914,0.8858695652173914,1,A,1.0,1.0,1,A,3,163,180,0.9055555555555556
0528_1-4_crop_01.jpg,1,A,2,430,0.8372093023255814,0.8372093023255814,1,A,1.0,1.0,1,A,4,360,367,0.9809264305177112
0528_1-4_crop_01.jpg,1,A,3,490,0.9408163265306122,0.9408163265306122,1,A,1.0,1.0,1,A,5,461,471,0.9787685774946921
0528_1-4_crop_01.jpg,1,A,4,143,0.0,0.0,0,bg,0.0,0.0,0,,0,0,0,0.0
0528_1-4_crop_01.jpg,4,D,1,116,0.0,0.0,0,bg,0.0,0.0,0,,0,0,0,0.0
0528_1-4_crop_01.jpg,4,D,2,78,0.0,0.0,0,bg,0.0,0.0,0,,0,0,0,0.0
0528_1-4_crop_01.jpg,4,D,3,85,0.8823529411764706,0.8823529411764706,4,D,1.0,1.0,1,D,7,75,75,1.0
0528_1-4_crop_01.jpg,4,D,4,80,0.6125,0.6125,4,D,1.0,1.0,1,D,8,49,49,1.0
0528_1-4_crop_01.jpg,4,D,5,127,0.6692913385826772,0.6692913385826772,4,D,1.0,1.0,1,D,9,85,85,1.0
0528_1-6_crop_01.jpg,1,A,1,299,0.8862876254180602,0.8862876254180602,1,A,1.0,1.0,1,A,4,265,266,0.9962406015037594
0528_1-6_crop_01.jpg,3,C,1,245,0.889795918367347,0.889795918367347,3,C,1.0,1.0,1,C,6,218,247,0.8825910931174089
0528_1-6_crop_01.jpg,4,D,1,81,0.9259259259259259,0.9259259259259259,4,D,1.0,1.0,1,D,1,75,78,0.9615384615384616
0528_1-6_crop_01.jpg,4,D,2,54,0.4444444444444444,0.4444444444444444,4,D,1.0,1.0,1,D,2,24,24,1.0
0528_1-6_crop_01.jpg,4,D,3,81,0.9259259259259259,0.9259259259259259,4,D,1.0,1.0,1,D,5,75,75,1.0
0528_1-7_crop_00.jpg,3,C,1,196,0.9183673469387755,0.9183673469387755,3,C,1.0,1.0,1,C,1,180,206,0.8737864077669902
0528_1-7_crop_00.jpg,4,D,1,50,0.0,0.0,0,bg,0.0,0.0,0,,0,0,0,0.0
0528_1-7_crop_00.jpg,4,D,2,64,0.0,0.0,0,bg,0.0,0.0,0,,0,0,0,0.0
0528_1-7_crop_00.jpg,4,D,3,197,1.0,1.0,4,D,1.0,1.0,1,D,2,197,241,0.8174273858921162
0528_2-10_crop_01.jpg,3,C,1,147,0.8027210884353742,0.8027210884353742,3,C,1.0,1.0,1,C,1,118,129,0.9147286821705426
0528_2-10_crop_01.jpg,4,D,1,216,0.8101851851851852,0.8101851851851852,4,D,1.0,1.0,1,D,2,175,183,0.9562841530054644
0528_2-13_crop_00.jpg,1,A,1,473,0.9513742071881607,0.9513742071881607,1,A,1.0,1.0,1,A,1,450,519,0.8670520231213873
0528_2-13_crop_00.jpg,1,A,2,235,0.8723404255319149,0.8723404255319149,1,A,1.0,1.0,1,A,2,205,220,0.9318181818181818
0528_2-13_crop_00.jpg,1,A,3,139,0.0,0.0,0,bg,0.0,0.0,0,,0,0,0,0.0
0528_2-13_crop_00.jpg,3,C,1,181,0.49171270718232046,0.49171270718232046,3,C,1.0,1.0,1,C,3,89,91,0.978021978021978
0528_2-18_crop_02.jpg,3,C,1,120,0.6666666666666666,0.0,1,A,1.0,0.0,1,A,1,80,112,0.7142857142857143
0528_2-20_crop_00.jpg,3,C,1,169,0.9526627218934911,0.9526627218934911,3,C,1.0,1.0,1,C,1,161,209,0.7703349282296651
0528_2-20_crop_00.jpg,3,C,2,73,0.8767123287671232,0.8767123287671232,3,C,1.0,1.0,1,C,2,64,87,0.735632183908046
0528_2-20_crop_00.jpg,4,D,1,29,0.0,0.0,0,bg,0.0,0.0,0,,0,0,0,0.0
0528_2-20_crop_03.jpg,3,C,1,251,0.8764940239043825,0.8764940239043825,3,C,1.0,1.0,1,C,1,220,244,0.9016393442622951
0528_2-22_crop_00.jpg,1,A,1,235,0.8468085106382979,0.8468085106382979,1,A,1.0,1.0,1,A,1,199,206,0.9660194174757282
0528_2-22_crop_00.jpg,3,C,1,69,0.9565217391304348,0.0,2,B,1.0,0.0,1,B,2,66,116,0.5689655172413793
0528_2-24_crop_02.jpg,1,A,1,207,0.9516908212560387,0.9516908212560387,1,A,1.0,1.0,1,A,1,197,262,0.7519083969465649
0528_2-27_crop_02.jpg,1,A,1,721,0.9431345353675451,0.9431345353675451,1,A,1.0,1.0,1,A,1,680,796,0.8542713567839196
0528_2-27_crop_02.jpg,1,A,2,99,0.9191919191919192,0.9191919191919192,1,A,1.0,1.0,1,A,2,91,97,0.9381443298969072
0528_2-6_crop_01.jpg,1,A,1,443,0.9593679458239278,0.9593679458239278,1,A,1.0,1.0,1,A,1,425,487,0.8726899383983573
0711-41_crop_01.jpg,1,A,1,143,0.9230769230769231,0.9230769230769231,1,A,1.0,1.0,1,A,3,132,158,0.8354430379746836
0711-41_crop_01.jpg,3,C,1,243,0.8353909465020576,0.8353909465020576,3,C,1.0,1.0,1,C,1,203,543,0.3738489871086556
0711-41_crop_01.jpg,3,C,2,261,0.36398467432950193,0.36398467432950193,3,C,1.0,1.0,1,C,1,95,543,0.17495395948434622
0711-41_crop_01.jpg,3,C,3,114,0.6929824561403509,0.6929824561403509,3,C,1.0,1.0,1,C,2,79,80,0.9875
0711-44_crop_01.jpg,1,A,1,361,0.8864265927977839,0.4903047091412742,1,A,0.553125,0.553125,2,A|C,1,320,372,0.8602150537634409
0711-44_crop_01.jpg,1,A,2,864,0.8726851851851852,0.8726851851851852,1,A,1.0,1.0,1,A,2,754,776,0.9716494845360825
0711-44_crop_01.jpg,1,A,3,126,0.0,0.0,0,bg,0.0,0.0,0,,0,0,0,0.0
0711-44_crop_01.jpg,1,A,4,626,0.8434504792332268,0.8434504792332268,1,A,1.0,1.0,1,A,3,528,558,0.946236559139785
0711-48_crop_01.jpg,4,D,1,29,1.0,1.0,4,D,1.0,1.0,1,D,1,29,35,0.8285714285714286
0711-48_crop_01.jpg,4,D,2,29,0.0,0.0,0,bg,0.0,0.0,0,,0,0,0,0.0
0711-49_crop_01.jpg,3,C,1,186,0.43010752688172044,0.43010752688172044,3,C,1.0,1.0,1,C,1,80,80,1.0
0711-49_crop_01.jpg,3,C,2,324,0.6172839506172839,0.6172839506172839,3,C,1.0,1.0,1,C,2,200,200,1.0
0711-49_crop_01.jpg,4,D,1,29,0.0,0.0,0,bg,0.0,0.0,0,,0,0,0,0.0
0711-50_crop_01.jpg,1,A,1,554,0.9584837545126353,0.9584837545126353,1,A,1.0,1.0,1,A,1,531,657,0.8082191780821918
0711-50_crop_02.jpg,3,C,1,100,0.7,0.7,3,C,1.0,1.0,1,C,1,70,70,1.0
0711-51_crop_00.jpg,1,A,1,969,0.9535603715170279,0.9535603715170279,1,A,1.0,1.0,1,A,1,924,984,0.9390243902439024
0711-51_crop_00.jpg,1,A,2,124,0.9596774193548387,0.9596774193548387,1,A,1.0,1.0,1,A,2,119,264,0.45075757575757575
0711-51_crop_00.jpg,1,A,3,376,0.8723404255319149,0.8723404255319149,1,A,1.0,1.0,1,A,3,328,346,0.9479768786127167
0711-51_crop_00.jpg,1,A,4,233,0.871244635193133,0.871244635193133,1,A,1.0,1.0,1,A,5,203,228,0.8903508771929824
0711-51_crop_00.jpg,1,A,5,63,0.0,0.0,0,bg,0.0,0.0,0,,0,0,0,0.0
0711-51_crop_00.jpg,1,A,6,132,0.8181818181818182,0.8181818181818182,1,A,1.0,1.0,1,A,6,108,115,0.9391304347826087
0711-51_crop_00.jpg,1,A,7,214,0.9299065420560748,0.9299065420560748,1,A,1.0,1.0,1,A,7,199,211,0.943127962085308
0711-51_crop_00.jpg,1,A,8,201,0.900497512437811,0.900497512437811,1,A,1.0,1.0,1,A,8,181,223,0.8116591928251121
0711-51_crop_00.jpg,1,A,9,161,0.7453416149068323,0.7453416149068323,1,A,1.0,1.0,1,A,9,120,131,0.916030534351145
0711-51_crop_00.jpg,1,A,10,102,0.9117647058823529,0.9117647058823529,1,A,1.0,1.0,1,A,10,93,118,0.788135593220339
0711-52_crop_00.jpg,3,C,1,163,0.8466257668711656,0.5030674846625767,3,C,0.5942028985507246,0.5942028985507246,2,A|C,2,138,165,0.8363636363636363
0711-52_crop_00.jpg,4,D,1,49,0.7551020408163265,0.7551020408163265,4,D,1.0,1.0,1,D,1,37,37,1.0
0711-52_crop_00.jpg,4,D,2,113,1.0,1.0,4,D,1.0,1.0,1,D,3,113,129,0.875968992248062
0711-52_crop_00.jpg,4,D,3,29,0.0,0.0,0,bg,0.0,0.0,0,,0,0,0,0.0
0711-52_crop_00.jpg,4,D,4,29,0.896551724137931,0.896551724137931,4,D,1.0,1.0,1,D,4,26,26,1.0
0711-54_crop_00.jpg,1,A,1,194,0.8969072164948454,0.8969072164948454,1,A,1.0,1.0,1,A,1,174,190,0.9157894736842105
0711-54_crop_00.jpg,1,A,2,1539,0.9571150097465887,0.9571150097465887,1,A,1.0,1.0,1,A,2,1473,1600,0.920625
0711-54_crop_00.jpg,1,A,3,535,0.8785046728971962,0.8785046728971962,1,A,1.0,1.0,1,A,3,470,514,0.914396887159533
0711-54_crop_00.jpg,1,A,4,71,0.704225352112676,0.704225352112676,1,A,1.0,1.0,1,A,4,50,94,0.5319148936170213
0711-54_crop_00.jpg,1,A,5,185,0.8594594594594595,0.8594594594594595,1,A,1.0,1.0,1,A,5,159,166,0.9578313253012049
0711-54_crop_00.jpg,1,A,6,97,0.7525773195876289,0.7525773195876289,1,A,1.0,1.0,1,A,6,73,83,0.8795180722891566
0711-54_crop_00.jpg,1,A,7,1378,0.9201741654571843,0.9201741654571843,1,A,1.0,1.0,1,A,7,1268,1331,0.9526671675432006
0711-58_crop_00.jpg,1,A,1,212,0.8490566037735849,0.8490566037735849,1,A,1.0,1.0,1,A,1,180,225,0.8
0711-58_crop_00.jpg,1,A,2,2048,0.9111328125,0.9111328125,1,A,1.0,1.0,1,A,2,1866,1992,0.9367469879518072
0711-58_crop_00.jpg,1,A,3,112,0.7946428571428571,0.7946428571428571,1,A,1.0,1.0,1,A,3,89,95,0.9368421052631579
0711-58_crop_00.jpg,1,A,4,196,0.11224489795918367,0.11224489795918367,1,A,1.0,1.0,1,A,4,22,387,0.056847545219638244
0711-58_crop_00.jpg,1,A,5,278,0.7014388489208633,0.7014388489208633,1,A,1.0,1.0,1,A,5,195,505,0.38613861386138615
0711-58_crop_00.jpg,1,A,6,56,0.9107142857142857,0.9107142857142857,1,A,1.0,1.0,1,A,4,51,387,0.13178294573643412
0711-58_crop_00.jpg,1,A,7,146,0.815068493150685,0.815068493150685,1,A,1.0,1.0,1,A,4,119,387,0.30749354005167956
0711-58_crop_00.jpg,1,A,8,177,0.711864406779661,0.711864406779661,1,A,1.0,1.0,1,A,5,126,505,0.2495049504950495
0711-58_crop_00.jpg,1,A,9,337,0.8991097922848664,0.8991097922848664,1,A,1.0,1.0,1,A,6,303,341,0.8885630498533724
0711-58_crop_00.jpg,4,D,1,113,0.9646017699115044,0.9646017699115044,4,D,1.0,1.0,1,D,7,109,118,0.923728813559322
0711-62_crop_01.jpg,1,A,1,61,0.7704918032786885,0.7704918032786885,1,A,1.0,1.0,1,A,1,47,66,0.7121212121212122
0711-62_crop_01.jpg,3,C,1,190,0.8736842105263158,0.8736842105263158,3,C,1.0,1.0,1,C,2,166,180,0.9222222222222223
0711-64_crop_02.jpg,3,C,1,94,0.9468085106382979,0.9468085106382979,3,C,1.0,1.0,1,C,1,89,112,0.7946428571428571
0711-66_crop_00.jpg,1,A,1,132,0.9393939393939394,0.9393939393939394,1,A,1.0,1.0,1,A,2,124,140,0.8857142857142857
0711-66_crop_00.jpg,1,A,2,282,0.6879432624113475,0.6879432624113475,1,A,1.0,1.0,1,A,5,194,222,0.8738738738738738
0711-66_crop_00.jpg,3,C,1,139,0.8561151079136691,0.8561151079136691,3,C,1.0,1.0,1,C,1,119,147,0.8095238095238095
0711-70_crop_01.jpg,1,A,1,297,0.9090909090909091,0.9090909090909091,1,A,1.0,1.0,1,A,1,270,297,0.9090909090909091
0711-70_crop_01.jpg,1,A,2,689,0.9332365747460087,0.9332365747460087,1,A,1.0,1.0,1,A,2,643,658,0.9772036474164134
0711-71_crop_01.jpg,1,A,1,427,0.9227166276346604,0.9227166276346604,1,A,1.0,1.0,1,A,2,394,415,0.9493975903614458
0711-71_crop_01.jpg,4,D,1,49,0.7959183673469388,0.7959183673469388,4,D,1.0,1.0,1,D,1,39,39,1.0
0726-11_crop_01.jpg,1,A,1,195,0.9076923076923077,0.9076923076923077,1,A,1.0,1.0,1,A,2,177,210,0.8428571428571429
0726-11_crop_01.jpg,1,A,2,212,0.8679245283018868,0.8679245283018868,1,A,1.0,1.0,1,A,4,184,206,0.8932038834951457
0726-11_crop_01.jpg,1,A,3,65,0.0,0.0,0,bg,0.0,0.0,0,,0,0,0,0.0
0726-11_crop_01.jpg,1,A,4,126,0.7936507936507936,0.7936507936507936,1,A,1.0,1.0,1,A,5,100,105,0.9523809523809523
0726-11_crop_01.jpg,1,A,5,206,0.7427184466019418,0.7427184466019418,1,A,1.0,1.0,1,A,6,153,163,0.9386503067484663
0726-11_crop_01.jpg,1,A,6,98,0.07142857142857142,0.07142857142857142,1,A,1.0,1.0,1,A,8,7,104,0.0673076923076923
0726-11_crop_01.jpg,1,A,7,69,0.7536231884057971,0.7536231884057971,1,A,1.0,1.0,1,A,7,52,58,0.896551724137931
0726-11_crop_01.jpg,1,A,8,70,0.9571428571428572,0.9571428571428572,1,A,1.0,1.0,1,A,8,67,104,0.6442307692307693
0726-11_crop_01.jpg,1,A,9,67,0.6865671641791045,0.6865671641791045,1,A,1.0,1.0,1,A,9,46,54,0.8518518518518519
0726-13_crop_01.jpg,1,A,1,134,0.9402985074626866,0.9402985074626866,1,A,1.0,1.0,1,A,1,126,147,0.8571428571428571
0726-13_crop_01.jpg,1,A,2,316,0.9715189873417721,0.9715189873417721,1,A,1.0,1.0,1,A,4,307,601,0.5108153078202995
0726-13_crop_01.jpg,1,A,3,173,0.8901734104046243,0.8901734104046243,1,A,1.0,1.0,1,A,4,154,601,0.2562396006655574
0726-13_crop_01.jpg,1,A,4,194,0.9432989690721649,0.9432989690721649,1,A,1.0,1.0,1,A,5,183,202,0.905940594059406
0726-13_crop_01.jpg,1,A,5,103,0.7184466019417476,0.7184466019417476,1,A,1.0,1.0,1,A,6,74,74,1.0
0726-14_crop_01.jpg,1,A,1,125,0.76,0.76,1,A,1.0,1.0,1,A,3,95,100,0.95
0726-14_crop_01.jpg,1,A,2,55,0.0,0.0,0,bg,0.0,0.0,0,,0,0,0,0.0
0726-14_crop_01.jpg,1,A,3,58,0.0,0.0,0,bg,0.0,0.0,0,,0,0,0,0.0
0726-14_crop_01.jpg,1,A,4,119,0.8403361344537815,0.8403361344537815,1,A,1.0,1.0,1,A,4,100,160,0.625
0726-14_crop_01.jpg,1,A,5,41,0.14634146341463414,0.14634146341463414,1,A,1.0,1.0,1,A,4,6,160,0.0375
0726-15_crop_00.jpg,1,A,1,99,0.898989898989899,0.898989898989899,1,A,1.0,1.0,1,A,1,89,190,0.46842105263157896
0726-15_crop_00.jpg,1,A,2,64,0.890625,0.890625,1,A,1.0,1.0,1,A,1,57,190,0.3
0726-15_crop_00.jpg,1,A,3,74,0.0,0.0,0,bg,0.0,0.0,0,,0,0,0,0.0
0726-15_crop_00.jpg,1,A,4,60,0.0,0.0,0,bg,0.0,0.0,0,,0,0,0,0.0
0726-15_crop_00.jpg,1,A,5,82,0.975609756097561,0.975609756097561,1,A,1.0,1.0,1,A,2,80,302,0.26490066225165565
0726-15_crop_00.jpg,1,A,6,46,0.9347826086956522,0.9347826086956522,1,A,1.0,1.0,1,A,2,43,302,0.1423841059602649
0726-15_crop_00.jpg,1,A,7,68,0.8088235294117647,0.8088235294117647,1,A,1.0,1.0,1,A,2,55,302,0.18211920529801323
0726-15_crop_00.jpg,1,A,8,54,0.35185185185185186,0.35185185185185186,1,A,1.0,1.0,1,A,2,19,302,0.06291390728476821
0726-15_crop_00.jpg,1,A,9,104,1.0,1.0,1,A,1.0,1.0,1,A,3,104,132,0.7878787878787878
0726-15_crop_00.jpg,1,A,10,99,0.9191919191919192,0.9191919191919192,1,A,1.0,1.0,1,A,4,91,116,0.7844827586206896
0726-15_crop_00.jpg,1,A,11,69,0.0,0.0,0,bg,0.0,0.0,0,,0,0,0,0.0
0726-15_crop_00.jpg,1,A,12,76,0.0,0.0,0,bg,0.0,0.0,0,,0,0,0,0.0
0726-15_crop_00.jpg,1,A,13,103,0.39805825242718446,0.39805825242718446,1,A,1.0,1.0,1,A,5,41,41,1.0
0726-15_crop_00.jpg,1,A,14,71,0.0,0.0,0,bg,0.0,0.0,0,,0,0,0,0.0
0726-15_crop_00.jpg,4,D,1,60,0.0,0.0,0,bg,0.0,0.0,0,,0,0,0,0.0
0726-15_crop_00.jpg,4,D,2,81,0.0,0.0,0,bg,0.0,0.0,0,,0,0,0,0.0
0726-15_crop_01.jpg,1,A,1,116,0.6810344827586207,0.6810344827586207,1,A,1.0,1.0,1,A,2,79,83,0.9518072289156626
0726-15_crop_01.jpg,1,A,2,75,0.8666666666666667,0.8666666666666667,1,A,1.0,1.0,1,A,3,65,83,0.7831325301204819
0726-15_crop_01.jpg,1,A,3,93,0.8064516129032258,0.8064516129032258,1,A,1.0,1.0,1,A,6,75,80,0.9375
0726-15_crop_01.jpg,1,A,4,418,0.9425837320574163,0.9425837320574163,1,A,1.0,1.0,1,A,8,394,442,0.8914027149321267
0726-15_crop_01.jpg,1,A,5,89,0.9662921348314607,0.9662921348314607,1,A,1.0,1.0,1,A,9,86,108,0.7962962962962963
0726-15_crop_01.jpg,1,A,6,132,0.6363636363636364,0.6363636363636364,1,A,1.0,1.0,1,A,10,84,86,0.9767441860465116
0726-15_crop_01.jpg,1,A,7,100,0.79,0.79,1,A,1.0,1.0,1,A,12,79,93,0.8494623655913979
0726-15_crop_01.jpg,1,A,8,310,0.8258064516129032,0.8258064516129032,1,A,1.0,1.0,1,A,14,256,304,0.8421052631578947
0726-15_crop_01.jpg,1,A,9,300,0.8966666666666666,0.8966666666666666,1,A,1.0,1.0,1,A,15,269,305,0.8819672131147541
0726-15_crop_01.jpg,1,A,10,156,0.8205128205128205,0.8205128205128205,1,A,1.0,1.0,1,A,16,128,138,0.927536231884058
0726-15_crop_01.jpg,1,A,11,214,0.8037383177570093,0.8037383177570093,1,A,1.0,1.0,1,A,17,172,182,0.945054945054945
0726-15_crop_01.jpg,1,A,12,104,0.7980769230769231,0.7980769230769231,1,A,1.0,1.0,1,A,18,83,191,0.43455497382198954
0726-15_crop_01.jpg,1,A,13,87,0.20689655172413793,0.20689655172413793,1,A,1.0,1.0,1,A,18,18,191,0.09424083769633508
0726-15_crop_01.jpg,1,A,14,101,0.8811881188118812,0.8811881188118812,1,A,1.0,1.0,1,A,19,89,111,0.8018018018018018
0726-15_crop_01.jpg,1,A,15,128,0.75,0.75,1,A,1.0,1.0,1,A,20,96,102,0.9411764705882353
0726-15_crop_01.jpg,1,A,16,4,0.0,0.0,0,bg,0.0,0.0,0,,0,0,0,0.0
0726-16_crop_01.jpg,1,A,1,105,0.9238095238095239,0.9238095238095239,1,A,1.0,1.0,1,A,2,97,104,0.9326923076923077
0726-16_crop_01.jpg,1,A,2,63,0.0,0.0,0,bg,0.0,0.0,0,,0,0,0,0.0
0726-16_crop_01.jpg,2,B,1,610,0.5426229508196722,0.5426229508196722,2,B,1.0,1.0,1,B,3,331,362,0.914364640883978
0726-18_crop_00.jpg,1,A,1,172,0.7848837209302325,0.7848837209302325,1,A,1.0,1.0,1,A,1,135,143,0.9440559440559441
0726-18_crop_00.jpg,1,A,2,81,0.8888888888888888,0.8888888888888888,1,A,1.0,1.0,1,A,2,72,75,0.96
0726-18_crop_00.jpg,1,A,3,122,0.7704918032786885,0.7704918032786885,1,A,1.0,1.0,1,A,3,94,95,0.9894736842105263
0726-18_crop_00.jpg,1,A,4,118,0.9661016949152542,0.9661016949152542,1,A,1.0,1.0,1,A,6,114,114,1.0
0726-18_crop_00.jpg,1,A,5,54,0.0,0.0,0,bg,0.0,0.0,0,,0,0,0,0.0
0726-18_crop_00.jpg,1,A,6,36,0.6666666666666666,0.6666666666666666,1,A,1.0,1.0,1,A,7,24,225,0.10666666666666667
0726-18_crop_00.jpg,1,A,7,190,0.8736842105263158,0.8736842105263158,1,A,1.0,1.0,1,A,7,166,225,0.7377777777777778
0726-18_crop_00.jpg,1,A,8,108,0.8148148148148148,0.8148148148148148,1,A,1.0,1.0,1,A,8,88,104,0.8461538461538461
0726-18_crop_00.jpg,4,D,1,29,0.0,0.0,0,bg,0.0,0.0,0,,0,0,0,0.0
0726-20_crop_00.jpg,1,A,1,84,0.6785714285714286,0.6785714285714286,1,A,1.0,1.0,1,A,1,57,64,0.890625
0726-20_crop_00.jpg,1,A,2,43,0.0,0.0,0,bg,0.0,0.0,0,,0,0,0,0.0
0726-20_crop_00.jpg,1,A,3,57,0.6491228070175439,0.6491228070175439,1,A,1.0,1.0,1,A,2,37,37,1.0
0726-20_crop_00.jpg,1,A,4,86,0.9302325581395349,0.9302325581395349,1,A,1.0,1.0,1,A,3,80,85,0.9411764705882353
0726-20_crop_00.jpg,1,A,5,201,0.845771144278607,0.845771144278607,1,A,1.0,1.0,1,A,4,170,175,0.9714285714285714
0726-20_crop_00.jpg,1,A,6,81,0.9012345679012346,0.9012345679012346,1,A,1.0,1.0,1,A,5,73,83,0.8795180722891566
0726-20_crop_00.jpg,1,A,7,102,0.8137254901960784,0.8137254901960784,1,A,1.0,1.0,1,A,6,83,93,0.8924731182795699
0726-20_crop_00.jpg,1,A,8,138,0.8405797101449275,0.8405797101449275,1,A,1.0,1.0,1,A,8,116,128,0.90625
0726-20_crop_00.jpg,1,A,9,218,0.8669724770642202,0.8669724770642202,1,A,1.0,1.0,1,A,9,189,196,0.9642857142857143
0726-20_crop_00.jpg,1,A,10,125,0.856,0.856,1,A,1.0,1.0,1,A,10,107,112,0.9553571428571429
0726-24_crop_00.jpg,1,A,1,162,0.9074074074074074,0.9074074074074074,1,A,1.0,1.0,1,A,1,147,158,0.930379746835443
0726-24_crop_00.jpg,1,A,2,96,0.9479166666666666,0.9479166666666666,1,A,1.0,1.0,1,A,2,91,105,0.8666666666666667
0726-24_crop_00.jpg,1,A,3,190,0.9631578947368421,0.9631578947368421,1,A,1.0,1.0,1,A,3,183,238,0.7689075630252101
0726-24_crop_00.jpg,1,A,4,38,0.0,0.0,0,bg,0.0,0.0,0,,0,0,0,0.0
0726-24_crop_00.jpg,1,A,5,354,0.7203389830508474,0.7203389830508474,1,A,1.0,1.0,1,A,5,196,253,0.7747035573122529
0726-24_crop_00.jpg,1,A,6,95,0.06315789473684211,0.06315789473684211,1,A,1.0,1.0,1,A,6,6,6,1.0
0726-24_crop_00.jpg,1,A,7,168,0.75,0.75,1,A,1.0,1.0,1,A,7,126,159,0.7924528301886793
0726-24_crop_00.jpg,1,A,8,162,0.8765432098765432,0.8765432098765432,1,A,1.0,1.0,1,A,9,142,315,0.4507936507936508
0726-24_crop_00.jpg,1,A,9,134,0.9477611940298507,0.9477611940298507,1,A,1.0,1.0,1,A,9,127,315,0.4031746031746032
0726-26_crop_02.jpg,1,A,1,203,0.8325123152709359,0.8325123152709359,1,A,1.0,1.0,1,A,1,169,213,0.7934272300469484
0726-26_crop_02.jpg,1,A,2,97,0.7731958762886598,0.7731958762886598,1,A,1.0,1.0,1,A,2,75,86,0.872093023255814
0726-26_crop_02.jpg,1,A,3,44,0.0,0.0,0,bg,0.0,0.0,0,,0,0,0,0.0
0726-26_crop_02.jpg,1,A,4,34,0.0,0.0,0,bg,0.0,0.0,0,,0,0,0,0.0
0726-26_crop_02.jpg,1,A,5,124,0.9032258064516129,0.9032258064516129,1,A,1.0,1.0,1,A,3,112,125,0.896
0726-26_crop_02.jpg,1,A,6,100,0.0,0.0,0,bg,0.0,0.0,0,,0,0,0,0.0
0726-28_crop_00.jpg,1,A,1,45,0.0,0.0,0,bg,0.0,0.0,0,,0,0,0,0.0
0726-28_crop_00.jpg,1,A,2,94,0.0,0.0,0,bg,0.0,0.0,0,,0,0,0,0.0
0726-28_crop_00.jpg,1,A,3,113,0.23893805309734514,0.23893805309734514,1,A,1.0,1.0,1,A,1,27,251,0.10756972111553785
0726-28_crop_00.jpg,1,A,4,121,0.9752066115702479,0.9752066115702479,1,A,1.0,1.0,1,A,1,118,251,0.4701195219123506
0726-28_crop_00.jpg,1,A,5,60,0.9666666666666667,0.9666666666666667,1,A,1.0,1.0,1,A,2,58,152,0.3815789473684211
0726-28_crop_00.jpg,1,A,6,47,0.8936170212765957,0.8936170212765957,1,A,1.0,1.0,1,A,2,42,152,0.27631578947368424
0726-28_crop_00.jpg,1,A,7,44,0.0,0.0,0,bg,0.0,0.0,0,,0,0,0,0.0
0726-28_crop_00.jpg,1,A,8,73,0.9178082191780822,0.9178082191780822,1,A,1.0,1.0,1,A,3,67,88,0.7613636363636364
0726-28_crop_00.jpg,1,A,9,48,0.0,0.0,0,bg,0.0,0.0,0,,0,0,0,0.0
0726-28_crop_00.jpg,1,A,10,62,0.9354838709677419,0.9354838709677419,1,A,1.0,1.0,1,A,6,58,69,0.8405797101449275
0726-28_crop_00.jpg,1,A,11,77,0.948051948051948,0.948051948051948,1,A,1.0,1.0,1,A,7,73,170,0.4294117647058823
0726-28_crop_00.jpg,1,A,12,40,0.9,0.9,1,A,1.0,1.0,1,A,7,36,170,0.21176470588235294
0726-28_crop_00.jpg,1,A,13,80,0.875,0.875,1,A,1.0,1.0,1,A,8,70,73,0.958904109589041
0726-28_crop_00.jpg,1,A,14,58,0.7931034482758621,0.7931034482758621,1,A,1.0,1.0,1,A,9,46,46,1.0
0726-28_crop_00.jpg,1,A,15,80,0.9375,0.9375,1,A,1.0,1.0,1,A,11,75,109,0.6880733944954128
0726-28_crop_00.jpg,3,C,1,87,0.735632183908046,0.0,1,A,1.0,0.0,1,A,4,64,65,0.9846153846153847
0726-28_crop_00.jpg,4,D,1,96,0.0,0.0,0,bg,0.0,0.0,0,,0,0,0,0.0
0726-28_crop_00.jpg,4,D,2,29,0.0,0.0,0,bg,0.0,0.0,0,,0,0,0,0.0
0726-29_crop_00.jpg,1,A,1,101,0.8613861386138614,0.8613861386138614,1,A,1.0,1.0,1,A,1,87,100,0.87
0726-29_crop_00.jpg,1,A,2,29,0.0,0.0,0,bg,0.0,0.0,0,,0,0,0,0.0
0726-29_crop_00.jpg,1,A,3,31,0.0,0.0,0,bg,0.0,0.0,0,,0,0,0,0.0
0726-29_crop_00.jpg,1,A,4,41,0.0,0.0,0,bg,0.0,0.0,0,,0,0,0,0.0
0726-29_crop_00.jpg,1,A,5,30,0.0,0.0,0,bg,0.0,0.0,0,,0,0,0,0.0
0726-29_crop_00.jpg,1,A,6,203,0.8571428571428571,0.8571428571428571,1,A,1.0,1.0,1,A,2,174,174,1.0
0726-29_crop_00.jpg,1,A,7,48,0.0,0.0,0,bg,0.0,0.0,0,,0,0,0,0.0
0726-29_crop_00.jpg,1,A,8,45,0.0,0.0,0,bg,0.0,0.0,0,,0,0,0,0.0
0726-29_crop_00.jpg,1,A,9,68,0.7647058823529411,0.7647058823529411,1,A,1.0,1.0,1,A,3,52,60,0.8666666666666667
0726-29_crop_00.jpg,1,A,10,386,0.8393782383419689,0.8393782383419689,1,A,1.0,1.0,1,A,4,324,341,0.9501466275659824
0726-29_crop_00.jpg,1,A,11,92,0.8478260869565217,0.8478260869565217,1,A,1.0,1.0,1,A,5,78,82,0.9512195121951219
0726-29_crop_00.jpg,1,A,12,98,0.7244897959183674,0.7244897959183674,1,A,1.0,1.0,1,A,6,71,71,1.0
0726-29_crop_00.jpg,1,A,13,432,0.8495370370370371,0.8495370370370371,1,A,1.0,1.0,1,A,7,367,489,0.7505112474437627
0726-29_crop_00.jpg,1,A,14,169,0.863905325443787,0.863905325443787,1,A,1.0,1.0,1,A,8,146,178,0.8202247191011236
0726-29_crop_00.jpg,1,A,15,113,0.9380530973451328,0.9380530973451328,1,A,1.0,1.0,1,A,9,106,117,0.905982905982906
0726-29_crop_00.jpg,1,A,16,66,0.9242424242424242,0.9242424242424242,1,A,1.0,1.0,1,A,10,61,140,0.4357142857142857
0726-29_crop_00.jpg,1,A,17,45,0.7555555555555555,0.7555555555555555,1,A,1.0,1.0,1,A,10,34,140,0.24285714285714285
0726-29_crop_00.jpg,1,A,18,40,0.0,0.0,0,bg,0.0,0.0,0,,0,0,0,0.0
0726-30_crop_02.jpg,1,A,1,143,0.8111888111888111,0.8111888111888111,1,A,1.0,1.0,1,A,1,116,130,0.8923076923076924
0726-30_crop_02.jpg,1,A,2,102,0.9509803921568627,0.9509803921568627,1,A,1.0,1.0,1,A,3,97,261,0.3716475095785441
0726-30_crop_02.jpg,1,A,3,94,0.9148936170212766,0.9148936170212766,1,A,1.0,1.0,1,A,4,86,89,0.9662921348314607
0726-30_crop_02.jpg,1,A,4,149,0.7986577181208053,0.7986577181208053,1,A,1.0,1.0,1,A,3,119,261,0.4559386973180077
0726-30_crop_02.jpg,4,D,1,97,0.7319587628865979,0.7319587628865979,4,D,1.0,1.0,1,D,2,71,80,0.8875
0726-32_crop_01.jpg,1,A,1,102,0.9411764705882353,0.9411764705882353,1,A,1.0,1.0,1,A,1,96,109,0.8807339449541285
0726-32_crop_01.jpg,1,A,2,59,0.9152542372881356,0.9152542372881356,1,A,1.0,1.0,1,A,2,54,60,0.9
0726-32_crop_01.jpg,1,A,3,83,0.8433734939759037,0.8433734939759037,1,A,1.0,1.0,1,A,3,70,75,0.9333333333333333
0726-32_crop_01.jpg,1,A,4,46,0.5434782608695652,0.5434782608695652,1,A,1.0,1.0,1,A,4,25,28,0.8928571428571429
0726-32_crop_01.jpg,1,A,5,311,0.8745980707395499,0.8745980707395499,1,A,1.0,1.0,1,A,5,272,516,0.5271317829457365
0726-32_crop_01.jpg,1,A,6,124,0.9032258064516129,0.9032258064516129,1,A,1.0,1.0,1,A,5,112,516,0.21705426356589147
0726-32_crop_01.jpg,1,A,7,66,0.7878787878787878,0.7878787878787878,1,A,1.0,1.0,1,A,8,52,120,0.43333333333333335
0726-32_crop_01.jpg,1,A,8,75,0.76,0.76,1,A,1.0,1.0,1,A,8,57,120,0.475
0726-32_crop_01.jpg,1,A,9,81,0.8024691358024691,0.8024691358024691,1,A,1.0,1.0,1,A,9,65,75,0.8666666666666667
0726-32_crop_01.jpg,1,A,10,97,0.8556701030927835,0.8556701030927835,1,A,1.0,1.0,1,A,11,83,89,0.9325842696629213
0726-32_crop_01.jpg,1,A,11,81,0.9629629629629629,0.9629629629629629,1,A,1.0,1.0,1,A,12,78,101,0.7722772277227723
0726-32_crop_01.jpg,3,C,1,184,0.7336956521739131,0.0,1,A,1.0,0.0,1,A,6,135,142,0.9507042253521126
0726-35_crop_00.jpg,1,A,1,205,0.3121951219512195,0.3121951219512195,1,A,1.0,1.0,1,A,1,64,64,1.0
0726-35_crop_00.jpg,1,A,2,71,0.0,0.0,0,bg,0.0,0.0,0,,0,0,0,0.0
0726-35_crop_00.jpg,1,A,3,451,0.9423503325942351,0.9423503325942351,1,A,1.0,1.0,1,A,2,425,483,0.8799171842650103
0726-35_crop_00.jpg,1,A,4,129,0.9069767441860465,0.9069767441860465,1,A,1.0,1.0,1,A,3,117,133,0.8796992481203008
0726-35_crop_00.jpg,1,A,5,122,0.9180327868852459,0.9180327868852459,1,A,1.0,1.0,1,A,4,112,137,0.8175182481751825
0726-35_crop_00.jpg,1,A,6,64,0.859375,0.859375,1,A,1.0,1.0,1,A,6,55,57,0.9649122807017544
0726-35_crop_00.jpg,1,A,7,68,0.8235294117647058,0.8235294117647058,1,A,1.0,1.0,1,A,7,56,57,0.9824561403508771
0726-35_crop_00.jpg,1,A,8,37,0.5135135135135135,0.5135135135135135,1,A,1.0,1.0,1,A,8,19,19,1.0
0726-35_crop_00.jpg,1,A,9,95,1.0,1.0,1,A,1.0,1.0,1,A,9,95,103,0.9223300970873787
0726-35_crop_00.jpg,1,A,10,70,0.8714285714285714,0.8714285714285714,1,A,1.0,1.0,1,A,10,61,65,0.9384615384615385
0726-35_crop_00.jpg,1,A,11,53,0.6415094339622641,0.6415094339622641,1,A,1.0,1.0,1,A,11,34,34,1.0
0726-35_crop_00.jpg,1,A,12,88,0.9318181818181818,0.9318181818181818,1,A,1.0,1.0,1,A,12,82,104,0.7884615384615384
0726-35_crop_00.jpg,1,A,13,79,0.0,0.0,0,bg,0.0,0.0,0,,0,0,0,0.0
0726-35_crop_00.jpg,1,A,14,102,0.4411764705882353,0.4411764705882353,1,A,1.0,1.0,1,A,13,45,50,0.9
0726-35_crop_00.jpg,1,A,15,170,0.9470588235294117,0.9470588235294117,1,A,1.0,1.0,1,A,14,161,176,0.9147727272727273
0726-35_crop_00.jpg,1,A,16,65,0.8923076923076924,0.8923076923076924,1,A,1.0,1.0,1,A,15,58,66,0.8787878787878788
0726-35_crop_00.jpg,1,A,17,78,1.0,1.0,1,A,1.0,1.0,1,A,16,78,98,0.7959183673469388
0726-35_crop_00.jpg,1,A,18,361,0.7673130193905817,0.7673130193905817,1,A,1.0,1.0,1,A,17,277,309,0.8964401294498382
0726-36_crop_00.jpg,1,A,1,187,0.8983957219251337,0.8983957219251337,1,A,1.0,1.0,1,A,2,168,182,0.9230769230769231
0726-36_crop_00.jpg,1,A,2,60,0.7666666666666667,0.7666666666666667,1,A,1.0,1.0,1,A,4,46,112,0.4107142857142857
0726-36_crop_00.jpg,1,A,3,65,0.6,0.6,1,A,1.0,1.0,1,A,4,39,112,0.3482142857142857
0726-36_crop_00.jpg,1,A,4,49,0.8367346938775511,0.8367346938775511,1,A,1.0,1.0,1,A,5,41,55,0.7454545454545455
0726-36_crop_00.jpg,1,A,5,34,0.0,0.0,0,bg,0.0,0.0,0,,0,0,0,0.0
0726-36_crop_00.jpg,1,A,6,34,0.0,0.0,0,bg,0.0,0.0,0,,0,0,0,0.0
0726-36_crop_00.jpg,1,A,7,39,0.717948717948718,0.0,2,B,1.0,0.0,1,B,6,28,89,0.3146067415730337
0726-36_crop_00.jpg,1,A,8,86,0.6744186046511628,0.6744186046511628,1,A,1.0,1.0,1,A,7,58,84,0.6904761904761905
0726-36_crop_00.jpg,1,A,9,121,0.9752066115702479,0.9752066115702479,1,A,1.0,1.0,1,A,8,118,145,0.8137931034482758
0726-36_crop_00.jpg,1,A,10,157,0.8598726114649682,0.8598726114649682,1,A,1.0,1.0,1,A,9,135,190,0.7105263157894737
0726-36_crop_00.jpg,1,A,11,122,0.9262295081967213,0.9262295081967213,1,A,1.0,1.0,1,A,10,113,127,0.889763779527559
0726-6_crop_01.jpg,1,A,1,178,0.9325842696629213,0.9325842696629213,1,A,1.0,1.0,1,A,1,166,212,0.7830188679245284
0726-6_crop_01.jpg,1,A,2,348,0.9626436781609196,0.9626436781609196,1,A,1.0,1.0,1,A,2,335,425,0.788235294117647
0726-6_crop_01.jpg,1,A,3,544,0.8529411764705882,0.8529411764705882,1,A,1.0,1.0,1,A,4,464,503,0.9224652087475149
0726-6_crop_01.jpg,1,A,4,51,0.49019607843137253,0.49019607843137253,1,A,1.0,1.0,1,A,5,25,131,0.19083969465648856
0726-6_crop_01.jpg,1,A,5,106,0.49056603773584906,0.49056603773584906,1,A,1.0,1.0,1,A,5,52,131,0.3969465648854962
0726-6_crop_01.jpg,1,A,6,106,0.7358490566037735,0.7358490566037735,1,A,1.0,1.0,1,A,7,78,81,0.9629629629629629
0726-6_crop_01.jpg,1,A,7,263,0.7604562737642585,0.7604562737642585,1,A,1.0,1.0,1,A,8,200,219,0.91324200913242
0726-6_crop_01.jpg,1,A,8,190,0.9578947368421052,0.9578947368421052,1,A,1.0,1.0,1,A,9,182,202,0.900990099009901
0726-6_crop_01.jpg,1,A,9,51,0.7058823529411765,0.7058823529411765,1,A,1.0,1.0,1,A,10,36,39,0.9230769230769231
0726-6_crop_01.jpg,4,D,1,49,1.0,1.0,4,D,1.0,1.0,1,D,3,49,85,0.5764705882352941
0726-7_crop_01.jpg,1,A,1,83,0.0,0.0,0,bg,0.0,0.0,0,,0,0,0,0.0
0726-7_crop_01.jpg,1,A,2,125,0.8,0.8,1,A,1.0,1.0,1,A,1,100,101,0.9900990099009901
0726-7_crop_01.jpg,1,A,3,74,0.5,0.5,1,A,1.0,1.0,1,A,2,37,38,0.9736842105263158
0726-7_crop_01.jpg,4,D,1,81,0.9753086419753086,0.9753086419753086,4,D,1.0,1.0,1,D,4,79,92,0.8586956521739131
0822-11_crop_02.jpg,1,A,1,72,0.0,0.0,0,bg,0.0,0.0,0,,0,0,0,0.0
0822-11_crop_02.jpg,1,A,2,175,0.8571428571428571,0.8571428571428571,1,A,1.0,1.0,1,A,1,150,183,0.819672131147541
0822-13_crop_00.jpg,1,A,1,512,0.943359375,0.943359375,1,A,1.0,1.0,1,A,1,483,566,0.8533568904593639
0822-13_crop_00.jpg,1,A,2,66,0.0,0.0,0,bg,0.0,0.0,0,,0,0,0,0.0
0822-13_crop_00.jpg,1,A,3,57,0.0,0.0,0,bg,0.0,0.0,0,,0,0,0,0.0
0822-13_crop_00.jpg,1,A,4,125,0.0,0.0,0,bg,0.0,0.0,0,,0,0,0,0.0
0822-13_crop_00.jpg,1,A,5,343,0.8629737609329446,0.8629737609329446,1,A,1.0,1.0,1,A,2,296,427,0.6932084309133489
0822-13_crop_00.jpg,1,A,6,41,0.7073170731707317,0.7073170731707317,1,A,1.0,1.0,1,A,2,29,427,0.06791569086651054
0822-13_crop_00.jpg,1,A,7,132,0.08333333333333333,0.08333333333333333,1,A,1.0,1.0,1,A,4,11,11,1.0
0822-13_crop_00.jpg,1,A,8,57,0.03508771929824561,0.0,2,B,1.0,0.0,1,B,3,2,78,0.02564102564102564
0822-13_crop_00.jpg,1,A,9,42,0.0,0.0,0,bg,0.0,0.0,0,,0,0,0,0.0
0822-13_crop_00.jpg,1,A,10,46,0.34782608695652173,0.34782608695652173,1,A,1.0,1.0,1,A,6,16,325,0.04923076923076923
0822-13_crop_00.jpg,1,A,11,68,0.8676470588235294,0.8676470588235294,1,A,1.0,1.0,1,A,6,59,325,0.18153846153846154
0822-13_crop_00.jpg,1,A,12,223,0.8565022421524664,0.8565022421524664,1,A,1.0,1.0,1,A,6,191,325,0.5876923076923077
0822-13_crop_00.jpg,1,A,13,115,0.8956521739130435,0.8956521739130435,1,A,1.0,1.0,1,A,7,103,106,0.9716981132075472
0822-13_crop_00.jpg,1,A,14,532,0.8721804511278195,0.8721804511278195,1,A,1.0,1.0,1,A,9,464,474,0.9789029535864979
0822-13_crop_00.jpg,1,A,15,339,0.9203539823008849,0.9203539823008849,1,A,1.0,1.0,1,A,12,312,344,0.9069767441860465
0822-13_crop_00.jpg,3,C,1,1180,0.16779661016949152,0.0,2,B,0.6616161616161617,0.0,2,A|B,11,97,97,1.0
0822-14_crop_00.jpg,1,A,1,74,0.918918918918919,0.918918918918919,1,A,1.0,1.0,1,A,1,68,72,0.9444444444444444
0822-14_crop_00.jpg,1,A,2,317,0.9337539432176656,0.9337539432176656,1,A,1.0,1.0,1,A,2,296,364,0.8131868131868132
0822-14_crop_00.jpg,1,A,3,108,0.8240740740740741,0.8240740740740741,1,A,1.0,1.0,1,A,3,89,117,0.7606837606837606
0822-14_crop_00.jpg,1,A,4,156,0.8269230769230769,0.8269230769230769,1,A,1.0,1.0,1,A,7,129,183,0.7049180327868853
0822-14_crop_00.jpg,1,A,5,103,0.9611650485436893,0.9611650485436893,1,A,1.0,1.0,1,A,8,99,173,0.5722543352601156
0822-14_crop_00.jpg,1,A,6,45,0.9555555555555556,0.9555555555555556,1,A,1.0,1.0,1,A,8,43,173,0.24855491329479767
0822-14_crop_00.jpg,1,A,7,95,0.8526315789473684,0.8526315789473684,1,A,1.0,1.0,1,A,9,81,172,0.47093023255813954
0822-14_crop_00.jpg,1,A,8,68,0.8235294117647058,0.8235294117647058,1,A,1.0,1.0,1,A,9,56,172,0.32558139534883723
0822-14_crop_00.jpg,1,A,9,149,0.5906040268456376,0.5906040268456376,1,A,1.0,1.0,1,A,10,88,112,0.7857142857142857
0822-14_crop_00.jpg,1,A,10,71,0.8732394366197183,0.8732394366197183,1,A,1.0,1.0,1,A,11,62,71,0.8732394366197183
0822-14_crop_00.jpg,1,A,11,81,1.0,1.0,1,A,1.0,1.0,1,A,12,81,159,0.5094339622641509
0822-14_crop_00.jpg,1,A,12,71,0.9014084507042254,0.9014084507042254,1,A,1.0,1.0,1,A,13,64,200,0.32
0822-14_crop_00.jpg,1,A,13,57,0.7719298245614035,0.7719298245614035,1,A,1.0,1.0,1,A,12,44,159,0.27672955974842767
0822-14_crop_00.jpg,1,A,14,214,0.6448598130841121,0.6448598130841121,1,A,1.0,1.0,1,A,14,138,143,0.965034965034965
0822-14_crop_00.jpg,1,A,15,78,0.9615384615384616,0.9615384615384616,1,A,1.0,1.0,1,A,13,75,200,0.375
0822-14_crop_00.jpg,1,A,16,244,0.9221311475409836,0.9221311475409836,1,A,1.0,1.0,1,A,15,225,253,0.8893280632411067
0822-14_crop_00.jpg,2,B,1,170,0.047058823529411764,0.047058823529411764,2,B,1.0,1.0,1,B,4,8,8,1.0
0822-14_crop_00.jpg,2,B,2,449,0.0,0.0,0,bg,0.0,0.0,0,,0,0,0,0.0
0822-14_crop_00.jpg,3,C,1,81,0.6666666666666666,0.0,1,A,1.0,0.0,1,A,6,54,57,0.9473684210526315
0822-14_crop_01.jpg,1,A,1,205,0.0,0.0,0,bg,0.0,0.0,0,,0,0,0,0.0
0822-14_crop_01.jpg,1,A,2,146,0.7397260273972602,0.7397260273972602,1,A,1.0,1.0,1,A,1,108,110,0.9818181818181818
0822-14_crop_01.jpg,1,A,3,206,0.6067961165048543,0.6067961165048543,1,A,1.0,1.0,1,A,2,125,126,0.9920634920634921
0822-14_crop_01.jpg,1,A,4,157,0.0,0.0,0,bg,0.0,0.0,0,,0,0,0,0.0
0822-14_crop_01.jpg,1,A,5,206,0.0,0.0,0,bg,0.0,0.0,0,,0,0,0,0.0
0822-14_crop_01.jpg,1,A,6,698,0.4512893982808023,0.4512893982808023,1,A,1.0,1.0,1,A,3,315,326,0.9662576687116564
0822-15_crop_00.jpg,1,A,1,426,0.9295774647887324,0.9295774647887324,1,A,1.0,1.0,1,A,1,396,475,0.8336842105263158
0822-15_crop_00.jpg,1,A,2,326,0.34662576687116564,0.34662576687116564,1,A,1.0,1.0,1,A,4,113,138,0.8188405797101449
0822-15_crop_00.jpg,1,A,3,90,0.8888888888888888,0.8888888888888888,1,A,1.0,1.0,1,A,6,80,100,0.8
0822-15_crop_00.jpg,1,A,4,419,0.8782816229116945,0.8782816229116945,1,A,1.0,1.0,1,A,7,368,395,0.9316455696202531
0822-15_crop_00.jpg,1,A,5,288,0.7118055555555556,0.7118055555555556,1,A,1.0,1.0,1,A,8,205,244,0.8401639344262295
0822-15_crop_00.jpg,1,A,6,107,0.4205607476635514,0.4205607476635514,1,A,1.0,1.0,1,A,11,45,51,0.8823529411764706
0822-15_crop_00.jpg,1,A,7,143,0.6923076923076923,0.6923076923076923,1,A,1.0,1.0,1,A,12,99,101,0.9801980198019802
0822-15_crop_00.jpg,1,A,8,48,0.0,0.0,0,bg,0.0,0.0,0,,0,0,0,0.0
0822-15_crop_00.jpg,1,A,9,153,0.8235294117647058,0.8235294117647058,1,A,1.0,1.0,1,A,13,126,141,0.8936170212765957
0822-15_crop_00.jpg,1,A,10,101,0.6237623762376238,0.6237623762376238,1,A,1.0,1.0,1,A,14,63,67,0.9402985074626866
0822-15_crop_00.jpg,1,A,11,77,0.5454545454545454,0.5454545454545454,1,A,1.0,1.0,1,A,16,42,42,1.0
0822-15_crop_00.jpg,1,A,12,223,0.8565022421524664,0.8565022421524664,1,A,1.0,1.0,1,A,17,191,235,0.8127659574468085
0822-15_crop_00.jpg,1,A,13,228,0.9210526315789473,0.9210526315789473,1,A,1.0,1.0,1,A,18,210,277,0.7581227436823105
0822-15_crop_00.jpg,1,A,14,82,0.0,0.0,0,bg,0.0,0.0,0,,0,0,0,0.0
0822-15_crop_00.jpg,1,A,15,70,0.0,0.0,0,bg,0.0,0.0,0,,0,0,0,0.0
0822-15_crop_00.jpg,1,A,16,102,0.803921568627451,0.803921568627451,1,A,1.0,1.0,1,A,19,82,92,0.8913043478260869
0822-15_crop_00.jpg,1,A,17,62,0.5645161290322581,0.5645161290322581,1,A,1.0,1.0,1,A,20,35,40,0.875
0822-15_crop_00.jpg,1,A,18,88,0.875,0.875,1,A,1.0,1.0,1,A,21,77,99,0.7777777777777778
0822-15_crop_00.jpg,1,A,19,81,0.38271604938271603,0.38271604938271603,1,A,1.0,1.0,1,A,22,31,31,1.0
0822-16_crop_00.jpg,1,A,1,163,0.852760736196319,0.852760736196319,1,A,1.0,1.0,1,A,1,139,192,0.7239583333333334
0822-16_crop_00.jpg,1,A,2,58,0.8793103448275862,0.8793103448275862,1,A,1.0,1.0,1,A,2,51,62,0.8225806451612904
0822-16_crop_00.jpg,1,A,3,253,0.9446640316205533,0.9446640316205533,1,A,1.0,1.0,1,A,3,239,351,0.6809116809116809
0822-16_crop_00.jpg,1,A,4,106,0.9716981132075472,0.9716981132075472,1,A,1.0,1.0,1,A,4,103,128,0.8046875
0822-16_crop_00.jpg,1,A,5,105,0.9047619047619048,0.9047619047619048,1,A,1.0,1.0,1,A,5,95,128,0.7421875
0822-16_crop_00.jpg,1,A,6,124,0.9112903225806451,0.9112903225806451,1,A,1.0,1.0,1,A,6,113,135,0.837037037037037
0822-16_crop_00.jpg,1,A,7,92,0.8804347826086957,0.8804347826086957,1,A,1.0,1.0,1,A,7,81,97,0.8350515463917526
0822-16_crop_00.jpg,1,A,8,144,0.1111111111111111,0.1111111111111111,1,A,1.0,1.0,1,A,9,16,16,1.0
0822-16_crop_00.jpg,1,A,9,55,0.0,0.0,0,bg,0.0,0.0,0,,0,0,0,0.0
0822-16_crop_00.jpg,1,A,10,90,0.0,0.0,0,bg,0.0,0.0,0,,0,0,0,0.0
0822-16_crop_00.jpg,1,A,11,66,0.0,0.0,0,bg,0.0,0.0,0,,0,0,0,0.0
0822-16_crop_00.jpg,1,A,12,263,0.0,0.0,0,bg,0.0,0.0,0,,0,0,0,0.0
0822-16_crop_01.jpg,1,A,1,176,0.0,0.0,0,bg,0.0,0.0,0,,0,0,0,0.0
0822-16_crop_01.jpg,1,A,2,149,0.8187919463087249,0.8187919463087249,1,A,1.0,1.0,1,A,2,122,141,0.8652482269503546
0822-17_crop_00.jpg,1,A,1,409,0.9706601466992665,0.9706601466992665,1,A,1.0,1.0,1,A,1,397,570,0.6964912280701754
0822-17_crop_00.jpg,1,A,2,76,0.7894736842105263,0.7894736842105263,1,A,1.0,1.0,1,A,2,60,120,0.5
0822-17_crop_00.jpg,1,A,3,247,0.6072874493927125,0.6072874493927125,1,A,1.0,1.0,1,A,3,150,188,0.7978723404255319
0822-17_crop_00.jpg,1,A,4,211,0.7867298578199052,0.7867298578199052,1,A,1.0,1.0,1,A,4,166,169,0.9822485207100592
0822-17_crop_00.jpg,1,A,5,100,0.0,0.0,0,bg,0.0,0.0,0,,0,0,0,0.0
0822-17_crop_00.jpg,1,A,6,200,0.745,0.745,1,A,1.0,1.0,1,A,5,149,155,0.9612903225806452
0822-17_crop_00.jpg,1,A,7,103,0.0,0.0,0,bg,0.0,0.0,0,,0,0,0,0.0
0822-17_crop_00.jpg,1,A,8,156,0.8076923076923077,0.8076923076923077,1,A,1.0,1.0,1,A,6,126,606,0.2079207920792079
0822-17_crop_00.jpg,1,A,9,352,0.9630681818181818,0.9630681818181818,1,A,1.0,1.0,1,A,6,339,606,0.5594059405940595
0822-17_crop_00.jpg,1,A,10,130,0.0,0.0,0,bg,0.0,0.0,0,,0,0,0,0.0
0822-17_crop_00.jpg,1,A,11,220,0.6772727272727272,0.6772727272727272,1,A,1.0,1.0,1,A,7,149,156,0.9551282051282052
0822-17_crop_00.jpg,1,A,12,302,0.8443708609271523,0.8443708609271523,1,A,1.0,1.0,1,A,8,255,282,0.9042553191489362
0822-17_crop_00.jpg,1,A,13,121,0.5702479338842975,0.5702479338842975,1,A,1.0,1.0,1,A,10,69,108,0.6388888888888888
0822-17_crop_00.jpg,1,A,14,113,0.3185840707964602,0.3185840707964602,1,A,1.0,1.0,1,A,11,36,37,0.972972972972973
0822-17_crop_00.jpg,1,A,15,132,0.6212121212121212,0.6212121212121212,1,A,1.0,1.0,1,A,13,82,88,0.9318181818181818
0822-17_crop_00.jpg,1,A,16,179,0.664804469273743,0.664804469273743,1,A,1.0,1.0,1,A,14,119,124,0.9596774193548387
0822-17_crop_00.jpg,1,A,17,103,0.39805825242718446,0.39805825242718446,1,A,1.0,1.0,1,A,15,41,41,1.0
0822-17_crop_00.jpg,1,A,18,210,0.5333333333333333,0.5333333333333333,1,A,1.0,1.0,1,A,16,112,112,1.0
0822-17_crop_00.jpg,1,A,19,332,0.6536144578313253,0.6536144578313253,1,A,1.0,1.0,1,A,17,217,217,1.0
0822-17_crop_00.jpg,1,A,20,82,0.8902439024390244,0.8902439024390244,1,A,1.0,1.0,1,A,18,73,325,0.2246153846153846
0822-17_crop_00.jpg,1,A,21,214,0.9532710280373832,0.9532710280373832,1,A,1.0,1.0,1,A,18,204,325,0.6276923076923077
0822-17_crop_00.jpg,1,A,22,90,0.35555555555555557,0.35555555555555557,1,A,1.0,1.0,1,A,19,32,32,1.0
0822-17_crop_00.jpg,1,A,23,96,0.90625,0.90625,1,A,1.0,1.0,1,A,21,87,101,0.8613861386138614
0822-17_crop_02.jpg,1,A,1,911,0.5905598243688255,0.5905598243688255,1,A,1.0,1.0,1,A,1,476,489,0.9734151329243353
0822-17_crop_02.jpg,1,A,2,165,0.7696969696969697,0.7696969696969697,1,A,1.0,1.0,1,A,5,127,134,0.9477611940298507
0822-1_crop_00.jpg,1,A,1,176,0.8465909090909091,0.4090909090909091,3,C,0.5167785234899329,0.48322147651006714,2,A|C,2,149,179,0.8324022346368715
0822-1_crop_00.jpg,1,A,2,62,0.0,0.0,0,bg,0.0,0.0,0,,0,0,0,0.0
0822-1_crop_00.jpg,1,A,3,125,0.568,0.568,1,A,1.0,1.0,1,A,3,71,71,1.0
0822-1_crop_00.jpg,1,A,4,82,0.0,0.0,0,bg,0.0,0.0,0,,0,0,0,0.0
0822-1_crop_00.jpg,1,A,5,239,0.4225941422594142,0.4225941422594142,1,A,1.0,1.0,1,A,4,101,109,0.926605504587156
0822-21_crop_01.jpg,1,A,1,424,0.0,0.0,0,bg,0.0,0.0,0,,0,0,0,0.0
0822-21_crop_01.jpg,1,A,2,149,0.9328859060402684,0.9328859060402684,1,A,1.0,1.0,1,A,2,139,186,0.7473118279569892
0822-21_crop_01.jpg,1,A,3,106,0.9150943396226415,0.9150943396226415,1,A,1.0,1.0,1,A,5,97,147,0.6598639455782312
0822-21_crop_01.jpg,1,A,4,144,0.9027777777777778,0.9027777777777778,1,A,1.0,1.0,1,A,6,130,151,0.8609271523178808
0822-24_crop_00.jpg,1,A,1,84,0.8333333333333334,0.8333333333333334,1,A,1.0,1.0,1,A,1,70,79,0.8860759493670886
0822-24_crop_00.jpg,1,A,2,323,0.3931888544891641,0.3931888544891641,1,A,1.0,1.0,1,A,3,127,127,1.0
0822-24_crop_00.jpg,1,A,3,65,0.4153846153846154,0.4153846153846154,1,A,1.0,1.0,1,A,4,27,27,1.0
0822-24_crop_00.jpg,1,A,4,68,0.9117647058823529,0.9117647058823529,1,A,1.0,1.0,1,A,5,62,251,0.24701195219123506
0822-24_crop_00.jpg,1,A,5,174,0.8850574712643678,0.8850574712643678,1,A,1.0,1.0,1,A,5,154,251,0.6135458167330677
0822-24_crop_00.jpg,1,A,6,205,0.9073170731707317,0.9073170731707317,1,A,1.0,1.0,1,A,7,186,217,0.8571428571428571
0822-24_crop_00.jpg,1,A,7,164,0.9207317073170732,0.9207317073170732,1,A,1.0,1.0,1,A,8,151,175,0.8628571428571429
0822-24_crop_00.jpg,1,A,8,49,0.0,0.0,0,bg,0.0,0.0,0,,0,0,0,0.0
0822-24_crop_00.jpg,1,A,9,113,0.22123893805309736,0.22123893805309736,1,A,1.0,1.0,1,A,11,25,29,0.8620689655172413
0822-24_crop_00.jpg,1,A,10,126,0.7380952380952381,0.7380952380952381,1,A,1.0,1.0,1,A,10,93,96,0.96875
0822-24_crop_00.jpg,1,A,11,210,0.7952380952380952,0.7952380952380952,1,A,1.0,1.0,1,A,12,167,180,0.9277777777777778
0822-26_crop_01.jpg,1,A,1,100,0.82,0.82,1,A,1.0,1.0,1,A,1,82,280,0.29285714285714287
0822-26_crop_01.jpg,1,A,2,117,0.9316239316239316,0.9316239316239316,1,A,1.0,1.0,1,A,1,109,280,0.3892857142857143
0822-26_crop_01.jpg,1,A,3,83,0.9397590361445783,0.9397590361445783,1,A,1.0,1.0,1,A,2,78,104,0.75
0822-26_crop_01.jpg,1,A,4,190,0.9473684210526315,0.9473684210526315,1,A,1.0,1.0,1,A,3,180,213,0.8450704225352113
0822-26_crop_01.jpg,1,A,5,78,0.6666666666666666,0.6666666666666666,1,A,1.0,1.0,1,A,5,52,60,0.8666666666666667
0822-26_crop_01.jpg,1,A,6,50,0.56,0.56,1,A,1.0,1.0,1,A,6,28,46,0.6086956521739131
0822-26_crop_01.jpg,1,A,7,81,0.3333333333333333,0.3333333333333333,1,A,1.0,1.0,1,A,8,27,27,1.0
0822-26_crop_01.jpg,1,A,8,140,0.6928571428571428,0.6928571428571428,1,A,1.0,1.0,1,A,9,97,97,1.0
0822-26_crop_01.jpg,1,A,9,96,0.8333333333333334,0.8333333333333334,1,A,1.0,1.0,1,A,10,80,97,0.8247422680412371
0822-26_crop_01.jpg,1,A,10,193,0.8652849740932642,0.8652849740932642,1,A,1.0,1.0,1,A,12,167,225,0.7422222222222222
0822-26_crop_01.jpg,1,A,11,282,0.9290780141843972,0.9290780141843972,1,A,1.0,1.0,1,A,13,262,309,0.8478964401294499
0822-26_crop_01.jpg,2,B,1,301,0.6411960132890365,0.0,1,A,1.0,0.0,1,A,4,193,200,0.965
0822-2_crop_01.jpg,1,A,1,63,0.0,0.0,0,bg,0.0,0.0,0,,0,0,0,0.0
0822-2_crop_01.jpg,1,A,2,96,0.0,0.0,0,bg,0.0,0.0,0,,0,0,0,0.0
0822-2_crop_01.jpg,1,A,3,100,0.0,0.0,0,bg,0.0,0.0,0,,0,0,0,0.0
0822-2_crop_01.jpg,4,D,1,81,0.0,0.0,0,bg,0.0,0.0,0,,0,0,0,0.0
0822-30_crop_01.jpg,1,A,1,197,0.8629441624365483,0.8629441624365483,1,A,1.0,1.0,1,A,2,170,201,0.845771144278607
0822-30_crop_01.jpg,1,A,2,124,0.6451612903225806,0.6451612903225806,1,A,1.0,1.0,1,A,3,80,85,0.9411764705882353
0822-30_crop_01.jpg,1,A,3,205,0.12682926829268293,0.12682926829268293,1,A,1.0,1.0,1,A,4,26,26,1.0
0822-30_crop_01.jpg,1,A,4,38,0.0,0.0,0,bg,0.0,0.0,0,,0,0,0,0.0
0822-30_crop_01.jpg,1,A,5,235,0.9404255319148936,0.9404255319148936,1,A,1.0,1.0,1,A,5,221,257,0.8599221789883269
0822-30_crop_01.jpg,4,D,1,731,0.6265389876880985,0.6265389876880985,4,D,1.0,1.0,1,D,7,458,458,1.0
0822-31_crop_01.jpg,1,A,1,73,0.0,0.0,0,bg,0.0,0.0,0,,0,0,0,0.0
0822-31_crop_01.jpg,1,A,2,264,0.9053030303030303,0.9053030303030303,1,A,1.0,1.0,1,A,1,239,383,0.6240208877284595
0822-31_crop_01.jpg,1,A,3,41,1.0,1.0,1,A,1.0,1.0,1,A,1,41,383,0.10704960835509138
0822-31_crop_01.jpg,1,A,4,84,0.0,0.0,0,bg,0.0,0.0,0,,0,0,0,0.0
0822-31_crop_01.jpg,1,A,5,47,0.5106382978723404,0.5106382978723404,1,A,1.0,1.0,1,A,1,24,383,0.06266318537859007
0822-33_crop_00.jpg,1,A,1,180,0.8722222222222222,0.8722222222222222,1,A,1.0,1.0,1,A,1,157,201,0.7810945273631841
0822-33_crop_00.jpg,1,A,2,446,0.7668161434977578,0.7668161434977578,1,A,1.0,1.0,1,A,2,342,484,0.7066115702479339
0822-33_crop_00.jpg,1,A,3,270,0.8296296296296296,0.8296296296296296,1,A,1.0,1.0,1,A,3,224,308,0.7272727272727273
0822-33_crop_00.jpg,1,A,4,120,0.0,0.0,0,bg,0.0,0.0,0,,0,0,0,0.0
0822-33_crop_00.jpg,1,A,5,221,0.669683257918552,0.669683257918552,1,A,1.0,1.0,1,A,4,145,273,0.5311355311355311
0822-33_crop_00.jpg,1,A,6,83,0.8313253012048193,0.8313253012048193,1,A,1.0,1.0,1,A,4,69,273,0.25274725274725274
0822-33_crop_00.jpg,1,A,7,162,0.7283950617283951,0.7283950617283951,1,A,1.0,1.0,1,A,8,118,137,0.8613138686131386
0822-33_crop_00.jpg,1,A,8,78,0.21794871794871795,0.21794871794871795,1,A,1.0,1.0,1,A,10,17,17,1.0
0822-33_crop_00.jpg,1,A,9,244,0.5245901639344263,0.5245901639344263,1,A,1.0,1.0,1,A,11,128,128,1.0
0822-33_crop_00.jpg,1,A,10,164,0.6524390243902439,0.6524390243902439,1,A,1.0,1.0,1,A,12,107,107,1.0
0822-33_crop_00.jpg,1,A,11,103,0.14563106796116504,0.14563106796116504,1,A,1.0,1.0,1,A,13,15,15,1.0
0822-33_crop_00.jpg,1,A,12,143,0.0,0.0,0,bg,0.0,0.0,0,,0,0,0,0.0
0822-33_crop_00.jpg,1,A,13,47,0.0,0.0,0,bg,0.0,0.0,0,,0,0,0,0.0
0822-33_crop_00.jpg,1,A,14,69,0.9710144927536232,0.9710144927536232,1,A,1.0,1.0,1,A,14,67,113,0.5929203539823009
0822-9_crop_02.jpg,1,A,1,194,0.6082474226804123,0.6082474226804123,1,A,1.0,1.0,1,A,2,118,119,0.9915966386554622
0826_D-11_crop_00.jpg,4,D,1,873,0.004581901489117984,0.004581901489117984,4,D,1.0,1.0,1,D,1,4,4,1.0
0826_D-11_crop_00.jpg,4,D,2,113,0.7345132743362832,0.7345132743362832,4,D,1.0,1.0,1,D,2,83,83,1.0
0826_D-11_crop_02.jpg,4,D,1,81,0.8024691358024691,0.8024691358024691,4,D,1.0,1.0,1,D,1,65,67,0.9701492537313433
0826_D-11_crop_02.jpg,4,D,2,49,0.8775510204081632,0.8775510204081632,4,D,1.0,1.0,1,D,2,43,54,0.7962962962962963
0826_D-14_crop_01.jpg,4,D,1,81,0.9012345679012346,0.9012345679012346,4,D,1.0,1.0,1,D,1,73,81,0.9012345679012346
0826_D-16_crop_02.jpg,4,D,1,49,0.5714285714285714,0.5714285714285714,4,D,1.0,1.0,1,D,1,28,28,1.0
0826_D-16_crop_02.jpg,4,D,2,81,0.8518518518518519,0.8518518518518519,4,D,1.0,1.0,1,D,2,69,80,0.8625
0826_D-16_crop_02.jpg,4,D,3,49,0.9387755102040817,0.9387755102040817,4,D,1.0,1.0,1,D,3,46,54,0.8518518518518519
0826_D-17_crop_01.jpg,4,D,1,113,0.7787610619469026,0.7787610619469026,4,D,1.0,1.0,1,D,1,88,99,0.8888888888888888
0826_D-17_crop_01.jpg,4,D,2,49,0.0,0.0,0,bg,0.0,0.0,0,,0,0,0,0.0
0826_D-17_crop_01.jpg,4,D,3,81,0.8641975308641975,0.8641975308641975,4,D,1.0,1.0,1,D,2,70,73,0.958904109589041
0826_D-17_crop_01.jpg,4,D,4,149,1.0,1.0,4,D,1.0,1.0,1,D,3,149,172,0.8662790697674418
0826_D-17_crop_01.jpg,4,D,5,81,0.9876543209876543,0.9876543209876543,4,D,1.0,1.0,1,D,4,80,103,0.7766990291262136
0826_D-17_crop_01.jpg,4,D,6,49,0.7959183673469388,0.7959183673469388,4,D,1.0,1.0,1,D,5,39,39,1.0
0826_D-17_crop_01.jpg,4,D,7,197,1.0,1.0,4,D,1.0,1.0,1,D,6,197,269,0.7323420074349443
0826_D-19_crop_01.jpg,4,D,1,113,0.9911504424778761,0.9911504424778761,4,D,1.0,1.0,1,D,1,112,125,0.896
0826_D-19_crop_01.jpg,4,D,2,81,0.8641975308641975,0.8641975308641975,4,D,1.0,1.0,1,D,2,70,75,0.9333333333333333
0826_D-20_crop_00.jpg,4,D,1,49,0.9591836734693877,0.9591836734693877,4,D,1.0,1.0,1,D,1,47,52,0.9038461538461539
0826_D-20_crop_00.jpg,4,D,2,81,0.8518518518518519,0.8518518518518519,4,D,1.0,1.0,1,D,2,69,79,0.8734177215189873
0826_D-20_crop_00.jpg,4,D,3,49,0.2653061224489796,0.2653061224489796,4,D,1.0,1.0,1,D,3,13,13,1.0
0826_D-20_crop_00.jpg,4,D,4,463,0.9395248380129589,0.9395248380129589,4,D,1.0,1.0,1,D,4,435,479,0.9081419624217119
0826_D-20_crop_00.jpg,4,D,5,81,0.9629629629629629,0.9629629629629629,4,D,1.0,1.0,1,D,5,78,95,0.8210526315789474
0826_D-20_crop_00.jpg,4,D,6,81,0.9012345679012346,0.9012345679012346,4,D,1.0,1.0,1,D,6,73,75,0.9733333333333334
0826_D-20_crop_00.jpg,4,D,7,209,0.9234449760765551,0.9234449760765551,4,D,1.0,1.0,1,D,7,193,216,0.8935185185185185
0826_D-20_crop_01.jpg,4,D,1,49,0.673469387755102,0.673469387755102,4,D,1.0,1.0,1,D,1,33,33,1.0
0826_D-20_crop_01.jpg,4,D,2,81,0.9012345679012346,0.9012345679012346,4,D,1.0,1.0,1,D,2,73,75,0.9733333333333334
0826_D-20_crop_01.jpg,4,D,3,49,0.8775510204081632,0.8775510204081632,4,D,1.0,1.0,1,D,3,43,43,1.0
0826_D-25_crop_00.jpg,4,D,1,113,0.9557522123893806,0.9557522123893806,4,D,1.0,1.0,1,D,1,108,122,0.8852459016393442
0826_D-25_crop_00.jpg,4,D,2,113,0.9646017699115044,0.9646017699115044,4,D,1.0,1.0,1,D,2,109,144,0.7569444444444444
0826_D-25_crop_00.jpg,4,D,3,99,0.9595959595959596,0.9595959595959596,4,D,1.0,1.0,1,D,3,95,113,0.8407079646017699
0826_D-25_crop_00.jpg,4,D,4,49,0.0,0.0,0,bg,0.0,0.0,0,,0,0,0,0.0
0826_D-25_crop_00.jpg,4,D,5,49,1.0,1.0,4,D,1.0,1.0,1,D,4,49,69,0.7101449275362319
0826_D-25_crop_00.jpg,4,D,6,81,0.0,0.0,0,bg,0.0,0.0,0,,0,0,0,0.0
0826_D-32_crop_02.jpg,4,D,1,149,0.9865771812080537,0.9865771812080537,4,D,1.0,1.0,1,D,1,147,173,0.8497109826589595
0826_D-33_crop_00.jpg,4,D,1,107,0.0,0.0,0,bg,0.0,0.0,0,,0,0,0,0.0
0826_D-33_crop_00.jpg,4,D,2,29,0.0,0.0,0,bg,0.0,0.0,0,,0,0,0,0.0
0826_D-33_crop_00.jpg,4,D,3,29,0.0,0.0,0,bg,0.0,0.0,0,,0,0,0,0.0
0826_D-33_crop_00.jpg,4,D,4,81,0.5555555555555556,0.5555555555555556,4,D,1.0,1.0,1,D,1,45,45,1.0
0826_D-33_crop_00.jpg,4,D,5,49,0.5102040816326531,0.5102040816326531,4,D,1.0,1.0,1,D,2,25,25,1.0
0826_D-33_crop_00.jpg,4,D,6,49,0.0,0.0,0,bg,0.0,0.0,0,,0,0,0,0.0
0826_D-33_crop_00.jpg,4,D,7,49,1.0,1.0,4,D,1.0,1.0,1,D,3,49,69,0.7101449275362319
0826_D-33_crop_00.jpg,4,D,8,49,0.32653061224489793,0.32653061224489793,4,D,1.0,1.0,1,D,4,16,16,1.0
0826_D-33_crop_01.jpg,4,D,1,149,0.9798657718120806,0.9798657718120806,4,D,1.0,1.0,1,D,1,146,154,0.948051948051948
0826_D-33_crop_01.jpg,4,D,2,81,0.5925925925925926,0.5925925925925926,4,D,1.0,1.0,1,D,2,48,48,1.0
0826_D-33_crop_01.jpg,4,D,3,81,0.9506172839506173,0.9506172839506173,4,D,1.0,1.0,1,D,3,77,85,0.9058823529411765
0826_D-33_crop_01.jpg,4,D,4,317,0.7634069400630915,0.7634069400630915,4,D,1.0,1.0,1,D,4,242,242,1.0
0826_D-33_crop_01.jpg,4,D,5,113,0.8938053097345132,0.8938053097345132,4,D,1.0,1.0,1,D,5,101,101,1.0
0826_D-37_crop_02.jpg,4,D,1,81,0.9135802469135802,0.9135802469135802,4,D,1.0,1.0,1,D,1,74,82,0.9024390243902439
0826_D-37_crop_02.jpg,4,D,2,113,0.911504424778761,0.911504424778761,4,D,1.0,1.0,1,D,2,103,108,0.9537037037037037
0826_D-3_crop_01.jpg,4,D,1,149,0.8120805369127517,0.8120805369127517,4,D,1.0,1.0,1,D,1,121,121,1.0
0826_D-3_crop_01.jpg,4,D,2,149,0.8590604026845637,0.8590604026845637,4,D,1.0,1.0,1,D,2,128,131,0.9770992366412213
0826_D-42_crop_02.jpg,4,D,1,113,0.9380530973451328,0.9380530973451328,4,D,1.0,1.0,1,D,1,106,106,1.0
0826_D-43_crop_01.jpg,4,D,1,149,0.9530201342281879,0.9530201342281879,4,D,1.0,1.0,1,D,1,142,143,0.993006993006993
0826_D-43_crop_01.jpg,4,D,2,49,1.0,1.0,4,D,1.0,1.0,1,D,2,49,72,0.6805555555555556
0826_D-43_crop_01.jpg,4,D,3,81,0.7654320987654321,0.7654320987654321,4,D,1.0,1.0,1,D,3,62,67,0.9253731343283582
0826_D-45_crop_01.jpg,4,D,1,253,0.9446640316205533,0.9446640316205533,4,D,1.0,1.0,1,D,1,239,251,0.952191235059761
0826_D-45_crop_01.jpg,4,D,2,81,0.7160493827160493,0.7160493827160493,4,D,1.0,1.0,1,D,2,58,58,1.0
0826_D-45_crop_01.jpg,4,D,3,81,0.9506172839506173,0.9506172839506173,4,D,1.0,1.0,1,D,3,77,98,0.7857142857142857
0826_D-45_crop_01.jpg,4,D,4,81,0.8641975308641975,0.8641975308641975,4,D,1.0,1.0,1,D,4,70,71,0.9859154929577465
0826_D-4_crop_01.jpg,4,D,1,81,0.8888888888888888,0.8888888888888888,4,D,1.0,1.0,1,D,1,72,90,0.8
0826_D-4_crop_01.jpg,4,D,2,29,0.5517241379310345,0.5517241379310345,4,D,1.0,1.0,1,D,2,16,17,0.9411764705882353
0826_D-4_crop_01.jpg,4,D,3,81,0.8641975308641975,0.8641975308641975,4,D,1.0,1.0,1,D,3,70,73,0.958904109589041
0826_D-4_crop_01.jpg,4,D,4,81,0.9506172839506173,0.9506172839506173,4,D,1.0,1.0,1,D,4,77,87,0.8850574712643678
0826_D-56_crop_00.jpg,4,D,1,29,0.896551724137931,0.896551724137931,4,D,1.0,1.0,1,D,1,26,38,0.6842105263157895
0826_D-56_crop_00.jpg,4,D,2,81,0.6666666666666666,0.6666666666666666,4,D,1.0,1.0,1,D,2,54,54,1.0
0826_D-56_crop_00.jpg,4,D,3,49,0.8775510204081632,0.8775510204081632,4,D,1.0,1.0,1,D,3,43,56,0.7678571428571429
0826_D-56_crop_00.jpg,4,D,4,49,0.8979591836734694,0.8979591836734694,4,D,1.0,1.0,1,D,4,44,46,0.9565217391304348
0826_D-56_crop_00.jpg,4,D,5,113,0.9646017699115044,0.9646017699115044,4,D,1.0,1.0,1,D,5,109,115,0.9478260869565217
0826_D-57_crop_00.jpg,4,D,1,158,0.9050632911392406,0.9050632911392406,4,D,1.0,1.0,1,D,1,143,156,0.9166666666666666
0826_D-57_crop_00.jpg,4,D,2,81,0.654320987654321,0.654320987654321,4,D,1.0,1.0,1,D,3,53,53,1.0
0826_D-57_crop_00.jpg,4,D,3,253,0.7984189723320159,0.7984189723320159,4,D,1.0,1.0,1,D,4,202,202,1.0
0826_D-5_crop_01.jpg,4,D,1,49,0.8571428571428571,0.8571428571428571,4,D,1.0,1.0,1,D,1,42,47,0.8936170212765957
0826_D-5_crop_01.jpg,4,D,2,317,0.807570977917981,0.807570977917981,4,D,1.0,1.0,1,D,2,256,275,0.9309090909090909
0826_D-63_crop_00.jpg,4,D,1,149,0.959731543624161,0.959731543624161,4,D,1.0,1.0,1,D,1,143,166,0.8614457831325302
0826_D-63_crop_00.jpg,4,D,2,29,0.0,0.0,0,bg,0.0,0.0,0,,0,0,0,0.0
0826_D-63_crop_00.jpg,4,D,3,49,0.9591836734693877,0.9591836734693877,4,D,1.0,1.0,1,D,2,47,63,0.746031746031746
0826_D-63_crop_00.jpg,4,D,4,113,0.9380530973451328,0.9380530973451328,4,D,1.0,1.0,1,D,3,106,114,0.9298245614035088
0826_D-66_crop_02.jpg,4,D,1,49,0.7755102040816326,0.7755102040816326,4,D,1.0,1.0,1,D,2,38,38,1.0
0826_D-69_crop_01.jpg,4,D,1,81,0.9382716049382716,0.9382716049382716,4,D,1.0,1.0,1,D,1,76,86,0.8837209302325582
0826_D-69_crop_01.jpg,4,D,2,81,0.7777777777777778,0.7777777777777778,4,D,1.0,1.0,1,D,2,63,63,1.0
0826_D-69_crop_01.jpg,4,D,3,113,0.7876106194690266,0.7876106194690266,4,D,1.0,1.0,1,D,3,89,90,0.9888888888888889
0826_D-70_crop_00.jpg,3,C,1,78,0.0,0.0,0,bg,0.0,0.0,0,,0,0,0,0.0
0826_D-70_crop_00.jpg,4,D,1,29,0.0,0.0,0,bg,0.0,0.0,0,,0,0,0,0.0
0826_D-70_crop_00.jpg,4,D,2,81,0.9259259259259259,0.9259259259259259,4,D,1.0,1.0,1,D,1,75,79,0.9493670886075949
0826_D-70_crop_00.jpg,4,D,3,149,0.87248322147651,0.87248322147651,4,D,1.0,1.0,1,D,2,130,139,0.935251798561151
0826_D-70_crop_00.jpg,4,D,4,81,0.9506172839506173,0.9506172839506173,4,D,1.0,1.0,1,D,3,77,88,0.875
0826_D-89_crop_01.jpg,4,D,1,81,0.9629629629629629,0.9629629629629629,4,D,1.0,1.0,1,D,1,78,98,0.7959183673469388
0826_D-89_crop_01.jpg,4,D,2,197,0.8578680203045685,0.8578680203045685,4,D,1.0,1.0,1,D,2,169,175,0.9657142857142857
0826_D-8_crop_00.jpg,4,D,1,49,0.8979591836734694,0.8979591836734694,4,D,1.0,1.0,1,D,1,44,56,0.7857142857142857
0826_D-8_crop_00.jpg,4,D,2,81,0.9753086419753086,0.9753086419753086,4,D,1.0,1.0,1,D,2,79,106,0.7452830188679245
0826_D-8_crop_00.jpg,4,D,3,113,0.9557522123893806,0.9557522123893806,4,D,1.0,1.0,1,D,3,108,108,1.0
0826_D-8_crop_00.jpg,4,D,4,113,0.9380530973451328,0.9380530973451328,4,D,1.0,1.0,1,D,4,106,112,0.9464285714285714
0826_D-8_crop_00.jpg,4,D,5,113,0.7876106194690266,0.7876106194690266,4,D,1.0,1.0,1,D,5,89,95,0.9368421052631579
0826_D-8_crop_00.jpg,4,D,6,49,0.0,0.0,0,bg,0.0,0.0,0,,0,0,0,0.0
0826_D-91_crop_02.jpg,4,D,1,49,0.8979591836734694,0.8979591836734694,4,D,1.0,1.0,1,D,1,44,47,0.9361702127659575
0826_D-94_crop_00.jpg,4,D,1,49,0.8571428571428571,0.8571428571428571,4,D,1.0,1.0,1,D,1,42,45,0.9333333333333333
0826_D-94_crop_00.jpg,4,D,2,49,0.8163265306122449,0.8163265306122449,4,D,1.0,1.0,1,D,2,40,41,0.975609756097561
0826_D-94_crop_00.jpg,4,D,3,261,0.9310344827586207,0.9310344827586207,4,D,1.0,1.0,1,D,3,243,265,0.9169811320754717
0826_D-94_crop_00.jpg,4,D,4,149,0.87248322147651,0.87248322147651,4,D,1.0,1.0,1,D,4,130,132,0.9848484848484849
0826_D-94_crop_00.jpg,4,D,5,29,0.0,0.0,0,bg,0.0,0.0,0,,0,0,0,0.0
0826_D-94_crop_01.jpg,4,D,1,29,0.0,0.0,0,bg,0.0,0.0,0,,0,0,0,0.0
0826_D-94_crop_01.jpg,4,D,2,29,0.7586206896551724,0.7586206896551724,4,D,1.0,1.0,1,D,2,22,23,0.9565217391304348
0826_D-95_crop_00.jpg,4,D,1,113,0.9823008849557522,0.9823008849557522,4,D,1.0,1.0,1,D,1,111,167,0.6646706586826348
0826_D-95_crop_00.jpg,4,D,2,81,0.012345679012345678,0.012345679012345678,4,D,1.0,1.0,1,D,1,1,167,0.005988023952095809
0826_D-95_crop_00.jpg,4,D,3,197,1.0,1.0,4,D,1.0,1.0,1,D,2,197,224,0.8794642857142857
0826_D-95_crop_00.jpg,4,D,4,49,0.9795918367346939,0.9795918367346939,4,D,1.0,1.0,1,D,3,48,59,0.8135593220338984
2025_3011_D_AWM-103_crop_00.jpg,4,D,1,50,0.68,0.68,4,D,1.0,1.0,1,D,1,34,34,1.0
2025_3011_D_AWM-103_crop_00.jpg,4,D,2,34,0.6470588235294118,0.6470588235294118,4,D,1.0,1.0,1,D,2,22,22,1.0
2025_3011_D_AWM-103_crop_00.jpg,4,D,3,26,0.0,0.0,0,bg,0.0,0.0,0,,0,0,0,0.0
2025_3011_D_AWM-103_crop_00.jpg,4,D,4,19,0.05263157894736842,0.05263157894736842,4,D,1.0,1.0,1,D,3,1,1,1.0
2025_3011_D_AWM-103_crop_00.jpg,4,D,5,187,0.6951871657754011,0.6951871657754011,4,D,1.0,1.0,1,D,4,130,131,0.9923664122137404
2025_3011_D_AWM-103_crop_00.jpg,4,D,6,27,0.8148148148148148,0.8148148148148148,4,D,1.0,1.0,1,D,5,22,23,0.9565217391304348
2025_3011_D_AWM-103_crop_00.jpg,4,D,7,60,0.7666666666666667,0.7666666666666667,4,D,1.0,1.0,1,D,6,46,49,0.9387755102040817
2025_3011_D_AWM-103_crop_00.jpg,4,D,8,29,0.7241379310344828,0.7241379310344828,4,D,1.0,1.0,1,D,7,21,23,0.9130434782608695
2025_3011_D_AWM-103_crop_00.jpg,4,D,9,91,0.7252747252747253,0.7252747252747253,4,D,1.0,1.0,1,D,8,66,66,1.0
2025_3011_D_AWM-103_crop_00.jpg,4,D,10,46,0.0,0.0,0,bg,0.0,0.0,0,,0,0,0,0.0
2025_3011_D_AWM-103_crop_00.jpg,4,D,11,32,0.71875,0.71875,4,D,1.0,1.0,1,D,9,23,24,0.9583333333333334
2025_3011_D_AWM-103_crop_00.jpg,4,D,12,33,0.8484848484848485,0.8484848484848485,4,D,1.0,1.0,1,D,10,28,29,0.9655172413793104
2025_3011_D_AWM-10_crop_00.jpg,4,D,1,29,0.0,0.0,0,bg,0.0,0.0,0,,0,0,0,0.0
2025_3011_D_AWM-10_crop_00.jpg,4,D,2,29,0.0,0.0,0,bg,0.0,0.0,0,,0,0,0,0.0
2025_3011_D_AWM-10_crop_00.jpg,4,D,3,29,0.7241379310344828,0.7241379310344828,4,D,1.0,1.0,1,D,2,21,21,1.0
2025_3011_D_AWM-10_crop_00.jpg,4,D,4,29,0.4827586206896552,0.4827586206896552,4,D,1.0,1.0,1,D,3,14,14,1.0
2025_3011_D_AWM-10_crop_00.jpg,4,D,5,29,0.6551724137931034,0.6551724137931034,4,D,1.0,1.0,1,D,5,19,22,0.8636363636363636
2025_3011_D_AWM-10_crop_00.jpg,4,D,6,29,0.7931034482758621,0.7931034482758621,4,D,1.0,1.0,1,D,6,23,23,1.0
2025_3011_D_AWM-10_crop_00.jpg,4,D,7,13,1.0,1.0,4,D,1.0,1.0,1,D,7,13,25,0.52
2025_3011_D_AWM-116_crop_00.jpg,4,D,1,27,0.9259259259259259,0.9259259259259259,4,D,1.0,1.0,1,D,2,25,28,0.8928571428571429
2025_3011_D_AWM-116_crop_00.jpg,4,D,2,56,0.8035714285714286,0.8035714285714286,4,D,1.0,1.0,1,D,4,45,46,0.9782608695652174
2025_3011_D_AWM-116_crop_00.jpg,4,D,3,24,0.5,0.5,4,D,1.0,1.0,1,D,5,12,12,1.0
2025_3011_D_AWM-116_crop_00.jpg,4,D,4,57,0.8771929824561403,0.8771929824561403,4,D,1.0,1.0,1,D,6,50,51,0.9803921568627451
2025_3011_D_AWM-116_crop_00.jpg,4,D,5,58,0.6551724137931034,0.6551724137931034,4,D,1.0,1.0,1,D,7,38,38,1.0
2025_3011_D_AWM-116_crop_00.jpg,4,D,6,57,0.9122807017543859,0.9122807017543859,4,D,1.0,1.0,1,D,8,52,54,0.9629629629629629
2025_3011_D_AWM-119_crop_00.jpg,4,D,1,40,0.675,0.675,4,D,1.0,1.0,1,D,1,27,27,1.0
2025_3011_D_AWM-119_crop_00.jpg,4,D,2,52,0.0,0.0,0,bg,0.0,0.0,0,,0,0,0,0.0
2025_3011_D_AWM-119_crop_00.jpg,4,D,3,33,0.7272727272727273,0.7272727272727273,4,D,1.0,1.0,1,D,2,24,25,0.96
2025_3011_D_AWM-119_crop_00.jpg,4,D,4,47,0.8297872340425532,0.8297872340425532,4,D,1.0,1.0,1,D,3,39,42,0.9285714285714286
2025_3011_D_AWM-119_crop_00.jpg,4,D,5,37,0.9459459459459459,0.9459459459459459,4,D,1.0,1.0,1,D,4,35,35,1.0
2025_3011_D_AWM-119_crop_00.jpg,4,D,6,17,0.8823529411764706,0.8823529411764706,4,D,1.0,1.0,1,D,5,15,21,0.7142857142857143
2025_3011_D_AWM-119_crop_00.jpg,4,D,7,66,0.8787878787878788,0.8787878787878788,4,D,1.0,1.0,1,D,6,58,59,0.9830508474576272
2025_3011_D_AWM-11_crop_00.jpg,4,D,1,29,1.0,1.0,4,D,1.0,1.0,1,D,1,29,42,0.6904761904761905
2025_3011_D_AWM-11_crop_00.jpg,4,D,2,13,0.0,0.0,0,bg,0.0,0.0,0,,0,0,0,0.0
2025_3011_D_AWM-11_crop_00.jpg,4,D,3,29,0.7931034482758621,0.7931034482758621,4,D,1.0,1.0,1,D,2,23,23,1.0
2025_3011_D_AWM-11_crop_00.jpg,4,D,4,13,0.9230769230769231,0.9230769230769231,4,D,1.0,1.0,1,D,3,12,17,0.7058823529411765
2025_3011_D_AWM-11_crop_00.jpg,4,D,5,49,0.6530612244897959,0.6530612244897959,4,D,1.0,1.0,1,D,6,32,32,1.0
2025_3011_D_AWM-120_crop_00.jpg,4,D,1,37,0.8108108108108109,0.8108108108108109,4,D,1.0,1.0,1,D,1,30,32,0.9375
2025_3011_D_AWM-120_crop_00.jpg,4,D,2,31,0.8709677419354839,0.8709677419354839,4,D,1.0,1.0,1,D,2,27,37,0.7297297297297297
2025_3011_D_AWM-120_crop_00.jpg,4,D,3,125,0.736,0.736,4,D,1.0,1.0,1,D,3,92,92,1.0
2025_3011_D_AWM-120_crop_00.jpg,4,D,4,21,0.7619047619047619,0.7619047619047619,4,D,1.0,1.0,1,D,4,16,19,0.8421052631578947
2025_3011_D_AWM-120_crop_00.jpg,4,D,5,49,0.7142857142857143,0.7142857142857143,4,D,1.0,1.0,1,D,5,35,35,1.0
2025_3011_D_AWM-120_crop_00.jpg,4,D,6,25,0.84,0.84,4,D,1.0,1.0,1,D,6,21,23,0.9130434782608695
2025_3011_D_AWM-120_crop_00.jpg,4,D,7,14,0.7142857142857143,0.7142857142857143,4,D,1.0,1.0,1,D,7,10,14,0.7142857142857143
2025_3011_D_AWM-120_crop_00.jpg,4,D,8,26,0.8076923076923077,0.8076923076923077,4,D,1.0,1.0,1,D,8,21,26,0.8076923076923077
2025_3011_D_AWM-12_crop_00.jpg,4,D,1,113,0.8407079646017699,0.8407079646017699,4,D,1.0,1.0,1,D,1,95,105,0.9047619047619048
2025_3011_D_AWM-12_crop_00.jpg,4,D,2,49,0.0,0.0,0,bg,0.0,0.0,0,,0,0,0,0.0
2025_3011_D_AWM-12_crop_00.jpg,4,D,3,29,0.4827586206896552,0.4827586206896552,4,D,1.0,1.0,1,D,2,14,14,1.0
2025_3011_D_AWM-12_crop_00.jpg,4,D,4,49,0.0,0.0,0,bg,0.0,0.0,0,,0,0,0,0.0
2025_3011_D_AWM-12_crop_00.jpg,4,D,5,49,0.9591836734693877,0.9591836734693877,4,D,1.0,1.0,1,D,3,47,54,0.8703703703703703
2025_3011_D_AWM-12_crop_00.jpg,4,D,6,29,0.7241379310344828,0.7241379310344828,4,D,1.0,1.0,1,D,4,21,62,0.3387096774193548
2025_3011_D_AWM-12_crop_00.jpg,4,D,7,29,0.2413793103448276,0.2413793103448276,4,D,1.0,1.0,1,D,4,7,62,0.11290322580645161
2025_3011_D_AWM-12_crop_00.jpg,4,D,8,99,0.0,0.0,0,bg,0.0,0.0,0,,0,0,0,0.0
2025_3011_D_AWM-12_crop_00.jpg,4,D,9,29,0.5862068965517241,0.5862068965517241,4,D,1.0,1.0,1,D,5,17,21,0.8095238095238095
2025_3011_D_AWM-12_crop_00.jpg,4,D,10,29,0.9655172413793104,0.9655172413793104,4,D,1.0,1.0,1,D,6,28,31,0.9032258064516129
2025_3011_D_AWM-134_crop_00.jpg,4,D,1,37,0.7837837837837838,0.7837837837837838,4,D,1.0,1.0,1,D,1,29,30,0.9666666666666667
2025_3011_D_AWM-134_crop_00.jpg,4,D,2,18,0.6111111111111112,0.6111111111111112,4,D,1.0,1.0,1,D,3,11,12,0.9166666666666666
2025_3011_D_AWM-134_crop_00.jpg,4,D,3,63,0.7936507936507936,0.7936507936507936,4,D,1.0,1.0,1,D,5,50,51,0.9803921568627451
2025_3011_D_AWM-134_crop_00.jpg,4,D,4,52,0.6730769230769231,0.6730769230769231,4,D,1.0,1.0,1,D,6,35,96,0.3645833333333333
2025_3011_D_AWM-136_crop_00.jpg,4,D,1,30,0.5666666666666667,0.5666666666666667,4,D,1.0,1.0,1,D,1,17,21,0.8095238095238095
2025_3011_D_AWM-136_crop_00.jpg,4,D,2,38,0.9210526315789473,0.9210526315789473,4,D,1.0,1.0,1,D,3,35,49,0.7142857142857143
2025_3011_D_AWM-140_crop_00.jpg,4,D,1,42,0.9285714285714286,0.9285714285714286,4,D,1.0,1.0,1,D,1,39,46,0.8478260869565217
2025_3011_D_AWM-140_crop_00.jpg,4,D,2,49,0.9387755102040817,0.9387755102040817,4,D,1.0,1.0,1,D,2,46,58,0.7931034482758621
2025_3011_D_AWM-175_crop_00.jpg,4,D,1,85,0.788235294117647,0.788235294117647,4,D,1.0,1.0,1,D,2,67,67,1.0
2025_3011_D_AWM-1_crop_00.jpg,4,D,1,29,0.7241379310344828,0.7241379310344828,4,D,1.0,1.0,1,D,1,21,27,0.7777777777777778
2025_3011_D_AWM-1_crop_00.jpg,4,D,2,13,0.0,0.0,0,bg,0.0,0.0,0,,0,0,0,0.0
2025_3011_D_AWM-1_crop_00.jpg,4,D,3,29,0.896551724137931,0.896551724137931,4,D,1.0,1.0,1,D,2,26,30,0.8666666666666667
2025_3011_D_AWM-1_crop_00.jpg,4,D,4,29,0.6896551724137931,0.6896551724137931,4,D,1.0,1.0,1,D,3,20,20,1.0
2025_3011_D_AWM-22_crop_00.jpg,4,D,1,29,0.8620689655172413,0.8620689655172413,4,D,1.0,1.0,1,D,1,25,28,0.8928571428571429
2025_3011_D_AWM-22_crop_00.jpg,4,D,2,29,0.8620689655172413,0.8620689655172413,4,D,1.0,1.0,1,D,2,25,32,0.78125
2025_3011_D_AWM-22_crop_00.jpg,4,D,3,49,0.8571428571428571,0.8571428571428571,4,D,1.0,1.0,1,D,3,42,42,1.0
2025_3011_D_AWM-22_crop_00.jpg,4,D,4,29,0.7586206896551724,0.7586206896551724,4,D,1.0,1.0,1,D,4,22,27,0.8148148148148148
2025_3011_D_AWM-22_crop_00.jpg,4,D,5,81,0.7283950617283951,0.7283950617283951,4,D,1.0,1.0,1,D,5,59,59,1.0
2025_3011_D_AWM-22_crop_00.jpg,4,D,6,49,0.7346938775510204,0.7346938775510204,4,D,1.0,1.0,1,D,6,36,42,0.8571428571428571
2025_3011_D_AWM-22_crop_00.jpg,4,D,7,81,0.8024691358024691,0.8024691358024691,4,D,1.0,1.0,1,D,7,65,69,0.9420289855072463
2025_3011_D_AWM-22_crop_00.jpg,4,D,8,49,1.0,1.0,4,D,1.0,1.0,1,D,8,49,60,0.8166666666666667
2025_3011_D_AWM-25_crop_00.jpg,2,B,1,129,0.0,0.0,0,bg,0.0,0.0,0,,0,0,0,0.0
2025_3011_D_AWM-25_crop_00.jpg,4,D,1,29,0.896551724137931,0.896551724137931,4,D,1.0,1.0,1,D,1,26,31,0.8387096774193549
2025_3011_D_AWM-25_crop_00.jpg,4,D,2,13,0.5384615384615384,0.5384615384615384,4,D,1.0,1.0,1,D,2,7,13,0.5384615384615384
2025_3011_D_AWM-25_crop_00.jpg,4,D,3,49,0.8775510204081632,0.8775510204081632,4,D,1.0,1.0,1,D,3,43,44,0.9772727272727273
2025_3011_D_AWM-25_crop_00.jpg,4,D,4,113,0.911504424778761,0.911504424778761,4,D,1.0,1.0,1,D,4,103,118,0.8728813559322034
2025_3011_D_AWM-25_crop_00.jpg,4,D,5,13,1.0,1.0,4,D,1.0,1.0,1,D,5,13,23,0.5652173913043478
2025_3011_D_AWM-28_crop_00.jpg,4,D,1,13,0.3076923076923077,0.3076923076923077,4,D,1.0,1.0,1,D,1,4,4,1.0
2025_3011_D_AWM-28_crop_00.jpg,4,D,2,29,0.896551724137931,0.896551724137931,4,D,1.0,1.0,1,D,2,26,28,0.9285714285714286
2025_3011_D_AWM-28_crop_00.jpg,4,D,3,29,0.7586206896551724,0.7586206896551724,4,D,1.0,1.0,1,D,3,22,26,0.8461538461538461
2025_3011_D_AWM-28_crop_00.jpg,4,D,4,13,0.0,0.0,0,bg,0.0,0.0,0,,0,0,0,0.0
2025_3011_D_AWM-28_crop_00.jpg,4,D,5,13,0.6153846153846154,0.6153846153846154,4,D,1.0,1.0,1,D,4,8,8,1.0
2025_3011_D_AWM-28_crop_00.jpg,4,D,6,13,0.7692307692307693,0.7692307692307693,4,D,1.0,1.0,1,D,5,10,12,0.8333333333333334
2025_3011_D_AWM-28_crop_00.jpg,4,D,7,29,0.7586206896551724,0.7586206896551724,4,D,1.0,1.0,1,D,6,22,25,0.88
2025_3011_D_AWM-28_crop_00.jpg,4,D,8,29,0.896551724137931,0.896551724137931,4,D,1.0,1.0,1,D,7,26,30,0.8666666666666667
2025_3011_D_AWM-28_crop_00.jpg,4,D,9,29,0.896551724137931,0.896551724137931,4,D,1.0,1.0,1,D,8,26,30,0.8666666666666667
2025_3011_D_AWM-2_crop_00.jpg,4,D,1,13,0.0,0.0,0,bg,0.0,0.0,0,,0,0,0,0.0
2025_3011_D_AWM-2_crop_00.jpg,4,D,2,13,0.0,0.0,0,bg,0.0,0.0,0,,0,0,0,0.0
2025_3011_D_AWM-2_crop_00.jpg,4,D,3,13,0.6923076923076923,0.6923076923076923,4,D,1.0,1.0,1,D,1,9,10,0.9
2025_3011_D_AWM-2_crop_00.jpg,4,D,4,13,0.15384615384615385,0.15384615384615385,4,D,1.0,1.0,1,D,2,2,5,0.4
2025_3011_D_AWM-2_crop_00.jpg,4,D,5,13,1.0,1.0,4,D,1.0,1.0,1,D,3,13,27,0.48148148148148145
2025_3011_D_AWM-2_crop_00.jpg,4,D,6,13,0.9230769230769231,0.9230769230769231,4,D,1.0,1.0,1,D,4,12,14,0.8571428571428571
2025_3011_D_AWM-2_crop_00.jpg,4,D,7,29,1.0,1.0,4,D,1.0,1.0,1,D,5,29,38,0.7631578947368421
2025_3011_D_AWM-2_crop_00.jpg,4,D,8,29,0.0,0.0,0,bg,0.0,0.0,0,,0,0,0,0.0
2025_3011_D_AWM-2_crop_00.jpg,4,D,9,29,0.896551724137931,0.896551724137931,4,D,1.0,1.0,1,D,6,26,37,0.7027027027027027
2025_3011_D_AWM-2_crop_00.jpg,4,D,10,29,0.9655172413793104,0.9655172413793104,4,D,1.0,1.0,1,D,7,28,34,0.8235294117647058
2025_3011_D_AWM-2_crop_00.jpg,4,D,11,29,0.6551724137931034,0.6551724137931034,4,D,1.0,1.0,1,D,8,19,24,0.7916666666666666
2025_3011_D_AWM-35_crop_00.jpg,2,B,1,149,0.0,0.0,0,bg,0.0,0.0,0,,0,0,0,0.0
2025_3011_D_AWM-35_crop_00.jpg,4,D,1,29,0.7241379310344828,0.7241379310344828,4,D,1.0,1.0,1,D,1,21,25,0.84
2025_3011_D_AWM-35_crop_00.jpg,4,D,2,29,0.41379310344827586,0.41379310344827586,4,D,1.0,1.0,1,D,2,12,12,1.0
2025_3011_D_AWM-35_crop_00.jpg,4,D,3,49,0.8571428571428571,0.8571428571428571,4,D,1.0,1.0,1,D,3,42,43,0.9767441860465116
2025_3011_D_AWM-35_crop_00.jpg,4,D,4,81,0.8641975308641975,0.8641975308641975,4,D,1.0,1.0,1,D,4,70,74,0.9459459459459459
2025_3011_D_AWM-35_crop_00.jpg,4,D,5,29,0.5517241379310345,0.5517241379310345,4,D,1.0,1.0,1,D,5,16,73,0.2191780821917808
2025_3011_D_AWM-35_crop_00.jpg,4,D,6,13,0.23076923076923078,0.23076923076923078,4,D,1.0,1.0,1,D,6,3,3,1.0
2025_3011_D_AWM-35_crop_00.jpg,4,D,7,49,0.5306122448979592,0.5306122448979592,4,D,1.0,1.0,1,D,5,26,73,0.3561643835616438
2025_3011_D_AWM-36_crop_00.jpg,4,D,1,47,0.851063829787234,0.851063829787234,4,D,1.0,1.0,1,D,1,40,50,0.8
2025_3011_D_AWM-36_crop_00.jpg,4,D,2,13,0.9230769230769231,0.9230769230769231,4,D,1.0,1.0,1,D,2,12,23,0.5217391304347826
2025_3011_D_AWM-36_crop_00.jpg,4,D,3,13,0.0,0.0,0,bg,0.0,0.0,0,,0,0,0,0.0
2025_3011_D_AWM-36_crop_00.jpg,4,D,4,29,1.0,1.0,4,D,1.0,1.0,1,D,3,29,42,0.6904761904761905
2025_3011_D_AWM-3_crop_00.jpg,4,D,1,49,0.4489795918367347,0.4489795918367347,4,D,1.0,1.0,1,D,1,22,23,0.9565217391304348
2025_3011_D_AWM-3_crop_00.jpg,4,D,2,29,0.0,0.0,0,bg,0.0,0.0,0,,0,0,0,0.0
2025_3011_D_AWM-3_crop_00.jpg,4,D,3,49,0.5918367346938775,0.5918367346938775,4,D,1.0,1.0,1,D,2,29,34,0.8529411764705882
2025_3011_D_AWM-3_crop_00.jpg,4,D,4,29,0.7931034482758621,0.7931034482758621,4,D,1.0,1.0,1,D,3,23,24,0.9583333333333334
2025_3011_D_AWM-3_crop_00.jpg,4,D,5,13,0.3076923076923077,0.3076923076923077,4,D,1.0,1.0,1,D,4,4,4,1.0
2025_3011_D_AWM-42_crop_00.jpg,2,B,1,214,0.411214953271028,0.0,3,C,1.0,0.0,1,C,3,88,89,0.9887640449438202
2025_3011_D_AWM-42_crop_00.jpg,2,B,2,215,0.6697674418604651,0.6697674418604651,2,B,1.0,1.0,1,B,6,144,210,0.6857142857142857
2025_3011_D_AWM-42_crop_00.jpg,4,D,1,42,0.8571428571428571,0.8571428571428571,4,D,1.0,1.0,1,D,1,36,39,0.9230769230769231
2025_3011_D_AWM-42_crop_00.jpg,4,D,2,29,0.9655172413793104,0.9655172413793104,4,D,1.0,1.0,1,D,4,28,34,0.8235294117647058
2025_3011_D_AWM-42_crop_00.jpg,4,D,3,13,0.8461538461538461,0.8461538461538461,4,D,1.0,1.0,1,D,5,11,21,0.5238095238095238
2025_3011_D_AWM-42_crop_00.jpg,4,D,4,51,0.5686274509803921,0.5686274509803921,4,D,1.0,1.0,1,D,7,29,29,1.0
2025_3011_D_AWM-42_crop_00.jpg,4,D,5,29,0.7241379310344828,0.5172413793103449,4,D,0.7142857142857143,0.7142857142857143,2,B|D,8,21,33,0.6363636363636364
2025_3011_D_AWM-42_crop_00.jpg,4,D,6,13,0.23076923076923078,0.0,2,B,1.0,0.0,1,B,9,3,18,0.16666666666666666
2025_3011_D_AWM-42_crop_00.jpg,4,D,7,45,0.8888888888888888,0.8888888888888888,4,D,1.0,1.0,1,D,10,40,52,0.7692307692307693
2025_3011_D_AWM-42_crop_00.jpg,4,D,8,13,0.7692307692307693,0.7692307692307693,4,D,1.0,1.0,1,D,11,10,19,0.5263157894736842
2025_3011_D_AWM-42_crop_00.jpg,4,D,9,29,0.41379310344827586,0.41379310344827586,4,D,1.0,1.0,1,D,12,12,12,1.0
2025_3011_D_AWM-49_crop_00.jpg,2,B,1,113,0.3274336283185841,0.3274336283185841,2,B,1.0,1.0,1,B,5,35,43,0.813953488372093
2025_3011_D_AWM-49_crop_00.jpg,4,D,1,29,0.8275862068965517,0.8275862068965517,4,D,1.0,1.0,1,D,1,24,27,0.8888888888888888
2025_3011_D_AWM-49_crop_00.jpg,4,D,2,13,1.0,1.0,4,D,1.0,1.0,1,D,2,13,30,0.43333333333333335
2025_3011_D_AWM-49_crop_00.jpg,4,D,3,29,0.7586206896551724,0.7586206896551724,4,D,1.0,1.0,1,D,3,22,22,1.0
2025_3011_D_AWM-49_crop_00.jpg,4,D,4,13,0.0,0.0,0,bg,0.0,0.0,0,,0,0,0,0.0
2025_3011_D_AWM-49_crop_00.jpg,4,D,5,29,0.9310344827586207,0.9310344827586207,4,D,1.0,1.0,1,D,4,27,39,0.6923076923076923
2025_3011_D_AWM-4_crop_00.jpg,4,D,1,29,0.6551724137931034,0.6551724137931034,4,D,1.0,1.0,1,D,1,19,21,0.9047619047619048
2025_3011_D_AWM-4_crop_00.jpg,4,D,2,29,0.5862068965517241,0.5862068965517241,4,D,1.0,1.0,1,D,2,17,19,0.8947368421052632
2025_3011_D_AWM-4_crop_00.jpg,4,D,3,29,0.8620689655172413,0.8620689655172413,4,D,1.0,1.0,1,D,3,25,27,0.9259259259259259
2025_3011_D_AWM-4_crop_00.jpg,4,D,4,49,0.7959183673469388,0.7959183673469388,4,D,1.0,1.0,1,D,4,39,44,0.8863636363636364
2025_3011_D_AWM-4_crop_00.jpg,4,D,5,29,0.896551724137931,0.896551724137931,4,D,1.0,1.0,1,D,5,26,34,0.7647058823529411
2025_3011_D_AWM-54_crop_00.jpg,4,D,1,29,0.8275862068965517,0.8275862068965517,4,D,1.0,1.0,1,D,1,24,26,0.9230769230769231
2025_3011_D_AWM-54_crop_00.jpg,4,D,2,29,0.7931034482758621,0.7931034482758621,4,D,1.0,1.0,1,D,2,23,25,0.92
2025_3011_D_AWM-54_crop_00.jpg,4,D,3,29,0.8275862068965517,0.8275862068965517,4,D,1.0,1.0,1,D,3,24,33,0.7272727272727273
2025_3011_D_AWM-54_crop_00.jpg,4,D,4,29,0.0,0.0,0,bg,0.0,0.0,0,,0,0,0,0.0
2025_3011_D_AWM-54_crop_00.jpg,4,D,5,29,0.8620689655172413,0.8620689655172413,4,D,1.0,1.0,1,D,4,25,25,1.0
2025_3011_D_AWM-54_crop_00.jpg,4,D,6,29,0.9655172413793104,0.9655172413793104,4,D,1.0,1.0,1,D,5,28,32,0.875
2025_3011_D_AWM-62_crop_00.jpg,4,D,1,29,0.6551724137931034,0.6551724137931034,4,D,1.0,1.0,1,D,1,19,21,0.9047619047619048
2025_3011_D_AWM-62_crop_00.jpg,4,D,2,13,0.46153846153846156,0.46153846153846156,4,D,1.0,1.0,1,D,2,6,29,0.20689655172413793
2025_3011_D_AWM-62_crop_00.jpg,4,D,3,13,0.5384615384615384,0.5384615384615384,4,D,1.0,1.0,1,D,2,7,29,0.2413793103448276
2025_3011_D_AWM-62_crop_00.jpg,4,D,4,13,0.23076923076923078,0.23076923076923078,4,D,1.0,1.0,1,D,3,3,5,0.6
2025_3011_D_AWM-62_crop_00.jpg,4,D,5,29,0.7586206896551724,0.7586206896551724,4,D,1.0,1.0,1,D,4,22,23,0.9565217391304348
2025_3011_D_AWM-62_crop_00.jpg,4,D,6,29,0.8275862068965517,0.8275862068965517,4,D,1.0,1.0,1,D,6,24,27,0.8888888888888888
2025_3011_D_AWM-62_crop_00.jpg,4,D,7,29,0.8275862068965517,0.8275862068965517,4,D,1.0,1.0,1,D,7,24,26,0.9230769230769231
2025_3011_D_AWM-62_crop_00.jpg,4,D,8,49,0.8571428571428571,0.8571428571428571,4,D,1.0,1.0,1,D,8,42,53,0.7924528301886793
2025_3011_D_AWM-63_crop_00.jpg,3,C,1,145,0.23448275862068965,0.23448275862068965,3,C,1.0,1.0,1,C,7,34,39,0.8717948717948718
2025_3011_D_AWM-63_crop_00.jpg,4,D,1,49,0.7142857142857143,0.7142857142857143,4,D,1.0,1.0,1,D,1,35,35,1.0
2025_3011_D_AWM-63_crop_00.jpg,4,D,2,49,0.7551020408163265,0.7551020408163265,4,D,1.0,1.0,1,D,5,37,43,0.8604651162790697
2025_3011_D_AWM-63_crop_00.jpg,4,D,3,49,0.6326530612244898,0.6326530612244898,4,D,1.0,1.0,1,D,6,31,31,1.0
2025_3011_D_AWM-63_crop_00.jpg,4,D,4,49,0.9795918367346939,0.9795918367346939,4,D,1.0,1.0,1,D,8,48,56,0.8571428571428571
2025_3011_D_AWM-63_crop_00.jpg,4,D,5,29,0.3103448275862069,0.3103448275862069,4,D,1.0,1.0,1,D,9,9,9,1.0
2025_3011_D_AWM-69_crop_00.jpg,4,D,1,13,0.6153846153846154,0.6153846153846154,4,D,1.0,1.0,1,D,1,8,15,0.5333333333333333
2025_3011_D_AWM-69_crop_00.jpg,4,D,2,13,0.8461538461538461,0.8461538461538461,4,D,1.0,1.0,1,D,2,11,22,0.5
2025_3011_D_AWM-69_crop_00.jpg,4,D,3,13,0.8461538461538461,0.8461538461538461,4,D,1.0,1.0,1,D,3,11,14,0.7857142857142857
2025_3011_D_AWM-69_crop_00.jpg,4,D,4,49,0.8775510204081632,0.8775510204081632,4,D,1.0,1.0,1,D,4,43,47,0.9148936170212766
2025_3011_D_AWM-72_crop_00.jpg,4,D,1,29,0.3103448275862069,0.3103448275862069,4,D,1.0,1.0,1,D,1,9,9,1.0
2025_3011_D_AWM-72_crop_00.jpg,4,D,2,81,0.9506172839506173,0.9506172839506173,4,D,1.0,1.0,1,D,3,77,88,0.875
2025_3011_D_AWM-9_crop_00.jpg,3,C,1,180,0.5722222222222222,0.5722222222222222,3,C,1.0,1.0,1,C,4,103,103,1.0
2025_3011_D_AWM-9_crop_00.jpg,3,C,2,70,0.0,0.0,0,bg,0.0,0.0,0,,0,0,0,0.0
2025_3011_D_AWM-9_crop_00.jpg,4,D,1,29,0.896551724137931,0.896551724137931,4,D,1.0,1.0,1,D,1,26,29,0.896551724137931
2025_3011_D_AWM-9_crop_00.jpg,4,D,2,29,0.3448275862068966,0.3448275862068966,4,D,1.0,1.0,1,D,2,10,10,1.0
2025_3011_D_AWM-9_crop_00.jpg,4,D,3,29,0.7241379310344828,0.7241379310344828,4,D,1.0,1.0,1,D,3,21,23,0.9130434782608695
2025_3011_D_AWM-9_crop_00.jpg,4,D,4,47,0.0,0.0,0,bg,0.0,0.0,0,,0,0,0,0.0
2025_3011_D_AWM-9_crop_00.jpg,4,D,5,13,0.0,0.0,0,bg,0.0,0.0,0,,0,0,0,0.0
2025_3011_D_AWM-9_crop_00.jpg,4,D,6,29,0.0,0.0,0,bg,0.0,0.0,0,,0,0,0,0.0
2025_3011_D_AWM-9_crop_00.jpg,4,D,7,29,0.0,0.0,0,bg,0.0,0.0,0,,0,0,0,0.0
2025_3011_D_AWM-9_crop_00.jpg,4,D,8,49,0.6530612244897959,0.6530612244897959,4,D,1.0,1.0,1,D,5,32,43,0.7441860465116279
2025_3011_D_AWM-9_crop_00.jpg,4,D,9,29,0.0,0.0,0,bg,0.0,0.0,0,,0,0,0,0.0
2025_3011_D_AWM-9_crop_00.jpg,4,D,10,13,0.07692307692307693,0.07692307692307693,4,D,1.0,1.0,1,D,8,1,1,1.0
2025_3011_D_SHW-1_crop_00.jpg,4,D,1,49,0.7142857142857143,0.7142857142857143,4,D,1.0,1.0,1,D,1,35,37,0.9459459459459459
2025_3011_D_SHW-1_crop_00.jpg,4,D,2,29,1.0,1.0,4,D,1.0,1.0,1,D,2,29,37,0.7837837837837838
2025_3011_D_SHW-1_crop_00.jpg,4,D,3,29,0.896551724137931,0.896551724137931,4,D,1.0,1.0,1,D,3,26,29,0.896551724137931
2025_3011_D_SHW-1_crop_00.jpg,4,D,4,49,0.9795918367346939,0.9795918367346939,4,D,1.0,1.0,1,D,5,48,53,0.9056603773584906
2025_3011_D_SHW-5_crop_00.jpg,4,D,1,81,0.8148148148148148,0.8148148148148148,4,D,1.0,1.0,1,D,1,66,66,1.0
2025_3011_D_SHW-5_crop_00.jpg,4,D,2,29,0.8620689655172413,0.8620689655172413,4,D,1.0,1.0,1,D,2,25,32,0.78125
2025_3011_D_TS-102_crop_00.jpg,4,D,1,13,0.8461538461538461,0.8461538461538461,4,D,1.0,1.0,1,D,2,11,13,0.8461538461538461
2025_3011_D_TS-102_crop_00.jpg,4,D,2,13,1.0,1.0,4,D,1.0,1.0,1,D,3,13,28,0.4642857142857143
2025_3011_D_TS-102_crop_00.jpg,4,D,3,13,0.5384615384615384,0.5384615384615384,4,D,1.0,1.0,1,D,5,7,13,0.5384615384615384
2025_3011_D_TS-104_crop_00.jpg,4,D,1,13,0.6923076923076923,0.6923076923076923,4,D,1.0,1.0,1,D,1,9,10,0.9
2025_3011_D_TS-104_crop_00.jpg,4,D,2,13,0.7692307692307693,0.7692307692307693,4,D,1.0,1.0,1,D,2,10,12,0.8333333333333334
2025_3011_D_TS-104_crop_00.jpg,4,D,3,13,1.0,1.0,4,D,1.0,1.0,1,D,3,13,26,0.5
2025_3011_D_TS-104_crop_00.jpg,4,D,4,29,0.0,0.0,0,bg,0.0,0.0,0,,0,0,0,0.0
2025_3011_D_TS-105_crop_00.jpg,4,D,1,13,0.46153846153846156,0.46153846153846156,4,D,1.0,1.0,1,D,1,6,6,1.0
2025_3011_D_TS-105_crop_00.jpg,4,D,2,19,0.0,0.0,0,bg,0.0,0.0,0,,0,0,0,0.0
2025_3011_D_TS-105_crop_00.jpg,4,D,3,13,0.6923076923076923,0.6923076923076923,4,D,1.0,1.0,1,D,2,9,12,0.75
2025_3011_D_TS-105_crop_00.jpg,4,D,4,13,0.7692307692307693,0.7692307692307693,4,D,1.0,1.0,1,D,3,10,14,0.7142857142857143
2025_3011_D_TS-105_crop_00.jpg,4,D,5,13,0.7692307692307693,0.7692307692307693,4,D,1.0,1.0,1,D,4,10,12,0.8333333333333334
2025_3011_D_TS-105_crop_00.jpg,4,D,6,13,0.7692307692307693,0.7692307692307693,4,D,1.0,1.0,1,D,5,10,10,1.0
2025_3011_D_TS-105_crop_00.jpg,4,D,7,13,1.0,1.0,4,D,1.0,1.0,1,D,6,13,25,0.52
2025_3011_D_TS-118_crop_00.jpg,4,D,1,13,0.9230769230769231,0.9230769230769231,4,D,1.0,1.0,1,D,1,12,18,0.6666666666666666
2025_3011_D_TS-118_crop_00.jpg,4,D,2,13,0.0,0.0,0,bg,0.0,0.0,0,,0,0,0,0.0
2025_3011_D_TS-118_crop_00.jpg,4,D,3,13,0.9230769230769231,0.9230769230769231,4,D,1.0,1.0,1,D,2,12,17,0.7058823529411765
2025_3011_D_TS-118_crop_00.jpg,4,D,4,13,0.8461538461538461,0.8461538461538461,4,D,1.0,1.0,1,D,3,11,14,0.7857142857142857
2025_3011_D_TS-118_crop_00.jpg,4,D,5,13,0.8461538461538461,0.8461538461538461,4,D,1.0,1.0,1,D,4,11,22,0.5
2025_3011_D_TS-131_crop_00.jpg,4,D,1,13,1.0,1.0,4,D,1.0,1.0,1,D,1,13,20,0.65
2025_3011_D_TS-131_crop_00.jpg,4,D,2,5,0.0,0.0,0,bg,0.0,0.0,0,,0,0,0,0.0
2025_3011_D_TS-131_crop_00.jpg,4,D,3,29,0.0,0.0,0,bg,0.0,0.0,0,,0,0,0,0.0
2025_3011_D_TS-136_crop_00.jpg,4,D,1,13,0.9230769230769231,0.9230769230769231,4,D,1.0,1.0,1,D,2,12,21,0.5714285714285714
2025_3011_D_TS-136_crop_00.jpg,4,D,2,13,1.0,1.0,4,D,1.0,1.0,1,D,3,13,19,0.6842105263157895
2025_3011_D_TS-136_crop_00.jpg,4,D,3,5,0.8,0.8,4,D,1.0,1.0,1,D,4,4,6,0.6666666666666666
2025_3011_D_TS-136_crop_00.jpg,4,D,4,29,0.896551724137931,0.896551724137931,4,D,1.0,1.0,1,D,5,26,37,0.7027027027027027
2025_3011_D_TS-136_crop_00.jpg,4,D,5,29,0.8275862068965517,0.8275862068965517,4,D,1.0,1.0,1,D,6,24,29,0.8275862068965517
2025_3011_D_TS-138_crop_00.jpg,4,D,1,13,1.0,1.0,4,D,1.0,1.0,1,D,1,13,17,0.7647058823529411
2025_3011_D_TS-138_crop_00.jpg,4,D,2,13,0.6153846153846154,0.6153846153846154,4,D,1.0,1.0,1,D,2,8,15,0.5333333333333333
2025_3011_D_TS-138_crop_00.jpg,4,D,3,29,0.0,0.0,0,bg,0.0,0.0,0,,0,0,0,0.0
2025_3011_D_TS-138_crop_00.jpg,4,D,4,13,0.7692307692307693,0.7692307692307693,4,D,1.0,1.0,1,D,3,10,20,0.5
2025_3011_D_TS-138_crop_00.jpg,4,D,5,13,0.7692307692307693,0.7692307692307693,4,D,1.0,1.0,1,D,4,10,13,0.7692307692307693
2025_3011_D_TS-138_crop_00.jpg,4,D,6,13,0.9230769230769231,0.9230769230769231,4,D,1.0,1.0,1,D,5,12,16,0.75
2025_3011_D_TS-147_crop_00.jpg,4,D,1,13,0.5384615384615384,0.5384615384615384,4,D,1.0,1.0,1,D,2,7,7,1.0
2025_3011_D_TS-147_crop_00.jpg,4,D,2,29,0.8275862068965517,0.8275862068965517,4,D,1.0,1.0,1,D,3,24,26,0.9230769230769231
2025_3011_D_TS-15_crop_00.jpg,4,D,1,29,0.9310344827586207,0.9310344827586207,4,D,1.0,1.0,1,D,2,27,31,0.8709677419354839
2025_3011_D_TS-15_crop_00.jpg,4,D,2,29,0.7931034482758621,0.7931034482758621,4,D,1.0,1.0,1,D,3,23,23,1.0
2025_3011_D_TS-15_crop_00.jpg,4,D,3,29,0.896551724137931,0.896551724137931,4,D,1.0,1.0,1,D,4,26,28,0.9285714285714286
2025_3011_D_TS-15_crop_00.jpg,4,D,4,29,0.4827586206896552,0.4827586206896552,4,D,1.0,1.0,1,D,6,14,14,1.0
2025_3011_D_TS-15_crop_00.jpg,4,D,5,13,0.8461538461538461,0.8461538461538461,4,D,1.0,1.0,1,D,7,11,12,0.9166666666666666
2025_3011_D_TS-15_crop_00.jpg,4,D,6,29,0.8275862068965517,0.8275862068965517,4,D,1.0,1.0,1,D,8,24,32,0.75
2025_3011_D_TS-16_crop_00.jpg,4,D,1,13,1.0,1.0,4,D,1.0,1.0,1,D,1,13,25,0.52
2025_3011_D_TS-16_crop_00.jpg,4,D,2,29,0.5862068965517241,0.5862068965517241,4,D,1.0,1.0,1,D,4,17,18,0.9444444444444444
2025_3011_D_TS-16_crop_00.jpg,4,D,3,29,0.5862068965517241,0.5862068965517241,4,D,1.0,1.0,1,D,5,17,18,0.9444444444444444
2025_3011_D_TS-182_crop_00.jpg,4,D,1,13,0.7692307692307693,0.7692307692307693,4,D,1.0,1.0,1,D,1,10,12,0.8333333333333334
2025_3011_D_TS-187_crop_00.jpg,4,D,1,29,0.896551724137931,0.896551724137931,4,D,1.0,1.0,1,D,1,26,32,0.8125
2025_3011_D_TS-187_crop_00.jpg,4,D,2,13,0.8461538461538461,0.8461538461538461,4,D,1.0,1.0,1,D,3,11,20,0.55
2025_3011_D_TS-187_crop_00.jpg,4,D,3,13,0.8461538461538461,0.8461538461538461,4,D,1.0,1.0,1,D,4,11,14,0.7857142857142857
2025_3011_D_TS-189_crop_00.jpg,4,D,1,13,1.0,1.0,4,D,1.0,1.0,1,D,1,13,19,0.6842105263157895
2025_3011_D_TS-189_crop_00.jpg,4,D,2,5,1.0,1.0,4,D,1.0,1.0,1,D,2,5,11,0.45454545454545453
2025_3011_D_TS-189_crop_00.jpg,4,D,3,81,0.8148148148148148,0.8148148148148148,4,D,1.0,1.0,1,D,3,66,75,0.88
2025_3011_D_TS-189_crop_00.jpg,4,D,4,13,1.0,1.0,4,D,1.0,1.0,1,D,4,13,20,0.65
2025_3011_D_TS-189_crop_00.jpg,4,D,5,13,0.9230769230769231,0.9230769230769231,4,D,1.0,1.0,1,D,5,12,22,0.5454545454545454
2025_3011_D_TS-197_crop_00.jpg,4,D,1,13,0.6153846153846154,0.6153846153846154,4,D,1.0,1.0,1,D,1,8,13,0.6153846153846154
2025_3011_D_TS-197_crop_00.jpg,4,D,2,13,1.0,1.0,4,D,1.0,1.0,1,D,2,13,21,0.6190476190476191
2025_3011_D_TS-197_crop_00.jpg,4,D,3,13,1.0,1.0,4,D,1.0,1.0,1,D,3,13,23,0.5652173913043478
2025_3011_D_TS-197_crop_00.jpg,4,D,4,13,1.0,1.0,4,D,1.0,1.0,1,D,4,13,20,0.65
2025_3011_D_TS-209_crop_00.jpg,4,D,1,13,0.8461538461538461,0.8461538461538461,4,D,1.0,1.0,1,D,1,11,18,0.6111111111111112
2025_3011_D_TS-209_crop_00.jpg,4,D,2,13,0.9230769230769231,0.9230769230769231,4,D,1.0,1.0,1,D,2,12,17,0.7058823529411765
2025_3011_D_TS-209_crop_00.jpg,4,D,3,13,0.6153846153846154,0.6153846153846154,4,D,1.0,1.0,1,D,3,8,8,1.0
2025_3011_D_TS-209_crop_00.jpg,4,D,4,29,0.8275862068965517,0.8275862068965517,4,D,1.0,1.0,1,D,4,24,26,0.9230769230769231
2025_3011_D_TS-209_crop_00.jpg,4,D,5,13,0.9230769230769231,0.9230769230769231,4,D,1.0,1.0,1,D,5,12,19,0.631578947368421
2025_3011_D_TS-209_crop_00.jpg,4,D,6,29,0.6896551724137931,0.6896551724137931,4,D,1.0,1.0,1,D,6,20,27,0.7407407407407407
2025_3011_D_TS-20_crop_00.jpg,4,D,1,81,0.0,0.0,0,bg,0.0,0.0,0,,0,0,0,0.0
2025_3011_D_TS-20_crop_00.jpg,4,D,2,49,0.0,0.0,0,bg,0.0,0.0,0,,0,0,0,0.0
2025_3011_D_TS-20_crop_00.jpg,4,D,3,29,0.5862068965517241,0.5862068965517241,4,D,1.0,1.0,1,D,2,17,17,1.0
2025_3011_D_TS-216_crop_00.jpg,2,B,1,158,0.9240506329113924,0.9240506329113924,2,B,1.0,1.0,1,B,10,146,177,0.8248587570621468
2025_3011_D_TS-216_crop_00.jpg,4,D,1,49,0.7551020408163265,0.7551020408163265,4,D,1.0,1.0,1,D,1,37,38,0.9736842105263158
2025_3011_D_TS-216_crop_00.jpg,4,D,2,13,0.5384615384615384,0.5384615384615384,4,D,1.0,1.0,1,D,2,7,7,1.0
2025_3011_D_TS-216_crop_00.jpg,4,D,3,5,0.8,0.8,4,D,1.0,1.0,1,D,3,4,8,0.5
2025_3011_D_TS-216_crop_00.jpg,4,D,4,13,0.6153846153846154,0.6153846153846154,4,D,1.0,1.0,1,D,4,8,12,0.6666666666666666
2025_3011_D_TS-216_crop_00.jpg,4,D,5,13,0.9230769230769231,0.9230769230769231,4,D,1.0,1.0,1,D,5,12,22,0.5454545454545454
2025_3011_D_TS-216_crop_00.jpg,4,D,6,13,0.7692307692307693,0.7692307692307693,4,D,1.0,1.0,1,D,6,10,14,0.7142857142857143
2025_3011_D_TS-216_crop_00.jpg,4,D,7,13,0.6153846153846154,0.6153846153846154,4,D,1.0,1.0,1,D,7,8,10,0.8
2025_3011_D_TS-216_crop_00.jpg,4,D,8,13,0.8461538461538461,0.8461538461538461,4,D,1.0,1.0,1,D,9,11,16,0.6875
2025_3011_D_TS-233_crop_00.jpg,4,D,1,13,0.0,0.0,0,bg,0.0,0.0,0,,0,0,0,0.0
2025_3011_D_TS-233_crop_00.jpg,4,D,2,13,0.7692307692307693,0.7692307692307693,4,D,1.0,1.0,1,D,1,10,11,0.9090909090909091
2025_3011_D_TS-233_crop_00.jpg,4,D,3,13,0.6923076923076923,0.6923076923076923,4,D,1.0,1.0,1,D,2,9,12,0.75
2025_3011_D_TS-233_crop_00.jpg,4,D,4,13,0.7692307692307693,0.7692307692307693,4,D,1.0,1.0,1,D,3,10,17,0.5882352941176471
2025_3011_D_TS-233_crop_00.jpg,4,D,5,13,0.7692307692307693,0.7692307692307693,4,D,1.0,1.0,1,D,4,10,10,1.0
2025_3011_D_TS-235_crop_00.jpg,4,D,1,29,0.6896551724137931,0.6896551724137931,4,D,1.0,1.0,1,D,2,20,23,0.8695652173913043
2025_3011_D_TS-235_crop_00.jpg,4,D,2,13,0.8461538461538461,0.8461538461538461,4,D,1.0,1.0,1,D,3,11,14,0.7857142857142857
2025_3011_D_TS-235_crop_00.jpg,4,D,3,13,0.6923076923076923,0.6923076923076923,4,D,1.0,1.0,1,D,4,9,14,0.6428571428571429
2025_3011_D_TS-235_crop_00.jpg,4,D,4,12,0.25,0.25,4,D,1.0,1.0,1,D,5,3,3,1.0
2025_3011_D_TS-236_crop_00.jpg,4,D,1,13,0.0,0.0,0,bg,0.0,0.0,0,,0,0,0,0.0
2025_3011_D_TS-236_crop_00.jpg,4,D,2,5,1.0,1.0,4,D,1.0,1.0,1,D,2,5,10,0.5
2025_3011_D_TS-236_crop_00.jpg,4,D,3,49,0.6326530612244898,0.6326530612244898,4,D,1.0,1.0,1,D,3,31,31,1.0
2025_3011_D_TS-236_crop_00.jpg,4,D,4,49,0.7959183673469388,0.7959183673469388,4,D,1.0,1.0,1,D,4,39,45,0.8666666666666667
2025_3011_D_TS-236_crop_00.jpg,4,D,5,13,1.0,1.0,4,D,1.0,1.0,1,D,5,13,20,0.65
2025_3011_D_TS-236_crop_00.jpg,4,D,6,13,1.0,1.0,4,D,1.0,1.0,1,D,6,13,19,0.6842105263157895
2025_3011_D_TS-24_crop_00.jpg,4,D,1,49,0.7346938775510204,0.7346938775510204,4,D,1.0,1.0,1,D,1,36,36,1.0
2025_3011_D_TS-24_crop_00.jpg,4,D,2,49,0.0,0.0,0,bg,0.0,0.0,0,,0,0,0,0.0
2025_3011_D_TS-24_crop_00.jpg,4,D,3,13,0.9230769230769231,0.9230769230769231,4,D,1.0,1.0,1,D,2,12,16,0.75
2025_3011_D_TS-259_crop_00.jpg,4,D,1,13,0.5384615384615384,0.5384615384615384,4,D,1.0,1.0,1,D,1,7,16,0.4375
2025_3011_D_TS-259_crop_00.jpg,4,D,2,5,1.0,1.0,4,D,1.0,1.0,1,D,2,5,12,0.4166666666666667
2025_3011_D_TS-265_crop_00.jpg,4,D,1,13,1.0,1.0,4,D,1.0,1.0,1,D,1,13,23,0.5652173913043478
2025_3011_D_TS-265_crop_00.jpg,4,D,2,13,0.6153846153846154,0.6153846153846154,4,D,1.0,1.0,1,D,2,8,8,1.0
2025_3011_D_TS-265_crop_00.jpg,4,D,3,13,0.9230769230769231,0.9230769230769231,4,D,1.0,1.0,1,D,3,12,15,0.8
2025_3011_D_TS-265_crop_00.jpg,4,D,4,5,0.0,0.0,0,bg,0.0,0.0,0,,0,0,0,0.0
2025_3011_D_TS-271_crop_00.jpg,4,D,1,13,0.8461538461538461,0.8461538461538461,4,D,1.0,1.0,1,D,1,11,14,0.7857142857142857
2025_3011_D_TS-271_crop_00.jpg,4,D,2,13,0.6153846153846154,0.6153846153846154,4,D,1.0,1.0,1,D,2,8,8,1.0
2025_3011_D_TS-271_crop_00.jpg,4,D,3,13,1.0,1.0,4,D,1.0,1.0,1,D,3,13,29,0.4482758620689655
2025_3011_D_TS-271_crop_00.jpg,4,D,4,13,0.7692307692307693,0.7692307692307693,4,D,1.0,1.0,1,D,5,10,13,0.7692307692307693
2025_3011_D_TS-271_crop_00.jpg,4,D,5,13,0.5384615384615384,0.5384615384615384,4,D,1.0,1.0,1,D,6,7,9,0.7777777777777778
2025_3011_D_TS-286_crop_00.jpg,4,D,1,13,0.8461538461538461,0.8461538461538461,4,D,1.0,1.0,1,D,1,11,17,0.6470588235294118
2025_3011_D_TS-286_crop_00.jpg,4,D,2,29,0.6896551724137931,0.6896551724137931,4,D,1.0,1.0,1,D,2,20,22,0.9090909090909091
2025_3011_D_TS-286_crop_00.jpg,4,D,3,13,0.0,0.0,0,bg,0.0,0.0,0,,0,0,0,0.0
2025_3011_D_TS-286_crop_00.jpg,4,D,4,13,0.8461538461538461,0.8461538461538461,4,D,1.0,1.0,1,D,3,11,15,0.7333333333333333
2025_3011_D_TS-286_crop_00.jpg,4,D,5,13,0.0,0.0,0,bg,0.0,0.0,0,,0,0,0,0.0
2025_3011_D_TS-286_crop_00.jpg,4,D,6,29,0.7586206896551724,0.7586206896551724,4,D,1.0,1.0,1,D,5,22,24,0.9166666666666666
2025_3011_D_TS-286_crop_00.jpg,4,D,7,29,0.20689655172413793,0.20689655172413793,4,D,1.0,1.0,1,D,6,6,6,1.0
2025_3011_D_TS-286_crop_00.jpg,4,D,8,13,0.0,0.0,0,bg,0.0,0.0,0,,0,0,0,0.0
2025_3011_D_TS-294_crop_00.jpg,4,D,1,13,1.0,1.0,4,D,1.0,1.0,1,D,1,13,23,0.5652173913043478
2025_3011_D_TS-294_crop_00.jpg,4,D,2,13,0.5384615384615384,0.5384615384615384,4,D,1.0,1.0,1,D,3,7,7,1.0
2025_3011_D_TS-294_crop_00.jpg,4,D,3,5,0.6,0.6,4,D,1.0,1.0,1,D,4,3,8,0.375
2025_3011_D_TS-294_crop_00.jpg,4,D,4,13,1.0,1.0,4,D,1.0,1.0,1,D,5,13,24,0.5416666666666666
2025_3011_D_TS-302_crop_00.jpg,4,D,1,13,0.7692307692307693,0.7692307692307693,4,D,1.0,1.0,1,D,1,10,14,0.7142857142857143
2025_3011_D_TS-302_crop_00.jpg,4,D,2,29,0.0,0.0,0,bg,0.0,0.0,0,,0,0,0,0.0
2025_3011_D_TS-303_crop_00.jpg,4,D,1,49,0.0,0.0,0,bg,0.0,0.0,0,,0,0,0,0.0
2025_3011_D_TS-303_crop_00.jpg,4,D,2,5,0.4,0.4,4,D,1.0,1.0,1,D,1,2,6,0.3333333333333333
2025_3011_D_TS-303_crop_00.jpg,4,D,3,29,0.7931034482758621,0.7931034482758621,4,D,1.0,1.0,1,D,3,23,27,0.8518518518518519
2025_3011_D_TS-304_crop_00.jpg,4,D,1,5,0.0,0.0,0,bg,0.0,0.0,0,,0,0,0,0.0
2025_3011_D_TS-304_crop_00.jpg,4,D,2,29,0.5517241379310345,0.5517241379310345,4,D,1.0,1.0,1,D,1,16,18,0.8888888888888888
2025_3011_D_TS-304_crop_00.jpg,4,D,3,13,0.8461538461538461,0.8461538461538461,4,D,1.0,1.0,1,D,2,11,14,0.7857142857142857
2025_3011_D_TS-304_crop_00.jpg,4,D,4,13,0.07692307692307693,0.07692307692307693,4,D,1.0,1.0,1,D,3,1,1,1.0
2025_3011_D_TS-304_crop_00.jpg,4,D,5,29,0.7241379310344828,0.7241379310344828,4,D,1.0,1.0,1,D,4,21,26,0.8076923076923077
2025_3011_D_TS-305_crop_00.jpg,4,D,1,49,0.0,0.0,0,bg,0.0,0.0,0,,0,0,0,0.0
2025_3011_D_TS-306_crop_00.jpg,4,D,1,29,0.896551724137931,0.896551724137931,4,D,1.0,1.0,1,D,1,26,35,0.7428571428571429
2025_3011_D_TS-306_crop_00.jpg,4,D,2,49,0.9795918367346939,0.9795918367346939,4,D,1.0,1.0,1,D,2,48,63,0.7619047619047619
2025_3011_D_TS-306_crop_00.jpg,4,D,3,13,0.7692307692307693,0.7692307692307693,4,D,1.0,1.0,1,D,3,10,13,0.7692307692307693
2025_3011_D_TS-308_crop_00.jpg,4,D,1,13,0.6153846153846154,0.6153846153846154,4,D,1.0,1.0,1,D,1,8,8,1.0
2025_3011_D_TS-308_crop_00.jpg,4,D,2,13,1.0,1.0,4,D,1.0,1.0,1,D,2,13,30,0.43333333333333335
2025_3011_D_TS-308_crop_00.jpg,4,D,3,29,0.896551724137931,0.896551724137931,4,D,1.0,1.0,1,D,3,26,28,0.9285714285714286
2025_3011_D_TS-308_crop_00.jpg,4,D,4,29,0.3103448275862069,0.3103448275862069,4,D,1.0,1.0,1,D,4,9,9,1.0
2025_3011_D_TS-311_crop_00.jpg,4,D,1,13,1.0,1.0,4,D,1.0,1.0,1,D,2,13,22,0.5909090909090909
2025_3011_D_TS-311_crop_00.jpg,4,D,2,13,0.9230769230769231,0.9230769230769231,4,D,1.0,1.0,1,D,3,12,15,0.8
2025_3011_D_TS-311_crop_00.jpg,4,D,3,5,0.0,0.0,0,bg,0.0,0.0,0,,0,0,0,0.0
2025_3011_D_TS-311_crop_00.jpg,4,D,4,13,0.9230769230769231,0.9230769230769231,4,D,1.0,1.0,1,D,4,12,16,0.75
2025_3011_D_TS-311_crop_00.jpg,4,D,5,13,0.6923076923076923,0.6923076923076923,4,D,1.0,1.0,1,D,5,9,13,0.6923076923076923
2025_3011_D_TS-311_crop_00.jpg,4,D,6,13,1.0,1.0,4,D,1.0,1.0,1,D,6,13,26,0.5
2025_3011_D_TS-314_crop_00.jpg,4,D,1,13,1.0,1.0,4,D,1.0,1.0,1,D,1,13,23,0.5652173913043478
2025_3011_D_TS-314_crop_00.jpg,4,D,2,13,0.6153846153846154,0.6153846153846154,4,D,1.0,1.0,1,D,2,8,14,0.5714285714285714
2025_3011_D_TS-314_crop_00.jpg,4,D,3,49,0.0,0.0,0,bg,0.0,0.0,0,,0,0,0,0.0
2025_3011_D_TS-314_crop_00.jpg,4,D,4,13,0.8461538461538461,0.8461538461538461,4,D,1.0,1.0,1,D,4,11,14,0.7857142857142857
2025_3011_D_TS-315_crop_00.jpg,4,D,1,13,0.9230769230769231,0.9230769230769231,4,D,1.0,1.0,1,D,1,12,13,0.9230769230769231
2025_3011_D_TS-315_crop_00.jpg,4,D,2,49,0.0,0.0,0,bg,0.0,0.0,0,,0,0,0,0.0
2025_3011_D_TS-315_crop_00.jpg,4,D,3,29,0.0,0.0,0,bg,0.0,0.0,0,,0,0,0,0.0
2025_3011_D_TS-315_crop_00.jpg,4,D,4,13,0.8461538461538461,0.8461538461538461,4,D,1.0,1.0,1,D,2,11,14,0.7857142857142857
2025_3011_D_TS-315_crop_00.jpg,4,D,5,13,0.0,0.0,0,bg,0.0,0.0,0,,0,0,0,0.0
2025_3011_D_TS-317_crop_00.jpg,2,B,1,532,0.44360902255639095,0.44360902255639095,2,B,1.0,1.0,1,B,1,236,237,0.9957805907172996
2025_3011_D_TS-317_crop_00.jpg,4,D,1,13,0.0,0.0,0,bg,0.0,0.0,0,,0,0,0,0.0
2025_3011_D_TS-317_crop_00.jpg,4,D,2,49,0.9183673469387755,0.9183673469387755,4,D,1.0,1.0,1,D,6,45,48,0.9375
2025_3011_D_TS-323_crop_00.jpg,4,D,1,29,0.896551724137931,0.896551724137931,4,D,1.0,1.0,1,D,1,26,30,0.8666666666666667
2025_3011_D_TS-323_crop_00.jpg,4,D,2,13,0.7692307692307693,0.7692307692307693,4,D,1.0,1.0,1,D,2,10,14,0.7142857142857143
2025_3011_D_TS-323_crop_00.jpg,4,D,3,13,0.7692307692307693,0.7692307692307693,4,D,1.0,1.0,1,D,3,10,14,0.7142857142857143
2025_3011_D_TS-323_crop_00.jpg,4,D,4,13,0.9230769230769231,0.9230769230769231,4,D,1.0,1.0,1,D,4,12,16,0.75
2025_3011_D_TS-323_crop_00.jpg,4,D,5,29,0.0,0.0,0,bg,0.0,0.0,0,,0,0,0,0.0
2025_3011_D_TS-323_crop_00.jpg,4,D,6,13,0.9230769230769231,0.9230769230769231,4,D,1.0,1.0,1,D,5,12,16,0.75
2025_3011_D_TS-323_crop_00.jpg,4,D,7,13,0.0,0.0,0,bg,0.0,0.0,0,,0,0,0,0.0
2025_3011_D_TS-323_crop_00.jpg,4,D,8,29,0.8620689655172413,0.8620689655172413,4,D,1.0,1.0,1,D,8,25,28,0.8928571428571429
2025_3011_D_TS-325_crop_00.jpg,4,D,1,13,0.7692307692307693,0.7692307692307693,4,D,1.0,1.0,1,D,1,10,13,0.7692307692307693
2025_3011_D_TS-325_crop_00.jpg,4,D,2,13,1.0,1.0,4,D,1.0,1.0,1,D,2,13,24,0.5416666666666666
2025_3011_D_TS-325_crop_00.jpg,4,D,3,13,0.6923076923076923,0.6923076923076923,4,D,1.0,1.0,1,D,3,9,16,0.5625
2025_3011_D_TS-32_crop_00.jpg,4,D,1,149,0.8657718120805369,0.8657718120805369,4,D,1.0,1.0,1,D,2,129,135,0.9555555555555556
2025_3011_D_TS-32_crop_00.jpg,4,D,2,29,0.896551724137931,0.896551724137931,4,D,1.0,1.0,1,D,4,26,35,0.7428571428571429
2025_3011_D_TS-32_crop_00.jpg,4,D,3,29,1.0,1.0,4,D,1.0,1.0,1,D,5,29,49,0.5918367346938775
2025_3011_D_TS-330_crop_00.jpg,4,D,1,29,0.0,0.0,0,bg,0.0,0.0,0,,0,0,0,0.0
2025_3011_D_TS-330_crop_00.jpg,4,D,2,13,0.8461538461538461,0.8461538461538461,4,D,1.0,1.0,1,D,1,11,15,0.7333333333333333
2025_3011_D_TS-330_crop_00.jpg,4,D,3,13,0.0,0.0,0,bg,0.0,0.0,0,,0,0,0,0.0
2025_3011_D_TS-330_crop_00.jpg,4,D,4,13,0.7692307692307693,0.7692307692307693,4,D,1.0,1.0,1,D,2,10,11,0.9090909090909091
2025_3011_D_TS-330_crop_00.jpg,4,D,5,29,0.6206896551724138,0.6206896551724138,4,D,1.0,1.0,1,D,3,18,20,0.9
2025_3011_D_TS-330_crop_00.jpg,4,D,6,13,0.6153846153846154,0.6153846153846154,4,D,1.0,1.0,1,D,4,8,12,0.6666666666666666
2025_3011_D_TS-339_crop_00.jpg,2,B,1,211,0.0,0.0,0,bg,0.0,0.0,0,,0,0,0,0.0
2025_3011_D_TS-339_crop_00.jpg,4,D,1,13,0.8461538461538461,0.8461538461538461,4,D,1.0,1.0,1,D,1,11,19,0.5789473684210527
2025_3011_D_TS-339_crop_00.jpg,4,D,2,13,1.0,1.0,4,D,1.0,1.0,1,D,2,13,21,0.6190476190476191
2025_3011_D_TS-339_crop_00.jpg,4,D,3,29,0.896551724137931,0.896551724137931,4,D,1.0,1.0,1,D,5,26,33,0.7878787878787878
2025_3011_D_TS-340_crop_00.jpg,4,D,1,13,0.23076923076923078,0.23076923076923078,4,D,1.0,1.0,1,D,1,3,3,1.0
2025_3011_D_TS-340_crop_00.jpg,4,D,2,49,0.8163265306122449,0.8163265306122449,4,D,1.0,1.0,1,D,2,40,49,0.8163265306122449
2025_3011_D_TS-340_crop_00.jpg,4,D,3,13,0.0,0.0,0,bg,0.0,0.0,0,,0,0,0,0.0
2025_3011_D_TS-340_crop_00.jpg,4,D,4,13,0.7692307692307693,0.7692307692307693,4,D,1.0,1.0,1,D,3,10,12,0.8333333333333334
2025_3011_D_TS-340_crop_00.jpg,4,D,5,29,0.6551724137931034,0.6551724137931034,4,D,1.0,1.0,1,D,4,19,21,0.9047619047619048
2025_3011_D_TS-340_crop_00.jpg,4,D,6,13,0.9230769230769231,0.9230769230769231,4,D,1.0,1.0,1,D,5,12,22,0.5454545454545454
2025_3011_D_TS-340_crop_00.jpg,4,D,7,13,0.6923076923076923,0.6923076923076923,4,D,1.0,1.0,1,D,6,9,10,0.9
2025_3011_D_TS-363_crop_00.jpg,4,D,1,49,0.4489795918367347,0.4489795918367347,4,D,1.0,1.0,1,D,1,22,23,0.9565217391304348
2025_3011_D_TS-363_crop_00.jpg,4,D,2,5,1.0,1.0,4,D,1.0,1.0,1,D,2,5,16,0.3125
2025_3011_D_TS-363_crop_00.jpg,4,D,3,13,0.0,0.0,0,bg,0.0,0.0,0,,0,0,0,0.0
2025_3011_D_TS-363_crop_00.jpg,4,D,4,13,0.9230769230769231,0.9230769230769231,4,D,1.0,1.0,1,D,3,12,21,0.5714285714285714
2025_3011_D_TS-363_crop_00.jpg,4,D,5,13,0.0,0.0,0,bg,0.0,0.0,0,,0,0,0,0.0
2025_3011_D_TS-363_crop_00.jpg,4,D,6,13,0.0,0.0,0,bg,0.0,0.0,0,,0,0,0,0.0
2025_3011_D_TS-363_crop_00.jpg,4,D,7,29,0.8620689655172413,0.8620689655172413,4,D,1.0,1.0,1,D,4,25,40,0.625
2025_3011_D_TS-36_crop_00.jpg,4,D,1,113,0.0,0.0,0,bg,0.0,0.0,0,,0,0,0,0.0
2025_3011_D_TS-36_crop_00.jpg,4,D,2,13,0.6923076923076923,0.6923076923076923,4,D,1.0,1.0,1,D,2,9,10,0.9
2025_3011_D_TS-36_crop_00.jpg,4,D,3,29,0.6551724137931034,0.6551724137931034,4,D,1.0,1.0,1,D,3,19,26,0.7307692307692307
2025_3011_D_TS-374_crop_00.jpg,4,D,1,13,1.0,1.0,4,D,1.0,1.0,1,D,1,13,21,0.6190476190476191
2025_3011_D_TS-374_crop_00.jpg,4,D,2,29,0.8620689655172413,0.8620689655172413,4,D,1.0,1.0,1,D,5,25,28,0.8928571428571429
2025_3011_D_TS-378_crop_00.jpg,4,D,1,13,0.6153846153846154,0.6153846153846154,4,D,1.0,1.0,1,D,2,8,14,0.5714285714285714
2025_3011_D_TS-37_crop_00.jpg,4,D,1,29,0.0,0.0,0,bg,0.0,0.0,0,,0,0,0,0.0
2025_3011_D_TS-37_crop_00.jpg,4,D,2,29,0.6896551724137931,0.6896551724137931,4,D,1.0,1.0,1,D,2,20,25,0.8
2025_3011_D_TS-37_crop_00.jpg,4,D,3,13,1.0,1.0,4,D,1.0,1.0,1,D,3,13,21,0.6190476190476191
2025_3011_D_TS-37_crop_00.jpg,4,D,4,29,0.7931034482758621,0.7931034482758621,4,D,1.0,1.0,1,D,4,23,24,0.9583333333333334
2025_3011_D_TS-37_crop_00.jpg,4,D,5,5,1.0,1.0,4,D,1.0,1.0,1,D,5,5,15,0.3333333333333333
2025_3011_D_TS-37_crop_00.jpg,4,D,6,13,0.0,0.0,0,bg,0.0,0.0,0,,0,0,0,0.0
2025_3011_D_TS-381_crop_00.jpg,4,D,1,29,0.4482758620689655,0.4482758620689655,4,D,1.0,1.0,1,D,1,13,13,1.0
2025_3011_D_TS-381_crop_00.jpg,4,D,2,13,0.3076923076923077,0.3076923076923077,4,D,1.0,1.0,1,D,2,4,4,1.0
2025_3011_D_TS-381_crop_00.jpg,4,D,3,13,0.0,0.0,0,bg,0.0,0.0,0,,0,0,0,0.0
2025_3011_D_TS-381_crop_00.jpg,4,D,4,29,0.8620689655172413,0.8620689655172413,4,D,1.0,1.0,1,D,3,25,30,0.8333333333333334
2025_3011_D_TS-381_crop_00.jpg,4,D,5,13,0.7692307692307693,0.7692307692307693,4,D,1.0,1.0,1,D,4,10,14,0.7142857142857143
2025_3011_D_TS-381_crop_00.jpg,4,D,6,5,0.6,0.6,4,D,1.0,1.0,1,D,5,3,7,0.42857142857142855
2025_3011_D_TS-381_crop_00.jpg,4,D,7,13,0.6153846153846154,0.6153846153846154,4,D,1.0,1.0,1,D,6,8,9,0.8888888888888888
2025_3011_D_TS-381_crop_00.jpg,4,D,8,13,0.7692307692307693,0.7692307692307693,4,D,1.0,1.0,1,D,7,10,17,0.5882352941176471
2025_3011_D_TS-381_crop_00.jpg,4,D,9,13,0.7692307692307693,0.7692307692307693,4,D,1.0,1.0,1,D,8,10,12,0.8333333333333334
2025_3011_D_TS-383_crop_00.jpg,4,D,1,13,1.0,1.0,4,D,1.0,1.0,1,D,1,13,14,0.9285714285714286
2025_3011_D_TS-383_crop_00.jpg,4,D,2,113,0.0,0.0,0,bg,0.0,0.0,0,,0,0,0,0.0
2025_3011_D_TS-384_crop_00.jpg,2,B,1,1458,0.0,0.0,0,bg,0.0,0.0,0,,0,0,0,0.0
2025_3011_D_TS-384_crop_00.jpg,4,D,1,13,0.0,0.0,0,bg,0.0,0.0,0,,0,0,0,0.0
2025_3011_D_TS-384_crop_00.jpg,4,D,2,49,0.7346938775510204,0.7346938775510204,4,D,1.0,1.0,1,D,1,36,36,1.0
2025_3011_D_TS-3_crop_00.jpg,4,D,1,29,0.8620689655172413,0.8620689655172413,4,D,1.0,1.0,1,D,1,25,30,0.8333333333333334
2025_3011_D_TS-3_crop_00.jpg,4,D,2,13,0.0,0.0,0,bg,0.0,0.0,0,,0,0,0,0.0
2025_3011_D_TS-3_crop_00.jpg,4,D,3,29,0.0,0.0,0,bg,0.0,0.0,0,,0,0,0,0.0
2025_3011_D_TS-3_crop_00.jpg,4,D,4,13,0.0,0.0,0,bg,0.0,0.0,0,,0,0,0,0.0
2025_3011_D_TS-3_crop_00.jpg,4,D,5,29,0.5862068965517241,0.5862068965517241,4,D,1.0,1.0,1,D,2,17,19,0.8947368421052632
2025_3011_D_TS-51_crop_00.jpg,4,D,1,13,0.8461538461538461,0.8461538461538461,4,D,1.0,1.0,1,D,1,11,17,0.6470588235294118
2025_3011_D_TS-51_crop_00.jpg,4,D,2,13,0.0,0.0,0,bg,0.0,0.0,0,,0,0,0,0.0
2025_3011_D_TS-51_crop_00.jpg,4,D,3,13,0.7692307692307693,0.7692307692307693,4,D,1.0,1.0,1,D,2,10,12,0.8333333333333334
2025_3011_D_TS-59_crop_00.jpg,4,D,1,29,0.8620689655172413,0.8620689655172413,4,D,1.0,1.0,1,D,2,25,29,0.8620689655172413
2025_3011_D_TS-59_crop_00.jpg,4,D,2,13,0.8461538461538461,0.8461538461538461,4,D,1.0,1.0,1,D,3,11,16,0.6875
2025_3011_D_TS-59_crop_00.jpg,4,D,3,13,0.8461538461538461,0.8461538461538461,4,D,1.0,1.0,1,D,4,11,15,0.7333333333333333
2025_3011_D_TS-59_crop_00.jpg,4,D,4,29,0.6896551724137931,0.6896551724137931,4,D,1.0,1.0,1,D,5,20,22,0.9090909090909091
2025_3011_D_TS-68_crop_00.jpg,4,D,1,13,1.0,1.0,4,D,1.0,1.0,1,D,1,13,34,0.38235294117647056
2025_3011_D_TS-68_crop_00.jpg,4,D,2,13,0.6153846153846154,0.6153846153846154,4,D,1.0,1.0,1,D,2,8,14,0.5714285714285714
2025_3011_D_TS-68_crop_00.jpg,4,D,3,13,0.0,0.0,0,bg,0.0,0.0,0,,0,0,0,0.0
2025_3011_D_TS-71_crop_00.jpg,4,D,1,13,0.8461538461538461,0.8461538461538461,4,D,1.0,1.0,1,D,1,11,17,0.6470588235294118
2025_3011_D_TS-71_crop_00.jpg,4,D,2,29,0.8275862068965517,0.8275862068965517,4,D,1.0,1.0,1,D,2,24,25,0.96
2025_3011_D_TS-71_crop_00.jpg,4,D,3,81,0.0,0.0,0,bg,0.0,0.0,0,,0,0,0,0.0
2025_3011_D_TS-71_crop_00.jpg,4,D,4,29,0.5862068965517241,0.5862068965517241,4,D,1.0,1.0,1,D,4,17,18,0.9444444444444444
2025_3011_D_TS-83_crop_00.jpg,4,D,1,81,0.8888888888888888,0.8888888888888888,4,D,1.0,1.0,1,D,1,72,85,0.8470588235294118
2025_3011_D_TS-83_crop_00.jpg,4,D,2,13,0.7692307692307693,0.7692307692307693,4,D,1.0,1.0,1,D,2,10,10,1.0
2025_3011_D_TS-83_crop_00.jpg,4,D,3,29,0.9655172413793104,0.9655172413793104,4,D,1.0,1.0,1,D,3,28,29,0.9655172413793104
2025_3011_D_TS-83_crop_00.jpg,4,D,4,13,1.0,1.0,4,D,1.0,1.0,1,D,4,13,18,0.7222222222222222
2025_3011_D_TS-83_crop_00.jpg,4,D,5,13,1.0,1.0,4,D,1.0,1.0,1,D,5,13,26,0.5
2025_3011_D_TS-83_crop_00.jpg,4,D,6,13,0.7692307692307693,0.7692307692307693,4,D,1.0,1.0,1,D,6,10,13,0.7692307692307693
2025_3011_D_TS-83_crop_00.jpg,4,D,7,29,0.7586206896551724,0.7586206896551724,4,D,1.0,1.0,1,D,7,22,23,0.9565217391304348
2025_3011_D_TS-8_crop_00.jpg,4,D,1,29,0.8620689655172413,0.8620689655172413,4,D,1.0,1.0,1,D,1,25,31,0.8064516129032258
2025_3011_D_TS-8_crop_00.jpg,4,D,2,13,0.7692307692307693,0.7692307692307693,4,D,1.0,1.0,1,D,2,10,16,0.625
2025_3011_D_TS-8_crop_00.jpg,4,D,3,13,0.6923076923076923,0.6923076923076923,4,D,1.0,1.0,1,D,4,9,10,0.9
2025_3011_D_TS-8_crop_00.jpg,4,D,4,29,0.8620689655172413,0.8620689655172413,4,D,1.0,1.0,1,D,5,25,34,0.7352941176470589
2025_3011_D_TS-91_crop_00.jpg,4,D,1,13,0.8461538461538461,0.8461538461538461,4,D,1.0,1.0,1,D,1,11,19,0.5789473684210527
2025_3011_D_TS-91_crop_00.jpg,4,D,2,29,0.6206896551724138,0.6206896551724138,4,D,1.0,1.0,1,D,2,18,18,1.0
2025_3011_D_TS-91_crop_00.jpg,4,D,3,13,0.9230769230769231,0.9230769230769231,4,D,1.0,1.0,1,D,3,12,22,0.5454545454545454
2025_3011_D_TS-91_crop_00.jpg,4,D,4,13,0.9230769230769231,0.9230769230769231,4,D,1.0,1.0,1,D,4,12,19,0.631578947368421
2025_3011_D_TS-91_crop_00.jpg,4,D,5,13,0.6153846153846154,0.6153846153846154,4,D,1.0,1.0,1,D,5,8,9,0.8888888888888888
2025_3011_D_TS-91_crop_00.jpg,4,D,6,29,0.5862068965517241,0.5862068965517241,4,D,1.0,1.0,1,D,6,17,17,1.0
2025_3011_D_TS-91_crop_00.jpg,4,D,7,29,0.896551724137931,0.896551724137931,4,D,1.0,1.0,1,D,7,26,34,0.7647058823529411
2025_3011_D_TS-92_crop_00.jpg,4,D,1,13,0.3076923076923077,0.3076923076923077,4,D,1.0,1.0,1,D,1,4,7,0.5714285714285714
2025_3011_D_TS-92_crop_00.jpg,4,D,2,13,0.9230769230769231,0.9230769230769231,4,D,1.0,1.0,1,D,2,12,16,0.75
2025_3011_D_TS-92_crop_00.jpg,4,D,3,13,1.0,1.0,4,D,1.0,1.0,1,D,3,13,21,0.6190476190476191
2025_3011_D_TS-92_crop_00.jpg,4,D,4,13,0.8461538461538461,0.8461538461538461,4,D,1.0,1.0,1,D,4,11,18,0.6111111111111112
2025_3011_D_TS-92_crop_00.jpg,4,D,5,13,0.0,0.0,0,bg,0.0,0.0,0,,0,0,0,0.0
2025_3011_D_TS-92_crop_00.jpg,4,D,6,13,0.0,0.0,0,bg,0.0,0.0,0,,0,0,0,0.0
2025_3011_D_TS-92_crop_00.jpg,4,D,7,29,0.5862068965517241,0.5862068965517241,4,D,1.0,1.0,1,D,5,17,19,0.8947368421052632
2025_3011_D_TS-92_crop_00.jpg,4,D,8,13,0.7692307692307693,0.7692307692307693,4,D,1.0,1.0,1,D,6,10,10,1.0
2025_3011_D_TS-92_crop_00.jpg,4,D,9,29,0.6551724137931034,0.6551724137931034,4,D,1.0,1.0,1,D,7,19,25,0.76
240110-B-135_crop_00.jpg,2,B,1,2082,0.6940441882804995,0.6940441882804995,2,B,1.0,1.0,1,B,1,1445,1520,0.9506578947368421
240110-B-135_crop_00.jpg,3,C,1,208,0.6826923076923077,0.6826923076923077,3,C,1.0,1.0,1,C,2,142,144,0.9861111111111112
240110-B-135_crop_00.jpg,3,C,2,217,0.8202764976958525,0.0,2,B,1.0,0.0,1,B,3,178,363,0.4903581267217631
240110-B-138_crop_00.jpg,2,B,1,1454,0.8397524071526823,0.8397524071526823,2,B,1.0,1.0,1,B,2,1221,1257,0.9713603818615751
240110-B-138_crop_00.jpg,3,C,1,110,0.32727272727272727,0.32727272727272727,3,C,1.0,1.0,1,C,1,36,36,1.0
240110-B-138_crop_00.jpg,3,C,2,301,0.2558139534883721,0.0,2,B,1.0,0.0,1,B,5,75,95,0.7894736842105263
240110-B-138_crop_00.jpg,3,C,3,191,0.8534031413612565,0.8534031413612565,3,C,1.0,1.0,1,C,6,163,171,0.9532163742690059
240115-A-663_crop_01.jpg,3,C,1,133,0.9022556390977443,0.9022556390977443,3,C,1.0,1.0,1,C,1,120,130,0.9230769230769231
240115-A-663_crop_01.jpg,3,C,2,106,0.9811320754716981,0.9811320754716981,3,C,1.0,1.0,1,C,2,104,119,0.8739495798319328
240115-A-663_crop_01.jpg,3,C,3,89,0.9887640449438202,0.9887640449438202,3,C,1.0,1.0,1,C,3,88,137,0.6423357664233577
240115-A-666_crop_00.jpg,1,A,1,462,0.9004329004329005,0.9004329004329005,1,A,1.0,1.0,1,A,1,416,450,0.9244444444444444
240115-A-666_crop_00.jpg,1,A,2,979,0.8866189989785496,0.8866189989785496,1,A,1.0,1.0,1,A,2,868,883,0.9830124575311439
240115-A-666_crop_00.jpg,1,A,3,218,0.8486238532110092,0.8486238532110092,1,A,1.0,1.0,1,A,3,185,231,0.8008658008658008
240115-A-666_crop_00.jpg,1,A,4,465,0.8731182795698925,0.8731182795698925,1,A,1.0,1.0,1,A,4,406,426,0.9530516431924883
240115-A-666_crop_00.jpg,3,C,1,57,0.0,0.0,0,bg,0.0,0.0,0,,0,0,0,0.0
240115-A-666_crop_00.jpg,3,C,2,122,0.8852459016393442,0.8852459016393442,3,C,1.0,1.0,1,C,6,108,118,0.9152542372881356
240115-A-666_crop_00.jpg,4,D,1,57,0.0,0.0,0,bg,0.0,0.0,0,,0,0,0,0.0
240115-A-667_crop_01.jpg,1,A,1,591,0.9475465313028765,0.9475465313028765,1,A,1.0,1.0,1,A,1,560,614,0.9120521172638436
240115-A-668_crop_01.jpg,1,A,1,644,0.8229813664596274,0.8229813664596274,1,A,1.0,1.0,1,A,2,530,551,0.9618874773139746
240115-A-668_crop_01.jpg,1,A,2,298,0.8456375838926175,0.8456375838926175,1,A,1.0,1.0,1,A,3,252,256,0.984375
240115-A-668_crop_01.jpg,1,A,3,549,0.8688524590163934,0.8688524590163934,1,A,1.0,1.0,1,A,4,477,531,0.8983050847457628
240115-A-668_crop_01.jpg,3,C,1,158,0.8924050632911392,0.8924050632911392,3,C,1.0,1.0,1,C,1,141,163,0.8650306748466258
240115-A-669_crop_01.jpg,3,C,1,128,0.8671875,0.8671875,3,C,1.0,1.0,1,C,2,111,128,0.8671875
240115-A-673_crop_00.jpg,1,A,1,1707,0.9466900995899239,0.9466900995899239,1,A,1.0,1.0,1,A,1,1616,1859,0.8692845615922539
240115-A-673_crop_00.jpg,1,A,2,84,0.9523809523809523,0.9523809523809523,1,A,1.0,1.0,1,A,3,80,97,0.8247422680412371
240115-A-673_crop_00.jpg,1,A,3,405,0.8691358024691358,0.8691358024691358,1,A,1.0,1.0,1,A,4,352,403,0.8734491315136477
240115-A-673_crop_00.jpg,1,A,4,463,0.8466522678185745,0.8466522678185745,1,A,1.0,1.0,1,A,5,392,422,0.9289099526066351
240115-A-673_crop_00.jpg,1,A,5,480,0.86875,0.86875,1,A,1.0,1.0,1,A,6,417,424,0.9834905660377359
240115-A-673_crop_00.jpg,1,A,6,415,0.944578313253012,0.944578313253012,1,A,1.0,1.0,1,A,7,392,440,0.8909090909090909
240115-A-673_crop_00.jpg,1,A,7,1657,0.9203379601689801,0.9203379601689801,1,A,1.0,1.0,1,A,8,1525,1555,0.9807073954983923
240115-A-673_crop_00.jpg,1,A,8,937,0.927427961579509,0.927427961579509,1,A,1.0,1.0,1,A,9,869,899,0.9666295884315906
240115-A-673_crop_00.jpg,1,A,9,1213,0.8911788953009069,0.8911788953009069,1,A,1.0,1.0,1,A,10,1081,1090,0.9917431192660551
240115-A-673_crop_00.jpg,3,C,1,78,0.14102564102564102,0.14102564102564102,3,C,1.0,1.0,1,C,2,11,11,1.0
240115-A-676_crop_00.jpg,1,A,1,194,0.9690721649484536,0.9690721649484536,1,A,1.0,1.0,1,A,1,188,219,0.8584474885844748
240115-A-676_crop_00.jpg,1,A,2,1640,0.9359756097560976,0.9359756097560976,1,A,1.0,1.0,1,A,3,1535,1557,0.9858702633269107
240115-A-676_crop_00.jpg,3,C,1,253,0.9288537549407114,0.9288537549407114,3,C,1.0,1.0,1,C,2,235,245,0.9591836734693877
240115-A-678_crop_00.jpg,1,A,1,703,0.8520625889046942,0.8520625889046942,1,A,1.0,1.0,1,A,1,599,605,0.9900826446280991
240115-A-678_crop_00.jpg,1,A,2,1474,0.9043419267299865,0.9043419267299865,1,A,1.0,1.0,1,A,2,1333,1350,0.9874074074074074
240115-A-678_crop_00.jpg,3,C,1,65,0.0,0.0,0,bg,0.0,0.0,0,,0,0,0,0.0
240115-A-678_crop_00.jpg,3,C,2,133,0.7969924812030075,0.7969924812030075,3,C,1.0,1.0,1,C,3,106,106,1.0
240115-A-678_crop_00.jpg,4,D,1,317,0.0,0.0,0,bg,0.0,0.0,0,,0,0,0,0.0
240115-A-678_crop_01.jpg,1,A,1,204,0.8382352941176471,0.8382352941176471,1,A,1.0,1.0,1,A,1,171,174,0.9827586206896551
240115-A-678_crop_01.jpg,1,A,2,719,0.9819193324061196,0.9819193324061196,1,A,1.0,1.0,1,A,2,706,768,0.9192708333333334
240115-A-678_crop_01.jpg,1,A,3,216,0.7962962962962963,0.7962962962962963,1,A,1.0,1.0,1,A,3,172,177,0.9717514124293786
240115-A-686_crop_02.jpg,3,C,1,314,0.7515923566878981,0.43312101910828027,3,C,0.576271186440678,0.576271186440678,2,A|C,1,236,273,0.8644688644688645
240115-A-690_crop_01.jpg,3,C,1,64,0.0,0.0,0,bg,0.0,0.0,0,,0,0,0,0.0
240115-A-690_crop_01.jpg,3,C,2,69,0.6521739130434783,0.6521739130434783,3,C,1.0,1.0,1,C,1,45,67,0.6716417910447762
240115-A-699_crop_00.jpg,1,A,1,395,0.0,0.0,0,bg,0.0,0.0,0,,0,0,0,0.0
240115-A-699_crop_00.jpg,1,A,2,811,0.9198520345252774,0.9198520345252774,1,A,1.0,1.0,1,A,2,746,788,0.9467005076142132
240115-A-699_crop_00.jpg,1,A,3,553,0.8788426763110307,0.8788426763110307,1,A,1.0,1.0,1,A,3,486,504,0.9642857142857143
240115-A-699_crop_00.jpg,1,A,4,1143,0.8372703412073491,0.8372703412073491,1,A,1.0,1.0,1,A,4,957,1031,0.9282250242483027
240115-A-699_crop_00.jpg,3,C,1,108,0.7962962962962963,0.7962962962962963,3,C,1.0,1.0,1,C,1,86,95,0.9052631578947369
240115-A-699_crop_02.jpg,1,A,1,237,0.8565400843881856,0.8565400843881856,1,A,1.0,1.0,1,A,2,203,222,0.9144144144144144
240115-A-699_crop_02.jpg,3,C,1,204,0.6176470588235294,0.6176470588235294,3,C,1.0,1.0,1,C,1,126,133,0.9473684210526315
240115-A-702_crop_00.jpg,1,A,1,183,0.8306010928961749,0.8306010928961749,1,A,1.0,1.0,1,A,1,152,163,0.9325153374233128
240115-A-702_crop_00.jpg,1,A,2,174,0.8793103448275862,0.8793103448275862,1,A,1.0,1.0,1,A,2,153,166,0.9216867469879518
240115-A-702_crop_00.jpg,1,A,3,1074,0.9283054003724395,0.9283054003724395,1,A,1.0,1.0,1,A,3,997,1034,0.9642166344294004
240115-A-702_crop_00.jpg,1,A,4,701,0.8388017118402282,0.8388017118402282,1,A,1.0,1.0,1,A,4,588,885,0.6644067796610169
240115-A-702_crop_00.jpg,1,A,5,234,0.7948717948717948,0.7948717948717948,1,A,1.0,1.0,1,A,4,186,885,0.21016949152542372
240115-A-702_crop_01.jpg,1,A,1,447,0.8590604026845637,0.8590604026845637,1,A,1.0,1.0,1,A,1,384,429,0.8951048951048951
240115-A-702_crop_01.jpg,1,A,2,108,0.2222222222222222,0.2222222222222222,1,A,1.0,1.0,1,A,2,24,24,1.0
240115-A-702_crop_01.jpg,1,A,3,217,0.9769585253456221,0.9769585253456221,1,A,1.0,1.0,1,A,3,212,253,0.8379446640316206
240115-A-703_crop_02.jpg,1,A,1,334,0.8203592814371258,0.7275449101796407,1,A,0.8868613138686131,0.8868613138686131,2,A|C,1,274,333,0.8228228228228228
240115-A-703_crop_02.jpg,1,A,2,1202,0.9151414309484193,0.9151414309484193,1,A,1.0,1.0,1,A,3,1100,1152,0.9548611111111112
240115-A-703_crop_02.jpg,1,A,3,229,0.6462882096069869,0.6462882096069869,1,A,1.0,1.0,1,A,4,148,148,1.0
240115-A-704_crop_00.jpg,1,A,1,785,0.910828025477707,0.910828025477707,1,A,1.0,1.0,1,A,1,715,762,0.9383202099737533
240115-A-704_crop_00.jpg,1,A,2,269,0.9330855018587361,0.9330855018587361,1,A,1.0,1.0,1,A,2,251,289,0.8685121107266436
240115-A-704_crop_00.jpg,1,A,3,634,0.7996845425867508,0.7996845425867508,1,A,1.0,1.0,1,A,4,507,532,0.9530075187969925
240115-A-704_crop_00.jpg,1,A,4,193,0.8031088082901554,0.8031088082901554,1,A,1.0,1.0,1,A,6,155,165,0.9393939393939394
240115-A-704_crop_00.jpg,1,A,5,299,0.882943143812709,0.882943143812709,1,A,1.0,1.0,1,A,7,264,280,0.9428571428571428
240115-A-704_crop_00.jpg,3,C,1,72,0.5972222222222222,0.0,1,A,1.0,0.0,1,A,3,43,43,1.0
240115-A-704_crop_00.jpg,3,C,2,146,0.8698630136986302,0.0,1,A,1.0,0.0,1,A,5,127,134,0.9477611940298507
240115-A-704_crop_02.jpg,3,C,1,219,0.7168949771689498,0.7168949771689498,3,C,1.0,1.0,1,C,1,157,160,0.98125
240115-A-704_crop_02.jpg,3,C,2,358,0.8268156424581006,0.8268156424581006,3,C,1.0,1.0,1,C,2,296,330,0.896969696969697
240115-B-146_crop_00.jpg,1,A,1,585,0.8786324786324786,0.8786324786324786,1,A,1.0,1.0,1,A,1,514,529,0.9716446124763705
240115-B-146_crop_00.jpg,1,A,2,251,0.9123505976095617,0.9123505976095617,1,A,1.0,1.0,1,A,3,229,241,0.950207468879668
240115-B-146_crop_00.jpg,2,B,1,2080,0.8278846153846153,0.7942307692307692,2,B,0.959349593495935,0.959349593495935,1,B,2,1722,1907,0.9029889879391715
240115-B-146_crop_01.jpg,1,A,1,1135,0.8511013215859031,0.8511013215859031,1,A,1.0,1.0,1,A,1,966,994,0.971830985915493
240115-B-147_crop_00.jpg,1,A,1,371,0.9433962264150944,0.9433962264150944,1,A,1.0,1.0,1,A,1,350,386,0.9067357512953368
240115-B-147_crop_00.jpg,1,A,2,249,0.7991967871485943,0.7991967871485943,1,A,1.0,1.0,1,A,4,199,238,0.8361344537815126
240115-B-147_crop_00.jpg,3,C,1,100,0.9,0.9,3,C,1.0,1.0,1,C,2,90,100,0.9
240115-B-147_crop_00.jpg,3,C,2,104,0.8173076923076923,0.8173076923076923,3,C,1.0,1.0,1,C,3,85,105,0.8095238095238095
240115-B-147_crop_01.jpg,2,B,1,4456,0.7834380610412927,0.06710053859964094,3,C,0.9143511887711258,0.08564881122887424,2,B|C,1,3491,3683,0.9478685853923432
240115-B-147_crop_01.jpg,3,C,1,155,0.08387096774193549,0.08387096774193549,3,C,1.0,1.0,1,C,2,13,13,1.0
240115-B-147_crop_01.jpg,3,C,2,181,0.850828729281768,0.850828729281768,3,C,1.0,1.0,1,C,3,154,173,0.8901734104046243
240115-B-147_crop_01.jpg,3,C,3,101,0.9504950495049505,0.9504950495049505,3,C,1.0,1.0,1,C,4,96,124,0.7741935483870968
240115-B-150_crop_00.jpg,1,A,1,667,0.9010494752623688,0.9010494752623688,1,A,1.0,1.0,1,A,5,601,650,0.9246153846153846
240115-B-150_crop_00.jpg,1,A,2,350,0.8571428571428571,0.8571428571428571,1,A,1.0,1.0,1,A,7,300,332,0.9036144578313253
240115-B-150_crop_00.jpg,1,A,3,571,0.9544658493870403,0.9544658493870403,1,A,1.0,1.0,1,A,8,545,602,0.9053156146179402
240115-B-150_crop_00.jpg,2,B,1,9694,0.9479059211883639,0.9479059211883639,2,B,1.0,1.0,1,B,1,9189,13064,0.7033833435394978
240115-B-150_crop_00.jpg,2,B,2,3345,0.8849028400597907,0.8849028400597907,2,B,1.0,1.0,1,B,1,2960,13064,0.226576852418861
240115-B-150_crop_00.jpg,3,C,1,150,0.36666666666666664,0.22,3,C,0.6,0.6,2,A|C,2,55,55,1.0
240115-B-150_crop_00.jpg,3,C,2,94,0.925531914893617,0.925531914893617,3,C,1.0,1.0,1,C,3,87,113,0.7699115044247787
240115-B-150_crop_00.jpg,3,C,3,137,0.708029197080292,0.708029197080292,3,C,1.0,1.0,1,C,4,97,105,0.9238095238095239
240115-B-150_crop_00.jpg,3,C,4,88,0.875,0.875,3,C,1.0,1.0,1,C,6,77,80,0.9625
240115-B-157_crop_00.jpg,2,B,1,2912,0.6435439560439561,0.6435439560439561,2,B,1.0,1.0,1,B,2,1494,1967,0.7595322826639552
240115-B-157_crop_00.jpg,4,D,1,113,0.18584070796460178,0.0,2,B,1.0,0.0,1,B,2,21,1967,0.010676156583629894
240115-B-157_crop_00.jpg,4,D,2,197,0.49746192893401014,0.49746192893401014,4,D,1.0,1.0,1,D,4,98,98,1.0
240115-B-157_crop_00.jpg,4,D,3,113,0.0,0.0,0,bg,0.0,0.0,0,,0,0,0,0.0
240115-B-157_crop_00.jpg,4,D,4,81,0.0,0.0,0,bg,0.0,0.0,0,,0,0,0,0.0
240115-B-161_crop_00.jpg,2,B,1,435,0.7793103448275862,0.0,3,C,1.0,0.0,1,C,1,339,354,0.9576271186440678
240115-B-161_crop_00.jpg,2,B,2,529,0.9243856332703214,0.9243856332703214,2,B,1.0,1.0,1,B,4,489,574,0.8519163763066202
240115-B-161_crop_00.jpg,2,B,3,338,0.9260355029585798,0.9260355029585798,2,B,1.0,1.0,1,B,5,313,391,0.8005115089514067
240115-B-161_crop_00.jpg,3,C,1,142,0.8873239436619719,0.8873239436619719,3,C,1.0,1.0,1,C,2,126,148,0.8513513513513513
240115-B-161_crop_00.jpg,3,C,2,82,0.13414634146341464,0.13414634146341464,3,C,1.0,1.0,1,C,3,11,11,1.0
240115-B-162_crop_00.jpg,2,B,1,1282,0.9711388455538221,0.9711388455538221,2,B,1.0,1.0,1,B,1,1245,1491,0.8350100603621731
240115-B-162_crop_00.jpg,2,B,2,203,0.7192118226600985,0.09852216748768473,3,C,0.863013698630137,0.136986301369863,2,B|C,2,146,153,0.954248366013072
240115-B-162_crop_00.jpg,3,C,1,83,0.7831325301204819,0.7831325301204819,3,C,1.0,1.0,1,C,3,65,76,0.8552631578947368
240115-B-162_crop_00.jpg,4,D,1,194,0.0,0.0,0,bg,0.0,0.0,0,,0,0,0,0.0
240115-B-163_crop_00.jpg,2,B,1,1394,0.9139167862266858,0.9139167862266858,2,B,1.0,1.0,1,B,3,1274,1442,0.883495145631068
240115-B-163_crop_00.jpg,2,B,2,232,0.31896551724137934,0.31896551724137934,2,B,1.0,1.0,1,B,4,74,78,0.9487179487179487
240115-B-163_crop_00.jpg,3,C,1,74,0.5540540540540541,0.5540540540540541,3,C,1.0,1.0,1,C,2,41,53,0.7735849056603774
240115-B-163_crop_00.jpg,3,C,2,182,0.8406593406593407,0.8406593406593407,3,C,1.0,1.0,1,C,5,153,178,0.8595505617977528
240115-B-172_crop_00.jpg,2,B,1,4632,0.8700345423143351,0.8700345423143351,2,B,1.0,1.0,1,B,2,4030,4213,0.9565630192262046
240115-B-172_crop_00.jpg,3,C,1,149,0.7986577181208053,0.7986577181208053,3,C,1.0,1.0,1,C,1,119,175,0.68
240115-B-173_crop_02.jpg,2,B,1,314,0.9076433121019108,0.9076433121019108,2,B,1.0,1.0,1,B,1,285,366,0.7786885245901639
240115-B-174_crop_00.jpg,2,B,1,1844,0.911062906724512,0.43926247288503256,3,C,0.5178571428571429,0.48214285714285715,2,B|C,2,1680,1839,0.9135399673735726
240115-B-174_crop_00.jpg,3,C,1,150,0.0,0.0,0,bg,0.0,0.0,0,,0,0,0,0.0
240115-C-148_crop_00.jpg,3,C,1,6695,0.8864824495892457,0.8864824495892457,3,C,1.0,1.0,1,C,2,5935,6017,0.9863719461525677
240115-C-148_crop_00.jpg,3,C,2,191,0.7539267015706806,0.7539267015706806,3,C,1.0,1.0,1,C,3,144,144,1.0
240115-C-155_crop_01.jpg,2,B,1,205,0.751219512195122,0.0,3,C,1.0,0.0,1,C,1,154,184,0.8369565217391305
240115-C-155_crop_01.jpg,3,C,1,94,0.3191489361702128,0.3191489361702128,3,C,1.0,1.0,1,C,2,30,30,1.0
240115-C-155_crop_01.jpg,3,C,2,87,0.0,0.0,0,bg,0.0,0.0,0,,0,0,0,0.0
240115-C-156_crop_00.jpg,3,C,1,3190,0.9620689655172414,0.9620689655172414,3,C,1.0,1.0,1,C,1,3069,3253,0.9434368275438058
240115-C-156_crop_01.jpg,3,C,1,253,0.8774703557312253,0.8774703557312253,3,C,1.0,1.0,1,C,1,222,242,0.9173553719008265
240115-C-160_crop_01.jpg,1,A,1,394,0.9441624365482234,0.9441624365482234,1,A,1.0,1.0,1,A,2,372,473,0.7864693446088795
240115-C-160_crop_01.jpg,3,C,1,103,0.7475728155339806,0.7475728155339806,3,C,1.0,1.0,1,C,1,77,81,0.9506172839506173
240115-C-160_crop_01.jpg,3,C,2,2437,0.940500615510874,0.940500615510874,3,C,1.0,1.0,1,C,3,2292,2380,0.9630252100840336
240115-C-163_crop_00.jpg,1,A,1,246,0.8983739837398373,0.8983739837398373,1,A,1.0,1.0,1,A,4,221,287,0.7700348432055749
240115-C-163_crop_00.jpg,3,C,1,151,0.7814569536423841,0.7814569536423841,3,C,1.0,1.0,1,C,1,118,143,0.8251748251748252
240115-C-163_crop_00.jpg,3,C,2,720,0.8694444444444445,0.8694444444444445,3,C,1.0,1.0,1,C,2,626,641,0.9765990639625585
240115-C-163_crop_00.jpg,3,C,3,2177,0.9205328433624254,0.9205328433624254,3,C,1.0,1.0,1,C,3,2004,2105,0.9520190023752969
240115-C-163_crop_01.jpg,1,A,1,324,0.8302469135802469,0.8302469135802469,1,A,1.0,1.0,1,A,2,269,322,0.8354037267080745
240115-C-163_crop_01.jpg,1,A,2,522,0.8045977011494253,0.8045977011494253,1,A,1.0,1.0,1,A,3,420,519,0.8092485549132948
240115-C-163_crop_01.jpg,3,C,1,100,0.93,0.93,3,C,1.0,1.0,1,C,1,93,105,0.8857142857142857
240115-C-168_crop_01.jpg,2,B,1,859,0.4412107101280559,0.4412107101280559,2,B,1.0,1.0,1,B,2,379,386,0.9818652849740933
240115-C-168_crop_01.jpg,3,C,1,22,0.0,0.0,0,bg,0.0,0.0,0,,0,0,0,0.0
240115-C-168_crop_01.jpg,3,C,2,365,0.8876712328767123,0.8876712328767123,3,C,1.0,1.0,1,C,1,324,352,0.9204545454545454
240115-C-169_crop_01.jpg,3,C,1,72,0.9444444444444444,0.9444444444444444,3,C,1.0,1.0,1,C,1,68,76,0.8947368421052632
240115-C-169_crop_01.jpg,3,C,2,130,0.5923076923076923,0.5923076923076923,3,C,1.0,1.0,1,C,2,77,77,1.0
240115-C-172_crop_00.jpg,3,C,1,93,0.3978494623655914,0.3978494623655914,3,C,1.0,1.0,1,C,1,37,37,1.0
240115-C-172_crop_00.jpg,3,C,2,1999,0.896448224112056,0.8959479739869936,3,C,0.9994419642857143,0.9994419642857143,1,C,2,1792,1923,0.9318772750910036
240115-C-173_crop_01.jpg,2,B,1,98,0.0,0.0,0,bg,0.0,0.0,0,,0,0,0,0.0
240115-C-173_crop_01.jpg,3,C,1,114,0.0,0.0,0,bg,0.0,0.0,0,,0,0,0,0.0
240115-C-173_crop_01.jpg,3,C,2,127,0.8188976377952756,0.8188976377952756,3,C,1.0,1.0,1,C,1,104,120,0.8666666666666667
240124-A-747_crop_00.jpg,1,A,1,936,0.8867521367521367,0.8867521367521367,1,A,1.0,1.0,1,A,1,830,875,0.9485714285714286
240124-A-747_crop_00.jpg,1,A,2,1131,0.8753315649867374,0.8753315649867374,1,A,1.0,1.0,1,A,2,990,1041,0.9510086455331412
240124-A-747_crop_00.jpg,1,A,3,163,0.8282208588957055,0.8282208588957055,1,A,1.0,1.0,1,A,3,135,148,0.9121621621621622
240124-A-747_crop_00.jpg,1,A,4,1081,0.8973172987974098,0.8973172987974098,1,A,1.0,1.0,1,A,4,970,1067,0.9090909090909091
240124-B-176_crop_00.jpg,2,B,1,3408,0.858274647887324,0.858274647887324,2,B,1.0,1.0,1,B,2,1882,2178,0.8640955004591369
240124-B-176_crop_00.jpg,4,D,1,755,0.0,0.0,0,bg,0.0,0.0,0,,0,0,0,0.0
240124-B-179_crop_00.jpg,2,B,1,875,0.5291428571428571,0.5291428571428571,2,B,1.0,1.0,1,B,2,381,461,0.8264642082429501
240124-B-183_crop_01.jpg,4,D,1,113,0.1415929203539823,0.1415929203539823,4,D,1.0,1.0,1,D,1,16,16,1.0
240124-B-185_crop_01.jpg,2,B,1,386,0.0,0.0,0,bg,0.0,0.0,0,,0,0,0,0.0
240124-B-185_crop_02.jpg,2,B,1,293,0.13310580204778158,0.13310580204778158,2,B,1.0,1.0,1,B,2,24,24,1.0
240124-B-186_crop_01.jpg,3,C,1,316,0.8512658227848101,0.8512658227848101,3,C,1.0,1.0,1,C,1,269,296,0.9087837837837838
240124-B-186_crop_01.jpg,3,C,2,193,0.0,0.0,0,bg,0.0,0.0,0,,0,0,0,0.0
240124-B-191_crop_01.jpg,2,B,1,238,0.7689075630252101,0.0,3,C,1.0,0.0,1,C,2,183,185,0.9891891891891892
240124-B-191_crop_01.jpg,3,C,1,126,0.9682539682539683,0.9682539682539683,3,C,1.0,1.0,1,C,1,122,170,0.7176470588235294
240124-B-191_crop_02.jpg,3,C,1,85,0.0,0.0,0,bg,0.0,0.0,0,,0,0,0,0.0
240124-B-25_crop_00.jpg,2,B,1,4712,0.7589134125636672,0.7589134125636672,2,B,1.0,1.0,1,B,1,3576,4244,0.8426013195098964
240124-B-28_crop_00.jpg,2,B,1,1435,0.9059233449477352,0.7888501742160279,2,B,0.8707692307692307,0.8707692307692307,2,B|D,1,1300,1380,0.9420289855072463
240124-B-28_crop_00.jpg,4,D,1,253,0.8379446640316206,0.8379446640316206,4,D,1.0,1.0,1,D,3,212,212,1.0
240124-B-32_crop_00.jpg,4,D,1,72,0.875,0.875,4,D,1.0,1.0,1,D,2,63,69,0.9130434782608695
240124-B-32_crop_00.jpg,4,D,2,72,0.7361111111111112,0.7361111111111112,4,D,1.0,1.0,1,D,3,53,57,0.9298245614035088
240124-B-32_crop_01.jpg,2,B,1,11025,0.7731519274376417,0.6515192743764172,2,B,0.8426794931956828,0.8426794931956828,2,B|C,3,6087,6555,0.928604118993135
240124-B-34_crop_00.jpg,2,B,1,2469,0.7533414337788579,0.7533414337788579,2,B,1.0,1.0,1,B,1,1859,1899,0.9789362822538178
240124-B-37_crop_01.jpg,4,D,1,106,0.16037735849056603,0.16037735849056603,4,D,1.0,1.0,1,D,1,17,17,1.0
240124-B-37_crop_01.jpg,4,D,2,99,0.9090909090909091,0.9090909090909091,4,D,1.0,1.0,1,D,2,90,94,0.9574468085106383
240124-C-176_crop_00.jpg,3,C,1,255,0.5764705882352941,0.0,2,B,1.0,0.0,1,B,1,147,152,0.9671052631578947
240124-C-176_crop_00.jpg,3,C,2,119,0.6554621848739496,0.6554621848739496,3,C,1.0,1.0,1,C,2,78,83,0.9397590361445783
240124-C-176_crop_00.jpg,3,C,3,3611,0.8643035170312933,0.8643035170312933,3,C,1.0,1.0,1,C,3,3121,3134,0.9958519463943841
240508_2-11_crop_01.jpg,1,A,1,297,0.7912457912457912,0.7912457912457912,1,A,1.0,1.0,1,A,2,235,399,0.5889724310776943
240508_2-13_crop_00.jpg,1,A,1,431,0.9419953596287703,0.9419953596287703,1,A,1.0,1.0,1,A,1,406,459,0.8845315904139434
240508_2-13_crop_00.jpg,1,A,2,420,0.919047619047619,0.919047619047619,1,A,1.0,1.0,1,A,3,386,458,0.8427947598253275
240508_2-13_crop_00.jpg,1,A,3,123,0.7886178861788617,0.7886178861788617,1,A,1.0,1.0,1,A,2,97,106,0.9150943396226415
240508_2-13_crop_00.jpg,1,A,4,425,0.9670588235294117,0.9670588235294117,1,A,1.0,1.0,1,A,4,411,599,0.6861435726210351
240508_2-13_crop_00.jpg,1,A,5,64,0.953125,0.953125,1,A,1.0,1.0,1,A,5,61,72,0.8472222222222222
240508_2-13_crop_00.jpg,1,A,6,363,0.8567493112947658,0.8567493112947658,1,A,1.0,1.0,1,A,6,311,322,0.9658385093167702
240508_2-13_crop_00.jpg,1,A,7,801,0.9525593008739076,0.9525593008739076,1,A,1.0,1.0,1,A,8,763,1554,0.49099099099099097
240508_2-13_crop_00.jpg,1,A,8,564,0.9432624113475178,0.9432624113475178,1,A,1.0,1.0,1,A,8,532,1554,0.34234234234234234
240508_2-13_crop_00.jpg,3,C,1,151,0.9205298013245033,0.37748344370860926,1,A,0.5899280575539568,0.41007194244604317,2,A|C,4,139,599,0.23205342237061768
240508_2-13_crop_01.jpg,1,A,1,173,0.8786127167630058,0.8786127167630058,1,A,1.0,1.0,1,A,1,152,171,0.8888888888888888
240508_2-13_crop_01.jpg,1,A,2,374,0.8743315508021391,0.8743315508021391,1,A,1.0,1.0,1,A,2,327,350,0.9342857142857143
240508_2-13_crop_01.jpg,1,A,3,202,0.9257425742574258,0.9257425742574258,1,A,1.0,1.0,1,A,5,187,229,0.8165938864628821
240508_2-13_crop_01.jpg,1,A,4,204,0.9313725490196079,0.9313725490196079,1,A,1.0,1.0,1,A,6,190,203,0.9359605911330049
240508_2-13_crop_01.jpg,1,A,5,705,0.8822695035460993,0.8822695035460993,1,A,1.0,1.0,1,A,7,622,651,0.9554531490015361
240508_2-13_crop_01.jpg,1,A,6,121,0.8925619834710744,0.8925619834710744,1,A,1.0,1.0,1,A,8,108,121,0.8925619834710744
240508_2-13_crop_01.jpg,4,D,1,49,0.0,0.0,0,bg,0.0,0.0,0,,0,0,0,0.0
240508_2-13_crop_01.jpg,4,D,2,49,0.0,0.0,0,bg,0.0,0.0,0,,0,0,0,0.0
240508_2-16_crop_00.jpg,1,A,1,239,0.8200836820083682,0.6150627615062761,1,A,0.75,0.75,2,A|C,1,196,202,0.9702970297029703
240508_2-16_crop_00.jpg,3,C,1,344,0.8168604651162791,0.8168604651162791,3,C,1.0,1.0,1,C,2,281,282,0.9964539007092199
240508_2-16_crop_00.jpg,4,D,1,30,0.0,0.0,0,bg,0.0,0.0,0,,0,0,0,0.0
240508_2-1_crop_00.jpg,1,A,1,389,0.9305912596401028,0.9305912596401028,1,A,1.0,1.0,1,A,2,362,411,0.8807785888077859
240508_2-1_crop_00.jpg,1,A,2,198,0.8535353535353535,0.8535353535353535,1,A,1.0,1.0,1,A,3,169,175,0.9657142857142857
240508_2-1_crop_00.jpg,1,A,3,333,0.8048048048048048,0.8048048048048048,1,A,1.0,1.0,1,A,5,268,309,0.8673139158576052
240508_2-1_crop_00.jpg,1,A,4,821,0.8501827040194885,0.8501827040194885,1,A,1.0,1.0,1,A,6,698,708,0.9858757062146892
240508_2-1_crop_00.jpg,1,A,5,989,0.8584428715874621,0.8584428715874621,1,A,1.0,1.0,1,A,7,849,893,0.9507278835386338
240508_2-1_crop_00.jpg,1,A,6,282,0.6737588652482269,0.6737588652482269,1,A,1.0,1.0,1,A,8,190,195,0.9743589743589743
240508_2-1_crop_00.jpg,3,C,1,296,0.7736486486486487,0.0,1,A,1.0,0.0,1,A,1,229,247,0.9271255060728745
240508_2-20_crop_00.jpg,1,A,1,163,0.8220858895705522,0.8220858895705522,1,A,1.0,1.0,1,A,1,134,143,0.9370629370629371
240508_2-20_crop_00.jpg,1,A,2,251,0.9083665338645418,0.9083665338645418,1,A,1.0,1.0,1,A,2,228,242,0.9421487603305785
240508_2-20_crop_00.jpg,1,A,3,515,0.8116504854368932,0.8116504854368932,1,A,1.0,1.0,1,A,3,418,473,0.8837209302325582
240508_2-20_crop_00.jpg,1,A,4,841,0.896551724137931,0.896551724137931,1,A,1.0,1.0,1,A,4,754,852,0.8849765258215962
240508_2-21_crop_01.jpg,1,A,1,1669,0.8520071899340923,0.8520071899340923,1,A,1.0,1.0,1,A,1,1422,1431,0.9937106918238994
240508_2-21_crop_01.jpg,1,A,2,737,0.9077340569877883,0.9077340569877883,1,A,1.0,1.0,1,A,2,669,716,0.9343575418994413
240508_2-21_crop_01.jpg,1,A,3,157,0.7834394904458599,0.7834394904458599,1,A,1.0,1.0,1,A,3,123,134,0.917910447761194
240508_2-21_crop_01.jpg,1,A,4,129,0.8217054263565892,0.8217054263565892,1,A,1.0,1.0,1,A,4,106,138,0.7681159420289855
240508_2-21_crop_01.jpg,1,A,5,645,0.9286821705426357,0.9286821705426357,1,A,1.0,1.0,1,A,5,599,740,0.8094594594594594
240508_2-23_crop_00.jpg,1,A,1,1244,0.8802250803858521,0.8802250803858521,1,A,1.0,1.0,1,A,1,1095,1117,0.9803043867502238
240508_2-23_crop_00.jpg,1,A,2,47,1.0,1.0,1,A,1.0,1.0,1,A,3,47,134,0.35074626865671643
240508_2-23_crop_00.jpg,1,A,3,57,0.8070175438596491,0.8070175438596491,1,A,1.0,1.0,1,A,3,46,134,0.34328358208955223
240508_2-23_crop_00.jpg,3,C,1,49,0.0,0.0,0,bg,0.0,0.0,0,,0,0,0,0.0
240508_2-23_crop_00.jpg,3,C,2,91,1.0,1.0,3,C,1.0,1.0,1,C,2,91,347,0.2622478386167147
240508_2-23_crop_00.jpg,3,C,3,229,0.8864628820960698,0.8864628820960698,3,C,1.0,1.0,1,C,2,203,347,0.5850144092219021
240508_2-27_crop_00.jpg,1,A,1,116,0.8189655172413793,0.8189655172413793,1,A,1.0,1.0,1,A,1,95,103,0.9223300970873787
240508_2-27_crop_00.jpg,1,A,2,274,0.7956204379562044,0.7956204379562044,1,A,1.0,1.0,1,A,2,218,227,0.960352422907489
240508_2-27_crop_00.jpg,1,A,3,478,0.8514644351464435,0.8514644351464435,1,A,1.0,1.0,1,A,3,407,410,0.9926829268292683
240508_2-27_crop_00.jpg,1,A,4,2108,0.9440227703984819,0.9440227703984819,1,A,1.0,1.0,1,A,4,1990,2186,0.9103385178408051
240508_2-27_crop_00.jpg,1,A,5,378,0.8253968253968254,0.8253968253968254,1,A,1.0,1.0,1,A,5,312,314,0.9936305732484076
240508_2-27_crop_00.jpg,1,A,6,823,0.905224787363305,0.905224787363305,1,A,1.0,1.0,1,A,6,745,764,0.975130890052356
240508_2-28_crop_02.jpg,3,C,1,158,0.7974683544303798,0.5949367088607594,3,C,0.746031746031746,0.746031746031746,2,A|C,1,126,136,0.9264705882352942
240508_2-2_crop_00.jpg,1,A,1,501,0.8862275449101796,0.8862275449101796,1,A,1.0,1.0,1,A,2,444,496,0.8951612903225806
240508_2-2_crop_00.jpg,1,A,2,229,0.8296943231441049,0.8296943231441049,1,A,1.0,1.0,1,A,4,190,479,0.3966597077244259
240508_2-2_crop_00.jpg,1,A,3,166,0.9337349397590361,0.9337349397590361,1,A,1.0,1.0,1,A,4,155,479,0.3235908141962422
240508_2-2_crop_00.jpg,1,A,4,119,0.7899159663865546,0.7899159663865546,1,A,1.0,1.0,1,A,5,94,118,0.7966101694915254
240508_2-2_crop_00.jpg,3,C,1,302,0.9072847682119205,0.0,1,A,1.0,0.0,1,A,1,274,295,0.9288135593220339
240508_2-30_crop_02.jpg,3,C,1,207,0.8164251207729468,0.8164251207729468,3,C,1.0,1.0,1,C,1,169,190,0.8894736842105263
240508_2-34_crop_00.jpg,1,A,1,612,0.7712418300653595,0.31209150326797386,3,C,0.5953389830508474,0.4046610169491525,2,A|C,1,472,498,0.9477911646586346
240508_2-34_crop_00.jpg,1,A,2,87,0.8850574712643678,0.8850574712643678,1,A,1.0,1.0,1,A,2,77,90,0.8555555555555555
240508_2-34_crop_00.jpg,1,A,3,1895,0.9097625329815303,0.9097625329815303,1,A,1.0,1.0,1,A,3,1724,1826,0.9441401971522454
240508_2-34_crop_00.jpg,1,A,4,310,0.832258064516129,0.832258064516129,1,A,1.0,1.0,1,A,4,258,277,0.9314079422382672
240508_2-36_crop_00.jpg,1,A,1,1315,0.864638783269962,0.864638783269962,1,A,1.0,1.0,1,A,1,1137,1185,0.959493670886076
240508_2-36_crop_00.jpg,1,A,2,738,0.9525745257452575,0.9525745257452575,1,A,1.0,1.0,1,A,2,703,747,0.9410977242302544
240508_2-36_crop_00.jpg,1,A,3,459,0.9324618736383442,0.9324618736383442,1,A,1.0,1.0,1,A,3,428,984,0.4349593495934959
240508_2-36_crop_00.jpg,1,A,4,420,0.8261904761904761,0.8261904761904761,1,A,1.0,1.0,1,A,4,347,357,0.9719887955182073
240508_2-36_crop_00.jpg,1,A,5,1450,0.886896551724138,0.886896551724138,1,A,1.0,1.0,1,A,5,1286,1372,0.9373177842565598
240508_2-36_crop_00.jpg,1,A,6,247,0.8947368421052632,0.8947368421052632,1,A,1.0,1.0,1,A,6,221,228,0.9692982456140351
240508_2-36_crop_00.jpg,1,A,7,195,0.8923076923076924,0.8923076923076924,1,A,1.0,1.0,1,A,7,174,261,0.6666666666666666
240508_2-36_crop_00.jpg,1,A,8,69,0.7681159420289855,0.7681159420289855,1,A,1.0,1.0,1,A,7,53,261,0.20306513409961685
240508_2-36_crop_00.jpg,3,C,1,446,0.8385650224215246,0.0,1,A,1.0,0.0,1,A,3,374,984,0.3800813008130081
240508_2-38_crop_01.jpg,1,A,1,247,0.9149797570850202,0.9149797570850202,1,A,1.0,1.0,1,A,1,226,260,0.8692307692307693
240508_2-38_crop_01.jpg,4,D,1,113,0.6637168141592921,0.6637168141592921,4,D,1.0,1.0,1,D,2,75,75,1.0
240508_2-39_crop_01.jpg,1,A,1,773,0.8939197930142303,0.8939197930142303,1,A,1.0,1.0,1,A,1,691,702,0.9843304843304843
240508_2-39_crop_01.jpg,1,A,2,59,0.7796610169491526,0.7796610169491526,1,A,1.0,1.0,1,A,2,46,49,0.9387755102040817
240508_2-39_crop_01.jpg,1,A,3,107,0.6915887850467289,0.6915887850467289,1,A,1.0,1.0,1,A,3,74,81,0.9135802469135802
240508_2-39_crop_01.jpg,1,A,4,171,0.8362573099415205,0.8362573099415205,1,A,1.0,1.0,1,A,4,143,164,0.8719512195121951
240508_2-39_crop_01.jpg,4,D,1,49,0.0,0.0,0,bg,0.0,0.0,0,,0,0,0,0.0
240508_2-3_crop_00.jpg,1,A,1,90,0.8333333333333334,0.8333333333333334,1,A,1.0,1.0,1,A,1,75,242,0.30991735537190085
240508_2-3_crop_00.jpg,1,A,2,204,0.9607843137254902,0.9607843137254902,1,A,1.0,1.0,1,A,2,196,242,0.8099173553719008
240508_2-3_crop_00.jpg,3,C,1,180,0.7777777777777778,0.0,1,A,1.0,0.0,1,A,1,140,242,0.5785123966942148
240508_2-3_crop_00.jpg,3,C,2,174,0.9310344827586207,0.9310344827586207,3,C,1.0,1.0,1,C,3,162,189,0.8571428571428571
240508_2-3_crop_00.jpg,4,D,1,81,0.9012345679012346,0.9012345679012346,4,D,1.0,1.0,1,D,4,73,80,0.9125
240508_2-3_crop_01.jpg,1,A,1,540,0.8851851851851852,0.8851851851851852,1,A,1.0,1.0,1,A,1,478,486,0.9835390946502057
240508_2-3_crop_01.jpg,1,A,2,80,0.3875,0.3875,1,A,1.0,1.0,1,A,2,31,31,1.0
240508_2-4_crop_01.jpg,1,A,1,192,0.7395833333333334,0.7395833333333334,1,A,1.0,1.0,1,A,1,142,149,0.9530201342281879
240508_2-4_crop_01.jpg,1,A,2,167,0.9221556886227545,0.9221556886227545,1,A,1.0,1.0,1,A,2,154,159,0.9685534591194969
240508_2-4_crop_01.jpg,1,A,3,251,0.8366533864541833,0.8366533864541833,1,A,1.0,1.0,1,A,4,210,229,0.9170305676855895
240508_2-5_crop_02.jpg,3,C,1,50,0.0,0.0,0,bg,0.0,0.0,0,,0,0,0,0.0
240508_2-5_crop_02.jpg,3,C,2,132,0.8257575757575758,0.8257575757575758,3,C,1.0,1.0,1,C,1,109,119,0.9159663865546218
240508_2-6_crop_02.jpg,1,A,1,206,0.912621359223301,0.0,3,C,1.0,0.0,1,C,2,188,205,0.9170731707317074
240508_2-7_crop_01.jpg,1,A,1,74,0.7567567567567568,0.7567567567567568,1,A,1.0,1.0,1,A,1,56,67,0.835820895522388
240508_2-7_crop_01.jpg,1,A,2,121,0.9421487603305785,0.9421487603305785,1,A,1.0,1.0,1,A,2,114,133,0.8571428571428571
240508_2-7_crop_01.jpg,1,A,3,124,0.782258064516129,0.782258064516129,1,A,1.0,1.0,1,A,5,97,97,1.0
240508_2-7_crop_01.jpg,1,A,4,167,0.9401197604790419,0.9401197604790419,1,A,1.0,1.0,1,A,6,157,170,0.9235294117647059
240508_2-7_crop_01.jpg,1,A,5,70,0.6,0.6,1,A,1.0,1.0,1,A,7,42,42,1.0
240508_2-7_crop_01.jpg,1,A,6,120,0.9083333333333333,0.9083333333333333,1,A,1.0,1.0,1,A,8,109,134,0.8134328358208955
240508_2-9_crop_01.jpg,1,A,1,1224,0.8496732026143791,0.8496732026143791,1,A,1.0,1.0,1,A,1,1040,1123,0.9260908281389136
240508_2-9_crop_01.jpg,1,A,2,72,0.9722222222222222,0.9722222222222222,1,A,1.0,1.0,1,A,2,70,90,0.7777777777777778
240508_2-9_crop_01.jpg,1,A,3,335,0.7820895522388059,0.7820895522388059,1,A,1.0,1.0,1,A,4,262,276,0.9492753623188406
240508_2-9_crop_01.jpg,1,A,4,210,0.9095238095238095,0.9095238095238095,1,A,1.0,1.0,1,A,5,191,193,0.9896373056994818
240508_4-11_crop_01.jpg,2,B,1,643,0.8911353032659409,0.8911353032659409,2,B,1.0,1.0,1,B,2,573,655,0.8748091603053435
240508_4-11_crop_01.jpg,2,B,2,130,0.038461538461538464,0.038461538461538464,2,B,1.0,1.0,1,B,3,5,5,1.0
240508_4-13_crop_00.jpg,2,B,1,468,0.8141025641025641,0.8141025641025641,2,B,1.0,1.0,1,B,1,381,413,0.9225181598062954
240508_4-13_crop_00.jpg,2,B,2,205,0.0,0.0,0,bg,0.0,0.0,0,,0,0,0,0.0
240508_4-2_crop_00.jpg,3,C,1,92,0.021739130434782608,0.021739130434782608,3,C,1.0,1.0,1,C,2,2,2,1.0
240508_4-2_crop_00.jpg,3,C,2,250,0.956,0.948,3,C,0.9916317991631799,0.9916317991631799,1,C,4,239,289,0.8269896193771626
240508_4-2_crop_00.jpg,4,D,1,49,0.3673469387755102,0.3673469387755102,4,D,1.0,1.0,1,D,1,18,18,1.0
240508_4-2_crop_00.jpg,4,D,2,29,0.9655172413793104,0.0,2,B,1.0,0.0,1,B,3,28,79,0.35443037974683544
240508_4-2_crop_01.jpg,2,B,1,404,0.655940594059406,0.655940594059406,2,B,1.0,1.0,1,B,2,265,282,0.9397163120567376
240508_4-2_crop_01.jpg,3,C,1,109,0.8532110091743119,0.8532110091743119,3,C,1.0,1.0,1,C,4,93,114,0.8157894736842105
240508_4-3_crop_00.jpg,2,B,1,593,0.41989881956155145,0.41989881956155145,2,B,1.0,1.0,1,B,2,249,309,0.8058252427184466
240508_4-3_crop_00.jpg,3,C,1,82,0.0,0.0,0,bg,0.0,0.0,0,,0,0,0,0.0
240508_4-3_crop_00.jpg,3,C,2,96,0.8958333333333334,0.8958333333333334,3,C,1.0,1.0,1,C,4,86,106,0.8113207547169812
240508_4-3_crop_00.jpg,4,D,1,113,0.0,0.0,0,bg,0.0,0.0,0,,0,0,0,0.0
240508_4-3_crop_00.jpg,4,D,2,49,0.9183673469387755,0.9183673469387755,4,D,1.0,1.0,1,D,3,45,56,0.8035714285714286
240508_4-3_crop_00.jpg,4,D,3,81,0.9876543209876543,0.9876543209876543,4,D,1.0,1.0,1,D,5,80,96,0.8333333333333334
240508_4-3_crop_00.jpg,4,D,4,81,0.9506172839506173,0.9506172839506173,4,D,1.0,1.0,1,D,6,77,83,0.927710843373494
240508_4-9_crop_00.jpg,2,B,1,594,0.8215488215488216,0.8215488215488216,2,B,1.0,1.0,1,B,2,488,585,0.8341880341880342
240508_4-9_crop_00.jpg,2,B,2,481,0.9563409563409564,0.9563409563409564,2,B,1.0,1.0,1,B,3,460,550,0.8363636363636363
240508_4-9_crop_00.jpg,3,C,1,108,0.9629629629629629,0.7685185185185185,3,C,0.7980769230769231,0.7980769230769231,2,B|C,4,104,654,0.15902140672782875
240508_4-9_crop_00.jpg,3,C,2,154,0.948051948051948,0.0,2,B,1.0,0.0,1,B,4,146,654,0.22324159021406728
240508_4-9_crop_00.jpg,4,D,1,113,0.9557522123893806,0.9557522123893806,4,D,1.0,1.0,1,D,1,108,119,0.907563025210084
240508_4-9_crop_02.jpg,3,C,1,167,0.16766467065868262,0.16766467065868262,3,C,1.0,1.0,1,C,1,28,45,0.6222222222222222
240508_4-9_crop_02.jpg,4,D,1,113,0.8407079646017699,0.8407079646017699,4,D,1.0,1.0,1,D,2,95,95,1.0
240508_5-11_crop_01.jpg,4,D,1,113,0.6017699115044248,0.6017699115044248,4,D,1.0,1.0,1,D,1,68,68,1.0
240508_5-11_crop_01.jpg,4,D,2,1009,0.7561942517343905,0.7561942517343905,4,D,1.0,1.0,1,D,2,763,763,1.0
240508_5-11_crop_01.jpg,4,D,3,49,0.0,0.0,0,bg,0.0,0.0,0,,0,0,0,0.0
240508_5-11_crop_01.jpg,4,D,4,49,0.8163265306122449,0.8163265306122449,4,D,1.0,1.0,1,D,3,40,40,1.0
240508_5-18_crop_00.jpg,4,D,1,49,0.8163265306122449,0.8163265306122449,4,D,1.0,1.0,1,D,1,40,42,0.9523809523809523
240508_5-18_crop_00.jpg,4,D,2,149,0.8791946308724832,0.8791946308724832,4,D,1.0,1.0,1,D,2,131,131,1.0
240508_5-18_crop_00.jpg,4,D,3,113,0.8230088495575221,0.8230088495575221,4,D,1.0,1.0,1,D,3,93,93,1.0
240508_5-4_crop_02.jpg,4,D,1,49,0.7142857142857143,0.7142857142857143,4,D,1.0,1.0,1,D,1,35,35,1.0
240508_5-7_crop_01.jpg,4,D,1,81,0.5802469135802469,0.5802469135802469,4,D,1.0,1.0,1,D,1,47,47,1.0
240508_5-7_crop_01.jpg,4,D,2,49,0.0,0.0,0,bg,0.0,0.0,0,,0,0,0,0.0
240508_5-7_crop_01.jpg,4,D,3,49,0.7755102040816326,0.7755102040816326,4,D,1.0,1.0,1,D,2,38,41,0.926829268292683
2408_C-40_crop_00.jpg,2,B,1,294,0.3979591836734694,0.0,3,C,1.0,0.0,1,C,9,117,117,1.0
2408_C-40_crop_00.jpg,3,C,1,72,0.6944444444444444,0.6944444444444444,3,C,1.0,1.0,1,C,1,50,56,0.8928571428571429
2408_C-40_crop_00.jpg,3,C,2,158,0.810126582278481,0.810126582278481,3,C,1.0,1.0,1,C,2,128,181,0.7071823204419889
2408_C-40_crop_00.jpg,3,C,3,1024,0.5537109375,0.5537109375,3,C,1.0,1.0,1,C,3,564,606,0.9306930693069307
2408_C-40_crop_00.jpg,3,C,4,401,0.7780548628428927,0.7780548628428927,3,C,1.0,1.0,1,C,8,261,282,0.925531914893617
2408_C-40_crop_00.jpg,3,C,5,123,0.0,0.0,0,bg,0.0,0.0,0,,0,0,0,0.0
2408_C-42_crop_01.jpg,3,C,1,152,0.631578947368421,0.631578947368421,3,C,1.0,1.0,1,C,1,96,97,0.9896907216494846
2408_C-43_crop_02.jpg,3,C,1,409,0.9339853300733496,0.9339853300733496,3,C,1.0,1.0,1,C,1,382,442,0.8642533936651584
2408_C-47_crop_01.jpg,3,C,1,241,0.91701244813278,0.91701244813278,3,C,1.0,1.0,1,C,1,221,293,0.7542662116040956
2408_C-47_crop_01.jpg,3,C,2,113,0.831858407079646,0.831858407079646,3,C,1.0,1.0,1,C,2,94,117,0.8034188034188035
2408_C-56_crop_01.jpg,1,A,1,164,0.9939024390243902,0.0,3,C,1.0,0.0,1,C,1,163,215,0.7581395348837209
2408_C-56_crop_01.jpg,1,A,2,405,0.9703703703703703,0.9703703703703703,1,A,1.0,1.0,1,A,2,393,446,0.8811659192825112
2408_C-57_crop_01.jpg,1,A,1,276,0.9239130434782609,0.8659420289855072,1,A,0.9372549019607843,0.9372549019607843,2,A|C,2,255,299,0.8528428093645485
2408_C-57_crop_01.jpg,1,A,2,129,0.875968992248062,0.875968992248062,1,A,1.0,1.0,1,A,4,113,123,0.9186991869918699
2408_C-57_crop_01.jpg,1,A,3,120,0.9666666666666667,0.9666666666666667,1,A,1.0,1.0,1,A,5,116,141,0.8226950354609929
2408_C-57_crop_01.jpg,3,C,1,127,0.9448818897637795,0.9448818897637795,3,C,1.0,1.0,1,C,1,120,137,0.8759124087591241
2408_C-57_crop_01.jpg,3,C,2,116,0.9827586206896551,0.9827586206896551,3,C,1.0,1.0,1,C,3,114,137,0.8321167883211679
2408_C-58_crop_01.jpg,3,C,1,375,0.8933333333333333,0.8933333333333333,3,C,1.0,1.0,1,C,1,335,376,0.8909574468085106
2408_C-60_crop_01.jpg,3,C,1,793,0.8953341740226987,0.8953341740226987,3,C,1.0,1.0,1,C,1,710,735,0.9659863945578231
2408_C-63_crop_01.jpg,1,A,1,445,0.8674157303370786,0.8674157303370786,1,A,1.0,1.0,1,A,2,386,406,0.9507389162561576
2408_C-63_crop_01.jpg,1,A,2,135,0.7703703703703704,0.7703703703703704,1,A,1.0,1.0,1,A,4,104,108,0.9629629629629629
2408_C-63_crop_01.jpg,1,A,3,103,0.8349514563106796,0.8349514563106796,1,A,1.0,1.0,1,A,5,86,100,0.86
2408_C-63_crop_01.jpg,3,C,1,1658,0.916767189384801,0.916767189384801,3,C,1.0,1.0,1,C,3,1520,1675,0.9074626865671642
2408_C-64_crop_00.jpg,1,A,1,47,0.40425531914893614,0.40425531914893614,1,A,1.0,1.0,1,A,10,19,85,0.2235294117647059
2408_C-64_crop_00.jpg,1,A,2,62,0.0,0.0,0,bg,0.0,0.0,0,,0,0,0,0.0
2408_C-64_crop_00.jpg,3,C,1,140,0.7928571428571428,0.0,1,A,1.0,0.0,1,A,1,111,124,0.8951612903225806
2408_C-64_crop_00.jpg,3,C,2,82,0.7317073170731707,0.0,1,A,1.0,0.0,1,A,2,60,61,0.9836065573770492
2408_C-64_crop_00.jpg,3,C,3,64,0.953125,0.0,1,A,1.0,0.0,1,A,3,61,76,0.8026315789473685
2408_C-64_crop_00.jpg,3,C,4,431,0.8074245939675174,0.8074245939675174,3,C,1.0,1.0,1,C,4,348,348,1.0
2408_C-64_crop_00.jpg,3,C,5,59,0.9322033898305084,0.9322033898305084,3,C,1.0,1.0,1,C,5,55,70,0.7857142857142857
2408_C-64_crop_00.jpg,3,C,6,111,0.9279279279279279,0.9279279279279279,3,C,1.0,1.0,1,C,6,103,119,0.865546218487395
2408_C-64_crop_00.jpg,3,C,7,1151,0.944396177237185,0.944396177237185,3,C,1.0,1.0,1,C,7,1087,1177,0.923534409515718
2408_C-64_crop_00.jpg,3,C,8,115,0.7217391304347827,0.7217391304347827,3,C,1.0,1.0,1,C,8,83,100,0.83
2408_C-64_crop_00.jpg,3,C,9,81,0.8518518518518519,0.8518518518518519,3,C,1.0,1.0,1,C,9,69,80,0.8625
2408_C-64_crop_00.jpg,3,C,10,55,0.8909090909090909,0.0,1,A,1.0,0.0,1,A,10,49,85,0.5764705882352941
2408_C-64_crop_02.jpg,3,C,1,96,0.9479166666666666,0.9479166666666666,3,C,1.0,1.0,1,C,1,91,114,0.7982456140350878
2408_C-65_crop_01.jpg,1,A,1,417,0.9088729016786571,0.9088729016786571,1,A,1.0,1.0,1,A,1,379,415,0.9132530120481928
2408_C-66_crop_00.jpg,1,A,1,268,0.9477611940298507,0.9477611940298507,1,A,1.0,1.0,1,A,1,254,282,0.900709219858156
2408_C-66_crop_00.jpg,3,C,1,1212,0.9389438943894389,0.9389438943894389,3,C,1.0,1.0,1,C,2,1138,1201,0.9475437135720233
2408_C-67_crop_00.jpg,1,A,1,267,0.7940074906367042,0.7940074906367042,1,A,1.0,1.0,1,A,3,212,234,0.905982905982906
2408_C-67_crop_00.jpg,3,C,1,164,0.9329268292682927,0.9329268292682927,3,C,1.0,1.0,1,C,1,153,164,0.9329268292682927
2408_C-67_crop_00.jpg,3,C,2,1312,0.9138719512195121,0.9138719512195121,3,C,1.0,1.0,1,C,2,1199,1329,0.9021820917983446
2408_C-67_crop_01.jpg,3,C,1,119,0.7142857142857143,0.7142857142857143,3,C,1.0,1.0,1,C,1,85,89,0.9550561797752809
2408_C-68_crop_00.jpg,3,C,1,135,0.7555555555555555,0.4222222222222222,3,C,0.5588235294117647,0.5588235294117647,2,A|C,1,102,102,1.0
2408_C-68_crop_00.jpg,3,C,2,1191,0.9210747271200672,0.9210747271200672,3,C,1.0,1.0,1,C,2,1097,1204,0.9111295681063123
2408_C-68_crop_00.jpg,3,C,3,75,0.44,0.44,3,C,1.0,1.0,1,C,3,33,33,1.0
2408_C-68_crop_00.jpg,3,C,4,148,0.831081081081081,0.0,1,A,1.0,0.0,1,A,4,123,123,1.0
2408_C-68_crop_00.jpg,3,C,5,84,0.7380952380952381,0.7380952380952381,3,C,1.0,1.0,1,C,5,62,76,0.8157894736842105
2408_C-68_crop_00.jpg,3,C,6,158,0.8354430379746836,0.8354430379746836,3,C,1.0,1.0,1,C,8,132,135,0.9777777777777777
2408_C-72_crop_01.jpg,1,A,1,247,0.8663967611336032,0.8663967611336032,1,A,1.0,1.0,1,A,1,214,221,0.9683257918552036
2408_C-74_crop_00.jpg,1,A,1,506,0.950592885375494,0.950592885375494,1,A,1.0,1.0,1,A,1,481,554,0.868231046931408
2408_C-74_crop_00.jpg,1,A,2,193,0.9481865284974094,0.9481865284974094,1,A,1.0,1.0,1,A,2,183,214,0.8551401869158879
2408_C-74_crop_00.jpg,1,A,3,168,0.75,0.125,3,C,0.8333333333333334,0.16666666666666666,2,A|C,3,126,139,0.9064748201438849
2408_C-74_crop_00.jpg,1,A,4,568,0.9190140845070423,0.9190140845070423,1,A,1.0,1.0,1,A,4,522,578,0.903114186851211
2408_C-74_crop_00.jpg,1,A,5,203,0.9014778325123153,0.0,3,C,1.0,0.0,1,C,5,183,209,0.8755980861244019
2408_C-74_crop_00.jpg,1,A,6,108,0.9814814814814815,0.9814814814814815,1,A,1.0,1.0,1,A,8,106,127,0.8346456692913385
2408_C-74_crop_00.jpg,3,C,1,79,1.0,1.0,3,C,1.0,1.0,1,C,7,79,113,0.6991150442477876
2408_C-82_crop_01.jpg,1,A,1,393,0.9567430025445293,0.9567430025445293,1,A,1.0,1.0,1,A,2,376,420,0.8952380952380953
2408_C-84_crop_00.jpg,1,A,1,1860,0.9548387096774194,0.9548387096774194,1,A,1.0,1.0,1,A,1,1776,1894,0.9376979936642027
2408_C-84_crop_00.jpg,1,A,2,142,0.8661971830985915,0.8661971830985915,1,A,1.0,1.0,1,A,3,123,151,0.8145695364238411
2408_C-84_crop_00.jpg,3,C,1,71,0.9859154929577465,0.9859154929577465,3,C,1.0,1.0,1,C,2,70,95,0.7368421052631579
2408_C-84_crop_00.jpg,3,C,2,175,0.8514285714285714,0.0,1,A,1.0,0.0,1,A,4,149,158,0.9430379746835443
2408_C-84_crop_00.jpg,4,D,1,49,0.0,0.0,0,bg,0.0,0.0,0,,0,0,0,0.0
2408_C-84_crop_00.jpg,4,D,2,29,0.0,0.0,0,bg,0.0,0.0,0,,0,0,0,0.0
2408_C-88_crop_02.jpg,3,C,1,104,0.9519230769230769,0.9519230769230769,3,C,1.0,1.0,1,C,1,99,144,0.6875
2408_C-89_crop_00.jpg,1,A,1,625,0.968,0.968,1,A,1.0,1.0,1,A,1,605,697,0.8680057388809183
2408_C-89_crop_00.jpg,1,A,2,767,0.9387222946544981,0.9387222946544981,1,A,1.0,1.0,1,A,2,720,789,0.9125475285171103
2408_C-89_crop_00.jpg,1,A,3,380,0.9552631578947368,0.9552631578947368,1,A,1.0,1.0,1,A,4,363,402,0.9029850746268657
2408_C-89_crop_00.jpg,1,A,4,101,0.8415841584158416,0.8415841584158416,1,A,1.0,1.0,1,A,5,85,99,0.8585858585858586
2408_C-89_crop_00.jpg,1,A,5,551,0.9782214156079855,0.9782214156079855,1,A,1.0,1.0,1,A,7,539,589,0.9151103565365025
2408_C-89_crop_00.jpg,1,A,6,86,0.7906976744186046,0.7906976744186046,1,A,1.0,1.0,1,A,8,68,79,0.8607594936708861
2408_C-89_crop_00.jpg,3,C,1,142,0.11267605633802817,0.11267605633802817,3,C,1.0,1.0,1,C,3,16,16,1.0
2408_C-89_crop_00.jpg,3,C,2,794,0.9093198992443325,0.9093198992443325,3,C,1.0,1.0,1,C,6,722,810,0.891358024691358
2408_C-90_crop_01.jpg,3,C,1,151,0.8278145695364238,0.8278145695364238,3,C,1.0,1.0,1,C,1,125,139,0.8992805755395683
2408_C-90_crop_01.jpg,3,C,2,734,0.7302452316076294,0.7302452316076294,3,C,1.0,1.0,1,C,3,499,515,0.9689320388349515
2408_C-90_crop_02.jpg,3,C,1,194,0.9175257731958762,0.9175257731958762,3,C,1.0,1.0,1,C,1,178,198,0.898989898989899
2408_C-92_crop_02.jpg,3,C,1,115,0.0,0.0,0,bg,0.0,0.0,0,,0,0,0,0.0
744_01-02_crop_00.jpg,1,A,1,119,0.907563025210084,0.907563025210084,1,A,1.0,1.0,1,A,2,108,114,0.9473684210526315
744_01-02_crop_00.jpg,1,A,2,359,0.7214484679665738,0.7214484679665738,1,A,1.0,1.0,1,A,3,259,313,0.8274760383386581
744_01-02_crop_00.jpg,1,A,3,307,0.6416938110749185,0.6416938110749185,1,A,1.0,1.0,1,A,4,197,203,0.9704433497536946
744_01-02_crop_00.jpg,1,A,4,59,0.0,0.0,0,bg,0.0,0.0,0,,0,0,0,0.0
744_01-02_crop_00.jpg,1,A,5,128,0.7109375,0.7109375,1,A,1.0,1.0,1,A,7,91,93,0.978494623655914
744_01-02_crop_00.jpg,1,A,6,150,0.8666666666666667,0.36666666666666664,3,C,0.5769230769230769,0.4230769230769231,2,A|C,8,130,188,0.6914893617021277
744_01-02_crop_00.jpg,1,A,7,347,0.8155619596541787,0.8155619596541787,1,A,1.0,1.0,1,A,10,283,352,0.8039772727272727
744_01-02_crop_00.jpg,1,A,8,264,0.7386363636363636,0.7386363636363636,1,A,1.0,1.0,1,A,11,195,228,0.8552631578947368
744_01-02_crop_00.jpg,1,A,9,45,0.0,0.0,0,bg,0.0,0.0,0,,0,0,0,0.0
744_01-02_crop_00.jpg,1,A,10,277,0.9097472924187726,0.9097472924187726,1,A,1.0,1.0,1,A,12,252,327,0.7706422018348624
744_01-02_crop_00.jpg,1,A,11,238,0.5840336134453782,0.5840336134453782,1,A,1.0,1.0,1,A,13,139,139,1.0
744_01-02_crop_00.jpg,1,A,12,66,0.0,0.0,0,bg,0.0,0.0,0,,0,0,0,0.0
744_01-02_crop_00.jpg,1,A,13,559,0.8103756708407871,0.8103756708407871,1,A,1.0,1.0,1,A,15,453,467,0.9700214132762313
744_01-02_crop_00.jpg,1,A,14,765,0.4993464052287582,0.4993464052287582,1,A,1.0,1.0,1,A,17,382,393,0.9720101781170484
744_01-02_crop_00.jpg,1,A,15,189,0.8888888888888888,0.8888888888888888,1,A,1.0,1.0,1,A,14,168,200,0.84
744_01-02_crop_00.jpg,1,A,16,205,0.9414634146341463,0.9414634146341463,1,A,1.0,1.0,1,A,16,193,270,0.7148148148148148
744_01-02_crop_00.jpg,1,A,17,156,0.717948717948718,0.717948717948718,1,A,1.0,1.0,1,A,18,112,152,0.7368421052631579
744_01-02_crop_00.jpg,1,A,18,298,0.4563758389261745,0.4563758389261745,1,A,1.0,1.0,1,A,20,136,136,1.0
744_01-02_crop_00.jpg,1,A,19,153,0.6143790849673203,0.6143790849673203,1,A,1.0,1.0,1,A,19,94,97,0.9690721649484536
744_01-02_crop_00.jpg,1,A,20,211,0.981042654028436,0.981042654028436,1,A,1.0,1.0,1,A,21,207,254,0.8149606299212598
744_01-02_crop_00.jpg,1,A,21,221,0.7104072398190046,0.7104072398190046,1,A,1.0,1.0,1,A,22,157,178,0.8820224719101124
744_01-02_crop_00.jpg,1,A,22,253,0.9644268774703557,0.9644268774703557,1,A,1.0,1.0,1,A,23,244,296,0.8243243243243243
744_01-02_crop_00.jpg,1,A,23,171,0.6081871345029239,0.6081871345029239,1,A,1.0,1.0,1,A,24,104,109,0.9541284403669725
744_01-02_crop_00.jpg,1,A,24,683,0.6046852122986823,0.6046852122986823,1,A,1.0,1.0,1,A,25,320,649,0.4930662557781202
744_01-02_crop_00.jpg,1,A,25,235,0.7404255319148936,0.7404255319148936,1,A,1.0,1.0,1,A,25,174,649,0.26810477657935283
744_01-02_crop_00.jpg,1,A,26,206,0.36893203883495146,0.36893203883495146,1,A,1.0,1.0,1,A,27,76,76,1.0
744_01-02_crop_00.jpg,1,A,27,360,0.8805555555555555,0.8805555555555555,1,A,1.0,1.0,1,A,28,317,390,0.8128205128205128
744_01-02_crop_00.jpg,1,A,28,128,0.9296875,0.9296875,1,A,1.0,1.0,1,A,29,119,148,0.8040540540540541
744_01-02_crop_00.jpg,1,A,29,302,0.8278145695364238,0.8278145695364238,1,A,1.0,1.0,1,A,31,250,271,0.922509225092251
744_01-02_crop_00.jpg,1,A,30,189,0.6455026455026455,0.6455026455026455,1,A,1.0,1.0,1,A,32,122,124,0.9838709677419355
744_01-02_crop_00.jpg,1,A,31,470,0.9382978723404255,0.9382978723404255,1,A,1.0,1.0,1,A,33,441,486,0.9074074074074074
744_01-02_crop_00.jpg,1,A,32,227,0.8898678414096917,0.8898678414096917,1,A,1.0,1.0,1,A,34,202,237,0.8523206751054853
744_01-02_crop_00.jpg,1,A,33,96,0.8541666666666666,0.8541666666666666,1,A,1.0,1.0,1,A,35,82,122,0.6721311475409836
744_01-02_crop_00.jpg,1,A,34,70,0.0,0.0,0,bg,0.0,0.0,0,,0,0,0,0.0
744_01-02_crop_00.jpg,1,A,35,108,0.7129629629629629,0.7129629629629629,1,A,1.0,1.0,1,A,36,77,81,0.9506172839506173
744_01-02_crop_00.jpg,1,A,36,252,0.9603174603174603,0.9603174603174603,1,A,1.0,1.0,1,A,37,242,284,0.852112676056338
744_01-02_crop_00.jpg,1,A,37,148,0.527027027027027,0.527027027027027,1,A,1.0,1.0,1,A,38,78,97,0.8041237113402062
744_01-02_crop_00.jpg,1,A,38,531,0.847457627118644,0.847457627118644,1,A,1.0,1.0,1,A,39,450,541,0.8317929759704251
744_01-02_crop_00.jpg,1,A,39,311,0.6913183279742765,0.6913183279742765,1,A,1.0,1.0,1,A,40,215,224,0.9598214285714286
744_01-02_crop_00.jpg,1,A,40,262,1.0,1.0,1,A,1.0,1.0,1,A,41,262,418,0.6267942583732058
744_01-02_crop_00.jpg,1,A,41,175,0.9828571428571429,0.9828571428571429,1,A,1.0,1.0,1,A,42,172,230,0.7478260869565218
744_01-02_crop_00.jpg,1,A,42,99,0.696969696969697,0.696969696969697,1,A,1.0,1.0,1,A,43,69,75,0.92
744_01-02_crop_00.jpg,1,A,43,119,0.773109243697479,0.773109243697479,1,A,1.0,1.0,1,A,45,92,132,0.696969696969697
744_01-02_crop_00.jpg,1,A,44,222,0.8108108108108109,0.8108108108108109,1,A,1.0,1.0,1,A,44,180,190,0.9473684210526315
744_01-02_crop_00.jpg,3,C,1,455,0.7120879120879121,0.0,1,A,1.0,0.0,1,A,1,324,517,0.6266924564796905
744_01-02_crop_00.jpg,3,C,2,503,0.8111332007952287,0.73558648111332,3,C,0.9068627450980392,0.9068627450980392,2,A|C,6,408,596,0.6845637583892618
744_01-02_crop_00.jpg,3,C,3,251,0.900398406374502,0.0,1,A,1.0,0.0,1,A,26,226,252,0.8968253968253969
744_01-04_crop_01.jpg,1,A,1,1569,0.38878266411727214,0.38878266411727214,1,A,1.0,1.0,1,A,1,610,613,0.9951060358890701
744_01-04_crop_01.jpg,1,A,2,394,0.8527918781725888,0.0,2,B,0.5833333333333334,0.0,2,B|C,2,336,371,0.9056603773584906
744_01-04_crop_01.jpg,1,A,3,167,0.6047904191616766,0.6047904191616766,1,A,1.0,1.0,1,A,3,101,111,0.9099099099099099
744_01-04_crop_01.jpg,1,A,4,384,0.5130208333333334,0.4375,1,A,0.8527918781725888,0.8527918781725888,2,A|C,4,197,197,1.0
744_01-04_crop_01.jpg,1,A,5,105,0.5428571428571428,0.5428571428571428,1,A,1.0,1.0,1,A,6,57,61,0.9344262295081968
744_01-04_crop_01.jpg,1,A,6,119,0.18487394957983194,0.18487394957983194,1,A,1.0,1.0,1,A,8,22,22,1.0
744_01-04_crop_01.jpg,1,A,7,217,0.7649769585253456,0.7649769585253456,1,A,1.0,1.0,1,A,7,166,174,0.9540229885057471
744_01-04_crop_01.jpg,1,A,8,162,0.6481481481481481,0.6481481481481481,1,A,1.0,1.0,1,A,9,105,112,0.9375
744_01-04_crop_01.jpg,1,A,9,259,0.6795366795366795,0.6795366795366795,1,A,1.0,1.0,1,A,10,176,1182,0.14890016920473773
744_01-04_crop_01.jpg,1,A,10,194,0.8350515463917526,0.8350515463917526,1,A,1.0,1.0,1,A,11,162,188,0.8617021276595744
744_01-04_crop_01.jpg,1,A,11,589,0.8353140916808149,0.8353140916808149,1,A,1.0,1.0,1,A,10,492,1182,0.41624365482233505
744_01-04_crop_01.jpg,1,A,12,3193,0.5922330097087378,0.5922330097087378,1,A,1.0,1.0,1,A,14,1264,1435,0.8808362369337979
744_01-04_crop_01.jpg,1,A,13,195,0.48205128205128206,0.14871794871794872,3,C,0.6914893617021277,0.30851063829787234,2,A|C,13,94,94,1.0
744_01-04_crop_01.jpg,1,A,14,553,0.6238698010849909,0.6238698010849909,1,A,1.0,1.0,1,A,10,345,1182,0.2918781725888325
744_01-04_crop_01.jpg,1,A,15,78,0.6538461538461539,0.6538461538461539,1,A,1.0,1.0,1,A,15,51,83,0.6144578313253012
744_01-04_crop_01.jpg,1,A,16,504,0.6170634920634921,0.4742063492063492,1,A,0.7684887459807074,0.7684887459807074,3,A|B|C,16,311,354,0.8785310734463276
744_01-04_crop_01.jpg,1,A,17,640,0.6953125,0.546875,1,A,0.7865168539325843,0.7865168539325843,2,A|C,17,445,471,0.9447983014861996
744_01-04_crop_01.jpg,1,A,18,89,0.0,0.0,0,bg,0.0,0.0,0,,0,0,0,0.0
744_01-04_crop_01.jpg,1,A,19,144,0.22916666666666666,0.0,3,C,1.0,0.0,1,C,19,33,34,0.9705882352941176
744_01-04_crop_02.jpg,1,A,1,345,0.9768115942028985,0.9768115942028985,1,A,1.0,1.0,1,A,1,337,466,0.723175965665236
744_01-04_crop_02.jpg,1,A,2,361,0.7894736842105263,0.7894736842105263,1,A,1.0,1.0,1,A,2,285,330,0.8636363636363636
744_01-04_crop_02.jpg,1,A,3,120,0.9333333333333333,0.0,3,C,1.0,0.0,1,C,3,112,137,0.8175182481751825
744_01-04_crop_02.jpg,1,A,4,5,0.0,0.0,0,bg,0.0,0.0,0,,0,0,0,0.0
744_01-04_crop_02.jpg,1,A,5,288,0.5798611111111112,0.5798611111111112,1,A,1.0,1.0,1,A,8,167,168,0.9940476190476191
744_01-04_crop_02.jpg,1,A,6,360,0.8138888888888889,0.8138888888888889,1,A,1.0,1.0,1,A,9,293,360,0.8138888888888889
744_01-04_crop_02.jpg,1,A,7,141,0.9290780141843972,0.9290780141843972,1,A,1.0,1.0,1,A,10,131,177,0.7401129943502824
744_01-04_crop_02.jpg,1,A,8,280,0.5964285714285714,0.5964285714285714,1,A,1.0,1.0,1,A,12,167,167,1.0
744_01-04_crop_02.jpg,1,A,9,372,0.5887096774193549,0.5887096774193549,1,A,1.0,1.0,1,A,13,219,284,0.7711267605633803
744_01-04_crop_02.jpg,1,A,10,141,1.0,1.0,1,A,1.0,1.0,1,A,16,141,292,0.4828767123287671
744_01-04_crop_02.jpg,1,A,11,263,0.9961977186311787,0.9961977186311787,1,A,1.0,1.0,1,A,18,262,348,0.7528735632183908
744_01-04_crop_02.jpg,2,B,1,702,0.22934472934472935,0.0,1,A,1.0,0.0,1,A,4,161,161,1.0
744_01-04_crop_02.jpg,3,C,1,148,0.668918918918919,0.5405405405405406,3,C,0.8080808080808081,0.8080808080808081,2,A|C,5,99,102,0.9705882352941176
744_01-04_crop_02.jpg,3,C,2,228,0.793859649122807,0.0,1,A,1.0,0.0,1,A,7,181,187,0.9679144385026738
744_01-04_crop_02.jpg,3,C,3,212,0.7264150943396226,0.7264150943396226,3,C,1.0,1.0,1,C,6,154,167,0.9221556886227545
744_01-04_crop_02.jpg,3,C,4,112,0.8035714285714286,0.8035714285714286,3,C,1.0,1.0,1,C,17,90,112,0.8035714285714286
744_02-01_crop_02.jpg,1,A,1,152,0.8881578947368421,0.8881578947368421,1,A,1.0,1.0,1,A,1,135,160,0.84375
744_02-01_crop_02.jpg,1,A,2,110,0.8454545454545455,0.8454545454545455,1,A,1.0,1.0,1,A,2,93,118,0.788135593220339
744_02-01_crop_02.jpg,1,A,3,341,0.7565982404692082,0.7565982404692082,1,A,1.0,1.0,1,A,3,258,277,0.9314079422382672
744_02-01_crop_02.jpg,1,A,4,127,1.0,1.0,1,A,1.0,1.0,1,A,5,127,177,0.7175141242937854
744_02-01_crop_02.jpg,1,A,5,92,0.9021739130434783,0.9021739130434783,1,A,1.0,1.0,1,A,6,83,95,0.8736842105263158
744_02-01_crop_02.jpg,1,A,6,778,0.7776349614395887,0.7776349614395887,1,A,1.0,1.0,1,A,7,605,775,0.7806451612903226
744_02-01_crop_02.jpg,1,A,7,699,1.0,1.0,1,A,1.0,1.0,1,A,8,699,989,0.7067745197168858
744_02-01_crop_02.jpg,1,A,8,239,1.0,1.0,1,A,1.0,1.0,1,A,9,239,364,0.6565934065934066
744_02-01_crop_02.jpg,1,A,9,83,0.0,0.0,0,bg,0.0,0.0,0,,0,0,0,0.0
744_02-01_crop_02.jpg,1,A,10,151,0.9735099337748344,0.9735099337748344,1,A,1.0,1.0,1,A,10,147,198,0.7424242424242424
744_02-01_crop_02.jpg,1,A,11,161,0.14285714285714285,0.0,2,B,1.0,0.0,1,B,11,23,23,1.0
744_02-01_crop_02.jpg,1,A,12,264,0.8409090909090909,0.8409090909090909,1,A,1.0,1.0,1,A,12,222,297,0.7474747474747475
744_02-03_crop_00.jpg,1,A,1,243,0.7366255144032922,0.7366255144032922,1,A,1.0,1.0,1,A,1,179,199,0.8994974874371859
744_02-03_crop_00.jpg,1,A,2,316,0.5537974683544303,0.0,3,C,1.0,0.0,1,C,2,175,186,0.9408602150537635
744_02-03_crop_00.jpg,1,A,3,161,0.6832298136645962,0.6832298136645962,1,A,1.0,1.0,1,A,3,110,112,0.9821428571428571
744_02-03_crop_00.jpg,1,A,4,71,0.5352112676056338,0.5352112676056338,1,A,1.0,1.0,1,A,4,38,53,0.7169811320754716
744_02-03_crop_00.jpg,1,A,5,246,0.5772357723577236,0.5772357723577236,1,A,1.0,1.0,1,A,5,142,154,0.922077922077922
744_02-03_crop_00.jpg,1,A,6,164,0.40853658536585363,0.40853658536585363,1,A,1.0,1.0,1,A,6,67,67,1.0
744_02-03_crop_00.jpg,1,A,7,207,0.6618357487922706,0.6618357487922706,1,A,1.0,1.0,1,A,7,137,142,0.9647887323943662
744_02-03_crop_00.jpg,1,A,8,128,0.6875,0.6875,1,A,1.0,1.0,1,A,8,88,94,0.9361702127659575
744_02-03_crop_00.jpg,1,A,9,79,0.4430379746835443,0.4430379746835443,1,A,1.0,1.0,1,A,9,35,35,1.0
744_02-03_crop_00.jpg,1,A,10,387,0.7209302325581395,0.7209302325581395,1,A,1.0,1.0,1,A,10,279,347,0.8040345821325648
744_02-03_crop_00.jpg,1,A,11,123,0.6829268292682927,0.6829268292682927,1,A,1.0,1.0,1,A,11,84,98,0.8571428571428571
744_02-03_crop_00.jpg,1,A,12,164,0.725609756097561,0.725609756097561,1,A,1.0,1.0,1,A,12,119,129,0.9224806201550387
744_02-03_crop_00.jpg,1,A,13,107,0.719626168224299,0.719626168224299,1,A,1.0,1.0,1,A,13,77,77,1.0
744_02-03_crop_00.jpg,1,A,14,802,0.6670822942643392,0.6670822942643392,1,A,1.0,1.0,1,A,14,535,535,1.0
744_02-03_crop_00.jpg,1,A,15,149,0.18120805369127516,0.18120805369127516,1,A,1.0,1.0,1,A,15,27,27,1.0
744_02-03_crop_00.jpg,1,A,16,113,0.6017699115044248,0.0,3,C,1.0,0.0,1,C,16,68,68,1.0
744_02-03_crop_00.jpg,1,A,17,504,0.8055555555555556,0.8055555555555556,1,A,1.0,1.0,1,A,17,406,483,0.8405797101449275
744_02-03_crop_00.jpg,1,A,18,122,0.680327868852459,0.680327868852459,1,A,1.0,1.0,1,A,18,83,108,0.7685185185185185
744_02-03_crop_00.jpg,1,A,19,169,0.7633136094674556,0.7633136094674556,1,A,1.0,1.0,1,A,19,129,196,0.6581632653061225
744_02-03_crop_00.jpg,1,A,20,150,0.8533333333333334,0.8533333333333334,1,A,1.0,1.0,1,A,20,128,182,0.7032967032967034
744_02-03_crop_00.jpg,1,A,21,291,0.5910652920962199,0.18900343642611683,3,C,0.6802325581395349,0.31976744186046513,2,A|C,21,172,172,1.0
744_02-03_crop_00.jpg,1,A,22,230,0.7652173913043478,0.7652173913043478,1,A,1.0,1.0,1,A,22,176,192,0.9166666666666666
744_02-03_crop_00.jpg,1,A,23,232,0.6982758620689655,0.6982758620689655,1,A,1.0,1.0,1,A,23,162,162,1.0
744_03-01_crop_02.jpg,1,A,1,155,0.8451612903225807,0.8451612903225807,1,A,1.0,1.0,1,A,1,131,180,0.7277777777777777
744_03-01_crop_02.jpg,1,A,2,529,0.8771266540642723,0.8771266540642723,1,A,1.0,1.0,1,A,2,464,676,0.6863905325443787
744_03-01_crop_02.jpg,1,A,3,266,0.706766917293233,0.20676691729323307,3,C,0.7074468085106383,0.2925531914893617,2,A|C,4,188,190,0.9894736842105263
744_03-01_crop_02.jpg,1,A,4,196,0.7091836734693877,0.7091836734693877,1,A,1.0,1.0,1,A,5,139,182,0.7637362637362637
744_03-01_crop_02.jpg,1,A,5,346,0.9277456647398844,0.9277456647398844,1,A,1.0,1.0,1,A,6,321,369,0.8699186991869918
744_03-01_crop_02.jpg,1,A,6,95,0.8210526315789474,0.8210526315789474,1,A,1.0,1.0,1,A,7,78,82,0.9512195121951219
744_03-01_crop_02.jpg,1,A,7,1018,0.9538310412573674,0.9538310412573674,1,A,1.0,1.0,1,A,8,971,1109,0.8755635707844905
744_03-01_crop_02.jpg,1,A,8,74,0.0,0.0,0,bg,0.0,0.0,0,,0,0,0,0.0
744_03-01_crop_02.jpg,1,A,9,628,0.9251592356687898,0.9251592356687898,1,A,1.0,1.0,1,A,10,581,854,0.680327868852459
744_03-01_crop_02.jpg,1,A,10,148,0.6351351351351351,0.6351351351351351,1,A,1.0,1.0,1,A,10,94,854,0.11007025761124122
744_03-01_crop_02.jpg,4,D,1,135,0.0,0.0,0,bg,0.0,0.0,0,,0,0,0,0.0
744_03-01_crop_02.jpg,4,D,2,186,0.7634408602150538,0.7634408602150538,4,D,1.0,1.0,1,D,9,142,145,0.9793103448275862
744_03-02_crop_01.jpg,1,A,1,187,0.8235294117647058,0.8235294117647058,1,A,1.0,1.0,1,A,1,154,179,0.8603351955307262
744_03-02_crop_01.jpg,1,A,2,80,0.7,0.7,1,A,1.0,1.0,1,A,2,56,72,0.7777777777777778
744_03-02_crop_01.jpg,1,A,3,279,0.8207885304659498,0.6810035842293907,1,A,0.8296943231441049,0.8296943231441049,2,A|C,3,229,235,0.9744680851063829
744_03-02_crop_01.jpg,1,A,4,107,0.616822429906542,0.5887850467289719,1,A,0.9545454545454546,0.9545454545454546,1,A,4,66,71,0.9295774647887324
744_03-02_crop_01.jpg,1,A,5,97,0.7319587628865979,0.7319587628865979,1,A,1.0,1.0,1,A,5,71,77,0.922077922077922
744_03-02_crop_01.jpg,1,A,6,169,0.5680473372781065,0.0,3,C,1.0,0.0,1,C,6,96,103,0.9320388349514563
744_03-02_crop_01.jpg,1,A,7,101,0.0,0.0,0,bg,0.0,0.0,0,,0,0,0,0.0
744_03-02_crop_01.jpg,1,A,8,346,0.0,0.0,0,bg,0.0,0.0,0,,0,0,0,0.0
744_03-02_crop_01.jpg,1,A,9,93,0.0,0.0,0,bg,0.0,0.0,0,,0,0,0,0.0
744_03-02_crop_01.jpg,1,A,10,108,0.7870370370370371,0.7870370370370371,1,A,1.0,1.0,1,A,7,85,128,0.6640625
744_03-02_crop_01.jpg,1,A,11,67,0.0,0.0,0,bg,0.0,0.0,0,,0,0,0,0.0
744_03-02_crop_01.jpg,1,A,12,151,0.5165562913907285,0.5165562913907285,1,A,1.0,1.0,1,A,8,78,78,1.0
744_03-02_crop_01.jpg,1,A,13,103,0.0,0.0,0,bg,0.0,0.0,0,,0,0,0,0.0
744_03-02_crop_01.jpg,1,A,14,160,0.4125,0.4125,1,A,1.0,1.0,1,A,9,66,76,0.868421052631579
744_03-02_crop_01.jpg,1,A,15,302,0.9238410596026491,0.9238410596026491,1,A,1.0,1.0,1,A,10,279,323,0.8637770897832817
744_03-02_crop_01.jpg,1,A,16,243,0.5843621399176955,0.5843621399176955,1,A,1.0,1.0,1,A,11,142,142,1.0
744_03-02_crop_01.jpg,1,A,17,260,0.7461538461538462,0.7461538461538462,1,A,1.0,1.0,1,A,12,194,224,0.8660714285714286
744_03-02_crop_01.jpg,1,A,18,200,0.975,0.975,1,A,1.0,1.0,1,A,13,195,220,0.8863636363636364
744_03-02_crop_01.jpg,1,A,19,302,0.8344370860927153,0.8344370860927153,1,A,1.0,1.0,1,A,14,252,311,0.8102893890675241
744_03-02_crop_01.jpg,3,C,1,130,0.0,0.0,0,bg,0.0,0.0,0,,0,0,0,0.0
744_03-03_crop_02.jpg,1,A,1,101,0.9801980198019802,0.9801980198019802,1,A,1.0,1.0,1,A,1,99,128,0.7734375
744_03-03_crop_02.jpg,1,A,2,54,0.5,0.5,1,A,1.0,1.0,1,A,2,27,30,0.9
744_03-03_crop_02.jpg,1,A,3,170,0.5411764705882353,0.5411764705882353,1,A,1.0,1.0,1,A,3,92,92,1.0
744_03-03_crop_02.jpg,1,A,4,147,0.8027210884353742,0.46938775510204084,1,A,0.5847457627118644,0.5847457627118644,2,A|C,6,118,134,0.8805970149253731
744_03-03_crop_02.jpg,1,A,5,171,0.8128654970760234,0.8128654970760234,1,A,1.0,1.0,1,A,8,139,186,0.7473118279569892
744_03-03_crop_02.jpg,1,A,6,54,1.0,0.018518518518518517,3,C,0.9814814814814815,0.018518518518518517,1,C,7,54,137,0.39416058394160586
744_03-03_crop_02.jpg,1,A,7,139,1.0,0.2302158273381295,3,C,0.7697841726618705,0.2302158273381295,2,A|C,9,139,184,0.7554347826086957
744_03-03_crop_02.jpg,1,A,8,84,0.6071428571428571,0.6071428571428571,1,A,1.0,1.0,1,A,10,51,60,0.85
744_03-03_crop_02.jpg,1,A,9,65,0.8461538461538461,0.0,3,C,1.0,0.0,1,C,12,55,73,0.7534246575342466
744_03-03_crop_02.jpg,1,A,10,244,0.9139344262295082,0.9139344262295082,1,A,1.0,1.0,1,A,13,223,302,0.7384105960264901
744_03-03_crop_02.jpg,1,A,11,105,0.5238095238095238,0.4380952380952381,1,A,0.8363636363636363,0.8363636363636363,2,A|B,14,55,55,1.0
744_03-03_crop_02.jpg,1,A,12,299,0.9665551839464883,0.9665551839464883,1,A,1.0,1.0,1,A,15,289,349,0.828080229226361
744_03-03_crop_02.jpg,1,A,13,216,0.3472222222222222,0.3472222222222222,1,A,1.0,1.0,1,A,16,75,76,0.9868421052631579
744_03-03_crop_02.jpg,1,A,14,113,0.8938053097345132,0.0,3,C,0.6435643564356436,0.0,2,B|C,17,101,134,0.753731343283582
744_03-03_crop_02.jpg,1,A,15,43,0.0,0.0,0,bg,0.0,0.0,0,,0,0,0,0.0
744_03-03_crop_02.jpg,3,C,1,97,0.7010309278350515,0.7010309278350515,3,C,1.0,1.0,1,C,4,68,82,0.8292682926829268
744_03-03_crop_02.jpg,3,C,2,125,0.784,0.784,3,C,1.0,1.0,1,C,5,98,120,0.8166666666666667
744_03-03_crop_02.jpg,3,C,3,119,0.8823529411764706,0.8823529411764706,3,C,1.0,1.0,1,C,11,105,129,0.813953488372093
744_03-03_crop_02.jpg,3,C,4,72,0.9444444444444444,0.9444444444444444,3,C,1.0,1.0,1,C,18,68,81,0.8395061728395061
744_03-03_crop_02.jpg,4,D,1,77,0.0,0.0,0,bg,0.0,0.0,0,,0,0,0,0.0
744_04-01_crop_00.jpg,1,A,1,7,0.0,0.0,0,bg,0.0,0.0,0,,0,0,0,0.0
744_04-01_crop_00.jpg,1,A,2,118,0.7966101694915254,0.7966101694915254,1,A,1.0,1.0,1,A,1,94,117,0.8034188034188035
744_04-01_crop_00.jpg,1,A,3,53,0.20754716981132076,0.20754716981132076,1,A,1.0,1.0,1,A,2,11,11,1.0
744_04-01_crop_00.jpg,1,A,4,361,0.9445983379501385,0.9445983379501385,1,A,1.0,1.0,1,A,3,341,386,0.883419689119171
744_04-01_crop_00.jpg,1,A,5,119,0.6134453781512605,0.6134453781512605,1,A,1.0,1.0,1,A,4,73,85,0.8588235294117647
744_04-01_crop_00.jpg,1,A,6,245,0.746938775510204,0.746938775510204,1,A,1.0,1.0,1,A,5,183,213,0.8591549295774648
744_04-01_crop_00.jpg,1,A,7,1069,0.9812909260991581,0.9812909260991581,1,A,1.0,1.0,1,A,6,1049,1168,0.8981164383561644
744_04-01_crop_00.jpg,1,A,8,76,0.7894736842105263,0.7894736842105263,1,A,1.0,1.0,1,A,7,60,62,0.967741935483871
744_04-01_crop_00.jpg,1,A,9,76,0.0,0.0,0,bg,0.0,0.0,0,,0,0,0,0.0
744_04-01_crop_00.jpg,1,A,10,160,0.99375,0.99375,1,A,1.0,1.0,1,A,8,159,247,0.6437246963562753
744_04-01_crop_00.jpg,1,A,11,103,0.6019417475728155,0.6019417475728155,1,A,1.0,1.0,1,A,9,62,72,0.8611111111111112
744_04-01_crop_00.jpg,1,A,12,121,0.628099173553719,0.628099173553719,1,A,1.0,1.0,1,A,10,76,244,0.3114754098360656
744_04-01_crop_00.jpg,1,A,13,54,1.0,1.0,1,A,1.0,1.0,1,A,11,54,104,0.5192307692307693
744_04-01_crop_00.jpg,1,A,14,72,1.0,1.0,1,A,1.0,1.0,1,A,10,72,244,0.29508196721311475
744_04-01_crop_00.jpg,1,A,15,329,0.2006079027355623,0.2006079027355623,1,A,1.0,1.0,1,A,12,66,70,0.9428571428571428
744_04-01_crop_00.jpg,1,A,16,209,0.6794258373205742,0.6794258373205742,1,A,1.0,1.0,1,A,13,142,400,0.355
744_04-01_crop_00.jpg,1,A,17,95,0.47368421052631576,0.47368421052631576,1,A,1.0,1.0,1,A,14,45,45,1.0
744_04-01_crop_00.jpg,1,A,18,205,0.9463414634146341,0.9463414634146341,1,A,1.0,1.0,1,A,15,194,272,0.7132352941176471
744_04-01_crop_00.jpg,1,A,19,185,0.518918918918919,0.43783783783783786,1,A,0.84375,0.84375,2,A|B,16,96,96,1.0
744_04-01_crop_00.jpg,1,A,20,110,0.6454545454545455,0.6454545454545455,1,A,1.0,1.0,1,A,17,71,75,0.9466666666666667
744_04-01_crop_00.jpg,1,A,21,228,0.8640350877192983,0.8640350877192983,1,A,1.0,1.0,1,A,19,197,211,0.933649289099526
744_04-01_crop_00.jpg,1,A,22,233,0.6609442060085837,0.27896995708154504,3,C,0.577922077922078,0.42207792207792205,2,A|C,20,154,165,0.9333333333333333
744_04-01_crop_00.jpg,1,A,23,116,0.0,0.0,0,bg,0.0,0.0,0,,0,0,0,0.0
744_04-01_crop_00.jpg,1,A,24,166,0.9939759036144579,0.9939759036144579,1,A,1.0,1.0,1,A,21,165,199,0.8291457286432161
744_04-01_crop_00.jpg,1,A,25,99,0.8686868686868687,0.8686868686868687,1,A,1.0,1.0,1,A,22,86,135,0.6370370370370371
744_04-01_crop_00.jpg,1,A,26,159,0.7044025157232704,0.7044025157232704,1,A,1.0,1.0,1,A,23,112,112,1.0
744_04-01_crop_00.jpg,1,A,27,61,0.9016393442622951,0.9016393442622951,1,A,1.0,1.0,1,A,25,55,81,0.6790123456790124
744_04-01_crop_00.jpg,1,A,28,119,0.8151260504201681,0.8151260504201681,1,A,1.0,1.0,1,A,26,97,143,0.6783216783216783
744_04-01_crop_00.jpg,1,A,29,83,0.8674698795180723,0.8674698795180723,1,A,1.0,1.0,1,A,27,72,84,0.8571428571428571
744_04-01_crop_00.jpg,1,A,30,241,0.7510373443983402,0.7510373443983402,1,A,1.0,1.0,1,A,28,181,258,0.7015503875968992
744_04-01_crop_00.jpg,3,C,1,206,0.8689320388349514,0.0,1,A,1.0,0.0,1,A,13,179,400,0.4475
744_04-02_crop_00.jpg,1,A,1,99,0.494949494949495,0.494949494949495,1,A,1.0,1.0,1,A,1,49,49,1.0
744_04-02_crop_00.jpg,1,A,2,160,0.7,0.7,1,A,1.0,1.0,1,A,2,112,120,0.9333333333333333
744_04-02_crop_00.jpg,1,A,3,409,0.9755501222493888,0.9755501222493888,1,A,1.0,1.0,1,A,3,399,523,0.762906309751434
744_04-02_crop_00.jpg,1,A,4,126,0.5396825396825397,0.5396825396825397,1,A,1.0,1.0,1,A,5,68,68,1.0
744_04-02_crop_00.jpg,1,A,5,136,0.1323529411764706,0.1323529411764706,1,A,1.0,1.0,1,A,6,18,18,1.0
744_04-02_crop_00.jpg,1,A,6,53,0.05660377358490566,0.05660377358490566,1,A,1.0,1.0,1,A,7,3,4,0.75
744_04-02_crop_00.jpg,1,A,7,140,0.0,0.0,0,bg,0.0,0.0,0,,0,0,0,0.0
744_04-02_crop_00.jpg,1,A,8,68,0.9264705882352942,0.9264705882352942,1,A,1.0,1.0,1,A,8,63,78,0.8076923076923077
744_04-02_crop_00.jpg,1,A,9,88,0.7727272727272727,0.7727272727272727,1,A,1.0,1.0,1,A,9,68,86,0.7906976744186046
744_04-02_crop_00.jpg,1,A,10,112,0.8571428571428571,0.8571428571428571,1,A,1.0,1.0,1,A,10,96,150,0.64
744_04-02_crop_00.jpg,1,A,11,401,0.9501246882793017,0.9501246882793017,1,A,1.0,1.0,1,A,11,381,549,0.6939890710382514
744_04-02_crop_00.jpg,1,A,12,546,0.86996336996337,0.86996336996337,1,A,1.0,1.0,1,A,12,475,500,0.95
744_04-02_crop_00.jpg,1,A,13,155,0.3870967741935484,0.3870967741935484,1,A,1.0,1.0,1,A,13,60,60,1.0
744_04-02_crop_00.jpg,1,A,14,82,0.0,0.0,0,bg,0.0,0.0,0,,0,0,0,0.0
744_04-02_crop_00.jpg,1,A,15,734,0.8269754768392371,0.7193460490463215,1,A,0.8698517298187809,0.8698517298187809,2,A|C,14,607,614,0.988599348534202
744_04-02_crop_00.jpg,1,A,16,89,0.3146067415730337,0.3146067415730337,1,A,1.0,1.0,1,A,15,28,29,0.9655172413793104
744_04-02_crop_00.jpg,3,C,1,123,0.5528455284552846,0.34959349593495936,3,C,0.6323529411764706,0.6323529411764706,2,A|C,4,68,70,0.9714285714285714
744_04-02_crop_00.jpg,3,C,2,55,0.0,0.0,0,bg,0.0,0.0,0,,0,0,0,0.0
744_04-02_crop_03.jpg,1,A,1,521,0.9673704414587332,0.9673704414587332,1,A,1.0,1.0,1,A,1,504,741,0.680161943319838
744_04-02_crop_03.jpg,1,A,2,438,0.8698630136986302,0.8698630136986302,1,A,1.0,1.0,1,A,2,381,466,0.8175965665236051
744_04-02_crop_03.jpg,1,A,3,335,0.9582089552238806,0.9582089552238806,1,A,1.0,1.0,1,A,3,321,410,0.7829268292682927
744_04-02_crop_03.jpg,1,A,4,95,0.8842105263157894,0.8842105263157894,1,A,1.0,1.0,1,A,4,84,109,0.7706422018348624
744_04-02_crop_03.jpg,1,A,5,2822,0.8575478384124734,0.8454996456413891,1,A,0.9859504132231405,0.9859504132231405,1,A,5,2420,2492,0.971107544141252
744_04-02_crop_03.jpg,1,A,6,138,0.7318840579710145,0.7318840579710145,1,A,1.0,1.0,1,A,6,101,114,0.8859649122807017
744_04-02_crop_03.jpg,1,A,7,83,1.0,1.0,1,A,1.0,1.0,1,A,7,83,155,0.535483870967742
744_04-02_crop_03.jpg,1,A,8,480,0.75,0.75,1,A,1.0,1.0,1,A,8,217,269,0.8066914498141264
744_04-02_crop_03.jpg,1,A,9,107,0.8504672897196262,0.8504672897196262,1,A,1.0,1.0,1,A,11,91,144,0.6319444444444444
744_04-02_crop_03.jpg,3,C,1,363,0.8567493112947658,0.8209366391184573,3,C,0.9581993569131833,0.9581993569131833,1,C,10,311,323,0.9628482972136223
744_04-04_crop_00.jpg,1,A,1,93,0.9247311827956989,0.9247311827956989,1,A,1.0,1.0,1,A,2,86,125,0.688
744_04-04_crop_00.jpg,1,A,2,179,0.5977653631284916,0.5977653631284916,1,A,1.0,1.0,1,A,3,107,107,1.0
744_04-04_crop_00.jpg,1,A,3,334,0.8772455089820359,0.8772455089820359,1,A,1.0,1.0,1,A,4,293,351,0.8347578347578347
744_04-04_crop_00.jpg,1,A,4,97,0.0,0.0,0,bg,0.0,0.0,0,,0,0,0,0.0
744_04-04_crop_00.jpg,1,A,5,113,0.672566371681416,0.672566371681416,1,A,1.0,1.0,1,A,5,76,76,1.0
744_04-04_crop_00.jpg,1,A,6,66,0.9545454545454546,0.9545454545454546,1,A,1.0,1.0,1,A,6,63,133,0.47368421052631576
744_04-04_crop_00.jpg,1,A,7,116,0.9482758620689655,0.9482758620689655,1,A,1.0,1.0,1,A,7,110,175,0.6285714285714286
744_04-04_crop_00.jpg,1,A,8,91,0.31868131868131866,0.31868131868131866,1,A,1.0,1.0,1,A,8,29,29,1.0
744_04-04_crop_00.jpg,1,A,9,133,0.8045112781954887,0.8045112781954887,1,A,1.0,1.0,1,A,9,107,117,0.9145299145299145
744_04-04_crop_00.jpg,1,A,10,155,0.5806451612903226,0.5806451612903226,1,A,1.0,1.0,1,A,10,90,90,1.0
744_04-04_crop_00.jpg,1,A,11,88,1.0,1.0,1,A,1.0,1.0,1,A,11,88,149,0.5906040268456376
744_04-04_crop_00.jpg,1,A,12,96,0.6458333333333334,0.6458333333333334,1,A,1.0,1.0,1,A,12,62,160,0.3875
744_04-04_crop_00.jpg,1,A,13,104,0.7211538461538461,0.7211538461538461,1,A,1.0,1.0,1,A,13,75,81,0.9259259259259259
744_04-04_crop_00.jpg,1,A,14,74,0.8513513513513513,0.8513513513513513,1,A,1.0,1.0,1,A,15,63,81,0.7777777777777778
744_04-04_crop_00.jpg,1,A,15,100,0.77,0.77,1,A,1.0,1.0,1,A,16,77,106,0.7264150943396226
744_04-04_crop_00.jpg,1,A,16,212,0.839622641509434,0.839622641509434,1,A,1.0,1.0,1,A,17,178,211,0.8436018957345972
744_04-04_crop_00.jpg,1,A,17,328,0.9298780487804879,0.9298780487804879,1,A,1.0,1.0,1,A,18,305,320,0.953125
744_04-04_crop_00.jpg,1,A,18,98,0.8673469387755102,0.8673469387755102,1,A,1.0,1.0,1,A,19,85,96,0.8854166666666666
744_04-04_crop_00.jpg,1,A,19,697,0.6111908177905309,0.6111908177905309,1,A,1.0,1.0,1,A,20,295,308,0.9577922077922078
744_04-04_crop_00.jpg,1,A,20,832,0.8677884615384616,0.6826923076923077,1,A,0.7867036011080333,0.7867036011080333,2,A|C,21,722,851,0.8484136310223267
744_04-04_crop_00.jpg,1,A,21,106,0.16981132075471697,0.16981132075471697,1,A,1.0,1.0,1,A,23,18,18,1.0
744_04-04_crop_00.jpg,1,A,22,172,0.7441860465116279,0.36046511627906974,3,C,0.515625,0.484375,2,A|C,25,128,139,0.920863309352518
744_04-04_crop_00.jpg,1,A,23,155,0.4967741935483871,0.4967741935483871,1,A,1.0,1.0,1,A,26,77,88,0.875
744_04-04_crop_00.jpg,1,A,24,95,0.8947368421052632,0.8947368421052632,1,A,1.0,1.0,1,A,27,85,97,0.8762886597938144
744_04-04_crop_00.jpg,1,A,25,274,0.7591240875912408,0.7591240875912408,1,A,1.0,1.0,1,A,28,208,223,0.9327354260089686
744_04-04_crop_00.jpg,3,C,1,83,0.8192771084337349,0.0,1,A,1.0,0.0,1,A,12,68,160,0.425
744_04-04_crop_00.jpg,3,C,2,308,0.9123376623376623,0.0,1,A,1.0,0.0,1,A,14,281,385,0.7298701298701299
744_04-04_crop_00.jpg,4,D,1,81,0.8395061728395061,0.8395061728395061,4,D,1.0,1.0,1,D,29,68,72,0.9444444444444444
744_04-04_crop_01.jpg,1,A,1,109,0.7981651376146789,0.0,3,C,1.0,0.0,1,C,1,87,154,0.564935064935065
744_04-04_crop_01.jpg,1,A,2,1282,0.9009360374414976,0.9009360374414976,1,A,1.0,1.0,1,A,2,1155,1259,0.9173947577442415
744_04-04_crop_01.jpg,1,A,3,69,0.0,0.0,0,bg,0.0,0.0,0,,0,0,0,0.0
744_04-04_crop_01.jpg,1,A,4,527,0.7514231499051234,0.7514231499051234,1,A,1.0,1.0,1,A,4,396,452,0.8761061946902655
744_04-04_crop_01.jpg,1,A,5,102,0.0,0.0,0,bg,0.0,0.0,0,,0,0,0,0.0
744_04-04_crop_01.jpg,1,A,6,89,1.0,0.5280898876404494,1,A,0.5280898876404494,0.5280898876404494,3,A|B|C,5,89,143,0.6223776223776224
744_04-04_crop_01.jpg,1,A,7,140,0.75,0.11428571428571428,3,C,0.8476190476190476,0.1523809523809524,2,A|C,6,105,121,0.8677685950413223
744_04-04_crop_01.jpg,1,A,8,186,0.8225806451612904,0.8225806451612904,1,A,1.0,1.0,1,A,7,153,170,0.9
744_04-04_crop_01.jpg,1,A,9,491,0.8961303462321792,0.8961303462321792,1,A,1.0,1.0,1,A,8,440,779,0.5648267008985879
744_04-04_crop_01.jpg,1,A,10,86,0.023255813953488372,0.023255813953488372,1,A,1.0,1.0,1,A,9,2,2,1.0
744_04-04_crop_01.jpg,1,A,11,278,0.8920863309352518,0.8920863309352518,1,A,1.0,1.0,1,A,8,248,779,0.31835686777920413
744_04-04_crop_01.jpg,1,A,12,86,0.6744186046511628,0.6744186046511628,1,A,1.0,1.0,1,A,10,58,75,0.7733333333333333
744_04-04_crop_01.jpg,1,A,13,251,0.9760956175298805,0.9760956175298805,1,A,1.0,1.0,1,A,14,245,278,0.8812949640287769
744_04-04_crop_01.jpg,1,A,14,120,1.0,1.0,1,A,1.0,1.0,1,A,16,120,177,0.6779661016949152
744_04-04_crop_01.jpg,1,A,15,174,0.7758620689655172,0.7758620689655172,1,A,1.0,1.0,1,A,17,135,166,0.8132530120481928
744_04-04_crop_01.jpg,1,A,16,93,0.967741935483871,0.967741935483871,1,A,1.0,1.0,1,A,18,90,118,0.7627118644067796
744_04-04_crop_01.jpg,1,A,17,161,0.6521739130434783,0.6521739130434783,1,A,1.0,1.0,1,A,19,105,113,0.9292035398230089
744_04-04_crop_01.jpg,1,A,18,293,0.9590443686006825,0.9590443686006825,1,A,1.0,1.0,1,A,21,281,314,0.8949044585987261
744_04-04_crop_01.jpg,1,A,19,90,0.7777777777777778,0.7777777777777778,1,A,1.0,1.0,1,A,22,70,73,0.958904109589041
744_04-04_crop_01.jpg,2,B,1,151,0.423841059602649,0.0,1,A,1.0,0.0,1,A,13,64,64,1.0
744_04-04_crop_01.jpg,3,C,1,51,0.9215686274509803,0.0,1,A,1.0,0.0,1,A,3,47,56,0.8392857142857143
744_05-02_crop_00.jpg,1,A,1,165,0.41818181818181815,0.41818181818181815,1,A,1.0,1.0,1,A,1,69,69,1.0
744_05-02_crop_00.jpg,1,A,2,203,0.4729064039408867,0.4729064039408867,1,A,1.0,1.0,1,A,2,96,96,1.0
744_05-02_crop_00.jpg,1,A,3,99,0.0,0.0,0,bg,0.0,0.0,0,,0,0,0,0.0
744_05-02_crop_00.jpg,1,A,4,436,0.8807339449541285,0.8807339449541285,1,A,1.0,1.0,1,A,3,384,486,0.7901234567901234
744_05-02_crop_00.jpg,1,A,5,61,0.639344262295082,0.639344262295082,1,A,1.0,1.0,1,A,4,39,39,1.0
744_05-02_crop_00.jpg,1,A,6,471,0.89171974522293,0.89171974522293,1,A,1.0,1.0,1,A,5,420,502,0.8366533864541833
744_05-02_crop_00.jpg,1,A,7,179,0.8938547486033519,0.8938547486033519,1,A,1.0,1.0,1,A,6,160,216,0.7407407407407407
744_05-02_crop_00.jpg,1,A,8,156,0.6858974358974359,0.6858974358974359,1,A,1.0,1.0,1,A,8,107,111,0.963963963963964
744_05-02_crop_00.jpg,1,A,9,429,0.578088578088578,0.578088578088578,1,A,1.0,1.0,1,A,9,248,249,0.9959839357429718
744_05-02_crop_00.jpg,1,A,10,78,0.9358974358974359,0.9358974358974359,1,A,1.0,1.0,1,A,10,73,110,0.6636363636363637
744_05-02_crop_00.jpg,1,A,11,48,0.0,0.0,0,bg,0.0,0.0,0,,0,0,0,0.0
744_05-02_crop_00.jpg,1,A,12,349,0.8538681948424068,0.8538681948424068,1,A,1.0,1.0,1,A,11,298,409,0.7286063569682152
744_05-02_crop_00.jpg,1,A,13,139,0.302158273381295,0.302158273381295,1,A,1.0,1.0,1,A,12,42,42,1.0
744_05-02_crop_00.jpg,1,A,14,883,0.8742921857304643,0.8742921857304643,1,A,1.0,1.0,1,A,13,772,922,0.8373101952277657
744_05-02_crop_00.jpg,1,A,15,404,0.7871287128712872,0.7871287128712872,1,A,1.0,1.0,1,A,15,318,322,0.9875776397515528
744_05-02_crop_00.jpg,1,A,16,353,0.9405099150141643,0.9405099150141643,1,A,1.0,1.0,1,A,16,332,401,0.827930174563591
744_05-02_crop_00.jpg,1,A,17,560,0.8446428571428571,0.8446428571428571,1,A,1.0,1.0,1,A,17,473,510,0.9274509803921569
744_05-02_crop_00.jpg,1,A,18,84,0.0,0.0,0,bg,0.0,0.0,0,,0,0,0,0.0
744_05-02_crop_00.jpg,1,A,19,322,0.40683229813664595,0.40683229813664595,1,A,1.0,1.0,1,A,19,122,144,0.8472222222222222
744_05-02_crop_00.jpg,1,A,20,948,0.6877637130801688,0.6877637130801688,1,A,1.0,1.0,1,A,20,350,372,0.9408602150537635
744_05-02_crop_00.jpg,1,A,21,394,0.8426395939086294,0.8426395939086294,1,A,1.0,1.0,1,A,21,332,368,0.9021739130434783
744_05-02_crop_00.jpg,1,A,22,414,0.8695652173913043,0.8695652173913043,1,A,1.0,1.0,1,A,23,360,380,0.9473684210526315
744_05-02_crop_00.jpg,1,A,23,171,0.9181286549707602,0.9181286549707602,1,A,1.0,1.0,1,A,24,157,213,0.7370892018779343
744_05-02_crop_00.jpg,1,A,24,141,0.6737588652482269,0.6737588652482269,1,A,1.0,1.0,1,A,26,95,113,0.8407079646017699
744_05-02_crop_00.jpg,1,A,25,97,0.0,0.0,0,bg,0.0,0.0,0,,0,0,0,0.0
744_05-02_crop_00.jpg,3,C,1,72,0.0,0.0,0,bg,0.0,0.0,0,,0,0,0,0.0
744_05-02_crop_00.jpg,3,C,2,107,0.0,0.0,0,bg,0.0,0.0,0,,0,0,0,0.0
744_05-02_crop_00.jpg,3,C,3,98,0.7244897959183674,0.7244897959183674,3,C,1.0,1.0,1,C,18,71,74,0.9594594594594594
744_05-03_crop_02.jpg,1,A,1,310,0.8290322580645161,0.8290322580645161,1,A,1.0,1.0,1,A,1,257,301,0.8538205980066446
744_05-03_crop_02.jpg,1,A,2,194,0.9226804123711341,0.9226804123711341,1,A,1.0,1.0,1,A,2,179,250,0.716
744_05-03_crop_02.jpg,1,A,3,492,0.5792682926829268,0.5792682926829268,1,A,1.0,1.0,1,A,3,285,285,1.0
744_05-03_crop_02.jpg,1,A,4,706,0.8526912181303116,0.8526912181303116,1,A,1.0,1.0,1,A,5,602,693,0.8686868686868687
744_05-03_crop_02.jpg,1,A,5,257,0.622568093385214,0.622568093385214,1,A,1.0,1.0,1,A,6,160,164,0.975609756097561
744_05-03_crop_02.jpg,1,A,6,201,0.6517412935323383,0.6517412935323383,1,A,1.0,1.0,1,A,7,131,131,1.0
744_05-03_crop_02.jpg,1,A,7,350,0.8114285714285714,0.8114285714285714,1,A,1.0,1.0,1,A,8,284,327,0.8685015290519877
744_05-03_crop_02.jpg,1,A,8,235,0.8042553191489362,0.8042553191489362,1,A,1.0,1.0,1,A,9,189,205,0.9219512195121952
744_05-03_crop_02.jpg,1,A,9,183,0.8633879781420765,0.8633879781420765,1,A,1.0,1.0,1,A,11,158,205,0.7707317073170732
744_05-03_crop_02.jpg,1,A,10,162,0.9012345679012346,0.9012345679012346,1,A,1.0,1.0,1,A,10,146,214,0.6822429906542056
744_05-03_crop_02.jpg,1,A,11,325,0.9723076923076923,0.9723076923076923,1,A,1.0,1.0,1,A,12,316,427,0.7400468384074942
744_05-03_crop_02.jpg,1,A,12,293,0.6791808873720137,0.6791808873720137,1,A,1.0,1.0,1,A,13,199,210,0.9476190476190476
744_05-03_crop_02.jpg,1,A,13,231,0.8095238095238095,0.8095238095238095,1,A,1.0,1.0,1,A,15,187,216,0.8657407407407407
744_05-03_crop_02.jpg,1,A,14,74,0.0,0.0,0,bg,0.0,0.0,0,,0,0,0,0.0
744_05-03_crop_02.jpg,1,A,15,202,0.7029702970297029,0.7029702970297029,1,A,1.0,1.0,1,A,16,142,170,0.8352941176470589
744_05-03_crop_02.jpg,1,A,16,163,0.0,0.0,0,bg,0.0,0.0,0,,0,0,0,0.0
744_05-03_crop_02.jpg,1,A,17,297,0.5757575757575758,0.5757575757575758,1,A,1.0,1.0,1,A,17,171,179,0.9553072625698324
744_05-03_crop_02.jpg,1,A,18,250,0.808,0.808,1,A,1.0,1.0,1,A,19,202,304,0.6644736842105263
744_05-03_crop_02.jpg,2,B,1,351,0.7948717948717948,0.7948717948717948,2,B,1.0,1.0,1,B,20,279,323,0.8637770897832817
744_05-03_crop_02.jpg,3,C,1,131,0.7251908396946565,0.0,1,A,1.0,0.0,1,A,14,95,95,1.0
744_05-03_crop_02.jpg,3,C,2,281,0.608540925266904,0.4234875444839858,3,C,0.695906432748538,0.695906432748538,2,A|C,18,171,204,0.8382352941176471
744_05-03_crop_03.jpg,1,A,1,104,0.7884615384615384,0.0,3,C,1.0,0.0,1,C,3,82,91,0.9010989010989011
744_05-03_crop_03.jpg,1,A,2,303,0.9075907590759076,0.759075907590759,1,A,0.8363636363636363,0.8363636363636363,2,A|C,4,275,327,0.8409785932721713
744_05-03_crop_03.jpg,1,A,3,466,0.7832618025751072,0.7832618025751072,1,A,1.0,1.0,1,A,5,365,502,0.7270916334661355
744_05-03_crop_03.jpg,1,A,4,79,0.7215189873417721,0.7215189873417721,1,A,1.0,1.0,1,A,6,57,66,0.8636363636363636
744_05-03_crop_03.jpg,1,A,5,390,0.8179487179487179,0.8179487179487179,1,A,1.0,1.0,1,A,7,319,359,0.8885793871866295
744_05-03_crop_03.jpg,1,A,6,130,0.6307692307692307,0.6307692307692307,1,A,1.0,1.0,1,A,9,82,146,0.5616438356164384
744_05-03_crop_03.jpg,1,A,7,175,0.3657142857142857,0.3657142857142857,1,A,1.0,1.0,1,A,11,64,64,1.0
744_05-03_crop_03.jpg,1,A,8,72,0.8611111111111112,0.8611111111111112,1,A,1.0,1.0,1,A,12,62,77,0.8051948051948052
744_05-03_crop_03.jpg,1,A,9,400,0.8425,0.8425,1,A,1.0,1.0,1,A,13,337,383,0.8798955613577023
744_05-03_crop_03.jpg,1,A,10,286,0.8986013986013986,0.8986013986013986,1,A,1.0,1.0,1,A,14,257,275,0.9345454545454546
744_05-03_crop_03.jpg,1,A,11,406,0.9334975369458128,0.9334975369458128,1,A,1.0,1.0,1,A,15,379,425,0.8917647058823529
744_05-03_crop_03.jpg,1,A,12,91,0.31868131868131866,0.31868131868131866,1,A,1.0,1.0,1,A,16,29,29,1.0
744_05-03_crop_03.jpg,1,A,13,229,0.9912663755458515,0.9912663755458515,1,A,1.0,1.0,1,A,18,227,292,0.7773972602739726
744_05-03_crop_03.jpg,1,A,14,169,0.7633136094674556,0.7633136094674556,1,A,1.0,1.0,1,A,19,129,134,0.9626865671641791
744_05-03_crop_03.jpg,1,A,15,68,0.6617647058823529,0.6617647058823529,1,A,1.0,1.0,1,A,20,45,50,0.9
744_05-03_crop_03.jpg,3,C,1,195,0.6820512820512821,0.0,1,A,1.0,0.0,1,A,10,133,137,0.9708029197080292
744_05-04_crop_00.jpg,1,A,1,661,0.848714069591528,0.848714069591528,1,A,1.0,1.0,1,A,1,561,614,0.9136807817589576
744_05-04_crop_00.jpg,1,A,2,134,0.7014925373134329,0.7014925373134329,1,A,1.0,1.0,1,A,2,94,95,0.9894736842105263
744_05-04_crop_00.jpg,1,A,3,173,0.2543352601156069,0.2543352601156069,1,A,1.0,1.0,1,A,3,44,44,1.0
744_05-04_crop_00.jpg,1,A,4,124,0.8225806451612904,0.8225806451612904,1,A,1.0,1.0,1,A,4,102,110,0.9272727272727272
744_05-04_crop_00.jpg,1,A,5,175,0.6971428571428572,0.6971428571428572,1,A,1.0,1.0,1,A,5,122,143,0.8531468531468531
744_05-04_crop_00.jpg,1,A,6,228,0.9254385964912281,0.9254385964912281,1,A,1.0,1.0,1,A,6,211,242,0.871900826446281
744_05-04_crop_00.jpg,1,A,7,237,0.9493670886075949,0.9493670886075949,1,A,1.0,1.0,1,A,7,225,271,0.8302583025830258
744_05-04_crop_00.jpg,1,A,8,170,0.8529411764705882,0.8529411764705882,1,A,1.0,1.0,1,A,8,145,193,0.7512953367875648
744_05-04_crop_00.jpg,1,A,9,100,0.86,0.86,1,A,1.0,1.0,1,A,9,86,114,0.7543859649122807
744_05-04_crop_00.jpg,1,A,10,294,0.7278911564625851,0.07482993197278912,3,C,0.8925233644859814,0.102803738317757,2,A|C,10,214,243,0.8806584362139918
744_05-04_crop_00.jpg,1,A,11,105,0.5523809523809524,0.5523809523809524,1,A,1.0,1.0,1,A,13,58,59,0.9830508474576272
744_05-04_crop_00.jpg,1,A,12,128,0.875,0.875,1,A,1.0,1.0,1,A,14,112,173,0.6473988439306358
744_05-04_crop_00.jpg,1,A,13,537,0.8864059590316573,0.8864059590316573,1,A,1.0,1.0,1,A,15,476,536,0.8880597014925373
744_05-04_crop_00.jpg,1,A,14,83,0.6987951807228916,0.6987951807228916,1,A,1.0,1.0,1,A,16,58,59,0.9830508474576272
744_05-04_crop_00.jpg,1,A,15,100,0.64,0.64,1,A,1.0,1.0,1,A,17,64,78,0.8205128205128205
744_05-04_crop_00.jpg,1,A,16,53,0.0,0.0,0,bg,0.0,0.0,0,,0,0,0,0.0
744_05-04_crop_00.jpg,1,A,17,145,0.896551724137931,0.896551724137931,1,A,1.0,1.0,1,A,18,130,182,0.7142857142857143
744_05-04_crop_00.jpg,1,A,18,77,0.0,0.0,0,bg,0.0,0.0,0,,0,0,0,0.0
744_05-04_crop_00.jpg,1,A,19,178,0.9157303370786517,0.9157303370786517,1,A,1.0,1.0,1,A,19,163,221,0.7375565610859729
744_05-04_crop_00.jpg,1,A,20,194,0.8608247422680413,0.8608247422680413,1,A,1.0,1.0,1,A,20,167,192,0.8697916666666666
744_05-04_crop_00.jpg,1,A,21,605,0.6892561983471074,0.6892561983471074,1,A,1.0,1.0,1,A,21,417,899,0.4638487208008899
744_05-04_crop_00.jpg,1,A,22,318,0.940251572327044,0.940251572327044,1,A,1.0,1.0,1,A,22,299,325,0.92
744_05-04_crop_00.jpg,1,A,23,116,0.6379310344827587,0.6379310344827587,1,A,1.0,1.0,1,A,23,74,82,0.9024390243902439
744_05-04_crop_00.jpg,1,A,24,405,0.6,0.6,1,A,1.0,1.0,1,A,21,243,899,0.27030033370411566
744_05-04_crop_00.jpg,1,A,25,81,0.6790123456790124,0.6790123456790124,1,A,1.0,1.0,1,A,24,55,69,0.7971014492753623
744_05-04_crop_00.jpg,1,A,26,235,0.8042553191489362,0.8042553191489362,1,A,1.0,1.0,1,A,26,189,190,0.9947368421052631
744_05-04_crop_00.jpg,3,C,1,133,0.631578947368421,0.0,1,A,1.0,0.0,1,A,12,84,84,1.0
744_05-04_crop_01.jpg,1,A,1,46,0.9782608695652174,0.9782608695652174,1,A,1.0,1.0,1,A,1,45,69,0.6521739130434783
744_05-04_crop_01.jpg,1,A,2,81,1.0,1.0,1,A,1.0,1.0,1,A,3,81,125,0.648
744_05-04_crop_01.jpg,1,A,3,204,0.9019607843137255,0.9019607843137255,1,A,1.0,1.0,1,A,4,184,218,0.8440366972477065
744_05-04_crop_01.jpg,1,A,4,115,0.5565217391304348,0.5565217391304348,1,A,1.0,1.0,1,A,5,64,81,0.7901234567901234
744_05-04_crop_01.jpg,1,A,5,238,0.773109243697479,0.773109243697479,1,A,1.0,1.0,1,A,8,184,217,0.847926267281106
744_05-04_crop_01.jpg,1,A,6,86,1.0,1.0,1,A,1.0,1.0,1,A,7,86,162,0.5308641975308642
744_05-04_crop_01.jpg,1,A,7,74,0.8918918918918919,0.8918918918918919,1,A,1.0,1.0,1,A,9,66,81,0.8148148148148148
744_05-04_crop_01.jpg,1,A,8,225,0.8133333333333334,0.8133333333333334,1,A,1.0,1.0,1,A,10,183,254,0.7204724409448819
744_05-04_crop_01.jpg,1,A,9,255,0.9372549019607843,0.9372549019607843,1,A,1.0,1.0,1,A,11,239,290,0.8241379310344827
744_05-04_crop_01.jpg,1,A,10,728,0.967032967032967,0.967032967032967,1,A,1.0,1.0,1,A,12,704,800,0.88
744_05-04_crop_01.jpg,1,A,11,1696,0.7959905660377359,0.7959905660377359,1,A,1.0,1.0,1,A,15,779,824,0.9453883495145631
744_05-04_crop_01.jpg,1,A,12,59,0.9322033898305084,0.9322033898305084,1,A,1.0,1.0,1,A,16,55,75,0.7333333333333333
744_05-04_crop_01.jpg,1,A,13,350,0.9971428571428571,0.9971428571428571,1,A,1.0,1.0,1,A,17,349,464,0.7521551724137931
744_05-04_crop_01.jpg,1,A,14,64,0.90625,0.90625,1,A,1.0,1.0,1,A,18,58,74,0.7837837837837838
744_05-04_crop_01.jpg,1,A,15,87,0.7816091954022989,0.7816091954022989,1,A,1.0,1.0,1,A,19,68,88,0.7727272727272727
744_05-04_crop_01.jpg,1,A,16,98,0.7959183673469388,0.7959183673469388,1,A,1.0,1.0,1,A,20,78,176,0.4431818181818182
744_05-04_crop_01.jpg,1,A,17,426,0.6643192488262911,0.6643192488262911,1,A,1.0,1.0,1,A,21,283,287,0.9860627177700348
744_05-04_crop_01.jpg,1,A,18,162,0.5432098765432098,0.5432098765432098,1,A,1.0,1.0,1,A,22,88,88,1.0
744_05-04_crop_01.jpg,1,A,19,151,0.4900662251655629,0.4900662251655629,1,A,1.0,1.0,1,A,23,74,83,0.891566265060241
744_05-04_crop_01.jpg,1,A,20,51,0.803921568627451,0.803921568627451,1,A,1.0,1.0,1,A,24,41,211,0.1943127962085308
744_05-04_crop_01.jpg,1,A,21,194,0.7731958762886598,0.7731958762886598,1,A,1.0,1.0,1,A,25,150,164,0.9146341463414634
744_05-04_crop_01.jpg,1,A,22,71,0.8450704225352113,0.8450704225352113,1,A,1.0,1.0,1,A,24,60,211,0.2843601895734597
744_05-04_crop_01.jpg,1,A,23,494,0.9048582995951417,0.9048582995951417,1,A,1.0,1.0,1,A,26,447,476,0.9390756302521008
744_05-04_crop_01.jpg,1,A,24,52,0.6153846153846154,0.6153846153846154,1,A,1.0,1.0,1,A,24,32,211,0.15165876777251186
744_05-04_crop_01.jpg,1,A,25,178,0.797752808988764,0.797752808988764,1,A,1.0,1.0,1,A,27,142,160,0.8875
744_05-04_crop_01.jpg,1,A,26,115,0.8521739130434782,0.8521739130434782,1,A,1.0,1.0,1,A,28,98,120,0.8166666666666667
744_05-04_crop_01.jpg,3,C,1,91,0.6813186813186813,0.0,1,A,1.0,0.0,1,A,20,62,176,0.3522727272727273
744_06-01_crop_00.jpg,1,A,1,172,0.08139534883720931,0.08139534883720931,1,A,1.0,1.0,1,A,1,14,14,1.0
744_06-01_crop_00.jpg,1,A,2,239,0.9748953974895398,0.9748953974895398,1,A,1.0,1.0,1,A,2,233,382,0.6099476439790575
744_06-01_crop_00.jpg,1,A,3,249,0.40963855421686746,0.40963855421686746,1,A,1.0,1.0,1,A,2,102,382,0.2670157068062827
744_06-01_crop_00.jpg,1,A,4,110,0.8272727272727273,0.8272727272727273,1,A,1.0,1.0,1,A,3,91,151,0.6026490066225165
744_06-01_crop_00.jpg,1,A,5,134,0.7313432835820896,0.7313432835820896,1,A,1.0,1.0,1,A,4,98,101,0.9702970297029703
744_06-01_crop_00.jpg,1,A,6,127,0.5905511811023622,0.5905511811023622,1,A,1.0,1.0,1,A,5,75,75,1.0
744_06-01_crop_00.jpg,1,A,7,153,0.0,0.0,0,bg,0.0,0.0,0,,0,0,0,0.0
744_06-01_crop_00.jpg,1,A,8,98,0.7346938775510204,0.7346938775510204,1,A,1.0,1.0,1,A,6,72,92,0.782608695652174
744_06-01_crop_00.jpg,1,A,9,207,0.8164251207729468,0.8164251207729468,1,A,1.0,1.0,1,A,8,169,230,0.7347826086956522
744_06-01_crop_00.jpg,1,A,10,268,0.9029850746268657,0.9029850746268657,1,A,1.0,1.0,1,A,7,242,281,0.8612099644128114
744_06-01_crop_00.jpg,1,A,11,1091,0.8900091659028414,0.8900091659028414,1,A,1.0,1.0,1,A,9,971,1031,0.94180407371484
744_06-01_crop_00.jpg,1,A,12,94,0.0,0.0,0,bg,0.0,0.0,0,,0,0,0,0.0
744_06-01_crop_00.jpg,1,A,13,152,0.5921052631578947,0.5921052631578947,1,A,1.0,1.0,1,A,11,90,102,0.8823529411764706
744_06-01_crop_00.jpg,1,A,14,488,0.9815573770491803,0.9815573770491803,1,A,1.0,1.0,1,A,13,479,532,0.900375939849624
744_06-01_crop_00.jpg,1,A,15,144,0.3541666666666667,0.3541666666666667,1,A,1.0,1.0,1,A,14,51,51,1.0
744_06-01_crop_00.jpg,1,A,16,198,0.7575757575757576,0.7575757575757576,1,A,1.0,1.0,1,A,15,150,155,0.967741935483871
744_06-01_crop_00.jpg,1,A,17,213,0.7699530516431925,0.7699530516431925,1,A,1.0,1.0,1,A,16,164,179,0.9162011173184358
744_06-01_crop_00.jpg,1,A,18,441,0.782312925170068,0.782312925170068,1,A,1.0,1.0,1,A,17,345,394,0.8756345177664975
744_06-01_crop_00.jpg,1,A,19,731,0.9343365253077975,0.9343365253077975,1,A,1.0,1.0,1,A,18,683,786,0.8689567430025446
744_06-01_crop_00.jpg,1,A,20,94,0.6063829787234043,0.6063829787234043,1,A,1.0,1.0,1,A,19,57,58,0.9827586206896551
744_06-01_crop_00.jpg,1,A,21,161,0.9937888198757764,0.9937888198757764,1,A,1.0,1.0,1,A,21,160,263,0.6083650190114068
744_06-01_crop_00.jpg,3,C,1,135,0.0,0.0,0,bg,0.0,0.0,0,,0,0,0,0.0
744_06-01_crop_00.jpg,3,C,2,147,0.8639455782312925,0.0,1,A,1.0,0.0,1,A,10,127,174,0.7298850574712644
744_06-01_crop_01.jpg,1,A,1,75,0.8266666666666667,0.8266666666666667,1,A,1.0,1.0,1,A,1,62,115,0.5391304347826087
744_06-01_crop_01.jpg,1,A,2,97,0.9484536082474226,0.8144329896907216,1,A,0.8586956521739131,0.8586956521739131,2,A|C,2,92,122,0.7540983606557377
744_06-01_crop_01.jpg,1,A,3,293,0.8668941979522184,0.8668941979522184,1,A,1.0,1.0,1,A,3,254,272,0.9338235294117647
744_06-01_crop_01.jpg,1,A,4,102,0.0,0.0,0,bg,0.0,0.0,0,,0,0,0,0.0
744_06-01_crop_01.jpg,1,A,5,208,0.7067307692307693,0.7067307692307693,1,A,1.0,1.0,1,A,4,147,155,0.9483870967741935
744_06-01_crop_01.jpg,1,A,6,140,0.6714285714285714,0.6714285714285714,1,A,1.0,1.0,1,A,5,94,100,0.94
744_06-01_crop_01.jpg,1,A,7,400,0.8475,0.8075,1,A,0.9528023598820059,0.9528023598820059,1,A,6,339,407,0.8329238329238329
744_06-01_crop_01.jpg,1,A,8,211,0.5876777251184834,0.5876777251184834,1,A,1.0,1.0,1,A,7,124,203,0.6108374384236454
744_06-01_crop_01.jpg,1,A,9,81,0.8888888888888888,0.8888888888888888,1,A,1.0,1.0,1,A,9,72,97,0.7422680412371134
744_06-01_crop_01.jpg,1,A,10,153,0.6339869281045751,0.0,2,B,1.0,0.0,1,B,10,97,204,0.47549019607843135
744_06-01_crop_01.jpg,1,A,11,122,0.4262295081967213,0.4180327868852459,1,A,0.9807692307692307,0.9807692307692307,1,A,10,52,204,0.2549019607843137
744_06-01_crop_01.jpg,1,A,12,203,0.8325123152709359,0.8325123152709359,1,A,1.0,1.0,1,A,11,169,211,0.8009478672985783
744_06-01_crop_01.jpg,1,A,13,112,0.7678571428571429,0.7678571428571429,1,A,1.0,1.0,1,A,12,86,117,0.7350427350427351
744_06-01_crop_01.jpg,1,A,14,109,0.7889908256880734,0.7889908256880734,1,A,1.0,1.0,1,A,13,86,86,1.0
744_06-01_crop_01.jpg,1,A,15,77,0.6753246753246753,0.6753246753246753,1,A,1.0,1.0,1,A,14,52,55,0.9454545454545454
744_06-01_crop_01.jpg,1,A,16,80,0.5625,0.5625,1,A,1.0,1.0,1,A,15,45,79,0.569620253164557
744_06-02_crop_00.jpg,1,A,1,50,0.0,0.0,0,bg,0.0,0.0,0,,0,0,0,0.0
744_06-02_crop_00.jpg,1,A,2,130,0.9230769230769231,0.9230769230769231,1,A,1.0,1.0,1,A,1,120,172,0.6976744186046512
744_06-02_crop_00.jpg,1,A,3,195,0.8051282051282052,0.8051282051282052,1,A,1.0,1.0,1,A,2,157,177,0.8870056497175142
744_06-02_crop_00.jpg,1,A,4,85,0.8235294117647058,0.8235294117647058,1,A,1.0,1.0,1,A,4,70,115,0.6086956521739131
744_06-02_crop_00.jpg,1,A,5,114,1.0,1.0,1,A,1.0,1.0,1,A,5,114,204,0.5588235294117647
744_06-02_crop_00.jpg,1,A,6,267,0.7715355805243446,0.6704119850187266,1,A,0.8689320388349514,0.8689320388349514,2,A|C,6,206,243,0.8477366255144033
744_06-02_crop_00.jpg,1,A,7,307,0.9250814332247557,0.9250814332247557,1,A,1.0,1.0,1,A,7,284,313,0.9073482428115016
744_06-02_crop_00.jpg,1,A,8,369,0.8428184281842819,0.8428184281842819,1,A,1.0,1.0,1,A,8,311,329,0.9452887537993921
744_06-02_crop_00.jpg,1,A,9,421,0.8741092636579573,0.8741092636579573,1,A,1.0,1.0,1,A,9,368,387,0.9509043927648578
744_06-02_crop_00.jpg,1,A,10,128,0.9375,0.9375,1,A,1.0,1.0,1,A,10,120,194,0.6185567010309279
744_06-02_crop_00.jpg,1,A,11,223,0.8878923766816144,0.8878923766816144,1,A,1.0,1.0,1,A,11,198,302,0.6556291390728477
744_06-02_crop_00.jpg,1,A,12,107,1.0,1.0,1,A,1.0,1.0,1,A,12,107,145,0.7379310344827587
744_06-02_crop_00.jpg,1,A,13,258,0.8488372093023255,0.8488372093023255,1,A,1.0,1.0,1,A,13,219,263,0.8326996197718631
744_06-02_crop_00.jpg,1,A,14,296,0.7195945945945946,0.7195945945945946,1,A,1.0,1.0,1,A,14,213,336,0.6339285714285714
744_06-02_crop_00.jpg,1,A,15,235,0.7617021276595745,0.7617021276595745,1,A,1.0,1.0,1,A,15,179,194,0.9226804123711341
744_06-02_crop_00.jpg,1,A,16,126,0.0,0.0,0,bg,0.0,0.0,0,,0,0,0,0.0
744_06-02_crop_00.jpg,1,A,17,427,0.9508196721311475,0.9508196721311475,1,A,1.0,1.0,1,A,16,406,505,0.803960396039604
744_06-02_crop_00.jpg,1,A,18,70,1.0,1.0,1,A,1.0,1.0,1,A,14,70,336,0.20833333333333334
744_06-02_crop_00.jpg,1,A,19,158,0.930379746835443,0.930379746835443,1,A,1.0,1.0,1,A,17,147,202,0.7277227722772277
744_06-02_crop_00.jpg,1,A,20,106,0.839622641509434,0.839622641509434,1,A,1.0,1.0,1,A,18,89,101,0.8811881188118812
744_06-02_crop_00.jpg,1,A,21,119,0.0,0.0,0,bg,0.0,0.0,0,,0,0,0,0.0
744_06-02_crop_00.jpg,1,A,22,121,0.9669421487603306,0.9669421487603306,1,A,1.0,1.0,1,A,19,117,169,0.6923076923076923
744_06-02_crop_00.jpg,1,A,23,207,1.0,1.0,1,A,1.0,1.0,1,A,20,207,308,0.672077922077922
744_06-02_crop_00.jpg,1,A,24,263,0.9125475285171103,0.9125475285171103,1,A,1.0,1.0,1,A,21,240,300,0.8
744_06-02_crop_00.jpg,1,A,25,378,0.8888888888888888,0.8888888888888888,1,A,1.0,1.0,1,A,22,336,379,0.8865435356200527
744_06-02_crop_00.jpg,1,A,26,103,0.7378640776699029,0.7378640776699029,1,A,1.0,1.0,1,A,23,76,80,0.95
744_06-02_crop_00.jpg,1,A,27,225,0.7955555555555556,0.7955555555555556,1,A,1.0,1.0,1,A,24,179,186,0.9623655913978495
744_06-02_crop_00.jpg,1,A,28,135,1.0,1.0,1,A,1.0,1.0,1,A,25,135,210,0.6428571428571429
744_06-02_crop_00.jpg,1,A,29,202,0.9752475247524752,0.9752475247524752,1,A,1.0,1.0,1,A,26,197,238,0.8277310924369747
744_06-02_crop_00.jpg,1,A,30,106,0.7641509433962265,0.7641509433962265,1,A,1.0,1.0,1,A,27,81,95,0.8526315789473684
744_06-02_crop_00.jpg,1,A,31,149,0.0,0.0,0,bg,0.0,0.0,0,,0,0,0,0.0
744_06-02_crop_00.jpg,1,A,32,126,0.9285714285714286,0.9285714285714286,1,A,1.0,1.0,1,A,28,117,382,0.306282722513089
744_06-02_crop_00.jpg,1,A,33,106,0.9056603773584906,0.9056603773584906,1,A,1.0,1.0,1,A,29,96,180,0.5333333333333333
744_06-02_crop_00.jpg,1,A,34,127,1.0,1.0,1,A,1.0,1.0,1,A,28,127,382,0.3324607329842932
744_06-02_crop_00.jpg,1,A,35,176,0.8181818181818182,0.8181818181818182,1,A,1.0,1.0,1,A,30,144,154,0.935064935064935
744_06-02_crop_00.jpg,1,A,36,210,0.6428571428571429,0.6428571428571429,1,A,1.0,1.0,1,A,31,135,135,1.0
744_06-02_crop_00.jpg,1,A,37,99,0.5454545454545454,0.5454545454545454,1,A,1.0,1.0,1,A,32,54,64,0.84375
744_06-02_crop_00.jpg,1,A,38,84,0.0,0.0,0,bg,0.0,0.0,0,,0,0,0,0.0
744_06-02_crop_00.jpg,1,A,39,412,0.9441747572815534,0.9441747572815534,1,A,1.0,1.0,1,A,34,389,457,0.8512035010940919
744_06-02_crop_00.jpg,1,A,40,173,0.5260115606936416,0.5260115606936416,1,A,1.0,1.0,1,A,35,91,113,0.8053097345132744
744_06-02_crop_00.jpg,1,A,41,83,0.891566265060241,0.891566265060241,1,A,1.0,1.0,1,A,36,74,76,0.9736842105263158
744_06-02_crop_00.jpg,1,A,42,84,0.5238095238095238,0.5238095238095238,1,A,1.0,1.0,1,A,37,44,74,0.5945945945945946
744_06-02_crop_00.jpg,1,A,43,55,1.0,1.0,1,A,1.0,1.0,1,A,38,55,135,0.4074074074074074
744_06-02_crop_00.jpg,1,A,44,199,0.6532663316582915,0.6532663316582915,1,A,1.0,1.0,1,A,39,130,131,0.9923664122137404
744_06-02_crop_00.jpg,1,A,45,169,0.6982248520710059,0.6982248520710059,1,A,1.0,1.0,1,A,40,118,134,0.8805970149253731
744_06-02_crop_00.jpg,1,A,46,202,0.7326732673267327,0.7326732673267327,1,A,1.0,1.0,1,A,41,148,166,0.891566265060241
744_06-02_crop_00.jpg,1,A,47,58,0.0,0.0,0,bg,0.0,0.0,0,,0,0,0,0.0
744_06-02_crop_00.jpg,2,B,1,132,0.0,0.0,0,bg,0.0,0.0,0,,0,0,0,0.0
744_06-03_crop_00.jpg,1,A,1,79,0.7848101265822784,0.7848101265822784,1,A,1.0,1.0,1,A,1,62,90,0.6888888888888889
744_06-03_crop_00.jpg,1,A,2,66,0.0,0.0,0,bg,0.0,0.0,0,,0,0,0,0.0
744_06-03_crop_00.jpg,1,A,3,47,0.0,0.0,0,bg,0.0,0.0,0,,0,0,0,0.0
744_06-03_crop_00.jpg,1,A,4,85,0.8117647058823529,0.8117647058823529,1,A,1.0,1.0,1,A,2,69,84,0.8214285714285714
744_06-03_crop_00.jpg,1,A,5,108,0.75,0.75,1,A,1.0,1.0,1,A,3,81,83,0.9759036144578314
744_06-03_crop_00.jpg,1,A,6,103,0.941747572815534,0.941747572815534,1,A,1.0,1.0,1,A,4,97,110,0.8818181818181818
744_06-03_crop_00.jpg,1,A,7,33,1.0,1.0,1,A,1.0,1.0,1,A,5,33,62,0.532258064516129
744_06-03_crop_00.jpg,1,A,8,304,0.8322368421052632,0.8322368421052632,1,A,1.0,1.0,1,A,6,253,283,0.8939929328621908
744_06-03_crop_00.jpg,1,A,9,354,0.6610169491525424,0.6610169491525424,1,A,1.0,1.0,1,A,7,234,260,0.9
744_06-03_crop_00.jpg,1,A,10,215,0.9302325581395349,0.9302325581395349,1,A,1.0,1.0,1,A,8,200,240,0.8333333333333334
744_06-03_crop_00.jpg,1,A,11,85,0.9058823529411765,0.9058823529411765,1,A,1.0,1.0,1,A,9,77,96,0.8020833333333334
744_06-03_crop_00.jpg,1,A,12,201,0.7661691542288557,0.7661691542288557,1,A,1.0,1.0,1,A,10,154,164,0.9390243902439024
744_06-03_crop_00.jpg,1,A,13,191,0.6858638743455497,0.6858638743455497,1,A,1.0,1.0,1,A,12,131,190,0.6894736842105263
744_06-03_crop_00.jpg,1,A,14,76,0.9868421052631579,0.9868421052631579,1,A,1.0,1.0,1,A,13,75,134,0.5597014925373134
744_06-03_crop_00.jpg,1,A,15,378,0.6798941798941799,0.6798941798941799,1,A,1.0,1.0,1,A,14,257,264,0.9734848484848485
744_06-03_crop_00.jpg,1,A,16,204,0.7941176470588235,0.7941176470588235,1,A,1.0,1.0,1,A,15,162,171,0.9473684210526315
744_06-03_crop_00.jpg,1,A,17,87,0.4942528735632184,0.4942528735632184,1,A,1.0,1.0,1,A,16,43,43,1.0
744_06-03_crop_00.jpg,1,A,18,235,0.9787234042553191,0.9787234042553191,1,A,1.0,1.0,1,A,17,230,303,0.759075907590759
744_06-03_crop_00.jpg,1,A,19,58,1.0,1.0,1,A,1.0,1.0,1,A,18,58,113,0.5132743362831859
744_06-03_crop_00.jpg,1,A,20,216,0.9444444444444444,0.9444444444444444,1,A,1.0,1.0,1,A,19,204,257,0.7937743190661478
744_06-03_crop_00.jpg,1,A,21,174,0.8275862068965517,0.8275862068965517,1,A,1.0,1.0,1,A,20,144,197,0.7309644670050761
744_06-03_crop_00.jpg,1,A,22,68,0.8382352941176471,0.8382352941176471,1,A,1.0,1.0,1,A,21,57,151,0.37748344370860926
744_06-03_crop_00.jpg,1,A,23,128,0.828125,0.828125,1,A,1.0,1.0,1,A,22,106,131,0.8091603053435115
744_06-03_crop_00.jpg,1,A,24,47,0.5531914893617021,0.5531914893617021,1,A,1.0,1.0,1,A,21,26,151,0.17218543046357615
744_06-03_crop_00.jpg,1,A,25,173,0.8901734104046243,0.8901734104046243,1,A,1.0,1.0,1,A,23,154,207,0.7439613526570048
744_06-03_crop_00.jpg,1,A,26,413,0.9322033898305084,0.9322033898305084,1,A,1.0,1.0,1,A,24,385,404,0.9529702970297029
744_06-03_crop_00.jpg,1,A,27,147,0.8095238095238095,0.8095238095238095,1,A,1.0,1.0,1,A,25,119,155,0.7677419354838709
744_06-03_crop_00.jpg,1,A,28,163,0.9570552147239264,0.9570552147239264,1,A,1.0,1.0,1,A,26,156,201,0.7761194029850746
744_06-03_crop_00.jpg,1,A,29,122,0.6229508196721312,0.6229508196721312,1,A,1.0,1.0,1,A,27,76,94,0.8085106382978723
744_06-03_crop_00.jpg,1,A,30,96,1.0,1.0,1,A,1.0,1.0,1,A,28,96,131,0.732824427480916
744_06-03_crop_00.jpg,1,A,31,78,0.4358974358974359,0.4358974358974359,1,A,1.0,1.0,1,A,29,34,34,1.0
744_06-03_crop_00.jpg,1,A,32,54,0.8333333333333334,0.8333333333333334,1,A,1.0,1.0,1,A,30,45,52,0.8653846153846154
744_06-03_crop_00.jpg,1,A,33,249,0.5421686746987951,0.5421686746987951,1,A,1.0,1.0,1,A,31,135,136,0.9926470588235294
744_06-03_crop_00.jpg,4,D,1,39,0.0,0.0,0,bg,0.0,0.0,0,,0,0,0,0.0
744_06-04_crop_02.jpg,1,A,1,1496,0.9364973262032086,0.9364973262032086,1,A,1.0,1.0,1,A,1,1401,1611,0.8696461824953445
744_06-04_crop_02.jpg,1,A,2,81,0.691358024691358,0.691358024691358,1,A,1.0,1.0,1,A,3,56,67,0.835820895522388
744_06-04_crop_02.jpg,1,A,3,111,0.5495495495495496,0.0,3,C,1.0,0.0,1,C,4,61,63,0.9682539682539683
744_06-04_crop_02.jpg,1,A,4,258,0.8643410852713178,0.8643410852713178,1,A,1.0,1.0,1,A,5,223,267,0.8352059925093633
744_06-04_crop_02.jpg,1,A,5,69,0.8985507246376812,0.8985507246376812,1,A,1.0,1.0,1,A,6,62,79,0.7848101265822784
744_06-04_crop_02.jpg,1,A,6,245,0.8775510204081632,0.8775510204081632,1,A,1.0,1.0,1,A,7,215,260,0.8269230769230769
744_06-04_crop_02.jpg,1,A,7,487,0.728952772073922,0.728952772073922,1,A,1.0,1.0,1,A,8,355,367,0.9673024523160763
744_06-04_crop_02.jpg,1,A,8,390,0.8153846153846154,0.8153846153846154,1,A,1.0,1.0,1,A,9,318,338,0.9408284023668639
744_06-04_crop_02.jpg,1,A,9,109,0.5596330275229358,0.5596330275229358,1,A,1.0,1.0,1,A,10,61,62,0.9838709677419355
744_06-04_crop_02.jpg,1,A,10,233,0.7553648068669528,0.7553648068669528,1,A,1.0,1.0,1,A,11,176,187,0.9411764705882353
744_06-04_crop_02.jpg,1,A,11,64,0.0,0.0,0,bg,0.0,0.0,0,,0,0,0,0.0
744_06-04_crop_02.jpg,1,A,12,120,0.5583333333333333,0.5583333333333333,1,A,1.0,1.0,1,A,12,67,111,0.6036036036036037
744_06-04_crop_02.jpg,1,A,13,82,0.0,0.0,0,bg,0.0,0.0,0,,0,0,0,0.0
744_06-04_crop_02.jpg,3,C,1,71,0.0,0.0,0,bg,0.0,0.0,0,,0,0,0,0.0
744_08-02_crop_01.jpg,1,A,1,76,0.7236842105263158,0.7236842105263158,1,A,1.0,1.0,1,A,1,55,73,0.7534246575342466
744_08-02_crop_01.jpg,1,A,2,130,0.7307692307692307,0.7307692307692307,1,A,1.0,1.0,1,A,2,95,112,0.8482142857142857
744_08-02_crop_01.jpg,1,A,3,86,0.9302325581395349,0.9302325581395349,1,A,1.0,1.0,1,A,3,80,131,0.6106870229007634
744_08-02_crop_01.jpg,1,A,4,168,0.9583333333333334,0.9583333333333334,1,A,1.0,1.0,1,A,4,161,201,0.8009950248756219
744_08-02_crop_01.jpg,1,A,5,1170,0.8555555555555555,0.8555555555555555,1,A,1.0,1.0,1,A,5,772,851,0.9071680376028202
744_08-02_crop_01.jpg,1,A,6,64,0.953125,0.953125,1,A,1.0,1.0,1,A,6,61,108,0.5648148148148148
744_08-02_crop_01.jpg,1,A,7,221,0.9773755656108597,0.9773755656108597,1,A,1.0,1.0,1,A,7,216,289,0.7474048442906575
744_08-02_crop_01.jpg,1,A,8,79,0.5949367088607594,0.5949367088607594,1,A,1.0,1.0,1,A,8,47,57,0.8245614035087719
744_08-02_crop_01.jpg,1,A,9,145,0.6689655172413793,0.6689655172413793,1,A,1.0,1.0,1,A,9,97,119,0.8151260504201681
744_08-02_crop_01.jpg,1,A,10,444,0.9527027027027027,0.9527027027027027,1,A,1.0,1.0,1,A,10,423,466,0.907725321888412
744_08-02_crop_01.jpg,1,A,11,94,0.8617021276595744,0.8617021276595744,1,A,1.0,1.0,1,A,11,81,103,0.7864077669902912
744_08-02_crop_01.jpg,1,A,12,164,0.9878048780487805,0.9878048780487805,1,A,1.0,1.0,1,A,13,162,243,0.6666666666666666
744_08-02_crop_01.jpg,1,A,13,219,0.8767123287671232,0.8767123287671232,1,A,1.0,1.0,1,A,14,192,201,0.9552238805970149
744_08-02_crop_01.jpg,1,A,14,375,0.7946666666666666,0.7946666666666666,1,A,1.0,1.0,1,A,15,298,305,0.9770491803278688
744_08-02_crop_01.jpg,1,A,15,92,0.0,0.0,0,bg,0.0,0.0,0,,0,0,0,0.0
744_08-02_crop_01.jpg,1,A,16,147,0.673469387755102,0.673469387755102,1,A,1.0,1.0,1,A,16,99,109,0.908256880733945
744_08-02_crop_01.jpg,1,A,17,272,0.7904411764705882,0.7904411764705882,1,A,1.0,1.0,1,A,17,215,239,0.899581589958159
744_08-02_crop_01.jpg,1,A,18,151,0.6225165562913907,0.6225165562913907,1,A,1.0,1.0,1,A,18,94,105,0.8952380952380953
744_08-02_crop_01.jpg,1,A,19,155,0.5548387096774193,0.5548387096774193,1,A,1.0,1.0,1,A,19,86,106,0.8113207547169812
744_08-02_crop_01.jpg,1,A,20,112,0.7321428571428571,0.7321428571428571,1,A,1.0,1.0,1,A,20,82,143,0.5734265734265734
744_08-02_crop_01.jpg,1,A,21,242,0.9256198347107438,0.9256198347107438,1,A,1.0,1.0,1,A,21,224,254,0.8818897637795275
744_08-02_crop_01.jpg,1,A,22,483,0.9233954451345756,0.9233954451345756,1,A,1.0,1.0,1,A,22,446,469,0.9509594882729211
744_08-02_crop_01.jpg,1,A,23,243,0.691358024691358,0.691358024691358,1,A,1.0,1.0,1,A,23,119,163,0.7300613496932515
744_08-02_crop_01.jpg,1,A,24,105,0.0,0.0,0,bg,0.0,0.0,0,,0,0,0,0.0
744_08-02_crop_01.jpg,1,A,25,402,0.8880597014925373,0.8880597014925373,1,A,1.0,1.0,1,A,25,357,424,0.8419811320754716
744_08-04_crop_02.jpg,1,A,1,68,0.9705882352941176,0.9705882352941176,1,A,1.0,1.0,1,A,1,66,232,0.28448275862068967
744_08-04_crop_02.jpg,1,A,2,177,0.8135593220338984,0.8135593220338984,1,A,1.0,1.0,1,A,2,144,165,0.8727272727272727
744_08-04_crop_02.jpg,1,A,3,100,0.78,0.78,1,A,1.0,1.0,1,A,1,78,232,0.33620689655172414
744_08-04_crop_02.jpg,1,A,4,879,0.9579067121729238,0.9579067121729238,1,A,1.0,1.0,1,A,3,842,1007,0.8361469712015889
744_08-04_crop_02.jpg,1,A,5,545,0.9155963302752294,0.9155963302752294,1,A,1.0,1.0,1,A,4,499,568,0.8785211267605634
744_08-04_crop_02.jpg,1,A,6,87,0.9080459770114943,0.9080459770114943,1,A,1.0,1.0,1,A,5,79,87,0.9080459770114943
744_08-04_crop_02.jpg,1,A,7,92,0.782608695652174,0.782608695652174,1,A,1.0,1.0,1,A,6,72,87,0.8275862068965517
744_08-04_crop_02.jpg,1,A,8,169,0.8402366863905325,0.8402366863905325,1,A,1.0,1.0,1,A,7,142,200,0.71
744_08-04_crop_02.jpg,1,A,9,397,0.8387909319899244,0.8387909319899244,1,A,1.0,1.0,1,A,11,333,372,0.8951612903225806
744_08-04_crop_02.jpg,1,A,10,123,0.8536585365853658,0.8536585365853658,1,A,1.0,1.0,1,A,12,105,123,0.8536585365853658
744_08-04_crop_02.jpg,3,C,1,128,0.0,0.0,0,bg,0.0,0.0,0,,0,0,0,0.0
A-16_crop_01.jpg,1,A,1,181,0.8011049723756906,0.8011049723756906,1,A,1.0,1.0,1,A,1,145,183,0.7923497267759563
A-16_crop_01.jpg,1,A,2,1809,0.9115533443891652,0.9115533443891652,1,A,1.0,1.0,1,A,2,1649,1762,0.9358683314415437
A-19_crop_00.jpg,1,A,1,2161,0.944932901434521,0.944932901434521,1,A,1.0,1.0,1,A,1,2042,2172,0.9401473296500921
A-19_crop_00.jpg,1,A,2,712,0.5646067415730337,0.5646067415730337,1,A,1.0,1.0,1,A,2,244,254,0.9606299212598425
A-19_crop_00.jpg,1,A,3,917,0.9302071973827699,0.9302071973827699,1,A,1.0,1.0,1,A,3,853,1095,0.7789954337899543
A-19_crop_00.jpg,1,A,4,79,0.9240506329113924,0.9240506329113924,1,A,1.0,1.0,1,A,3,73,1095,0.06666666666666667
A-20_crop_00.jpg,1,A,1,6041,0.9420625724217845,0.9420625724217845,1,A,1.0,1.0,1,A,1,5691,6024,0.9447211155378487
A-20_crop_00.jpg,1,A,2,529,0.9584120982986768,0.9584120982986768,1,A,1.0,1.0,1,A,3,507,582,0.8711340206185567
A-246_crop_00.jpg,1,A,1,1567,0.8985322271857051,0.8985322271857051,1,A,1.0,1.0,1,A,1,1408,1521,0.925706771860618
A-246_crop_00.jpg,1,A,2,302,0.6324503311258278,0.6324503311258278,1,A,1.0,1.0,1,A,3,191,193,0.9896373056994818
A-246_crop_00.jpg,1,A,3,299,0.802675585284281,0.802675585284281,1,A,1.0,1.0,1,A,4,240,249,0.963855421686747
A-248_crop_00.jpg,1,A,1,184,0.8097826086956522,0.8097826086956522,1,A,1.0,1.0,1,A,1,149,158,0.9430379746835443
A-248_crop_00.jpg,1,A,2,174,0.5977011494252874,0.3275862068965517,1,A,0.5480769230769231,0.5480769230769231,2,A|C,2,104,110,0.9454545454545454
A-248_crop_00.jpg,1,A,3,626,0.9105431309904153,0.9105431309904153,1,A,1.0,1.0,1,A,3,570,606,0.9405940594059405
A-248_crop_00.jpg,1,A,4,163,0.7730061349693251,0.7730061349693251,1,A,1.0,1.0,1,A,4,126,2418,0.052109181141439205
A-248_crop_00.jpg,1,A,5,2400,0.86125,0.86125,1,A,1.0,1.0,1,A,4,2067,2418,0.8548387096774194
A-251_crop_00.jpg,1,A,1,59,0.0,0.0,0,bg,0.0,0.0,0,,0,0,0,0.0
A-251_crop_00.jpg,1,A,2,1555,0.8559485530546623,0.8559485530546623,1,A,1.0,1.0,1,A,1,1331,1390,0.9575539568345324
A-251_crop_00.jpg,1,A,3,226,0.8761061946902655,0.8761061946902655,1,A,1.0,1.0,1,A,2,198,232,0.853448275862069
A-251_crop_00.jpg,1,A,4,229,0.9170305676855895,0.9170305676855895,1,A,1.0,1.0,1,A,3,210,218,0.963302752293578
A-251_crop_00.jpg,1,A,5,255,0.0,0.0,0,bg,0.0,0.0,0,,0,0,0,0.0
A-251_crop_02.jpg,1,A,1,323,0.0,0.0,0,bg,0.0,0.0,0,,0,0,0,0.0
A-27_crop_00.jpg,1,A,1,600,0.79,0.79,1,A,1.0,1.0,1,A,1,474,482,0.983402489626556
A-27_crop_00.jpg,1,A,2,497,0.9577464788732394,0.9577464788732394,1,A,1.0,1.0,1,A,2,476,530,0.8981132075471698
A-27_crop_00.jpg,1,A,3,137,0.6715328467153284,0.6715328467153284,1,A,1.0,1.0,1,A,3,92,92,1.0
A-27_crop_00.jpg,1,A,4,144,0.8958333333333334,0.8958333333333334,1,A,1.0,1.0,1,A,4,129,152,0.8486842105263158
A-27_crop_00.jpg,4,D,1,113,0.0,0.0,0,bg,0.0,0.0,0,,0,0,0,0.0
A-31_crop_01.jpg,1,A,1,346,0.8294797687861272,0.8294797687861272,1,A,1.0,1.0,1,A,1,287,298,0.9630872483221476
A-31_crop_01.jpg,1,A,2,290,0.9517241379310345,0.9517241379310345,1,A,1.0,1.0,1,A,2,276,357,0.773109243697479
A-32_crop_00.jpg,1,A,1,928,0.8469827586206896,0.8469827586206896,1,A,1.0,1.0,1,A,1,786,807,0.9739776951672863
A-32_crop_00.jpg,1,A,2,134,0.6791044776119403,0.6791044776119403,1,A,1.0,1.0,1,A,2,91,95,0.9578947368421052
A-32_crop_00.jpg,1,A,3,240,0.7666666666666667,0.7666666666666667,1,A,1.0,1.0,1,A,3,184,205,0.8975609756097561
A-32_crop_00.jpg,1,A,4,208,0.8461538461538461,0.8461538461538461,1,A,1.0,1.0,1,A,5,176,199,0.8844221105527639
A-32_crop_00.jpg,1,A,5,839,0.9392133492252682,0.9392133492252682,1,A,1.0,1.0,1,A,6,788,865,0.9109826589595376
A-32_crop_00.jpg,1,A,6,1453,0.8217481073640743,0.8217481073640743,1,A,1.0,1.0,1,A,8,641,669,0.9581464872944694
A-32_crop_00.jpg,1,A,7,515,0.8058252427184466,0.8058252427184466,1,A,1.0,1.0,1,A,11,415,458,0.9061135371179039
A-32_crop_00.jpg,1,A,8,268,0.832089552238806,0.832089552238806,1,A,1.0,1.0,1,A,12,223,261,0.8544061302681992
A-32_crop_00.jpg,1,A,9,1195,0.897907949790795,0.897907949790795,1,A,1.0,1.0,1,A,13,1073,1149,0.9338555265448216
A-32_crop_00.jpg,1,A,10,529,0.8374291115311909,0.8374291115311909,1,A,1.0,1.0,1,A,14,443,469,0.9445628997867804
A-32_crop_00.jpg,1,A,11,171,0.7134502923976608,0.7134502923976608,1,A,1.0,1.0,1,A,15,122,125,0.976
A-32_crop_01.jpg,1,A,1,191,0.0,0.0,0,bg,0.0,0.0,0,,0,0,0,0.0
A-34_crop_01.jpg,1,A,1,108,0.8148148148148148,0.8148148148148148,1,A,1.0,1.0,1,A,1,88,95,0.9263157894736842
A-34_crop_01.jpg,1,A,2,346,0.7138728323699421,0.7138728323699421,1,A,1.0,1.0,1,A,3,247,292,0.8458904109589042
A-34_crop_01.jpg,1,A,3,249,0.0,0.0,0,bg,0.0,0.0,0,,0,0,0,0.0
A-42_crop_00.jpg,1,A,1,873,0.7537227949599083,0.7537227949599083,1,A,1.0,1.0,1,A,1,658,658,1.0
A-42_crop_00.jpg,1,A,2,306,0.8235294117647058,0.8235294117647058,1,A,1.0,1.0,1,A,2,252,268,0.9402985074626866
A-42_crop_00.jpg,1,A,3,243,0.3374485596707819,0.3374485596707819,1,A,1.0,1.0,1,A,3,82,82,1.0
A-42_crop_00.jpg,1,A,4,265,0.8377358490566038,0.8377358490566038,1,A,1.0,1.0,1,A,4,222,222,1.0
A-42_crop_00.jpg,1,A,5,446,0.820627802690583,0.820627802690583,1,A,1.0,1.0,1,A,7,366,383,0.9556135770234987
A-42_crop_00.jpg,1,A,6,323,0.7368421052631579,0.7368421052631579,1,A,1.0,1.0,1,A,6,238,257,0.9260700389105059
A-42_crop_00.jpg,1,A,7,198,0.6515151515151515,0.6515151515151515,1,A,1.0,1.0,1,A,9,129,174,0.7413793103448276
A-42_crop_00.jpg,1,A,8,149,0.5436241610738255,0.5436241610738255,1,A,1.0,1.0,1,A,8,81,81,1.0
A-42_crop_00.jpg,1,A,9,145,0.8482758620689655,0.8482758620689655,1,A,1.0,1.0,1,A,10,123,140,0.8785714285714286
A-42_crop_00.jpg,1,A,10,105,0.9142857142857143,0.9142857142857143,1,A,1.0,1.0,1,A,11,96,124,0.7741935483870968
A-42_crop_00.jpg,1,A,11,182,0.9010989010989011,0.9010989010989011,1,A,1.0,1.0,1,A,12,164,169,0.9704142011834319
A-42_crop_00.jpg,1,A,12,207,0.5700483091787439,0.5700483091787439,1,A,1.0,1.0,1,A,13,118,126,0.9365079365079365
A-42_crop_00.jpg,1,A,13,652,0.9095092024539877,0.9095092024539877,1,A,1.0,1.0,1,A,14,593,638,0.9294670846394985
A-42_crop_00.jpg,1,A,14,181,0.7071823204419889,0.7071823204419889,1,A,1.0,1.0,1,A,15,128,128,1.0
A-42_crop_00.jpg,1,A,15,820,0.8646341463414634,0.8646341463414634,1,A,1.0,1.0,1,A,16,709,807,0.8785625774473358
A-42_crop_00.jpg,1,A,16,246,0.7398373983739838,0.7398373983739838,1,A,1.0,1.0,1,A,17,182,189,0.9629629629629629
A-42_crop_00.jpg,1,A,17,698,0.7564469914040115,0.7564469914040115,1,A,1.0,1.0,1,A,18,528,546,0.967032967032967
A-42_crop_00.jpg,1,A,18,430,0.7906976744186046,0.7906976744186046,1,A,1.0,1.0,1,A,19,340,356,0.9550561797752809
A-42_crop_00.jpg,1,A,19,1297,0.7833461835003855,0.7833461835003855,1,A,1.0,1.0,1,A,21,1016,1073,0.9468779123951537
A-42_crop_00.jpg,1,A,20,1299,0.7744418783679754,0.7744418783679754,1,A,1.0,1.0,1,A,22,1006,1068,0.9419475655430711
A-42_crop_00.jpg,1,A,21,360,0.6361111111111111,0.6361111111111111,1,A,1.0,1.0,1,A,24,229,252,0.9087301587301587
A-42_crop_00.jpg,1,A,22,1815,0.6033057851239669,0.6033057851239669,1,A,1.0,1.0,1,A,25,1095,1501,0.7295136575616256
A-42_crop_00.jpg,1,A,23,955,0.8073298429319372,0.8073298429319372,1,A,1.0,1.0,1,A,28,771,801,0.9625468164794008
A-42_crop_00.jpg,1,A,24,554,0.7545126353790613,0.7545126353790613,1,A,1.0,1.0,1,A,27,418,431,0.9698375870069605
A-42_crop_00.jpg,1,A,25,323,0.7368421052631579,0.7368421052631579,1,A,1.0,1.0,1,A,29,238,256,0.9296875
A-42_crop_00.jpg,1,A,26,916,0.7827510917030568,0.7827510917030568,1,A,1.0,1.0,1,A,30,717,719,0.9972183588317107
A-42_crop_00.jpg,1,A,27,553,0.6962025316455697,0.6962025316455697,1,A,1.0,1.0,1,A,31,385,404,0.9529702970297029
A-42_crop_00.jpg,1,A,28,206,0.7815533980582524,0.7815533980582524,1,A,1.0,1.0,1,A,33,161,190,0.8473684210526315
A-42_crop_00.jpg,1,A,29,382,0.09424083769633508,0.09424083769633508,1,A,1.0,1.0,1,A,35,19,19,1.0
A-42_crop_00.jpg,1,A,30,227,0.5947136563876652,0.5770925110132159,1,A,0.9703703703703703,0.9703703703703703,1,A,37,135,135,1.0
A-42_crop_00.jpg,1,A,31,454,0.762114537444934,0.762114537444934,1,A,1.0,1.0,1,A,38,346,357,0.969187675070028
A-42_crop_00.jpg,1,A,32,246,0.8252032520325203,0.8252032520325203,1,A,1.0,1.0,1,A,39,203,292,0.6952054794520548
A-42_crop_00.jpg,1,A,33,126,0.7222222222222222,0.7222222222222222,1,A,1.0,1.0,1,A,40,91,96,0.9479166666666666
A-42_crop_00.jpg,1,A,34,130,0.45384615384615384,0.45384615384615384,1,A,1.0,1.0,1,A,39,59,292,0.20205479452054795
A-42_crop_00.jpg,1,A,35,148,0.5067567567567568,0.5067567567567568,1,A,1.0,1.0,1,A,42,75,88,0.8522727272727273
A-42_crop_00.jpg,1,A,36,201,0.8557213930348259,0.8557213930348259,1,A,1.0,1.0,1,A,41,172,254,0.6771653543307087
A-42_crop_00.jpg,1,A,37,65,0.5846153846153846,0.5846153846153846,1,A,1.0,1.0,1,A,41,38,254,0.14960629921259844
B-15_crop_00.jpg,2,B,1,3297,0.9320594479830149,0.9320594479830149,2,B,1.0,1.0,1,B,1,3073,3350,0.9173134328358209
B-15_crop_00.jpg,4,D,1,187,0.0,0.0,0,bg,0.0,0.0,0,,0,0,0,0.0
B-17_crop_00.jpg,2,B,1,200,0.0,0.0,0,bg,0.0,0.0,0,,0,0,0,0.0
B-17_crop_00.jpg,2,B,2,540,0.8870370370370371,0.8870370370370371,2,B,1.0,1.0,1,B,1,479,682,0.7023460410557185
B-17_crop_00.jpg,2,B,3,684,0.9035087719298246,0.9035087719298246,2,B,1.0,1.0,1,B,4,618,694,0.8904899135446686
B-21_crop_01.jpg,2,B,1,10659,0.9596585045501455,0.9596585045501455,2,B,1.0,1.0,1,B,1,10229,11607,0.8812785388127854
B-53_crop_00.jpg,2,B,1,5795,0.8443485763589301,0.8443485763589301,2,B,1.0,1.0,1,B,3,4836,7209,0.6708281315022888
B-53_crop_00.jpg,2,B,2,1280,0.8234375,0.8234375,2,B,1.0,1.0,1,B,3,1054,7209,0.14620613122485782
B-53_crop_00.jpg,2,B,3,710,0.8971830985915493,0.8971830985915493,2,B,1.0,1.0,1,B,4,637,768,0.8294270833333334
B-59_crop_00.jpg,2,B,1,3331,0.13989792854998498,0.13989792854998498,2,B,1.0,1.0,1,B,1,331,331,1.0
B-59_crop_00.jpg,2,B,2,3777,0.8032830288588827,0.8032830288588827,2,B,1.0,1.0,1,B,3,3034,3626,0.8367346938775511
B-63_crop_00.jpg,2,B,1,2297,0.0,0.0,0,bg,0.0,0.0,0,,0,0,0,0.0
B-63_crop_00.jpg,2,B,2,3322,0.5448524984948826,0.5448524984948826,2,B,1.0,1.0,1,B,5,1578,1863,0.8470209339774557
B-63_crop_00.jpg,3,C,1,162,0.0,0.0,0,bg,0.0,0.0,0,,0,0,0,0.0
B-69_crop_00.jpg,2,B,1,486,0.8374485596707819,0.8374485596707819,2,B,1.0,1.0,1,B,1,407,457,0.8905908096280087
B-84_crop_01.jpg,2,B,1,17717,0.9340181746345319,0.9340181746345319,2,B,1.0,1.0,1,B,1,16548,17305,0.9562554175093904
B-84_crop_01.jpg,2,B,2,767,0.9713168187744459,0.9713168187744459,2,B,1.0,1.0,1,B,2,745,891,0.8361391694725028
B-97_crop_00.jpg,1,A,1,290,0.8413793103448276,0.8413793103448276,1,A,1.0,1.0,1,A,1,244,251,0.9721115537848606
B-97_crop_00.jpg,1,A,2,305,0.8360655737704918,0.780327868852459,1,A,0.9333333333333333,0.9333333333333333,2,A|C,2,255,263,0.9695817490494296
B-97_crop_00.jpg,1,A,3,262,0.8015267175572519,0.8015267175572519,1,A,1.0,1.0,1,A,3,210,257,0.8171206225680934
B-97_crop_00.jpg,1,A,4,98,0.9285714285714286,0.9285714285714286,1,A,1.0,1.0,1,A,4,91,112,0.8125
B-97_crop_00.jpg,1,A,5,110,0.9,0.0,3,C,1.0,0.0,1,C,5,99,108,0.9166666666666666
C-109_crop_00.jpg,1,A,1,267,0.9550561797752809,0.9550561797752809,1,A,1.0,1.0,1,A,2,255,433,0.5889145496535797
C-109_crop_00.jpg,3,C,1,1570,0.9140127388535032,0.9140127388535032,3,C,1.0,1.0,1,C,1,1435,1531,0.9372958850424559
C-110_crop_00.jpg,1,A,1,302,0.9238410596026491,0.9238410596026491,1,A,1.0,1.0,1,A,1,279,327,0.8532110091743119
C-110_crop_00.jpg,3,C,1,762,0.9186351706036745,0.9186351706036745,3,C,1.0,1.0,1,C,3,700,750,0.9333333333333333
C-110_crop_00.jpg,3,C,2,2152,0.9289033457249071,0.9289033457249071,3,C,1.0,1.0,1,C,4,1999,2067,0.9671020803096275
C-49_crop_01.jpg,1,A,1,552,0.9130434782608695,0.9130434782608695,1,A,1.0,1.0,1,A,1,504,528,0.9545454545454546
C-49_crop_01.jpg,1,A,2,90,0.7,0.7,1,A,1.0,1.0,1,A,2,63,82,0.7682926829268293
C-49_crop_01.jpg,1,A,3,494,0.9352226720647774,0.9352226720647774,1,A,1.0,1.0,1,A,3,462,491,0.9409368635437881
C-51_crop_00.jpg,3,C,1,1155,0.8372294372294372,0.0,1,A,1.0,0.0,1,A,1,967,1026,0.942495126705653
C-51_crop_00.jpg,3,C,2,286,0.8776223776223776,0.0,1,A,1.0,0.0,1,A,2,251,281,0.8932384341637011
C-51_crop_00.jpg,3,C,3,5020,0.8103585657370518,0.796613545816733,3,C,0.9830383480825958,0.9830383480825958,1,C,4,2100,2366,0.8875739644970414
C-51_crop_00.jpg,3,C,4,299,0.9331103678929766,0.9331103678929766,3,C,1.0,1.0,1,C,5,279,1174,0.23764906303236796
C-51_crop_00.jpg,3,C,5,977,0.8085977482088025,0.33162743091095187,2,B,0.589873417721519,0.41012658227848103,2,B|C,5,790,1174,0.6729131175468483
C-51_crop_00.jpg,3,C,6,225,0.7777777777777778,0.0,2,B,1.0,0.0,1,B,6,175,1945,0.08997429305912596
C-51_crop_00.jpg,3,C,7,319,0.7617554858934169,0.0,2,B,1.0,0.0,1,B,6,243,1945,0.1249357326478149
C-51_crop_00.jpg,3,C,8,293,0.9590443686006825,0.0,2,B,1.0,0.0,1,B,6,281,1945,0.14447300771208227
C-51_crop_00.jpg,3,C,9,242,0.0,0.0,0,bg,0.0,0.0,0,,0,0,0,0.0
C-51_crop_00.jpg,3,C,10,176,0.9715909090909091,0.13636363636363635,2,B,0.8596491228070176,0.14035087719298245,2,B|C,6,171,1945,0.08791773778920309
C-51_crop_00.jpg,3,C,11,160,0.7875,0.0,1,A,1.0,0.0,1,A,7,126,149,0.8456375838926175
C-51_crop_00.jpg,3,C,12,123,0.9512195121951219,0.9512195121951219,3,C,1.0,1.0,1,C,6,117,1945,0.060154241645244216
C-51_crop_00.jpg,3,C,13,460,0.9652173913043478,0.034782608695652174,2,B,0.963963963963964,0.036036036036036036,1,B,6,444,1945,0.2282776349614396
C-51_crop_00.jpg,3,C,14,402,0.7860696517412935,0.7338308457711443,3,C,0.9335443037974683,0.9335443037974683,2,A|C,8,316,367,0.8610354223433242
C-60_crop_01.jpg,4,D,1,253,0.3241106719367589,0.3241106719367589,4,D,1.0,1.0,1,D,1,82,82,1.0
C-67_crop_00.jpg,1,A,1,608,0.930921052631579,0.930921052631579,1,A,1.0,1.0,1,A,3,566,623,0.9085072231139647
C-67_crop_00.jpg,1,A,2,116,1.0,1.0,1,A,1.0,1.0,1,A,5,116,168,0.6904761904761905
C-67_crop_00.jpg,1,A,3,560,0.0,0.0,0,bg,0.0,0.0,0,,0,0,0,0.0
C-67_crop_00.jpg,1,A,4,248,0.9314516129032258,0.9314516129032258,1,A,1.0,1.0,1,A,6,231,279,0.8279569892473119
C-67_crop_00.jpg,3,C,1,289,0.7335640138408305,0.7335640138408305,3,C,1.0,1.0,1,C,1,212,270,0.7851851851851852
C-67_crop_00.jpg,3,C,2,1502,0.9567243675099867,0.9567243675099867,3,C,1.0,1.0,1,C,2,1437,1613,0.8908865468071916
C-67_crop_00.jpg,3,C,3,574,0.9024390243902439,0.9024390243902439,3,C,1.0,1.0,1,C,4,518,578,0.8961937716262975
C-71_crop_00.jpg,3,C,1,3144,0.8546437659033079,0.8546437659033079,3,C,1.0,1.0,1,C,1,2687,2710,0.9915129151291513
C-71_crop_00.jpg,3,C,2,378,0.8068783068783069,0.8068783068783069,3,C,1.0,1.0,1,C,2,305,308,0.9902597402597403
C-75_crop_00.jpg,1,A,1,738,0.8712737127371274,0.8712737127371274,1,A,1.0,1.0,1,A,1,643,714,0.9005602240896359
C-75_crop_00.jpg,1,A,2,297,0.8552188552188552,0.8552188552188552,1,A,1.0,1.0,1,A,2,254,311,0.8167202572347267
C-75_crop_00.jpg,1,A,3,430,0.9023255813953488,0.9023255813953488,1,A,1.0,1.0,1,A,3,388,411,0.9440389294403893
C-75_crop_00.jpg,1,A,4,1082,0.910351201478743,0.910351201478743,1,A,1.0,1.0,1,A,5,985,1021,0.9647404505386875
C-75_crop_00.jpg,1,A,5,306,0.9411764705882353,0.9411764705882353,1,A,1.0,1.0,1,A,7,288,322,0.8944099378881988
C-75_crop_00.jpg,3,C,1,238,0.8235294117647058,0.8235294117647058,3,C,1.0,1.0,1,C,4,196,205,0.9560975609756097
C-75_crop_00.jpg,3,C,2,192,0.921875,0.921875,3,C,1.0,1.0,1,C,6,177,977,0.1811668372569089
C-75_crop_00.jpg,3,C,3,857,0.8343057176196033,0.8343057176196033,3,C,1.0,1.0,1,C,6,715,977,0.7318321392016377
C-75_crop_00.jpg,3,C,4,204,0.8529411764705882,0.8529411764705882,3,C,1.0,1.0,1,C,8,174,187,0.93048128342246
C-76_crop_00.jpg,3,C,1,6735,0.9106161841128434,0.9106161841128434,3,C,1.0,1.0,1,C,1,6133,6665,0.9201800450112528
C-77_crop_00.jpg,3,C,1,1488,0.9616935483870968,0.9616935483870968,3,C,1.0,1.0,1,C,1,1431,1540,0.9292207792207792
C-77_crop_00.jpg,3,C,2,1106,0.9095840867992767,0.9095840867992767,3,C,1.0,1.0,1,C,2,1006,1084,0.9280442804428044
C-77_crop_00.jpg,3,C,3,332,0.7801204819277109,0.7801204819277109,3,C,1.0,1.0,1,C,3,259,276,0.9384057971014492
C-79_crop_02.jpg,3,C,1,259,0.7799227799227799,0.7799227799227799,3,C,1.0,1.0,1,C,2,105,115,0.9130434782608695
C-80_crop_00.jpg,3,C,1,1278,0.9194053208137715,0.9194053208137715,3,C,1.0,1.0,1,C,2,1175,1257,0.9347653142402546
C-81_crop_01.jpg,1,A,1,297,0.8484848484848485,0.8484848484848485,1,A,1.0,1.0,1,A,1,252,291,0.865979381443299
C-81_crop_01.jpg,3,C,1,153,0.8300653594771242,0.8300653594771242,3,C,1.0,1.0,1,C,2,127,139,0.9136690647482014
C-81_crop_01.jpg,3,C,2,2630,0.8551330798479088,0.8520912547528517,3,C,0.9964428634948866,0.9964428634948866,1,C,3,2249,2385,0.9429769392033543
C-88_crop_01.jpg,4,D,1,113,0.0,0.0,0,bg,0.0,0.0,0,,0,0,0,0.0
C-90_crop_00.jpg,3,C,1,188,0.824468085106383,0.824468085106383,3,C,1.0,1.0,1,C,1,155,175,0.8857142857142857
C-90_crop_00.jpg,3,C,2,886,0.837471783295711,0.837471783295711,3,C,1.0,1.0,1,C,2,742,835,0.888622754491018
C-90_crop_00.jpg,3,C,3,233,0.9098712446351931,0.9098712446351931,3,C,1.0,1.0,1,C,3,212,237,0.8945147679324894
C-90_crop_00.jpg,3,C,4,87,0.8735632183908046,0.8735632183908046,3,C,1.0,1.0,1,C,4,76,90,0.8444444444444444
C-90_crop_00.jpg,3,C,5,64,0.0,0.0,0,bg,0.0,0.0,0,,0,0,0,0.0
C-92_crop_00.jpg,1,A,1,2554,0.9350039154267815,0.9350039154267815,1,A,1.0,1.0,1,A,1,2388,2478,0.9636803874092009
C-92_crop_00.jpg,1,A,2,4701,0.9268240799829823,0.9268240799829823,1,A,1.0,1.0,1,A,2,4357,4676,0.9317792985457656
C-95_crop_00.jpg,1,A,1,828,0.9154589371980676,0.9154589371980676,1,A,1.0,1.0,1,A,1,758,853,0.8886283704572099
C-95_crop_00.jpg,1,A,2,364,0.8571428571428571,0.8571428571428571,1,A,1.0,1.0,1,A,4,312,339,0.9203539823008849
C-95_crop_00.jpg,1,A,3,189,0.7566137566137566,0.7566137566137566,1,A,1.0,1.0,1,A,5,143,143,1.0
C-95_crop_00.jpg,1,A,4,307,0.8599348534201955,0.8599348534201955,1,A,1.0,1.0,1,A,6,264,274,0.9635036496350365
C-95_crop_00.jpg,1,A,5,412,0.883495145631068,0.883495145631068,1,A,1.0,1.0,1,A,8,364,386,0.9430051813471503
C-95_crop_00.jpg,3,C,1,1160,0.7879310344827586,0.7879310344827586,3,C,1.0,1.0,1,C,2,914,969,0.9432404540763674
C-95_crop_00.jpg,3,C,2,595,0.8,0.8,3,C,1.0,1.0,1,C,3,476,479,0.9937369519832986
C-99_crop_00.jpg,1,A,1,183,0.9398907103825137,0.9398907103825137,1,A,1.0,1.0,1,A,4,172,186,0.9247311827956989
C-99_crop_00.jpg,1,A,2,304,0.9506578947368421,0.9506578947368421,1,A,1.0,1.0,1,A,5,289,318,0.9088050314465409
C-99_crop_00.jpg,3,C,1,1071,0.8944911297852475,0.8944911297852475,3,C,1.0,1.0,1,C,1,958,986,0.9716024340770791
C-99_crop_00.jpg,3,C,2,196,0.8877551020408163,0.6020408163265306,3,C,0.6781609195402298,0.6781609195402298,2,A|C,2,174,184,0.9456521739130435
C-99_crop_00.jpg,3,C,3,137,0.781021897810219,0.781021897810219,3,C,1.0,1.0,1,C,3,107,108,0.9907407407407407
D-137_crop_01.jpg,4,D,1,377,1.0,1.0,4,D,1.0,1.0,1,D,1,377,446,0.8452914798206278
D-140_crop_01.jpg,1,A,1,716,0.7430167597765364,0.7430167597765364,1,A,1.0,1.0,1,A,4,532,533,0.99812382739212
D-144_crop_00.jpg,1,A,1,210,0.7904761904761904,0.7904761904761904,1,A,1.0,1.0,1,A,1,166,174,0.9540229885057471
D-144_crop_00.jpg,1,A,2,170,0.711764705882353,0.711764705882353,1,A,1.0,1.0,1,A,2,121,124,0.9758064516129032
D-144_crop_00.jpg,1,A,3,741,0.873144399460189,0.873144399460189,1,A,1.0,1.0,1,A,3,647,677,0.9556868537666174
D-144_crop_00.jpg,1,A,4,188,0.8031914893617021,0.8031914893617021,1,A,1.0,1.0,1,A,5,151,166,0.9096385542168675
D-144_crop_00.jpg,4,D,1,377,0.6631299734748011,0.6631299734748011,4,D,1.0,1.0,1,D,6,250,250,1.0
D-149_crop_00.jpg,4,D,1,477,0.9224318658280922,0.9224318658280922,4,D,1.0,1.0,1,D,1,440,441,0.9977324263038548
D-162_crop_00.jpg,4,D,1,529,0.9867674858223062,0.9867674858223062,4,D,1.0,1.0,1,D,1,522,643,0.8118195956454122
D-162_crop_00.jpg,4,D,2,709,0.9732016925246827,0.9732016925246827,4,D,1.0,1.0,1,D,2,690,776,0.8891752577319587
D-169_crop_00.jpg,4,D,1,81,0.8518518518518519,0.8518518518518519,4,D,1.0,1.0,1,D,1,69,70,0.9857142857142858
D-169_crop_00.jpg,4,D,2,149,0.912751677852349,0.912751677852349,4,D,1.0,1.0,1,D,2,136,138,0.9855072463768116
D-169_crop_00.jpg,4,D,3,113,0.0,0.0,0,bg,0.0,0.0,0,,0,0,0,0.0
D-169_crop_00.jpg,4,D,4,1961,0.9459459459459459,0.9459459459459459,4,D,1.0,1.0,1,D,3,1855,1890,0.9814814814814815
D-169_crop_00.jpg,4,D,5,1129,0.8759964570416298,0.8759964570416298,4,D,1.0,1.0,1,D,4,989,997,0.9919759277833501
D-169_crop_00.jpg,4,D,6,81,0.0,0.0,0,bg,0.0,0.0,0,,0,0,0,0.0
D-173_crop_00.jpg,4,D,1,441,0.9727891156462585,0.9727891156462585,4,D,1.0,1.0,1,D,1,429,463,0.9265658747300216
D-176_crop_00.jpg,4,D,1,901,0.9922308546059934,0.9922308546059934,4,D,1.0,1.0,1,D,1,894,1029,0.8688046647230321
D-176_crop_00.jpg,4,D,2,113,0.0,0.0,0,bg,0.0,0.0,0,,0,0,0,0.0
D-176_crop_00.jpg,4,D,3,317,0.7160883280757098,0.7160883280757098,4,D,1.0,1.0,1,D,2,227,227,1.0
D-176_crop_00.jpg,4,D,4,253,0.8814229249011858,0.8814229249011858,4,D,1.0,1.0,1,D,3,223,223,1.0
D-180_crop_00.jpg,4,D,1,197,0.949238578680203,0.949238578680203,4,D,1.0,1.0,1,D,1,187,191,0.9790575916230366
D-180_crop_00.jpg,4,D,2,81,0.0,0.0,0,bg,0.0,0.0,0,,0,0,0,0.0
D-180_crop_00.jpg,4,D,3,317,0.832807570977918,0.832807570977918,4,D,1.0,1.0,1,D,2,264,264,1.0
D-180_crop_00.jpg,4,D,4,253,0.9802371541501976,0.9802371541501976,4,D,1.0,1.0,1,D,3,248,274,0.9051094890510949
D-180_crop_01.jpg,4,D,1,81,0.0,0.0,0,bg,0.0,0.0,0,,0,0,0,0.0
D-180_crop_01.jpg,4,D,2,81,0.0,0.0,0,bg,0.0,0.0,0,,0,0,0,0.0
D-183_crop_01.jpg,4,D,1,149,0.9731543624161074,0.9731543624161074,4,D,1.0,1.0,1,D,1,145,159,0.9119496855345912
D-183_crop_01.jpg,4,D,2,113,1.0,1.0,4,D,1.0,1.0,1,D,2,113,137,0.8248175182481752
D-183_crop_01.jpg,4,D,3,377,0.8992042440318302,0.8992042440318302,4,D,1.0,1.0,1,D,4,339,341,0.9941348973607038
D-183_crop_01.jpg,4,D,4,81,0.0,0.0,0,bg,0.0,0.0,0,,0,0,0,0.0
D-183_crop_02.jpg,4,D,1,529,0.7882797731568998,0.7882797731568998,4,D,1.0,1.0,1,D,1,417,417,1.0
D-183_crop_02.jpg,4,D,2,81,0.0,0.0,0,bg,0.0,0.0,0,,0,0,0,0.0
D-183_crop_02.jpg,4,D,3,197,0.8730964467005076,0.8730964467005076,4,D,1.0,1.0,1,D,2,172,189,0.91005291005291
D-183_crop_02.jpg,4,D,4,797,0.9711417816813049,0.9711417816813049,4,D,1.0,1.0,1,D,3,774,807,0.9591078066914498
D-186_crop_00.jpg,4,D,1,113,0.911504424778761,0.911504424778761,4,D,1.0,1.0,1,D,1,103,121,0.8512396694214877
D-186_crop_00.jpg,4,D,2,613,0.9967373572593801,0.9967373572593801,4,D,1.0,1.0,1,D,2,611,675,0.9051851851851852
D-186_crop_00.jpg,4,D,3,2121,0.9594530881659594,0.9594530881659594,4,D,1.0,1.0,1,D,3,2035,2073,0.9816690786300049
D-186_crop_00.jpg,4,D,4,81,0.0,0.0,0,bg,0.0,0.0,0,,0,0,0,0.0
D-186_crop_00.jpg,4,D,5,317,0.9274447949526814,0.9274447949526814,4,D,1.0,1.0,1,D,4,294,309,0.9514563106796117
D-187_crop_00.jpg,4,D,1,1517,0.6499670402109426,0.6499670402109426,4,D,1.0,1.0,1,D,1,986,987,0.9989868287740629
D-187_crop_00.jpg,4,D,2,113,0.0,0.0,0,bg,0.0,0.0,0,,0,0,0,0.0
D-187_crop_00.jpg,4,D,3,81,0.8641975308641975,0.8641975308641975,4,D,1.0,1.0,1,D,5,70,71,0.9859154929577465
D-187_crop_00.jpg,4,D,4,113,0.0,0.0,0,bg,0.0,0.0,0,,0,0,0,0.0
D-187_crop_00.jpg,4,D,5,253,0.0,0.0,0,bg,0.0,0.0,0,,0,0,0,0.0
D0624-11_crop_01.jpg,4,D,1,49,0.0,0.0,0,bg,0.0,0.0,0,,0,0,0,0.0
D0624-13_crop_00.jpg,4,D,1,113,0.9380530973451328,0.9380530973451328,4,D,1.0,1.0,1,D,1,106,110,0.9636363636363636
D0624-13_crop_00.jpg,4,D,2,113,0.9557522123893806,0.9557522123893806,4,D,1.0,1.0,1,D,2,108,108,1.0
D0624-13_crop_00.jpg,4,D,3,49,0.9591836734693877,0.9591836734693877,4,D,1.0,1.0,1,D,3,47,52,0.9038461538461539
D0624-13_crop_00.jpg,4,D,4,149,0.8523489932885906,0.8523489932885906,4,D,1.0,1.0,1,D,4,127,132,0.9621212121212122
D0624-13_crop_00.jpg,4,D,5,49,0.8163265306122449,0.8163265306122449,4,D,1.0,1.0,1,D,5,40,40,1.0
D0624-16_crop_02.jpg,4,D,1,81,0.6790123456790124,0.6790123456790124,4,D,1.0,1.0,1,D,1,55,55,1.0
D0624-21_crop_00.jpg,4,D,1,113,0.9557522123893806,0.9557522123893806,4,D,1.0,1.0,1,D,1,108,125,0.864
D0624-21_crop_00.jpg,4,D,2,81,1.0,1.0,4,D,1.0,1.0,1,D,2,81,89,0.9101123595505618
D0624-21_crop_00.jpg,4,D,3,197,0.8375634517766497,0.8375634517766497,4,D,1.0,1.0,1,D,3,165,165,1.0
D0624-21_crop_00.jpg,4,D,4,113,1.0,1.0,4,D,1.0,1.0,1,D,5,113,154,0.7337662337662337
D0624-21_crop_02.jpg,4,D,1,49,0.9795918367346939,0.9795918367346939,4,D,1.0,1.0,1,D,1,48,67,0.7164179104477612
D0624-22_crop_00.jpg,4,D,1,49,1.0,1.0,4,D,1.0,1.0,1,D,1,49,76,0.6447368421052632
D0624-22_crop_00.jpg,4,D,2,81,0.8024691358024691,0.8024691358024691,4,D,1.0,1.0,1,D,2,65,72,0.9027777777777778
D0624-22_crop_00.jpg,4,D,3,113,0.911504424778761,0.911504424778761,4,D,1.0,1.0,1,D,3,103,103,1.0
D0624-22_crop_00.jpg,4,D,4,81,0.8641975308641975,0.8641975308641975,4,D,1.0,1.0,1,D,4,70,75,0.9333333333333333
D0624-22_crop_00.jpg,4,D,5,149,0.8523489932885906,0.8523489932885906,4,D,1.0,1.0,1,D,5,127,127,1.0
D0624-22_crop_02.jpg,4,D,1,113,1.0,1.0,4,D,1.0,1.0,1,D,1,113,151,0.7483443708609272
D0624-23_crop_02.jpg,4,D,1,49,0.8775510204081632,0.8775510204081632,4,D,1.0,1.0,1,D,1,43,45,0.9555555555555556
D0624-24_crop_00.jpg,4,D,1,49,0.9591836734693877,0.9591836734693877,4,D,1.0,1.0,1,D,1,47,47,1.0
D0624-24_crop_00.jpg,4,D,2,81,1.0,1.0,4,D,1.0,1.0,1,D,2,81,92,0.8804347826086957
D0624-24_crop_00.jpg,4,D,3,286,0.9195804195804196,0.9195804195804196,4,D,1.0,1.0,1,D,4,263,277,0.9494584837545126
D0624-24_crop_00.jpg,4,D,4,81,0.9506172839506173,0.9506172839506173,4,D,1.0,1.0,1,D,5,77,88,0.875
D0624-25_crop_00.jpg,4,D,1,81,0.9753086419753086,0.9753086419753086,4,D,1.0,1.0,1,D,1,79,85,0.9294117647058824
D0624-25_crop_00.jpg,4,D,2,81,1.0,1.0,4,D,1.0,1.0,1,D,2,81,107,0.7570093457943925
D0624-25_crop_00.jpg,4,D,3,81,0.8765432098765432,0.8765432098765432,4,D,1.0,1.0,1,D,3,71,74,0.9594594594594594
D0624-26_crop_02.jpg,4,D,1,49,1.0,1.0,4,D,1.0,1.0,1,D,1,49,77,0.6363636363636364
D0624-27_crop_02.jpg,4,D,1,81,0.9259259259259259,0.9259259259259259,4,D,1.0,1.0,1,D,3,75,79,0.9493670886075949
D0624-27_crop_02.jpg,4,D,2,113,0.7699115044247787,0.7699115044247787,4,D,1.0,1.0,1,D,4,87,122,0.7131147540983607
D0624-30_crop_00.jpg,4,D,1,317,0.8138801261829653,0.8138801261829653,4,D,1.0,1.0,1,D,2,258,269,0.9591078066914498
D0624-30_crop_00.jpg,4,D,2,49,1.0,1.0,4,D,1.0,1.0,1,D,3,49,83,0.5903614457831325
D0624-30_crop_00.jpg,4,D,3,49,0.9795918367346939,0.9795918367346939,4,D,1.0,1.0,1,D,5,48,53,0.9056603773584906
D0624-30_crop_00.jpg,4,D,4,81,0.7901234567901234,0.7901234567901234,4,D,1.0,1.0,1,D,7,64,64,1.0
D0624-30_crop_00.jpg,4,D,5,81,1.0,1.0,4,D,1.0,1.0,1,D,8,81,115,0.7043478260869566
D0624-30_crop_00.jpg,4,D,6,81,0.9259259259259259,0.9259259259259259,4,D,1.0,1.0,1,D,9,75,83,0.9036144578313253
D0624-30_crop_00.jpg,4,D,7,29,0.0,0.0,0,bg,0.0,0.0,0,,0,0,0,0.0
D0624-30_crop_00.jpg,4,D,8,29,0.0,0.0,0,bg,0.0,0.0,0,,0,0,0,0.0
D0624-30_crop_00.jpg,4,D,9,49,0.8775510204081632,0.8775510204081632,4,D,1.0,1.0,1,D,10,43,50,0.86
D0624-30_crop_00.jpg,4,D,10,81,0.9259259259259259,0.9259259259259259,4,D,1.0,1.0,1,D,11,75,79,0.9493670886075949
D0624-30_crop_00.jpg,4,D,11,81,0.04938271604938271,0.04938271604938271,4,D,1.0,1.0,1,D,12,4,4,1.0
D0624-30_crop_02.jpg,4,D,1,81,0.9259259259259259,0.9259259259259259,4,D,1.0,1.0,1,D,1,75,93,0.8064516129032258
D0624-30_crop_02.jpg,4,D,2,49,1.0,1.0,4,D,1.0,1.0,1,D,2,49,66,0.7424242424242424
D0624-30_crop_02.jpg,4,D,3,149,0.8322147651006712,0.8322147651006712,4,D,1.0,1.0,1,D,3,124,130,0.9538461538461539
D0624-34_crop_03.jpg,4,D,1,49,0.8775510204081632,0.8775510204081632,4,D,1.0,1.0,1,D,1,43,44,0.9772727272727273
D0624-36_crop_01.jpg,4,D,1,197,0.9543147208121827,0.9543147208121827,4,D,1.0,1.0,1,D,1,188,197,0.9543147208121827
D0624-36_crop_01.jpg,4,D,2,49,0.0,0.0,0,bg,0.0,0.0,0,,0,0,0,0.0
D0624-36_crop_01.jpg,4,D,3,49,0.8775510204081632,0.8775510204081632,4,D,1.0,1.0,1,D,2,43,46,0.9347826086956522
D0624-37_crop_01.jpg,4,D,1,149,0.87248322147651,0.87248322147651,4,D,1.0,1.0,1,D,1,130,130,1.0
D0624-37_crop_01.jpg,4,D,2,113,0.9557522123893806,0.9557522123893806,4,D,1.0,1.0,1,D,2,108,109,0.9908256880733946
D0624-38_crop_00.jpg,4,D,1,81,1.0,1.0,4,D,1.0,1.0,1,D,1,81,97,0.8350515463917526
D0624-38_crop_00.jpg,4,D,2,81,0.9506172839506173,0.9506172839506173,4,D,1.0,1.0,1,D,2,77,86,0.8953488372093024
D0624-38_crop_00.jpg,4,D,3,81,0.7407407407407407,0.7407407407407407,4,D,1.0,1.0,1,D,4,60,61,0.9836065573770492
D0624-38_crop_00.jpg,4,D,4,81,0.9506172839506173,0.9506172839506173,4,D,1.0,1.0,1,D,5,77,88,0.875
D0624-39_crop_00.jpg,4,D,1,81,0.9012345679012346,0.9012345679012346,4,D,1.0,1.0,1,D,1,73,77,0.948051948051948
D0624-39_crop_00.jpg,4,D,2,113,0.831858407079646,0.831858407079646,4,D,1.0,1.0,1,D,2,94,95,0.9894736842105263
D0624-39_crop_00.jpg,4,D,3,81,0.7777777777777778,0.7777777777777778,4,D,1.0,1.0,1,D,3,63,63,1.0
D0624-39_crop_00.jpg,4,D,4,49,0.24489795918367346,0.24489795918367346,4,D,1.0,1.0,1,D,4,12,12,1.0
D0624-39_crop_00.jpg,4,D,5,81,0.7901234567901234,0.7901234567901234,4,D,1.0,1.0,1,D,5,64,67,0.9552238805970149
D0624-39_crop_00.jpg,4,D,6,49,0.0,0.0,0,bg,0.0,0.0,0,,0,0,0,0.0
D0624-39_crop_00.jpg,4,D,7,49,0.0,0.0,0,bg,0.0,0.0,0,,0,0,0,0.0
D0624-39_crop_00.jpg,4,D,8,797,0.9560853199498118,0.9560853199498118,4,D,1.0,1.0,1,D,6,762,789,0.9657794676806084
D0624-39_crop_00.jpg,4,D,9,49,0.8979591836734694,0.8979591836734694,4,D,1.0,1.0,1,D,7,44,46,0.9565217391304348
D0624-3_crop_02.jpg,4,D,1,81,0.9506172839506173,0.9506172839506173,4,D,1.0,1.0,1,D,1,77,88,0.875
D0624-3_crop_02.jpg,4,D,2,113,0.9469026548672567,0.9469026548672567,4,D,1.0,1.0,1,D,2,107,109,0.981651376146789
D0624-40_crop_01.jpg,4,D,1,49,0.0,0.0,0,bg,0.0,0.0,0,,0,0,0,0.0
D0624-40_crop_01.jpg,4,D,2,49,0.9591836734693877,0.9591836734693877,4,D,1.0,1.0,1,D,1,47,58,0.8103448275862069
D0624-40_crop_01.jpg,4,D,3,81,0.012345679012345678,0.012345679012345678,4,D,1.0,1.0,1,D,2,1,1,1.0
D0624-40_crop_01.jpg,4,D,4,49,0.0,0.0,0,bg,0.0,0.0,0,,0,0,0,0.0
D0624-40_crop_01.jpg,4,D,5,113,0.9823008849557522,0.9823008849557522,4,D,1.0,1.0,1,D,3,111,133,0.8345864661654135
D0624-42_crop_01.jpg,4,D,1,113,0.9026548672566371,0.9026548672566371,4,D,1.0,1.0,1,D,1,102,110,0.9272727272727272
D0624-42_crop_01.jpg,4,D,2,29,1.0,1.0,4,D,1.0,1.0,1,D,2,29,37,0.7837837837837838
D0624-42_crop_01.jpg,4,D,3,49,0.0,0.0,0,bg,0.0,0.0,0,,0,0,0,0.0
D0624-48_crop_00.jpg,4,D,1,81,0.0,0.0,0,bg,0.0,0.0,0,,0,0,0,0.0
D0624-48_crop_00.jpg,4,D,2,113,0.9911504424778761,0.9911504424778761,4,D,1.0,1.0,1,D,1,112,124,0.9032258064516129
D0624-48_crop_00.jpg,4,D,3,113,0.9734513274336283,0.9734513274336283,4,D,1.0,1.0,1,D,2,110,123,0.8943089430894309
D0624-48_crop_00.jpg,4,D,4,81,0.9506172839506173,0.9506172839506173,4,D,1.0,1.0,1,D,4,77,83,0.927710843373494
D0624-48_crop_00.jpg,4,D,5,112,0.7589285714285714,0.7589285714285714,4,D,1.0,1.0,1,D,5,85,92,0.9239130434782609
D0624-48_crop_00.jpg,4,D,6,49,0.9591836734693877,0.9591836734693877,4,D,1.0,1.0,1,D,6,47,58,0.8103448275862069
D0624-48_crop_00.jpg,4,D,7,49,0.8163265306122449,0.8163265306122449,4,D,1.0,1.0,1,D,7,40,40,1.0
D0624-48_crop_00.jpg,4,D,8,81,1.0,1.0,4,D,1.0,1.0,1,D,8,81,97,0.8350515463917526
D0624-4_crop_01.jpg,4,D,1,149,0.8456375838926175,0.8456375838926175,4,D,1.0,1.0,1,D,2,126,126,1.0
D0624-4_crop_02.jpg,4,D,1,113,0.9911504424778761,0.9911504424778761,4,D,1.0,1.0,1,D,2,112,121,0.9256198347107438
D0624-50_crop_00.jpg,4,D,1,49,0.5510204081632653,0.5510204081632653,4,D,1.0,1.0,1,D,1,27,27,1.0
D0624-50_crop_00.jpg,4,D,2,49,1.0,1.0,4,D,1.0,1.0,1,D,2,49,71,0.6901408450704225
D0624-50_crop_00.jpg,4,D,3,149,0.9463087248322147,0.9463087248322147,4,D,1.0,1.0,1,D,3,141,159,0.8867924528301887
D0624-50_crop_00.jpg,4,D,4,81,0.9753086419753086,0.9753086419753086,4,D,1.0,1.0,1,D,4,79,88,0.8977272727272727
D0624-50_crop_00.jpg,4,D,5,81,0.6172839506172839,0.6172839506172839,4,D,1.0,1.0,1,D,5,50,50,1.0
D0624-52_crop_00.jpg,4,D,1,113,0.6902654867256637,0.6902654867256637,4,D,1.0,1.0,1,D,1,78,78,1.0
D0624-52_crop_00.jpg,4,D,2,81,0.8024691358024691,0.8024691358024691,4,D,1.0,1.0,1,D,2,65,74,0.8783783783783784
D0624-52_crop_00.jpg,4,D,3,81,0.8395061728395061,0.8395061728395061,4,D,1.0,1.0,1,D,3,68,68,1.0
D0624-52_crop_00.jpg,4,D,4,197,0.9187817258883249,0.9187817258883249,4,D,1.0,1.0,1,D,4,181,182,0.9945054945054945
D0624-52_crop_00.jpg,4,D,5,81,0.7777777777777778,0.7777777777777778,4,D,1.0,1.0,1,D,5,63,66,0.9545454545454546
D0624-52_crop_00.jpg,4,D,6,113,1.0,1.0,4,D,1.0,1.0,1,D,6,113,146,0.773972602739726
D0624-54_crop_00.jpg,4,D,1,49,0.0,0.0,0,bg,0.0,0.0,0,,0,0,0,0.0
D0624-54_crop_00.jpg,4,D,2,81,0.8765432098765432,0.8765432098765432,4,D,1.0,1.0,1,D,3,71,71,1.0
D0624-54_crop_00.jpg,4,D,3,81,0.48148148148148145,0.48148148148148145,4,D,1.0,1.0,1,D,4,39,39,1.0
D0624-54_crop_00.jpg,4,D,4,81,0.6419753086419753,0.6419753086419753,4,D,1.0,1.0,1,D,5,52,52,1.0
D0624-54_crop_00.jpg,4,D,5,49,1.0,1.0,4,D,1.0,1.0,1,D,6,49,71,0.6901408450704225
D0624-54_crop_00.jpg,4,D,6,196,0.9795918367346939,0.9795918367346939,4,D,1.0,1.0,1,D,8,192,208,0.9230769230769231
D0624-58_crop_01.jpg,4,D,1,149,0.7651006711409396,0.7651006711409396,4,D,1.0,1.0,1,D,1,114,123,0.926829268292683
D0624-58_crop_01.jpg,4,D,2,113,0.9646017699115044,0.9646017699115044,4,D,1.0,1.0,1,D,2,109,118,0.923728813559322
D0624-58_crop_01.jpg,4,D,3,81,0.9506172839506173,0.9506172839506173,4,D,1.0,1.0,1,D,3,77,86,0.8953488372093024
D0624-60_crop_01.jpg,4,D,1,49,0.6530612244897959,0.6530612244897959,4,D,1.0,1.0,1,D,1,32,32,1.0
D0624-60_crop_01.jpg,4,D,2,81,0.9506172839506173,0.9506172839506173,4,D,1.0,1.0,1,D,2,77,83,0.927710843373494
D0624-60_crop_01.jpg,4,D,3,49,0.5714285714285714,0.5714285714285714,4,D,1.0,1.0,1,D,3,28,28,1.0
D0624-60_crop_01.jpg,4,D,4,81,0.5555555555555556,0.5555555555555556,4,D,1.0,1.0,1,D,4,45,45,1.0
D0624-60_crop_01.jpg,4,D,5,81,0.7777777777777778,0.7777777777777778,4,D,1.0,1.0,1,D,5,63,64,0.984375
D0624-60_crop_01.jpg,4,D,6,81,0.8024691358024691,0.8024691358024691,4,D,1.0,1.0,1,D,6,65,91,0.7142857142857143
D0624-60_crop_02.jpg,4,D,1,81,0.5679012345679012,0.5679012345679012,4,D,1.0,1.0,1,D,1,46,46,1.0
D0624-60_crop_02.jpg,4,D,2,113,0.9646017699115044,0.9646017699115044,4,D,1.0,1.0,1,D,2,109,125,0.872
D0624-60_crop_02.jpg,4,D,3,49,0.7959183673469388,0.7959183673469388,4,D,1.0,1.0,1,D,3,39,39,1.0
D0624-65_crop_00.jpg,4,D,1,81,0.9629629629629629,0.9629629629629629,4,D,1.0,1.0,1,D,1,78,86,0.9069767441860465
D0624-65_crop_00.jpg,4,D,2,253,0.9565217391304348,0.9565217391304348,4,D,1.0,1.0,1,D,2,242,252,0.9603174603174603
D0624-65_crop_00.jpg,4,D,3,113,0.8230088495575221,0.8230088495575221,4,D,1.0,1.0,1,D,3,93,93,1.0
D0624-67_crop_00.jpg,4,D,1,113,0.9292035398230089,0.9292035398230089,4,D,1.0,1.0,1,D,1,105,114,0.9210526315789473
D0624-67_crop_00.jpg,4,D,2,113,0.9469026548672567,0.9469026548672567,4,D,1.0,1.0,1,D,2,107,115,0.9304347826086956
D0624-67_crop_00.jpg,4,D,3,149,0.8456375838926175,0.8456375838926175,4,D,1.0,1.0,1,D,3,126,126,1.0
D0624-67_crop_00.jpg,4,D,4,149,0.738255033557047,0.738255033557047,4,D,1.0,1.0,1,D,5,110,110,1.0
D0624-67_crop_00.jpg,4,D,5,113,0.8230088495575221,0.8230088495575221,4,D,1.0,1.0,1,D,6,93,102,0.9117647058823529
D0624-67_crop_00.jpg,4,D,6,49,0.7551020408163265,0.7551020408163265,4,D,1.0,1.0,1,D,7,37,37,1.0
D0624-69_crop_01.jpg,4,D,1,81,0.0,0.0,0,bg,0.0,0.0,0,,0,0,0,0.0
D0624-69_crop_01.jpg,4,D,2,81,0.012345679012345678,0.012345679012345678,4,D,1.0,1.0,1,D,1,1,1,1.0
D0624-69_crop_01.jpg,4,D,3,81,0.8395061728395061,0.8395061728395061,4,D,1.0,1.0,1,D,2,68,77,0.8831168831168831
D0624-70_crop_02.jpg,4,D,1,49,0.8163265306122449,0.8163265306122449,4,D,1.0,1.0,1,D,2,40,40,1.0
D0624-70_crop_02.jpg,4,D,2,80,0.8875,0.8875,4,D,1.0,1.0,1,D,3,71,71,1.0
D0624-70_crop_02.jpg,4,D,3,49,1.0,1.0,4,D,1.0,1.0,1,D,4,49,69,0.7101449275362319
D0624-73_crop_02.jpg,4,D,1,49,0.8775510204081632,0.8775510204081632,4,D,1.0,1.0,1,D,1,43,50,0.86
D0624-73_crop_02.jpg,4,D,2,49,0.0,0.0,0,bg,0.0,0.0,0,,0,0,0,0.0
D0624-74_crop_01.jpg,4,D,1,253,0.8893280632411067,0.8893280632411067,4,D,1.0,1.0,1,D,1,225,241,0.9336099585062241
D0624-74_crop_01.jpg,4,D,2,49,0.8979591836734694,0.8979591836734694,4,D,1.0,1.0,1,D,2,44,52,0.8461538461538461
D0624-76_crop_00.jpg,4,D,1,81,0.9135802469135802,0.9135802469135802,4,D,1.0,1.0,1,D,1,74,74,1.0
D0624-76_crop_00.jpg,4,D,2,113,0.9911504424778761,0.9911504424778761,4,D,1.0,1.0,1,D,2,112,127,0.8818897637795275
D0624-76_crop_00.jpg,4,D,3,49,0.9591836734693877,0.9591836734693877,4,D,1.0,1.0,1,D,3,47,50,0.94
D0624-76_crop_00.jpg,4,D,4,49,0.9591836734693877,0.9591836734693877,4,D,1.0,1.0,1,D,4,47,57,0.8245614035087719
D0624-76_crop_00.jpg,4,D,5,49,0.0,0.0,0,bg,0.0,0.0,0,,0,0,0,0.0
D0624-76_crop_00.jpg,4,D,6,81,0.9629629629629629,0.9629629629629629,4,D,1.0,1.0,1,D,5,78,87,0.896551724137931
D0624-76_crop_00.jpg,4,D,7,113,0.6902654867256637,0.6902654867256637,4,D,1.0,1.0,1,D,6,78,78,1.0
D0624-76_crop_00.jpg,4,D,8,49,0.8775510204081632,0.8775510204081632,4,D,1.0,1.0,1,D,7,43,52,0.8269230769230769
D0624-76_crop_00.jpg,4,D,9,113,0.7787610619469026,0.7787610619469026,4,D,1.0,1.0,1,D,8,88,89,0.9887640449438202
D0624-76_crop_00.jpg,4,D,10,81,0.8518518518518519,0.8518518518518519,4,D,1.0,1.0,1,D,9,69,72,0.9583333333333334
D0624-76_crop_00.jpg,4,D,11,149,0.9731543624161074,0.9731543624161074,4,D,1.0,1.0,1,D,11,145,153,0.9477124183006536
D0624-76_crop_00.jpg,4,D,12,113,0.9380530973451328,0.9380530973451328,4,D,1.0,1.0,1,D,13,106,107,0.9906542056074766
D0624-77_crop_01.jpg,4,D,1,253,0.782608695652174,0.782608695652174,4,D,1.0,1.0,1,D,3,198,198,1.0
D0624-77_crop_01.jpg,4,D,2,81,0.9753086419753086,0.9753086419753086,4,D,1.0,1.0,1,D,4,79,97,0.8144329896907216
D0624-81_crop_01.jpg,4,D,1,81,0.9259259259259259,0.9259259259259259,4,D,1.0,1.0,1,D,1,75,78,0.9615384615384616
D0624-81_crop_01.jpg,4,D,2,81,0.8888888888888888,0.8888888888888888,4,D,1.0,1.0,1,D,2,72,73,0.9863013698630136
D0624-81_crop_01.jpg,4,D,3,81,0.9629629629629629,0.9629629629629629,4,D,1.0,1.0,1,D,3,78,83,0.9397590361445783
D0624-83_crop_02.jpg,4,D,1,81,0.9753086419753086,0.9753086419753086,4,D,1.0,1.0,1,D,1,79,121,0.6528925619834711
D0624-84_crop_00.jpg,4,D,1,81,0.8765432098765432,0.8765432098765432,4,D,1.0,1.0,1,D,1,71,79,0.8987341772151899
D0624-84_crop_00.jpg,4,D,2,113,0.8761061946902655,0.8761061946902655,4,D,1.0,1.0,1,D,2,99,104,0.9519230769230769
D0624-84_crop_00.jpg,4,D,3,49,0.0,0.0,0,bg,0.0,0.0,0,,0,0,0,0.0
D0624-84_crop_00.jpg,4,D,4,49,0.8163265306122449,0.8163265306122449,4,D,1.0,1.0,1,D,3,40,40,1.0
D0624-84_crop_00.jpg,4,D,5,253,0.9288537549407114,0.9288537549407114,4,D,1.0,1.0,1,D,4,235,235,1.0
D0624-87_crop_00.jpg,4,D,1,81,0.9382716049382716,0.9382716049382716,4,D,1.0,1.0,1,D,1,76,85,0.8941176470588236
D0624-87_crop_00.jpg,4,D,2,49,1.0,1.0,4,D,1.0,1.0,1,D,2,49,73,0.6712328767123288
D0624-87_crop_00.jpg,4,D,3,197,0.9390862944162437,0.9390862944162437,4,D,1.0,1.0,1,D,3,185,208,0.8894230769230769
D0624-87_crop_00.jpg,4,D,4,49,0.7346938775510204,0.7346938775510204,4,D,1.0,1.0,1,D,4,36,37,0.972972972972973
D0624-89_crop_02.jpg,4,D,1,81,0.8518518518518519,0.8518518518518519,4,D,1.0,1.0,1,D,1,69,69,1.0
D0624-90_crop_01.jpg,4,D,1,149,0.9664429530201343,0.9664429530201343,4,D,1.0,1.0,1,D,1,144,158,0.9113924050632911
D0624-90_crop_01.jpg,4,D,2,152,0.9539473684210527,0.9539473684210527,4,D,1.0,1.0,1,D,2,145,158,0.9177215189873418
D0624-92_crop_00.jpg,4,D,1,81,0.691358024691358,0.691358024691358,4,D,1.0,1.0,1,D,1,56,56,1.0
D0624-92_crop_00.jpg,4,D,2,49,0.0,0.0,0,bg,0.0,0.0,0,,0,0,0,0.0
D0624-92_crop_00.jpg,4,D,3,81,0.654320987654321,0.654320987654321,4,D,1.0,1.0,1,D,2,53,53,1.0
D0624-92_crop_00.jpg,4,D,4,197,0.8527918781725888,0.8527918781725888,4,D,1.0,1.0,1,D,3,168,168,1.0
D0624-92_crop_00.jpg,4,D,5,49,1.0,1.0,4,D,1.0,1.0,1,D,4,49,70,0.7
D0624-92_crop_00.jpg,4,D,6,113,0.8495575221238938,0.8495575221238938,4,D,1.0,1.0,1,D,5,96,96,1.0
D0624-92_crop_00.jpg,4,D,7,113,0.9380530973451328,0.9380530973451328,4,D,1.0,1.0,1,D,6,106,109,0.9724770642201835
D0624-92_crop_00.jpg,4,D,8,49,0.0,0.0,0,bg,0.0,0.0,0,,0,0,0,0.0
D0624-93_crop_02.jpg,4,D,1,81,1.0,1.0,4,D,1.0,1.0,1,D,1,81,107,0.7570093457943925
HH-2-2_crop_00.jpg,1,A,1,222,0.6351351351351351,0.6351351351351351,1,A,1.0,1.0,1,A,1,141,154,0.9155844155844156
HH-2-2_crop_00.jpg,1,A,2,366,0.8989071038251366,0.8989071038251366,1,A,1.0,1.0,1,A,2,329,375,0.8773333333333333
HH-2-2_crop_00.jpg,1,A,3,90,0.5111111111111111,0.5111111111111111,1,A,1.0,1.0,1,A,3,46,48,0.9583333333333334
HH-2-5_crop_00.jpg,1,A,1,101,0.0,0.0,0,bg,0.0,0.0,0,,0,0,0,0.0
HH-4-3_crop_01.jpg,1,A,1,795,0.45534591194968554,0.45534591194968554,1,A,1.0,1.0,1,A,2,340,373,0.9115281501340483
HH-4-5_crop_01.jpg,1,A,1,139,0.8489208633093526,0.8489208633093526,1,A,1.0,1.0,1,A,1,118,144,0.8194444444444444
HH-4-5_crop_01.jpg,1,A,2,458,0.0,0.0,0,bg,0.0,0.0,0,,0,0,0,0.0
HH-4-5_crop_01.jpg,1,A,3,782,0.840153452685422,0.840153452685422,1,A,1.0,1.0,1,A,4,657,725,0.9062068965517242
HH-4-5_crop_01.jpg,1,A,4,279,0.899641577060932,0.899641577060932,1,A,1.0,1.0,1,A,5,251,278,0.9028776978417267
HH-4-5_crop_01.jpg,3,C,1,785,0.0,0.0,0,bg,0.0,0.0,0,,0,0,0,0.0
HH-4-7_crop_00.jpg,1,A,1,112,0.0,0.0,0,bg,0.0,0.0,0,,0,0,0,0.0
HH-4-7_crop_00.jpg,1,A,2,332,0.7108433734939759,0.7108433734939759,1,A,1.0,1.0,1,A,1,236,294,0.8027210884353742
HH-4-7_crop_00.jpg,1,A,3,230,0.8391304347826087,0.8391304347826087,1,A,1.0,1.0,1,A,2,193,221,0.8733031674208145
HH-4-7_crop_00.jpg,1,A,4,89,0.0,0.0,0,bg,0.0,0.0,0,,0,0,0,0.0
HH-4-7_crop_00.jpg,1,A,5,111,0.0,0.0,0,bg,0.0,0.0,0,,0,0,0,0.0
HH-4-7_crop_00.jpg,1,A,6,129,0.0,0.0,0,bg,0.0,0.0,0,,0,0,0,0.0
HH-4-8_crop_02.jpg,1,A,1,269,0.8773234200743495,0.8773234200743495,1,A,1.0,1.0,1,A,1,236,271,0.8708487084870848
HH-5-11_crop_01.jpg,1,A,1,141,0.0,0.0,0,bg,0.0,0.0,0,,0,0,0,0.0
HH-5-11_crop_01.jpg,1,A,2,143,0.7972027972027972,0.7972027972027972,1,A,1.0,1.0,1,A,1,114,133,0.8571428571428571
HH-5-6_crop_02.jpg,1,A,1,388,0.7577319587628866,0.6701030927835051,1,A,0.8843537414965986,0.8843537414965986,2,A|B,1,294,330,0.8909090909090909
HH-5-9_crop_00.jpg,1,A,1,648,0.6296296296296297,0.6296296296296297,1,A,1.0,1.0,1,A,2,400,484,0.8264462809917356
HH-5-9_crop_00.jpg,1,A,2,322,0.6770186335403726,0.6770186335403726,1,A,1.0,1.0,1,A,1,218,288,0.7569444444444444
HH-5-9_crop_00.jpg,1,A,3,333,0.45045045045045046,0.45045045045045046,1,A,1.0,1.0,1,A,4,78,78,1.0
HH-5-9_crop_00.jpg,1,A,4,498,0.8313253012048193,0.8313253012048193,1,A,1.0,1.0,1,A,6,414,481,0.8607068607068608
JZW_HQL_0520-10_crop_01.jpg,1,A,1,3507,0.6663815226689478,0.6663815226689478,1,A,1.0,1.0,1,A,4,2337,2429,0.9621243310004117
JZW_HQL_0520-10_crop_01.jpg,4,D,1,73,0.0,0.0,0,bg,0.0,0.0,0,,0,0,0,0.0
JZW_HQL_0520-10_crop_01.jpg,4,D,2,91,0.0,0.0,0,bg,0.0,0.0,0,,0,0,0,0.0
JZW_HQL_0520-10_crop_01.jpg,4,D,3,51,0.7450980392156863,0.7450980392156863,4,D,1.0,1.0,1,D,2,38,39,0.9743589743589743
JZW_HQL_0520-10_crop_01.jpg,4,D,4,58,0.3103448275862069,0.3103448275862069,4,D,1.0,1.0,1,D,6,18,18,1.0
JZW_HQL_0520-10_crop_01.jpg,4,D,5,84,0.9047619047619048,0.9047619047619048,4,D,1.0,1.0,1,D,7,76,76,1.0
JZW_HQL_0520-10_crop_01.jpg,4,D,6,62,0.0,0.0,0,bg,0.0,0.0,0,,0,0,0,0.0
JZW_HQL_0520-11_crop_02.jpg,4,D,1,118,0.864406779661017,0.864406779661017,4,D,1.0,1.0,1,D,3,102,108,0.9444444444444444
JZW_HQL_0520-11_crop_02.jpg,4,D,2,83,0.0,0.0,0,bg,0.0,0.0,0,,0,0,0,0.0
JZW_HQL_0520-11_crop_02.jpg,4,D,3,52,1.0,1.0,4,D,1.0,1.0,1,D,6,52,56,0.9285714285714286
JZW_HQL_0520-11_crop_02.jpg,4,D,4,92,0.0,0.0,0,bg,0.0,0.0,0,,0,0,0,0.0
JZW_HQL_0520-14_crop_02.jpg,4,D,1,70,0.9285714285714286,0.9285714285714286,4,D,1.0,1.0,1,D,2,65,68,0.9558823529411765
JZW_HQL_0520-23_crop_01.jpg,4,D,1,56,0.8214285714285714,0.8214285714285714,4,D,1.0,1.0,1,D,1,46,48,0.9583333333333334
JZW_HQL_0520-23_crop_01.jpg,4,D,2,66,0.9545454545454546,0.9545454545454546,4,D,1.0,1.0,1,D,3,63,67,0.9402985074626866
JZW_HQL_0520-23_crop_01.jpg,4,D,3,99,0.7676767676767676,0.7676767676767676,4,D,1.0,1.0,1,D,4,76,77,0.987012987012987
JZW_HQL_0520-23_crop_01.jpg,4,D,4,46,0.8478260869565217,0.8478260869565217,4,D,1.0,1.0,1,D,5,39,41,0.9512195121951219
JZW_HQL_0520-23_crop_01.jpg,4,D,5,73,0.958904109589041,0.958904109589041,4,D,1.0,1.0,1,D,6,70,75,0.9333333333333333
JZW_HQL_0520-25_crop_00.jpg,4,D,1,38,0.2894736842105263,0.2894736842105263,4,D,1.0,1.0,1,D,1,11,11,1.0
JZW_HQL_0520-25_crop_00.jpg,4,D,2,52,0.9038461538461539,0.9038461538461539,4,D,1.0,1.0,1,D,5,47,49,0.9591836734693877
JZW_HQL_0520-25_crop_00.jpg,4,D,3,51,0.9019607843137255,0.9019607843137255,4,D,1.0,1.0,1,D,7,46,49,0.9387755102040817
JZW_HQL_0520-25_crop_00.jpg,4,D,4,54,1.0,1.0,4,D,1.0,1.0,1,D,8,54,60,0.9
JZW_HQL_0520-25_crop_00.jpg,4,D,5,43,0.37209302325581395,0.37209302325581395,4,D,1.0,1.0,1,D,9,16,16,1.0
JZW_HQL_0520-25_crop_00.jpg,4,D,6,55,0.9090909090909091,0.9090909090909091,4,D,1.0,1.0,1,D,10,50,60,0.8333333333333334
JZW_HQL_0520-25_crop_01.jpg,4,D,1,63,0.9682539682539683,0.9682539682539683,4,D,1.0,1.0,1,D,1,61,63,0.9682539682539683
JZW_HQL_0520-25_crop_01.jpg,4,D,2,62,0.9838709677419355,0.9838709677419355,4,D,1.0,1.0,1,D,2,61,66,0.9242424242424242
JZW_HQL_0520-25_crop_01.jpg,4,D,3,51,0.0,0.0,0,bg,0.0,0.0,0,,0,0,0,0.0
JZW_HQL_0520-25_crop_01.jpg,4,D,4,46,0.9565217391304348,0.9565217391304348,4,D,1.0,1.0,1,D,3,44,48,0.9166666666666666
JZW_HQL_0520-25_crop_01.jpg,4,D,5,311,0.0,0.0,0,bg,0.0,0.0,0,,0,0,0,0.0
JZW_HQL_0520-26_crop_02.jpg,3,C,1,6098,0.7635290259101345,0.0,2,B,1.0,0.0,1,B,1,4656,4703,0.9900063789070805
JZW_HQL_0520-26_crop_02.jpg,4,D,1,132,0.0,0.0,0,bg,0.0,0.0,0,,0,0,0,0.0
JZW_HQL_0520-26_crop_02.jpg,4,D,2,87,0.8505747126436781,0.8505747126436781,4,D,1.0,1.0,1,D,3,74,74,1.0
JZW_HQL_0520-26_crop_02.jpg,4,D,3,53,0.6792452830188679,0.6792452830188679,4,D,1.0,1.0,1,D,4,36,36,1.0
JZW_HQL_0520-26_crop_02.jpg,4,D,4,41,0.0,0.0,0,bg,0.0,0.0,0,,0,0,0,0.0
JZW_HQL_0520-26_crop_02.jpg,4,D,5,54,0.9814814814814815,0.9814814814814815,4,D,1.0,1.0,1,D,5,53,65,0.8153846153846154
JZW_HQL_0520-27_crop_03.jpg,4,D,1,53,0.5849056603773585,0.5849056603773585,4,D,1.0,1.0,1,D,1,31,35,0.8857142857142857
JZW_HQL_0520-27_crop_03.jpg,4,D,2,53,0.9622641509433962,0.9622641509433962,4,D,1.0,1.0,1,D,4,51,63,0.8095238095238095
JZW_HQL_0520-27_crop_03.jpg,4,D,3,73,0.7534246575342466,0.7534246575342466,4,D,1.0,1.0,1,D,5,55,58,0.9482758620689655
JZW_HQL_0520-28_crop_00.jpg,1,A,1,566,0.6802120141342756,0.6802120141342756,1,A,1.0,1.0,1,A,1,385,601,0.6405990016638935
JZW_HQL_0520-28_crop_00.jpg,1,A,2,735,0.0,0.0,0,bg,0.0,0.0,0,,0,0,0,0.0
JZW_HQL_0520-28_crop_00.jpg,4,D,1,86,0.8488372093023255,0.8488372093023255,4,D,1.0,1.0,1,D,4,73,76,0.9605263157894737
JZW_HQL_0520-28_crop_00.jpg,4,D,2,65,1.0,1.0,4,D,1.0,1.0,1,D,5,65,78,0.8333333333333334
JZW_HQL_0520-28_crop_00.jpg,4,D,3,48,0.8125,0.8125,4,D,1.0,1.0,1,D,7,39,39,1.0
JZW_HQL_0520-28_crop_00.jpg,4,D,4,83,0.9156626506024096,0.9156626506024096,4,D,1.0,1.0,1,D,8,76,78,0.9743589743589743
JZW_HQL_0520-28_crop_00.jpg,4,D,5,78,0.8846153846153846,0.8846153846153846,4,D,1.0,1.0,1,D,10,69,71,0.971830985915493
JZW_HQL_0520-28_crop_00.jpg,4,D,6,110,0.8818181818181818,0.8818181818181818,4,D,1.0,1.0,1,D,11,97,108,0.8981481481481481
JZW_HQL_0520-28_crop_00.jpg,4,D,7,88,0.8522727272727273,0.8522727272727273,4,D,1.0,1.0,1,D,12,75,75,1.0
JZW_HQL_0520-28_crop_00.jpg,4,D,8,234,0.0,0.0,0,bg,0.0,0.0,0,,0,0,0,0.0
JZW_HQL_0520-29_crop_01.jpg,4,D,1,55,0.8545454545454545,0.8545454545454545,4,D,1.0,1.0,1,D,1,47,47,1.0
JZW_HQL_0520-29_crop_01.jpg,4,D,2,55,0.0,0.0,0,bg,0.0,0.0,0,,0,0,0,0.0
JZW_HQL_0520-29_crop_01.jpg,4,D,3,53,0.0,0.0,0,bg,0.0,0.0,0,,0,0,0,0.0
JZW_HQL_0520-29_crop_01.jpg,4,D,4,81,0.9135802469135802,0.9135802469135802,4,D,1.0,1.0,1,D,5,74,75,0.9866666666666667
JZW_HQL_0520-29_crop_01.jpg,4,D,5,50,0.52,0.52,4,D,1.0,1.0,1,D,6,26,26,1.0
JZW_HQL_0520-29_crop_01.jpg,4,D,6,57,0.9122807017543859,0.9122807017543859,4,D,1.0,1.0,1,D,7,52,54,0.9629629629629629
JZW_HQL_0520-29_crop_01.jpg,4,D,7,66,0.5909090909090909,0.5909090909090909,4,D,1.0,1.0,1,D,8,39,39,1.0
JZW_HQL_0520-29_crop_01.jpg,4,D,8,72,0.9305555555555556,0.9305555555555556,4,D,1.0,1.0,1,D,9,67,73,0.9178082191780822
JZW_HQL_0520-29_crop_01.jpg,4,D,9,71,0.8873239436619719,0.8873239436619719,4,D,1.0,1.0,1,D,11,63,63,1.0
JZW_HQL_0520-29_crop_01.jpg,4,D,10,88,0.875,0.875,4,D,1.0,1.0,1,D,12,77,78,0.9871794871794872
JZW_HQL_0520-3_crop_02.jpg,4,D,1,55,0.8,0.8,4,D,1.0,1.0,1,D,1,44,47,0.9361702127659575
JZW_HQL_0520-3_crop_02.jpg,4,D,2,72,0.9722222222222222,0.9722222222222222,4,D,1.0,1.0,1,D,2,70,93,0.7526881720430108
JZW_HQL_0520-3_crop_02.jpg,4,D,3,98,0.8163265306122449,0.8163265306122449,4,D,1.0,1.0,1,D,6,80,88,0.9090909090909091
JZW_HQL_0520-4_crop_00.jpg,4,D,1,68,0.20588235294117646,0.20588235294117646,4,D,1.0,1.0,1,D,1,14,14,1.0
JZW_HQL_0520-4_crop_00.jpg,4,D,2,65,0.0,0.0,0,bg,0.0,0.0,0,,0,0,0,0.0
JZW_HQL_0520-4_crop_00.jpg,4,D,3,59,0.03389830508474576,0.03389830508474576,4,D,1.0,1.0,1,D,2,2,2,1.0
JZW_HQL_0520-4_crop_00.jpg,4,D,4,84,0.7857142857142857,0.7857142857142857,4,D,1.0,1.0,1,D,3,66,68,0.9705882352941176
JZW_HQL_0520-4_crop_00.jpg,4,D,5,49,0.7959183673469388,0.7959183673469388,4,D,1.0,1.0,1,D,4,39,42,0.9285714285714286
JZW_HQL_0520-4_crop_00.jpg,4,D,6,53,0.7547169811320755,0.7547169811320755,4,D,1.0,1.0,1,D,5,40,42,0.9523809523809523
JZW_HQL_0520-4_crop_00.jpg,4,D,7,56,1.0,1.0,4,D,1.0,1.0,1,D,6,56,60,0.9333333333333333
JZW_HQL_0520-4_crop_00.jpg,4,D,8,103,0.8737864077669902,0.8737864077669902,4,D,1.0,1.0,1,D,7,90,91,0.989010989010989
JZW_HQL_0520-4_crop_00.jpg,4,D,9,58,0.9310344827586207,0.9310344827586207,4,D,1.0,1.0,1,D,8,54,56,0.9642857142857143
JZW_HQL_0520-4_crop_00.jpg,4,D,10,53,0.0,0.0,0,bg,0.0,0.0,0,,0,0,0,0.0
JZW_HQL_0520-4_crop_00.jpg,4,D,11,54,0.0,0.0,0,bg,0.0,0.0,0,,0,0,0,0.0
JZW_HQL_0520-6_crop_01.jpg,1,A,1,1760,0.8909090909090909,0.8909090909090909,1,A,1.0,1.0,1,A,1,1568,1656,0.9468599033816425
JZW_HQL_0520-6_crop_01.jpg,4,D,1,53,0.0,0.0,0,bg,0.0,0.0,0,,0,0,0,0.0
JZW_HQL_0520-6_crop_01.jpg,4,D,2,62,0.41935483870967744,0.41935483870967744,4,D,1.0,1.0,1,D,2,26,26,1.0
JZW_HQL_0520-6_crop_01.jpg,4,D,3,113,0.4778761061946903,0.4778761061946903,4,D,1.0,1.0,1,D,3,54,54,1.0
JZW_HQL_0520-8_crop_02.jpg,4,D,1,91,0.8571428571428571,0.8571428571428571,4,D,1.0,1.0,1,D,2,78,81,0.9629629629629629
JZW_HQL_0520-8_crop_02.jpg,4,D,2,73,0.8082191780821918,0.8082191780821918,4,D,1.0,1.0,1,D,4,59,61,0.9672131147540983
JZW_HQL_0520-8_crop_02.jpg,4,D,3,57,0.7368421052631579,0.7368421052631579,4,D,1.0,1.0,1,D,5,42,42,1.0
JZW_HQL_0520-8_crop_02.jpg,4,D,4,64,0.921875,0.921875,4,D,1.0,1.0,1,D,6,59,64,0.921875
JZW_HQL_0520-G912-11_crop_03.jpg,1,A,1,2521,0.36136453788179296,0.36136453788179296,1,A,1.0,1.0,1,A,2,719,825,0.8715151515151515
JZW_HQL_0520-G912-11_crop_03.jpg,4,D,1,113,0.0,0.0,0,bg,0.0,0.0,0,,0,0,0,0.0
JZW_HQL_0520-G912-11_crop_03.jpg,4,D,2,48,0.7916666666666666,0.7916666666666666,4,D,1.0,1.0,1,D,3,38,41,0.926829268292683
JZW_HQL_0520-G912-11_crop_03.jpg,4,D,3,149,0.0,0.0,0,bg,0.0,0.0,0,,0,0,0,0.0
JZW_HQL_0520-G912-11_crop_03.jpg,4,D,4,54,0.9814814814814815,0.9814814814814815,4,D,1.0,1.0,1,D,4,53,67,0.7910447761194029
JZW_HQL_0520-G912-11_crop_03.jpg,4,D,5,56,0.0,0.0,0,bg,0.0,0.0,0,,0,0,0,0.0
JZW_HQL_0520-G912-2_crop_00.jpg,4,D,1,28,1.0,1.0,4,D,1.0,1.0,1,D,4,28,45,0.6222222222222222
JZW_HQL_0520-G912-2_crop_00.jpg,4,D,2,37,1.0,1.0,4,D,1.0,1.0,1,D,5,37,51,0.7254901960784313
JZW_HQL_0520-G912-3_crop_00.jpg,4,D,1,41,1.0,1.0,4,D,1.0,1.0,1,D,2,41,51,0.803921568627451
JZW_HQL_0520-G912-3_crop_00.jpg,4,D,2,51,0.9803921568627451,0.9803921568627451,4,D,1.0,1.0,1,D,5,50,57,0.8771929824561403
JZW_HQL_0520-G912-3_crop_00.jpg,4,D,3,77,0.0,0.0,0,bg,0.0,0.0,0,,0,0,0,0.0
JZW_HQL_0520-G912-3_crop_00.jpg,4,D,4,40,1.0,1.0,4,D,1.0,1.0,1,D,7,40,48,0.8333333333333334
JZW_HQL_0520-G912-3_crop_00.jpg,4,D,5,113,0.0,0.0,0,bg,0.0,0.0,0,,0,0,0,0.0
JZW_HQL_0520-G912-3_crop_00.jpg,4,D,6,57,0.03508771929824561,0.03508771929824561,4,D,1.0,1.0,1,D,8,2,2,1.0
JZW_HQL_0520-G912-5_crop_02.jpg,1,A,1,1289,0.27773467804499613,0.27773467804499613,1,A,1.0,1.0,1,A,4,358,364,0.9835164835164835
JZW_HQL_0520-G912-5_crop_02.jpg,4,D,1,47,0.44680851063829785,0.44680851063829785,4,D,1.0,1.0,1,D,3,21,21,1.0
JZW_HQL_0520-G912-9_crop_03.jpg,1,A,1,489,1.0,1.0,1,A,1.0,1.0,1,A,4,489,946,0.5169133192389006
JZW_HQL_0520-G912-9_crop_03.jpg,4,D,1,56,0.6428571428571429,0.6428571428571429,4,D,1.0,1.0,1,D,2,36,36,1.0
JZW_HQL_0520_A-12_crop_02.jpg,1,A,1,3231,0.7641597028783659,0.7641597028783659,1,A,1.0,1.0,1,A,1,2469,2820,0.875531914893617
JZW_HQL_0520_A-12_crop_02.jpg,4,D,1,59,0.9661016949152542,0.9661016949152542,4,D,1.0,1.0,1,D,4,57,59,0.9661016949152542
JZW_HQL_0520_A-14_crop_01.jpg,4,D,1,58,0.9827586206896551,0.9827586206896551,4,D,1.0,1.0,1,D,3,57,61,0.9344262295081968
JZW_HQL_0520_A-14_crop_01.jpg,4,D,2,52,0.8076923076923077,0.8076923076923077,4,D,1.0,1.0,1,D,4,42,42,1.0
JZW_HQL_0520_A-16_crop_01.jpg,4,D,1,64,1.0,1.0,4,D,1.0,1.0,1,D,1,64,70,0.9142857142857143
JZW_HQL_0520_A-17_crop_02.jpg,1,A,1,331,0.0,0.0,0,bg,0.0,0.0,0,,0,0,0,0.0
JZW_HQL_0520_A-17_crop_02.jpg,4,D,1,49,0.0,0.0,0,bg,0.0,0.0,0,,0,0,0,0.0
JZW_HQL_0520_A-18_crop_01.jpg,1,A,1,747,0.11512717536813923,0.11512717536813923,1,A,1.0,1.0,1,A,1,86,86,1.0
JZW_HQL_0520_A-18_crop_01.jpg,4,D,1,87,0.9080459770114943,0.9080459770114943,4,D,1.0,1.0,1,D,2,79,80,0.9875
JZW_HQL_0520_A-26_crop_01.jpg,1,A,1,126,0.0,0.0,0,bg,0.0,0.0,0,,0,0,0,0.0
JZW_HQL_0520_A-26_crop_01.jpg,1,A,2,199,0.9798994974874372,0.9798994974874372,1,A,1.0,1.0,1,A,5,195,1220,0.1598360655737705
JZW_HQL_0520_A-26_crop_01.jpg,4,D,1,80,0.9125,0.9125,4,D,1.0,1.0,1,D,3,73,82,0.8902439024390244
JZW_HQL_0520_A-26_crop_01.jpg,4,D,2,90,0.8888888888888888,0.8888888888888888,4,D,1.0,1.0,1,D,4,80,80,1.0
JZW_HQL_0520_A-26_crop_02.jpg,4,D,1,69,0.8985507246376812,0.8985507246376812,4,D,1.0,1.0,1,D,3,62,72,0.8611111111111112
JZW_HQL_0520_A-29_crop_00.jpg,4,D,1,53,0.9433962264150944,0.9433962264150944,4,D,1.0,1.0,1,D,1,50,51,0.9803921568627451
JZW_HQL_0520_A-29_crop_00.jpg,4,D,2,55,0.45454545454545453,0.45454545454545453,4,D,1.0,1.0,1,D,2,25,25,1.0
JZW_HQL_0520_A-29_crop_00.jpg,4,D,3,529,0.8676748582230623,0.8676748582230623,4,D,1.0,1.0,1,D,3,459,460,0.9978260869565218
JZW_HQL_0520_A-29_crop_00.jpg,4,D,4,75,0.84,0.84,4,D,1.0,1.0,1,D,4,63,66,0.9545454545454546
JZW_HQL_0520_A-29_crop_00.jpg,4,D,5,103,0.8155339805825242,0.8155339805825242,4,D,1.0,1.0,1,D,5,84,84,1.0
JZW_HQL_0520_A-29_crop_00.jpg,4,D,6,71,0.7605633802816901,0.7605633802816901,4,D,1.0,1.0,1,D,6,54,60,0.9
JZW_HQL_0520_A-30_crop_00.jpg,1,A,1,1471,0.9279401767505099,0.9279401767505099,1,A,1.0,1.0,1,A,1,1365,1438,0.9492350486787204
JZW_HQL_0520_A-30_crop_00.jpg,4,D,1,48,0.0,0.0,0,bg,0.0,0.0,0,,0,0,0,0.0
JZW_HQL_0520_A-30_crop_00.jpg,4,D,2,88,0.7840909090909091,0.7840909090909091,4,D,1.0,1.0,1,D,2,69,69,1.0
JZW_HQL_0520_A-30_crop_00.jpg,4,D,3,49,0.9795918367346939,0.9795918367346939,4,D,1.0,1.0,1,D,3,48,48,1.0
JZW_HQL_0520_A-30_crop_01.jpg,4,D,1,50,1.0,1.0,4,D,1.0,1.0,1,D,1,50,61,0.819672131147541
JZW_HQL_0520_A-30_crop_01.jpg,4,D,2,62,0.0,0.0,0,bg,0.0,0.0,0,,0,0,0,0.0
JZW_HQL_0520_A-31_crop_01.jpg,1,A,1,1140,0.9833333333333333,0.9833333333333333,1,A,1.0,1.0,1,A,1,1121,1433,0.782274947662247
JZW_HQL_0520_A-32_crop_02.jpg,1,A,1,490,0.7918367346938775,0.7918367346938775,1,A,1.0,1.0,1,A,1,388,397,0.9773299748110831
JZW_HQL_0520_A-32_crop_02.jpg,1,A,2,624,0.9967948717948718,0.9967948717948718,1,A,1.0,1.0,1,A,2,622,893,0.696528555431131
JZW_HQL_0520_A-38_crop_00.jpg,1,A,1,1045,0.970334928229665,0.970334928229665,1,A,1.0,1.0,1,A,4,1014,1224,0.8284313725490197
JZW_HQL_0520_A-38_crop_00.jpg,4,D,1,49,1.0,1.0,4,D,1.0,1.0,1,D,3,49,87,0.5632183908045977
JZW_HQL_0520_A-38_crop_00.jpg,4,D,2,49,1.0,1.0,4,D,1.0,1.0,1,D,5,49,79,0.620253164556962
JZW_HQL_0520_A-39_crop_01.jpg,1,A,1,330,0.9,0.9,1,A,1.0,1.0,1,A,2,297,387,0.7674418604651163
JZW_HQL_0520_A-39_crop_01.jpg,4,D,1,45,0.8666666666666667,0.8666666666666667,4,D,1.0,1.0,1,D,1,39,43,0.9069767441860465
JZW_HQL_0520_A-39_crop_01.jpg,4,D,2,51,0.9215686274509803,0.9215686274509803,4,D,1.0,1.0,1,D,4,47,49,0.9591836734693877
JZW_HQL_0520_A-39_crop_01.jpg,4,D,3,57,1.0,1.0,4,D,1.0,1.0,1,D,5,57,65,0.8769230769230769
JZW_HQL_0520_A-39_crop_01.jpg,4,D,4,54,0.9629629629629629,0.9629629629629629,4,D,1.0,1.0,1,D,6,52,62,0.8387096774193549
JZW_HQL_0520_A-39_crop_01.jpg,4,D,5,52,0.8653846153846154,0.8653846153846154,4,D,1.0,1.0,1,D,7,45,52,0.8653846153846154
JZW_HQL_0520_A-3_crop_01.jpg,4,D,1,69,0.0,0.0,0,bg,0.0,0.0,0,,0,0,0,0.0
JZW_HQL_0520_A-3_crop_01.jpg,4,D,2,70,0.7571428571428571,0.7571428571428571,4,D,1.0,1.0,1,D,1,53,53,1.0
JZW_HQL_0520_A-3_crop_01.jpg,4,D,3,83,0.0,0.0,0,bg,0.0,0.0,0,,0,0,0,0.0
JZW_HQL_0520_A-3_crop_01.jpg,4,D,4,67,0.8805970149253731,0.8805970149253731,4,D,1.0,1.0,1,D,2,59,59,1.0
JZW_HQL_0520_A-3_crop_01.jpg,4,D,5,53,0.5094339622641509,0.5094339622641509,4,D,1.0,1.0,1,D,3,27,35,0.7714285714285715
JZW_HQL_0520_A-3_crop_01.jpg,4,D,6,78,0.6666666666666666,0.6666666666666666,4,D,1.0,1.0,1,D,4,52,64,0.8125
JZW_HQL_0520_A-40_crop_00.jpg,1,A,1,216,1.0,1.0,1,A,1.0,1.0,1,A,2,216,323,0.6687306501547987
JZW_HQL_0520_A-40_crop_00.jpg,1,A,2,154,0.9285714285714286,0.9285714285714286,1,A,1.0,1.0,1,A,3,143,167,0.8562874251497006
JZW_HQL_0520_A-40_crop_00.jpg,4,D,1,58,0.8275862068965517,0.8275862068965517,4,D,1.0,1.0,1,D,1,48,53,0.9056603773584906
JZW_HQL_0520_A-40_crop_01.jpg,4,D,1,81,0.8765432098765432,0.8765432098765432,4,D,1.0,1.0,1,D,2,71,78,0.9102564102564102
JZW_HQL_0520_A-42_crop_00.jpg,4,D,1,55,0.9272727272727272,0.9272727272727272,4,D,1.0,1.0,1,D,1,51,51,1.0
JZW_HQL_0520_A-42_crop_00.jpg,4,D,2,71,0.9295774647887324,0.9295774647887324,4,D,1.0,1.0,1,D,2,66,66,1.0
JZW_HQL_0520_A-42_crop_00.jpg,4,D,3,65,0.9692307692307692,0.9692307692307692,4,D,1.0,1.0,1,D,3,63,66,0.9545454545454546
JZW_HQL_0520_A-42_crop_00.jpg,4,D,4,46,0.0,0.0,0,bg,0.0,0.0,0,,0,0,0,0.0
JZW_HQL_0520_A-42_crop_02.jpg,1,A,1,1741,0.539919586444572,0.539919586444572,1,A,1.0,1.0,1,A,1,707,707,1.0
JZW_HQL_0520_A-42_crop_02.jpg,4,D,1,71,0.9295774647887324,0.9295774647887324,4,D,1.0,1.0,1,D,3,66,69,0.9565217391304348
JZW_HQL_0520_A-43_crop_02.jpg,1,A,1,635,0.8440944881889764,0.8440944881889764,1,A,1.0,1.0,1,A,2,536,567,0.9453262786596119
JZW_HQL_0520_A-43_crop_02.jpg,4,D,1,68,0.8235294117647058,0.8235294117647058,4,D,1.0,1.0,1,D,1,56,56,1.0
JZW_HQL_0520_A-44_crop_00.jpg,1,A,1,663,0.34992458521870284,0.34992458521870284,1,A,1.0,1.0,1,A,4,184,184,1.0
JZW_HQL_0520_A-44_crop_00.jpg,4,D,1,155,0.0,0.0,0,bg,0.0,0.0,0,,0,0,0,0.0
JZW_HQL_0520_A-44_crop_00.jpg,4,D,2,61,0.9180327868852459,0.9180327868852459,4,D,1.0,1.0,1,D,1,56,56,1.0
JZW_HQL_0520_A-44_crop_00.jpg,4,D,3,64,0.984375,0.984375,4,D,1.0,1.0,1,D,5,63,73,0.863013698630137
JZW_HQL_0520_A-47_crop_01.jpg,4,D,1,149,0.9932885906040269,0.9932885906040269,4,D,1.0,1.0,1,D,1,148,196,0.7551020408163265
JZW_HQL_0520_A-47_crop_01.jpg,4,D,2,93,0.3118279569892473,0.3118279569892473,4,D,1.0,1.0,1,D,2,29,29,1.0
JZW_HQL_0520_A-47_crop_02.jpg,4,D,1,55,0.9090909090909091,0.9090909090909091,4,D,1.0,1.0,1,D,2,50,53,0.9433962264150944
JZW_HQL_0520_A-47_crop_02.jpg,4,D,2,48,0.9166666666666666,0.9166666666666666,4,D,1.0,1.0,1,D,3,44,44,1.0
JZW_HQL_0520_A-48_crop_00.jpg,1,A,1,1642,0.0,0.0,0,bg,0.0,0.0,0,,0,0,0,0.0
JZW_HQL_0520_A-48_crop_00.jpg,1,A,2,905,0.9060773480662984,0.9060773480662984,1,A,1.0,1.0,1,A,1,820,953,0.8604407135362014
JZW_HQL_0520_A-48_crop_00.jpg,4,D,1,44,0.0,0.0,0,bg,0.0,0.0,0,,0,0,0,0.0
JZW_HQL_0520_A-50_crop_00.jpg,4,D,1,47,0.0,0.0,0,bg,0.0,0.0,0,,0,0,0,0.0
JZW_HQL_0520_A-50_crop_00.jpg,4,D,2,56,0.9464285714285714,0.9464285714285714,4,D,1.0,1.0,1,D,1,53,55,0.9636363636363636
JZW_HQL_0520_A-50_crop_00.jpg,4,D,3,76,0.9605263157894737,0.9605263157894737,4,D,1.0,1.0,1,D,2,73,75,0.9733333333333334
JZW_HQL_0520_A-50_crop_00.jpg,4,D,4,52,0.9615384615384616,0.9615384615384616,4,D,1.0,1.0,1,D,3,50,54,0.9259259259259259
JZW_HQL_0520_A-50_crop_00.jpg,4,D,5,68,0.8676470588235294,0.8676470588235294,4,D,1.0,1.0,1,D,5,59,61,0.9672131147540983
JZW_HQL_0520_A-50_crop_00.jpg,4,D,6,45,0.7333333333333333,0.7333333333333333,4,D,1.0,1.0,1,D,8,33,33,1.0
JZW_HQL_0520_A-51_crop_01.jpg,4,D,1,75,0.9866666666666667,0.9866666666666667,4,D,1.0,1.0,1,D,1,74,86,0.8604651162790697
JZW_HQL_0520_A-51_crop_01.jpg,4,D,2,62,0.9354838709677419,0.9354838709677419,4,D,1.0,1.0,1,D,2,58,62,0.9354838709677419
JZW_HQL_0520_A-51_crop_01.jpg,4,D,3,67,0.9701492537313433,0.9701492537313433,4,D,1.0,1.0,1,D,3,65,74,0.8783783783783784
JZW_HQL_0520_A-51_crop_01.jpg,4,D,4,108,0.0,0.0,0,bg,0.0,0.0,0,,0,0,0,0.0
JZW_HQL_0520_A-51_crop_02.jpg,1,A,1,283,0.7985865724381626,0.7985865724381626,1,A,1.0,1.0,1,A,2,226,234,0.9658119658119658
JZW_HQL_0520_A-55_crop_01.jpg,4,D,1,50,0.0,0.0,0,bg,0.0,0.0,0,,0,0,0,0.0
JZW_HQL_0520_A-55_crop_01.jpg,4,D,2,73,0.6301369863013698,0.6301369863013698,4,D,1.0,1.0,1,D,1,46,46,1.0
JZW_HQL_0520_A-55_crop_01.jpg,4,D,3,51,0.0,0.0,0,bg,0.0,0.0,0,,0,0,0,0.0
JZW_HQL_0520_A-56_crop_01.jpg,1,A,1,508,0.6318897637795275,0.6318897637795275,1,A,1.0,1.0,1,A,2,321,339,0.9469026548672567
JZW_HQL_0520_A-57_crop_02.jpg,4,D,1,75,0.9866666666666667,0.9866666666666667,4,D,1.0,1.0,1,D,1,74,82,0.9024390243902439
JZW_HQL_0520_A-59_crop_01.jpg,1,A,1,2762,0.6748732802317161,0.6748732802317161,1,A,1.0,1.0,1,A,1,1864,2155,0.8649651972157772
JZW_HQL_0520_A-59_crop_01.jpg,1,A,2,708,0.7217514124293786,0.7217514124293786,1,A,1.0,1.0,1,A,2,511,590,0.8661016949152542
JZW_HQL_0520_A-60_crop_00.jpg,4,D,1,57,0.9122807017543859,0.9122807017543859,4,D,1.0,1.0,1,D,1,52,53,0.9811320754716981
JZW_HQL_0520_A-60_crop_00.jpg,4,D,2,45,0.0,0.0,0,bg,0.0,0.0,0,,0,0,0,0.0
JZW_HQL_0520_A-60_crop_00.jpg,4,D,3,51,0.9019607843137255,0.9019607843137255,4,D,1.0,1.0,1,D,2,46,57,0.8070175438596491
JZW_HQL_0520_A-60_crop_00.jpg,4,D,4,38,0.0,0.0,0,bg,0.0,0.0,0,,0,0,0,0.0
JZW_HQL_0520_A-60_crop_00.jpg,4,D,5,33,0.0,0.0,0,bg,0.0,0.0,0,,0,0,0,0.0
JZW_HQL_0520_A-60_crop_00.jpg,4,D,6,54,0.0,0.0,0,bg,0.0,0.0,0,,0,0,0,0.0
JZW_HQL_0520_A-60_crop_00.jpg,4,D,7,63,0.9365079365079365,0.9365079365079365,4,D,1.0,1.0,1,D,3,59,61,0.9672131147540983
JZW_HQL_0520_A-60_crop_00.jpg,4,D,8,49,0.0,0.0,0,bg,0.0,0.0,0,,0,0,0,0.0
JZW_HQL_0520_A-61_crop_00.jpg,1,A,1,2234,0.9346463742166518,0.9346463742166518,1,A,1.0,1.0,1,A,1,2088,2371,0.8806410797132012
JZW_HQL_0520_A-61_crop_00.jpg,1,A,2,831,0.753309265944645,0.753309265944645,1,A,1.0,1.0,1,A,2,626,753,0.8313413014608234
JZW_HQL_0520_A-61_crop_00.jpg,1,A,3,741,0.9082321187584346,0.9082321187584346,1,A,1.0,1.0,1,A,3,673,810,0.8308641975308642
JZW_HQL_0520_A-61_crop_00.jpg,4,D,1,46,0.0,0.0,0,bg,0.0,0.0,0,,0,0,0,0.0
JZW_HQL_0520_A-61_crop_00.jpg,4,D,2,38,0.0,0.0,0,bg,0.0,0.0,0,,0,0,0,0.0
JZW_HQL_0520_A-61_crop_00.jpg,4,D,3,72,1.0,1.0,4,D,1.0,1.0,1,D,4,72,79,0.9113924050632911
JZW_HQL_0520_A-61_crop_00.jpg,4,D,4,44,0.0,0.0,0,bg,0.0,0.0,0,,0,0,0,0.0
JZW_HQL_0520_A-61_crop_00.jpg,4,D,5,43,0.0,0.0,0,bg,0.0,0.0,0,,0,0,0,0.0
JZW_HQL_0520_A-61_crop_00.jpg,4,D,6,46,0.0,0.0,0,bg,0.0,0.0,0,,0,0,0,0.0
JZW_HQL_0520_A-61_crop_00.jpg,4,D,7,36,0.0,0.0,0,bg,0.0,0.0,0,,0,0,0,0.0
JZW_HQL_0520_A-61_crop_00.jpg,4,D,8,41,0.0,0.0,0,bg,0.0,0.0,0,,0,0,0,0.0
JZW_HQL_0520_A-61_crop_00.jpg,4,D,9,57,0.8070175438596491,0.8070175438596491,4,D,1.0,1.0,1,D,6,46,46,1.0
JZW_HQL_0520_A-61_crop_00.jpg,4,D,10,54,0.0,0.0,0,bg,0.0,0.0,0,,0,0,0,0.0
JZW_HQL_0520_A-61_crop_00.jpg,4,D,11,44,0.0,0.0,0,bg,0.0,0.0,0,,0,0,0,0.0
JZW_HQL_0520_A-61_crop_00.jpg,4,D,12,50,0.0,0.0,0,bg,0.0,0.0,0,,0,0,0,0.0
JZW_HQL_0520_A-61_crop_00.jpg,4,D,13,59,1.0,1.0,4,D,1.0,1.0,1,D,7,59,75,0.7866666666666666
JZW_HQL_0520_A-62_crop_01.jpg,1,A,1,687,0.9432314410480349,0.9432314410480349,1,A,1.0,1.0,1,A,5,648,679,0.9543446244477173
JZW_HQL_0520_A-62_crop_01.jpg,1,A,2,469,0.9275053304904051,0.9275053304904051,1,A,1.0,1.0,1,A,6,435,486,0.8950617283950617
JZW_HQL_0520_A-62_crop_01.jpg,4,D,1,44,0.20454545454545456,0.20454545454545456,4,D,1.0,1.0,1,D,2,9,9,1.0
JZW_HQL_0520_A-62_crop_01.jpg,4,D,2,70,1.0,1.0,4,D,1.0,1.0,1,D,4,70,76,0.9210526315789473
JZW_HQL_0520_A-63_crop_00.jpg,1,A,1,2384,0.825503355704698,0.825503355704698,1,A,1.0,1.0,1,A,1,1968,2219,0.8868859846777828
JZW_HQL_0520_A-63_crop_00.jpg,1,A,2,639,0.92018779342723,0.92018779342723,1,A,1.0,1.0,1,A,3,588,759,0.7747035573122529
JZW_HQL_0520_A-6_crop_00.jpg,1,A,1,161,0.782608695652174,0.782608695652174,1,A,1.0,1.0,1,A,3,126,130,0.9692307692307692
JZW_HQL_0520_A-6_crop_00.jpg,4,D,1,55,0.8181818181818182,0.8181818181818182,4,D,1.0,1.0,1,D,1,45,48,0.9375
JZW_HQL_0520_A-6_crop_00.jpg,4,D,2,51,0.0,0.0,0,bg,0.0,0.0,0,,0,0,0,0.0
JZW_HQL_0520_A-6_crop_00.jpg,4,D,3,38,0.0,0.0,0,bg,0.0,0.0,0,,0,0,0,0.0
JZW_HQL_0520_A-6_crop_00.jpg,4,D,4,42,0.0,0.0,0,bg,0.0,0.0,0,,0,0,0,0.0
JZW_HQL_0520_A-6_crop_00.jpg,4,D,5,48,0.8541666666666666,0.8541666666666666,4,D,1.0,1.0,1,D,2,41,46,0.8913043478260869
JZW_HQL_0520_A-6_crop_00.jpg,4,D,6,43,0.0,0.0,0,bg,0.0,0.0,0,,0,0,0,0.0
JZW_HQL_0520_A-6_crop_00.jpg,4,D,7,46,0.0,0.0,0,bg,0.0,0.0,0,,0,0,0,0.0
JZW_HQL_0520_A-6_crop_00.jpg,4,D,8,57,0.0,0.0,0,bg,0.0,0.0,0,,0,0,0,0.0
JZW_HQL_0520_A-6_crop_00.jpg,4,D,9,44,0.0,0.0,0,bg,0.0,0.0,0,,0,0,0,0.0
JZW_HQL_0520_A-6_crop_00.jpg,4,D,10,37,0.0,0.0,0,bg,0.0,0.0,0,,0,0,0,0.0
JZW_HQL_0520_A-6_crop_00.jpg,4,D,11,36,0.0,0.0,0,bg,0.0,0.0,0,,0,0,0,0.0
JZW_HQL_0520_A-6_crop_00.jpg,4,D,12,52,0.0,0.0,0,bg,0.0,0.0,0,,0,0,0,0.0
JZW_HQL_0520_A-6_crop_00.jpg,4,D,13,65,0.7538461538461538,0.7538461538461538,4,D,1.0,1.0,1,D,5,49,50,0.98
JZW_HQL_0520_A-6_crop_00.jpg,4,D,14,57,0.0,0.0,0,bg,0.0,0.0,0,,0,0,0,0.0
JZW_HQL_0520_A-6_crop_00.jpg,4,D,15,43,0.0,0.0,0,bg,0.0,0.0,0,,0,0,0,0.0
JZW_HQL_0520_A-6_crop_01.jpg,1,A,1,30,1.0,0.0,4,D,1.0,0.0,1,D,1,30,44,0.6818181818181818
JZW_HQL_0520_A-6_crop_01.jpg,4,D,1,53,0.0,0.0,0,bg,0.0,0.0,0,,0,0,0,0.0
JZW_HQL_0520_A-6_crop_01.jpg,4,D,2,131,0.0,0.0,0,bg,0.0,0.0,0,,0,0,0,0.0
JZW_HQL_0520_A-6_crop_01.jpg,4,D,3,31,0.0,0.0,0,bg,0.0,0.0,0,,0,0,0,0.0
JZW_HQL_0520_A-6_crop_01.jpg,4,D,4,66,0.6515151515151515,0.6515151515151515,4,D,1.0,1.0,1,D,2,43,43,1.0
JZW_HQL_0520_A-6_crop_01.jpg,4,D,5,47,0.0,0.0,0,bg,0.0,0.0,0,,0,0,0,0.0
JZW_HQL_0520_A-9_crop_00.jpg,1,A,1,559,0.9552772808586762,0.9552772808586762,1,A,1.0,1.0,1,A,1,534,568,0.9401408450704225
JZW_HQL_0520_A-9_crop_00.jpg,1,A,2,351,0.9145299145299145,0.9145299145299145,1,A,1.0,1.0,1,A,3,321,333,0.963963963963964
JZW_HQL_0520_A-9_crop_00.jpg,4,D,1,53,0.9433962264150944,0.9433962264150944,4,D,1.0,1.0,1,D,2,50,60,0.8333333333333334
JZW_HQL_0520_A-9_crop_00.jpg,4,D,2,52,0.9230769230769231,0.9230769230769231,4,D,1.0,1.0,1,D,4,48,50,0.96
JZW_HQL_0520_A-9_crop_00.jpg,4,D,3,77,1.0,1.0,4,D,1.0,1.0,1,D,5,77,80,0.9625
JZW_HQL_0520_C_W991-11_crop_01.jpg,3,C,1,2972,0.9680349932705249,0.9680349932705249,3,C,1.0,1.0,1,C,2,2877,4206,0.6840228245363766
JZW_HQL_0520_C_W991-11_crop_01.jpg,3,C,2,1145,1.0,1.0,3,C,1.0,1.0,1,C,3,1145,2114,0.5416272469252602
JZW_HQL_0520_C_W991-11_crop_01.jpg,4,D,1,126,0.9365079365079365,0.9365079365079365,4,D,1.0,1.0,1,D,1,118,123,0.959349593495935
JZW_HQL_0520_C_W991-13_crop_00.jpg,2,B,1,11348,0.7660380683820938,0.5519915403595347,2,B,0.7205797768319337,0.7205797768319337,2,B|C,2,8300,8811,0.9420043127908296
JZW_HQL_0520_C_W991-13_crop_00.jpg,3,C,1,656,0.8765243902439024,0.8765243902439024,3,C,1.0,1.0,1,C,3,575,659,0.8725341426403642
JZW_HQL_0520_C_W991-13_crop_00.jpg,3,C,2,910,0.910989010989011,0.910989010989011,3,C,1.0,1.0,1,C,4,829,1000,0.829
JZW_HQL_0520_C_W991-13_crop_00.jpg,3,C,3,1230,0.13089430894308943,0.13089430894308943,3,C,1.0,1.0,1,C,5,161,161,1.0
JZW_HQL_0520_C_W991-13_crop_00.jpg,3,C,4,3240,0.7854938271604939,0.7518518518518519,3,C,0.9571709233791749,0.9571709233791749,1,C,7,2545,2580,0.9864341085271318
JZW_HQL_0520_C_W991-13_crop_00.jpg,4,D,1,52,0.0,0.0,0,bg,0.0,0.0,0,,0,0,0,0.0
JZW_HQL_0520_C_W991-15_crop_03.jpg,3,C,1,879,0.9089874857792947,0.9089874857792947,3,C,1.0,1.0,1,C,3,799,893,0.8947368421052632
JZW_HQL_0520_C_W991-19_crop_01.jpg,3,C,1,1524,0.8569553805774278,0.8569553805774278,3,C,1.0,1.0,1,C,1,1306,1533,0.8519243313763861
JZW_HQL_0520_C_W991-19_crop_01.jpg,3,C,2,4494,0.4190031152647975,0.37917222963951935,3,C,0.9049389272437599,0.9049389272437599,2,B|C,2,1883,1902,0.9900105152471083
JZW_HQL_0520_C_W991-19_crop_01.jpg,3,C,3,1726,0.6819235225955967,0.6819235225955967,3,C,1.0,1.0,1,C,3,1177,1225,0.9608163265306122
JZW_HQL_0520_C_W991-19_crop_01.jpg,3,C,4,8185,0.9225412339645693,0.9225412339645693,3,C,1.0,1.0,1,C,4,7551,8574,0.8806857942617214
JZW_HQL_0520_C_W991-19_crop_01.jpg,3,C,5,1488,0.6854838709677419,0.6854838709677419,3,C,1.0,1.0,1,C,5,1020,1069,0.9541627689429373
JZW_HQL_0520_C_W991-1_crop_01.jpg,2,B,1,533,0.9868667917448405,0.9868667917448405,2,B,1.0,1.0,1,B,1,526,754,0.6976127320954907
JZW_HQL_0520_C_W991-1_crop_01.jpg,3,C,1,1145,0.5982532751091703,0.5982532751091703,3,C,1.0,1.0,1,C,2,685,685,1.0
JZW_HQL_0520_C_W991-22_crop_00.jpg,3,C,1,3128,0.6176470588235294,0.6176470588235294,3,C,1.0,1.0,1,C,1,1932,2016,0.9583333333333334
JZW_HQL_0520_C_W991-22_crop_00.jpg,3,C,2,7957,0.6193288927987936,0.6193288927987936,3,C,1.0,1.0,1,C,2,4928,5728,0.8603351955307262
JZW_HQL_0520_C_W991-22_crop_00.jpg,3,C,3,1421,0.896551724137931,0.896551724137931,3,C,1.0,1.0,1,C,4,1274,1570,0.8114649681528663
JZW_HQL_0520_C_W991-23_crop_00.jpg,2,B,1,4001,0.905023744063984,0.0,3,C,1.0,0.0,1,C,2,3621,4058,0.8923114834894037
JZW_HQL_0520_C_W991-23_crop_00.jpg,2,B,2,3766,0.944768985661179,0.944768985661179,2,B,1.0,1.0,1,B,4,3558,4307,0.826097051311818
JZW_HQL_0520_C_W991-23_crop_00.jpg,3,C,1,877,0.0,0.0,0,bg,0.0,0.0,0,,0,0,0,0.0
JZW_HQL_0520_C_W991-23_crop_00.jpg,3,C,2,648,0.8148148148148148,0.8148148148148148,3,C,1.0,1.0,1,C,1,528,670,0.7880597014925373
JZW_HQL_0520_C_W991-23_crop_00.jpg,3,C,3,2904,0.8381542699724518,0.8381542699724518,3,C,1.0,1.0,1,C,3,2434,2545,0.956385068762279
JZW_HQL_0520_C_W991-23_crop_00.jpg,4,D,1,132,0.0,0.0,0,bg,0.0,0.0,0,,0,0,0,0.0
JZW_HQL_0520_C_W991-23_crop_00.jpg,4,D,2,154,0.0,0.0,0,bg,0.0,0.0,0,,0,0,0,0.0
JZW_HQL_0520_C_W991-27_crop_00.jpg,2,B,1,14725,0.6761290322580645,0.6761290322580645,2,B,1.0,1.0,1,B,1,9956,10018,0.9938111399480934
JZW_HQL_0520_C_W991-27_crop_00.jpg,2,B,2,6680,0.7655688622754491,0.7655688622754491,2,B,1.0,1.0,1,B,2,5114,5145,0.993974732750243
JZW_HQL_0520_C_W991-27_crop_00.jpg,2,B,3,5353,0.7915187745189614,0.7915187745189614,2,B,1.0,1.0,1,B,6,4237,4654,0.9103996562097121
JZW_HQL_0520_C_W991-27_crop_00.jpg,3,C,1,8145,0.603806015960712,0.5267034990791897,3,C,0.8723058153721025,0.8723058153721025,2,B|C,4,4918,4921,0.9993903678114204
JZW_HQL_0520_C_W991-27_crop_00.jpg,3,C,2,15424,0.5502463692946058,0.4226530082987552,3,C,0.7681159420289855,0.7681159420289855,2,B|C,5,8487,8580,0.9891608391608392
JZW_HQL_0520_C_W991-27_crop_00.jpg,3,C,3,1196,0.9239130434782609,0.9239130434782609,3,C,1.0,1.0,1,C,7,1105,1381,0.8001448225923244
JZW_HQL_0520_C_W991-27_crop_00.jpg,3,C,4,4747,0.6732673267326733,0.634927322519486,3,C,0.9430538172715894,0.9430538172715894,2,B|C,8,3196,3252,0.982779827798278
JZW_HQL_0520_C_W991-2_crop_02.jpg,3,C,1,695,0.3410071942446043,0.2143884892086331,3,C,0.6286919831223629,0.6286919831223629,2,B|C,2,149,149,1.0
JZW_HQL_0520_C_W991-30_crop_01.jpg,3,C,1,5002,0.8094762095161935,0.04958016793282687,2,B,0.938750308718202,0.061249691281797976,2,B|C,1,4049,4246,0.9536033914272256
JZW_HQL_0520_C_W991-30_crop_01.jpg,3,C,2,975,0.0,0.0,0,bg,0.0,0.0,0,,0,0,0,0.0
JZW_HQL_0520_C_W991-30_crop_01.jpg,4,D,1,48,0.9375,0.9375,4,D,1.0,1.0,1,D,2,45,49,0.9183673469387755
JZW_HQL_0520_C_W991-30_crop_01.jpg,4,D,2,68,1.0,1.0,4,D,1.0,1.0,1,D,3,68,69,0.9855072463768116
JZW_HQL_0520_C_W991-30_crop_03.jpg,3,C,1,31,0.0,0.0,0,bg,0.0,0.0,0,,0,0,0,0.0
JZW_HQL_0520_C_W991-30_crop_03.jpg,3,C,2,14980,0.6495327102803738,0.3748331108144192,3,C,0.5770811921891058,0.5770811921891058,2,B|C,1,9730,9792,0.9936683006535948
JZW_HQL_0520_C_W991-31_crop_01.jpg,3,C,1,1334,0.6544227886056971,0.6544227886056971,3,C,1.0,1.0,1,C,1,873,907,0.9625137816979051
JZW_HQL_0520_C_W991-31_crop_01.jpg,3,C,2,507,0.9289940828402367,0.9289940828402367,3,C,1.0,1.0,1,C,2,471,541,0.8706099815157117
JZW_HQL_0520_C_W991-31_crop_01.jpg,3,C,3,491,0.6008146639511202,0.6008146639511202,3,C,1.0,1.0,1,C,3,295,320,0.921875
JZW_HQL_0520_C_W991-31_crop_01.jpg,3,C,4,547,0.41681901279707495,0.41681901279707495,3,C,1.0,1.0,1,C,4,228,228,1.0
JZW_HQL_0520_C_W991-32_crop_02.jpg,2,B,1,13663,0.6770840957330015,0.13423113518260996,3,C,0.8017511620365366,0.1982488379634634,2,B|C,1,9251,9527,0.9710297050488087
JZW_HQL_0520_C_W991-32_crop_02.jpg,3,C,1,1872,0.0,0.0,0,bg,0.0,0.0,0,,0,0,0,0.0
JZW_HQL_0520_C_W991-33_crop_01.jpg,2,B,1,13963,0.7300007161784716,0.2599727852180763,3,C,0.6438732463455312,0.3561267536544688,2,B|C,3,10193,10555,0.9657034580767409
JZW_HQL_0520_C_W991-33_crop_01.jpg,3,C,1,5174,0.68689601855431,0.19540007730962505,2,B,0.7155317951603827,0.2844682048396173,2,B|C,1,3554,3629,0.9793331496279967
JZW_HQL_0520_C_W991-33_crop_01.jpg,3,C,2,3124,0.8652368758002561,0.8652368758002561,3,C,1.0,1.0,1,C,2,2703,2987,0.9049213257448946
JZW_HQL_0520_C_W991-33_crop_01.jpg,3,C,3,2490,0.7839357429718875,0.7839357429718875,3,C,1.0,1.0,1,C,4,1952,2228,0.8761220825852782
JZW_HQL_0520_C_W991-33_crop_01.jpg,3,C,4,1520,0.8894736842105263,0.8894736842105263,3,C,1.0,1.0,1,C,6,1352,1573,0.859504132231405
JZW_HQL_0520_C_W991-36_crop_01.jpg,2,B,1,531,0.4463276836158192,0.04143126177024482,3,C,0.9071729957805907,0.09282700421940929,2,B|C,3,196,203,0.9655172413793104
JZW_HQL_0520_C_W991-36_crop_01.jpg,2,B,2,8491,0.5766105287951949,0.3408314686138264,2,B,0.5910947712418301,0.5910947712418301,2,B|C,4,4896,4996,0.9799839871897518
JZW_HQL_0520_C_W991-36_crop_01.jpg,3,C,1,2278,0.7054433713784021,0.7054433713784021,3,C,1.0,1.0,1,C,1,1607,1637,0.9816737935247404
JZW_HQL_0520_C_W991-37_crop_01.jpg,3,C,1,1066,0.8208255159474672,0.8208255159474672,3,C,1.0,1.0,1,C,1,875,973,0.8992805755395683
JZW_HQL_0520_C_W991-37_crop_01.jpg,3,C,2,636,0.6289308176100629,0.6289308176100629,3,C,1.0,1.0,1,C,2,400,400,1.0
JZW_HQL_0520_C_W991-37_crop_01.jpg,3,C,3,1113,0.7951482479784366,0.7951482479784366,3,C,1.0,1.0,1,C,3,885,918,0.9640522875816994
JZW_HQL_0520_C_W991-37_crop_01.jpg,3,C,4,5688,0.19883966244725737,0.19883966244725737,3,C,1.0,1.0,1,C,5,1131,1227,0.921760391198044
JZW_HQL_0520_C_W991-37_crop_01.jpg,3,C,5,432,0.0,0.0,0,bg,0.0,0.0,0,,0,0,0,0.0
JZW_HQL_0520_C_W991-37_crop_01.jpg,3,C,6,827,0.8500604594921403,0.8500604594921403,3,C,1.0,1.0,1,C,4,703,759,0.9262187088274044
JZW_HQL_0520_C_W991-38_crop_00.jpg,2,B,1,6569,0.9526564165017507,0.6862536154665855,2,B,0.7203579418344519,0.7203579418344519,2,B|C,1,6258,7146,0.8757346767422334
JZW_HQL_0520_C_W991-38_crop_00.jpg,2,B,2,14194,0.8582499647738481,0.7929406791602085,2,B,0.9239041208340174,0.9239041208340174,2,B|C,2,12182,12749,0.9555259236018512
JZW_HQL_0520_C_W991-38_crop_00.jpg,2,B,3,17112,0.8958625525946704,0.8958625525946704,2,B,1.0,1.0,1,B,3,15330,16823,0.9112524520002377
JZW_HQL_0520_C_W991-38_crop_00.jpg,3,C,1,1955,0.8608695652173913,0.8608695652173913,3,C,1.0,1.0,1,C,6,1683,1815,0.9272727272727272
JZW_HQL_0520_C_W991-39_crop_00.jpg,3,C,1,783,0.3065134099616858,0.3065134099616858,3,C,1.0,1.0,1,C,1,240,240,1.0
JZW_HQL_0520_C_W991-39_crop_00.jpg,3,C,2,617,0.0,0.0,0,bg,0.0,0.0,0,,0,0,0,0.0
JZW_HQL_0520_C_W991-39_crop_00.jpg,3,C,3,897,0.8372352285395763,0.8372352285395763,3,C,1.0,1.0,1,C,3,751,825,0.9103030303030303
JZW_HQL_0520_C_W991-39_crop_00.jpg,3,C,4,768,0.6080729166666666,0.6080729166666666,3,C,1.0,1.0,1,C,4,467,530,0.8811320754716981
JZW_HQL_0520_C_W991-39_crop_01.jpg,3,C,1,4765,0.4577124868835257,0.4577124868835257,3,C,1.0,1.0,1,C,1,2181,2181,1.0
JZW_HQL_0520_C_W991-39_crop_01.jpg,3,C,2,965,0.5647668393782384,0.5647668393782384,3,C,1.0,1.0,1,C,2,296,296,1.0
JZW_HQL_0520_C_W991-3_crop_01.jpg,2,B,1,357,0.0,0.0,0,bg,0.0,0.0,0,,0,0,0,0.0
JZW_HQL_0520_C_W991-3_crop_01.jpg,2,B,2,428,0.0,0.0,0,bg,0.0,0.0,0,,0,0,0,0.0
JZW_HQL_0520_C_W991-3_crop_01.jpg,3,C,1,1855,0.9563342318059299,0.9563342318059299,3,C,1.0,1.0,1,C,1,1774,2073,0.8557645923781958
JZW_HQL_0520_C_W991-3_crop_02.jpg,3,C,1,866,1.0,1.0,3,C,1.0,1.0,1,C,1,866,1765,0.4906515580736544
JZW_HQL_0520_C_W991-3_crop_02.jpg,3,C,2,475,0.2905263157894737,0.2905263157894737,3,C,1.0,1.0,1,C,3,99,126,0.7857142857142857
JZW_HQL_0520_C_W991-40_crop_02.jpg,3,C,1,2442,0.8595413595413596,0.8595413595413596,3,C,1.0,1.0,1,C,1,2099,2427,0.8648537288833952
JZW_HQL_0520_C_W991-40_crop_02.jpg,3,C,2,1537,0.3591411841249187,0.3591411841249187,3,C,1.0,1.0,1,C,2,552,582,0.9484536082474226
JZW_HQL_0520_C_W991-44_crop_00.jpg,2,B,1,6587,0.8902383482617277,0.6784575679368453,2,B,0.7621077762619373,0.7621077762619373,2,B|C,4,5864,6250,0.93824
JZW_HQL_0520_C_W991-44_crop_00.jpg,2,B,2,5970,0.7785594639865997,0.7785594639865997,2,B,1.0,1.0,1,B,7,4648,4720,0.9847457627118644
JZW_HQL_0520_C_W991-44_crop_00.jpg,2,B,3,2556,0.7934272300469484,0.7934272300469484,2,B,1.0,1.0,1,B,10,2028,2107,0.9625059326056004
JZW_HQL_0520_C_W991-44_crop_00.jpg,3,C,1,1403,0.7655024946543122,0.0,2,B,1.0,0.0,1,B,1,1074,1120,0.9589285714285715
JZW_HQL_0520_C_W991-44_crop_00.jpg,3,C,2,1783,0.9130678631519911,0.9130678631519911,3,C,1.0,1.0,1,C,2,1628,1973,0.8251393816523062
JZW_HQL_0520_C_W991-44_crop_00.jpg,3,C,3,2474,0.46160064672594986,0.46160064672594986,3,C,1.0,1.0,1,C,3,1142,1154,0.9896013864818024
JZW_HQL_0520_C_W991-44_crop_00.jpg,3,C,4,3575,0.7502097902097902,0.7502097902097902,3,C,1.0,1.0,1,C,5,2682,2879,0.9315734630079889
JZW_HQL_0520_C_W991-44_crop_00.jpg,3,C,5,1106,0.6175406871609403,0.6175406871609403,3,C,1.0,1.0,1,C,9,683,683,1.0
JZW_HQL_0520_C_W991-45_crop_00.jpg,2,B,1,14961,0.6076465476906624,0.5361941046721476,2,B,0.8824111758882411,0.8824111758882411,2,B|C,5,7950,8045,0.9881914232442511
JZW_HQL_0520_C_W991-45_crop_00.jpg,2,B,2,13726,0.7281800961678566,0.3663849628442372,2,B,0.5031515757878939,0.5031515757878939,2,B|C,3,9995,10123,0.9873555270176825
JZW_HQL_0520_C_W991-45_crop_00.jpg,3,C,1,7619,0.37196482478015486,0.37196482478015486,3,C,1.0,1.0,1,C,8,2774,3579,0.7750768371053367
JZW_HQL_0520_C_W991-45_crop_00.jpg,3,C,2,3972,0.5893756294058409,0.5893756294058409,3,C,1.0,1.0,1,C,9,2341,2386,0.9811399832355406
JZW_HQL_0520_C_W991-45_crop_00.jpg,4,D,1,76,0.9342105263157895,0.9342105263157895,4,D,1.0,1.0,1,D,11,71,73,0.9726027397260274
JZW_HQL_0520_C_W991-46_crop_00.jpg,3,C,1,4723,0.6932034723692568,0.6932034723692568,3,C,1.0,1.0,1,C,1,3274,3597,0.9102029469001947
JZW_HQL_0520_C_W991-46_crop_00.jpg,3,C,2,3683,0.8379038827043171,0.8379038827043171,3,C,1.0,1.0,1,C,5,1694,2350,0.7208510638297873
JZW_HQL_0520_C_W991-46_crop_00.jpg,3,C,3,5753,0.8915348513818877,0.25152094559360333,2,B,0.7178787287970365,0.28212127120296354,2,B|C,3,5129,6222,0.8243330118932819
JZW_HQL_0520_C_W991-46_crop_00.jpg,3,C,4,1266,0.5742496050552922,0.5229067930489731,3,C,0.9105914718019257,0.9105914718019257,2,B|C,4,727,727,1.0
JZW_HQL_0520_C_W991-46_crop_03.jpg,3,C,1,920,0.5619565217391305,0.5619565217391305,3,C,1.0,1.0,1,C,1,517,517,1.0
JZW_HQL_0520_C_W991-48_crop_01.jpg,2,B,1,7592,0.8656480505795574,0.8601159114857745,2,B,0.9936092513694461,0.9936092513694461,1,B,1,6572,7445,0.8827400940228342
JZW_HQL_0520_C_W991-48_crop_01.jpg,2,B,2,8055,0.9641216635630043,0.9641216635630043,2,B,1.0,1.0,1,B,7,7766,8482,0.9155859467106815
JZW_HQL_0520_C_W991-48_crop_01.jpg,2,B,3,5950,0.5695798319327731,0.0,3,C,1.0,0.0,1,C,8,3389,3465,0.9780663780663781
JZW_HQL_0520_C_W991-48_crop_01.jpg,2,B,4,5991,0.7759973293273243,0.7416124186279419,2,B,0.9556893955689395,0.9556893955689395,1,B,9,4649,4860,0.9565843621399177
JZW_HQL_0520_C_W991-48_crop_01.jpg,3,C,1,2056,0.6104085603112841,0.6104085603112841,3,C,1.0,1.0,1,C,4,1255,1255,1.0
JZW_HQL_0520_C_W991-48_crop_01.jpg,3,C,2,1938,0.8431372549019608,0.8431372549019608,3,C,1.0,1.0,1,C,5,1634,1749,0.9342481417953116
JZW_HQL_0520_C_W991-49_crop_01.jpg,3,C,1,2029,0.8324297683587975,0.8068013799901429,3,C,0.9692125518058022,0.9692125518058022,1,C,1,1689,2211,0.7639077340569878
JZW_HQL_0520_C_W991-49_crop_01.jpg,3,C,2,3124,0.7752880921895007,0.7752880921895007,3,C,1.0,1.0,1,C,2,2422,2626,0.9223153084539223
JZW_HQL_0520_C_W991-49_crop_01.jpg,3,C,3,4592,0.9024390243902439,0.9024390243902439,3,C,1.0,1.0,1,C,4,4144,4577,0.9053965479571772
JZW_HQL_0520_C_W991-49_crop_01.jpg,3,C,4,433,0.0,0.0,0,bg,0.0,0.0,0,,0,0,0,0.0
JZW_HQL_0520_C_W991-49_crop_01.jpg,3,C,5,1281,0.6932084309133489,0.6932084309133489,3,C,1.0,1.0,1,C,3,888,1036,0.8571428571428571
JZW_HQL_0520_C_W991-49_crop_01.jpg,3,C,6,13532,0.6738841265149276,0.28827963346142477,2,B,0.5722118653361115,0.4277881346638886,2,B|C,5,5692,6345,0.8970843183609141
JZW_HQL_0520_C_W991-49_crop_01.jpg,3,C,7,649,0.9106317411402157,0.9106317411402157,3,C,1.0,1.0,1,C,6,591,730,0.8095890410958904
JZW_HQL_0520_C_W991-50_crop_00.jpg,2,B,1,9702,0.5084518655947228,0.12275819418676562,3,C,0.7585647678897223,0.24143523211027773,2,B|C,2,4933,4984,0.9897672552166934
JZW_HQL_0520_C_W991-50_crop_00.jpg,3,C,1,1064,0.8233082706766918,0.8233082706766918,3,C,1.0,1.0,1,C,3,876,1004,0.8725099601593626
JZW_HQL_0520_C_W991-50_crop_00.jpg,3,C,2,5749,0.7496955992346495,0.7496955992346495,3,C,1.0,1.0,1,C,4,4310,4310,1.0
JZW_HQL_0520_C_W991-50_crop_00.jpg,3,C,3,1039,0.6823869104908566,0.6823869104908566,3,C,1.0,1.0,1,C,5,709,849,0.8351001177856302
JZW_HQL_0520_C_W991-50_crop_00.jpg,3,C,4,8758,0.7393240465859785,0.7393240465859785,3,C,1.0,1.0,1,C,6,6475,6767,0.956849416284912
JZW_HQL_0520_C_W991-51_crop_00.jpg,2,B,1,3852,0.8553997923156802,0.564901349948079,2,B,0.6603945371775417,0.6603945371775417,2,B|C,1,3295,5801,0.5680055162902948
JZW_HQL_0520_C_W991-51_crop_00.jpg,3,C,1,1389,0.9776817854571634,0.0,2,B,1.0,0.0,1,B,1,1358,5801,0.23409756938458887
JZW_HQL_0520_C_W991-51_crop_00.jpg,3,C,2,1093,0.6678865507776761,0.6678865507776761,3,C,1.0,1.0,1,C,2,730,748,0.9759358288770054
JZW_HQL_0520_C_W991-52_crop_00.jpg,2,B,1,2428,0.9040362438220758,0.0,3,C,1.0,0.0,1,C,5,2195,2376,0.9238215488215489
JZW_HQL_0520_C_W991-52_crop_00.jpg,3,C,1,18681,0.5674214442481665,0.4445693485359456,3,C,0.7834905660377358,0.7834905660377358,2,B|C,1,10482,10484,0.9998092331171309
JZW_HQL_0520_C_W991-52_crop_00.jpg,3,C,2,4484,0.9627564674397859,0.9627564674397859,3,C,1.0,1.0,1,C,2,4317,5193,0.8313113807047949
JZW_HQL_0520_C_W991-52_crop_00.jpg,3,C,3,14932,0.6772702919903563,0.10654969193678007,2,B,0.8426777415208148,0.1573222584791852,2,B|C,3,8522,8622,0.9884017629320343
JZW_HQL_0520_C_W991-52_crop_00.jpg,3,C,4,5038,0.6236601826121477,0.6236601826121477,3,C,1.0,1.0,1,C,4,3142,3148,0.9980940279542567
JZW_HQL_0520_C_W991-52_crop_02.jpg,2,B,1,1367,0.12948061448427212,0.12948061448427212,2,B,1.0,1.0,1,B,2,177,177,1.0
JZW_HQL_0520_C_W991-52_crop_02.jpg,3,C,1,2109,0.5675675675675675,0.5675675675675675,3,C,1.0,1.0,1,C,3,1197,1197,1.0
JZW_HQL_0520_C_W991-52_crop_02.jpg,3,C,2,4949,0.5902202465144474,0.5867852091331582,3,C,0.9941800753166724,0.9941800753166724,1,C,4,2921,2987,0.9779042517576163
JZW_HQL_0520_C_W991-52_crop_02.jpg,3,C,3,738,0.0,0.0,0,bg,0.0,0.0,0,,0,0,0,0.0
JZW_HQL_0520_C_W991-53_crop_00.jpg,2,B,1,5208,0.21178955453149,0.20391705069124424,2,B,0.9628286491387126,0.9628286491387126,1,B,2,1103,1103,1.0
JZW_HQL_0520_C_W991-53_crop_00.jpg,2,B,2,9235,0.5743367623172713,0.0,3,C,1.0,0.0,1,C,3,5304,5333,0.9945621601350084
JZW_HQL_0520_C_W991-53_crop_00.jpg,3,C,1,2168,0.2753690036900369,0.2753690036900369,3,C,1.0,1.0,1,C,1,597,597,1.0
JZW_HQL_0520_C_W991-55_crop_01.jpg,2,B,1,10802,0.8574338085539714,0.009720422144047398,3,C,0.9886633556467286,0.011336644353271431,1,C,1,9262,9801,0.9450056116722784
JZW_HQL_0520_C_W991-55_crop_01.jpg,3,C,1,597,0.8056951423785594,0.8056951423785594,3,C,1.0,1.0,1,C,2,481,508,0.9468503937007874
JZW_HQL_0520_C_W991-55_crop_01.jpg,3,C,2,941,0.6737513283740701,0.6737513283740701,3,C,1.0,1.0,1,C,3,634,766,0.8276762402088773
JZW_HQL_0520_C_W991-55_crop_01.jpg,3,C,3,4371,0.8997940974605353,0.8997940974605353,3,C,1.0,1.0,1,C,4,3933,4246,0.9262835609985869
JZW_HQL_0520_C_W991-55_crop_01.jpg,3,C,4,484,0.9008264462809917,0.9008264462809917,3,C,1.0,1.0,1,C,5,436,612,0.7124183006535948
JZW_HQL_0520_C_W991-55_crop_02.jpg,2,B,1,6861,0.026089491327794784,0.026089491327794784,2,B,1.0,1.0,1,B,4,136,137,0.9927007299270073
JZW_HQL_0520_C_W991-55_crop_02.jpg,3,C,1,4123,0.8362842590346835,0.8362842590346835,3,C,1.0,1.0,1,C,2,3448,3515,0.9809388335704126
JZW_HQL_0520_C_W991-55_crop_03.jpg,3,C,1,8340,0.676378896882494,0.676378896882494,3,C,1.0,1.0,1,C,1,5641,5675,0.9940088105726872
JZW_HQL_0520_C_W991-59_crop_00.jpg,3,C,1,4758,0.8257671290458176,0.8257671290458176,3,C,1.0,1.0,1,C,1,3929,4680,0.8395299145299145
JZW_HQL_0520_C_W991-59_crop_00.jpg,3,C,2,1266,0.9186413902053713,0.9186413902053713,3,C,1.0,1.0,1,C,2,1163,1306,0.8905053598774885
JZW_HQL_0520_C_W991-59_crop_00.jpg,3,C,3,714,0.9159663865546218,0.9159663865546218,3,C,1.0,1.0,1,C,3,654,838,0.7804295942720764
JZW_HQL_0520_C_W991-59_crop_00.jpg,3,C,4,3444,0.8493031358885017,0.8493031358885017,3,C,1.0,1.0,1,C,4,2925,3091,0.9462956971853769
JZW_HQL_0520_C_W991-59_crop_00.jpg,3,C,5,1224,0.48447712418300654,0.48447712418300654,3,C,1.0,1.0,1,C,5,593,593,1.0
JZW_HQL_0520_C_W991-59_crop_00.jpg,3,C,6,2697,0.7541713014460512,0.7541713014460512,3,C,1.0,1.0,1,C,6,2034,2071,0.9821342346692419
JZW_HQL_0520_C_W991-59_crop_00.jpg,3,C,7,401,0.8403990024937655,0.8403990024937655,3,C,1.0,1.0,1,C,7,337,364,0.9258241758241759
JZW_HQL_0520_C_W991-59_crop_02.jpg,2,B,1,4562,0.8857957036387549,0.8857957036387549,2,B,1.0,1.0,1,B,1,4041,5153,0.7842033766737823
JZW_HQL_0520_C_W991-59_crop_02.jpg,3,C,1,14248,0.9557832678270635,0.0,2,B,1.0,0.0,1,B,2,13618,15434,0.8823376959958533
JZW_HQL_0520_C_W991-60_crop_02.jpg,3,C,1,903,0.778516057585825,0.778516057585825,3,C,1.0,1.0,1,C,2,703,810,0.8679012345679012
JZW_HQL_0520_C_W991-60_crop_02.jpg,3,C,2,780,0.85,0.85,3,C,1.0,1.0,1,C,3,663,704,0.9417613636363636
JZW_HQL_0520_C_W991-60_crop_02.jpg,3,C,3,833,0.5282112845138055,0.5282112845138055,3,C,1.0,1.0,1,C,6,440,446,0.9865470852017937
JZW_HQL_0520_C_W991-62_crop_01.jpg,3,C,1,2243,0.9505127061970575,0.0,2,B,1.0,0.0,1,B,1,2132,13014,0.16382357461195635
JZW_HQL_0520_C_W991-62_crop_01.jpg,3,C,2,9104,0.890597539543058,0.23099736379613356,2,B,0.7406265416872225,0.2593734583127775,2,B|C,1,8108,13014,0.6230213616105732
JZW_HQL_0520_C_W991-62_crop_01.jpg,3,C,3,3017,0.7557176002651641,0.7557176002651641,3,C,1.0,1.0,1,C,2,2280,2301,0.9908735332464146
JZW_HQL_0520_C_W991-62_crop_01.jpg,3,C,4,682,0.024926686217008796,0.024926686217008796,3,C,1.0,1.0,1,C,3,17,17,1.0
JZW_HQL_0520_C_W991-62_crop_01.jpg,3,C,5,547,0.7696526508226691,0.7696526508226691,3,C,1.0,1.0,1,C,4,421,443,0.9503386004514672
JZW_HQL_0520_C_W991-62_crop_01.jpg,4,D,1,82,0.0,0.0,0,bg,0.0,0.0,0,,0,0,0,0.0
JZW_HQL_0520_C_W991-64_crop_01.jpg,3,C,1,2934,0.5248807089297887,0.3997955010224949,3,C,0.7616883116883116,0.7616883116883116,2,A|C,1,1540,1544,0.9974093264248705
JZW_HQL_0520_C_W991-64_crop_01.jpg,3,C,2,6842,0.13957907044723766,0.13957907044723766,3,C,1.0,1.0,1,C,6,642,691,0.9290882778581766
JZW_HQL_0520_C_W991-64_crop_01.jpg,3,C,3,2677,0.7829660067239447,0.7829660067239447,3,C,1.0,1.0,1,C,3,2096,2234,0.9382273948075202
JZW_HQL_0520_C_W991-64_crop_01.jpg,3,C,4,2551,0.8059584476675813,0.8059584476675813,3,C,1.0,1.0,1,C,7,2056,2169,0.9479022591055786
JZW_HQL_0520_C_W991-64_crop_01.jpg,3,C,5,682,0.9956011730205279,0.9956011730205279,3,C,1.0,1.0,1,C,8,679,808,0.8403465346534653
JZW_HQL_0520_C_W991-64_crop_01.jpg,4,D,1,80,0.975,0.975,4,D,1.0,1.0,1,D,5,78,79,0.9873417721518988
JZW_HQL_0520_C_W991-66_crop_02.jpg,3,C,1,2316,0.7223661485319517,0.7223661485319517,3,C,1.0,1.0,1,C,1,1673,1685,0.9928783382789318
JZW_HQL_0520_C_W991-66_crop_02.jpg,3,C,2,3030,0.39900990099009903,0.39900990099009903,3,C,1.0,1.0,1,C,5,1209,1210,0.9991735537190083
JZW_HQL_0520_C_W991-67_crop_01.jpg,3,C,1,872,0.875,0.875,3,C,1.0,1.0,1,C,1,763,800,0.95375
JZW_HQL_0520_C_W991-67_crop_01.jpg,3,C,2,954,0.8144654088050315,0.8144654088050315,3,C,1.0,1.0,1,C,2,777,805,0.9652173913043478
JZW_HQL_0520_C_W991-67_crop_01.jpg,3,C,3,8154,0.8220505273485406,0.4610007358351729,3,C,0.5607936744741161,0.5607936744741161,2,B|C,3,6703,7329,0.9145858916632555
JZW_HQL_0520_C_W991-67_crop_01.jpg,3,C,4,823,0.9611178614823815,0.9611178614823815,3,C,1.0,1.0,1,C,4,791,1050,0.7533333333333333
JZW_HQL_0520_C_W991-67_crop_02.jpg,2,B,1,13868,0.9089270262474762,0.9089270262474762,2,B,1.0,1.0,1,B,1,12605,15259,0.8260698604102497
JZW_HQL_0520_C_W991-67_crop_02.jpg,2,B,2,31130,0.9220044972695149,0.9220044972695149,2,B,1.0,1.0,1,B,2,28702,30621,0.937330590117893
JZW_HQL_0520_C_W991-69_crop_00.jpg,3,C,1,1453,0.7515485203028217,0.7515485203028217,3,C,1.0,1.0,1,C,1,1092,1145,0.9537117903930131
JZW_HQL_0520_C_W991-69_crop_00.jpg,3,C,2,2899,0.593652983787513,0.593652983787513,3,C,1.0,1.0,1,C,4,1721,1721,1.0
JZW_HQL_0520_C_W991-69_crop_00.jpg,3,C,3,1047,0.7344794651384909,0.7344794651384909,3,C,1.0,1.0,1,C,5,769,837,0.918757467144564
JZW_HQL_0520_C_W991-69_crop_00.jpg,4,D,1,81,1.0,1.0,4,D,1.0,1.0,1,D,7,81,104,0.7788461538461539
JZW_HQL_0520_C_W991-69_crop_01.jpg,2,B,1,20418,0.5738564012146146,0.5738564012146146,2,B,1.0,1.0,1,B,2,11717,11887,0.9856986624043073
JZW_HQL_0520_C_W991-69_crop_01.jpg,2,B,2,6733,0.6221595128471706,0.26110203475419574,3,C,0.5803294342325137,0.4196705657674863,2,B|C,4,4189,4256,0.9842575187969925
JZW_HQL_0520_C_W991-69_crop_01.jpg,2,B,3,6614,0.745388569700635,0.6345630480798307,2,B,0.8513184584178499,0.8513184584178499,2,B|C,5,4930,4990,0.9879759519038076
JZW_HQL_0520_C_W991-69_crop_01.jpg,3,C,1,19762,0.7690517154134197,0.7690517154134197,3,C,1.0,1.0,1,C,3,15198,15390,0.9875243664717349
JZW_HQL_0520_C_W991-69_crop_03.jpg,3,C,1,2227,0.5568028738212842,0.5568028738212842,3,C,1.0,1.0,1,C,1,1240,1314,0.943683409436834
JZW_HQL_0520_C_W991-6_crop_01.jpg,3,C,1,11029,0.181249433312177,0.10318251881403573,3,C,0.5692846423211606,0.5692846423211606,2,B|C,1,1790,1880,0.9521276595744681
JZW_HQL_0520_C_W991-70_crop_00.jpg,2,B,1,11553,0.828356271098416,0.828356271098416,2,B,1.0,1.0,1,B,2,9570,9688,0.9878199834847233
JZW_HQL_0520_C_W991-70_crop_00.jpg,3,C,1,4569,0.35128036769533816,0.35128036769533816,3,C,1.0,1.0,1,C,3,1605,2376,0.6755050505050505
JZW_HQL_0520_C_W991-70_crop_00.jpg,3,C,2,965,0.8808290155440415,0.8808290155440415,3,C,1.0,1.0,1,C,1,850,903,0.9413067552602437
JZW_HQL_0520_C_W991-70_crop_00.jpg,3,C,3,291,0.0,0.0,0,bg,0.0,0.0,0,,0,0,0,0.0
JZW_HQL_0520_C_W991-71_crop_03.jpg,3,C,1,4647,0.43425866150204434,0.43425866150204434,3,C,1.0,1.0,1,C,1,2018,2018,1.0
JZW_HQL_0520_C_W991-74_crop_00.jpg,2,B,1,4146,0.5931017848528702,0.5931017848528702,2,B,1.0,1.0,1,B,3,2459,2637,0.9324990519529769
JZW_HQL_0520_C_W991-74_crop_00.jpg,3,C,1,1471,0.4065261726716519,0.4065261726716519,3,C,1.0,1.0,1,C,1,598,598,1.0
JZW_HQL_0520_C_W991-74_crop_00.jpg,3,C,2,17515,0.6029688838138738,0.6029688838138738,3,C,1.0,1.0,1,C,2,10561,10774,0.9802301837757564
JZW_HQL_0520_C_W991-74_crop_00.jpg,3,C,3,3115,0.0,0.0,0,bg,0.0,0.0,0,,0,0,0,0.0
JZW_HQL_0520_C_W991-75_crop_00.jpg,3,C,1,12335,0.25464126469396026,0.25464126469396026,3,C,1.0,1.0,1,C,1,1897,2026,0.9363277393879565
JZW_HQL_0520_C_W991-75_crop_00.jpg,3,C,2,1456,0.4766483516483517,0.4766483516483517,3,C,1.0,1.0,1,C,2,694,711,0.9760900140646976
JZW_HQL_0520_C_W991-75_crop_00.jpg,3,C,3,1085,0.17235023041474654,0.17235023041474654,3,C,1.0,1.0,1,C,3,187,187,1.0
JZW_HQL_0520_C_W991-75_crop_00.jpg,3,C,4,1254,0.7910685805422647,0.7910685805422647,3,C,1.0,1.0,1,C,4,992,1246,0.7961476725521669
JZW_HQL_0520_C_W991-75_crop_00.jpg,3,C,5,999,0.036036036036036036,0.036036036036036036,3,C,1.0,1.0,1,C,7,36,36,1.0
JZW_HQL_0520_C_W991-75_crop_00.jpg,3,C,6,971,0.016477857878475798,0.016477857878475798,3,C,1.0,1.0,1,C,8,16,16,1.0
JZW_HQL_0520_C_W991-75_crop_00.jpg,3,C,7,3684,0.6055917480998915,0.6017915309446255,3,C,0.9937247870909905,0.9937247870909905,1,C,9,2231,2235,0.9982102908277405
JZW_HQL_0520_C_W991-75_crop_01.jpg,3,C,1,1396,0.6138968481375359,0.6138968481375359,3,C,1.0,1.0,1,C,1,857,857,1.0
JZW_HQL_0520_C_W991-75_crop_01.jpg,3,C,2,9680,0.3784090909090909,0.3784090909090909,3,C,1.0,1.0,1,C,2,3663,3833,0.9556483172449778
JZW_HQL_0520_C_W991-75_crop_01.jpg,3,C,3,12435,0.4529955770004021,0.4529955770004021,3,C,1.0,1.0,1,C,3,4264,4264,1.0
JZW_HQL_0520_C_W991-75_crop_01.jpg,3,C,4,1171,0.0,0.0,0,bg,0.0,0.0,0,,0,0,0,0.0
JZW_HQL_0520_C_W991-77_crop_02.jpg,3,C,1,11147,0.5828474028886697,0.5828474028886697,3,C,1.0,1.0,1,C,1,6497,6596,0.9849909035779261
JZW_HQL_0520_C_W991-77_crop_02.jpg,3,C,2,9978,0.3847464421727801,0.3441571457205853,3,C,0.894503777025267,0.894503777025267,2,B|C,4,3238,3240,0.9993827160493827
JZW_HQL_0520_C_W991-77_crop_02.jpg,4,D,1,82,0.9878048780487805,0.9878048780487805,4,D,1.0,1.0,1,D,5,81,84,0.9642857142857143
JZW_HQL_0520_C_W991-79_crop_00.jpg,2,B,1,5732,0.6955687369155618,0.6955687369155618,2,B,1.0,1.0,1,B,8,3987,5147,0.7746259957256655
JZW_HQL_0520_C_W991-79_crop_00.jpg,3,C,1,1457,0.9341111873713109,0.9341111873713109,3,C,1.0,1.0,1,C,1,1361,1721,0.7908192911098199
JZW_HQL_0520_C_W991-79_crop_00.jpg,3,C,2,1326,0.6862745098039216,0.6862745098039216,3,C,1.0,1.0,1,C,2,910,976,0.9323770491803278
JZW_HQL_0520_C_W991-79_crop_00.jpg,3,C,3,1254,0.7599681020733652,0.7599681020733652,3,C,1.0,1.0,1,C,3,953,1019,0.9352306182531894
JZW_HQL_0520_C_W991-79_crop_00.jpg,3,C,4,1111,0.9810981098109811,0.9810981098109811,3,C,1.0,1.0,1,C,5,1090,1992,0.5471887550200804
JZW_HQL_0520_C_W991-79_crop_00.jpg,3,C,5,2902,0.7057201929703653,0.7057201929703653,3,C,1.0,1.0,1,C,6,2048,2444,0.8379705400981997
JZW_HQL_0520_C_W991-79_crop_00.jpg,3,C,6,1025,0.8009756097560976,0.8009756097560976,3,C,1.0,1.0,1,C,7,821,997,0.8234704112337011
JZW_HQL_0520_C_W991-79_crop_02.jpg,3,C,1,838,0.7374701670644391,0.7374701670644391,3,C,1.0,1.0,1,C,2,618,689,0.8969521044992743
JZW_HQL_0520_C_W991-79_crop_02.jpg,4,D,1,80,0.9375,0.9375,4,D,1.0,1.0,1,D,1,75,85,0.8823529411764706
JZW_HQL_0520_C_W991-80_crop_01.jpg,3,C,1,4616,0.6681109185441941,0.6681109185441941,3,C,1.0,1.0,1,C,1,3084,3127,0.9862488007675088
JZW_HQL_0520_C_W991-80_crop_01.jpg,3,C,2,9129,0.5413517362252164,0.5413517362252164,3,C,1.0,1.0,1,C,4,3954,3967,0.9967229644567683
JZW_HQL_0520_C_W991-80_crop_01.jpg,3,C,3,807,0.9343246592317225,0.9343246592317225,3,C,1.0,1.0,1,C,3,754,922,0.8177874186550976
JZW_HQL_0520_C_W991-80_crop_01.jpg,3,C,4,1404,0.12321937321937322,0.12321937321937322,3,C,1.0,1.0,1,C,6,137,139,0.9856115107913669
JZW_HQL_0520_C_W991-80_crop_01.jpg,3,C,5,907,0.9084895259095921,0.9084895259095921,3,C,1.0,1.0,1,C,7,824,1015,0.8118226600985222
JZW_HQL_0520_C_W991-83_crop_00.jpg,2,B,1,12656,0.6678255372945638,0.6678255372945638,2,B,1.0,1.0,1,B,1,5993,5993,1.0
JZW_HQL_0520_C_W991-83_crop_00.jpg,3,C,1,1024,0.791015625,0.791015625,3,C,1.0,1.0,1,C,3,810,833,0.9723889555822329
JZW_HQL_0520_C_W991-83_crop_00.jpg,3,C,2,980,0.7010204081632653,0.0,2,B,1.0,0.0,1,B,4,687,823,0.8347509113001215
JZW_HQL_0520_C_W991-83_crop_00.jpg,3,C,3,4809,0.6749844042420462,0.6749844042420462,3,C,1.0,1.0,1,C,6,3246,3311,0.9803684687405617
JZW_HQL_0520_C_W991-83_crop_00.jpg,3,C,4,1662,0.8134777376654633,0.8134777376654633,3,C,1.0,1.0,1,C,7,1352,1399,0.9664045746962115
JZW_HQL_0520_C_W991-83_crop_00.jpg,3,C,5,2169,0.3490087597971415,0.3490087597971415,3,C,1.0,1.0,1,C,8,757,757,1.0
JZW_HQL_0520_C_W991-83_crop_02.jpg,3,C,1,3690,0.8731707317073171,0.7466124661246613,3,C,0.8550589695841092,0.8550589695841092,2,B|C,1,3222,3697,0.8715174465783068
JZW_HQL_0520_C_W991-84_crop_00.jpg,3,C,1,7642,0.5769432085841403,0.5769432085841403,3,C,1.0,1.0,1,C,2,4409,5386,0.818603787597475
JZW_HQL_0520_C_W991-84_crop_00.jpg,3,C,2,2175,0.5393103448275862,0.5319540229885057,3,C,0.9863597612958227,0.9863597612958227,1,C,3,1173,1173,1.0
JZW_HQL_0520_C_W991-84_crop_00.jpg,3,C,3,5364,0.44034302759134974,0.44034302759134974,3,C,1.0,1.0,1,C,5,2297,2297,1.0
JZW_HQL_0520_C_W991-84_crop_00.jpg,4,D,1,73,0.9041095890410958,0.9041095890410958,4,D,1.0,1.0,1,D,1,66,67,0.9850746268656716
JZW_HQL_0520_C_W991-85_crop_00.jpg,2,B,1,18465,0.8565935553750339,0.6154887625236934,2,B,0.7185306948220269,0.7185306948220269,2,B|C,1,15817,17053,0.92752008444262
JZW_HQL_0520_C_W991-85_crop_00.jpg,3,C,1,1896,0.7716244725738397,0.7716244725738397,3,C,1.0,1.0,1,C,2,1463,1549,0.9444803098773402
JZW_HQL_0520_C_W991-85_crop_00.jpg,3,C,2,5665,0.9489849955869374,0.9489849955869374,3,C,1.0,1.0,1,C,4,5376,6534,0.82277318640955
JZW_HQL_0520_C_W991-85_crop_00.jpg,3,C,3,1482,0.9156545209176788,0.9156545209176788,3,C,1.0,1.0,1,C,6,1357,1502,0.903462050599201
JZW_HQL_0520_C_W991-85_crop_00.jpg,3,C,4,2235,0.9753914988814317,0.9753914988814317,3,C,1.0,1.0,1,C,7,2180,2626,0.8301599390708302
JZW_HQL_0520_C_W991-85_crop_00.jpg,3,C,5,1037,0.7984570877531341,0.7984570877531341,3,C,1.0,1.0,1,C,8,828,932,0.8884120171673819
JZW_HQL_0520_C_W991-85_crop_00.jpg,4,D,1,47,0.3404255319148936,0.3404255319148936,4,D,1.0,1.0,1,D,3,16,81,0.19753086419753085
JZW_HQL_0520_C_W991-85_crop_00.jpg,4,D,2,59,0.6610169491525424,0.6610169491525424,4,D,1.0,1.0,1,D,3,39,81,0.48148148148148145
JZW_HQL_0520_C_W991-85_crop_01.jpg,2,B,1,31847,0.6576443621063208,0.5897886771124439,2,B,0.8968200916730329,0.8968200916730329,2,B|C,1,19555,19893,0.983009098677927
JZW_HQL_0520_C_W991-85_crop_01.jpg,3,C,1,3069,0.9781687846203975,0.0,2,B,1.0,0.0,1,B,2,3002,3945,0.7609632446134347
JZW_HQL_0520_C_W991-85_crop_01.jpg,3,C,2,1175,0.5234042553191489,0.5234042553191489,3,C,1.0,1.0,1,C,3,615,615,1.0
JZW_HQL_0520_C_W991-85_crop_01.jpg,3,C,3,622,0.8360128617363344,0.8360128617363344,3,C,1.0,1.0,1,C,4,520,536,0.9701492537313433
JZW_HQL_0520_C_W991-85_crop_01.jpg,3,C,4,1378,0.8809869375907112,0.8809869375907112,3,C,1.0,1.0,1,C,7,1214,1365,0.8893772893772893
JZW_HQL_0520_C_W991-85_crop_01.jpg,3,C,5,491,0.4195519348268839,0.4195519348268839,3,C,1.0,1.0,1,C,9,206,206,1.0
JZW_HQL_0520_C_W991-85_crop_01.jpg,4,D,1,78,0.07692307692307693,0.07692307692307693,4,D,1.0,1.0,1,D,8,6,6,1.0
JZW_HQL_0520_C_W991-86_crop_02.jpg,2,B,1,10192,0.7427394034536892,0.2645211930926217,3,C,0.6438573315719948,0.3561426684280053,2,B|C,2,7570,9576,0.7905179615705932
JZW_HQL_0520_C_W991-86_crop_02.jpg,3,C,1,972,0.823045267489712,0.823045267489712,3,C,1.0,1.0,1,C,1,800,1325,0.6037735849056604
JZW_HQL_0520_C_W991-86_crop_02.jpg,3,C,2,317,0.694006309148265,0.694006309148265,3,C,1.0,1.0,1,C,1,220,1325,0.1660377358490566
JZW_HQL_0520_C_W991-86_crop_02.jpg,3,C,3,1005,0.7950248756218905,0.7950248756218905,3,C,1.0,1.0,1,C,3,799,1008,0.7926587301587301
JZW_HQL_0520_C_W991-86_crop_02.jpg,3,C,4,1947,0.8397534668721109,0.8397534668721109,3,C,1.0,1.0,1,C,2,1635,9576,0.17073934837092733
JZW_HQL_0520_C_W991-86_crop_02.jpg,3,C,5,1310,0.0,0.0,0,bg,0.0,0.0,0,,0,0,0,0.0
JZW_HQL_0520_C_W991-87_crop_02.jpg,3,C,1,1694,0.4132231404958678,0.4132231404958678,3,C,1.0,1.0,1,C,1,700,703,0.9957325746799431
JZW_HQL_0520_C_W991-87_crop_02.jpg,3,C,2,11155,0.7143881667413716,0.7143881667413716,3,C,1.0,1.0,1,C,3,7969,8838,0.9016745870106359
JZW_HQL_0520_C_W991-87_crop_02.jpg,4,D,1,49,0.0,0.0,0,bg,0.0,0.0,0,,0,0,0,0.0
JZW_HQL_0520_Q750-17_crop_00.jpg,4,D,1,44,0.022727272727272728,0.022727272727272728,4,D,1.0,1.0,1,D,1,1,1,1.0
JZW_HQL_0520_Q750-17_crop_00.jpg,4,D,2,48,0.9583333333333334,0.9583333333333334,4,D,1.0,1.0,1,D,2,46,49,0.9387755102040817
JZW_HQL_0520_Q750-17_crop_00.jpg,4,D,3,51,0.0,0.0,0,bg,0.0,0.0,0,,0,0,0,0.0
JZW_HQL_0520_Q750-17_crop_00.jpg,4,D,4,53,0.0,0.0,0,bg,0.0,0.0,0,,0,0,0,0.0
JZW_HQL_0520_Q750-17_crop_00.jpg,4,D,5,49,0.0,0.0,0,bg,0.0,0.0,0,,0,0,0,0.0
JZW_HQL_0520_Q750-18_crop_01.jpg,1,A,1,226,0.9690265486725663,0.9690265486725663,1,A,1.0,1.0,1,A,1,219,258,0.8488372093023255
JZW_HQL_0520_Q750-18_crop_01.jpg,4,D,1,54,0.9444444444444444,0.9444444444444444,4,D,1.0,1.0,1,D,2,51,51,1.0
JZW_HQL_0520_Q750-18_crop_01.jpg,4,D,2,58,0.0,0.0,0,bg,0.0,0.0,0,,0,0,0,0.0
JZW_HQL_0520_Q750-18_crop_01.jpg,4,D,3,36,0.0,0.0,0,bg,0.0,0.0,0,,0,0,0,0.0
JZW_HQL_0520_Q750-19_crop_02.jpg,4,D,1,36,0.0,0.0,0,bg,0.0,0.0,0,,0,0,0,0.0
JZW_HQL_0520_Q750-19_crop_02.jpg,4,D,2,56,0.9821428571428571,0.9821428571428571,4,D,1.0,1.0,1,D,1,55,58,0.9482758620689655
JZW_HQL_0520_Q750-21_crop_01.jpg,4,D,1,45,0.4,0.4,4,D,1.0,1.0,1,D,1,18,18,1.0
JZW_HQL_0520_Q750-21_crop_01.jpg,4,D,2,39,0.0,0.0,0,bg,0.0,0.0,0,,0,0,0,0.0
JZW_HQL_0520_Q750-21_crop_01.jpg,4,D,3,40,0.0,0.0,0,bg,0.0,0.0,0,,0,0,0,0.0
JZW_HQL_0520_Q750-21_crop_01.jpg,4,D,4,35,0.0,0.0,0,bg,0.0,0.0,0,,0,0,0,0.0
JZW_HQL_0520_Q750-23_crop_00.jpg,4,D,1,53,0.5660377358490566,0.5660377358490566,4,D,1.0,1.0,1,D,1,30,30,1.0
JZW_HQL_0520_Q750-23_crop_00.jpg,4,D,2,30,0.0,0.0,0,bg,0.0,0.0,0,,0,0,0,0.0
JZW_HQL_0520_Q750-23_crop_00.jpg,4,D,3,41,0.0,0.0,0,bg,0.0,0.0,0,,0,0,0,0.0
JZW_HQL_0520_Q750-23_crop_00.jpg,4,D,4,66,0.0,0.0,0,bg,0.0,0.0,0,,0,0,0,0.0
JZW_HQL_0520_Q750-23_crop_02.jpg,4,D,1,30,0.0,0.0,0,bg,0.0,0.0,0,,0,0,0,0.0
JZW_HQL_0520_Q750-2_crop_02.jpg,4,D,1,55,0.0,0.0,0,bg,0.0,0.0,0,,0,0,0,0.0
JZW_HQL_0520_Q750-2_crop_02.jpg,4,D,2,42,0.0,0.0,0,bg,0.0,0.0,0,,0,0,0,0.0
JZW_HQL_0520_Q750-2_crop_02.jpg,4,D,3,97,0.9484536082474226,0.9484536082474226,4,D,1.0,1.0,1,D,1,92,99,0.9292929292929293
JZW_HQL_0520_Q750-2_crop_02.jpg,4,D,4,40,0.0,0.0,0,bg,0.0,0.0,0,,0,0,0,0.0
JZW_HQL_0520_Q750-2_crop_02.jpg,4,D,5,56,0.0,0.0,0,bg,0.0,0.0,0,,0,0,0,0.0
JZW_HQL_0520_Q750-31_crop_00.jpg,1,A,1,216,0.5694444444444444,0.5694444444444444,1,A,1.0,1.0,1,A,2,123,128,0.9609375
JZW_HQL_0520_Q750-31_crop_00.jpg,1,A,2,168,0.9285714285714286,0.9285714285714286,1,A,1.0,1.0,1,A,3,156,495,0.3151515151515151
JZW_HQL_0520_Q750-31_crop_00.jpg,1,A,3,160,1.0,1.0,1,A,1.0,1.0,1,A,3,160,495,0.32323232323232326
JZW_HQL_0520_Q750-31_crop_00.jpg,4,D,1,87,0.5057471264367817,0.5057471264367817,4,D,1.0,1.0,1,D,1,44,44,1.0
JZW_HQL_0520_Q750-31_crop_01.jpg,4,D,1,53,0.9622641509433962,0.9622641509433962,4,D,1.0,1.0,1,D,1,51,55,0.9272727272727272
JZW_HQL_0520_Q750-35_crop_00.jpg,4,D,1,45,0.0,0.0,0,bg,0.0,0.0,0,,0,0,0,0.0
JZW_HQL_0520_Q750-35_crop_00.jpg,4,D,2,40,0.0,0.0,0,bg,0.0,0.0,0,,0,0,0,0.0
JZW_HQL_0520_Q750-35_crop_00.jpg,4,D,3,46,0.9565217391304348,0.9565217391304348,4,D,1.0,1.0,1,D,1,44,46,0.9565217391304348
JZW_HQL_0520_Q750-35_crop_01.jpg,1,A,1,292,0.7773972602739726,0.7773972602739726,1,A,1.0,1.0,1,A,3,227,227,1.0
JZW_HQL_0520_Q750-36_crop_00.jpg,4,D,1,59,0.864406779661017,0.864406779661017,4,D,1.0,1.0,1,D,1,51,55,0.9272727272727272
JZW_HQL_0520_Q750-36_crop_02.jpg,4,D,1,58,0.5344827586206896,0.5344827586206896,4,D,1.0,1.0,1,D,1,31,31,1.0
JZW_HQL_0520_Q750-37_crop_00.jpg,4,D,1,66,0.9696969696969697,0.9696969696969697,4,D,1.0,1.0,1,D,1,64,71,0.9014084507042254
JZW_HQL_0520_Q750-37_crop_00.jpg,4,D,2,44,0.6136363636363636,0.6136363636363636,4,D,1.0,1.0,1,D,3,27,27,1.0
JZW_HQL_0520_Q750-37_crop_00.jpg,4,D,3,38,0.0,0.0,0,bg,0.0,0.0,0,,0,0,0,0.0
JZW_HQL_0520_Q750-3_crop_00.jpg,4,D,1,51,0.0,0.0,0,bg,0.0,0.0,0,,0,0,0,0.0
JZW_HQL_0520_Q750-3_crop_00.jpg,4,D,2,128,0.8515625,0.8515625,4,D,1.0,1.0,1,D,1,109,109,1.0
JZW_HQL_0520_Q750-3_crop_02.jpg,4,D,1,63,0.6666666666666666,0.6666666666666666,4,D,1.0,1.0,1,D,1,42,42,1.0
JZW_HQL_0520_Q750-41_crop_00.jpg,1,A,1,1878,0.5878594249201278,0.5878594249201278,1,A,1.0,1.0,1,A,2,1104,1104,1.0
JZW_HQL_0520_Q750-44_crop_01.jpg,1,A,1,212,0.8962264150943396,0.8962264150943396,1,A,1.0,1.0,1,A,2,190,216,0.8796296296296297
JZW_HQL_0520_Q750-45_crop_01.jpg,3,C,1,166,0.7891566265060241,0.0,1,A,1.0,0.0,1,A,3,131,146,0.8972602739726028
JZW_HQL_0520_Q750-45_crop_01.jpg,4,D,1,60,0.7166666666666667,0.7166666666666667,4,D,1.0,1.0,1,D,1,43,43,1.0
JZW_HQL_0520_Q750-45_crop_01.jpg,4,D,2,60,0.8,0.0,2,B,1.0,0.0,1,B,2,48,62,0.7741935483870968
JZW_HQL_0520_Q750-45_crop_01.jpg,4,D,3,44,0.9772727272727273,0.9772727272727273,4,D,1.0,1.0,1,D,5,43,45,0.9555555555555556
JZW_HQL_0520_Q750-45_crop_01.jpg,4,D,4,51,0.9215686274509803,0.9215686274509803,4,D,1.0,1.0,1,D,7,47,51,0.9215686274509803
JZW_HQL_0520_Q750-47_crop_01.jpg,4,D,1,55,0.7818181818181819,0.7818181818181819,4,D,1.0,1.0,1,D,1,43,43,1.0
JZW_HQL_0520_Q750-47_crop_01.jpg,4,D,2,320,0.0,0.0,0,bg,0.0,0.0,0,,0,0,0,0.0
JZW_HQL_0520_Q750-48_crop_02.jpg,1,A,1,384,0.8619791666666666,0.8619791666666666,1,A,1.0,1.0,1,A,2,331,342,0.9678362573099415
JZW_HQL_0520_Q750-48_crop_02.jpg,1,A,2,755,0.9576158940397351,0.9576158940397351,1,A,1.0,1.0,1,A,3,723,869,0.8319907940161104
JZW_HQL_0520_Q750-5_crop_00.jpg,1,A,1,787,0.8881829733163914,0.8881829733163914,1,A,1.0,1.0,1,A,3,699,730,0.9575342465753425
JZW_HQL_0520_Q750-5_crop_00.jpg,4,D,1,49,0.12244897959183673,0.12244897959183673,4,D,1.0,1.0,1,D,2,6,6,1.0
JZW_HQL_0520_Q750-7_crop_00.jpg,1,A,1,385,0.8467532467532467,0.8467532467532467,1,A,1.0,1.0,1,A,1,326,340,0.9588235294117647
JZW_HQL_0520_Q750-7_crop_00.jpg,1,A,2,409,0.9828850855745721,0.9828850855745721,1,A,1.0,1.0,1,A,3,402,439,0.9157175398633257
JZW_HQL_0520_Q750-7_crop_00.jpg,4,D,1,77,0.7662337662337663,0.7662337662337663,4,D,1.0,1.0,1,D,2,59,59,1.0
JZW_HQL_0520_Q750-9_crop_00.jpg,3,C,1,6120,0.7392156862745098,0.045098039215686274,2,B,0.917550839964633,0.0610079575596817,2,B|C,3,3408,3840,0.8875
SZ0529_1-14_crop_00.jpg,1,A,1,412,0.7572815533980582,0.7572815533980582,1,A,1.0,1.0,1,A,2,312,313,0.9968051118210862
SZ0529_1-14_crop_00.jpg,4,D,1,49,1.0,1.0,4,D,1.0,1.0,1,D,1,49,70,0.7
SZ0529_1-23_crop_00.jpg,4,D,1,253,0.0,0.0,0,bg,0.0,0.0,0,,0,0,0,0.0
SZ0529_1-27_crop_00.jpg,1,A,1,301,0.7475083056478405,0.7475083056478405,1,A,1.0,1.0,1,A,1,225,243,0.9259259259259259
SZ0529_1-28_crop_01.jpg,1,A,1,203,0.9655172413793104,0.9655172413793104,1,A,1.0,1.0,1,A,1,196,227,0.8634361233480177
SZ0529_1-30_crop_01.jpg,4,D,1,113,0.0,0.0,0,bg,0.0,0.0,0,,0,0,0,0.0
SZ0529_1-3_crop_00.jpg,1,A,1,223,0.7174887892376681,0.7174887892376681,1,A,1.0,1.0,1,A,1,160,206,0.7766990291262136
SZ0529_1-3_crop_00.jpg,1,A,2,74,0.0,0.0,0,bg,0.0,0.0,0,,0,0,0,0.0
SZ0529_1-8_crop_01.jpg,1,A,1,160,0.0,0.0,0,bg,0.0,0.0,0,,0,0,0,0.0
SZ0529_1-8_crop_01.jpg,1,A,2,174,0.8563218390804598,0.8563218390804598,1,A,1.0,1.0,1,A,1,149,170,0.8764705882352941
SZ0529_2-12_crop_00.jpg,1,A,1,150,0.94,0.94,1,A,1.0,1.0,1,A,2,141,198,0.7121212121212122
SZ0529_2-15_crop_01.jpg,1,A,1,193,0.0,0.0,0,bg,0.0,0.0,0,,0,0,0,0.0
SZ0529_2-24_crop_00.jpg,1,A,1,251,0.8207171314741036,0.8207171314741036,1,A,1.0,1.0,1,A,1,206,220,0.9363636363636364
SZ0529_2-24_crop_02.jpg,1,A,1,199,0.8241206030150754,0.8241206030150754,1,A,1.0,1.0,1,A,1,164,174,0.9425287356321839
SZ0529_2-4_crop_02.jpg,4,D,1,113,0.0,0.0,0,bg,0.0,0.0,0,,0,0,0,0.0
SZ0529_2-5_crop_00.jpg,4,D,1,294,0.0,0.0,0,bg,0.0,0.0,0,,0,0,0,0.0
SZ0529_2-5_crop_00.jpg,4,D,2,81,0.7037037037037037,0.7037037037037037,4,D,1.0,1.0,1,D,1,57,57,1.0
SZ0529_3-13_crop_00.jpg,1,A,1,175,0.8514285714285714,0.8514285714285714,1,A,1.0,1.0,1,A,1,149,190,0.7842105263157895
SZ0529_4-12_crop_00.jpg,1,A,1,557,0.8491921005385996,0.8491921005385996,1,A,1.0,1.0,1,A,1,473,505,0.9366336633663367
SZ0529_4-16_crop_00.jpg,1,A,1,60,0.0,0.0,0,bg,0.0,0.0,0,,0,0,0,0.0
SZ0529_4-16_crop_00.jpg,1,A,2,119,0.05042016806722689,0.05042016806722689,1,A,1.0,1.0,1,A,1,6,6,1.0
SZ0529_4-16_crop_00.jpg,1,A,3,146,0.7671232876712328,0.7671232876712328,1,A,1.0,1.0,1,A,3,112,489,0.22903885480572597
SZ0529_4-16_crop_00.jpg,1,A,4,74,1.0,1.0,1,A,1.0,1.0,1,A,3,74,489,0.15132924335378323
SZ0529_4-16_crop_00.jpg,1,A,5,101,0.900990099009901,0.900990099009901,1,A,1.0,1.0,1,A,3,91,489,0.18609406952965235
SZ0529_4-19_crop_00.jpg,1,A,1,75,0.0,0.0,0,bg,0.0,0.0,0,,0,0,0,0.0
SZ0529_4-23_crop_00.jpg,1,A,1,495,0.9393939393939394,0.9393939393939394,1,A,1.0,1.0,1,A,1,465,538,0.8643122676579925
SZ0529_4-3_crop_02.jpg,2,B,1,193,0.917098445595855,0.0,1,A,1.0,0.0,1,A,1,177,202,0.8762376237623762
tin436_01-06_crop_00.jpg,1,A,1,508,0.9114173228346457,0.9114173228346457,1,A,1.0,1.0,1,A,3,463,476,0.9726890756302521
tin436_01-06_crop_00.jpg,1,A,2,268,0.835820895522388,0.835820895522388,1,A,1.0,1.0,1,A,4,224,227,0.986784140969163
tin436_01-06_crop_00.jpg,1,A,3,156,0.8974358974358975,0.8974358974358975,1,A,1.0,1.0,1,A,6,140,150,0.9333333333333333
tin436_01-06_crop_00.jpg,1,A,4,328,0.7012195121951219,0.0,6,TIND,0.7608695652173914,0.0,2,TINB/TINC|TIND,7,230,231,0.9956709956709957
tin436_01-06_crop_00.jpg,1,A,5,83,0.6746987951807228,0.6746987951807228,1,A,1.0,1.0,1,A,10,56,60,0.9333333333333333
tin436_01-06_crop_00.jpg,1,A,6,86,0.7441860465116279,0.7441860465116279,1,A,1.0,1.0,1,A,11,64,64,1.0
tin436_01-06_crop_00.jpg,4,D,1,75,0.0,0.0,0,bg,0.0,0.0,0,,0,0,0,0.0
tin436_01-06_crop_00.jpg,5,TINB/TINC,1,1585,0.6302839116719243,0.58801261829653,5,TINB/TINC,0.9329329329329329,0.9329329329329329,2,A|TINB/TINC,1,959,995,0.963819095477387
tin436_01-06_crop_00.jpg,6,TIND,1,65,0.8769230769230769,0.8769230769230769,6,TIND,1.0,1.0,1,TIND,8,57,72,0.7916666666666666
tin436_01-06_crop_00.jpg,6,TIND,2,215,0.6651162790697674,0.6651162790697674,6,TIND,1.0,1.0,1,TIND,9,143,162,0.8827160493827161
tin436_01-06_crop_01.jpg,1,A,1,264,0.9393939393939394,0.9393939393939394,1,A,1.0,1.0,1,A,1,248,259,0.9575289575289575
tin436_01-06_crop_01.jpg,1,A,2,689,0.8737300435413643,0.8737300435413643,1,A,1.0,1.0,1,A,2,602,645,0.9333333333333333
tin436_01-06_crop_01.jpg,1,A,3,95,0.9263157894736842,0.9263157894736842,1,A,1.0,1.0,1,A,5,88,93,0.946236559139785
tin436_01-06_crop_01.jpg,4,D,1,89,0.7640449438202247,0.7640449438202247,4,D,1.0,1.0,1,D,4,68,68,1.0
tin436_01-06_crop_01.jpg,5,TINB/TINC,1,458,0.8318777292576419,0.0,6,TIND,1.0,0.0,1,TIND,6,381,408,0.9338235294117647
tin436_01-06_crop_01.jpg,6,TIND,1,63,0.0,0.0,0,bg,0.0,0.0,0,,0,0,0,0.0
tin436_01-06_crop_01.jpg,6,TIND,2,52,0.5192307692307693,0.5192307692307693,6,TIND,1.0,1.0,1,TIND,3,27,32,0.84375
tin436_01-08_crop_03.jpg,5,TINB/TINC,1,333,0.8198198198198198,0.0,1,A,1.0,0.0,1,A,1,273,287,0.9512195121951219
tin436_02-04_crop_01.jpg,1,A,1,161,0.7639751552795031,0.7639751552795031,1,A,1.0,1.0,1,A,1,123,127,0.968503937007874
tin436_02-04_crop_01.jpg,1,A,2,152,0.8881578947368421,0.8881578947368421,1,A,1.0,1.0,1,A,2,135,166,0.8132530120481928
tin436_02-04_crop_01.jpg,1,A,3,281,0.6690391459074733,0.6690391459074733,1,A,1.0,1.0,1,A,5,188,254,0.7401574803149606
tin436_02-04_crop_01.jpg,1,A,4,87,0.8735632183908046,0.0,6,TIND,0.6710526315789473,0.0,2,TINB/TINC|TIND,7,76,76,1.0
tin436_02-04_crop_01.jpg,1,A,5,88,0.7045454545454546,0.7045454545454546,1,A,1.0,1.0,1,A,8,62,68,0.9117647058823529
tin436_02-04_crop_01.jpg,1,A,6,80,0.6625,0.6625,1,A,1.0,1.0,1,A,9,53,58,0.9137931034482759
tin436_02-04_crop_01.jpg,6,TIND,1,161,0.8385093167701864,0.8385093167701864,6,TIND,1.0,1.0,1,TIND,3,135,153,0.8823529411764706
tin436_02-04_crop_01.jpg,6,TIND,2,158,0.9556962025316456,0.9556962025316456,6,TIND,1.0,1.0,1,TIND,4,151,160,0.94375
tin436_02-04_crop_01.jpg,6,TIND,3,122,0.7704918032786885,0.7704918032786885,6,TIND,1.0,1.0,1,TIND,6,94,106,0.8867924528301887
tin436_02-06_crop_02.jpg,1,A,1,326,0.6901840490797546,0.25766871165644173,5,TINB/TINC,0.6266666666666667,0.37333333333333335,2,A|TINB/TINC,1,225,228,0.9868421052631579
tin436_02-06_crop_02.jpg,6,TIND,1,127,0.0,0.0,0,bg,0.0,0.0,0,,0,0,0,0.0
tin436_02-06_crop_02.jpg,6,TIND,2,32,0.0,0.0,0,bg,0.0,0.0,0,,0,0,0,0.0
tin436_02-09_crop_00.jpg,1,A,1,224,0.7678571428571429,0.7678571428571429,1,A,1.0,1.0,1,A,1,172,196,0.8775510204081632
tin436_02-09_crop_00.jpg,1,A,2,184,0.7445652173913043,0.7445652173913043,1,A,1.0,1.0,1,A,3,137,159,0.8616352201257862
tin436_02-09_crop_00.jpg,1,A,3,235,0.9787234042553191,0.9787234042553191,1,A,1.0,1.0,1,A,4,230,268,0.8582089552238806
tin436_02-09_crop_00.jpg,1,A,4,320,0.825,0.825,1,A,1.0,1.0,1,A,5,264,305,0.8655737704918033
tin436_02-09_crop_00.jpg,1,A,5,154,0.8571428571428571,0.8571428571428571,1,A,1.0,1.0,1,A,6,132,214,0.616822429906542
tin436_02-09_crop_00.jpg,1,A,6,98,0.42857142857142855,0.42857142857142855,1,A,1.0,1.0,1,A,7,42,43,0.9767441860465116
tin436_02-09_crop_00.jpg,1,A,7,933,0.6484458735262594,0.6162915326902465,1,A,0.9504132231404959,0.9504132231404959,1,A,10,596,889,0.6704161979752531
tin436_02-09_crop_00.jpg,1,A,8,160,0.75,0.75,1,A,1.0,1.0,1,A,11,120,132,0.9090909090909091
tin436_02-09_crop_00.jpg,1,A,9,508,0.8385826771653543,0.8385826771653543,1,A,1.0,1.0,1,A,12,426,426,1.0
tin436_02-09_crop_00.jpg,6,TIND,1,145,0.9103448275862069,0.9103448275862069,6,TIND,1.0,1.0,1,TIND,8,132,160,0.825
tin436_02-09_crop_00.jpg,6,TIND,2,89,0.6179775280898876,0.42696629213483145,6,TIND,0.6909090909090909,0.6909090909090909,2,TINB/TINC|TIND,9,55,119,0.46218487394957986
tin436_02-09_crop_00.jpg,6,TIND,3,176,0.7045454545454546,0.14772727272727273,5,TINB/TINC,0.7903225806451613,0.20967741935483872,2,TINB/TINC|TIND,10,124,889,0.13948256467941508
tin436_02-09_crop_00.jpg,6,TIND,4,189,0.9735449735449735,0.9735449735449735,6,TIND,1.0,1.0,1,TIND,13,184,211,0.8720379146919431
tin436_02-09_crop_00.jpg,6,TIND,5,78,0.0,0.0,0,bg,0.0,0.0,0,,0,0,0,0.0
tin436_02-09_crop_00.jpg,6,TIND,6,246,0.8455284552845529,0.8455284552845529,6,TIND,1.0,1.0,1,TIND,14,208,212,0.9811320754716981
tin436_03-03_crop_01.jpg,1,A,1,146,0.8767123287671232,0.8767123287671232,1,A,1.0,1.0,1,A,3,128,141,0.9078014184397163
tin436_03-03_crop_01.jpg,1,A,2,248,0.2782258064516129,0.2782258064516129,1,A,1.0,1.0,1,A,4,69,88,0.7840909090909091
tin436_03-03_crop_01.jpg,1,A,3,889,0.7581552305961755,0.7581552305961755,1,A,1.0,1.0,1,A,5,366,404,0.905940594059406
tin436_03-03_crop_01.jpg,5,TINB/TINC,1,113,0.9026548672566371,0.0,6,TIND,1.0,0.0,1,TIND,1,102,113,0.9026548672566371
tin436_03-03_crop_01.jpg,5,TINB/TINC,2,400,0.88,0.88,5,TINB/TINC,1.0,1.0,1,TINB/TINC,2,352,475,0.7410526315789474
tin436_03-06_crop_00.jpg,1,A,1,515,0.8213592233009709,0.8213592233009709,1,A,1.0,1.0,1,A,2,423,467,0.9057815845824411
tin436_03-06_crop_00.jpg,1,A,2,532,0.9492481203007519,0.9492481203007519,1,A,1.0,1.0,1,A,3,505,592,0.8530405405405406
tin436_03-06_crop_00.jpg,1,A,3,163,0.8773006134969326,0.8773006134969326,1,A,1.0,1.0,1,A,4,143,205,0.697560975609756
tin436_03-06_crop_00.jpg,1,A,4,98,0.9591836734693877,0.9591836734693877,1,A,1.0,1.0,1,A,6,94,111,0.8468468468468469
tin436_03-06_crop_00.jpg,1,A,5,90,0.011111111111111112,0.0,2,B,1.0,0.0,1,B,8,1,223,0.004484304932735426
tin436_03-06_crop_00.jpg,1,A,6,92,0.5760869565217391,0.5760869565217391,1,A,1.0,1.0,1,A,12,53,53,1.0
tin436_03-06_crop_00.jpg,1,A,7,429,0.6666666666666666,0.6666666666666666,1,A,1.0,1.0,1,A,13,286,286,1.0
tin436_03-06_crop_00.jpg,1,A,8,136,0.75,0.75,1,A,1.0,1.0,1,A,14,102,114,0.8947368421052632
tin436_03-06_crop_00.jpg,1,A,9,120,0.7333333333333333,0.7333333333333333,1,A,1.0,1.0,1,A,15,88,111,0.7927927927927928
tin436_03-06_crop_00.jpg,4,D,1,38,0.0,0.0,0,bg,0.0,0.0,0,,0,0,0,0.0
tin436_03-06_crop_00.jpg,5,TINB/TINC,1,212,0.8254716981132075,0.0,2,B,1.0,0.0,1,B,8,175,223,0.7847533632286996
tin436_03-06_crop_00.jpg,5,TINB/TINC,2,197,0.9898477157360406,0.9898477157360406,5,TINB/TINC,1.0,1.0,1,TINB/TINC,9,195,325,0.6
tin436_03-06_crop_00.jpg,6,TIND,1,158,0.9430379746835443,0.9430379746835443,6,TIND,1.0,1.0,1,TIND,1,149,156,0.9551282051282052
tin436_03-06_crop_00.jpg,6,TIND,2,37,1.0,1.0,6,TIND,1.0,1.0,1,TIND,5,37,81,0.4567901234567901
tin436_03-06_crop_00.jpg,6,TIND,3,61,0.5901639344262295,0.4098360655737705,6,TIND,0.6944444444444444,0.6944444444444444,2,TINB/TINC|TIND,7,36,52,0.6923076923076923
tin436_03-06_crop_00.jpg,6,TIND,4,68,0.5441176470588235,0.5441176470588235,6,TIND,1.0,1.0,1,TIND,10,37,37,1.0
tin436_03-06_crop_00.jpg,6,TIND,5,51,0.8823529411764706,0.8823529411764706,6,TIND,1.0,1.0,1,TIND,11,45,77,0.5844155844155844
tin436_04-06_crop_01.jpg,1,A,1,390,0.8538461538461538,0.8538461538461538,1,A,1.0,1.0,1,A,2,333,377,0.883289124668435
tin436_04-06_crop_01.jpg,1,A,2,397,0.8161209068010076,0.8161209068010076,1,A,1.0,1.0,1,A,4,324,685,0.472992700729927
tin436_04-06_crop_01.jpg,1,A,3,324,0.8209876543209876,0.8209876543209876,1,A,1.0,1.0,1,A,4,266,685,0.3883211678832117
tin436_04-06_crop_01.jpg,6,TIND,1,187,0.893048128342246,0.893048128342246,6,TIND,1.0,1.0,1,TIND,5,167,187,0.893048128342246
tin436_04-08_crop_03.jpg,1,A,1,573,0.7068062827225131,0.7068062827225131,1,A,1.0,1.0,1,A,1,405,406,0.9975369458128078
tin436_04-08_crop_03.jpg,1,A,2,156,0.4166666666666667,0.1282051282051282,5,TINB/TINC,0.6923076923076923,0.3076923076923077,2,A|TINB/TINC,2,65,65,1.0
tin436_04-08_crop_03.jpg,1,A,3,6,0.0,0.0,0,bg,0.0,0.0,0,,0,0,0,0.0
tin436_04-08_crop_03.jpg,6,TIND,1,7,0.0,0.0,0,bg,0.0,0.0,0,,0,0,0,0.0
tin436_05-04_crop_00.jpg,1,A,1,419,0.7613365155131265,0.7613365155131265,1,A,1.0,1.0,1,A,1,319,361,0.8836565096952909
tin436_05-04_crop_00.jpg,1,A,2,1066,0.8461538461538461,0.8461538461538461,1,A,1.0,1.0,1,A,2,902,956,0.9435146443514645
tin436_05-04_crop_00.jpg,1,A,3,570,0.9,0.9,1,A,1.0,1.0,1,A,3,513,586,0.8754266211604096
tin436_05-04_crop_00.jpg,1,A,4,522,0.9310344827586207,0.9310344827586207,1,A,1.0,1.0,1,A,5,486,560,0.8678571428571429
tin436_05-04_crop_00.jpg,1,A,5,130,0.5846153846153846,0.5846153846153846,1,A,1.0,1.0,1,A,6,76,76,1.0
tin436_05-04_crop_00.jpg,1,A,6,95,0.0,0.0,0,bg,0.0,0.0,0,,0,0,0,0.0
tin436_05-04_crop_00.jpg,5,TINB/TINC,1,185,0.8594594594594595,0.0,6,TIND,1.0,0.0,1,TIND,7,159,173,0.9190751445086706
tin436_05-04_crop_00.jpg,6,TIND,1,133,0.7142857142857143,0.7142857142857143,6,TIND,1.0,1.0,1,TIND,8,95,167,0.5688622754491018
tin436_05-04_crop_01.jpg,6,TIND,1,342,0.3538011695906433,0.3538011695906433,6,TIND,1.0,1.0,1,TIND,1,121,123,0.983739837398374
tin_0731_01-04_crop_00.jpg,5,TINB/TINC,1,1600,0.59375,0.59375,5,TINB/TINC,1.0,1.0,1,TINB/TINC,2,790,874,0.9038901601830663
tin_0731_01-04_crop_00.jpg,5,TINB/TINC,2,374,0.9251336898395722,0.0,6,TIND,1.0,0.0,1,TIND,6,346,361,0.9584487534626038
tin_0731_01-04_crop_00.jpg,6,TIND,1,300,0.0,0.0,0,bg,0.0,0.0,0,,0,0,0,0.0
tin_0731_01-04_crop_00.jpg,6,TIND,2,602,0.9833887043189369,0.9833887043189369,6,TIND,1.0,1.0,1,TIND,4,592,691,0.8567293777134588
tin_0731_01-04_crop_00.jpg,6,TIND,3,184,0.005434782608695652,0.005434782608695652,6,TIND,1.0,1.0,1,TIND,5,1,1,1.0
tin_0731_01-10_crop_00.jpg,4,D,1,146,0.0,0.0,0,bg,0.0,0.0,0,,0,0,0,0.0
tin_0731_01-10_crop_00.jpg,5,TINB/TINC,1,179,0.9720670391061452,0.9720670391061452,5,TINB/TINC,1.0,1.0,1,TINB/TINC,2,174,1880,0.0925531914893617
tin_0731_01-10_crop_00.jpg,5,TINB/TINC,2,2136,0.6203183520599251,0.6203183520599251,5,TINB/TINC,1.0,1.0,1,TINB/TINC,2,1054,1880,0.5606382978723404
tin_0731_01-10_crop_00.jpg,6,TIND,1,109,0.8165137614678899,0.8165137614678899,6,TIND,1.0,1.0,1,TIND,1,89,93,0.956989247311828
tin_0731_01-10_crop_00.jpg,6,TIND,2,295,0.8915254237288136,0.8915254237288136,6,TIND,1.0,1.0,1,TIND,4,263,315,0.834920634920635
tin_0731_01-10_crop_00.jpg,6,TIND,3,134,0.8283582089552238,0.7835820895522388,6,TIND,0.9459459459459459,0.9459459459459459,2,TINB/TINC|TIND,5,111,147,0.7551020408163265
tin_0731_01-10_crop_00.jpg,6,TIND,4,136,1.0,0.0,5,TINB/TINC,1.0,0.0,1,TINB/TINC,8,136,318,0.4276729559748428
tin_0731_01-19_crop_00.jpg,5,TINB/TINC,1,367,0.779291553133515,0.0,6,TIND,1.0,0.0,1,TIND,2,286,300,0.9533333333333334
tin_0731_01-19_crop_00.jpg,5,TINB/TINC,2,159,0.6477987421383647,0.0,6,TIND,1.0,0.0,1,TIND,3,103,139,0.7410071942446043
tin_0731_01-19_crop_00.jpg,5,TINB/TINC,3,1534,0.6531942633637549,0.09126466753585398,6,TIND,0.8602794411177644,0.13972055888223553,2,TINB/TINC|TIND,4,544,559,0.9731663685152058
tin_0731_01-19_crop_00.jpg,6,TIND,1,125,0.856,0.856,6,TIND,1.0,1.0,1,TIND,1,107,117,0.9145299145299145
tin_0731_01-25_crop_00.jpg,6,TIND,1,290,0.9724137931034482,0.9724137931034482,6,TIND,1.0,1.0,1,TIND,1,282,372,0.7580645161290323
tin_0731_01-25_crop_00.jpg,6,TIND,2,188,0.7393617021276596,0.7393617021276596,6,TIND,1.0,1.0,1,TIND,2,139,164,0.8475609756097561
tin_0731_01-26_crop_00.jpg,5,TINB/TINC,1,2935,0.8320272572402044,0.8320272572402044,5,TINB/TINC,1.0,1.0,1,TINB/TINC,1,2442,3416,0.7148711943793911
tin_0731_01-26_crop_00.jpg,5,TINB/TINC,2,1076,0.46933085501858735,0.39776951672862454,5,TINB/TINC,0.8475247524752475,0.8475247524752475,2,TINB/TINC|TIND,3,361,380,0.95
tin_0731_01-26_crop_00.jpg,5,TINB/TINC,3,2954,0.22004062288422477,0.13777928232904535,5,TINB/TINC,0.6261538461538462,0.6261538461538462,2,TINB/TINC|TIND,7,407,465,0.875268817204301
tin_0731_01-26_crop_00.jpg,5,TINB/TINC,4,2904,0.7789256198347108,0.753099173553719,5,TINB/TINC,0.96684350132626,0.96684350132626,1,TINB/TINC,9,1162,1211,0.9595375722543352
tin_0731_01-26_crop_00.jpg,6,TIND,1,288,0.9166666666666666,0.9166666666666666,6,TIND,1.0,1.0,1,TIND,11,264,315,0.8380952380952381
tin_0731_01-27_crop_00.jpg,5,TINB/TINC,1,1212,0.8506600660066007,0.8506600660066007,5,TINB/TINC,1.0,1.0,1,TINB/TINC,3,1031,1239,0.8321226795803067
tin_0731_01-27_crop_00.jpg,5,TINB/TINC,2,1618,0.44746600741656367,0.002472187886279357,6,TIND,0.994475138121547,0.0055248618784530384,1,TIND,6,699,760,0.9197368421052632
tin_0731_01-27_crop_00.jpg,5,TINB/TINC,3,1735,0.3043227665706052,0.3043227665706052,5,TINB/TINC,1.0,1.0,1,TINB/TINC,7,528,530,0.9962264150943396
tin_0731_01-27_crop_00.jpg,6,TIND,1,146,0.9041095890410958,0.0,5,TINB/TINC,1.0,0.0,1,TINB/TINC,1,132,638,0.20689655172413793
tin_0731_01-27_crop_00.jpg,6,TIND,2,448,1.0,1.0,6,TIND,1.0,1.0,1,TIND,2,448,674,0.6646884272997032
tin_0731_01-30_crop_02.jpg,6,TIND,1,248,0.9153225806451613,0.8991935483870968,6,TIND,0.9823788546255506,0.9823788546255506,1,TIND,1,227,390,0.5820512820512821
tin_0731_01-31_crop_00.jpg,4,D,1,113,0.0,0.0,0,bg,0.0,0.0,0,,0,0,0,0.0
tin_0731_01-31_crop_00.jpg,6,TIND,1,532,0.7387218045112782,0.7387218045112782,6,TIND,1.0,1.0,1,TIND,1,393,454,0.8656387665198237
tin_0731_01-31_crop_00.jpg,6,TIND,2,484,0.9628099173553719,0.9628099173553719,6,TIND,1.0,1.0,1,TIND,2,466,635,0.7338582677165354
tin_0731_01-31_crop_00.jpg,6,TIND,3,269,0.9144981412639405,0.8698884758364313,6,TIND,0.9512195121951219,0.9512195121951219,1,TIND,4,246,427,0.5761124121779859
tin_0731_01-32_crop_00.jpg,4,D,1,81,0.0,0.0,0,bg,0.0,0.0,0,,0,0,0,0.0
tin_0731_02-04_crop_00.jpg,5,TINB/TINC,1,2514,0.7573587907716786,0.7573587907716786,5,TINB/TINC,1.0,1.0,1,TINB/TINC,1,1904,2237,0.8511399195350916
tin_0731_02-05_crop_01.jpg,5,TINB/TINC,1,806,0.924317617866005,0.924317617866005,5,TINB/TINC,1.0,1.0,1,TINB/TINC,3,745,825,0.9030303030303031
tin_0731_02-05_crop_01.jpg,5,TINB/TINC,2,2387,0.2191034771679933,0.1692501047339757,5,TINB/TINC,0.7724665391969407,0.7724665391969407,2,TINB/TINC|TIND,4,265,378,0.701058201058201
tin_0731_02-05_crop_01.jpg,6,TIND,1,155,0.8064516129032258,0.8064516129032258,6,TIND,1.0,1.0,1,TIND,1,125,132,0.946969696969697
tin_0731_02-05_crop_01.jpg,6,TIND,2,85,0.5294117647058824,0.5294117647058824,6,TIND,1.0,1.0,1,TIND,2,45,60,0.75
tin_0731_02-05_crop_01.jpg,6,TIND,3,139,0.5467625899280576,0.34532374100719426,6,TIND,0.631578947368421,0.631578947368421,2,TINB/TINC|TIND,7,76,76,1.0
tin_0731_02-12_crop_00.jpg,6,TIND,1,147,0.7959183673469388,0.7959183673469388,6,TIND,1.0,1.0,1,TIND,1,117,132,0.8863636363636364
tin_0731_02-12_crop_00.jpg,6,TIND,2,142,0.8450704225352113,0.8450704225352113,6,TIND,1.0,1.0,1,TIND,2,120,143,0.8391608391608392
tin_0731_02-16_crop_01.jpg,6,TIND,1,564,0.7783687943262412,0.7783687943262412,6,TIND,1.0,1.0,1,TIND,1,439,508,0.8641732283464567
tin_0731_02-23_crop_00.jpg,5,TINB/TINC,1,1024,0.4404296875,0.05078125,6,TIND,0.88470066518847,0.11529933481152993,2,TINB/TINC|TIND,2,274,297,0.9225589225589226
tin_0731_02-23_crop_00.jpg,6,TIND,1,489,0.8752556237218814,0.8752556237218814,6,TIND,1.0,1.0,1,TIND,4,428,446,0.9596412556053812
tin_0731_02-25_crop_01.jpg,6,TIND,1,557,0.9281867145421903,0.9281867145421903,6,TIND,1.0,1.0,1,TIND,1,517,521,0.9923224568138196
tin_0731_02-27_crop_02.jpg,5,TINB/TINC,1,1062,0.5546139359698682,0.0,6,TIND,1.0,0.0,1,TIND,1,387,392,0.9872448979591837
tin_0731_02-28_crop_02.jpg,6,TIND,1,296,0.7905405405405406,0.7905405405405406,6,TIND,1.0,1.0,1,TIND,1,234,273,0.8571428571428571
tin_0731_02-28_crop_02.jpg,6,TIND,2,408,0.8725490196078431,0.8725490196078431,6,TIND,1.0,1.0,1,TIND,2,356,405,0.8790123456790123
tin_0731_03-03_crop_01.jpg,5,TINB/TINC,1,1638,0.7796092796092796,0.7796092796092796,5,TINB/TINC,1.0,1.0,1,TINB/TINC,2,851,1041,0.8174831892411143
tin_0731_03-08_crop_00.jpg,5,TINB/TINC,1,700,0.9442857142857143,0.9442857142857143,5,TINB/TINC,1.0,1.0,1,TINB/TINC,1,661,834,0.7925659472422062
tin_0731_03-08_crop_00.jpg,5,TINB/TINC,2,3453,0.5997683174051549,0.5997683174051549,5,TINB/TINC,1.0,1.0,1,TINB/TINC,2,1459,1589,0.9181875393329137
tin_0731_03-09_crop_01.jpg,5,TINB/TINC,1,2625,0.5158095238095238,0.5158095238095238,5,TINB/TINC,1.0,1.0,1,TINB/TINC,1,964,1004,0.9601593625498008
tin_0731_03-13_crop_02.jpg,5,TINB/TINC,1,4230,0.5437352245862884,0.5319148936170213,5,TINB/TINC,0.9782608695652174,0.9782608695652174,1,TINB/TINC,1,1381,1974,0.6995947315096251
tin_0731_03-13_crop_02.jpg,6,TIND,1,172,0.9069767441860465,0.9069767441860465,6,TIND,1.0,1.0,1,TIND,2,156,173,0.9017341040462428
tin_0731_03-27_crop_02.jpg,6,TIND,1,218,0.8532110091743119,0.8532110091743119,6,TIND,1.0,1.0,1,TIND,1,186,217,0.8571428571428571
tin_0731_03-29_crop_03.jpg,6,TIND,1,145,0.9448275862068966,0.9448275862068966,6,TIND,1.0,1.0,1,TIND,2,137,145,0.9448275862068966
tin_0731_04-02_crop_00.jpg,6,TIND,1,919,0.8052230685527747,0.8052230685527747,6,TIND,1.0,1.0,1,TIND,5,740,744,0.9946236559139785
tin_0731_04-02_crop_01.jpg,5,TINB/TINC,1,677,0.25406203840472674,0.0,6,TIND,1.0,0.0,1,TIND,1,113,114,0.9912280701754386
tin_0731_04-08_crop_02.jpg,5,TINB/TINC,1,1147,0.7611159546643418,0.7611159546643418,5,TINB/TINC,1.0,1.0,1,TINB/TINC,2,770,859,0.8963911525029103
tin_0731_04-10_crop_01.jpg,5,TINB/TINC,1,1356,0.9351032448377581,0.0,6,TIND,1.0,0.0,1,TIND,1,1268,1395,0.9089605734767026
tin_0731_04-10_crop_02.jpg,6,TIND,1,484,0.8739669421487604,0.8739669421487604,6,TIND,1.0,1.0,1,TIND,1,423,427,0.990632318501171
tin_0731_04-17_crop_00.jpg,5,TINB/TINC,1,1893,0.44585314315900687,0.44585314315900687,5,TINB/TINC,1.0,1.0,1,TINB/TINC,1,844,844,1.0
tin_0731_04-17_crop_00.jpg,5,TINB/TINC,2,328,0.9146341463414634,0.0,6,TIND,1.0,0.0,1,TIND,3,300,427,0.702576112412178
tin_0731_04-17_crop_00.jpg,6,TIND,1,355,0.9352112676056338,0.9352112676056338,6,TIND,1.0,1.0,1,TIND,2,332,355,0.9352112676056338
tin_0731_04-17_crop_00.jpg,6,TIND,2,67,0.7761194029850746,0.7761194029850746,6,TIND,1.0,1.0,1,TIND,3,52,427,0.12177985948477751
tin_0731_04-22_crop_03.jpg,5,TINB/TINC,1,2238,0.5290437890974083,0.3194816800714924,5,TINB/TINC,0.6038851351351351,0.6038851351351351,2,TINB/TINC|TIND,1,699,718,0.9735376044568245
tin_0731_04-25_crop_02.jpg,5,TINB/TINC,1,292,0.8082191780821918,0.0,6,TIND,1.0,0.0,1,TIND,2,236,254,0.9291338582677166
tin_0731_04-29_crop_01.jpg,5,TINB/TINC,1,398,0.8015075376884422,0.3592964824120603,6,TIND,0.5517241379310345,0.4482758620689655,2,TINB/TINC|TIND,1,319,331,0.9637462235649547
tin_0731_04-29_crop_01.jpg,5,TINB/TINC,2,2662,0.5931630353117956,0.5334335086401202,5,TINB/TINC,0.8993033565547816,0.8993033565547816,2,TINB/TINC|TIND,2,1257,1364,0.9215542521994134
tin_0731_04-30_crop_00.jpg,6,TIND,1,389,0.7892030848329049,0.7892030848329049,6,TIND,1.0,1.0,1,TIND,1,307,326,0.941717791411043
tin_0731_05-01_crop_01.jpg,5,TINB/TINC,1,2329,0.5118076427651352,0.44826105624731644,5,TINB/TINC,0.8758389261744967,0.8758389261744967,2,TINB/TINC|TIND,6,1029,1104,0.9320652173913043
tin_0731_05-01_crop_01.jpg,6,TIND,1,424,0.9457547169811321,0.9457547169811321,6,TIND,1.0,1.0,1,TIND,1,401,417,0.9616306954436451
tin_0731_05-01_crop_01.jpg,6,TIND,2,284,0.9753521126760564,0.9753521126760564,6,TIND,1.0,1.0,1,TIND,2,277,391,0.7084398976982097
tin_0731_05-05_crop_00.jpg,6,TIND,1,126,0.9603174603174603,0.9603174603174603,6,TIND,1.0,1.0,1,TIND,2,121,143,0.8461538461538461
tin_0731_05-05_crop_00.jpg,6,TIND,2,252,0.9642857142857143,0.9642857142857143,6,TIND,1.0,1.0,1,TIND,3,243,304,0.7993421052631579
tin_0731_05-05_crop_01.jpg,5,TINB/TINC,1,962,0.5426195426195426,0.10083160083160084,6,TIND,0.814176245210728,0.18582375478927204,2,TINB/TINC|TIND,6,340,412,0.8252427184466019
tin_0731_05-05_crop_01.jpg,6,TIND,1,229,0.9737991266375546,0.9737991266375546,6,TIND,1.0,1.0,1,TIND,1,223,284,0.7852112676056338
tin_0731_05-05_crop_01.jpg,6,TIND,2,514,0.9649805447470817,0.9649805447470817,6,TIND,1.0,1.0,1,TIND,2,496,534,0.9288389513108615
tin_0731_05-05_crop_01.jpg,6,TIND,3,157,0.9299363057324841,0.9299363057324841,6,TIND,1.0,1.0,1,TIND,3,146,161,0.906832298136646
tin_0731_05-07_crop_01.jpg,6,TIND,1,207,0.8260869565217391,0.8260869565217391,6,TIND,1.0,1.0,1,TIND,2,171,183,0.9344262295081968
tin_0731_05-07_crop_01.jpg,6,TIND,2,114,0.9122807017543859,0.8333333333333334,6,TIND,0.9134615384615384,0.9134615384615384,2,TINB/TINC|TIND,3,104,114,0.9122807017543859
tin_0731_05-09_crop_01.jpg,6,TIND,1,140,0.9857142857142858,0.9857142857142858,6,TIND,1.0,1.0,1,TIND,1,138,186,0.7419354838709677
tin_0731_05-09_crop_02.jpg,6,TIND,1,120,0.9,0.9,6,TIND,1.0,1.0,1,TIND,1,108,116,0.9310344827586207
tin_0731_05-10_crop_01.jpg,5,TINB/TINC,1,321,0.9532710280373832,0.9532710280373832,5,TINB/TINC,1.0,1.0,1,TINB/TINC,1,306,341,0.8973607038123167
tin_0731_05-10_crop_01.jpg,6,TIND,1,411,0.975669099756691,0.975669099756691,6,TIND,1.0,1.0,1,TIND,2,401,422,0.9502369668246445
tin_0731_05-10_crop_01.jpg,6,TIND,2,283,0.9540636042402827,0.9540636042402827,6,TIND,1.0,1.0,1,TIND,3,270,285,0.9473684210526315
tin_0731_05-11_crop_00.jpg,5,TINB/TINC,1,3170,0.6624605678233438,0.6624605678233438,5,TINB/TINC,1.0,1.0,1,TINB/TINC,1,1096,1138,0.9630931458699473
tin_0731_05-11_crop_00.jpg,6,TIND,1,106,0.9716981132075472,0.9716981132075472,6,TIND,1.0,1.0,1,TIND,3,103,134,0.7686567164179104
tin_0731_05-13_crop_01.jpg,5,TINB/TINC,1,889,0.7266591676040495,0.7266591676040495,5,TINB/TINC,1.0,1.0,1,TINB/TINC,1,633,789,0.8022813688212928
tin_0731_05-20_crop_00.jpg,5,TINB/TINC,1,2656,0.7243975903614458,0.7243975903614458,5,TINB/TINC,1.0,1.0,1,TINB/TINC,2,1385,1516,0.9135883905013192
tin_0731_05-20_crop_00.jpg,6,TIND,1,293,0.9658703071672355,0.9658703071672355,6,TIND,1.0,1.0,1,TIND,3,283,350,0.8085714285714286
tin_0731_05-20_crop_00.jpg,6,TIND,2,79,0.0,0.0,0,bg,0.0,0.0,0,,0,0,0,0.0
tin_0731_05-20_crop_00.jpg,6,TIND,3,238,0.9831932773109243,0.0,5,TINB/TINC,1.0,0.0,1,TINB/TINC,5,234,299,0.782608695652174
tin_0731_05-20_crop_00.jpg,6,TIND,4,118,0.9067796610169492,0.9067796610169492,6,TIND,1.0,1.0,1,TIND,7,107,145,0.7379310344827587
tin_0731_05-20_crop_00.jpg,6,TIND,5,137,0.9781021897810219,0.9562043795620438,6,TIND,0.9776119402985075,0.9776119402985075,1,TIND,8,134,194,0.6907216494845361
tin_0731_05-20_crop_00.jpg,6,TIND,6,71,0.9859154929577465,0.9859154929577465,6,TIND,1.0,1.0,1,TIND,9,70,110,0.6363636363636364
tin_0731_05-22_crop_01.jpg,6,TIND,1,356,0.8848314606741573,0.8848314606741573,6,TIND,1.0,1.0,1,TIND,2,315,373,0.8445040214477212
tin_0731_05-22_crop_01.jpg,6,TIND,2,202,0.9900990099009901,0.801980198019802,6,TIND,0.81,0.81,2,TINB/TINC|TIND,3,200,294,0.6802721088435374
tin_0731_05-22_crop_01.jpg,6,TIND,3,303,0.976897689768977,0.0,5,TINB/TINC,1.0,0.0,1,TINB/TINC,4,296,569,0.5202108963093146
tin_0731_05-22_crop_01.jpg,6,TIND,4,280,0.8892857142857142,0.0,5,TINB/TINC,1.0,0.0,1,TINB/TINC,5,249,616,0.4042207792207792
tin_0731_05-23_crop_00.jpg,5,TINB/TINC,1,396,0.9621212121212122,0.2702020202020202,6,TIND,0.7191601049868767,0.28083989501312334,2,TINB/TINC|TIND,1,381,526,0.7243346007604563
tin_0731_05-23_crop_00.jpg,5,TINB/TINC,2,576,0.9288194444444444,0.9288194444444444,5,TINB/TINC,1.0,1.0,1,TINB/TINC,4,535,1056,0.5066287878787878
tin_0731_05-23_crop_00.jpg,6,TIND,1,256,0.97265625,0.97265625,6,TIND,1.0,1.0,1,TIND,3,249,420,0.5928571428571429
tin_0731_05-25_crop_00.jpg,5,TINB/TINC,1,149,0.9261744966442953,0.9261744966442953,5,TINB/TINC,1.0,1.0,1,TINB/TINC,1,138,173,0.7976878612716763
tin_0731_05-25_crop_00.jpg,6,TIND,1,316,0.9841772151898734,0.9841772151898734,6,TIND,1.0,1.0,1,TIND,2,311,442,0.7036199095022625
tin_0731_05-25_crop_00.jpg,6,TIND,2,89,0.9101123595505618,0.9101123595505618,6,TIND,1.0,1.0,1,TIND,3,81,276,0.29347826086956524
tin_0731_05-25_crop_00.jpg,6,TIND,3,104,0.8846153846153846,0.8846153846153846,6,TIND,1.0,1.0,1,TIND,3,92,276,0.3333333333333333
tin_0731_05-25_crop_00.jpg,6,TIND,4,75,0.92,0.92,6,TIND,1.0,1.0,1,TIND,4,69,89,0.7752808988764045
tin_0731_05-25_crop_00.jpg,6,TIND,5,584,0.9914383561643836,0.1232876712328767,5,TINB/TINC,0.8756476683937824,0.12435233160621761,2,TINB/TINC|TIND,5,579,1029,0.5626822157434402
tin_0731_05-25_crop_00.jpg,6,TIND,6,94,0.9574468085106383,0.9574468085106383,6,TIND,1.0,1.0,1,TIND,7,90,113,0.7964601769911505
tin_0731_05-31_crop_01.jpg,6,TIND,1,187,0.9786096256684492,0.9786096256684492,6,TIND,1.0,1.0,1,TIND,2,183,233,0.7854077253218884
tin_0731_06-01_crop_01.jpg,6,TIND,1,193,0.9015544041450777,0.9015544041450777,6,TIND,1.0,1.0,1,TIND,1,174,197,0.883248730964467
tin_0731_06-03_crop_00.jpg,5,TINB/TINC,1,3850,0.2888311688311688,0.17974025974025973,5,TINB/TINC,0.6223021582733813,0.6223021582733813,2,TINB/TINC|TIND,3,692,739,0.9364005412719891
tin_0731_06-03_crop_00.jpg,6,TIND,1,769,0.6098829648894668,0.6098829648894668,6,TIND,1.0,1.0,1,TIND,1,469,510,0.9196078431372549
tin_0731_06-05_crop_01.jpg,5,TINB/TINC,1,277,0.9711191335740073,0.9711191335740073,5,TINB/TINC,1.0,1.0,1,TINB/TINC,2,269,392,0.6862244897959183
tin_0731_06-05_crop_01.jpg,5,TINB/TINC,2,7154,0.6829745596868885,0.6829745596868885,5,TINB/TINC,1.0,1.0,1,TINB/TINC,4,4398,5220,0.8425287356321839
tin_0731_06-05_crop_01.jpg,5,TINB/TINC,3,1322,0.8645990922844176,0.8645990922844176,5,TINB/TINC,1.0,1.0,1,TINB/TINC,5,1143,1288,0.8874223602484472
tin_0731_06-05_crop_01.jpg,6,TIND,1,93,0.7204301075268817,0.7204301075268817,6,TIND,1.0,1.0,1,TIND,1,67,79,0.8481012658227848
tin_0731_06-08_crop_00.jpg,5,TINB/TINC,1,3285,0.29954337899543376,0.2770167427701674,5,TINB/TINC,0.9247967479674797,0.9247967479674797,2,TINB/TINC|TIND,2,910,940,0.9680851063829787
tin_0731_06-08_crop_00.jpg,5,TINB/TINC,2,8360,0.4534688995215311,0.4534688995215311,5,TINB/TINC,1.0,1.0,1,TINB/TINC,3,3545,4423,0.8014921998643455
tin_0731_06-08_crop_00.jpg,6,TIND,1,90,0.8111111111111111,0.8,6,TIND,0.9863013698630136,0.9863013698630136,1,TIND,5,73,92,0.7934782608695652
tin_0731_06-09_crop_01.jpg,5,TINB/TINC,1,199,0.8140703517587939,0.0,6,TIND,1.0,0.0,1,TIND,2,162,177,0.9152542372881356
tin_0731_06-09_crop_01.jpg,6,TIND,1,134,0.9253731343283582,0.9253731343283582,6,TIND,1.0,1.0,1,TIND,1,124,140,0.8857142857142857
tin_0731_06-10_crop_01.jpg,5,TINB/TINC,1,6884,0.49447995351539803,0.4145845438698431,5,TINB/TINC,0.8384253819036428,0.8384253819036428,2,TINB/TINC|TIND,4,2107,2235,0.9427293064876957
tin_0731_06-16_crop_01.jpg,5,TINB/TINC,1,2848,0.6446629213483146,0.6446629213483146,5,TINB/TINC,1.0,1.0,1,TINB/TINC,3,1192,1398,0.8526466380543634
tin_0731_06-16_crop_01.jpg,5,TINB/TINC,2,287,0.8292682926829268,0.17770034843205576,6,TIND,0.7857142857142857,0.21428571428571427,2,TINB/TINC|TIND,6,238,240,0.9916666666666667
tin_0731_06-16_crop_01.jpg,5,TINB/TINC,3,401,0.06483790523690773,0.0,6,TIND,1.0,0.0,1,TIND,7,26,26,1.0
tin_0731_06-16_crop_01.jpg,6,TIND,1,134,0.5671641791044776,0.5671641791044776,6,TIND,1.0,1.0,1,TIND,5,76,83,0.9156626506024096
tin_0731_06-17_crop_00.jpg,5,TINB/TINC,1,2491,0.6623845845042152,0.6623845845042152,5,TINB/TINC,1.0,1.0,1,TINB/TINC,3,1015,1414,0.7178217821782178
tin_0731_06-19_crop_02.jpg,6,TIND,1,629,0.8744038155802861,0.8744038155802861,6,TIND,1.0,1.0,1,TIND,1,550,606,0.9075907590759076
tin_0731_06-19_crop_02.jpg,6,TIND,2,245,0.6816326530612244,0.6816326530612244,6,TIND,1.0,1.0,1,TIND,2,167,170,0.9823529411764705
tin_0731_06-19_crop_02.jpg,6,TIND,3,454,0.8480176211453745,0.8480176211453745,6,TIND,1.0,1.0,1,TIND,3,385,541,0.711645101663586
tin_0731_06-20_crop_01.jpg,5,TINB/TINC,1,645,0.7844961240310078,0.0,6,TIND,1.0,0.0,1,TIND,1,506,509,0.9941060903732809
tin_0731_06-20_crop_01.jpg,5,TINB/TINC,2,275,0.730909090909091,0.0,6,TIND,1.0,0.0,1,TIND,2,201,201,1.0
tin_0731_06-20_crop_01.jpg,5,TINB/TINC,3,297,0.8013468013468014,0.8013468013468014,5,TINB/TINC,1.0,1.0,1,TINB/TINC,4,238,250,0.952
tin_0731_06-20_crop_01.jpg,6,TIND,1,127,0.4330708661417323,0.4330708661417323,6,TIND,1.0,1.0,1,TIND,3,55,68,0.8088235294117647
tin_0731_06-20_crop_01.jpg,6,TIND,2,264,0.8977272727272727,0.8712121212121212,6,TIND,0.9704641350210971,0.9704641350210971,1,TIND,6,237,252,0.9404761904761905
tin_0731_06-21_crop_01.jpg,5,TINB/TINC,1,1545,0.3896440129449838,0.3093851132686084,5,TINB/TINC,0.7940199335548173,0.7940199335548173,2,TINB/TINC|TIND,1,602,637,0.945054945054945
tin_0731_06-21_crop_01.jpg,5,TINB/TINC,2,283,0.8268551236749117,0.8268551236749117,5,TINB/TINC,1.0,1.0,1,TINB/TINC,2,234,252,0.9285714285714286
tin_0731_06-22_crop_03.jpg,6,TIND,1,195,0.8461538461538461,0.8461538461538461,6,TIND,1.0,1.0,1,TIND,1,165,169,0.9763313609467456
tin_0731_06-24_crop_01.jpg,6,TIND,1,132,0.7954545454545454,0.7954545454545454,6,TIND,1.0,1.0,1,TIND,1,105,115,0.9130434782608695
tin_0731_06-27_crop_01.jpg,5,TINB/TINC,1,986,0.8874239350912779,0.8874239350912779,5,TINB/TINC,1.0,1.0,1,TINB/TINC,1,875,1194,0.7328308207705193
tin_0731_06-27_crop_01.jpg,5,TINB/TINC,2,179,0.7597765363128491,0.0,6,TIND,1.0,0.0,1,TIND,2,136,150,0.9066666666666666
tin_0731_06-27_crop_01.jpg,5,TINB/TINC,3,1206,0.40381426202321724,0.18739635157545606,6,TIND,0.5359342915811088,0.46406570841889117,2,TINB/TINC|TIND,3,438,513,0.8538011695906432
tin_0731_07-01_crop_00.jpg,5,TINB/TINC,1,2391,0.9544123797574237,0.9544123797574237,5,TINB/TINC,1.0,1.0,1,TINB/TINC,1,2282,2527,0.9030470914127424
tin_0731_07-01_crop_00.jpg,6,TIND,1,161,0.8881987577639752,0.8881987577639752,6,TIND,1.0,1.0,1,TIND,2,143,168,0.8511904761904762
tin_0731_07-01_crop_00.jpg,6,TIND,2,167,0.7664670658682635,0.7664670658682635,6,TIND,1.0,1.0,1,TIND,3,128,143,0.8951048951048951
tin_0731_07-01_crop_00.jpg,6,TIND,3,160,0.9125,0.9125,6,TIND,1.0,1.0,1,TIND,4,146,299,0.4882943143812709
tin_0731_07-03_crop_03.jpg,5,TINB/TINC,1,273,0.9487179487179487,0.9487179487179487,5,TINB/TINC,1.0,1.0,1,TINB/TINC,2,259,286,0.9055944055944056
tin_0731_07-05_crop_00.jpg,5,TINB/TINC,1,1896,0.7737341772151899,0.7737341772151899,5,TINB/TINC,1.0,1.0,1,TINB/TINC,2,1305,1449,0.9006211180124224
tin_0731_07-05_crop_00.jpg,6,TIND,1,133,0.0,0.0,0,bg,0.0,0.0,0,,0,0,0,0.0
tin_0731_07-05_crop_00.jpg,6,TIND,2,88,0.9090909090909091,0.0,5,TINB/TINC,1.0,0.0,1,TINB/TINC,3,80,116,0.6896551724137931
tin_0731_07-05_crop_02.jpg,6,TIND,1,105,1.0,1.0,6,TIND,1.0,1.0,1,TIND,1,105,163,0.6441717791411042
tin_0731_07-08_crop_01.jpg,6,TIND,1,135,0.9259259259259259,0.9259259259259259,6,TIND,1.0,1.0,1,TIND,1,125,140,0.8928571428571429
tin_0731_07-10_crop_01.jpg,6,TIND,1,120,0.0,0.0,0,bg,0.0,0.0,0,,0,0,0,0.0
tin_0731_07-12_crop_00.jpg,5,TINB/TINC,1,2088,0.7586206896551724,0.7586206896551724,5,TINB/TINC,1.0,1.0,1,TINB/TINC,3,1303,1618,0.8053152039555006
tin_0731_07-12_crop_00.jpg,5,TINB/TINC,2,3538,0.4629734313171283,0.1619559072922555,6,TIND,0.6501831501831502,0.3498168498168498,2,TINB/TINC|TIND,4,633,637,0.9937205651491365
tin_0731_07-12_crop_00.jpg,5,TINB/TINC,3,3405,0.5803230543318649,0.5803230543318649,5,TINB/TINC,1.0,1.0,1,TINB/TINC,10,1524,1751,0.8703597944031982
tin_0731_07-12_crop_00.jpg,5,TINB/TINC,4,926,0.7937365010799136,0.7937365010799136,5,TINB/TINC,1.0,1.0,1,TINB/TINC,11,735,757,0.9709379128137384
tin_0731_07-12_crop_00.jpg,6,TIND,1,190,0.7210526315789474,0.7210526315789474,6,TIND,1.0,1.0,1,TIND,1,137,140,0.9785714285714285
tin_0731_07-12_crop_00.jpg,6,TIND,2,552,0.9112318840579711,0.9112318840579711,6,TIND,1.0,1.0,1,TIND,5,503,552,0.9112318840579711
tin_0731_07-12_crop_00.jpg,6,TIND,3,161,0.906832298136646,0.906832298136646,6,TIND,1.0,1.0,1,TIND,6,146,178,0.8202247191011236
tin_0731_07-13_crop_00.jpg,6,TIND,1,90,0.9888888888888889,0.9888888888888889,6,TIND,1.0,1.0,1,TIND,1,89,122,0.7295081967213115
tin_0731_07-13_crop_01.jpg,4,D,1,113,0.7256637168141593,0.0,2,B,1.0,0.0,1,B,1,82,98,0.8367346938775511
tin_0731_07-17_crop_00.jpg,5,TINB/TINC,1,4511,0.3147860784748393,0.2773221015295943,5,TINB/TINC,0.8809859154929578,0.8809859154929578,2,TINB/TINC|TIND,3,807,850,0.9494117647058824
tin_0731_07-17_crop_00.jpg,6,TIND,1,140,0.0,0.0,0,bg,0.0,0.0,0,,0,0,0,0.0
tin_0731_07-17_crop_00.jpg,6,TIND,2,354,0.9322033898305084,0.9322033898305084,6,TIND,1.0,1.0,1,TIND,4,330,405,0.8148148148148148
tin_0731_07-19_crop_00.jpg,5,TINB/TINC,1,3160,0.7867088607594936,0.7867088607594936,5,TINB/TINC,1.0,1.0,1,TINB/TINC,4,2486,2714,0.9159911569638909
tin_0731_07-19_crop_00.jpg,5,TINB/TINC,2,1203,0.7797173732335827,0.7797173732335827,5,TINB/TINC,1.0,1.0,1,TINB/TINC,6,470,573,0.8202443280977313
tin_0731_07-19_crop_00.jpg,5,TINB/TINC,3,249,0.9759036144578314,0.9759036144578314,5,TINB/TINC,1.0,1.0,1,TINB/TINC,11,243,726,0.3347107438016529
tin_0731_07-19_crop_00.jpg,6,TIND,1,121,0.8429752066115702,0.8429752066115702,6,TIND,1.0,1.0,1,TIND,1,102,106,0.9622641509433962
tin_0731_07-19_crop_00.jpg,6,TIND,2,234,0.811965811965812,0.811965811965812,6,TIND,1.0,1.0,1,TIND,2,190,224,0.8482142857142857
tin_0731_07-19_crop_00.jpg,6,TIND,3,223,0.9103139013452914,0.9103139013452914,6,TIND,1.0,1.0,1,TIND,3,203,235,0.8638297872340426
tin_0731_07-19_crop_00.jpg,6,TIND,4,200,0.98,0.98,6,TIND,1.0,1.0,1,TIND,5,196,240,0.8166666666666667
tin_0731_07-19_crop_00.jpg,6,TIND,5,165,0.9636363636363636,0.0,5,TINB/TINC,1.0,0.0,1,TINB/TINC,11,159,726,0.2190082644628099
tin_0731_07-22_crop_02.jpg,6,TIND,1,171,0.8654970760233918,0.8654970760233918,6,TIND,1.0,1.0,1,TIND,1,148,163,0.9079754601226994
tin_0731_07-22_crop_03.jpg,6,TIND,1,97,0.8865979381443299,0.8865979381443299,6,TIND,1.0,1.0,1,TIND,1,86,103,0.8349514563106796
tin_0731_07-26_crop_01.jpg,4,D,1,253,0.0,0.0,0,bg,0.0,0.0,0,,0,0,0,0.0
tin_0731_07-26_crop_01.jpg,6,TIND,1,145,0.8344827586206897,0.8344827586206897,6,TIND,1.0,1.0,1,TIND,1,121,127,0.952755905511811
tin_0731_07-26_crop_01.jpg,6,TIND,2,209,0.9952153110047847,0.9952153110047847,6,TIND,1.0,1.0,1,TIND,2,208,279,0.7455197132616488
tin_0731_07-26_crop_01.jpg,6,TIND,3,126,0.7142857142857143,0.7142857142857143,6,TIND,1.0,1.0,1,TIND,3,90,107,0.8411214953271028
tin_0731_07-30_crop_01.jpg,6,TIND,1,410,0.9975609756097561,0.9975609756097561,6,TIND,1.0,1.0,1,TIND,1,409,518,0.7895752895752896
tin_0731_07-30_crop_01.jpg,6,TIND,2,322,0.968944099378882,0.9596273291925466,6,TIND,0.9903846153846154,0.9903846153846154,1,TIND,2,312,352,0.8863636363636364
tin_0731_08-01_crop_00.jpg,5,TINB/TINC,1,622,0.9823151125401929,0.9823151125401929,5,TINB/TINC,1.0,1.0,1,TINB/TINC,1,611,800,0.76375
tin_0731_08-01_crop_00.jpg,6,TIND,1,101,0.8811881188118812,0.8811881188118812,6,TIND,1.0,1.0,1,TIND,2,89,109,0.8165137614678899
tin_0731_08-01_crop_02.jpg,6,TIND,1,400,0.855,0.0,5,TINB/TINC,1.0,0.0,1,TINB/TINC,1,342,342,1.0
tin_0731_08-03_crop_00.jpg,5,TINB/TINC,1,6053,0.6472823393358665,0.29059970262679663,6,TIND,0.5510464522715671,0.4489535477284329,2,TINB/TINC|TIND,2,3381,3399,0.9947043248014121
tin_0731_08-03_crop_00.jpg,5,TINB/TINC,2,2898,0.3278122843340235,0.0,6,TIND,1.0,0.0,1,TIND,6,450,485,0.9278350515463918
tin_0731_08-03_crop_00.jpg,6,TIND,1,65,0.9538461538461539,0.9538461538461539,6,TIND,1.0,1.0,1,TIND,5,62,118,0.5254237288135594
tin_0731_08-03_crop_00.jpg,6,TIND,2,40,0.75,0.75,6,TIND,1.0,1.0,1,TIND,5,30,118,0.2542372881355932
tin_0731_08-14_crop_01.jpg,5,TINB/TINC,1,212,0.8820754716981132,0.8820754716981132,5,TINB/TINC,1.0,1.0,1,TINB/TINC,1,187,193,0.9689119170984456
tin_0731_08-14_crop_01.jpg,5,TINB/TINC,2,2007,0.1474838066766318,0.0,6,TIND,1.0,0.0,1,TIND,3,186,189,0.9841269841269841
tin_0731_08-14_crop_01.jpg,5,TINB/TINC,3,2649,0.5553038882597207,0.5016987542468856,5,TINB/TINC,0.9034670292318151,0.9034670292318151,2,TINB/TINC|TIND,6,782,1066,0.7335834896810507
tin_0731_08-29_crop_00.jpg,5,TINB/TINC,1,7300,0.4301369863013699,0.30273972602739724,5,TINB/TINC,0.7038216560509554,0.7038216560509554,2,TINB/TINC|TIND,8,896,924,0.9696969696969697
tin_0731_08-29_crop_00.jpg,5,TINB/TINC,2,4125,0.09818181818181818,0.003393939393939394,6,TIND,0.9654320987654321,0.0345679012345679,1,TIND,6,264,267,0.9887640449438202
tin_0731_08-29_crop_01.jpg,5,TINB/TINC,1,1949,0.4089276552077989,0.3884043099025141,5,TINB/TINC,0.9498117942283564,0.9498117942283564,2,TINB/TINC|TIND,5,457,467,0.9785867237687366
tin_0731_08-29_crop_01.jpg,6,TIND,1,318,0.9056603773584906,0.9056603773584906,6,TIND,1.0,1.0,1,TIND,1,288,318,0.9056603773584906
tin_0731_08-29_crop_01.jpg,6,TIND,2,239,0.7740585774058577,0.7740585774058577,6,TIND,1.0,1.0,1,TIND,2,185,188,0.9840425531914894
tin_0731_09-02_crop_00.jpg,6,TIND,1,183,0.9890710382513661,0.7759562841530054,6,TIND,0.7845303867403315,0.7845303867403315,2,TINB/TINC|TIND,1,181,245,0.7387755102040816
tin_0731_09-04_crop_01.jpg,6,TIND,1,228,0.9736842105263158,0.9736842105263158,6,TIND,1.0,1.0,1,TIND,1,222,274,0.8102189781021898
tin_0731_09-04_crop_01.jpg,6,TIND,2,185,0.7945945945945946,0.7945945945945946,6,TIND,1.0,1.0,1,TIND,2,147,180,0.8166666666666667
tin_0731_09-04_crop_01.jpg,6,TIND,3,584,0.9691780821917808,0.9691780821917808,6,TIND,1.0,1.0,1,TIND,3,566,623,0.9085072231139647
tin_0731_09-08_crop_00.jpg,6,TIND,1,93,0.5698924731182796,0.5698924731182796,6,TIND,1.0,1.0,1,TIND,1,53,130,0.4076923076923077
tin_0731_09-08_crop_00.jpg,6,TIND,2,93,0.6559139784946236,0.6559139784946236,6,TIND,1.0,1.0,1,TIND,2,61,67,0.9104477611940298
tin_0731_09-08_crop_00.jpg,6,TIND,3,144,0.9930555555555556,0.9930555555555556,6,TIND,1.0,1.0,1,TIND,3,143,184,0.7771739130434783
tin_0731_09-08_crop_00.jpg,6,TIND,4,466,0.9785407725321889,0.9785407725321889,6,TIND,1.0,1.0,1,TIND,5,456,490,0.9306122448979591
tin_0731_09-09_crop_02.jpg,5,TINB/TINC,1,599,0.4023372287145242,0.0,6,TIND,1.0,0.0,1,TIND,1,215,218,0.9862385321100917
tin_0731_09-13_crop_01.jpg,6,TIND,1,294,0.9591836734693877,0.0,5,TINB/TINC,1.0,0.0,1,TINB/TINC,1,282,338,0.834319526627219
tin_0731_09-13_crop_01.jpg,6,TIND,2,375,0.904,0.2,5,TINB/TINC,0.7787610619469026,0.22123893805309736,2,TINB/TINC|TIND,2,339,383,0.8851174934725848
tin_0731_09-14_crop_02.jpg,6,TIND,1,267,0.8876404494382022,0.8876404494382022,6,TIND,1.0,1.0,1,TIND,1,237,274,0.864963503649635
tin_0731_09-18_crop_00.jpg,5,TINB/TINC,1,341,0.9706744868035191,0.9706744868035191,5,TINB/TINC,1.0,1.0,1,TINB/TINC,1,331,372,0.8897849462365591
tin_0731_09-18_crop_00.jpg,5,TINB/TINC,2,215,0.9906976744186047,0.9906976744186047,5,TINB/TINC,1.0,1.0,1,TINB/TINC,3,213,440,0.48409090909090907
tin_0731_09-18_crop_00.jpg,6,TIND,1,205,0.7902439024390244,0.7902439024390244,6,TIND,1.0,1.0,1,TIND,2,162,166,0.9759036144578314
tin_0731_09-18_crop_00.jpg,6,TIND,2,53,0.9245283018867925,0.0,5,TINB/TINC,1.0,0.0,1,TINB/TINC,3,49,440,0.11136363636363636
tin_0731_09-18_crop_00.jpg,6,TIND,3,221,0.8235294117647058,0.8235294117647058,6,TIND,1.0,1.0,1,TIND,4,182,192,0.9479166666666666
tin_0731_09-18_crop_00.jpg,6,TIND,4,231,0.9783549783549783,0.9783549783549783,6,TIND,1.0,1.0,1,TIND,5,226,282,0.8014184397163121
tin_0731_09-18_crop_00.jpg,6,TIND,5,78,1.0,0.0,5,TINB/TINC,1.0,0.0,1,TINB/TINC,6,78,318,0.24528301886792453
tin_0731_09-18_crop_00.jpg,6,TIND,6,321,0.9376947040498442,0.9376947040498442,6,TIND,1.0,1.0,1,TIND,7,301,370,0.8135135135135135
tin_0731_09-18_crop_00.jpg,6,TIND,7,500,0.962,0.0,5,TINB/TINC,1.0,0.0,1,TINB/TINC,8,481,764,0.6295811518324608
tin_0731_09-21_crop_02.jpg,4,D,1,81,0.0,0.0,0,bg,0.0,0.0,0,,0,0,0,0.0
tin_0731_09-21_crop_02.jpg,6,TIND,1,124,0.8064516129032258,0.8064516129032258,6,TIND,1.0,1.0,1,TIND,1,100,108,0.9259259259259259
tin_0731_09-22_crop_00.jpg,5,TINB/TINC,1,424,0.018867924528301886,0.0,6,TIND,1.0,0.0,1,TIND,3,8,9,0.8888888888888888
tin_0731_09-22_crop_00.jpg,5,TINB/TINC,2,158,0.0,0.0,0,bg,0.0,0.0,0,,0,0,0,0.0
tin_0731_09-22_crop_00.jpg,6,TIND,1,275,0.8618181818181818,0.8618181818181818,6,TIND,1.0,1.0,1,TIND,2,237,260,0.9115384615384615
tin_0731_09-22_crop_00.jpg,6,TIND,2,139,0.9712230215827338,0.9712230215827338,6,TIND,1.0,1.0,1,TIND,4,135,167,0.8083832335329342
tin_0731_09-22_crop_00.jpg,6,TIND,3,689,1.0,1.0,6,TIND,1.0,1.0,1,TIND,5,689,899,0.7664071190211346
tin_0731_09-26_crop_00.jpg,6,TIND,1,147,0.1564625850340136,0.1564625850340136,6,TIND,1.0,1.0,1,TIND,1,23,24,0.9583333333333334
tin_0731_09-26_crop_00.jpg,6,TIND,2,127,0.0,0.0,0,bg,0.0,0.0,0,,0,0,0,0.0
tin_0731_09-26_crop_02.jpg,5,TINB/TINC,1,5895,0.4176420695504665,0.35436810856658185,5,TINB/TINC,0.8484971567831032,0.8484971567831032,2,TINB/TINC|TIND,4,1004,1059,0.9480642115203022
tin_0731_09-29_crop_01.jpg,6,TIND,1,326,0.9386503067484663,0.9386503067484663,6,TIND,1.0,1.0,1,TIND,1,306,335,0.9134328358208955
tin_0731_09-31_crop_01.jpg,4,D,1,81,0.0,0.0,0,bg,0.0,0.0,0,,0,0,0,0.0
tin_0731_09-31_crop_01.jpg,5,TINB/TINC,1,1508,0.8090185676392573,0.8090185676392573,5,TINB/TINC,1.0,1.0,1,TINB/TINC,1,1220,1419,0.8597603946441156
tin_0731_09-31_crop_01.jpg,6,TIND,1,164,0.9146341463414634,0.9085365853658537,6,TIND,0.9933333333333333,0.9933333333333333,1,TIND,2,150,620,0.24193548387096775
tin_0731_09-31_crop_01.jpg,6,TIND,2,128,0.90625,0.8515625,6,TIND,0.9396551724137931,0.9396551724137931,2,TINB/TINC|TIND,2,116,620,0.1870967741935484
tin_0731_09-32_crop_00.jpg,5,TINB/TINC,1,1911,0.684981684981685,0.6483516483516484,5,TINB/TINC,0.946524064171123,0.946524064171123,2,TINB/TINC|TIND,4,887,1048,0.8463740458015268
tin_0731_09-32_crop_00.jpg,6,TIND,1,294,0.8537414965986394,0.7006802721088435,6,TIND,0.8207171314741036,0.8207171314741036,2,TINB/TINC|TIND,1,251,558,0.449820788530466
tin_0731_09-32_crop_00.jpg,6,TIND,2,108,0.7037037037037037,0.5925925925925926,6,TIND,0.8421052631578947,0.8421052631578947,2,TINB/TINC|TIND,1,76,558,0.13620071684587814
tin_0731_10-02_crop_00.jpg,5,TINB/TINC,1,601,0.7287853577371048,0.7287853577371048,5,TINB/TINC,1.0,1.0,1,TINB/TINC,1,438,467,0.9379014989293362
tin_0731_10-02_crop_00.jpg,6,TIND,1,83,0.9397590361445783,0.9397590361445783,6,TIND,1.0,1.0,1,TIND,2,78,95,0.8210526315789474
tin_0731_10-04_crop_00.jpg,5,TINB/TINC,1,3037,0.5110306223246625,0.5110306223246625,5,TINB/TINC,1.0,1.0,1,TINB/TINC,6,1139,1497,0.7608550434201736
tin_0731_10-04_crop_00.jpg,6,TIND,1,1025,0.8087804878048781,0.8087804878048781,6,TIND,1.0,1.0,1,TIND,8,829,1057,0.7842951750236519
tin_0731_10-04_crop_00.jpg,6,TIND,2,263,0.6387832699619772,0.6387832699619772,6,TIND,1.0,1.0,1,TIND,8,168,1057,0.15894039735099338
tin_0731_10-05_crop_01.jpg,5,TINB/TINC,1,1598,0.4643304130162703,0.2190237797246558,6,TIND,0.5283018867924528,0.4716981132075472,2,TINB/TINC|TIND,3,277,287,0.9651567944250871
tin_0731_10-05_crop_01.jpg,6,TIND,1,255,0.8666666666666667,0.8666666666666667,6,TIND,1.0,1.0,1,TIND,4,221,235,0.9404255319148936
tin_0731_10-06_crop_00.jpg,5,TINB/TINC,1,1616,0.38985148514851486,0.10581683168316831,6,TIND,0.7285714285714285,0.2714285714285714,2,TINB/TINC|TIND,2,257,257,1.0
tin_0731_10-06_crop_00.jpg,6,TIND,1,595,0.005042016806722689,0.005042016806722689,6,TIND,1.0,1.0,1,TIND,4,3,3,1.0
tin_0731_10-07_crop_01.jpg,6,TIND,1,371,0.954177897574124,0.0,5,TINB/TINC,1.0,0.0,1,TINB/TINC,3,354,1177,0.3007646559048428
tin_0731_10-07_crop_02.jpg,6,TIND,1,293,0.8532423208191127,0.8532423208191127,6,TIND,1.0,1.0,1,TIND,1,250,274,0.9124087591240876
tin_0731_10-07_crop_02.jpg,6,TIND,2,491,0.7291242362525459,0.7291242362525459,6,TIND,1.0,1.0,1,TIND,2,358,364,0.9835164835164835
tin_0731_10-07_crop_02.jpg,6,TIND,3,290,0.8310344827586207,0.8310344827586207,6,TIND,1.0,1.0,1,TIND,3,241,253,0.9525691699604744
tin_0731_10-08_crop_00.jpg,5,TINB/TINC,1,2741,0.11820503465888361,0.0,6,TIND,1.0,0.0,1,TIND,2,136,141,0.9645390070921985
tin_0731_10-08_crop_00.jpg,5,TINB/TINC,2,765,0.865359477124183,0.734640522875817,5,TINB/TINC,0.8489425981873112,0.8489425981873112,2,TINB/TINC|TIND,3,662,718,0.9220055710306406
tin_0731_10-08_crop_00.jpg,6,TIND,1,105,0.0,0.0,0,bg,0.0,0.0,0,,0,0,0,0.0
tin_0731_10-08_crop_00.jpg,6,TIND,2,58,0.0,0.0,0,bg,0.0,0.0,0,,0,0,0,0.0
tin_0731_10-08_crop_00.jpg,6,TIND,3,644,0.8416149068322981,0.8416149068322981,6,TIND,1.0,1.0,1,TIND,5,542,548,0.9890510948905109
tin_0731_10-09_crop_00.jpg,5,TINB/TINC,1,2554,0.7576350822239624,0.7576350822239624,5,TINB/TINC,1.0,1.0,1,TINB/TINC,1,1041,1167,0.8920308483290489
tin_0731_10-09_crop_00.jpg,5,TINB/TINC,2,360,0.9166666666666666,0.0,6,TIND,1.0,0.0,1,TIND,4,330,354,0.9322033898305084
tin_0731_10-09_crop_00.jpg,5,TINB/TINC,3,555,0.9009009009009009,0.9009009009009009,5,TINB/TINC,1.0,1.0,1,TINB/TINC,5,500,527,0.9487666034155597
tin_0731_10-09_crop_01.jpg,5,TINB/TINC,1,2778,0.08171346292296616,0.0,6,TIND,1.0,0.0,1,TIND,1,119,121,0.9834710743801653
tin_0731_10-09_crop_01.jpg,6,TIND,1,650,0.7338461538461538,0.7338461538461538,6,TIND,1.0,1.0,1,TIND,3,477,477,1.0
tin_0731_10-14_crop_00.jpg,5,TINB/TINC,1,773,0.8292367399741267,0.0,6,TIND,1.0,0.0,1,TIND,1,641,652,0.9831288343558282
tin_0731_10-14_crop_00.jpg,6,TIND,1,159,0.0,0.0,0,bg,0.0,0.0,0,,0,0,0,0.0
tin_0731_10-16_crop_00.jpg,5,TINB/TINC,1,721,0.826629680998613,0.826629680998613,5,TINB/TINC,1.0,1.0,1,TINB/TINC,1,596,623,0.956661316211878
tin_0731_10-18_crop_00.jpg,5,TINB/TINC,1,388,0.35051546391752575,0.0,6,TIND,1.0,0.0,1,TIND,3,136,139,0.9784172661870504
tin_0731_10-18_crop_00.jpg,6,TIND,1,211,0.8909952606635071,0.8909952606635071,6,TIND,1.0,1.0,1,TIND,1,188,207,0.9082125603864735
tin_0731_10-18_crop_00.jpg,6,TIND,2,206,0.8689320388349514,0.8689320388349514,6,TIND,1.0,1.0,1,TIND,2,179,184,0.9728260869565217
tin_0731_10-18_crop_01.jpg,6,TIND,1,398,0.864321608040201,0.864321608040201,6,TIND,1.0,1.0,1,TIND,1,344,383,0.8981723237597912
tin_0731_10-18_crop_01.jpg,6,TIND,2,462,0.9090909090909091,0.9090909090909091,6,TIND,1.0,1.0,1,TIND,2,420,446,0.9417040358744395
tin_0731_10-24_crop_02.jpg,5,TINB/TINC,1,2830,0.3325088339222615,0.3325088339222615,5,TINB/TINC,1.0,1.0,1,TINB/TINC,1,702,969,0.7244582043343654
tin_0731_10-24_crop_02.jpg,6,TIND,1,518,0.9498069498069498,0.9498069498069498,6,TIND,1.0,1.0,1,TIND,2,492,527,0.9335863377609108
tin_0731_10-25_crop_02.jpg,5,TINB/TINC,1,3209,0.7469616703022749,0.7469616703022749,5,TINB/TINC,1.0,1.0,1,TINB/TINC,3,2251,2600,0.8657692307692307
tin_0731_10-30_crop_00.jpg,5,TINB/TINC,1,3692,0.19257854821235104,0.004062838569880823,6,TIND,0.9789029535864979,0.02109704641350211,1,TIND,5,263,263,1.0
tin_0731_10-30_crop_00.jpg,6,TIND,1,488,0.8627049180327869,0.8627049180327869,6,TIND,1.0,1.0,1,TIND,4,421,456,0.9232456140350878
tin_0731_10-30_crop_01.jpg,5,TINB/TINC,1,3596,0.5764738598442715,0.5764738598442715,5,TINB/TINC,1.0,1.0,1,TINB/TINC,2,829,972,0.852880658436214
