image,component_id,area_px,eq_diameter_px,eq_diameter_um,gate_strip_coverage,strip_expert_tind_coverage,final_tind_coverage,gate_strip_detected,strip_expert_tind_detected,final_tind_detected
0506tin1_1_30_crop_00.jpg,1,60,8.740387444736633,4.761763079892518,0.8666666666666667,0.8833333333333333,0.8666666666666667,1,1,1
0506tin1_1_30_crop_00.jpg,2,99,11.227230955528665,6.116595424572016,0.7575757575757576,0.797979797979798,0.7676767676767676,1,1,1
0506tin1_1_30_crop_00.jpg,3,157,14.138550439257221,7.702682279307333,0.7961783439490446,0.821656050955414,0.8089171974522293,1,1,1
0506tin1_1_30_crop_00.jpg,4,61,8.812923024107548,4.801280463533791,0.9508196721311475,0.9672131147540983,0.9508196721311475,1,1,1
0506tin1_1_30_crop_00.jpg,5,143,13.493452297211721,7.351232811520945,0.7902097902097902,0.8041958041958042,0.7902097902097902,1,1,1
0506tin1_1_30_crop_00.jpg,6,98,11.170383851240114,6.085625122155614,0.5612244897959183,0.5816326530612245,0.5612244897959183,1,1,1
0506tin1_1_30_crop_00.jpg,7,72,9.574614729634384,5.2162501047048115,0.8472222222222222,0.8611111111111112,0.8333333333333334,1,1,1
0506tin1_1_30_crop_00.jpg,8,39,7.046725639945928,3.839056128642541,0.8717948717948718,0.8717948717948718,0.8717948717948718,1,1,1
0506tin1_1_30_crop_00.jpg,9,112,11.941642642883693,6.5058069118430355,0.8303571428571429,0.8482142857142857,0.8303571428571429,1,1,1
0506tin1_1_30_crop_00.jpg,10,80,10.092530088080641,5.498410391986333,0.7,0.6875,0.675,1,1,1
0506tin1_1_30_crop_00.jpg,11,87,10.524820207108489,5.733922048832704,0.9885057471264368,0.0,0.0,1,0,0
0506tin1_1_33_crop_02.jpg,1,96,11.055812783082736,6.023206804223474,0.6041666666666666,0.6145833333333334,0.6041666666666666,1,1,1
0506tin1_1_35_crop_01.jpg,1,90,10.704744696916627,5.831944910880178,0.8111111111111111,0.8222222222222222,0.8111111111111111,1,1,1
0506tin1_1_35_crop_01.jpg,2,83,10.280023453913834,5.6005567776922565,0.7831325301204819,0.891566265060241,0.8313253012048193,1,1,1
0506tin1_1_37_crop_01.jpg,1,110,11.834540545406394,6.447457689137403,0.9545454545454546,0.0,0.0,1,0,0
0506tin1_1_37_crop_01.jpg,2,157,14.138550439257221,7.702682279307333,0.9299363057324841,0.0,0.0,1,0,0
0506tin1_1_37_crop_01.jpg,3,190,15.553633450087505,8.473619503607672,0.7263157894736842,0.7421052631578947,0.7315789473684211,1,1,1
0506tin1_1_37_crop_01.jpg,4,51,8.058239062071396,4.390128641016496,0.6862745098039216,0.7450980392156863,0.7058823529411765,1,1,1
0506tin1_1_39_crop_01.jpg,1,72,9.574614729634384,5.2162501047048115,0.8472222222222222,0.8888888888888888,0.8472222222222222,1,1,1
0506tin1_1_39_crop_01.jpg,2,37,6.863662517577698,3.7393233395763295,0.8648648648648649,0.8648648648648649,0.8648648648648649,1,1,1
0506tin1_1_39_crop_01.jpg,3,75,9.772050238058398,5.323812969694215,0.7333333333333333,0.7333333333333333,0.7333333333333333,1,1,1
0506tin1_1_39_crop_01.jpg,4,45,7.569397566060481,4.12380779398975,0.8888888888888888,0.8888888888888888,0.8888888888888888,1,1,1
0506tin1_1_39_crop_01.jpg,5,85,10.403141895720198,5.667631704788364,0.8588235294117647,0.8588235294117647,0.8470588235294118,1,1,1
0506tin1_1_40_crop_01.jpg,1,96,11.055812783082736,6.023206804223474,0.8541666666666666,0.0,0.0,1,0,0
0506tin1_1_40_crop_01.jpg,2,109,11.780624362746345,6.418084152824208,0.944954128440367,0.7981651376146789,0.7981651376146789,1,1,1
0506tin1_1_40_crop_01.jpg,3,281,18.91508160359296,10.304936457637444,0.9857651245551602,0.9893238434163701,0.9857651245551602,1,1,1
0506tin1_1_40_crop_01.jpg,4,44,7.48482063701911,4.077730283048011,0.6818181818181818,0.7045454545454546,0.6818181818181818,1,1,1
0506tin1_1_40_crop_01.jpg,5,59,8.667244841319219,4.72191498955071,0.6779661016949152,0.6949152542372882,0.6949152542372882,1,1,1
0506tin1_1_40_crop_01.jpg,6,136,13.159049284959082,7.169050050445707,0.7205882352941176,0.7573529411764706,0.7279411764705882,1,1,1
0506tin1_1_40_crop_01.jpg,7,26,5.753627391751592,3.134576203026267,0.8076923076923077,0.8461538461538461,0.8076923076923077,1,1,1
0506tin1_1_40_crop_01.jpg,8,172,14.798554040663838,8.062252241353658,0.9186046511627907,0.9651162790697675,0.9302325581395349,1,1,1
0506tin1_1_40_crop_01.jpg,9,101,11.340070282773887,6.178070290055213,0.8613861386138614,0.8415841584158416,0.8415841584158416,1,1,1
0506tin1_1_40_crop_01.jpg,10,90,10.704744696916627,5.831944910880178,0.8555555555555555,0.9111111111111111,0.8666666666666667,1,1,1
0506tin1_1_40_crop_01.jpg,11,100,11.283791670955125,6.147409702336351,0.68,0.73,0.71,1,1,1
0506tin1_1_45_crop_01.jpg,1,68,9.304852983362556,5.06928390533592,0.6029411764705882,0.6764705882352942,0.6470588235294118,1,1,1
0506tin1_1_45_crop_01.jpg,2,107,11.67204486311899,6.358930041427225,0.7570093457943925,0.8411214953271028,0.8037383177570093,1,1,1
0506tin1_1_46_crop_02.jpg,1,339,20.775663783985824,11.318581629515476,0.9557522123893806,0.9705014749262537,0.9616519174041298,1,1,1
0506tin1_1_46_crop_02.jpg,2,65,9.09728368293446,4.956200150462694,0.38461538461538464,0.4,0.38461538461538464,1,1,1
0506tin1_1_46_crop_02.jpg,3,131,12.914889870235298,7.036032001304189,0.7022900763358778,0.7175572519083969,0.7022900763358778,1,1,1
0506tin1_1_47_crop_03.jpg,1,65,9.09728368293446,4.956200150462694,0.0,0.0,0.0,0,0,0
0506tin1_1_49_crop_00.jpg,1,135,13.110581167104948,7.142644619838776,0.9777777777777777,0.9925925925925926,0.9851851851851852,1,1,1
0506tin1_1_49_crop_00.jpg,2,93,10.881694613449236,5.928347225407143,0.967741935483871,0.978494623655914,0.967741935483871,1,1,1
0506tin1_1_49_crop_00.jpg,3,176,14.96964127403822,8.155460566096021,0.9715909090909091,0.9886363636363636,0.9715909090909091,1,1,1
0506tin1_1_49_crop_00.jpg,4,31,6.282549314314218,3.4227328664383854,0.7419354838709677,0.8387096774193549,0.8064516129032258,1,1,1
0506tin1_1_49_crop_00.jpg,5,217,16.622063085174787,9.055699968803223,0.8018433179723502,0.8525345622119815,0.8341013824884793,1,1,1
0506tin1_1_49_crop_00.jpg,6,182,15.222667215103916,8.293309098788614,0.7307692307692307,0.7417582417582418,0.7307692307692307,1,1,1
0506tin1_1_49_crop_00.jpg,7,58,8.593479713983122,4.681727748178004,0.9482758620689655,0.9482758620689655,0.9482758620689655,1,1,1
0506tin1_1_49_crop_00.jpg,8,126,12.666024736934256,6.900450276681782,0.9682539682539683,0.9761904761904762,0.9682539682539683,1,1,1
0506tin1_1_49_crop_00.jpg,9,112,11.941642642883693,6.5058069118430355,0.625,0.6517857142857143,0.625,1,1,1
0506tin1_1_49_crop_00.jpg,10,77,9.901487006738307,5.394330121271029,0.8961038961038961,0.9090909090909091,0.9090909090909091,1,1,1
0506tin1_1_49_crop_00.jpg,11,55,8.368283871884005,4.559041053402406,0.8545454545454545,0.8909090909090909,0.8545454545454545,1,1,1
0506tin1_1_49_crop_00.jpg,12,182,15.222667215103916,8.293309098788614,0.8901098901098901,0.9230769230769231,0.9010989010989011,1,1,1
0506tin1_1_49_crop_00.jpg,13,109,11.780624362746345,6.418084152824208,0.8256880733944955,0.8623853211009175,0.8256880733944955,1,1,1
0506tin1_1_49_crop_00.jpg,14,71,9.507891862878783,5.17989948689636,0.8028169014084507,0.8450704225352113,0.8028169014084507,1,1,1
0506tin1_1_49_crop_00.jpg,15,176,14.96964127403822,8.155460566096021,0.7329545454545454,0.8125,0.7613636363636364,1,1,1
0506tin1_1_49_crop_00.jpg,16,171,14.755472278097805,8.038781297107684,0.8128654970760234,0.8830409356725146,0.8362573099415205,1,1,1
0506tin1_1_49_crop_00.jpg,17,114,12.047792665040703,6.563637443914175,0.8508771929824561,0.9035087719298246,0.8596491228070176,1,1,1
0506tin1_1_49_crop_00.jpg,18,128,12.766152972845846,6.955000139606416,0.671875,0.78125,0.7109375,1,1,1
0506tin1_1_49_crop_00.jpg,19,215,16.545286401814263,9.01387203170841,0.7767441860465116,0.8790697674418605,0.8325581395348837,1,1,1
0506tin1_1_49_crop_00.jpg,20,144,13.540550005146152,7.376891642803622,0.4791666666666667,0.5833333333333334,0.4930555555555556,1,1,1
0506tin1_1_49_crop_00.jpg,21,198,15.877702285203682,8.650172204978965,0.8636363636363636,0.9191919191919192,0.8787878787878788,1,1,1
0506tin1_1_50_crop_01.jpg,1,29,6.076507779746499,3.3104814384058923,0.9655172413793104,0.9655172413793104,0.9655172413793104,1,1,1
0506tin1_1_50_crop_01.jpg,2,16,4.51351666838205,2.4589638809345407,1.0,0.0,0.0,1,0,0
0506tin1_1_50_crop_01.jpg,3,20,5.046265044040321,2.7492051959931665,0.9,0.0,0.0,1,0,0
0506tin1_1_50_crop_01.jpg,4,109,11.780624362746345,6.418084152824208,0.8990825688073395,0.9174311926605505,0.908256880733945,1,1,1
0506tin1_1_50_crop_03.jpg,1,58,8.593479713983122,4.681727748178004,0.4482758620689655,0.5344827586206896,0.46551724137931033,1,1,1
0506tin1_1_50_crop_03.jpg,2,132,12.964089628857149,7.062836029801374,0.8181818181818182,0.8636363636363636,0.8409090909090909,1,1,1
0506tin1_1_55_crop_02.jpg,1,51,8.058239062071396,4.390128641016496,0.5098039215686274,0.5294117647058824,0.49019607843137253,1,1,1
0506tin1_1_55_crop_02.jpg,2,51,8.058239062071396,4.390128641016496,0.6078431372549019,0.6274509803921569,0.5686274509803921,1,1,1
0506tin1_1_55_crop_02.jpg,3,44,7.48482063701911,4.077730283048011,0.0,0.0,0.0,0,0,0
0506tin1_1_55_crop_02.jpg,4,170,14.712264360219255,8.01524162344745,0.7411764705882353,0.7529411764705882,0.7411764705882353,1,1,1
0506tin1_1_56_crop_02.jpg,1,141,13.398760233979036,7.2996445754717785,0.851063829787234,0.851063829787234,0.851063829787234,1,1,1
0506tin1_1_56_crop_02.jpg,2,131,12.914889870235298,7.036032001304189,0.8396946564885496,0.8549618320610687,0.8473282442748091,1,1,1
0506tin1_1_58_crop_00.jpg,1,61,8.812923024107548,4.801280463533791,0.8360655737704918,0.8688524590163934,0.8524590163934426,1,1,1
0506tin1_1_58_crop_00.jpg,2,47,7.735777827895049,4.214451760637222,0.9148936170212766,0.9148936170212766,0.9148936170212766,1,1,1
0506tin1_1_58_crop_00.jpg,3,62,8.884866446580956,4.840475240097304,0.9838709677419355,0.3064516129032258,0.3064516129032258,1,1,1
0506tin1_1_62_crop_02.jpg,1,95,10.998079684646791,5.991753812195571,0.8,0.8736842105263158,0.8105263157894737,1,1,1
0506tin1_1_64_crop_01.jpg,1,42,7.312732791431452,3.983976824771855,0.7619047619047619,0.8333333333333334,0.7857142857142857,1,1,1
0506tin1_1_64_crop_01.jpg,2,153,13.957279475043833,7.60392585800388,0.7908496732026143,0.8235294117647058,0.7973856209150327,1,1,1
0506tin1_1_65_crop_01.jpg,1,45,7.569397566060481,4.12380779398975,0.37777777777777777,0.4666666666666667,0.4,1,1,1
0506tin1_1_65_crop_01.jpg,2,152,13.911592676604096,7.579035690213911,0.8092105263157895,0.8552631578947368,0.8289473684210527,1,1,1
0506tin1_1_65_crop_01.jpg,3,73,9.640875829802336,5.252349152076312,0.8356164383561644,0.8356164383561644,0.8356164383561644,1,1,1
0506tin1_1_65_crop_01.jpg,4,78,9.965574970333758,5.429245243837831,0.8717948717948718,0.8974358974358975,0.8717948717948718,1,1,1
0506tin1_1_65_crop_01.jpg,5,186,15.389040103942165,8.38394904862769,0.9354838709677419,0.9838709677419355,0.9516129032258065,1,1,1
0506tin1_1_65_crop_01.jpg,6,191,15.594510349620345,8.495889238473163,0.9790575916230366,0.9895287958115183,0.9895287958115183,1,1,1
0506tin1_1_68_crop_01.jpg,1,93,10.881694613449236,5.928347225407143,0.956989247311828,0.989247311827957,0.978494623655914,1,1,1
0506tin1_1_69_crop_02.jpg,1,81,10.155412503859614,5.532668732102717,1.0,0.0,0.0,1,0,0
0506tin1_1_69_crop_02.jpg,2,66,9.166995688475081,4.994179251081224,0.9090909090909091,0.9090909090909091,0.9090909090909091,1,1,1
0506tin1_1_69_crop_02.jpg,3,118,12.257335203001883,6.677796218595425,0.8135593220338984,0.8305084745762712,0.8220338983050848,1,1,1
0506tin1_1_71_crop_01.jpg,1,91,10.764051215546116,5.8642551022295235,0.7912087912087912,0.8021978021978022,0.7912087912087912,1,1,1
0506tin1_1_71_crop_01.jpg,2,105,11.562445770562215,6.299220455802295,0.8666666666666667,0.8761904761904762,0.8571428571428571,1,1,1
0506tin1_1_71_crop_01.jpg,3,31,6.282549314314218,3.4227328664383854,0.0,0.0,0.0,0,0,0
0506tin1_1_71_crop_01.jpg,4,45,7.569397566060481,4.12380779398975,0.0,0.0,0.0,0,0,0
0506tin1_1_71_crop_01.jpg,5,149,13.773623058786647,7.5038698424269645,0.6375838926174496,0.6644295302013423,0.6442953020134228,1,1,1
0506tin2_01-03_crop_01.jpg,1,163,14.406180819073164,7.848487310231059,0.9263803680981595,0.0,0.0,1,0,0
0506tin2_01-10_crop_00.jpg,1,154,14.002817212590296,7.6287348174191925,0.935064935064935,0.948051948051948,0.935064935064935,1,1,1
0506tin2_01-10_crop_00.jpg,2,50,7.978845608028654,4.34687508725401,0.72,0.8,0.76,1,1,1
0506tin2_01-10_crop_00.jpg,3,36,6.770275002573076,3.688445821401811,0.8611111111111112,0.8888888888888888,0.8611111111111112,1,1,1
0506tin2_01-10_crop_00.jpg,4,138,13.255453865237978,7.22157126578165,0.927536231884058,0.9420289855072463,0.9202898550724637,1,1,1
0506tin2_01-10_crop_00.jpg,5,57,8.51907589177983,4.64119254584165,0.9298245614035088,0.8771929824561403,0.8771929824561403,1,1,1
0506tin2_01-10_crop_00.jpg,6,59,8.667244841319219,4.72191498955071,0.9830508474576272,1.0,0.9830508474576272,1,1,1
0506tin2_01-10_crop_00.jpg,7,54,8.291859587312052,4.517405103167605,1.0,1.0,1.0,1,1,1
0506tin2_01-10_crop_00.jpg,8,201,15.99753570059363,8.71545744968341,0.8606965174129353,0.0,0.0,1,0,0
0506tin2_01-10_crop_00.jpg,9,118,12.257335203001883,6.677796218595425,0.8389830508474576,0.847457627118644,0.8305084745762712,1,1,1
0506tin2_01-10_crop_00.jpg,10,64,9.0270333367641,4.917927761869081,0.828125,0.828125,0.8125,1,1,1
0506tin2_01-10_crop_00.jpg,11,42,7.312732791431452,3.983976824771855,0.7619047619047619,0.7619047619047619,0.7619047619047619,1,1,1
0506tin2_01-15_crop_01.jpg,1,289,19.182445840623714,10.450596493971798,0.7231833910034602,0.7681660899653979,0.740484429065744,1,1,1
0506tin2_01-16_crop_00.jpg,1,166,14.538148590038452,7.920383351852948,0.8975903614457831,0.9096385542168675,0.9036144578313253,1,1,1
0506tin2_01-16_crop_00.jpg,2,91,10.764051215546116,5.8642551022295235,0.8351648351648352,0.8461538461538461,0.8351648351648352,1,1,1
0506tin2_01-16_crop_00.jpg,3,83,10.280023453913834,5.6005567776922565,0.7951807228915663,0.8313253012048193,0.7951807228915663,1,1,1
0506tin2_01-16_crop_00.jpg,4,79,10.02925341359355,5.463937259725765,0.3291139240506329,0.6075949367088608,0.45569620253164556,1,1,1
0506tin2_01-16_crop_00.jpg,5,216,16.583719174624104,9.03481020633521,0.9537037037037037,0.9629629629629629,0.9583333333333334,1,1,1
0506tin2_01-16_crop_00.jpg,6,56,8.444016491289505,4.600300184454522,0.23214285714285715,0.5357142857142857,0.35714285714285715,0,1,1
0506tin2_01-16_crop_00.jpg,7,44,7.48482063701911,4.077730283048011,0.8863636363636364,0.8863636363636364,0.8863636363636364,1,1,1
0506tin2_01-16_crop_00.jpg,8,315,20.026743534373637,10.910569877526756,0.9396825396825397,0.9650793650793651,0.946031746031746,1,1,1
0506tin2_01-16_crop_00.jpg,9,276,18.746042631630413,10.212844025712249,0.9927536231884058,0.9963768115942029,0.9963768115942029,1,1,1
0506tin2_01-16_crop_00.jpg,10,155,14.048207338801282,7.6534633581789375,0.8451612903225807,0.6580645161290323,0.6516129032258065,1,1,1
0506tin2_01-16_crop_00.jpg,11,67,9.23618154310838,5.031871704685445,0.7611940298507462,0.7611940298507462,0.746268656716418,1,1,1
0506tin2_01-16_crop_00.jpg,12,132,12.964089628857149,7.062836029801374,0.8484848484848485,0.803030303030303,0.803030303030303,1,1,1
0506tin2_01-16_crop_00.jpg,13,119,12.309163489997376,6.70603226935057,0.9747899159663865,0.7983193277310925,0.7815126050420168,1,1,1
0506tin2_01-16_crop_00.jpg,14,232,17.186959427966244,9.363455496356009,0.9568965517241379,0.9568965517241379,0.9568965517241379,1,1,1
0506tin2_01-16_crop_00.jpg,15,134,13.061933202803933,7.116141208887583,0.9626865671641791,0.9626865671641791,0.9626865671641791,1,1,1
0506tin2_01-16_crop_00.jpg,16,57,8.51907589177983,4.64119254584165,0.9473684210526315,0.8771929824561403,0.8771929824561403,1,1,1
0506tin2_01-16_crop_00.jpg,17,92,10.823032759612019,5.896388247436628,0.8260869565217391,0.8260869565217391,0.8152173913043478,1,1,1
0506tin2_01-16_crop_01.jpg,1,154,14.002817212590296,7.6287348174191925,0.935064935064935,0.948051948051948,0.948051948051948,1,1,1
0506tin2_01-21_crop_02.jpg,1,148,13.727325035155395,7.478646679152659,0.8851351351351351,0.8851351351351351,0.8851351351351351,1,1,1
0506tin2_02-01_crop_01.jpg,1,89,10.645107772184812,5.799454714286285,0.7752808988764045,0.7865168539325843,0.7640449438202247,1,1,1
0506tin2_02-01_crop_01.jpg,2,118,12.257335203001883,6.677796218595425,0.8898305084745762,0.8983050847457628,0.8898305084745762,1,1,1
0506tin2_02-01_crop_01.jpg,3,54,8.291859587312052,4.517405103167605,0.7222222222222222,0.7222222222222222,0.7222222222222222,1,1,1
0506tin2_02-01_crop_01.jpg,4,68,9.304852983362556,5.06928390533592,1.0,0.9411764705882353,0.9264705882352942,1,1,1
0506tin2_02-01_crop_01.jpg,5,73,9.640875829802336,5.252349152076312,0.547945205479452,0.5205479452054794,0.4931506849315068,1,1,1
0506tin2_02-01_crop_01.jpg,6,62,8.884866446580956,4.840475240097304,0.8870967741935484,0.8870967741935484,0.8870967741935484,1,1,1
0506tin2_02-02_crop_00.jpg,1,109,11.780624362746345,6.418084152824208,0.6972477064220184,0.7431192660550459,0.7064220183486238,1,1,1
0506tin2_02-02_crop_00.jpg,2,86,10.464157913908982,5.700873231497613,0.9418604651162791,0.9418604651162791,0.9418604651162791,1,1,1
0506tin2_02-02_crop_00.jpg,3,113,11.994835078277376,6.534786150645513,0.9292035398230089,0.9292035398230089,0.9292035398230089,1,1,1
0506tin2_02-02_crop_00.jpg,4,184,15.306079714651624,8.338752228542203,0.8532608695652174,0.875,0.8641304347826086,1,1,1
0506tin2_02-04_crop_03.jpg,1,65,9.09728368293446,4.956200150462694,0.9384615384615385,0.9538461538461539,0.9384615384615385,1,1,1
0506tin2_02-14_crop_02.jpg,1,84,10.341765891652821,5.634194057772457,0.7976190476190477,0.8214285714285714,0.8095238095238095,1,1,1
0506tin2_02-16_crop_02.jpg,1,69,9.373021315815206,5.106422012856124,0.0,0.0,0.0,0,0,0
0506tin2_02-18_crop_01.jpg,1,68,9.304852983362556,5.06928390533592,0.9852941176470589,0.9852941176470589,0.9852941176470589,1,1,1
0506tin2_02-18_crop_01.jpg,2,258,18.12445316531431,9.874202084463235,0.9534883720930233,0.9573643410852714,0.9534883720930233,1,1,1
0506tin2_02-18_crop_02.jpg,1,48,7.817640190446719,4.259050375755372,0.0,0.0,0.0,0,0,0
0506tin2_02-21_crop_00.jpg,1,353,21.200319792199185,11.549934222790116,0.9405099150141643,0.9490084985835694,0.943342776203966,1,1,1
0506tin2_02-21_crop_01.jpg,1,139,13.303394180365686,7.247689149463225,0.26618705035971224,0.5755395683453237,0.37410071942446044,0,1,1
0506tin2_03-02_crop_02.jpg,1,110,11.834540545406394,6.447457689137403,0.7454545454545455,0.7545454545454545,0.7363636363636363,1,1,1
0506tin2_03-03_crop_02.jpg,1,55,8.368283871884005,4.559041053402406,0.8909090909090909,0.0,0.0,1,0,0
0506tin2_03-03_crop_02.jpg,2,39,7.046725639945928,3.839056128642541,0.9230769230769231,0.0,0.0,1,0,0
0506tin2_03-03_crop_02.jpg,3,70,9.440697438826296,5.143291964672565,0.9714285714285714,0.0,0.0,1,0,0
0506tin2_03-03_crop_02.jpg,4,32,6.383076486422923,3.477500069803208,0.96875,0.96875,0.96875,1,1,1
0506tin2_03-03_crop_02.jpg,5,54,8.291859587312052,4.517405103167605,0.6666666666666666,0.6666666666666666,0.6481481481481481,1,1,1
0506tin2_03-03_crop_02.jpg,6,92,10.823032759612019,5.896388247436628,0.8695652173913043,0.5760869565217391,0.5543478260869565,1,1,1
0506tin2_03-04_crop_01.jpg,1,99,11.227230955528665,6.116595424572016,0.7777777777777778,0.7676767676767676,0.7676767676767676,1,1,1
0506tin2_03-04_crop_01.jpg,2,69,9.373021315815206,5.106422012856124,0.8985507246376812,0.8985507246376812,0.8985507246376812,1,1,1
0506tin2_03-04_crop_01.jpg,3,76,9.83698151873187,5.359187531405122,0.9868421052631579,0.9736842105263158,0.9736842105263158,1,1,1
0506tin2_03-04_crop_01.jpg,4,70,9.440697438826296,5.143291964672565,0.6857142857142857,0.6571428571428571,0.6285714285714286,1,1,1
0506tin2_03-04_crop_01.jpg,5,43,7.399277020331919,4.031126120676829,0.813953488372093,0.813953488372093,0.813953488372093,1,1,1
0506tin2_03-04_crop_01.jpg,6,46,7.653039857325812,4.169376114271102,0.5,0.5869565217391305,0.5,1,1,1
0506tin2_03-04_crop_01.jpg,7,63,8.95623198216277,4.879355183882277,0.0,0.0,0.0,0,0,0
0506tin2_03-04_crop_01.jpg,8,59,8.667244841319219,4.72191498955071,0.8813559322033898,0.8813559322033898,0.8813559322033898,1,1,1
0506tin2_03-04_crop_01.jpg,9,79,10.02925341359355,5.463937259725765,0.8987341772151899,0.9620253164556962,0.9493670886075949,1,1,1
0506tin2_03-07_crop_00.jpg,1,193,15.67594437773643,8.540254496990807,0.927461139896373,0.9533678756476683,0.9378238341968912,1,1,1
0506tin2_03-07_crop_00.jpg,2,95,10.998079684646791,5.991753812195571,0.6526315789473685,0.8105263157894737,0.7263157894736842,1,1,1
0506tin2_03-07_crop_00.jpg,3,279,18.847647942942654,10.268198599315157,0.8494623655913979,0.8781362007168458,0.8602150537634409,1,1,1
0506tin2_03-07_crop_00.jpg,4,215,16.545286401814263,9.01387203170841,0.7534883720930232,0.827906976744186,0.7813953488372093,1,1,1
0506tin2_03-10_crop_01.jpg,1,231,17.14987856615383,9.343253842840607,0.8484848484848485,0.8484848484848485,0.8441558441558441,1,1,1
0506tin2_03-10_crop_01.jpg,2,123,12.514330345744634,6.817807172361676,0.45528455284552843,0.5853658536585366,0.4878048780487805,1,1,1
0506tin2_03-10_crop_01.jpg,3,183,15.26443044094783,8.316061704228376,0.9398907103825137,0.9508196721311475,0.9453551912568307,1,1,1
0506tin2_03-11_crop_00.jpg,1,86,10.464157913908982,5.700873231497613,0.7674418604651163,0.7209302325581395,0.7093023255813954,1,1,1
0506tin2_03-11_crop_00.jpg,2,205,16.15593100600236,8.801751212070084,0.9219512195121952,0.9463414634146341,0.926829268292683,1,1,1
0506tin2_03-11_crop_00.jpg,3,88,10.585134856802455,5.766781469985977,0.9204545454545454,0.9431818181818182,0.9204545454545454,1,1,1
0506tin2_03-11_crop_00.jpg,4,45,7.569397566060481,4.12380779398975,0.6222222222222222,0.6888888888888889,0.6666666666666666,1,1,1
0506tin2_03-11_crop_00.jpg,5,169,14.668929172241665,7.991632613037258,0.9112426035502958,0.9349112426035503,0.9230769230769231,1,1,1
0506tin2_03-11_crop_00.jpg,6,69,9.373021315815206,5.106422012856124,0.8260869565217391,0.8405797101449275,0.8260869565217391,1,1,1
0506tin2_03-11_crop_00.jpg,7,67,9.23618154310838,5.031871704685445,0.7014925373134329,0.7313432835820896,0.7014925373134329,1,1,1
0506tin2_03-11_crop_00.jpg,8,207,16.23454913941803,8.84458237115494,0.8888888888888888,0.9130434782608695,0.8888888888888888,1,1,1
0506tin2_03-11_crop_00.jpg,9,64,9.0270333367641,4.917927761869081,0.875,0.8125,0.8125,1,1,1
0506tin2_03-11_crop_00.jpg,10,33,6.4820448144285745,3.531418014900687,0.48484848484848486,0.5151515151515151,0.48484848484848486,1,1,1
0506tin2_03-11_crop_00.jpg,11,86,10.464157913908982,5.700873231497613,0.9534883720930233,0.9534883720930233,0.9534883720930233,1,1,1
0506tin2_03-11_crop_00.jpg,12,98,11.170383851240114,6.085625122155614,0.9897959183673469,0.9897959183673469,0.9897959183673469,1,1,1
0506tin2_03-11_crop_01.jpg,1,94,10.940041919714261,5.960134837860329,0.851063829787234,0.851063829787234,0.851063829787234,1,1,1
0506tin2_03-11_crop_01.jpg,2,175,14.927053303604616,8.132258639803794,0.7314285714285714,0.7314285714285714,0.7257142857142858,1,1,1
0506tin2_03-11_crop_01.jpg,3,66,9.166995688475081,4.994179251081224,0.18181818181818182,0.3333333333333333,0.25757575757575757,0,1,0
0506tin2_03-14_crop_01.jpg,1,205,16.15593100600236,8.801751212070084,0.9365853658536586,0.9365853658536586,0.9365853658536586,1,1,1
0506tin2_03-14_crop_01.jpg,2,78,9.965574970333758,5.429245243837831,0.782051282051282,0.782051282051282,0.782051282051282,1,1,1
0506tin2_03-14_crop_01.jpg,3,77,9.901487006738307,5.394330121271029,0.8181818181818182,0.8831168831168831,0.8441558441558441,1,1,1
0506tin2_03-14_crop_01.jpg,4,42,7.312732791431452,3.983976824771855,0.7380952380952381,0.7619047619047619,0.7619047619047619,1,1,1
0506tin2_03-14_crop_01.jpg,5,116,12.153015559492998,6.6209628768117845,0.9655172413793104,0.9913793103448276,0.9655172413793104,1,1,1
0506tin2_03-14_crop_01.jpg,6,65,9.09728368293446,4.956200150462694,0.9076923076923077,0.9076923076923077,0.9076923076923077,1,1,1
0506tin2_03-14_crop_01.jpg,7,98,11.170383851240114,6.085625122155614,0.826530612244898,0.8469387755102041,0.826530612244898,1,1,1
0506tin2_03-14_crop_01.jpg,8,99,11.227230955528665,6.116595424572016,0.9797979797979798,0.9797979797979798,0.9797979797979798,1,1,1
0506tin2_03-19_crop_02.jpg,1,111,11.888212206450685,6.476698010074332,0.9459459459459459,0.9459459459459459,0.9459459459459459,1,1,1
0506tin2_03-19_crop_02.jpg,2,68,9.304852983362556,5.06928390533592,0.0,0.0,0.0,0,0,0
0506tin2_03-21_crop_00.jpg,1,37,6.863662517577698,3.7393233395763295,0.0,0.10810810810810811,0.0,0,0,0
0506tin2_03-21_crop_00.jpg,2,48,7.817640190446719,4.259050375755372,0.6458333333333334,0.625,0.5833333333333334,1,1,1
0506tin2_03-21_crop_00.jpg,3,212,16.42944866646031,8.950763633487576,0.9669811320754716,0.9669811320754716,0.9669811320754716,1,1,1
0506tin2_03-21_crop_00.jpg,4,399,22.539356209735228,12.27944126306375,0.9949874686716792,1.0,1.0,1,1,1
0506tin2_03-21_crop_00.jpg,5,84,10.341765891652821,5.634194057772457,0.8452380952380952,0.8571428571428571,0.8571428571428571,1,1,1
0506tin2_03-21_crop_00.jpg,6,68,9.304852983362556,5.06928390533592,0.10294117647058823,0.0,0.0,0,0,0
0506tin2_03-21_crop_00.jpg,7,373,21.792621462004423,11.872620172500008,0.9436997319034852,0.16085790884718498,0.16085790884718498,1,0,0
0506tin2_03-21_crop_00.jpg,8,65,9.09728368293446,4.956200150462694,0.8615384615384616,0.6615384615384615,0.6307692307692307,1,1,1
0506tin2_03-21_crop_00.jpg,9,124,12.565098628628435,6.845465732876771,0.8951612903225806,0.8709677419354839,0.8709677419354839,1,1,1
0506tin2_03-21_crop_00.jpg,10,119,12.309163489997376,6.70603226935057,0.9747899159663865,0.9915966386554622,0.9831932773109243,1,1,1
0506tin2_03-21_crop_00.jpg,11,93,10.881694613449236,5.928347225407143,0.6774193548387096,0.7204301075268817,0.6881720430107527,1,1,1
0506tin2_04-01_crop_01.jpg,1,71,9.507891862878783,5.17989948689636,0.8309859154929577,0.8028169014084507,0.7887323943661971,1,1,1
0506tin2_04-03_crop_00.jpg,1,60,8.740387444736633,4.761763079892518,0.8,0.7833333333333333,0.7833333333333333,1,1,1
0506tin2_04-03_crop_00.jpg,2,107,11.67204486311899,6.358930041427225,0.8691588785046729,0.8878504672897196,0.8691588785046729,1,1,1
0506tin2_04-03_crop_00.jpg,3,62,8.884866446580956,4.840475240097304,0.9838709677419355,1.0,0.9838709677419355,1,1,1
0506tin2_04-03_crop_00.jpg,4,48,7.817640190446719,4.259050375755372,0.75,0.8333333333333334,0.75,1,1,1
0506tin2_04-03_crop_00.jpg,5,57,8.51907589177983,4.64119254584165,0.7543859649122807,0.8245614035087719,0.7719298245614035,1,1,1
0506tin2_04-10_crop_02.jpg,1,90,10.704744696916627,5.831944910880178,0.9333333333333333,0.9444444444444444,0.9333333333333333,1,1,1
0506tin2_04-10_crop_02.jpg,2,117,12.205286835384658,6.649440267917561,0.9316239316239316,0.9401709401709402,0.9316239316239316,1,1,1
0506tin2_04-10_crop_02.jpg,3,68,9.304852983362556,5.06928390533592,0.8529411764705882,0.8676470588235294,0.8529411764705882,1,1,1
0506tin2_04-20_crop_02.jpg,1,83,10.280023453913834,5.6005567776922565,0.9156626506024096,0.927710843373494,0.9156626506024096,1,1,1
0506tin2_04-20_crop_02.jpg,2,73,9.640875829802336,5.252349152076312,0.9315068493150684,0.958904109589041,0.9315068493150684,1,1,1
0506tin2_05-01_crop_02.jpg,1,89,10.645107772184812,5.799454714286285,0.9550561797752809,0.9662921348314607,0.9662921348314607,1,1,1
0506tin2_05-01_crop_02.jpg,2,91,10.764051215546116,5.8642551022295235,0.8791208791208791,0.8901098901098901,0.8901098901098901,1,1,1
0506tin2_05-06_crop_03.jpg,1,222,16.812470934731934,9.159434165241956,0.9594594594594594,0.963963963963964,0.9594594594594594,1,1,1
0506tin2_05-09_crop_00.jpg,1,212,16.42944866646031,8.950763633487576,0.8962264150943396,0.9245283018867925,0.9150943396226415,1,1,1
0506tin2_05-09_crop_00.jpg,2,145,13.58748446131949,7.402461534526857,0.7448275862068966,0.7724137931034483,0.7586206896551724,1,1,1
0506tin2_05-09_crop_00.jpg,3,238,17.407785949022028,9.4837617850272,0.9411764705882353,0.9621848739495799,0.9537815126050421,1,1,1
0506tin2_05-09_crop_00.jpg,4,60,8.740387444736633,4.761763079892518,0.8,0.8,0.7833333333333333,1,1,1
0506tin2_05-09_crop_00.jpg,5,196,15.797308339337176,8.606373583270893,0.9183673469387755,0.9132653061224489,0.9132653061224489,1,1,1
0506tin2_05-09_crop_00.jpg,6,110,11.834540545406394,6.447457689137403,0.8181818181818182,0.8636363636363636,0.8454545454545455,1,1,1
0506tin2_05-14_crop_00.jpg,1,80,10.092530088080641,5.498410391986333,0.9,0.825,0.825,1,1,1
0506tin2_05-14_crop_00.jpg,2,418,23.06976657227589,12.568408828575903,0.9210526315789473,0.9354066985645934,0.9282296650717703,1,1,1
0506tin2_05-14_crop_00.jpg,3,84,10.341765891652821,5.634194057772457,0.8928571428571429,0.9047619047619048,0.8809523809523809,1,1,1
0506tin2_05-14_crop_00.jpg,4,274,18.677998695187732,10.175773689138275,0.9817518248175182,0.9890510948905109,0.9854014598540146,1,1,1
0506tin2_05-14_crop_00.jpg,5,204,16.11647812414279,8.780257282032991,0.8970588235294118,0.9019607843137255,0.8970588235294118,1,1,1
0506tin2_05-14_crop_00.jpg,6,249,17.805522925178455,9.70044888963722,0.8634538152610441,0.8714859437751004,0.8634538152610441,1,1,1
0506tin2_05-14_crop_00.jpg,7,117,12.205286835384658,6.649440267917561,0.9401709401709402,0.9572649572649573,0.9316239316239316,1,1,1
0506tin2_05-14_crop_00.jpg,8,233,17.22396045987371,9.383613658539195,0.9570815450643777,0.9656652360515021,0.9613733905579399,1,1,1
0506tin2_05-14_crop_00.jpg,9,154,14.002817212590296,7.6287348174191925,0.9090909090909091,0.8831168831168831,0.8766233766233766,1,1,1
0506tin2_05-14_crop_00.jpg,10,154,14.002817212590296,7.6287348174191925,0.987012987012987,0.9935064935064936,0.987012987012987,1,1,1
0506tin2_05-14_crop_00.jpg,11,367,21.616635097022034,11.776742800857603,0.9564032697547684,0.9727520435967303,0.9618528610354223,1,1,1
0506tin2_05-14_crop_00.jpg,12,133,13.013103375051497,7.089538718728055,0.9774436090225563,0.9924812030075187,0.9849624060150376,1,1,1
0506tin2_05-18_crop_00.jpg,1,56,8.444016491289505,4.600300184454522,0.6607142857142857,0.625,0.625,1,1,1
0506tin2_05-18_crop_00.jpg,2,178,15.054455784347004,8.201667511312246,0.9775280898876404,0.9719101123595506,0.9719101123595506,1,1,1
0506tin2_05-18_crop_00.jpg,3,27,5.863230142835039,3.194287781816529,0.9629629629629629,0.9629629629629629,0.9629629629629629,1,1,1
0506tin2_05-18_crop_00.jpg,4,21,5.170882945826411,2.8170970288862285,0.0,0.0,0.0,0,0,0
0506tin2_05-18_crop_00.jpg,5,57,8.51907589177983,4.64119254584165,0.0,0.0,0.0,0,0,0
0506tin2_05-18_crop_00.jpg,6,61,8.812923024107548,4.801280463533791,0.26229508196721313,0.4262295081967213,0.32786885245901637,0,1,1
0506tin2_05-18_crop_00.jpg,7,285,19.04923279949934,10.378022029167239,0.9403508771929825,0.9403508771929825,0.9403508771929825,1,1,1
0506tin2_05-18_crop_01.jpg,1,313,19.963065333312567,10.875877993588686,0.9744408945686901,0.9840255591054313,0.9808306709265175,1,1,1
0506tin2_05-18_crop_01.jpg,2,87,10.524820207108489,5.733922048832704,0.9425287356321839,0.9540229885057471,0.9540229885057471,1,1,1
0506tin2_05-18_crop_01.jpg,3,118,12.257335203001883,6.677796218595425,0.9152542372881356,0.923728813559322,0.9152542372881356,1,1,1
0506tin2_05-18_crop_01.jpg,4,254,17.983404693292407,9.797358876905703,0.968503937007874,0.9763779527559056,0.9763779527559056,1,1,1
0506tin2_05-19_crop_00.jpg,1,66,9.166995688475081,4.994179251081224,0.9545454545454546,0.0,0.0,1,0,0
0506tin2_05-19_crop_00.jpg,2,79,10.02925341359355,5.463937259725765,0.9620253164556962,0.9746835443037974,0.9620253164556962,1,1,1
0506tin2_05-19_crop_00.jpg,3,47,7.735777827895049,4.214451760637222,1.0,1.0,1.0,1,1,1
0506tin2_05-19_crop_00.jpg,4,34,6.579524642479541,3.5845250252228533,0.6764705882352942,0.6764705882352942,0.6764705882352942,1,1,1
0506tin2_05-19_crop_00.jpg,5,33,6.4820448144285745,3.531418014900687,0.0,0.0,0.0,0,0,0
0506tin2_05-19_crop_00.jpg,6,39,7.046725639945928,3.839056128642541,0.2564102564102564,0.41025641025641024,0.28205128205128205,0,1,0
0506tin2_05-19_crop_00.jpg,7,125,12.6156626101008,6.873012989982915,0.912,0.944,0.912,1,1,1
0506tin2_05-19_crop_01.jpg,1,31,6.282549314314218,3.4227328664383854,0.7741935483870968,0.0,0.0,1,0,0
0506tin2_05-19_crop_01.jpg,2,70,9.440697438826296,5.143291964672565,1.0,0.7142857142857143,0.7142857142857143,1,1,1
0506tin2_06-06_crop_00.jpg,1,148,13.727325035155395,7.478646679152659,0.31756756756756754,0.34459459459459457,0.31756756756756754,1,1,1
0506tin2_06-06_crop_00.jpg,2,106,11.617374563210365,6.329145662037006,1.0,1.0,1.0,1,1,1
0506tin2_06-06_crop_00.jpg,3,196,15.797308339337176,8.606373583270893,0.8979591836734694,0.923469387755102,0.9030612244897959,1,1,1
0506tin2_06-06_crop_00.jpg,4,64,9.0270333367641,4.917927761869081,0.78125,0.921875,0.859375,1,1,1
0506tin2_06-06_crop_00.jpg,5,141,13.398760233979036,7.2996445754717785,0.8794326241134752,0.8936170212765957,0.8865248226950354,1,1,1
0506tin2_06-06_crop_00.jpg,6,149,13.773623058786647,7.5038698424269645,0.9194630872483222,0.0,0.0,1,0,0
0506tin2_06-06_crop_00.jpg,7,102,11.396070970426017,6.208579464688094,0.7843137254901961,0.8137254901960784,0.7941176470588235,1,1,1
0506tin2_06-06_crop_00.jpg,8,89,10.645107772184812,5.799454714286285,0.9325842696629213,0.0,0.0,1,0,0
0506tin2_06-08_crop_00.jpg,1,79,10.02925341359355,5.463937259725765,0.7974683544303798,0.810126582278481,0.7974683544303798,1,1,1
0506tin2_06-08_crop_00.jpg,2,139,13.303394180365686,7.247689149463225,0.9496402877697842,0.9568345323741008,0.9496402877697842,1,1,1
0506tin2_06-08_crop_00.jpg,3,125,12.6156626101008,6.873012989982915,0.976,0.984,0.976,1,1,1
0506tin2_06-08_crop_00.jpg,4,45,7.569397566060481,4.12380779398975,1.0,0.0,0.0,1,0,0
0506tin2_06-08_crop_00.jpg,5,51,8.058239062071396,4.390128641016496,1.0,1.0,1.0,1,1,1
0506tin2_06-08_crop_00.jpg,6,230,17.112717355495807,9.323008415274115,0.9347826086956522,0.9478260869565217,0.9391304347826087,1,1,1
0506tin2_06-08_crop_00.jpg,7,183,15.26443044094783,8.316061704228376,0.9016393442622951,0.9016393442622951,0.9016393442622951,1,1,1
0506tin2_06-08_crop_00.jpg,8,325,20.342144725641095,11.082400446529267,0.9107692307692308,0.916923076923077,0.9046153846153846,1,1,1
0506tin2_06-13_crop_02.jpg,1,51,8.058239062071396,4.390128641016496,0.0,0.7058823529411765,0.0,0,1,0
0506tin2_06-13_crop_02.jpg,2,69,9.373021315815206,5.106422012856124,0.9565217391304348,0.855072463768116,0.855072463768116,1,1,1
0506tin2_06-13_crop_02.jpg,3,40,7.136496464611085,3.8879632739201186,0.85,0.575,0.575,1,1,1
0506tin2_06-13_crop_02.jpg,4,99,11.227230955528665,6.116595424572016,0.9494949494949495,0.9494949494949495,0.9494949494949495,1,1,1
0506tin2_06-13_crop_02.jpg,5,55,8.368283871884005,4.559041053402406,0.43636363636363634,0.4727272727272727,0.4727272727272727,1,1,1
0506tin2_06-13_crop_02.jpg,6,117,12.205286835384658,6.649440267917561,0.9145299145299145,0.9316239316239316,0.9145299145299145,1,1,1
0506tin2_06-18_crop_00.jpg,1,77,9.901487006738307,5.394330121271029,0.8831168831168831,0.9090909090909091,0.8831168831168831,1,1,1
0506tin2_06-18_crop_00.jpg,2,383,22.082815618339236,12.030717948871215,0.9138381201044387,0.9503916449086162,0.9242819843342036,1,1,1
0506tin2_06-18_crop_00.jpg,3,123,12.514330345744634,6.817807172361676,0.926829268292683,0.943089430894309,0.926829268292683,1,1,1
0506tin2_06-18_crop_00.jpg,4,53,8.214724333230155,4.475381816743788,0.16981132075471697,0.24528301886792453,0.1320754716981132,0,0,0
0506tin2_06-18_crop_00.jpg,5,48,7.817640190446719,4.259050375755372,0.8541666666666666,0.8958333333333334,0.8958333333333334,1,1,1
0506tin2_06-18_crop_00.jpg,6,77,9.901487006738307,5.394330121271029,0.8181818181818182,0.8441558441558441,0.8181818181818182,1,1,1
0506tin2_06-19_crop_00.jpg,1,55,8.368283871884005,4.559041053402406,0.9454545454545454,0.9454545454545454,0.9454545454545454,1,1,1
0506tin2_06-19_crop_00.jpg,2,100,11.283791670955125,6.147409702336351,0.85,0.85,0.83,1,1,1
0506tin2_06-19_crop_00.jpg,3,72,9.574614729634384,5.2162501047048115,0.7361111111111112,0.7083333333333334,0.6944444444444444,1,1,1
0506tin2_06-19_crop_00.jpg,4,67,9.23618154310838,5.031871704685445,0.8656716417910447,0.8656716417910447,0.8656716417910447,1,1,1
0506tin2_06-19_crop_00.jpg,5,60,8.740387444736633,4.761763079892518,1.0,1.0,1.0,1,1,1
0506tin2_06-19_crop_00.jpg,6,398,22.511093682995384,12.264043838495883,0.9698492462311558,0.964824120603015,0.9623115577889447,1,1,1
0506tin2_06-19_crop_00.jpg,7,29,6.076507779746499,3.3104814384058923,0.0,0.0,0.0,0,0,0
0506tin2_06-19_crop_00.jpg,8,46,7.653039857325812,4.169376114271102,0.782608695652174,0.717391304347826,0.6304347826086957,1,1,1
0506tin2_06-19_crop_00.jpg,9,80,10.092530088080641,5.498410391986333,0.9375,0.925,0.9125,1,1,1
0506tin2_06-19_crop_00.jpg,10,48,7.817640190446719,4.259050375755372,0.0,0.0,0.0,0,0,0
0506tin2_06-19_crop_00.jpg,11,60,8.740387444736633,4.761763079892518,0.0,0.0,0.0,0,0,0
0506tin2_06-19_crop_00.jpg,12,25,5.641895835477563,3.0737048511681757,0.88,0.0,0.0,1,0,0
0506tin2_06-19_crop_00.jpg,13,43,7.399277020331919,4.031126120676829,1.0,0.0,0.0,1,0,0
0506tin2_07-05_crop_02.jpg,1,64,9.0270333367641,4.917927761869081,0.984375,0.96875,0.96875,1,1,1
0506tin2_07-09_crop_00.jpg,1,72,9.574614729634384,5.2162501047048115,0.9027777777777778,0.9166666666666666,0.9166666666666666,1,1,1
0506tin2_07-09_crop_00.jpg,2,27,5.863230142835039,3.194287781816529,0.2962962962962963,0.3333333333333333,0.3333333333333333,0,1,1
0506tin2_07-09_crop_00.jpg,3,42,7.312732791431452,3.983976824771855,0.9285714285714286,0.9285714285714286,0.9285714285714286,1,1,1
0506tin2_07-09_crop_00.jpg,4,50,7.978845608028654,4.34687508725401,0.88,0.94,0.92,1,1,1
0506tin2_07-11_crop_01.jpg,1,168,14.625465582862905,7.96795364954371,0.8392857142857143,0.8452380952380952,0.8392857142857143,1,1,1
0506tin2_07-11_crop_01.jpg,2,136,13.159049284959082,7.169050050445707,0.9411764705882353,0.9485294117647058,0.9411764705882353,1,1,1
0506tin2_07-11_crop_01.jpg,3,159,14.228319915326999,7.7515886898701485,0.9056603773584906,0.9245283018867925,0.9056603773584906,1,1,1
0506tin2_07-11_crop_01.jpg,4,251,17.876888032555495,9.739328600136233,0.8207171314741036,0.5059760956175299,0.50199203187251,1,1,1
0506tin2_07-16_crop_01.jpg,1,73,9.640875829802336,5.252349152076312,0.7945205479452054,0.821917808219178,0.7945205479452054,1,1,1
0506tin2_07-16_crop_01.jpg,2,62,8.884866446580956,4.840475240097304,0.0,0.0,0.0,0,0,0
0506tin2_07-16_crop_01.jpg,3,96,11.055812783082736,6.023206804223474,0.8854166666666666,0.9270833333333334,0.8958333333333334,1,1,1
0506tin2_07-16_crop_01.jpg,4,121,12.412170838050638,6.762150672569987,0.9752066115702479,0.9586776859504132,0.9586776859504132,1,1,1
0506tin2_08-08_crop_02.jpg,1,133,13.013103375051497,7.089538718728055,0.7744360902255639,0.7969924812030075,0.7819548872180451,1,1,1
0506tin2_08-11_crop_01.jpg,1,71,9.507891862878783,5.17989948689636,0.0,0.0,0.0,0,0,0
0506tin2_08-12_crop_00.jpg,1,63,8.95623198216277,4.879355183882277,0.0,0.0,0.0,0,0,0
0506tin2_08-12_crop_00.jpg,2,71,9.507891862878783,5.17989948689636,0.5211267605633803,0.5211267605633803,0.5211267605633803,1,1,1
0506tin2_08-12_crop_00.jpg,3,55,8.368283871884005,4.559041053402406,0.38181818181818183,0.36363636363636365,0.2727272727272727,1,1,0
0506tin2_08-12_crop_00.jpg,4,52,8.136857890256438,4.432960178611707,0.0,0.0,0.0,0,0,0
0506tin2_08-12_crop_00.jpg,5,72,9.574614729634384,5.2162501047048115,0.8888888888888888,0.0,0.0,1,0,0
0506tin2_08-12_crop_00.jpg,6,115,12.100518486599809,6.592362471499575,0.7391304347826086,0.782608695652174,0.7478260869565218,1,1,1
0506tin2_08-12_crop_00.jpg,7,73,9.640875829802336,5.252349152076312,0.2054794520547945,0.3698630136986301,0.2876712328767123,0,1,0
0506tin2_08-12_crop_00.jpg,8,74,9.706684619910241,5.288201780927099,0.35135135135135137,0.43243243243243246,0.35135135135135137,1,1,1
0506tin2_08-15_crop_00.jpg,1,264,18.333991376950163,9.988358502162448,0.7878787878787878,0.8333333333333334,0.7954545454545454,1,1,1
0506tin2_08-15_crop_00.jpg,2,176,14.96964127403822,8.155460566096021,0.8181818181818182,0.8295454545454546,0.8181818181818182,1,1,1
0506tin2_08-15_crop_00.jpg,3,65,9.09728368293446,4.956200150462694,0.6461538461538462,0.6923076923076923,0.6307692307692307,1,1,1
0506tin2_08-15_crop_00.jpg,4,152,13.911592676604096,7.579035690213911,0.8618421052631579,0.875,0.868421052631579,1,1,1
0506tin2_08-15_crop_00.jpg,5,101,11.340070282773887,6.178070290055213,0.6633663366336634,0.6732673267326733,0.6633663366336634,1,1,1
0506tin2_08-15_crop_00.jpg,6,74,9.706684619910241,5.288201780927099,0.21621621621621623,0.43243243243243246,0.33783783783783783,0,1,1
0506tin2_08-15_crop_00.jpg,7,66,9.166995688475081,4.994179251081224,0.7424242424242424,0.7424242424242424,0.696969696969697,1,1,1
0506tin2_08-15_crop_00.jpg,8,85,10.403141895720198,5.667631704788364,0.7411764705882353,0.8,0.7529411764705882,1,1,1
0506tin2_08-16_crop_01.jpg,1,129,12.815923738491737,6.982115252730297,0.0,0.0,0.0,0,0,0
0506tin2_08-16_crop_01.jpg,2,109,11.780624362746345,6.418084152824208,0.0,0.0,0.0,0,0,0
0506tin2_08-16_crop_01.jpg,3,95,10.998079684646791,5.991753812195571,0.0,0.0,0.0,0,0,0
0506tin2_08-16_crop_01.jpg,4,740,30.695231927842155,16.722762354288406,0.7337837837837838,0.7445945945945946,0.7391891891891892,1,1,1
0506tin2_08-18_crop_01.jpg,1,166,14.538148590038452,7.920383351852948,0.6867469879518072,0.7048192771084337,0.6867469879518072,1,1,1
0506tin2_09-03_crop_01.jpg,1,102,11.396070970426017,6.208579464688094,0.4019607843137255,0.5098039215686274,0.43137254901960786,1,1,1
0506tin2_09-11_crop_00.jpg,1,209,16.312788383647018,8.887207111410895,0.6507177033492823,0.6889952153110048,0.6650717703349283,1,1,1
0506tin2_09-11_crop_00.jpg,2,255,18.01877032173579,9.816626071281657,0.7058823529411765,0.6901960784313725,0.6862745098039216,1,1,1
0506tin2_09-11_crop_00.jpg,3,75,9.772050238058398,5.323812969694215,0.7466666666666667,0.68,0.6666666666666666,1,1,1
0506tin2_09-11_crop_00.jpg,4,250,17.841241161527712,9.719908184800296,0.624,0.648,0.632,1,1,1
0506tin2_09-11_crop_00.jpg,5,75,9.772050238058398,5.323812969694215,0.6666666666666666,0.7066666666666667,0.68,1,1,1
0506tin2_09-11_crop_00.jpg,6,165,14.494292838262302,7.896490738285301,0.7757575757575758,0.7878787878787878,0.7636363636363637,1,1,1
0506tin2_09-11_crop_00.jpg,7,21,5.170882945826411,2.8170970288862285,0.0,0.0,0.0,0,0,0
0506tin2_09-11_crop_00.jpg,8,215,16.545286401814263,9.01387203170841,0.7906976744186046,0.8325581395348837,0.8093023255813954,1,1,1
0506tin2_09-11_crop_00.jpg,9,114,12.047792665040703,6.563637443914175,0.7543859649122807,0.7631578947368421,0.7456140350877193,1,1,1
0506tin2_09-11_crop_00.jpg,10,145,13.58748446131949,7.402461534526857,0.7241379310344828,0.7655172413793103,0.7448275862068966,1,1,1
0506tin2_09-11_crop_00.jpg,11,306,19.738573927438622,10.75357507566856,0.8202614379084967,0.8627450980392157,0.8398692810457516,1,1,1
0506tin2_09-13_crop_01.jpg,1,259,18.159544104586082,9.893319628178498,0.6833976833976834,0.7104247104247104,0.6872586872586872,1,1,1
0506tin2_09-13_crop_01.jpg,2,209,16.312788383647018,8.887207111410895,0.722488038277512,0.7655502392344498,0.7464114832535885,1,1,1
0506tin2_09-13_crop_01.jpg,3,208,16.273715780512877,8.865920357223414,0.7307692307692307,0.7259615384615384,0.7115384615384616,1,1,1
0506tin2_09-13_crop_01.jpg,4,289,19.182445840623714,10.450596493971798,0.643598615916955,0.6643598615916955,0.6505190311418685,1,1,1
0506tin2_09-14_crop_00.jpg,1,124,12.565098628628435,6.845465732876771,0.7419354838709677,0.717741935483871,0.7016129032258065,1,1,1
0506tin2_09-14_crop_00.jpg,2,241,17.517155313611116,9.543346214855335,0.8174273858921162,0.8423236514522822,0.8257261410788381,1,1,1
0506tin2_09-14_crop_00.jpg,3,44,7.48482063701911,4.077730283048011,0.18181818181818182,0.38636363636363635,0.25,0,1,0
0506tin2_09-14_crop_00.jpg,4,28,5.970821321441846,3.2529034559215178,0.0,0.0,0.0,0,0,0
0506tin2_09-14_crop_00.jpg,5,39,7.046725639945928,3.839056128642541,0.0,0.0,0.0,0,0,0
0506tin2_09-14_crop_02.jpg,1,140,13.351162356249091,7.273713251684504,0.0,0.0,0.0,0,0,0
0506tin2_10-01_crop_00.jpg,1,273,18.643883600599406,10.157187785606554,0.9377289377289377,0.9706959706959707,0.9523809523809523,1,1,1
0506tin2_10-01_crop_00.jpg,2,176,14.96964127403822,8.155460566096021,0.8693181818181818,0.875,0.8693181818181818,1,1,1
0506tin2_10-01_crop_00.jpg,3,69,9.373021315815206,5.106422012856124,0.8985507246376812,0.9130434782608695,0.8985507246376812,1,1,1
0506tin2_10-01_crop_00.jpg,4,72,9.574614729634384,5.2162501047048115,0.8194444444444444,0.75,0.7361111111111112,1,1,1
0506tin2_10-01_crop_00.jpg,5,84,10.341765891652821,5.634194057772457,0.7857142857142857,0.75,0.7380952380952381,1,1,1
0506tin2_10-01_crop_00.jpg,6,65,9.09728368293446,4.956200150462694,0.1076923076923077,0.676923076923077,0.3230769230769231,0,1,1
0506tin2_10-01_crop_00.jpg,7,104,11.507254783503184,6.269152406052534,0.2980769230769231,0.6826923076923077,0.40384615384615385,0,1,1
0506tin2_10-01_crop_00.jpg,8,51,8.058239062071396,4.390128641016496,0.4117647058823529,0.8431372549019608,0.6274509803921569,1,1,1
0506tin2_10-01_crop_00.jpg,9,60,8.740387444736633,4.761763079892518,0.15,0.75,0.38333333333333336,0,1,1
0506tin2_10-01_crop_00.jpg,10,186,15.389040103942165,8.38394904862769,0.8494623655913979,0.8709677419354839,0.8333333333333334,1,1,1
0506tin2_10-01_crop_00.jpg,11,177,15.012108426804138,8.178596670922893,0.9152542372881356,0.9491525423728814,0.9209039548022598,1,1,1
0506tin2_10-01_crop_00.jpg,12,179,15.09668435477122,8.224673636479361,0.9106145251396648,0.9441340782122905,0.9162011173184358,1,1,1
0506tin2_10-01_crop_00.jpg,13,129,12.815923738491737,6.982115252730297,0.8837209302325582,0.9922480620155039,0.9224806201550387,1,1,1
0506tin2_10-01_crop_00.jpg,14,115,12.100518486599809,6.592362471499575,0.8956521739130435,0.9217391304347826,0.9130434782608695,1,1,1
0506tin2_10-01_crop_00.jpg,15,261,18.229523339239496,9.931444315217677,0.896551724137931,0.9080459770114943,0.896551724137931,1,1,1
0506tin2_10-01_crop_00.jpg,16,111,11.888212206450685,6.476698010074332,1.0,0.9099099099099099,0.9099099099099099,1,1,1
0506tin2_10-01_crop_00.jpg,17,72,9.574614729634384,5.2162501047048115,0.7083333333333334,0.7777777777777778,0.75,1,1,1
0506tin2_10-01_crop_00.jpg,18,102,11.396070970426017,6.208579464688094,0.8431372549019608,0.9215686274509803,0.8627450980392157,1,1,1
0506tin2_10-01_crop_00.jpg,19,102,11.396070970426017,6.208579464688094,0.9705882352941176,0.0,0.0,1,0,0
0506tin2_10-01_crop_00.jpg,20,69,9.373021315815206,5.106422012856124,0.855072463768116,0.9855072463768116,0.9420289855072463,1,1,1
0506tin2_10-01_crop_00.jpg,21,238,17.407785949022028,9.4837617850272,0.7815126050420168,0.8319327731092437,0.7857142857142857,1,1,1
0506tin2_10-01_crop_00.jpg,22,65,9.09728368293446,4.956200150462694,0.6615384615384615,0.7538461538461538,0.7076923076923077,1,1,1
0506tin2_10-07_crop_01.jpg,1,163,14.406180819073164,7.848487310231059,0.9570552147239264,0.9815950920245399,0.9693251533742331,1,1,1
0506tin2_10-07_crop_01.jpg,2,221,16.774562271083887,9.1387815252865,0.9547511312217195,0.9638009049773756,0.9592760180995475,1,1,1
0506tin2_10-07_crop_01.jpg,3,69,9.373021315815206,5.106422012856124,0.855072463768116,0.8840579710144928,0.8695652173913043,1,1,1
0506tin2_10-07_crop_01.jpg,4,48,7.817640190446719,4.259050375755372,0.0,0.0,0.0,0,0,0
0506tin2_10-07_crop_01.jpg,5,78,9.965574970333758,5.429245243837831,0.8717948717948718,0.9230769230769231,0.8717948717948718,1,1,1
0506tin2_10-07_crop_01.jpg,6,120,12.360774464742066,6.734149928391477,0.9333333333333333,0.9083333333333333,0.9083333333333333,1,1,1
0506tin2_10-07_crop_01.jpg,7,50,7.978845608028654,4.34687508725401,0.96,0.92,0.92,1,1,1
0506tin2_10-07_crop_01.jpg,8,38,6.955796338302048,3.7895178451069556,0.0,0.0,0.0,0,0,0
0506tin2_10-07_crop_01.jpg,9,37,6.863662517577698,3.7393233395763295,0.0,0.0,0.0,0,0,0
0506tin2_10-07_crop_01.jpg,10,37,6.863662517577698,3.7393233395763295,0.0,0.0,0.0,0,0,0
0506tin2_10-08_crop_01.jpg,1,122,12.463355264843006,6.790035948286469,0.9508196721311475,0.9672131147540983,0.9590163934426229,1,1,1
0506tin2_10-08_crop_01.jpg,2,156,14.093451279891855,7.678112257285082,0.9230769230769231,0.9423076923076923,0.9230769230769231,1,1,1
0506tin2_10-08_crop_01.jpg,3,62,8.884866446580956,4.840475240097304,1.0,1.0,1.0,1,1,1
0506tin2_10-08_crop_01.jpg,4,59,8.667244841319219,4.72191498955071,0.6610169491525424,0.6610169491525424,0.6610169491525424,1,1,1
0506tin2_10-08_crop_01.jpg,5,36,6.770275002573076,3.688445821401811,0.7777777777777778,0.7777777777777778,0.7777777777777778,1,1,1
0506tin2_10-08_crop_01.jpg,6,65,9.09728368293446,4.956200150462694,1.0,0.0,0.0,1,0,0
0506tin2_10-08_crop_01.jpg,7,119,12.309163489997376,6.70603226935057,0.8571428571428571,0.8739495798319328,0.865546218487395,1,1,1
0506tin2_10-08_crop_01.jpg,8,46,7.653039857325812,4.169376114271102,0.41304347826086957,0.45652173913043476,0.391304347826087,1,1,1
0506tin2_10-08_crop_01.jpg,9,114,12.047792665040703,6.563637443914175,0.9210526315789473,0.9385964912280702,0.9210526315789473,1,1,1
0506tin2_10-08_crop_01.jpg,10,53,8.214724333230155,4.475381816743788,0.9433962264150944,0.9622641509433962,0.9433962264150944,1,1,1
0506tin2_10-08_crop_01.jpg,11,57,8.51907589177983,4.64119254584165,0.7192982456140351,0.8421052631578947,0.7543859649122807,1,1,1
0506tin2_10-10_crop_03.jpg,1,74,9.706684619910241,5.288201780927099,0.8918918918918919,0.918918918918919,0.9054054054054054,1,1,1
0506tin2_10-10_crop_03.jpg,2,45,7.569397566060481,4.12380779398975,0.8,0.8222222222222222,0.8,1,1,1
0506tin2_10-10_crop_03.jpg,3,65,9.09728368293446,4.956200150462694,0.9692307692307692,0.9846153846153847,0.9692307692307692,1,1,1
0506tin2_10-10_crop_03.jpg,4,51,8.058239062071396,4.390128641016496,0.5882352941176471,0.7058823529411765,0.6274509803921569,1,1,1
0506tin2_10-14_crop_01.jpg,1,102,11.396070970426017,6.208579464688094,0.9705882352941176,0.9607843137254902,0.9607843137254902,1,1,1
0506tin2_10-16_crop_01.jpg,1,233,17.22396045987371,9.383613658539195,0.9055793991416309,0.9012875536480687,0.8927038626609443,1,1,1
0506tin2_10-16_crop_01.jpg,2,203,16.07692842495848,8.75871060591738,0.8571428571428571,0.8571428571428571,0.8522167487684729,1,1,1
0506tin2_10-16_crop_01.jpg,3,111,11.888212206450685,6.476698010074332,0.8648648648648649,0.9009009009009009,0.8918918918918919,1,1,1
0506tin2_10-21_crop_02.jpg,1,122,12.463355264843006,6.790035948286469,0.9672131147540983,0.9754098360655737,0.9590163934426229,1,1,1
0506tin2_10-21_crop_02.jpg,2,102,11.396070970426017,6.208579464688094,0.9803921568627451,0.9901960784313726,0.9901960784313726,1,1,1
0506tin2_11-03_crop_01.jpg,1,76,9.83698151873187,5.359187531405122,1.0,1.0,1.0,1,1,1
0506tin2_11-03_crop_01.jpg,2,129,12.815923738491737,6.982115252730297,0.8914728682170543,0.875968992248062,0.8604651162790697,1,1,1
0506tin2_11-03_crop_01.jpg,3,84,10.341765891652821,5.634194057772457,0.4642857142857143,0.4642857142857143,0.4642857142857143,1,1,1
0506tin2_11-03_crop_01.jpg,4,313,19.963065333312567,10.875877993588686,0.8562300319488818,0.9105431309904153,0.8817891373801917,1,1,1
0506tin2_11-07_crop_01.jpg,1,154,14.002817212590296,7.6287348174191925,0.935064935064935,0.9415584415584416,0.935064935064935,1,1,1
0506tin2_11-07_crop_01.jpg,2,142,13.446189622059965,7.325484106098268,1.0,0.7183098591549296,0.7183098591549296,1,1,1
0506tin2_11-07_crop_01.jpg,3,61,8.812923024107548,4.801280463533791,1.0,0.9344262295081968,0.9344262295081968,1,1,1
0506tin2_11-19_crop_00.jpg,1,46,7.653039857325812,4.169376114271102,0.0,0.0,0.0,0,0,0
0506tin2_11-19_crop_00.jpg,2,61,8.812923024107548,4.801280463533791,0.8032786885245902,0.8688524590163934,0.8032786885245902,1,1,1
0506tin2_11-19_crop_00.jpg,3,241,17.517155313611116,9.543346214855335,0.8215767634854771,0.8423236514522822,0.8215767634854771,1,1,1
0506tin2_11-21_crop_01.jpg,1,513,25.557227675339483,13.92357763752495,0.9005847953216374,0.9083820662768031,0.9025341130604289,1,1,1
0506tin2_11-21_crop_01.jpg,2,104,11.507254783503184,6.269152406052534,0.9423076923076923,0.9615384615384616,0.9519230769230769,1,1,1
0506tin2_11-21_crop_01.jpg,3,97,11.11324596323283,6.054496400769245,0.7319587628865979,0.8041237113402062,0.7525773195876289,1,1,1
0506tin2_11-21_crop_01.jpg,4,86,10.464157913908982,5.700873231497613,0.10465116279069768,0.0,0.0,0,0,0
0506tin2_11-21_crop_01.jpg,5,62,8.884866446580956,4.840475240097304,0.6129032258064516,0.0,0.0,1,0,0
0506tin2_11-21_crop_01.jpg,6,84,10.341765891652821,5.634194057772457,0.8333333333333334,0.8452380952380952,0.8333333333333334,1,1,1
0506tin2_11-21_crop_01.jpg,7,81,10.155412503859614,5.532668732102717,0.9629629629629629,0.8888888888888888,0.8765432098765432,1,1,1
0506tin2_11-21_crop_01.jpg,8,81,10.155412503859614,5.532668732102717,0.2716049382716049,0.35802469135802467,0.2962962962962963,0,1,0
0506tin2_12-06_crop_00.jpg,1,119,12.309163489997376,6.70603226935057,0.9243697478991597,0.9327731092436975,0.9243697478991597,1,1,1
0506tin2_12-06_crop_00.jpg,2,49,7.898654169668588,4.303186791635446,0.673469387755102,0.673469387755102,0.673469387755102,1,1,1
0506tin2_12-06_crop_00.jpg,3,22,5.292567428401227,2.8833907349929886,0.0,0.0,0.0,0,0,0
0506tin2_12-06_crop_00.jpg,4,156,14.093451279891855,7.678112257285082,0.9038461538461539,0.9294871794871795,0.9102564102564102,1,1,1
0506tin2_12-06_crop_00.jpg,5,40,7.136496464611085,3.8879632739201186,0.525,0.575,0.525,1,1,1
0506tin2_12-06_crop_00.jpg,6,132,12.964089628857149,7.062836029801374,0.9393939393939394,0.9393939393939394,0.9318181818181818,1,1,1
0506tin2_12-06_crop_00.jpg,7,58,8.593479713983122,4.681727748178004,0.9310344827586207,0.9310344827586207,0.9310344827586207,1,1,1
0506tin2_12-06_crop_00.jpg,8,100,11.283791670955125,6.147409702336351,0.86,0.58,0.58,1,1,1
0506tin2_12-06_crop_00.jpg,9,59,8.667244841319219,4.72191498955071,0.8983050847457628,0.9322033898305084,0.8983050847457628,1,1,1
0506tin2_12-06_crop_00.jpg,10,34,6.579524642479541,3.5845250252228533,0.0,0.0,0.0,0,0,0
0506tin2_12-06_crop_00.jpg,11,55,8.368283871884005,4.559041053402406,0.8909090909090909,0.38181818181818183,0.38181818181818183,1,1,1
0506tin2_12-06_crop_00.jpg,12,57,8.51907589177983,4.64119254584165,0.9649122807017544,0.9649122807017544,0.9649122807017544,1,1,1
0506tin2_12-07_crop_00.jpg,1,83,10.280023453913834,5.6005567776922565,1.0,0.963855421686747,0.963855421686747,1,1,1
0506tin2_12-07_crop_00.jpg,2,51,8.058239062071396,4.390128641016496,0.9803921568627451,0.9803921568627451,0.9803921568627451,1,1,1
0506tin2_12-07_crop_00.jpg,3,119,12.309163489997376,6.70603226935057,0.8571428571428571,0.8991596638655462,0.865546218487395,1,1,1
0506tin2_12-07_crop_00.jpg,4,75,9.772050238058398,5.323812969694215,0.8666666666666667,0.8666666666666667,0.8666666666666667,1,1,1
0506tin2_12-07_crop_00.jpg,5,128,12.766152972845846,6.955000139606416,0.8125,0.7890625,0.7890625,1,1,1
0506tin2_12-07_crop_00.jpg,6,71,9.507891862878783,5.17989948689636,0.8732394366197183,0.8450704225352113,0.8450704225352113,1,1,1
0506tin2_12-07_crop_02.jpg,1,100,11.283791670955125,6.147409702336351,0.96,0.0,0.0,1,0,0
0506tin2_12-07_crop_02.jpg,2,129,12.815923738491737,6.982115252730297,0.9689922480620154,0.0,0.0,1,0,0
0506tin2_12-07_crop_02.jpg,3,98,11.170383851240114,6.085625122155614,0.5510204081632653,0.5918367346938775,0.5612244897959183,1,1,1
0506tin2_12-07_crop_02.jpg,4,211,16.39065416446578,8.929628388800955,0.981042654028436,0.985781990521327,0.981042654028436,1,1,1
0506tin2_12-07_crop_02.jpg,5,111,11.888212206450685,6.476698010074332,0.918918918918919,0.9099099099099099,0.8918918918918919,1,1,1
0506tin2_12-17_crop_00.jpg,1,92,10.823032759612019,5.896388247436628,0.8913043478260869,0.9021739130434783,0.8913043478260869,1,1,1
0506tin2_12-17_crop_00.jpg,2,183,15.26443044094783,8.316061704228376,0.8415300546448088,0.8415300546448088,0.825136612021858,1,1,1
0506tin2_12-17_crop_00.jpg,3,93,10.881694613449236,5.928347225407143,0.8279569892473119,0.8387096774193549,0.8064516129032258,1,1,1
0506tin2_12-17_crop_00.jpg,4,220,16.73656774376801,9.118082106804811,0.8772727272727273,0.9136363636363637,0.8772727272727273,1,1,1
0506tin2_12-17_crop_00.jpg,5,210,16.351767622932517,8.908443000973634,0.8952380952380953,0.9142857142857143,0.9047619047619048,1,1,1
0506tin2_12-17_crop_00.jpg,6,49,7.898654169668588,4.303186791635446,0.9183673469387755,0.9387755102040817,0.9183673469387755,1,1,1
0506tin2_12-17_crop_00.jpg,7,65,9.09728368293446,4.956200150462694,0.8923076923076924,0.9538461538461539,0.9384615384615385,1,1,1
0506tin2_12-17_crop_00.jpg,8,108,11.726460285670077,6.388575563633058,0.9907407407407407,0.9907407407407407,0.9907407407407407,1,1,1
0506tin2_12-17_crop_00.jpg,9,283,18.982275710779543,10.341543807232695,0.9045936395759717,0.9151943462897526,0.9081272084805654,1,1,1
0506tin2_12-17_crop_00.jpg,10,110,11.834540545406394,6.447457689137403,0.990909090909091,0.990909090909091,0.990909090909091,1,1,1
0506tin2_13-05_crop_02.jpg,1,62,8.884866446580956,4.840475240097304,0.7419354838709677,0.7419354838709677,0.7419354838709677,1,1,1
0506tin2_13-05_crop_02.jpg,2,46,7.653039857325812,4.169376114271102,0.45652173913043476,0.5,0.43478260869565216,1,1,1
0506tin2_13-05_crop_02.jpg,3,48,7.817640190446719,4.259050375755372,0.6458333333333334,0.7291666666666666,0.6666666666666666,1,1,1
0506tin2_13-05_crop_02.jpg,4,61,8.812923024107548,4.801280463533791,0.9508196721311475,0.9508196721311475,0.9508196721311475,1,1,1
0506tin2_13-05_crop_02.jpg,5,29,6.076507779746499,3.3104814384058923,0.0,0.0,0.0,0,0,0
0506tin2_14-04_crop_00.jpg,1,132,12.964089628857149,7.062836029801374,0.9621212121212122,0.946969696969697,0.946969696969697,1,1,1
0506tin2_14-04_crop_00.jpg,2,54,8.291859587312052,4.517405103167605,1.0,0.0,0.0,1,0,0
0506tin2_14-04_crop_00.jpg,3,61,8.812923024107548,4.801280463533791,1.0,0.0,0.0,1,0,0
0506tin2_14-04_crop_00.jpg,4,71,9.507891862878783,5.17989948689636,0.6901408450704225,0.7746478873239436,0.7323943661971831,1,1,1
0506tin2_14-04_crop_00.jpg,5,65,9.09728368293446,4.956200150462694,1.0,0.0,0.0,1,0,0
0506tin2_14-04_crop_00.jpg,6,35,6.6755811781245455,3.636856625842252,0.6,0.0,0.0,1,0,0
0506tin2_14-04_crop_00.jpg,7,96,11.055812783082736,6.023206804223474,0.9166666666666666,0.0,0.0,1,0,0
0506tin2_14-04_crop_00.jpg,8,77,9.901487006738307,5.394330121271029,0.8831168831168831,0.8961038961038961,0.8831168831168831,1,1,1
0506tin2_14-04_crop_00.jpg,9,83,10.280023453913834,5.6005567776922565,0.891566265060241,0.927710843373494,0.9036144578313253,1,1,1
0506tin2_14-04_crop_00.jpg,10,71,9.507891862878783,5.17989948689636,1.0,1.0,1.0,1,1,1
0506tin2_14-04_crop_00.jpg,11,105,11.562445770562215,6.299220455802295,0.9904761904761905,1.0,1.0,1,1,1
0506tin2_14-04_crop_00.jpg,12,68,9.304852983362556,5.06928390533592,1.0,1.0,1.0,1,1,1
0506tin2_14-04_crop_00.jpg,13,87,10.524820207108489,5.733922048832704,0.7011494252873564,0.7816091954022989,0.7126436781609196,1,1,1
0506tin2_14-04_crop_00.jpg,14,33,6.4820448144285745,3.531418014900687,0.696969696969697,0.7272727272727273,0.696969696969697,1,1,1
0506tin2_14-04_crop_00.jpg,15,44,7.48482063701911,4.077730283048011,0.8636363636363636,0.9318181818181818,0.8636363636363636,1,1,1
0506tin2_14-04_crop_00.jpg,16,114,12.047792665040703,6.563637443914175,0.9736842105263158,0.9824561403508771,0.9824561403508771,1,1,1
0506tin2_14-04_crop_00.jpg,17,24,5.527906391541368,3.011603402111737,0.0,0.0,0.0,0,0,0
0506tin2_14-04_crop_00.jpg,18,34,6.579524642479541,3.5845250252228533,0.0,0.0,0.0,0,0,0
0506tin2_14-05_crop_01.jpg,1,85,10.403141895720198,5.667631704788364,0.9058823529411765,0.9176470588235294,0.9176470588235294,1,1,1
0506tin2_14-05_crop_01.jpg,2,39,7.046725639945928,3.839056128642541,0.0,0.0,0.0,0,0,0
0506tin2_14-05_crop_01.jpg,3,102,11.396070970426017,6.208579464688094,0.9901960784313726,0.9901960784313726,0.9901960784313726,1,1,1
0506tin2_14-05_crop_01.jpg,4,72,9.574614729634384,5.2162501047048115,0.0,0.041666666666666664,0.0,0,0,0
0506tin2_14-05_crop_01.jpg,5,60,8.740387444736633,4.761763079892518,0.9666666666666667,0.9666666666666667,0.9333333333333333,1,1,1
0506tin2_14-05_crop_01.jpg,6,92,10.823032759612019,5.896388247436628,0.8152173913043478,0.8043478260869565,0.8043478260869565,1,1,1
0506tin2_14-08_crop_00.jpg,1,183,15.26443044094783,8.316061704228376,0.9234972677595629,0.9617486338797814,0.9344262295081968,1,1,1
0506tin2_14-08_crop_00.jpg,2,37,6.863662517577698,3.7393233395763295,0.918918918918919,0.9459459459459459,0.918918918918919,1,1,1
0506tin2_14-08_crop_00.jpg,3,208,16.273715780512877,8.865920357223414,0.9230769230769231,0.9326923076923077,0.9230769230769231,1,1,1
0506tin2_14-08_crop_00.jpg,4,94,10.940041919714261,5.960134837860329,0.9680851063829787,0.9787234042553191,0.9787234042553191,1,1,1
0506tin2_14-08_crop_00.jpg,5,224,16.88803298257901,9.200600368909043,0.8883928571428571,0.9196428571428571,0.8973214285714286,1,1,1
0506tin2_14-08_crop_00.jpg,6,131,12.914889870235298,7.036032001304189,1.0,0.0,0.0,1,0,0
0506tin2_14-08_crop_00.jpg,7,27,5.863230142835039,3.194287781816529,0.0,0.0,0.0,0,0,0
0506tin2_14-08_crop_00.jpg,8,130,12.865501965161373,7.0091254706199155,0.9307692307692308,0.9384615384615385,0.9307692307692308,1,1,1
0506tin2_14-08_crop_00.jpg,9,95,10.998079684646791,5.991753812195571,0.4421052631578947,0.43157894736842106,0.4105263157894737,1,1,1
0506tin2_14-08_crop_00.jpg,10,125,12.6156626101008,6.873012989982915,0.952,0.976,0.952,1,1,1
0506tin2_14-08_crop_02.jpg,1,50,7.978845608028654,4.34687508725401,0.0,0.0,0.0,0,0,0
0506tin2_14-08_crop_02.jpg,2,19,4.918490759365935,2.679593765702561,0.21052631578947367,0.21052631578947367,0.21052631578947367,0,0,0
0506tin2_14-08_crop_02.jpg,3,79,10.02925341359355,5.463937259725765,0.9240506329113924,0.9493670886075949,0.9367088607594937,1,1,1
0506tin2_14-08_crop_02.jpg,4,87,10.524820207108489,5.733922048832704,0.9195402298850575,0.9425287356321839,0.9425287356321839,1,1,1
0506tin2_14-09_crop_00.jpg,1,51,8.058239062071396,4.390128641016496,0.5294117647058824,0.5686274509803921,0.5098039215686274,1,1,1
0506tin2_14-09_crop_00.jpg,2,184,15.306079714651624,8.338752228542203,0.7989130434782609,0.7663043478260869,0.7663043478260869,1,1,1
0506tin2_14-09_crop_00.jpg,3,33,6.4820448144285745,3.531418014900687,0.0,0.030303030303030304,0.0,0,0,0
0506tin2_14-09_crop_00.jpg,4,42,7.312732791431452,3.983976824771855,0.6904761904761905,0.7619047619047619,0.7142857142857143,1,1,1
0506tin2_14-09_crop_00.jpg,5,50,7.978845608028654,4.34687508725401,0.96,0.96,0.96,1,1,1
0506tin2_14-09_crop_00.jpg,6,98,11.170383851240114,6.085625122155614,0.8673469387755102,0.8673469387755102,0.8673469387755102,1,1,1
0506tin2_14-09_crop_00.jpg,7,46,7.653039857325812,4.169376114271102,1.0,1.0,1.0,1,1,1
0506tin2_14-09_crop_00.jpg,8,84,10.341765891652821,5.634194057772457,0.7261904761904762,0.8690476190476191,0.8214285714285714,1,1,1
0506tin2_14-09_crop_00.jpg,9,111,11.888212206450685,6.476698010074332,0.9279279279279279,0.9369369369369369,0.9279279279279279,1,1,1
0506tin2_14-09_crop_01.jpg,1,97,11.11324596323283,6.054496400769245,0.0,0.0,0.0,0,0,0
0506tin2_14-10_crop_00.jpg,1,66,9.166995688475081,4.994179251081224,0.8787878787878788,0.0,0.0,1,0,0
0506tin2_14-10_crop_00.jpg,2,62,8.884866446580956,4.840475240097304,0.5645161290322581,0.6451612903225806,0.5806451612903226,1,1,1
0506tin2_14-10_crop_00.jpg,3,77,9.901487006738307,5.394330121271029,0.7142857142857143,0.7532467532467533,0.7272727272727273,1,1,1
0506tin2_14-10_crop_00.jpg,4,67,9.23618154310838,5.031871704685445,0.8656716417910447,0.2835820895522388,0.2835820895522388,1,0,0
0506tin2_14-10_crop_00.jpg,5,30,6.180387232371033,3.3670749641957385,0.9333333333333333,0.0,0.0,1,0,0
0506tin2_14-10_crop_00.jpg,6,46,7.653039857325812,4.169376114271102,0.0,0.0,0.0,0,0,0
0506tin2_14-10_crop_00.jpg,7,242,17.55346033766304,9.563125191958823,0.9586776859504132,0.9669421487603306,0.9504132231404959,1,1,1
0506tin2_14-10_crop_00.jpg,8,37,6.863662517577698,3.7393233395763295,0.0,0.0,0.0,0,0,0
0506tin2_14-10_crop_00.jpg,9,26,5.753627391751592,3.134576203026267,0.0,0.0,0.0,0,0,0
0506tin2_14-10_crop_00.jpg,10,143,13.493452297211721,7.351232811520945,0.8391608391608392,0.8881118881118881,0.8391608391608392,1,1,1
0506tin2_14-10_crop_00.jpg,11,40,7.136496464611085,3.8879632739201186,0.0,0.0,0.0,0,0,0
0506tin2_14-10_crop_00.jpg,12,99,11.227230955528665,6.116595424572016,0.6161616161616161,0.6464646464646465,0.6161616161616161,1,1,1
0506tin2_14-16_crop_00.jpg,1,204,16.11647812414279,8.780257282032991,0.8186274509803921,0.8382352941176471,0.8137254901960784,1,1,1
0506tin2_14-16_crop_00.jpg,2,110,11.834540545406394,6.447457689137403,0.9181818181818182,0.9363636363636364,0.9181818181818182,1,1,1
0506tin2_14-16_crop_00.jpg,3,120,12.360774464742066,6.734149928391477,0.8416666666666667,0.8416666666666667,0.825,1,1,1
0506tin2_14-16_crop_00.jpg,4,112,11.941642642883693,6.5058069118430355,0.9464285714285714,0.9732142857142857,0.9464285714285714,1,1,1
0506tin2_14-16_crop_00.jpg,5,345,20.958712816717327,11.418306742547598,0.9391304347826087,0.9652173913043478,0.9478260869565217,1,1,1
0506tin2_14-16_crop_00.jpg,6,451,23.96311821686732,13.055106804549315,0.8913525498891353,0.9290465631929047,0.9135254988913526,1,1,1
0506tin2_14-16_crop_00.jpg,7,210,16.351767622932517,8.908443000973634,0.7952380952380952,0.8380952380952381,0.8,1,1,1
0506tin2_14-16_crop_00.jpg,8,79,10.02925341359355,5.463937259725765,0.6582278481012658,0.7341772151898734,0.6582278481012658,1,1,1
0506tin2_14-16_crop_00.jpg,9,72,9.574614729634384,5.2162501047048115,0.8888888888888888,0.08333333333333333,0.08333333333333333,1,0,0
0506tin2_14-16_crop_00.jpg,10,66,9.166995688475081,4.994179251081224,0.0,0.25757575757575757,0.0,0,0,0
0506tin2_14-16_crop_00.jpg,11,281,18.91508160359296,10.304936457637444,0.708185053380783,0.7153024911032029,0.701067615658363,1,1,1
0506tin2_14-16_crop_00.jpg,12,74,9.706684619910241,5.288201780927099,0.7837837837837838,0.7702702702702703,0.7567567567567568,1,1,1
0506tin2_14-16_crop_00.jpg,13,290,19.21560480373171,10.468661497073036,0.6586206896551724,0.6793103448275862,0.6586206896551724,1,1,1
0506tin2_14-16_crop_00.jpg,14,269,18.5067943613625,10.082501568070288,0.9256505576208178,0.9516728624535316,0.929368029739777,1,1,1
0506tin2_14-16_crop_00.jpg,15,40,7.136496464611085,3.8879632739201186,0.0,0.0,0.0,0,0,0
0506tin2_14-16_crop_00.jpg,16,104,11.507254783503184,6.269152406052534,0.6634615384615384,0.7019230769230769,0.6538461538461539,1,1,1
0506tin2_14-16_crop_00.jpg,17,202,16.03728119216293,8.737110793490363,0.8465346534653465,0.8861386138613861,0.8564356435643564,1,1,1
0506tin2_14-16_crop_00.jpg,18,438,23.615226456547084,12.86557537352685,0.910958904109589,0.9452054794520548,0.9223744292237442,1,1,1
0506tin2_14-16_crop_00.jpg,19,50,7.978845608028654,4.34687508725401,0.48,0.8,0.62,1,1,1
0506tin2_14-16_crop_00.jpg,20,53,8.214724333230155,4.475381816743788,1.0,1.0,0.9811320754716981,1,1,1
0506tin2_14-16_crop_00.jpg,21,673,29.2726871606753,15.947759965135901,0.9346210995542348,0.9212481426448736,0.9108469539375929,1,1,1
0506tin2_14-16_crop_00.jpg,22,112,11.941642642883693,6.5058069118430355,0.6160714285714286,0.6964285714285714,0.6428571428571429,1,1,1
0506tin2_14-16_crop_00.jpg,23,298,19.47884453275087,10.612074501442672,0.9228187919463087,0.9463087248322147,0.9328859060402684,1,1,1
0506tin2_14-16_crop_00.jpg,24,102,11.396070970426017,6.208579464688094,0.7549019607843137,0.7745098039215687,0.7450980392156863,1,1,1
0506tin2_14-16_crop_00.jpg,25,193,15.67594437773643,8.540254496990807,0.8341968911917098,0.844559585492228,0.8393782383419689,1,1,1
0506tin2_14-16_crop_00.jpg,26,93,10.881694613449236,5.928347225407143,0.6344086021505376,0.3655913978494624,0.3010752688172043,1,1,1
0506tin2_14-16_crop_00.jpg,27,29,6.076507779746499,3.3104814384058923,0.0,0.06896551724137931,0.0,0,0,0
0506tin2_14-16_crop_02.jpg,1,193,15.67594437773643,8.540254496990807,0.9015544041450777,0.9481865284974094,0.9222797927461139,1,1,1
0506tin2_14-16_crop_02.jpg,2,29,6.076507779746499,3.3104814384058923,0.0,0.0,0.0,0,0,0
0506tin2_14-16_crop_02.jpg,3,42,7.312732791431452,3.983976824771855,0.4523809523809524,0.5952380952380952,0.47619047619047616,1,1,1
0506tin2_14-16_crop_02.jpg,4,168,14.625465582862905,7.96795364954371,0.7738095238095238,0.7916666666666666,0.7797619047619048,1,1,1
0506tin2_14-16_crop_02.jpg,5,252,17.91246396432554,9.758710367764554,0.5833333333333334,0.6547619047619048,0.623015873015873,1,1,1
0506tin2_14-16_crop_02.jpg,6,173,14.841510746523857,8.085655054706196,0.8786127167630058,0.9017341040462428,0.8901734104046243,1,1,1
0506tin2_14-16_crop_03.jpg,1,175,14.927053303604616,8.132258639803794,0.9257142857142857,0.96,0.9314285714285714,1,1,1
0506tin2_14-16_crop_03.jpg,2,165,14.494292838262302,7.896490738285301,0.9090909090909091,0.9272727272727272,0.9212121212121213,1,1,1
0506tin2_15-02_crop_01.jpg,1,173,14.841510746523857,8.085655054706196,0.8728323699421965,0.861271676300578,0.861271676300578,1,1,1
0506tin2_15-02_crop_01.jpg,2,43,7.399277020331919,4.031126120676829,0.6511627906976745,0.7441860465116279,0.6976744186046512,1,1,1
0506tin2_15-02_crop_01.jpg,3,59,8.667244841319219,4.72191498955071,0.8135593220338984,0.8135593220338984,0.7966101694915254,1,1,1
0506tin2_15-02_crop_01.jpg,4,43,7.399277020331919,4.031126120676829,0.23255813953488372,0.4186046511627907,0.2558139534883721,0,1,0
0506tin2_15-04_crop_01.jpg,1,130,12.865501965161373,7.0091254706199155,0.9923076923076923,0.9923076923076923,0.9846153846153847,1,1,1
0506tin2_15-04_crop_01.jpg,2,31,6.282549314314218,3.4227328664383854,0.8387096774193549,0.8387096774193549,0.8064516129032258,1,1,1
0506tin2_15-04_crop_01.jpg,3,30,6.180387232371033,3.3670749641957385,0.0,0.0,0.0,0,0,0
0506tin2_15-04_crop_01.jpg,4,31,6.282549314314218,3.4227328664383854,0.0,0.0,0.0,0,0,0
0506tin2_15-04_crop_01.jpg,5,62,8.884866446580956,4.840475240097304,0.9354838709677419,0.9354838709677419,0.9354838709677419,1,1,1
0506tin2_15-04_crop_01.jpg,6,50,7.978845608028654,4.34687508725401,0.56,0.74,0.6,1,1,1
0506tin2_15-04_crop_02.jpg,1,140,13.351162356249091,7.273713251684504,0.8785714285714286,0.8785714285714286,0.8785714285714286,1,1,1
0506tin2_15-04_crop_02.jpg,2,92,10.823032759612019,5.896388247436628,0.8586956521739131,0.9239130434782609,0.8695652173913043,1,1,1
0506tin2_15-12_crop_00.jpg,1,130,12.865501965161373,7.0091254706199155,0.9384615384615385,0.9384615384615385,0.9307692307692308,1,1,1
0506tin2_15-12_crop_00.jpg,2,22,5.292567428401227,2.8833907349929886,0.0,0.0,0.0,0,0,0
0506tin2_15-12_crop_00.jpg,3,204,16.11647812414279,8.780257282032991,0.9754901960784313,0.9852941176470589,0.9754901960784313,1,1,1
0506tin2_15-12_crop_00.jpg,4,201,15.99753570059363,8.71545744968341,0.7611940298507462,0.7960199004975125,0.7661691542288557,1,1,1
0506tin2_15-12_crop_00.jpg,5,55,8.368283871884005,4.559041053402406,0.7636363636363637,0.7454545454545455,0.7454545454545455,1,1,1
0506tin2_15-12_crop_00.jpg,6,118,12.257335203001883,6.677796218595425,0.9067796610169492,0.9067796610169492,0.9067796610169492,1,1,1
0506tin2_15-12_crop_00.jpg,7,192,15.635280380893438,8.518100751510744,0.9114583333333334,0.90625,0.8958333333333334,1,1,1
0506tin2_15-12_crop_00.jpg,8,156,14.093451279891855,7.678112257285082,0.8525641025641025,0.21794871794871795,0.21794871794871795,1,0,0
0506tin2_15-12_crop_00.jpg,9,113,11.994835078277376,6.534786150645513,0.8672566371681416,0.911504424778761,0.8849557522123894,1,1,1
0506tin2_15-12_crop_00.jpg,10,103,11.451797811161432,6.238939447520748,0.883495145631068,0.9223300970873787,0.8932038834951457,1,1,1
0506tin2_15-12_crop_00.jpg,11,162,14.361922094451577,7.824375157057219,0.9135802469135802,0.9382716049382716,0.9259259259259259,1,1,1
0506tin2_15-12_crop_00.jpg,12,80,10.092530088080641,5.498410391986333,0.9875,0.0,0.0,1,0,0
0506tin2_15-12_crop_00.jpg,13,43,7.399277020331919,4.031126120676829,0.4186046511627907,0.4186046511627907,0.37209302325581395,1,1,1
0506tin2_15-12_crop_00.jpg,14,49,7.898654169668588,4.303186791635446,0.7142857142857143,0.7346938775510204,0.7142857142857143,1,1,1
0506tin2_15-12_crop_00.jpg,15,53,8.214724333230155,4.475381816743788,0.4339622641509434,0.5471698113207547,0.49056603773584906,1,1,1
0506tin2_15-12_crop_00.jpg,16,81,10.155412503859614,5.532668732102717,0.6666666666666666,0.0,0.0,1,0,0
0506tin2_15-12_crop_00.jpg,17,28,5.970821321441846,3.2529034559215178,0.0,0.0,0.0,0,0,0
0506tin2_15-12_crop_00.jpg,18,126,12.666024736934256,6.900450276681782,0.7936507936507936,0.8174603174603174,0.7936507936507936,1,1,1
0506tin2_15-12_crop_00.jpg,19,59,8.667244841319219,4.72191498955071,0.0,0.0,0.0,0,0,0
0506tin2_15-12_crop_00.jpg,20,29,6.076507779746499,3.3104814384058923,0.0,0.0,0.0,0,0,0
0506tin2_15-12_crop_00.jpg,21,91,10.764051215546116,5.8642551022295235,0.967032967032967,0.978021978021978,0.967032967032967,1,1,1
0506tin2_15-12_crop_00.jpg,22,943,34.65061169280073,18.877653250237834,0.8451749734888653,0.897136797454931,0.8695652173913043,1,1,1
0506tin2_15-12_crop_00.jpg,23,44,7.48482063701911,4.077730283048011,0.7954545454545454,0.7954545454545454,0.7954545454545454,1,1,1
0506tin2_15-12_crop_01.jpg,1,202,16.03728119216293,8.737110793490363,0.8663366336633663,0.8316831683168316,0.8217821782178217,1,1,1
0506tin2_15-12_crop_01.jpg,2,142,13.446189622059965,7.325484106098268,0.9436619718309859,0.9577464788732394,0.9366197183098591,1,1,1
0506tin2_15-12_crop_01.jpg,3,72,9.574614729634384,5.2162501047048115,1.0,0.0,0.0,1,0,0
0506tin2_15-12_crop_01.jpg,4,27,5.863230142835039,3.194287781816529,1.0,0.0,0.0,1,0,0
0506tin2_15-12_crop_01.jpg,5,98,11.170383851240114,6.085625122155614,0.8673469387755102,0.8877551020408163,0.8877551020408163,1,1,1
0506tin2_15-12_crop_01.jpg,6,182,15.222667215103916,8.293309098788614,1.0,0.0,0.0,1,0,0
0506tin2_15-12_crop_01.jpg,7,103,11.451797811161432,6.238939447520748,0.9514563106796117,0.970873786407767,0.9514563106796117,1,1,1
0506tin2_15-16_crop_00.jpg,1,266,18.403307281560924,10.026121806994391,0.5037593984962406,0.5300751879699248,0.5075187969924813,1,1,1
0506tin2_15-16_crop_00.jpg,2,169,14.668929172241665,7.991632613037258,0.7810650887573964,0.8757396449704142,0.8106508875739645,1,1,1
0506tin2_15-16_crop_00.jpg,3,225,16.925687506432688,9.221114553504528,0.9244444444444444,0.96,0.9333333333333333,1,1,1
0506tin2_15-16_crop_00.jpg,4,57,8.51907589177983,4.64119254584165,0.0,0.0,0.0,0,0,0
0506tin2_15-16_crop_00.jpg,5,186,15.389040103942165,8.38394904862769,0.9301075268817204,0.946236559139785,0.9354838709677419,1,1,1
0506tin2_15-16_crop_00.jpg,6,153,13.957279475043833,7.60392585800388,0.9150326797385621,0.9477124183006536,0.9281045751633987,1,1,1
0506tin2_15-16_crop_00.jpg,7,97,11.11324596323283,6.054496400769245,0.9690721649484536,0.979381443298969,0.979381443298969,1,1,1
0506tin2_15-16_crop_00.jpg,8,51,8.058239062071396,4.390128641016496,1.0,0.5882352941176471,0.5882352941176471,1,1,1
0506tin2_15-16_crop_00.jpg,9,227,17.000746355818674,9.262006614650012,0.9559471365638766,0.9427312775330396,0.933920704845815,1,1,1
0506tin2_15-16_crop_00.jpg,10,97,11.11324596323283,6.054496400769245,0.8247422680412371,0.845360824742268,0.8350515463917526,1,1,1
0506tin2_15-16_crop_00.jpg,11,42,7.312732791431452,3.983976824771855,0.8333333333333334,0.5714285714285714,0.4523809523809524,1,1,1
0506tin2_15-16_crop_00.jpg,12,127,12.716187407449045,6.9277788995782394,0.6692913385826772,0.6299212598425197,0.6062992125984252,1,1,1
0506tin2_15-16_crop_00.jpg,13,47,7.735777827895049,4.214451760637222,0.9574468085106383,0.9361702127659575,0.9361702127659575,1,1,1
0506tin2_15-16_crop_00.jpg,14,157,14.138550439257221,7.702682279307333,0.9426751592356688,0.9617834394904459,0.9490445859872612,1,1,1
0506tin2_15-16_crop_02.jpg,1,192,15.635280380893438,8.518100751510744,0.875,0.8802083333333334,0.8802083333333334,1,1,1
0506tin2_15-16_crop_02.jpg,2,81,10.155412503859614,5.532668732102717,0.9259259259259259,0.9506172839506173,0.9259259259259259,1,1,1
0506tin2_15-20_crop_00.jpg,1,110,11.834540545406394,6.447457689137403,0.7090909090909091,0.7545454545454545,0.7090909090909091,1,1,1
0506tin2_15-20_crop_00.jpg,2,203,16.07692842495848,8.75871060591738,0.9359605911330049,0.9704433497536946,0.9605911330049262,1,1,1
0506tin2_15-20_crop_00.jpg,3,62,8.884866446580956,4.840475240097304,0.9032258064516129,0.9193548387096774,0.9193548387096774,1,1,1
0506tin2_15-20_crop_00.jpg,4,136,13.159049284959082,7.169050050445707,0.9632352941176471,0.0,0.0,1,0,0
0506tin2_15-20_crop_00.jpg,5,62,8.884866446580956,4.840475240097304,0.8548387096774194,0.6290322580645161,0.6290322580645161,1,1,1
0506tin2_15-20_crop_00.jpg,6,35,6.6755811781245455,3.636856625842252,0.7428571428571429,0.6571428571428571,0.6571428571428571,1,1,1
0506tin2_15-20_crop_00.jpg,7,23,5.4115163798060095,2.948194123718314,1.0,1.0,1.0,1,1,1
0506tin2_15-20_crop_00.jpg,8,104,11.507254783503184,6.269152406052534,0.9615384615384616,0.875,0.8557692307692307,1,1,1
0506tin2_15-20_crop_00.jpg,9,116,12.153015559492998,6.6209628768117845,0.8706896551724138,0.8362068965517241,0.8189655172413793,1,1,1
0506tin2_15-20_crop_00.jpg,10,91,10.764051215546116,5.8642551022295235,0.978021978021978,0.967032967032967,0.967032967032967,1,1,1
0506tin2_15-20_crop_00.jpg,11,137,13.207339536360731,7.1953585794093256,0.6934306569343066,0.7226277372262774,0.6861313868613139,1,1,1
0506tin2_15-20_crop_00.jpg,12,267,18.437867513470433,10.044950221338691,0.8689138576779026,0.8689138576779026,0.8614232209737828,1,1,1
0506tin2_15-20_crop_00.jpg,13,40,7.136496464611085,3.8879632739201186,0.575,0.0,0.0,1,0,0
0506tin2_15-20_crop_00.jpg,14,86,10.464157913908982,5.700873231497613,0.9418604651162791,0.9418604651162791,0.9418604651162791,1,1,1
0506tin2_15-20_crop_00.jpg,15,66,9.166995688475081,4.994179251081224,0.7878787878787878,0.8181818181818182,0.7878787878787878,1,1,1
0506tin2_15-20_crop_00.jpg,16,105,11.562445770562215,6.299220455802295,0.8285714285714286,0.8571428571428571,0.8285714285714286,1,1,1
0506tin2_15-20_crop_00.jpg,17,61,8.812923024107548,4.801280463533791,0.9836065573770492,1.0,0.9836065573770492,1,1,1
0506tin2_15-20_crop_00.jpg,18,32,6.383076486422923,3.477500069803208,0.125,0.125,0.125,0,0,0
tin436_01-06_crop_00.jpg,1,65,9.09728368293446,4.956200150462694,0.9076923076923077,0.8923076923076924,0.8769230769230769,1,1,1
tin436_01-06_crop_00.jpg,2,215,16.545286401814263,9.01387203170841,0.7069767441860465,0.6744186046511628,0.6651162790697674,1,1,1
tin436_01-06_crop_01.jpg,1,63,8.95623198216277,4.879355183882277,0.3333333333333333,0.031746031746031744,0.0,1,0,0
tin436_01-06_crop_01.jpg,2,52,8.136857890256438,4.432960178611707,0.6153846153846154,0.5192307692307693,0.5192307692307693,1,1,1
tin436_02-04_crop_01.jpg,1,161,14.317526556719258,7.800188468100651,0.84472049689441,0.8385093167701864,0.8385093167701864,1,1,1
tin436_02-04_crop_01.jpg,2,158,14.183506197980657,7.727174176659862,0.9683544303797469,0.9620253164556962,0.9556962025316456,1,1,1
tin436_02-04_crop_01.jpg,3,122,12.463355264843006,6.790035948286469,0.8114754098360656,0.7704918032786885,0.7704918032786885,1,1,1
tin436_02-06_crop_02.jpg,1,127,12.716187407449045,6.9277788995782394,0.0,0.0,0.0,0,0,0
tin436_02-06_crop_02.jpg,2,32,6.383076486422923,3.477500069803208,0.0,0.0,0.0,0,0,0
tin436_02-09_crop_00.jpg,1,145,13.58748446131949,7.402461534526857,0.8896551724137931,0.9379310344827586,0.9103448275862069,1,1,1
tin436_02-09_crop_00.jpg,2,89,10.645107772184812,5.799454714286285,0.6404494382022472,0.43820224719101125,0.42696629213483145,1,1,1
tin436_02-09_crop_00.jpg,3,176,14.96964127403822,8.155460566096021,0.7443181818181818,0.14772727272727273,0.14772727272727273,1,0,0
tin436_02-09_crop_00.jpg,4,189,15.512648837479231,8.451291086658685,0.9735449735449735,0.9788359788359788,0.9735449735449735,1,1,1
tin436_02-09_crop_00.jpg,5,78,9.965574970333758,5.429245243837831,0.0,0.0,0.0,0,0,0
tin436_02-09_crop_00.jpg,6,246,17.697935698969246,9.641835368798445,0.8495934959349594,0.8617886178861789,0.8455284552845529,1,1,1
tin436_03-06_crop_00.jpg,1,158,14.183506197980657,7.727174176659862,0.9620253164556962,0.9493670886075949,0.9430379746835443,1,1,1
tin436_03-06_crop_00.jpg,2,37,6.863662517577698,3.7393233395763295,1.0,1.0,1.0,1,1,1
tin436_03-06_crop_00.jpg,3,61,8.812923024107548,4.801280463533791,0.8032786885245902,0.4098360655737705,0.4098360655737705,1,1,1
tin436_03-06_crop_00.jpg,4,68,9.304852983362556,5.06928390533592,0.5147058823529411,0.6323529411764706,0.5441176470588235,1,1,1
tin436_03-06_crop_00.jpg,5,51,8.058239062071396,4.390128641016496,0.9215686274509803,0.8823529411764706,0.8823529411764706,1,1,1
tin436_04-06_crop_01.jpg,1,187,15.430353037616328,8.406456334893376,0.893048128342246,0.8983957219251337,0.893048128342246,1,1,1
tin436_04-08_crop_03.jpg,1,7,2.985410660720923,1.6264517279607589,0.0,0.0,0.0,0,0,0
tin436_05-04_crop_00.jpg,1,133,13.013103375051497,7.089538718728055,0.7293233082706767,0.7142857142857143,0.7142857142857143,1,1,1
tin436_05-04_crop_01.jpg,1,342,20.867389014906145,11.368553535320867,0.2894736842105263,0.4239766081871345,0.3538011695906433,0,1,1
tin_0731_01-04_crop_00.jpg,1,300,19.544100476116796,10.64762593938843,0.0,0.6633333333333333,0.0,0,1,0
tin_0731_01-04_crop_00.jpg,2,602,27.685559519911603,15.08309282644784,0.978405315614618,0.9916943521594684,0.9833887043189369,1,1,1
tin_0731_01-04_crop_00.jpg,3,184,15.306079714651624,8.338752228542203,0.005434782608695652,0.8858695652173914,0.005434782608695652,0,1,0
tin_0731_01-10_crop_00.jpg,1,109,11.780624362746345,6.418084152824208,0.7981651376146789,0.8348623853211009,0.8165137614678899,1,1,1
tin_0731_01-10_crop_00.jpg,2,295,19.38054864282415,10.558522900610596,0.8949152542372881,0.8983050847457628,0.8915254237288136,1,1,1
tin_0731_01-10_crop_00.jpg,3,134,13.061933202803933,7.116141208887583,0.8582089552238806,0.7835820895522388,0.7835820895522388,1,1,1
tin_0731_01-10_crop_00.jpg,4,136,13.159049284959082,7.169050050445707,1.0,0.0,0.0,1,0,0
tin_0731_01-19_crop_00.jpg,1,125,12.6156626101008,6.873012989982915,0.856,0.872,0.856,1,1,1
tin_0731_01-25_crop_00.jpg,1,290,19.21560480373171,10.468661497073036,0.9689655172413794,0.9793103448275862,0.9724137931034482,1,1,1
tin_0731_01-25_crop_00.jpg,2,188,15.471555655790098,8.428903521274444,0.7553191489361702,0.7393617021276596,0.7393617021276596,1,1,1
tin_0731_01-26_crop_00.jpg,1,288,19.149229459268767,10.432500209409623,0.9305555555555556,0.9236111111111112,0.9166666666666666,1,1,1
tin_0731_01-27_crop_00.jpg,1,146,13.63425735166143,7.427943405185147,0.8972602739726028,0.0,0.0,1,0,0
tin_0731_01-27_crop_00.jpg,2,448,23.883285285767386,13.011613823686071,1.0,1.0,1.0,1,1,1
tin_0731_01-30_crop_02.jpg,1,248,17.769732893161912,9.680950480194609,0.9395161290322581,0.9032258064516129,0.8991935483870968,1,1,1
tin_0731_01-31_crop_00.jpg,1,532,26.026206750102993,14.17907743745611,0.7631578947368421,0.7424812030075187,0.7387218045112782,1,1,1
tin_0731_01-31_crop_00.jpg,2,484,24.824341676101277,13.524301345139975,0.9628099173553719,0.9648760330578512,0.9628099173553719,1,1,1
tin_0731_01-31_crop_00.jpg,3,269,18.5067943613625,10.082501568070288,0.9330855018587361,0.8773234200743495,0.8698884758364313,1,1,1
tin_0731_02-05_crop_01.jpg,1,155,14.048207338801282,7.6534633581789375,0.8064516129032258,0.8193548387096774,0.8064516129032258,1,1,1
tin_0731_02-05_crop_01.jpg,2,85,10.403141895720198,5.667631704788364,0.5529411764705883,0.5411764705882353,0.5294117647058824,1,1,1
tin_0731_02-05_crop_01.jpg,3,139,13.303394180365686,7.247689149463225,0.5611510791366906,0.38848920863309355,0.34532374100719426,1,1,1
tin_0731_02-12_crop_00.jpg,1,147,13.680870333281758,7.453338157571901,0.7959183673469388,0.8095238095238095,0.7959183673469388,1,1,1
tin_0731_02-12_crop_00.jpg,2,142,13.446189622059965,7.325484106098268,0.8380281690140845,0.8732394366197183,0.8450704225352113,1,1,1
tin_0731_02-16_crop_01.jpg,1,564,26.797520467958073,14.599289150943557,0.7730496453900709,0.7943262411347518,0.7783687943262412,1,1,1
tin_0731_02-23_crop_00.jpg,1,489,24.952237121658943,13.593978783879791,0.869120654396728,0.9059304703476483,0.8752556237218814,1,1,1
tin_0731_02-25_crop_01.jpg,1,557,26.63070457981699,14.508407855084295,0.8797127468581688,0.9389587073608617,0.9281867145421903,1,1,1
tin_0731_02-28_crop_02.jpg,1,296,19.413369239820483,10.576403561854198,0.7567567567567568,0.8277027027027027,0.7905405405405406,1,1,1
tin_0731_02-28_crop_02.jpg,2,408,22.792141940852034,12.417158929376187,0.8627450980392157,0.8946078431372549,0.8725490196078431,1,1,1
tin_0731_03-13_crop_02.jpg,1,172,14.798554040663838,8.062252241353658,0.8837209302325582,0.9302325581395349,0.9069767441860465,1,1,1
tin_0731_03-27_crop_02.jpg,1,218,16.66031874701878,9.07654165337583,0.8165137614678899,0.8761467889908257,0.8532110091743119,1,1,1
tin_0731_03-29_crop_03.jpg,1,145,13.58748446131949,7.402461534526857,0.9448275862068966,0.9448275862068966,0.9448275862068966,1,1,1
tin_0731_04-02_crop_00.jpg,1,919,34.20682887394876,18.635880370527282,0.795429815016322,0.8182807399347116,0.8052230685527747,1,1,1
tin_0731_04-10_crop_02.jpg,1,484,24.824341676101277,13.524301345139975,0.8636363636363636,0.8842975206611571,0.8739669421487604,1,1,1
tin_0731_04-17_crop_00.jpg,1,355,21.260292528114064,11.582607369316541,0.9267605633802817,0.952112676056338,0.9352112676056338,1,1,1
tin_0731_04-17_crop_00.jpg,2,67,9.23618154310838,5.031871704685445,0.7910447761194029,0.7910447761194029,0.7761194029850746,1,1,1
tin_0731_04-30_crop_00.jpg,1,389,22.255115881567058,12.124587132277732,0.781491002570694,0.7994858611825193,0.7892030848329049,1,1,1
tin_0731_05-01_crop_01.jpg,1,424,23.23474912642073,12.658291324074012,0.9316037735849056,0.9575471698113207,0.9457547169811321,1,1,1
tin_0731_05-01_crop_01.jpg,2,284,19.015783725757565,10.35979897379272,0.971830985915493,0.9929577464788732,0.9753521126760564,1,1,1
tin_0731_05-05_crop_00.jpg,1,126,12.666024736934256,6.900450276681782,0.9444444444444444,0.9682539682539683,0.9603174603174603,1,1,1
tin_0731_05-05_crop_00.jpg,2,252,17.91246396432554,9.758710367764554,0.9523809523809523,0.9722222222222222,0.9642857142857143,1,1,1
tin_0731_05-05_crop_01.jpg,1,229,17.075475271404667,9.302718927861262,0.9694323144104804,0.9868995633187773,0.9737991266375546,1,1,1
tin_0731_05-05_crop_01.jpg,2,514,25.582125126616702,13.937141768980778,0.9630350194552529,0.9727626459143969,0.9649805447470817,1,1,1
tin_0731_05-05_crop_01.jpg,3,157,14.138550439257221,7.702682279307333,0.9235668789808917,0.9490445859872612,0.9299363057324841,1,1,1
tin_0731_05-07_crop_01.jpg,1,207,16.23454913941803,8.84458237115494,0.8164251207729468,0.8405797101449275,0.8260869565217391,1,1,1
tin_0731_05-07_crop_01.jpg,2,114,12.047792665040703,6.563637443914175,0.9210526315789473,0.8333333333333334,0.8333333333333334,1,1,1
tin_0731_05-09_crop_01.jpg,1,140,13.351162356249091,7.273713251684504,0.9857142857142858,0.9928571428571429,0.9857142857142858,1,1,1
tin_0731_05-09_crop_02.jpg,1,120,12.360774464742066,6.734149928391477,0.875,0.9083333333333333,0.9,1,1,1
tin_0731_05-10_crop_01.jpg,1,411,22.875783109789968,12.462726638213573,0.9732360097323601,0.9781021897810219,0.975669099756691,1,1,1
tin_0731_05-10_crop_01.jpg,2,283,18.982275710779543,10.341543807232695,0.9646643109540636,0.9646643109540636,0.9540636042402827,1,1,1
tin_0731_05-11_crop_00.jpg,1,106,11.617374563210365,6.329145662037006,0.9716981132075472,1.0,0.9716981132075472,1,1,1
tin_0731_05-20_crop_00.jpg,1,293,19.314740138231286,10.522670427308404,0.9863481228668942,0.9692832764505119,0.9658703071672355,1,1,1
tin_0731_05-20_crop_00.jpg,2,79,10.02925341359355,5.463937259725765,0.0,0.0,0.0,0,0,0
tin_0731_05-20_crop_00.jpg,3,238,17.407785949022028,9.4837617850272,0.9831932773109243,0.0,0.0,1,0,0
tin_0731_05-20_crop_00.jpg,4,118,12.257335203001883,6.677796218595425,0.8983050847457628,0.9322033898305084,0.9067796610169492,1,1,1
tin_0731_05-20_crop_00.jpg,5,137,13.207339536360731,7.1953585794093256,0.9781021897810219,0.9562043795620438,0.9562043795620438,1,1,1
tin_0731_05-20_crop_00.jpg,6,71,9.507891862878783,5.17989948689636,0.9859154929577465,0.9859154929577465,0.9859154929577465,1,1,1
tin_0731_05-22_crop_01.jpg,1,356,21.290215544369623,11.59890942857257,0.8848314606741573,0.901685393258427,0.8848314606741573,1,1,1
tin_0731_05-22_crop_01.jpg,2,202,16.03728119216293,8.737110793490363,0.9851485148514851,0.801980198019802,0.801980198019802,1,1,1
tin_0731_05-22_crop_01.jpg,3,303,19.64157789116634,10.70073163510742,0.9702970297029703,0.0,0.0,1,0,0
tin_0731_05-22_crop_01.jpg,4,280,18.881394877652593,10.28658392934513,0.8892857142857142,0.0,0.0,1,0,0
tin_0731_05-23_crop_00.jpg,1,256,18.0540666735282,9.835855523738163,0.95703125,0.9765625,0.97265625,1,1,1
tin_0731_05-25_crop_00.jpg,1,316,20.0585068271871,10.92787451945153,0.9810126582278481,0.9873417721518988,0.9841772151898734,1,1,1
tin_0731_05-25_crop_00.jpg,2,89,10.645107772184812,5.799454714286285,0.9101123595505618,0.9101123595505618,0.9101123595505618,1,1,1
tin_0731_05-25_crop_00.jpg,3,104,11.507254783503184,6.269152406052534,0.8846153846153846,0.9038461538461539,0.8846153846153846,1,1,1
tin_0731_05-25_crop_00.jpg,4,75,9.772050238058398,5.323812969694215,0.92,0.92,0.92,1,1,1
tin_0731_05-25_crop_00.jpg,5,584,27.26851470332286,14.855886810370293,0.9931506849315068,0.1232876712328767,0.1232876712328767,1,0,0
tin_0731_05-25_crop_00.jpg,6,94,10.940041919714261,5.960134837860329,0.9574468085106383,0.9574468085106383,0.9574468085106383,1,1,1
tin_0731_05-31_crop_01.jpg,1,187,15.430353037616328,8.406456334893376,0.9679144385026738,0.9786096256684492,0.9786096256684492,1,1,1
tin_0731_06-01_crop_01.jpg,1,193,15.67594437773643,8.540254496990807,0.8963730569948186,0.9067357512953368,0.9015544041450777,1,1,1
tin_0731_06-03_crop_00.jpg,1,769,31.29091257699814,17.047289171948584,0.6098829648894668,0.6189856957087126,0.6098829648894668,1,1,1
tin_0731_06-05_crop_01.jpg,1,93,10.881694613449236,5.928347225407143,0.7311827956989247,0.7311827956989247,0.7204301075268817,1,1,1
tin_0731_06-08_crop_00.jpg,1,90,10.704744696916627,5.831944910880178,0.8555555555555555,0.8111111111111111,0.8,1,1,1
tin_0731_06-09_crop_01.jpg,1,134,13.061933202803933,7.116141208887583,0.9253731343283582,0.9402985074626866,0.9253731343283582,1,1,1
tin_0731_06-16_crop_01.jpg,1,134,13.061933202803933,7.116141208887583,0.5373134328358209,0.582089552238806,0.5671641791044776,1,1,1
tin_0731_06-19_crop_02.jpg,1,629,28.299605538565682,15.417625097410582,0.8616852146263911,0.8871224165341812,0.8744038155802861,1,1,1
tin_0731_06-19_crop_02.jpg,2,245,17.66192765414112,9.622218185976081,0.673469387755102,0.7142857142857143,0.6816326530612244,1,1,1
tin_0731_06-19_crop_02.jpg,3,454,24.04268606686374,13.098455369227365,0.8436123348017621,0.8590308370044053,0.8480176211453745,1,1,1
tin_0731_06-20_crop_01.jpg,1,127,12.716187407449045,6.9277788995782394,0.4330708661417323,0.4330708661417323,0.4330708661417323,1,1,1
tin_0731_06-20_crop_01.jpg,2,264,18.333991376950163,9.988358502162448,0.9128787878787878,0.875,0.8712121212121212,1,1,1
tin_0731_06-22_crop_03.jpg,1,195,15.756957549709801,8.584390473081898,0.8358974358974359,0.8871794871794871,0.8461538461538461,1,1,1
tin_0731_06-24_crop_01.jpg,1,132,12.964089628857149,7.062836029801374,0.7878787878787878,0.8181818181818182,0.7954545454545454,1,1,1
tin_0731_07-01_crop_00.jpg,1,161,14.317526556719258,7.800188468100651,0.9006211180124224,0.9006211180124224,0.8881987577639752,1,1,1
tin_0731_07-01_crop_00.jpg,2,167,14.581872443920643,7.944204107447965,0.7664670658682635,0.8143712574850299,0.7664670658682635,1,1,1
tin_0731_07-01_crop_00.jpg,3,160,14.27299292922217,7.775926547840237,0.91875,0.9375,0.9125,1,1,1
tin_0731_07-05_crop_00.jpg,1,133,13.013103375051497,7.089538718728055,0.0,0.0,0.0,0,0,0
tin_0731_07-05_crop_00.jpg,2,88,10.585134856802455,5.766781469985977,0.9090909090909091,0.0,0.0,1,0,0
tin_0731_07-05_crop_02.jpg,1,105,11.562445770562215,6.299220455802295,1.0,1.0,1.0,1,1,1
tin_0731_07-08_crop_01.jpg,1,135,13.110581167104948,7.142644619838776,0.9111111111111111,0.9333333333333333,0.9259259259259259,1,1,1
tin_0731_07-10_crop_01.jpg,1,120,12.360774464742066,6.734149928391477,0.0,0.5,0.0,0,1,0
tin_0731_07-12_crop_00.jpg,1,190,15.553633450087505,8.473619503607672,0.7789473684210526,0.7473684210526316,0.7210526315789474,1,1,1
tin_0731_07-12_crop_00.jpg,2,552,26.510907730475957,14.4431425315633,0.9184782608695652,0.9184782608695652,0.9112318840579711,1,1,1
tin_0731_07-12_crop_00.jpg,3,161,14.317526556719258,7.800188468100651,0.9130434782608695,0.906832298136646,0.906832298136646,1,1,1
tin_0731_07-13_crop_00.jpg,1,90,10.704744696916627,5.831944910880178,0.9777777777777777,0.9888888888888889,0.9888888888888889,1,1,1
tin_0731_07-17_crop_00.jpg,1,140,13.351162356249091,7.273713251684504,0.0,0.0,0.0,0,0,0
tin_0731_07-17_crop_00.jpg,2,354,21.23032733700184,11.5662823331986,0.9265536723163842,0.940677966101695,0.9322033898305084,1,1,1
tin_0731_07-19_crop_00.jpg,1,121,12.412170838050638,6.762150672569987,0.8512396694214877,0.8429752066115702,0.8429752066115702,1,1,1
tin_0731_07-19_crop_00.jpg,2,234,17.26088217525478,9.403728609078803,0.8290598290598291,0.8247863247863247,0.811965811965812,1,1,1
tin_0731_07-19_crop_00.jpg,3,223,16.85029431422316,9.180040342388777,0.9103139013452914,0.9192825112107623,0.9103139013452914,1,1,1
tin_0731_07-19_crop_00.jpg,4,200,15.957691216057308,8.69375017450802,0.97,0.99,0.98,1,1,1
tin_0731_07-19_crop_00.jpg,5,165,14.494292838262302,7.896490738285301,0.9515151515151515,0.0,0.0,1,0,0
tin_0731_07-22_crop_02.jpg,1,171,14.755472278097805,8.038781297107684,0.8538011695906432,0.8830409356725146,0.8654970760233918,1,1,1
tin_0731_07-22_crop_03.jpg,1,97,11.11324596323283,6.054496400769245,0.8762886597938144,0.9175257731958762,0.8865979381443299,1,1,1
tin_0731_07-26_crop_01.jpg,1,145,13.58748446131949,7.402461534526857,0.8344827586206897,0.8758620689655172,0.8344827586206897,1,1,1
tin_0731_07-26_crop_01.jpg,2,209,16.312788383647018,8.887207111410895,0.9904306220095693,0.9952153110047847,0.9952153110047847,1,1,1
tin_0731_07-26_crop_01.jpg,3,126,12.666024736934256,6.900450276681782,0.7142857142857143,0.7380952380952381,0.7142857142857143,1,1,1
tin_0731_07-30_crop_01.jpg,1,410,22.847936741452536,12.44755593674334,1.0,1.0,0.9975609756097561,1,1,1
tin_0731_07-30_crop_01.jpg,2,322,20.248040236149336,11.031132320654157,0.9782608695652174,0.9627329192546584,0.9596273291925466,1,1,1
tin_0731_08-01_crop_00.jpg,1,101,11.340070282773887,6.178070290055213,0.8613861386138614,0.9108910891089109,0.8811881188118812,1,1,1
tin_0731_08-01_crop_02.jpg,1,400,22.56758334191025,12.294819404672703,0.8525,0.0,0.0,1,0,0
tin_0731_08-03_crop_00.jpg,1,65,9.09728368293446,4.956200150462694,0.9538461538461539,0.9538461538461539,0.9538461538461539,1,1,1
tin_0731_08-03_crop_00.jpg,2,40,7.136496464611085,3.8879632739201186,0.75,0.75,0.75,1,1,1
tin_0731_08-29_crop_01.jpg,1,318,20.12188299403865,10.962401855152255,0.9025157232704403,0.9182389937106918,0.9056603773584906,1,1,1
tin_0731_08-29_crop_01.jpg,2,239,17.44431859350499,9.503664769741517,0.7824267782426778,0.7740585774058577,0.7740585774058577,1,1,1
tin_0731_09-02_crop_00.jpg,1,183,15.26443044094783,8.316061704228376,0.9890710382513661,0.7759562841530054,0.7759562841530054,1,1,1
tin_0731_09-04_crop_01.jpg,1,228,17.03815178355966,9.2823850916833,0.9649122807017544,0.9780701754385965,0.9736842105263158,1,1,1
tin_0731_09-04_crop_01.jpg,2,185,15.347615963921077,8.361381177144203,0.7837837837837838,0.8,0.7945945945945946,1,1,1
tin_0731_09-04_crop_01.jpg,3,584,27.26851470332286,14.855886810370293,0.9674657534246576,0.9691780821917808,0.9691780821917808,1,1,1
tin_0731_09-08_crop_00.jpg,1,93,10.881694613449236,5.928347225407143,0.5698924731182796,0.5698924731182796,0.5698924731182796,1,1,1
tin_0731_09-08_crop_00.jpg,2,93,10.881694613449236,5.928347225407143,0.6451612903225806,0.6774193548387096,0.6559139784946236,1,1,1
tin_0731_09-08_crop_00.jpg,3,144,13.540550005146152,7.376891642803622,0.9930555555555556,0.9930555555555556,0.9930555555555556,1,1,1
tin_0731_09-08_crop_00.jpg,4,466,24.35835848013133,13.270433699975547,0.9721030042918455,0.9849785407725322,0.9785407725321889,1,1,1
tin_0731_09-13_crop_01.jpg,1,294,19.347672370394786,10.540611907391078,0.95578231292517,0.0,0.0,1,0,0
tin_0731_09-13_crop_01.jpg,2,375,21.850968611841584,11.904407699731294,0.8986666666666666,0.2,0.2,1,0,0
tin_0731_09-14_crop_02.jpg,1,267,18.437867513470433,10.044950221338691,0.8876404494382022,0.8876404494382022,0.8876404494382022,1,1,1
tin_0731_09-18_crop_00.jpg,1,205,16.15593100600236,8.801751212070084,0.7902439024390244,0.824390243902439,0.7902439024390244,1,1,1
tin_0731_09-18_crop_00.jpg,2,53,8.214724333230155,4.475381816743788,0.9245283018867925,0.0,0.0,1,0,0
tin_0731_09-18_crop_00.jpg,3,221,16.774562271083887,9.1387815252865,0.8190045248868778,0.8280542986425339,0.8235294117647058,1,1,1
tin_0731_09-18_crop_00.jpg,4,231,17.14987856615383,9.343253842840607,0.974025974025974,0.9913419913419913,0.9783549783549783,1,1,1
tin_0731_09-18_crop_00.jpg,5,78,9.965574970333758,5.429245243837831,1.0,0.0,0.0,1,0,0
tin_0731_09-18_crop_00.jpg,6,321,20.216574731145414,11.01398991352802,0.9439252336448598,0.9439252336448598,0.9376947040498442,1,1,1
tin_0731_09-18_crop_00.jpg,7,500,25.2313252202016,13.74602597996583,0.954,0.0,0.0,1,0,0
tin_0731_09-21_crop_02.jpg,1,124,12.565098628628435,6.845465732876771,0.8387096774193549,0.8225806451612904,0.8064516129032258,1,1,1
tin_0731_09-22_crop_00.jpg,1,275,18.712051592547777,10.194325707620028,0.8472727272727273,0.8836363636363637,0.8618181818181818,1,1,1
tin_0731_09-22_crop_00.jpg,2,139,13.303394180365686,7.247689149463225,0.9568345323741008,0.9712230215827338,0.9712230215827338,1,1,1
tin_0731_09-22_crop_00.jpg,3,689,29.618609797263055,16.13621861754891,0.9912917271407837,1.0,1.0,1,1,1
tin_0731_09-26_crop_00.jpg,1,147,13.680870333281758,7.453338157571901,0.0,0.43537414965986393,0.1564625850340136,0,1,0
tin_0731_09-26_crop_00.jpg,2,127,12.716187407449045,6.9277788995782394,0.0,0.0,0.0,0,0,0
tin_0731_09-29_crop_01.jpg,1,326,20.37341629633241,11.099437198241898,0.9171779141104295,0.9570552147239264,0.9386503067484663,1,1,1
tin_0731_09-31_crop_01.jpg,1,164,14.450303987687134,7.87252561249195,0.9085365853658537,0.9085365853658537,0.9085365853658537,1,1,1
tin_0731_09-31_crop_01.jpg,2,128,12.766152972845846,6.955000139606416,0.9140625,0.8515625,0.8515625,1,1,1
tin_0731_09-32_crop_00.jpg,1,294,19.347672370394786,10.540611907391078,0.8673469387755102,0.7074829931972789,0.7006802721088435,1,1,1
tin_0731_09-32_crop_00.jpg,2,108,11.726460285670077,6.388575563633058,0.7314814814814815,0.5925925925925926,0.5925925925925926,1,1,1
tin_0731_10-02_crop_00.jpg,1,83,10.280023453913834,5.6005567776922565,0.891566265060241,0.963855421686747,0.9397590361445783,1,1,1
tin_0731_10-04_crop_00.jpg,1,1025,36.12575996921783,19.681314031229874,0.7775609756097561,0.8351219512195122,0.8087804878048781,1,1,1
tin_0731_10-04_crop_00.jpg,2,263,18.29923496393627,9.96942320835248,0.6539923954372624,0.6539923954372624,0.6387832699619772,1,1,1
tin_0731_10-05_crop_01.jpg,1,255,18.01877032173579,9.816626071281657,0.8588235294117647,0.8784313725490196,0.8666666666666667,1,1,1
tin_0731_10-06_crop_00.jpg,1,595,27.524126309792685,14.995144013575054,0.0,0.47058823529411764,0.005042016806722689,0,1,0
tin_0731_10-07_crop_01.jpg,1,371,21.73411767467788,11.840747309164508,0.9487870619946092,0.0,0.0,1,0,0
tin_0731_10-07_crop_02.jpg,1,293,19.314740138231286,10.522670427308404,0.856655290102389,0.856655290102389,0.8532423208191127,1,1,1
tin_0731_10-07_crop_02.jpg,2,491,25.003212122944625,13.62174996458023,0.7230142566191446,0.7474541751527495,0.7291242362525459,1,1,1
tin_0731_10-07_crop_02.jpg,3,290,19.21560480373171,10.468661497073036,0.8310344827586207,0.8413793103448276,0.8310344827586207,1,1,1
tin_0731_10-08_crop_00.jpg,1,105,11.562445770562215,6.299220455802295,0.0,0.0,0.0,0,0,0
tin_0731_10-08_crop_00.jpg,2,58,8.593479713983122,4.681727748178004,0.0,0.0,0.0,0,0,0
tin_0731_10-08_crop_00.jpg,3,644,28.635053113438516,15.600376936201302,0.8307453416149069,0.8586956521739131,0.8416149068322981,1,1,1
tin_0731_10-09_crop_01.jpg,1,650,28.76813695875796,15.672881015131335,0.7261538461538461,0.7523076923076923,0.7338461538461538,1,1,1
tin_0731_10-14_crop_00.jpg,1,159,14.228319915326999,7.7515886898701485,0.0,0.0,0.0,0,0,0
tin_0731_10-18_crop_00.jpg,1,211,16.39065416446578,8.929628388800955,0.8909952606635071,0.9004739336492891,0.8909952606635071,1,1,1
tin_0731_10-18_crop_00.jpg,2,206,16.195287778099022,8.823192781508347,0.8446601941747572,0.8980582524271845,0.8689320388349514,1,1,1
tin_0731_10-18_crop_01.jpg,1,398,22.511093682995384,12.264043838495883,0.8190954773869347,0.8994974874371859,0.864321608040201,1,1,1
tin_0731_10-18_crop_01.jpg,2,462,24.253590861306396,13.213356301239724,0.8593073593073594,0.9372294372294372,0.9090909090909091,1,1,1
tin_0731_10-24_crop_02.jpg,1,518,25.68147355921802,13.991266795061977,0.9382239382239382,0.9575289575289575,0.9498069498069498,1,1,1
tin_0731_10-30_crop_00.jpg,1,488,24.926710529686012,13.580071896572939,0.8565573770491803,0.8729508196721312,0.8627049180327869,1,1,1
