image,fp_type,component_id,area_px,x,y,w,h,majority_pred_class_id,majority_pred_class_name
0506tin1_1_30_crop_00.jpg,bg_to_strip_inclusion,1,2,406,34,2,1,6,TIND
0506tin1_1_30_crop_00.jpg,bg_to_strip_inclusion,2,3,418,134,1,3,6,TIND
0506tin1_1_30_crop_00.jpg,bg_to_strip_inclusion,3,2,413,147,2,1,6,TIND
0506tin1_1_30_crop_00.jpg,bg_to_strip_inclusion,4,2,415,157,2,2,6,TIND
0506tin1_1_30_crop_00.jpg,bg_to_strip_inclusion,7,3,408,166,1,3,6,TIND
0506tin1_1_30_crop_00.jpg,bg_to_strip_inclusion,9,7,649,196,3,7,6,TIND
0506tin1_1_30_crop_00.jpg,bg_to_strip_inclusion,10,12,646,201,3,12,6,TIND
0506tin1_1_30_crop_00.jpg,bg_to_strip_inclusion,11,9,650,207,2,7,6,TIND
0506tin1_1_30_crop_00.jpg,bg_to_strip_inclusion,12,2,891,226,2,1,6,TIND
0506tin1_1_30_crop_00.jpg,bg_to_strip_inclusion,13,4,890,228,1,4,6,TIND
0506tin1_1_30_crop_00.jpg,bg_to_strip_inclusion,14,25,415,366,6,6,5,TINB/TINC
0506tin1_1_30_crop_00.jpg,bg_to_strip_inclusion,15,2,421,375,1,2,5,TINB/TINC
0506tin1_1_30_crop_00.jpg,bg_to_strip_inclusion,16,9,419,416,3,7,6,TIND
0506tin1_1_30_crop_00.jpg,bg_to_strip_inclusion,18,17,674,592,3,10,6,TIND
0506tin1_1_30_crop_00.jpg,bg_to_strip_inclusion,19,16,670,594,3,9,6,TIND
0506tin1_1_30_crop_00.jpg,bg_to_strip_inclusion,20,9,415,609,5,4,6,TIND
0506tin1_1_30_crop_00.jpg,bg_to_strip_inclusion,21,24,422,609,4,13,6,TIND
0506tin1_1_30_crop_00.jpg,bg_to_strip_inclusion,22,3,416,754,1,3,5,TINB/TINC
0506tin1_1_30_crop_00.jpg,bg_to_strip_inclusion,24,38,892,769,6,8,6,TIND
0506tin1_1_30_crop_00.jpg,bg_to_strip_inclusion,25,63,666,773,5,15,6,TIND
0506tin1_1_30_crop_00.jpg,bg_to_strip_inclusion,26,3,416,778,1,3,5,TINB/TINC
0506tin1_1_30_crop_00.jpg,bg_to_strip_inclusion,27,7,666,936,1,7,6,TIND
0506tin1_1_30_crop_00.jpg,bg_to_strip_inclusion,28,26,664,992,6,14,5,TINB/TINC
0506tin1_1_30_crop_00.jpg,bg_to_strip_inclusion,29,4,669,998,1,4,5,TINB/TINC
0506tin1_1_30_crop_00.jpg,bg_to_strip_inclusion,30,4,669,1004,1,4,5,TINB/TINC
0506tin1_1_30_crop_00.jpg,bg_to_strip_inclusion,31,4,664,1009,1,4,5,TINB/TINC
0506tin1_1_30_crop_01.jpg,bg_to_strip_inclusion,1,7,500,747,3,5,5,TINB/TINC
0506tin1_1_32_crop_01.jpg,bg_to_strip_inclusion,1,13,173,775,3,8,5,TINB/TINC
0506tin1_1_32_crop_01.jpg,bg_to_strip_inclusion,2,38,175,792,8,13,5,TINB/TINC
0506tin1_1_32_crop_01.jpg,bg_to_strip_inclusion,4,26,179,825,4,14,5,TINB/TINC
0506tin1_1_32_crop_01.jpg,bg_to_strip_inclusion,5,6,183,836,1,6,5,TINB/TINC
0506tin1_1_32_crop_01.jpg,bg_to_strip_inclusion,6,3,185,882,1,3,5,TINB/TINC
0506tin1_1_32_crop_01.jpg,bg_to_strip_inclusion,10,3,189,921,1,3,5,TINB/TINC
0506tin1_1_32_crop_01.jpg,bg_to_strip_inclusion,11,25,187,927,2,19,5,TINB/TINC
0506tin1_1_32_crop_01.jpg,bg_to_strip_inclusion,12,10,191,974,2,7,5,TINB/TINC
0506tin1_1_32_crop_01.jpg,bg_to_strip_inclusion,13,3,187,977,2,3,5,TINB/TINC
0506tin1_1_32_crop_02.jpg,bg_to_strip_inclusion,1,19,16,29,7,4,5,TINB/TINC
0506tin1_1_32_crop_02.jpg,bg_to_strip_inclusion,2,30,15,35,4,11,5,TINB/TINC
0506tin1_1_32_crop_02.jpg,bg_to_strip_inclusion,3,5,24,36,1,5,5,TINB/TINC
0506tin1_1_32_crop_02.jpg,bg_to_strip_inclusion,4,19,22,44,2,16,5,TINB/TINC
0506tin1_1_32_crop_02.jpg,bg_to_strip_inclusion,5,9,14,58,2,9,5,TINB/TINC
0506tin1_1_32_crop_02.jpg,bg_to_strip_inclusion,6,42,16,80,4,13,5,TINB/TINC
0506tin1_1_32_crop_02.jpg,bg_to_strip_inclusion,7,5,386,300,1,5,5,TINB/TINC
0506tin1_1_32_crop_02.jpg,bg_to_strip_inclusion,8,28,383,462,4,10,5,TINB/TINC
0506tin1_1_32_crop_02.jpg,bg_to_strip_inclusion,9,11,385,488,2,6,5,TINB/TINC
0506tin1_1_32_crop_02.jpg,bg_to_strip_inclusion,10,36,941,682,3,25,5,TINB/TINC
0506tin1_1_32_crop_02.jpg,bg_to_strip_inclusion,11,2,937,703,1,2,5,TINB/TINC
0506tin1_1_32_crop_02.jpg,bg_to_strip_inclusion,12,4,938,711,1,4,5,TINB/TINC
0506tin1_1_32_crop_02.jpg,bg_to_strip_inclusion,13,19,939,720,2,19,5,TINB/TINC
0506tin1_1_32_crop_02.jpg,bg_to_strip_inclusion,14,8,940,750,1,8,5,TINB/TINC
0506tin1_1_33_crop_02.jpg,bg_to_strip_inclusion,1,8,346,2,3,8,5,TINB/TINC
0506tin1_1_33_crop_02.jpg,bg_to_strip_inclusion,2,48,331,293,14,23,5,TINB/TINC
0506tin1_1_33_crop_02.jpg,bg_to_strip_inclusion,4,8,338,320,3,4,5,TINB/TINC
0506tin1_1_33_crop_02.jpg,bg_to_strip_inclusion,5,3,331,322,1,3,5,TINB/TINC
0506tin1_1_33_crop_02.jpg,bg_to_strip_inclusion,6,13,332,334,1,13,5,TINB/TINC
0506tin1_1_33_crop_02.jpg,bg_to_strip_inclusion,7,16,334,354,3,16,5,TINB/TINC
0506tin1_1_33_crop_02.jpg,bg_to_strip_inclusion,8,83,323,358,9,42,5,TINB/TINC
0506tin1_1_33_crop_02.jpg,bg_to_strip_inclusion,9,12,332,372,2,10,5,TINB/TINC
0506tin1_1_33_crop_02.jpg,bg_to_strip_inclusion,11,8,331,395,2,6,5,TINB/TINC
0506tin1_1_33_crop_02.jpg,bg_to_strip_inclusion,12,12,322,410,2,12,5,TINB/TINC
0506tin1_1_35_crop_01.jpg,bg_to_strip_inclusion,1,2,528,0,2,1,5,TINB/TINC
0506tin1_1_35_crop_01.jpg,bg_to_strip_inclusion,2,3,526,45,1,3,5,TINB/TINC
0506tin1_1_35_crop_01.jpg,bg_to_strip_inclusion,4,2,526,69,1,2,5,TINB/TINC
0506tin1_1_35_crop_01.jpg,bg_to_strip_inclusion,5,4,515,109,1,4,5,TINB/TINC
0506tin1_1_35_crop_01.jpg,bg_to_strip_inclusion,6,2,520,297,1,2,5,TINB/TINC
0506tin1_1_35_crop_01.jpg,bg_to_strip_inclusion,7,5,521,300,1,5,5,TINB/TINC
0506tin1_1_35_crop_01.jpg,bg_to_strip_inclusion,8,3,524,301,1,3,5,TINB/TINC
0506tin1_1_35_crop_01.jpg,bg_to_strip_inclusion,9,60,525,355,3,24,5,TINB/TINC
0506tin1_1_35_crop_01.jpg,bg_to_strip_inclusion,10,5,452,445,2,4,5,TINB/TINC
0506tin1_1_35_crop_01.jpg,bg_to_strip_inclusion,12,2,443,733,1,2,5,TINB/TINC
0506tin1_1_35_crop_01.jpg,bg_to_strip_inclusion,14,4,442,737,1,4,5,TINB/TINC
0506tin1_1_35_crop_01.jpg,bg_to_strip_inclusion,15,4,441,743,1,4,5,TINB/TINC
0506tin1_1_35_crop_01.jpg,bg_to_strip_inclusion,16,2,450,743,1,2,5,TINB/TINC
0506tin1_1_35_crop_01.jpg,bg_to_strip_inclusion,17,3,449,747,1,3,5,TINB/TINC
0506tin1_1_35_crop_01.jpg,bg_to_strip_inclusion,18,6,440,748,1,6,5,TINB/TINC
0506tin1_1_35_crop_01.jpg,bg_to_strip_inclusion,19,45,444,751,5,27,5,TINB/TINC
0506tin1_1_37_crop_01.jpg,bg_to_strip_inclusion,1,8,903,156,3,7,5,TINB/TINC
0506tin1_1_37_crop_01.jpg,bg_to_strip_inclusion,2,217,903,165,10,38,5,TINB/TINC
0506tin1_1_37_crop_01.jpg,bg_to_strip_inclusion,3,67,909,204,8,15,5,TINB/TINC
0506tin1_1_37_crop_01.jpg,bg_to_strip_inclusion,4,16,913,225,2,10,5,TINB/TINC
0506tin1_1_37_crop_01.jpg,bg_to_strip_inclusion,5,40,124,449,3,21,5,TINB/TINC
0506tin1_1_37_crop_01.jpg,bg_to_strip_inclusion,6,15,128,469,5,6,5,TINB/TINC
0506tin1_1_37_crop_01.jpg,bg_to_strip_inclusion,7,2,45,628,2,2,6,TIND
0506tin1_1_37_crop_01.jpg,bg_to_strip_inclusion,8,22,59,631,4,9,6,TIND
0506tin1_1_37_crop_01.jpg,bg_to_strip_inclusion,10,97,46,971,14,9,6,TIND
0506tin1_1_39_crop_01.jpg,bg_to_strip_inclusion,1,10,168,18,3,7,6,TIND
0506tin1_1_39_crop_01.jpg,bg_to_strip_inclusion,2,4,171,25,4,2,6,TIND
0506tin1_1_39_crop_01.jpg,bg_to_strip_inclusion,3,94,438,94,8,14,6,TIND
0506tin1_1_39_crop_01.jpg,bg_to_strip_inclusion,4,5,556,333,2,3,6,TIND
0506tin1_1_39_crop_01.jpg,bg_to_strip_inclusion,6,2,550,355,1,2,6,TIND
0506tin1_1_39_crop_01.jpg,bg_to_strip_inclusion,7,2,549,359,1,2,6,TIND
0506tin1_1_39_crop_01.jpg,bg_to_strip_inclusion,8,7,700,453,4,7,6,TIND
0506tin1_1_39_crop_01.jpg,bg_to_strip_inclusion,9,20,698,454,4,13,6,TIND
0506tin1_1_39_crop_01.jpg,bg_to_strip_inclusion,10,45,695,563,6,10,6,TIND
0506tin1_1_39_crop_01.jpg,bg_to_strip_inclusion,11,2,698,587,1,2,6,TIND
0506tin1_1_39_crop_01.jpg,bg_to_strip_inclusion,12,3,698,593,1,3,6,TIND
0506tin1_1_39_crop_01.jpg,bg_to_strip_inclusion,13,3,705,594,1,3,6,TIND
0506tin1_1_39_crop_01.jpg,bg_to_strip_inclusion,15,2,701,599,2,1,6,TIND
0506tin1_1_39_crop_01.jpg,bg_to_strip_inclusion,16,11,443,907,4,5,6,TIND
0506tin1_1_40_crop_01.jpg,bg_to_strip_inclusion,1,3,994,0,2,3,5,TINB/TINC
0506tin1_1_40_crop_01.jpg,bg_to_strip_inclusion,2,10,999,0,4,5,5,TINB/TINC
0506tin1_1_40_crop_01.jpg,bg_to_strip_inclusion,3,2,994,5,1,2,5,TINB/TINC
0506tin1_1_40_crop_01.jpg,bg_to_strip_inclusion,5,2,1004,29,2,1,6,TIND
0506tin1_1_40_crop_01.jpg,bg_to_strip_inclusion,6,6,1009,32,4,5,6,TIND
0506tin1_1_40_crop_01.jpg,bg_to_strip_inclusion,7,3,1010,38,3,3,6,TIND
0506tin1_1_40_crop_01.jpg,bg_to_strip_inclusion,8,112,170,352,9,56,5,TINB/TINC
0506tin1_1_40_crop_01.jpg,bg_to_strip_inclusion,9,12,171,409,5,5,5,TINB/TINC
0506tin1_1_40_crop_01.jpg,bg_to_strip_inclusion,10,5,170,433,5,1,6,TIND
0506tin1_1_40_crop_01.jpg,bg_to_strip_inclusion,11,7,168,434,1,7,6,TIND
0506tin1_1_40_crop_01.jpg,bg_to_strip_inclusion,12,29,169,442,3,17,6,TIND
0506tin1_1_40_crop_01.jpg,bg_to_strip_inclusion,14,2,182,455,1,2,6,TIND
0506tin1_1_40_crop_01.jpg,bg_to_strip_inclusion,15,6,175,458,6,2,6,TIND
0506tin1_1_40_crop_01.jpg,bg_to_strip_inclusion,16,23,155,564,8,12,6,TIND
0506tin1_1_40_crop_01.jpg,bg_to_strip_inclusion,17,19,100,746,7,4,6,TIND
0506tin1_1_40_crop_01.jpg,bg_to_strip_inclusion,18,3,102,764,3,1,6,TIND
0506tin1_1_40_crop_01.jpg,bg_to_strip_inclusion,19,4,1004,906,1,4,6,TIND
0506tin1_1_40_crop_01.jpg,bg_to_strip_inclusion,20,19,1005,910,6,6,6,TIND
0506tin1_1_40_crop_01.jpg,bg_to_strip_inclusion,21,64,1006,934,6,14,5,TINB/TINC
0506tin1_1_40_crop_01.jpg,bg_to_strip_inclusion,22,7,74,992,2,7,6,TIND
0506tin1_1_40_crop_01.jpg,bg_to_strip_inclusion,23,5,1011,994,3,5,6,TIND
0506tin1_1_45_crop_01.jpg,bg_to_strip_inclusion,1,2,472,341,1,2,6,TIND
0506tin1_1_45_crop_01.jpg,bg_to_strip_inclusion,2,22,257,719,2,13,6,TIND
0506tin1_1_45_crop_01.jpg,bg_to_strip_inclusion,3,4,261,718,3,2,6,TIND
0506tin1_1_46_crop_02.jpg,bg_to_strip_inclusion,1,3,579,380,3,2,6,TIND
0506tin1_1_46_crop_02.jpg,bg_to_strip_inclusion,4,20,569,393,5,12,6,TIND
0506tin1_1_46_crop_02.jpg,bg_to_strip_inclusion,5,3,585,400,1,3,6,TIND
0506tin1_1_46_crop_02.jpg,bg_to_strip_inclusion,7,8,570,408,5,5,6,TIND
0506tin1_1_46_crop_02.jpg,bg_to_strip_inclusion,9,33,558,531,8,11,5,TINB/TINC
0506tin1_1_46_crop_02.jpg,bg_to_strip_inclusion,10,125,555,547,8,32,5,TINB/TINC
0506tin1_1_46_crop_02.jpg,bg_to_strip_inclusion,11,6,564,546,2,6,5,TINB/TINC
0506tin1_1_46_crop_02.jpg,bg_to_strip_inclusion,13,10,553,603,2,8,5,TINB/TINC
0506tin1_1_46_crop_02.jpg,bg_to_strip_inclusion,14,101,568,630,5,51,5,TINB/TINC
0506tin1_1_46_crop_02.jpg,bg_to_strip_inclusion,16,14,558,773,5,8,6,TIND
0506tin1_1_46_crop_02.jpg,bg_to_D,1,85,734,435,11,10,4,D
0506tin1_1_49_crop_00.jpg,bg_to_strip_inclusion,1,29,896,7,13,10,6,TIND
0506tin1_1_49_crop_00.jpg,bg_to_strip_inclusion,3,18,899,20,10,2,6,TIND
0506tin1_1_49_crop_00.jpg,bg_to_strip_inclusion,4,27,774,33,6,7,6,TIND
0506tin1_1_49_crop_00.jpg,bg_to_strip_inclusion,5,8,496,50,7,3,6,TIND
0506tin1_1_49_crop_00.jpg,bg_to_strip_inclusion,6,3,504,54,1,3,6,TIND
0506tin1_1_49_crop_00.jpg,bg_to_strip_inclusion,7,5,496,56,1,5,6,TIND
0506tin1_1_49_crop_00.jpg,bg_to_strip_inclusion,9,3,500,63,3,2,6,TIND
0506tin1_1_49_crop_00.jpg,bg_to_strip_inclusion,10,4,674,63,4,1,6,TIND
0506tin1_1_49_crop_00.jpg,bg_to_strip_inclusion,11,45,668,64,5,22,6,TIND
0506tin1_1_49_crop_00.jpg,bg_to_strip_inclusion,13,8,679,74,1,8,6,TIND
0506tin1_1_49_crop_00.jpg,bg_to_strip_inclusion,14,24,787,84,7,9,6,TIND
0506tin1_1_49_crop_00.jpg,bg_to_strip_inclusion,15,3,499,120,3,1,6,TIND
0506tin1_1_49_crop_00.jpg,bg_to_strip_inclusion,16,6,493,124,2,6,6,TIND
0506tin1_1_49_crop_00.jpg,bg_to_strip_inclusion,17,3,504,217,3,1,6,TIND
0506tin1_1_49_crop_00.jpg,bg_to_strip_inclusion,18,3,503,219,1,3,6,TIND
0506tin1_1_49_crop_00.jpg,bg_to_strip_inclusion,20,4,514,305,1,4,6,TIND
0506tin1_1_49_crop_00.jpg,bg_to_strip_inclusion,21,2,508,307,1,2,6,TIND
0506tin1_1_49_crop_00.jpg,bg_to_strip_inclusion,22,10,509,311,5,3,6,TIND
0506tin1_1_49_crop_00.jpg,bg_to_strip_inclusion,23,2,526,334,2,1,6,TIND
0506tin1_1_49_crop_00.jpg,bg_to_strip_inclusion,24,6,640,365,6,3,6,TIND
0506tin1_1_49_crop_00.jpg,bg_to_strip_inclusion,27,6,645,370,2,5,6,TIND
0506tin1_1_49_crop_00.jpg,bg_to_strip_inclusion,28,4,634,373,4,4,6,TIND
0506tin1_1_49_crop_00.jpg,bg_to_strip_inclusion,29,5,884,378,1,5,6,TIND
0506tin1_1_49_crop_00.jpg,bg_to_strip_inclusion,30,17,893,379,5,5,6,TIND
0506tin1_1_49_crop_00.jpg,bg_to_strip_inclusion,31,5,587,395,1,5,6,TIND
0506tin1_1_49_crop_00.jpg,bg_to_strip_inclusion,32,11,591,394,6,8,6,TIND
0506tin1_1_49_crop_00.jpg,bg_to_strip_inclusion,33,5,588,401,4,5,6,TIND
0506tin1_1_49_crop_00.jpg,bg_to_strip_inclusion,34,6,536,452,1,6,5,TINB/TINC
0506tin1_1_49_crop_00.jpg,bg_to_strip_inclusion,35,30,585,484,2,19,5,TINB/TINC
0506tin1_1_49_crop_00.jpg,bg_to_strip_inclusion,36,26,516,489,7,10,6,TIND
0506tin1_1_49_crop_00.jpg,bg_to_strip_inclusion,37,50,590,497,4,27,5,TINB/TINC
0506tin1_1_49_crop_00.jpg,bg_to_strip_inclusion,38,27,655,508,5,19,6,TIND
0506tin1_1_49_crop_00.jpg,bg_to_strip_inclusion,39,7,663,509,6,7,6,TIND
0506tin1_1_49_crop_00.jpg,bg_to_strip_inclusion,40,4,662,522,4,4,6,TIND
0506tin1_1_49_crop_00.jpg,bg_to_strip_inclusion,41,178,579,526,18,36,5,TINB/TINC
0506tin1_1_49_crop_00.jpg,bg_to_strip_inclusion,42,12,595,544,5,6,5,TINB/TINC
0506tin1_1_49_crop_00.jpg,bg_to_strip_inclusion,44,19,592,572,3,9,5,TINB/TINC
0506tin1_1_49_crop_00.jpg,bg_to_strip_inclusion,45,16,882,581,7,9,6,TIND
0506tin1_1_49_crop_00.jpg,bg_to_strip_inclusion,46,2,600,582,2,2,5,TINB/TINC
0506tin1_1_49_crop_00.jpg,bg_to_strip_inclusion,47,4,876,586,1,4,6,TIND
0506tin1_1_49_crop_00.jpg,bg_to_strip_inclusion,48,6,430,674,3,5,6,TIND
0506tin1_1_49_crop_00.jpg,bg_to_strip_inclusion,49,2,436,674,2,1,6,TIND
0506tin1_1_49_crop_00.jpg,bg_to_strip_inclusion,50,8,468,723,5,4,6,TIND
0506tin1_1_49_crop_00.jpg,bg_to_strip_inclusion,52,7,442,751,6,3,6,TIND
0506tin1_1_49_crop_00.jpg,bg_to_strip_inclusion,53,7,668,755,3,4,6,TIND
0506tin1_1_49_crop_00.jpg,bg_to_strip_inclusion,54,5,655,757,4,5,6,TIND
0506tin1_1_49_crop_00.jpg,bg_to_strip_inclusion,55,11,655,763,9,2,6,TIND
0506tin1_1_49_crop_00.jpg,bg_to_strip_inclusion,56,47,620,817,4,15,6,TIND
0506tin1_1_49_crop_00.jpg,bg_to_strip_inclusion,57,42,408,835,7,7,6,TIND
0506tin1_1_49_crop_00.jpg,bg_to_strip_inclusion,58,6,486,856,6,5,6,TIND
0506tin1_1_49_crop_00.jpg,bg_to_strip_inclusion,59,33,465,873,13,16,6,TIND
0506tin1_1_49_crop_00.jpg,bg_to_strip_inclusion,61,2,616,913,1,2,6,TIND
0506tin1_1_49_crop_00.jpg,bg_to_strip_inclusion,62,8,588,921,2,6,6,TIND
0506tin1_1_49_crop_00.jpg,bg_to_strip_inclusion,63,2,621,983,1,2,6,TIND
0506tin1_1_49_crop_00.jpg,bg_to_strip_inclusion,65,2,615,1006,2,1,6,TIND
0506tin1_1_50_crop_01.jpg,bg_to_strip_inclusion,1,175,654,811,10,36,5,TINB/TINC
0506tin1_1_50_crop_01.jpg,bg_to_strip_inclusion,2,9,655,885,4,7,6,TIND
0506tin1_1_50_crop_01.jpg,bg_to_strip_inclusion,3,7,656,895,5,7,6,TIND
0506tin1_1_50_crop_03.jpg,bg_to_strip_inclusion,1,19,996,738,6,7,6,TIND
0506tin1_1_50_crop_03.jpg,bg_to_strip_inclusion,2,8,992,749,3,5,6,TIND
0506tin1_1_55_crop_02.jpg,bg_to_strip_inclusion,1,16,854,453,2,9,5,TINB/TINC
0506tin1_1_55_crop_02.jpg,bg_to_strip_inclusion,2,6,856,489,1,6,5,TINB/TINC
0506tin1_1_55_crop_02.jpg,bg_to_strip_inclusion,3,28,854,502,4,12,5,TINB/TINC
0506tin1_1_55_crop_02.jpg,bg_to_strip_inclusion,7,8,46,832,2,8,6,TIND
0506tin1_1_55_crop_02.jpg,bg_to_strip_inclusion,8,2,52,845,1,2,6,TIND
0506tin1_1_55_crop_02.jpg,bg_to_strip_inclusion,9,211,485,918,10,42,5,TINB/TINC
0506tin1_1_56_crop_02.jpg,bg_to_strip_inclusion,1,2,938,19,2,1,6,TIND
0506tin1_1_56_crop_02.jpg,bg_to_strip_inclusion,2,2,937,25,1,2,6,TIND
0506tin1_1_56_crop_02.jpg,bg_to_strip_inclusion,3,5,938,33,1,5,6,TIND
0506tin1_1_56_crop_02.jpg,bg_to_strip_inclusion,5,12,584,201,2,11,6,TIND
0506tin1_1_56_crop_02.jpg,bg_to_strip_inclusion,6,2,576,210,2,2,6,TIND
0506tin1_1_56_crop_02.jpg,bg_to_strip_inclusion,7,74,616,845,5,18,5,TINB/TINC
0506tin1_1_56_crop_02.jpg,bg_to_strip_inclusion,8,10,87,847,3,7,6,TIND
0506tin1_1_56_crop_02.jpg,bg_to_strip_inclusion,9,76,652,848,7,13,6,TIND
0506tin1_1_56_crop_02.jpg,bg_to_strip_inclusion,10,855,611,872,23,132,5,TINB/TINC
0506tin1_1_56_crop_02.jpg,bg_to_strip_inclusion,11,48,654,927,6,10,6,TIND
0506tin1_1_56_crop_02.jpg,bg_to_strip_inclusion,12,48,946,969,5,12,6,TIND
0506tin1_1_58_crop_00.jpg,bg_to_strip_inclusion,2,22,66,217,6,13,6,TIND
0506tin1_1_58_crop_00.jpg,bg_to_strip_inclusion,3,2,755,253,1,2,5,TINB/TINC
0506tin1_1_58_crop_00.jpg,bg_to_strip_inclusion,4,5,754,257,1,5,5,TINB/TINC
0506tin1_1_58_crop_00.jpg,bg_to_strip_inclusion,5,11,932,479,5,11,5,TINB/TINC
0506tin1_1_58_crop_00.jpg,bg_to_strip_inclusion,6,6,931,493,1,6,5,TINB/TINC
0506tin1_1_58_crop_00.jpg,bg_to_strip_inclusion,7,60,925,500,6,46,5,TINB/TINC
0506tin1_1_58_crop_00.jpg,bg_to_strip_inclusion,8,2,934,515,1,2,5,TINB/TINC
0506tin1_1_58_crop_00.jpg,bg_to_strip_inclusion,9,30,750,601,3,15,5,TINB/TINC
0506tin1_1_58_crop_00.jpg,bg_to_strip_inclusion,10,110,752,633,8,34,5,TINB/TINC
0506tin1_1_58_crop_00.jpg,bg_to_strip_inclusion,11,27,63,708,7,9,6,TIND
0506tin1_1_58_crop_00.jpg,bg_to_strip_inclusion,12,68,757,800,5,17,5,TINB/TINC
0506tin1_1_58_crop_00.jpg,bg_to_strip_inclusion,13,21,758,853,8,8,5,TINB/TINC
0506tin1_1_58_crop_00.jpg,bg_to_strip_inclusion,14,15,758,860,5,7,5,TINB/TINC
0506tin1_1_58_crop_00.jpg,bg_to_strip_inclusion,15,9,764,862,3,4,5,TINB/TINC
0506tin1_1_58_crop_00.jpg,bg_to_strip_inclusion,16,26,761,867,6,7,5,TINB/TINC
0506tin1_1_62_crop_02.jpg,bg_to_strip_inclusion,1,2,1003,474,1,2,6,TIND
0506tin1_1_62_crop_02.jpg,bg_to_strip_inclusion,3,10,994,480,5,3,6,TIND
0506tin1_1_64_crop_01.jpg,bg_to_strip_inclusion,1,6,898,130,4,4,6,TIND
0506tin1_1_64_crop_01.jpg,bg_to_strip_inclusion,2,2,900,137,2,1,6,TIND
0506tin1_1_64_crop_01.jpg,bg_to_strip_inclusion,3,4,744,151,3,4,5,TINB/TINC
0506tin1_1_64_crop_01.jpg,bg_to_strip_inclusion,4,2,743,156,1,2,5,TINB/TINC
0506tin1_1_64_crop_01.jpg,bg_to_strip_inclusion,5,14,743,165,3,13,5,TINB/TINC
0506tin1_1_64_crop_01.jpg,bg_to_strip_inclusion,6,3,752,177,1,3,5,TINB/TINC
0506tin1_1_64_crop_01.jpg,bg_to_strip_inclusion,7,2,746,181,1,2,5,TINB/TINC
0506tin1_1_64_crop_01.jpg,bg_to_strip_inclusion,8,14,753,183,3,8,5,TINB/TINC
0506tin1_1_64_crop_01.jpg,bg_to_strip_inclusion,9,2,748,190,1,2,5,TINB/TINC
0506tin1_1_64_crop_01.jpg,bg_to_strip_inclusion,10,30,749,193,4,27,5,TINB/TINC
0506tin1_1_64_crop_01.jpg,bg_to_strip_inclusion,11,5,756,234,4,5,5,TINB/TINC
0506tin1_1_64_crop_01.jpg,bg_to_strip_inclusion,12,47,295,426,7,10,6,TIND
0506tin1_1_64_crop_01.jpg,bg_to_strip_inclusion,14,3,926,894,1,3,6,TIND
0506tin1_1_64_crop_01.jpg,bg_to_strip_inclusion,15,7,920,897,2,6,6,TIND
0506tin1_1_65_crop_01.jpg,bg_to_strip_inclusion,1,8,653,354,4,5,6,TIND
0506tin1_1_65_crop_01.jpg,bg_to_strip_inclusion,2,6,661,361,2,5,6,TIND
0506tin1_1_65_crop_01.jpg,bg_to_strip_inclusion,5,2,657,372,2,1,6,TIND
0506tin1_1_65_crop_01.jpg,bg_to_strip_inclusion,7,18,404,422,6,7,5,TINB/TINC
0506tin1_1_65_crop_01.jpg,bg_to_strip_inclusion,10,8,407,515,6,3,6,TIND
0506tin1_1_65_crop_01.jpg,bg_to_strip_inclusion,11,11,392,808,6,3,6,TIND
0506tin1_1_65_crop_01.jpg,bg_to_strip_inclusion,12,14,399,809,7,12,6,TIND
0506tin1_1_65_crop_01.jpg,bg_to_strip_inclusion,13,2,392,819,1,2,6,TIND
0506tin1_1_65_crop_01.jpg,bg_to_strip_inclusion,15,5,398,826,5,1,6,TIND
0506tin1_1_65_crop_01.jpg,bg_to_strip_inclusion,16,9,367,956,6,5,6,TIND
0506tin1_1_65_crop_01.jpg,bg_to_strip_inclusion,20,33,370,963,12,13,6,TIND
0506tin1_1_65_crop_01.jpg,bg_to_strip_inclusion,21,7,367,966,1,7,6,TIND
0506tin1_1_68_crop_01.jpg,bg_to_strip_inclusion,1,38,279,372,7,15,6,TIND
0506tin1_1_68_crop_01.jpg,bg_to_strip_inclusion,2,2,277,375,1,2,6,TIND
0506tin1_1_68_crop_01.jpg,bg_to_strip_inclusion,3,3,276,378,1,3,6,TIND
0506tin1_1_68_crop_01.jpg,bg_to_strip_inclusion,4,3,275,382,1,3,6,TIND
0506tin1_1_69_crop_02.jpg,bg_to_strip_inclusion,1,168,184,796,8,37,5,TINB/TINC
0506tin1_1_69_crop_02.jpg,bg_to_strip_inclusion,2,226,179,839,9,46,5,TINB/TINC
0506tin1_1_69_crop_02.jpg,bg_to_strip_inclusion,3,17,156,910,5,9,6,TIND
0506tin1_1_69_crop_02.jpg,bg_to_strip_inclusion,5,2,165,912,1,2,6,TIND
0506tin1_1_69_crop_02.jpg,bg_to_strip_inclusion,6,4,176,969,2,4,6,TIND
0506tin1_1_71_crop_01.jpg,bg_to_strip_inclusion,1,50,537,340,7,11,6,TIND
0506tin1_1_71_crop_01.jpg,bg_to_strip_inclusion,2,3,541,360,1,3,6,TIND
0506tin1_1_71_crop_01.jpg,bg_to_strip_inclusion,6,7,559,522,4,5,6,TIND
0506tin1_1_71_crop_01.jpg,bg_to_strip_inclusion,8,2,960,708,1,2,6,TIND
0506tin2_01-03_crop_01.jpg,bg_to_strip_inclusion,1,9,730,346,6,4,5,TINB/TINC
0506tin2_01-03_crop_01.jpg,bg_to_strip_inclusion,2,16,721,363,5,12,5,TINB/TINC
0506tin2_01-03_crop_01.jpg,bg_to_strip_inclusion,3,30,720,378,4,16,5,TINB/TINC
0506tin2_01-03_crop_01.jpg,bg_to_strip_inclusion,4,2,719,400,1,2,5,TINB/TINC
0506tin2_01-03_crop_01.jpg,bg_to_strip_inclusion,5,33,717,403,2,24,5,TINB/TINC
0506tin2_01-03_crop_01.jpg,bg_to_strip_inclusion,6,32,700,485,12,12,5,TINB/TINC
0506tin2_01-03_crop_01.jpg,bg_to_strip_inclusion,7,34,713,493,8,7,5,TINB/TINC
0506tin2_01-03_crop_01.jpg,bg_to_strip_inclusion,9,7,714,557,3,6,5,TINB/TINC
0506tin2_01-03_crop_01.jpg,bg_to_strip_inclusion,13,26,716,609,10,8,5,TINB/TINC
0506tin2_01-03_crop_01.jpg,bg_to_strip_inclusion,16,15,699,631,6,6,5,TINB/TINC
0506tin2_01-03_crop_01.jpg,bg_to_strip_inclusion,17,103,279,697,8,16,6,TIND
0506tin2_01-03_crop_01.jpg,bg_to_strip_inclusion,18,239,710,733,13,54,5,TINB/TINC
0506tin2_01-03_crop_01.jpg,bg_to_strip_inclusion,19,4,729,772,1,4,5,TINB/TINC
0506tin2_01-03_crop_01.jpg,bg_to_strip_inclusion,20,20,716,795,8,4,5,TINB/TINC
0506tin2_01-03_crop_01.jpg,bg_to_strip_inclusion,21,520,701,843,19,79,5,TINB/TINC
0506tin2_01-03_crop_01.jpg,bg_to_strip_inclusion,22,76,694,970,7,14,5,TINB/TINC
0506tin2_01-10_crop_00.jpg,bg_to_strip_inclusion,1,15,581,110,7,6,5,TINB/TINC
0506tin2_01-10_crop_00.jpg,bg_to_strip_inclusion,2,9,374,166,2,7,5,TINB/TINC
0506tin2_01-10_crop_00.jpg,bg_to_strip_inclusion,4,41,370,210,2,37,5,TINB/TINC
0506tin2_01-10_crop_00.jpg,bg_to_strip_inclusion,5,3,370,279,1,3,5,TINB/TINC
0506tin2_01-10_crop_00.jpg,bg_to_strip_inclusion,6,109,764,493,8,26,5,TINB/TINC
0506tin2_01-10_crop_00.jpg,bg_to_strip_inclusion,8,2,926,508,2,2,6,TIND
0506tin2_01-10_crop_00.jpg,bg_to_strip_inclusion,10,4,923,519,4,1,6,TIND
0506tin2_01-10_crop_00.jpg,bg_to_strip_inclusion,12,8,938,574,3,7,6,TIND
0506tin2_01-10_crop_00.jpg,bg_to_strip_inclusion,13,7,32,660,6,4,6,TIND
0506tin2_01-10_crop_00.jpg,bg_to_strip_inclusion,14,9,29,664,4,7,6,TIND
0506tin2_01-10_crop_00.jpg,bg_to_strip_inclusion,16,12,34,737,5,6,6,TIND
0506tin2_01-10_crop_00.jpg,bg_to_strip_inclusion,17,6,32,742,1,6,6,TIND
0506tin2_01-10_crop_00.jpg,bg_to_strip_inclusion,18,3,33,749,3,1,6,TIND
0506tin2_01-10_crop_00.jpg,bg_to_strip_inclusion,19,31,28,784,6,7,6,TIND
0506tin2_01-10_crop_00.jpg,bg_to_strip_inclusion,20,48,733,822,15,11,5,TINB/TINC
0506tin2_01-10_crop_00.jpg,bg_to_strip_inclusion,21,3,732,835,1,3,5,TINB/TINC
0506tin2_01-10_crop_00.jpg,bg_to_strip_inclusion,22,153,732,841,12,23,5,TINB/TINC
0506tin2_01-10_crop_00.jpg,bg_to_strip_inclusion,23,22,14,884,8,9,6,TIND
0506tin2_01-10_crop_00.jpg,bg_to_strip_inclusion,24,3,13,894,1,3,6,TIND
0506tin2_01-10_crop_00.jpg,bg_to_strip_inclusion,25,16,727,919,5,5,5,TINB/TINC
0506tin2_01-10_crop_00.jpg,bg_to_strip_inclusion,26,26,1,965,7,10,6,TIND
0506tin2_01-15_crop_01.jpg,bg_to_strip_inclusion,2,3,834,971,1,3,6,TIND
0506tin2_01-16_crop_00.jpg,bg_to_strip_inclusion,1,15,84,22,10,3,6,TIND
0506tin2_01-16_crop_00.jpg,bg_to_strip_inclusion,2,6,96,27,3,5,6,TIND
0506tin2_01-16_crop_00.jpg,bg_to_strip_inclusion,3,7,512,26,4,5,6,TIND
0506tin2_01-16_crop_00.jpg,bg_to_strip_inclusion,4,12,646,73,5,9,6,TIND
0506tin2_01-16_crop_00.jpg,bg_to_strip_inclusion,6,17,985,147,6,9,6,TIND
0506tin2_01-16_crop_00.jpg,bg_to_strip_inclusion,7,12,997,146,7,10,6,TIND
0506tin2_01-16_crop_00.jpg,bg_to_strip_inclusion,8,25,853,276,9,7,6,TIND
0506tin2_01-16_crop_00.jpg,bg_to_strip_inclusion,9,5,854,283,4,2,6,TIND
0506tin2_01-16_crop_00.jpg,bg_to_strip_inclusion,10,17,935,337,10,4,6,TIND
0506tin2_01-16_crop_00.jpg,bg_to_strip_inclusion,11,11,925,340,4,8,6,TIND
0506tin2_01-16_crop_00.jpg,bg_to_strip_inclusion,12,21,705,474,8,9,5,TINB/TINC
0506tin2_01-16_crop_00.jpg,bg_to_strip_inclusion,14,13,707,506,5,10,5,TINB/TINC
0506tin2_01-16_crop_00.jpg,bg_to_strip_inclusion,15,2,708,520,1,2,5,TINB/TINC
0506tin2_01-16_crop_00.jpg,bg_to_strip_inclusion,16,30,709,524,4,23,5,TINB/TINC
0506tin2_01-16_crop_00.jpg,bg_to_strip_inclusion,17,53,48,590,18,15,6,TIND
0506tin2_01-16_crop_00.jpg,bg_to_strip_inclusion,18,14,46,596,2,10,6,TIND
0506tin2_01-16_crop_00.jpg,bg_to_strip_inclusion,20,27,859,605,7,19,5,TINB/TINC
0506tin2_01-16_crop_00.jpg,bg_to_strip_inclusion,23,2,51,608,2,1,6,TIND
0506tin2_01-16_crop_00.jpg,bg_to_strip_inclusion,26,2,850,614,1,2,5,TINB/TINC
0506tin2_01-16_crop_00.jpg,bg_to_strip_inclusion,27,2,849,618,1,2,5,TINB/TINC
0506tin2_01-16_crop_00.jpg,bg_to_strip_inclusion,28,14,833,697,6,4,5,TINB/TINC
0506tin2_01-16_crop_00.jpg,bg_to_strip_inclusion,29,15,832,702,1,15,5,TINB/TINC
0506tin2_01-16_crop_00.jpg,bg_to_strip_inclusion,31,167,833,718,8,35,5,TINB/TINC
0506tin2_01-16_crop_00.jpg,bg_to_strip_inclusion,32,35,70,847,8,9,6,TIND
0506tin2_01-16_crop_00.jpg,bg_to_strip_inclusion,34,2,70,895,2,2,6,TIND
0506tin2_01-16_crop_00.jpg,bg_to_strip_inclusion,35,6,68,899,1,6,6,TIND
0506tin2_01-16_crop_00.jpg,bg_to_strip_inclusion,36,37,71,908,12,14,6,TIND
0506tin2_01-16_crop_00.jpg,bg_to_strip_inclusion,37,12,85,915,4,8,6,TIND
0506tin2_01-16_crop_00.jpg,bg_to_strip_inclusion,39,2,87,926,1,2,6,TIND
0506tin2_01-16_crop_00.jpg,bg_to_strip_inclusion,41,6,35,939,6,3,6,TIND
0506tin2_01-16_crop_00.jpg,bg_to_strip_inclusion,42,5,44,940,3,5,6,TIND
0506tin2_01-16_crop_00.jpg,bg_to_strip_inclusion,43,109,20,945,19,18,6,TIND
0506tin2_01-16_crop_00.jpg,bg_to_strip_inclusion,45,2,18,953,1,2,6,TIND
0506tin2_01-16_crop_01.jpg,bg_to_strip_inclusion,1,4,326,264,2,2,6,TIND
0506tin2_01-16_crop_01.jpg,bg_to_strip_inclusion,2,58,203,498,8,11,6,TIND
0506tin2_01-16_crop_01.jpg,bg_to_strip_inclusion,3,2,161,792,2,2,6,TIND
0506tin2_01-16_crop_01.jpg,bg_to_strip_inclusion,4,13,168,793,11,8,6,TIND
0506tin2_01-16_crop_01.jpg,bg_to_strip_inclusion,6,3,164,800,3,2,6,TIND
0506tin2_01-16_crop_01.jpg,bg_to_strip_inclusion,9,84,205,898,9,41,5,TINB/TINC
0506tin2_01-16_crop_01.jpg,bg_to_strip_inclusion,11,4,197,918,1,4,5,TINB/TINC
0506tin2_01-16_crop_01.jpg,bg_to_strip_inclusion,12,19,195,929,2,19,5,TINB/TINC
0506tin2_01-16_crop_01.jpg,bg_to_strip_inclusion,13,52,197,940,9,32,5,TINB/TINC
0506tin2_01-16_crop_01.jpg,bg_to_strip_inclusion,14,4,186,1010,1,4,6,TIND
0506tin2_01-21_crop_02.jpg,bg_to_strip_inclusion,2,4,991,736,2,3,6,TIND
0506tin2_01-21_crop_02.jpg,bg_to_strip_inclusion,3,3,990,740,1,3,6,TIND
0506tin2_01-21_crop_02.jpg,bg_to_strip_inclusion,4,27,996,740,9,9,6,TIND
0506tin2_02-01_crop_01.jpg,bg_to_strip_inclusion,1,3,997,73,3,3,5,TINB/TINC
0506tin2_02-01_crop_01.jpg,bg_to_strip_inclusion,5,67,998,83,8,24,5,TINB/TINC
0506tin2_02-01_crop_01.jpg,bg_to_strip_inclusion,6,8,1004,110,2,8,5,TINB/TINC
0506tin2_02-01_crop_01.jpg,bg_to_strip_inclusion,7,3,1003,119,1,3,5,TINB/TINC
0506tin2_02-01_crop_01.jpg,bg_to_strip_inclusion,8,2,1002,123,1,2,5,TINB/TINC
0506tin2_02-01_crop_01.jpg,bg_to_strip_inclusion,9,25,999,126,3,19,5,TINB/TINC
0506tin2_02-01_crop_01.jpg,bg_to_strip_inclusion,10,9,992,134,1,9,5,TINB/TINC
0506tin2_02-01_crop_01.jpg,bg_to_strip_inclusion,11,4,980,226,3,4,6,TIND
0506tin2_02-01_crop_01.jpg,bg_to_strip_inclusion,12,3,976,297,2,2,5,TINB/TINC
0506tin2_02-01_crop_01.jpg,bg_to_strip_inclusion,14,32,967,307,9,10,5,TINB/TINC
0506tin2_02-01_crop_01.jpg,bg_to_strip_inclusion,16,13,962,336,4,7,6,TIND
0506tin2_02-01_crop_01.jpg,bg_to_strip_inclusion,17,13,949,558,3,7,5,TINB/TINC
0506tin2_02-01_crop_01.jpg,bg_to_strip_inclusion,18,78,939,596,7,24,5,TINB/TINC
0506tin2_02-01_crop_01.jpg,bg_to_strip_inclusion,19,71,931,601,6,41,5,TINB/TINC
0506tin2_02-01_crop_01.jpg,bg_to_strip_inclusion,20,21,940,629,2,15,5,TINB/TINC
0506tin2_02-01_crop_01.jpg,bg_to_strip_inclusion,22,3,937,646,3,2,5,TINB/TINC
0506tin2_02-01_crop_01.jpg,bg_to_strip_inclusion,23,22,1018,755,6,4,6,TIND
0506tin2_02-01_crop_01.jpg,bg_to_strip_inclusion,24,188,927,758,17,36,5,TINB/TINC
0506tin2_02-01_crop_01.jpg,bg_to_strip_inclusion,25,5,928,902,3,3,5,TINB/TINC
0506tin2_02-01_crop_01.jpg,bg_to_strip_inclusion,26,24,921,906,4,17,5,TINB/TINC
0506tin2_02-01_crop_01.jpg,bg_to_strip_inclusion,27,5,920,925,1,5,5,TINB/TINC
0506tin2_02-01_crop_01.jpg,bg_to_strip_inclusion,28,56,922,943,5,27,5,TINB/TINC
0506tin2_02-02_crop_00.jpg,bg_to_strip_inclusion,1,18,969,361,10,7,6,TIND
0506tin2_02-02_crop_00.jpg,bg_to_strip_inclusion,2,111,970,445,8,20,6,TIND
0506tin2_02-02_crop_00.jpg,bg_to_strip_inclusion,3,3,966,575,2,3,6,TIND
0506tin2_02-02_crop_00.jpg,bg_to_strip_inclusion,4,30,969,579,8,9,6,TIND
0506tin2_02-02_crop_00.jpg,bg_to_strip_inclusion,5,2,966,580,1,2,6,TIND
0506tin2_02-02_crop_00.jpg,bg_to_strip_inclusion,7,16,473,591,9,5,6,TIND
0506tin2_02-02_crop_00.jpg,bg_to_strip_inclusion,8,7,482,595,1,7,6,TIND
0506tin2_02-02_crop_00.jpg,bg_to_strip_inclusion,9,3,473,602,3,3,6,TIND
0506tin2_02-02_crop_00.jpg,bg_to_strip_inclusion,10,57,451,607,6,12,6,TIND
0506tin2_02-02_crop_00.jpg,bg_to_strip_inclusion,11,35,1013,827,6,9,6,TIND
0506tin2_02-02_crop_00.jpg,bg_to_strip_inclusion,12,7,414,841,5,2,6,TIND
0506tin2_02-02_crop_00.jpg,bg_to_strip_inclusion,13,7,412,845,3,5,6,TIND
0506tin2_02-02_crop_00.jpg,bg_to_strip_inclusion,14,30,395,851,7,6,6,TIND
0506tin2_02-02_crop_00.jpg,bg_to_strip_inclusion,16,5,424,858,4,2,6,TIND
0506tin2_02-04_crop_03.jpg,bg_to_strip_inclusion,1,9,108,889,4,5,6,TIND
0506tin2_02-04_crop_03.jpg,bg_to_strip_inclusion,2,6,104,890,2,6,6,TIND
0506tin2_02-04_crop_03.jpg,bg_to_strip_inclusion,3,4,105,899,4,3,6,TIND
0506tin2_02-04_crop_03.jpg,bg_to_strip_inclusion,4,2,111,898,1,2,6,TIND
0506tin2_02-14_crop_02.jpg,bg_to_strip_inclusion,1,11,64,464,6,5,6,TIND
0506tin2_02-14_crop_02.jpg,bg_to_strip_inclusion,2,8,71,465,4,7,6,TIND
0506tin2_02-14_crop_02.jpg,bg_to_strip_inclusion,3,4,65,472,4,3,6,TIND
0506tin2_02-14_crop_02.jpg,bg_to_strip_inclusion,5,11,620,562,4,4,6,TIND
0506tin2_02-16_crop_02.jpg,bg_to_strip_inclusion,1,151,465,342,12,17,6,TIND
0506tin2_02-16_crop_02.jpg,bg_to_strip_inclusion,2,485,324,685,17,51,5,TINB/TINC
0506tin2_02-18_crop_01.jpg,bg_to_strip_inclusion,1,5,349,12,4,2,6,TIND
0506tin2_02-18_crop_01.jpg,bg_to_strip_inclusion,3,5,348,15,1,5,6,TIND
0506tin2_02-18_crop_01.jpg,bg_to_strip_inclusion,4,8,349,21,6,3,6,TIND
0506tin2_02-18_crop_01.jpg,bg_to_strip_inclusion,5,33,336,57,6,8,6,TIND
0506tin2_02-18_crop_01.jpg,bg_to_strip_inclusion,6,13,350,80,4,5,6,TIND
0506tin2_02-18_crop_01.jpg,bg_to_strip_inclusion,7,11,338,85,5,5,6,TIND
0506tin2_02-18_crop_01.jpg,bg_to_strip_inclusion,8,3,354,88,1,3,6,TIND
0506tin2_02-18_crop_01.jpg,bg_to_strip_inclusion,9,13,344,93,11,6,6,TIND
0506tin2_02-21_crop_00.jpg,bg_to_strip_inclusion,1,121,507,256,12,14,5,TINB/TINC
0506tin2_02-21_crop_00.jpg,bg_to_strip_inclusion,2,9,545,645,1,9,5,TINB/TINC
0506tin2_02-21_crop_00.jpg,bg_to_strip_inclusion,3,21,543,804,3,12,5,TINB/TINC
0506tin2_02-21_crop_00.jpg,bg_to_strip_inclusion,4,19,934,866,14,5,6,TIND
0506tin2_02-21_crop_00.jpg,bg_to_strip_inclusion,5,2,932,871,1,2,6,TIND
0506tin2_02-21_crop_00.jpg,bg_to_strip_inclusion,6,6,931,874,1,6,6,TIND
0506tin2_02-21_crop_00.jpg,bg_to_strip_inclusion,7,4,947,874,1,4,6,TIND
0506tin2_02-21_crop_00.jpg,bg_to_strip_inclusion,8,3,946,879,1,3,6,TIND
0506tin2_02-21_crop_00.jpg,bg_to_strip_inclusion,9,3,945,883,1,3,6,TIND
0506tin2_03-02_crop_02.jpg,bg_to_strip_inclusion,1,8,804,7,4,3,6,TIND
0506tin2_03-02_crop_02.jpg,bg_to_strip_inclusion,2,11,966,169,3,9,6,TIND
0506tin2_03-02_crop_02.jpg,bg_to_strip_inclusion,5,82,945,182,12,12,6,TIND
0506tin2_03-02_crop_02.jpg,bg_to_strip_inclusion,6,34,949,219,5,8,6,TIND
0506tin2_03-03_crop_02.jpg,bg_to_strip_inclusion,1,13,27,206,5,4,5,TINB/TINC
0506tin2_03-03_crop_02.jpg,bg_to_strip_inclusion,2,5,28,211,5,4,5,TINB/TINC
0506tin2_03-03_crop_02.jpg,bg_to_strip_inclusion,4,30,33,240,8,6,5,TINB/TINC
0506tin2_03-03_crop_02.jpg,bg_to_strip_inclusion,5,4,38,286,4,3,6,TIND
0506tin2_03-03_crop_02.jpg,bg_to_strip_inclusion,6,14,54,676,5,6,5,TINB/TINC
0506tin2_03-03_crop_02.jpg,bg_to_strip_inclusion,7,2,48,731,1,2,5,TINB/TINC
0506tin2_03-03_crop_02.jpg,bg_to_strip_inclusion,8,15,3,758,6,6,6,TIND
0506tin2_03-03_crop_02.jpg,bg_to_strip_inclusion,9,17,7,923,6,5,5,TINB/TINC
0506tin2_03-04_crop_01.jpg,bg_to_strip_inclusion,1,37,739,180,9,12,6,TIND
0506tin2_03-04_crop_01.jpg,bg_to_strip_inclusion,2,46,757,246,13,10,6,TIND
0506tin2_03-04_crop_01.jpg,bg_to_strip_inclusion,3,2,774,246,2,1,6,TIND
0506tin2_03-04_crop_01.jpg,bg_to_strip_inclusion,5,39,751,255,10,10,6,TIND
0506tin2_03-04_crop_01.jpg,bg_to_strip_inclusion,6,4,760,849,4,2,6,TIND
0506tin2_03-04_crop_01.jpg,bg_to_strip_inclusion,7,3,765,850,2,3,6,TIND
0506tin2_03-04_crop_01.jpg,bg_to_strip_inclusion,8,11,759,853,4,7,6,TIND
0506tin2_03-04_crop_01.jpg,bg_to_strip_inclusion,9,13,50,910,5,10,6,TIND
0506tin2_03-04_crop_01.jpg,bg_to_strip_inclusion,10,7,57,912,2,7,6,TIND
0506tin2_03-07_crop_00.jpg,bg_to_strip_inclusion,1,43,433,7,10,9,5,TINB/TINC
0506tin2_03-07_crop_00.jpg,bg_to_strip_inclusion,2,20,446,10,4,10,5,TINB/TINC
0506tin2_03-07_crop_00.jpg,bg_to_strip_inclusion,4,23,444,35,3,12,5,TINB/TINC
0506tin2_03-07_crop_00.jpg,bg_to_strip_inclusion,5,6,433,67,5,4,5,TINB/TINC
0506tin2_03-07_crop_00.jpg,bg_to_strip_inclusion,6,7,506,209,1,7,5,TINB/TINC
0506tin2_03-07_crop_00.jpg,bg_to_strip_inclusion,7,4,497,231,1,4,5,TINB/TINC
0506tin2_03-07_crop_00.jpg,bg_to_strip_inclusion,8,6,496,238,1,6,5,TINB/TINC
0506tin2_03-07_crop_00.jpg,bg_to_strip_inclusion,10,42,594,307,2,26,5,TINB/TINC
0506tin2_03-07_crop_00.jpg,bg_to_strip_inclusion,11,15,511,523,1,15,5,TINB/TINC
0506tin2_03-07_crop_00.jpg,bg_to_strip_inclusion,12,12,50,531,5,4,6,TIND
0506tin2_03-07_crop_00.jpg,bg_to_strip_inclusion,13,2,518,538,1,2,5,TINB/TINC
0506tin2_03-07_crop_00.jpg,bg_to_strip_inclusion,14,19,49,541,2,17,6,TIND
0506tin2_03-07_crop_00.jpg,bg_to_strip_inclusion,15,44,504,540,7,37,5,TINB/TINC
0506tin2_03-07_crop_00.jpg,bg_to_strip_inclusion,16,3,517,543,1,3,5,TINB/TINC
0506tin2_03-07_crop_00.jpg,bg_to_strip_inclusion,17,14,515,547,2,14,5,TINB/TINC
0506tin2_03-07_crop_00.jpg,bg_to_strip_inclusion,18,10,591,546,5,4,5,TINB/TINC
0506tin2_03-07_crop_00.jpg,bg_to_strip_inclusion,19,4,52,559,4,1,6,TIND
0506tin2_03-07_crop_00.jpg,bg_to_strip_inclusion,20,10,585,558,3,10,5,TINB/TINC
0506tin2_03-07_crop_00.jpg,bg_to_strip_inclusion,21,34,589,559,7,27,5,TINB/TINC
0506tin2_03-07_crop_00.jpg,bg_to_strip_inclusion,22,63,512,562,10,28,5,TINB/TINC
0506tin2_03-07_crop_00.jpg,bg_to_strip_inclusion,23,3,584,569,1,3,5,TINB/TINC
0506tin2_03-07_crop_00.jpg,bg_to_strip_inclusion,27,5,588,591,1,5,5,TINB/TINC
0506tin2_03-07_crop_00.jpg,bg_to_strip_inclusion,29,2,514,655,1,2,5,TINB/TINC
0506tin2_03-07_crop_00.jpg,bg_to_strip_inclusion,30,6,510,692,1,6,5,TINB/TINC
0506tin2_03-07_crop_00.jpg,bg_to_strip_inclusion,31,29,287,720,2,17,5,TINB/TINC
0506tin2_03-07_crop_00.jpg,bg_to_strip_inclusion,33,4,64,755,1,4,6,TIND
0506tin2_03-07_crop_00.jpg,bg_to_strip_inclusion,34,3,479,784,1,3,5,TINB/TINC
0506tin2_03-07_crop_00.jpg,bg_to_strip_inclusion,36,4,487,808,1,4,5,TINB/TINC
0506tin2_03-07_crop_00.jpg,bg_to_strip_inclusion,37,7,488,821,1,7,5,TINB/TINC
0506tin2_03-07_crop_00.jpg,bg_to_strip_inclusion,38,42,46,871,14,11,6,TIND
0506tin2_03-07_crop_00.jpg,bg_to_strip_inclusion,39,3,486,882,1,3,5,TINB/TINC
0506tin2_03-07_crop_00.jpg,bg_to_strip_inclusion,41,58,38,997,9,20,6,TIND
0506tin2_03-10_crop_01.jpg,bg_to_strip_inclusion,1,11,964,0,5,9,6,TIND
0506tin2_03-10_crop_01.jpg,bg_to_strip_inclusion,2,4,971,0,3,2,6,TIND
0506tin2_03-10_crop_01.jpg,bg_to_strip_inclusion,3,4,963,22,4,3,6,TIND
0506tin2_03-10_crop_01.jpg,bg_to_strip_inclusion,4,4,354,253,2,4,5,TINB/TINC
0506tin2_03-10_crop_01.jpg,bg_to_strip_inclusion,5,3,363,255,1,3,5,TINB/TINC
0506tin2_03-10_crop_01.jpg,bg_to_strip_inclusion,6,156,355,259,11,51,5,TINB/TINC
0506tin2_03-10_crop_01.jpg,bg_to_strip_inclusion,7,91,366,327,10,57,5,TINB/TINC
0506tin2_03-10_crop_01.jpg,bg_to_strip_inclusion,8,113,363,358,10,45,5,TINB/TINC
0506tin2_03-10_crop_01.jpg,bg_to_strip_inclusion,9,3,384,439,1,3,5,TINB/TINC
0506tin2_03-10_crop_01.jpg,bg_to_strip_inclusion,10,4,393,455,1,4,5,TINB/TINC
0506tin2_03-10_crop_01.jpg,bg_to_strip_inclusion,11,31,390,460,5,17,5,TINB/TINC
0506tin2_03-10_crop_01.jpg,bg_to_strip_inclusion,12,39,495,534,13,13,6,TIND
0506tin2_03-10_crop_01.jpg,bg_to_strip_inclusion,13,16,510,536,3,9,6,TIND
0506tin2_03-10_crop_01.jpg,bg_to_strip_inclusion,14,12,200,694,6,9,5,TINB/TINC
0506tin2_03-10_crop_01.jpg,bg_to_strip_inclusion,15,23,208,717,2,17,5,TINB/TINC
0506tin2_03-11_crop_00.jpg,bg_to_strip_inclusion,2,3,818,43,1,3,6,TIND
0506tin2_03-11_crop_00.jpg,bg_to_strip_inclusion,3,26,510,46,9,6,6,TIND
0506tin2_03-11_crop_00.jpg,bg_to_strip_inclusion,4,4,501,50,4,3,6,TIND
0506tin2_03-11_crop_00.jpg,bg_to_strip_inclusion,5,24,814,51,5,16,6,TIND
0506tin2_03-11_crop_00.jpg,bg_to_strip_inclusion,7,12,502,56,11,5,6,TIND
0506tin2_03-11_crop_00.jpg,bg_to_strip_inclusion,9,2,521,58,1,2,6,TIND
0506tin2_03-11_crop_00.jpg,bg_to_strip_inclusion,12,14,682,292,7,4,6,TIND
0506tin2_03-11_crop_00.jpg,bg_to_strip_inclusion,13,2,690,298,1,2,6,TIND
0506tin2_03-11_crop_00.jpg,bg_to_strip_inclusion,14,15,682,304,2,10,6,TIND
0506tin2_03-11_crop_00.jpg,bg_to_strip_inclusion,17,4,502,371,3,2,6,TIND
0506tin2_03-11_crop_00.jpg,bg_to_strip_inclusion,19,4,650,377,1,4,6,TIND
0506tin2_03-11_crop_00.jpg,bg_to_strip_inclusion,20,5,655,377,1,5,6,TIND
0506tin2_03-11_crop_00.jpg,bg_to_strip_inclusion,21,15,500,379,4,7,6,TIND
0506tin2_03-11_crop_00.jpg,bg_to_strip_inclusion,22,19,484,399,8,5,6,TIND
0506tin2_03-11_crop_00.jpg,bg_to_strip_inclusion,23,16,494,404,3,9,6,TIND
0506tin2_03-11_crop_00.jpg,bg_to_strip_inclusion,26,8,487,413,4,8,6,TIND
0506tin2_03-11_crop_00.jpg,bg_to_strip_inclusion,27,9,493,420,6,3,6,TIND
0506tin2_03-11_crop_00.jpg,bg_to_strip_inclusion,28,43,629,643,10,12,6,TIND
0506tin2_03-11_crop_00.jpg,bg_to_strip_inclusion,29,6,624,654,1,6,6,TIND
0506tin2_03-11_crop_00.jpg,bg_to_strip_inclusion,32,3,621,686,1,3,6,TIND
0506tin2_03-11_crop_00.jpg,bg_to_strip_inclusion,33,4,629,687,1,4,6,TIND
0506tin2_03-11_crop_00.jpg,bg_to_strip_inclusion,35,3,625,694,3,1,6,TIND
0506tin2_03-11_crop_00.jpg,bg_to_strip_inclusion,36,2,497,886,1,2,5,TINB/TINC
0506tin2_03-11_crop_00.jpg,bg_to_strip_inclusion,37,3,491,903,1,3,5,TINB/TINC
0506tin2_03-11_crop_00.jpg,bg_to_strip_inclusion,38,2,497,902,1,2,5,TINB/TINC
0506tin2_03-11_crop_00.jpg,bg_to_strip_inclusion,39,4,496,908,1,4,5,TINB/TINC
0506tin2_03-11_crop_00.jpg,bg_to_strip_inclusion,40,7,495,914,1,7,5,TINB/TINC
0506tin2_03-11_crop_00.jpg,bg_to_strip_inclusion,41,3,218,918,2,3,6,TIND
0506tin2_03-11_crop_00.jpg,bg_to_strip_inclusion,42,3,222,918,3,2,6,TIND
0506tin2_03-11_crop_00.jpg,bg_to_strip_inclusion,45,14,349,968,3,12,5,TINB/TINC
0506tin2_03-11_crop_01.jpg,bg_to_strip_inclusion,1,23,230,0,5,11,5,TINB/TINC
0506tin2_03-11_crop_01.jpg,bg_to_strip_inclusion,2,10,226,35,5,4,5,TINB/TINC
0506tin2_03-11_crop_01.jpg,bg_to_strip_inclusion,3,52,108,59,5,31,5,TINB/TINC
0506tin2_03-11_crop_01.jpg,bg_to_strip_inclusion,4,24,120,82,7,19,5,TINB/TINC
0506tin2_03-11_crop_01.jpg,bg_to_strip_inclusion,5,24,213,163,4,19,5,TINB/TINC
0506tin2_03-11_crop_01.jpg,bg_to_strip_inclusion,6,8,219,162,5,4,5,TINB/TINC
0506tin2_03-11_crop_01.jpg,bg_to_strip_inclusion,7,198,229,196,15,39,5,TINB/TINC
0506tin2_03-11_crop_01.jpg,bg_to_strip_inclusion,8,5,210,210,5,3,5,TINB/TINC
0506tin2_03-11_crop_01.jpg,bg_to_strip_inclusion,13,6,223,247,1,6,5,TINB/TINC
0506tin2_03-11_crop_01.jpg,bg_to_strip_inclusion,14,8,236,250,4,7,5,TINB/TINC
0506tin2_03-11_crop_01.jpg,bg_to_strip_inclusion,16,2,225,258,1,2,5,TINB/TINC
0506tin2_03-11_crop_01.jpg,bg_to_strip_inclusion,17,2,235,258,1,2,5,TINB/TINC
0506tin2_03-11_crop_01.jpg,bg_to_strip_inclusion,18,2,226,261,1,2,5,TINB/TINC
0506tin2_03-11_crop_01.jpg,bg_to_strip_inclusion,19,27,227,261,8,8,5,TINB/TINC
0506tin2_03-11_crop_01.jpg,bg_to_strip_inclusion,20,11,69,370,8,4,6,TIND
0506tin2_03-11_crop_01.jpg,bg_to_strip_inclusion,22,37,70,378,9,9,6,TIND
0506tin2_03-14_crop_01.jpg,bg_to_strip_inclusion,2,3,370,4,1,3,5,TINB/TINC
0506tin2_03-14_crop_01.jpg,bg_to_strip_inclusion,3,7,371,8,1,7,5,TINB/TINC
0506tin2_03-14_crop_01.jpg,bg_to_strip_inclusion,4,5,371,26,1,5,6,TIND
0506tin2_03-14_crop_01.jpg,bg_to_strip_inclusion,5,2,361,81,2,2,6,TIND
0506tin2_03-14_crop_01.jpg,bg_to_strip_inclusion,6,19,364,80,4,13,6,TIND
0506tin2_03-14_crop_01.jpg,bg_to_strip_inclusion,7,10,1013,134,6,3,6,TIND
0506tin2_03-14_crop_01.jpg,bg_to_strip_inclusion,8,8,1020,134,3,5,6,TIND
0506tin2_03-14_crop_01.jpg,bg_to_strip_inclusion,11,7,337,390,2,4,5,TINB/TINC
0506tin2_03-14_crop_01.jpg,bg_to_strip_inclusion,12,8,332,426,4,6,5,TINB/TINC
0506tin2_03-14_crop_01.jpg,bg_to_strip_inclusion,14,108,332,441,6,40,5,TINB/TINC
0506tin2_03-14_crop_01.jpg,bg_to_strip_inclusion,15,2,165,459,1,2,5,TINB/TINC
0506tin2_03-14_crop_01.jpg,bg_to_strip_inclusion,16,40,355,480,13,14,5,TINB/TINC
0506tin2_03-14_crop_01.jpg,bg_to_strip_inclusion,20,3,372,484,1,3,6,TIND
0506tin2_03-14_crop_01.jpg,bg_to_strip_inclusion,21,31,340,486,6,14,5,TINB/TINC
0506tin2_03-14_crop_01.jpg,bg_to_strip_inclusion,22,2,373,488,1,2,6,TIND
0506tin2_03-14_crop_01.jpg,bg_to_strip_inclusion,23,3,371,491,2,3,6,TIND
0506tin2_03-14_crop_01.jpg,bg_to_strip_inclusion,26,6,337,518,3,6,5,TINB/TINC
0506tin2_03-14_crop_01.jpg,bg_to_strip_inclusion,27,2,336,525,1,2,5,TINB/TINC
0506tin2_03-14_crop_01.jpg,bg_to_strip_inclusion,29,11,319,530,2,10,5,TINB/TINC
0506tin2_03-14_crop_01.jpg,bg_to_strip_inclusion,30,35,326,539,6,16,5,TINB/TINC
0506tin2_03-14_crop_01.jpg,bg_to_strip_inclusion,32,16,159,561,3,15,5,TINB/TINC
0506tin2_03-14_crop_01.jpg,bg_to_strip_inclusion,33,13,316,560,1,13,5,TINB/TINC
0506tin2_03-14_crop_01.jpg,bg_to_strip_inclusion,34,2,330,564,1,2,5,TINB/TINC
0506tin2_03-14_crop_01.jpg,bg_to_strip_inclusion,38,6,325,573,2,6,5,TINB/TINC
0506tin2_03-14_crop_01.jpg,bg_to_strip_inclusion,39,31,324,584,6,12,5,TINB/TINC
0506tin2_03-14_crop_01.jpg,bg_to_strip_inclusion,40,9,331,599,1,9,5,TINB/TINC
0506tin2_03-14_crop_01.jpg,bg_to_strip_inclusion,41,5,330,637,1,5,5,TINB/TINC
0506tin2_03-14_crop_01.jpg,bg_to_strip_inclusion,42,4,331,643,1,4,5,TINB/TINC
0506tin2_03-14_crop_01.jpg,bg_to_strip_inclusion,43,3,332,649,1,3,5,TINB/TINC
0506tin2_03-14_crop_01.jpg,bg_to_strip_inclusion,44,12,327,656,5,6,5,TINB/TINC
0506tin2_03-14_crop_01.jpg,bg_to_strip_inclusion,45,2,1005,666,2,1,6,TIND
0506tin2_03-14_crop_01.jpg,bg_to_strip_inclusion,46,12,1003,670,5,9,6,TIND
0506tin2_03-14_crop_01.jpg,bg_to_strip_inclusion,47,5,481,732,3,5,6,TIND
0506tin2_03-14_crop_01.jpg,bg_to_strip_inclusion,48,3,482,739,2,3,6,TIND
0506tin2_03-14_crop_01.jpg,bg_to_strip_inclusion,50,7,469,756,4,3,6,TIND
0506tin2_03-14_crop_01.jpg,bg_to_strip_inclusion,51,19,466,763,6,14,6,TIND
0506tin2_03-14_crop_01.jpg,bg_to_strip_inclusion,52,9,473,763,1,9,6,TIND
0506tin2_03-19_crop_02.jpg,bg_to_strip_inclusion,1,3,82,24,3,2,6,TIND
0506tin2_03-19_crop_02.jpg,bg_to_strip_inclusion,2,7,83,37,4,5,6,TIND
0506tin2_03-21_crop_00.jpg,bg_to_strip_inclusion,1,10,752,115,5,6,5,TINB/TINC
0506tin2_03-21_crop_00.jpg,bg_to_strip_inclusion,4,8,741,205,2,7,5,TINB/TINC
0506tin2_03-21_crop_00.jpg,bg_to_strip_inclusion,5,77,647,228,14,28,6,TIND
0506tin2_03-21_crop_00.jpg,bg_to_strip_inclusion,6,30,739,229,8,6,5,TINB/TINC
0506tin2_03-21_crop_00.jpg,bg_to_strip_inclusion,7,4,659,238,2,3,6,TIND
0506tin2_03-21_crop_00.jpg,bg_to_strip_inclusion,8,30,742,239,4,10,5,TINB/TINC
0506tin2_03-21_crop_00.jpg,bg_to_strip_inclusion,9,5,663,250,2,5,6,TIND
0506tin2_03-21_crop_00.jpg,bg_to_strip_inclusion,10,187,643,320,27,28,6,TIND
0506tin2_03-21_crop_00.jpg,bg_to_strip_inclusion,14,106,690,539,12,20,5,TINB/TINC
0506tin2_03-21_crop_00.jpg,bg_to_strip_inclusion,15,189,687,561,14,45,5,TINB/TINC
0506tin2_03-21_crop_00.jpg,bg_to_strip_inclusion,16,53,678,562,9,22,5,TINB/TINC
0506tin2_03-21_crop_00.jpg,bg_to_strip_inclusion,17,4,698,594,1,4,5,TINB/TINC
0506tin2_03-21_crop_00.jpg,bg_to_strip_inclusion,18,75,671,635,10,16,5,TINB/TINC
0506tin2_03-21_crop_00.jpg,bg_to_strip_inclusion,19,3,679,651,2,3,5,TINB/TINC
0506tin2_03-21_crop_00.jpg,bg_to_strip_inclusion,21,32,664,711,3,19,5,TINB/TINC
0506tin2_03-21_crop_00.jpg,bg_to_strip_inclusion,22,7,663,735,1,7,5,TINB/TINC
0506tin2_03-21_crop_00.jpg,bg_to_strip_inclusion,23,27,101,921,8,10,6,TIND
0506tin2_03-21_crop_00.jpg,bg_to_strip_inclusion,25,20,97,930,8,8,6,TIND
0506tin2_04-01_crop_01.jpg,bg_to_strip_inclusion,2,8,822,178,2,8,5,TINB/TINC
0506tin2_04-01_crop_01.jpg,bg_to_strip_inclusion,3,28,816,188,2,22,5,TINB/TINC
0506tin2_04-01_crop_01.jpg,bg_to_strip_inclusion,4,27,807,247,9,6,5,TINB/TINC
0506tin2_04-01_crop_01.jpg,bg_to_strip_inclusion,6,33,821,250,2,20,5,TINB/TINC
0506tin2_04-01_crop_01.jpg,bg_to_strip_inclusion,7,8,805,257,5,5,5,TINB/TINC
0506tin2_04-01_crop_01.jpg,bg_to_strip_inclusion,9,87,814,272,4,48,5,TINB/TINC
0506tin2_04-01_crop_01.jpg,bg_to_strip_inclusion,11,5,824,301,1,5,5,TINB/TINC
0506tin2_04-01_crop_01.jpg,bg_to_strip_inclusion,12,14,813,325,3,10,5,TINB/TINC
0506tin2_04-01_crop_01.jpg,bg_to_strip_inclusion,13,18,822,332,3,14,5,TINB/TINC
0506tin2_04-01_crop_01.jpg,bg_to_strip_inclusion,14,4,815,340,1,4,5,TINB/TINC
0506tin2_04-01_crop_01.jpg,bg_to_strip_inclusion,15,2,818,349,2,1,5,TINB/TINC
0506tin2_04-01_crop_01.jpg,bg_to_strip_inclusion,16,2,110,357,2,2,5,TINB/TINC
0506tin2_04-01_crop_01.jpg,bg_to_strip_inclusion,17,3,106,364,1,3,5,TINB/TINC
0506tin2_04-01_crop_01.jpg,bg_to_strip_inclusion,18,3,113,364,1,3,5,TINB/TINC
0506tin2_04-01_crop_01.jpg,bg_to_strip_inclusion,19,12,202,789,7,7,5,TINB/TINC
0506tin2_04-01_crop_01.jpg,bg_to_strip_inclusion,21,28,206,818,4,14,5,TINB/TINC
0506tin2_04-01_crop_01.jpg,bg_to_strip_inclusion,22,19,198,826,3,12,5,TINB/TINC
0506tin2_04-01_crop_01.jpg,bg_to_strip_inclusion,23,66,207,836,7,22,5,TINB/TINC
0506tin2_04-01_crop_01.jpg,bg_to_strip_inclusion,24,6,129,907,1,6,5,TINB/TINC
0506tin2_04-01_crop_01.jpg,bg_to_strip_inclusion,25,41,127,924,4,14,5,TINB/TINC
0506tin2_04-01_crop_01.jpg,bg_to_strip_inclusion,26,13,150,1001,6,4,6,TIND
0506tin2_04-01_crop_01.jpg,bg_to_strip_inclusion,27,2,143,1002,2,2,5,TINB/TINC
0506tin2_04-01_crop_01.jpg,bg_to_strip_inclusion,29,13,142,1015,5,5,5,TINB/TINC
0506tin2_04-03_crop_00.jpg,bg_to_strip_inclusion,1,4,737,115,3,2,6,TIND
0506tin2_04-03_crop_00.jpg,bg_to_strip_inclusion,2,2,735,117,1,2,6,TIND
0506tin2_04-03_crop_00.jpg,bg_to_strip_inclusion,3,30,733,120,5,16,6,TIND
0506tin2_04-03_crop_00.jpg,bg_to_strip_inclusion,4,2,731,129,1,2,6,TIND
0506tin2_04-03_crop_00.jpg,bg_to_strip_inclusion,5,12,729,132,2,9,6,TIND
0506tin2_04-03_crop_00.jpg,bg_to_strip_inclusion,7,2,1016,167,1,2,6,TIND
0506tin2_04-03_crop_00.jpg,bg_to_strip_inclusion,8,10,1016,171,8,4,6,TIND
0506tin2_04-03_crop_00.jpg,bg_to_strip_inclusion,9,5,1023,214,1,5,6,TIND
0506tin2_04-03_crop_00.jpg,bg_to_strip_inclusion,10,17,421,349,7,9,6,TIND
0506tin2_04-10_crop_02.jpg,bg_to_strip_inclusion,1,104,771,119,9,16,5,TINB/TINC
0506tin2_04-10_crop_02.jpg,bg_to_strip_inclusion,2,7,237,248,6,3,6,TIND
0506tin2_04-10_crop_02.jpg,bg_to_strip_inclusion,3,6,235,257,1,6,6,TIND
0506tin2_04-10_crop_02.jpg,bg_to_strip_inclusion,4,2,242,256,1,2,6,TIND
0506tin2_04-10_crop_02.jpg,bg_to_strip_inclusion,5,3,241,259,1,3,6,TIND
0506tin2_04-10_crop_02.jpg,bg_to_strip_inclusion,6,7,236,263,5,3,6,TIND
0506tin2_04-10_crop_02.jpg,bg_to_strip_inclusion,7,5,12,945,5,3,6,TIND
0506tin2_04-10_crop_02.jpg,bg_to_strip_inclusion,9,7,8,950,2,6,6,TIND
0506tin2_04-10_crop_02.jpg,bg_to_strip_inclusion,11,3,12,961,3,1,6,TIND
0506tin2_04-10_crop_02.jpg,bg_to_strip_inclusion,13,2,12,1012,1,2,6,TIND
0506tin2_04-10_crop_02.jpg,bg_to_strip_inclusion,14,9,4,1015,6,4,6,TIND
0506tin2_04-20_crop_02.jpg,bg_to_strip_inclusion,1,22,762,230,6,7,6,TIND
0506tin2_04-20_crop_02.jpg,bg_to_strip_inclusion,2,4,765,238,1,4,6,TIND
0506tin2_04-20_crop_02.jpg,bg_to_strip_inclusion,3,2,769,243,1,2,6,TIND
0506tin2_04-20_crop_02.jpg,bg_to_strip_inclusion,4,6,766,246,3,5,6,TIND
0506tin2_04-20_crop_02.jpg,bg_to_strip_inclusion,6,6,940,297,4,3,6,TIND
0506tin2_04-20_crop_02.jpg,bg_to_strip_inclusion,7,2,934,303,2,2,6,TIND
0506tin2_04-20_crop_02.jpg,bg_to_strip_inclusion,9,131,633,621,10,19,5,TINB/TINC
0506tin2_04-20_crop_02.jpg,bg_to_strip_inclusion,10,145,627,670,7,24,5,TINB/TINC
0506tin2_05-01_crop_02.jpg,bg_to_strip_inclusion,1,49,968,41,8,7,5,TINB/TINC
0506tin2_05-01_crop_02.jpg,bg_to_strip_inclusion,2,45,967,66,2,23,5,TINB/TINC
0506tin2_05-01_crop_02.jpg,bg_to_strip_inclusion,3,8,968,98,1,8,5,TINB/TINC
0506tin2_05-01_crop_02.jpg,bg_to_strip_inclusion,4,24,848,202,4,8,6,TIND
0506tin2_05-01_crop_02.jpg,bg_to_strip_inclusion,5,5,511,298,2,4,6,TIND
0506tin2_05-01_crop_02.jpg,bg_to_strip_inclusion,6,5,517,301,1,5,6,TIND
0506tin2_05-01_crop_02.jpg,bg_to_strip_inclusion,7,2,510,310,2,1,6,TIND
0506tin2_05-01_crop_02.jpg,bg_to_strip_inclusion,8,11,475,687,4,4,6,TIND
0506tin2_05-06_crop_03.jpg,bg_to_strip_inclusion,1,3,559,107,1,3,6,TIND
0506tin2_05-06_crop_03.jpg,bg_to_strip_inclusion,2,5,560,113,1,5,6,TIND
0506tin2_05-09_crop_00.jpg,bg_to_strip_inclusion,1,4,582,43,1,4,6,TIND
0506tin2_05-09_crop_00.jpg,bg_to_strip_inclusion,2,2,585,55,2,1,6,TIND
0506tin2_05-09_crop_00.jpg,bg_to_strip_inclusion,7,10,915,418,3,8,6,TIND
0506tin2_05-09_crop_00.jpg,bg_to_strip_inclusion,8,2,906,421,1,2,6,TIND
0506tin2_05-09_crop_00.jpg,bg_to_strip_inclusion,9,2,907,424,1,2,6,TIND
0506tin2_05-09_crop_00.jpg,bg_to_strip_inclusion,10,2,912,432,2,1,6,TIND
0506tin2_05-09_crop_00.jpg,bg_to_strip_inclusion,12,73,260,558,6,16,6,TIND
0506tin2_05-09_crop_00.jpg,bg_to_strip_inclusion,15,7,75,677,1,7,6,TIND
0506tin2_05-09_crop_00.jpg,bg_to_strip_inclusion,16,2,83,676,1,2,6,TIND
0506tin2_05-09_crop_00.jpg,bg_to_strip_inclusion,17,3,84,680,1,3,6,TIND
0506tin2_05-09_crop_00.jpg,bg_to_strip_inclusion,20,5,78,691,5,2,6,TIND
0506tin2_05-09_crop_00.jpg,bg_to_strip_inclusion,21,2,147,833,1,2,6,TIND
0506tin2_05-09_crop_00.jpg,bg_to_strip_inclusion,22,3,140,834,2,3,6,TIND
0506tin2_05-14_crop_00.jpg,bg_to_strip_inclusion,1,38,42,21,7,10,6,TIND
0506tin2_05-14_crop_00.jpg,bg_to_strip_inclusion,2,3,34,33,3,2,6,TIND
0506tin2_05-14_crop_00.jpg,bg_to_strip_inclusion,4,5,95,57,3,5,6,TIND
0506tin2_05-14_crop_00.jpg,bg_to_strip_inclusion,5,7,111,57,2,5,6,TIND
0506tin2_05-14_crop_00.jpg,bg_to_strip_inclusion,6,2,107,72,2,2,6,TIND
0506tin2_05-14_crop_00.jpg,bg_to_strip_inclusion,7,29,102,127,6,7,6,TIND
0506tin2_05-14_crop_00.jpg,bg_to_strip_inclusion,8,2,40,131,2,1,6,TIND
0506tin2_05-14_crop_00.jpg,bg_to_strip_inclusion,9,2,46,134,1,2,6,TIND
0506tin2_05-14_crop_00.jpg,bg_to_strip_inclusion,10,2,931,134,2,1,6,TIND
0506tin2_05-14_crop_00.jpg,bg_to_strip_inclusion,13,6,42,138,4,4,6,TIND
0506tin2_05-14_crop_00.jpg,bg_to_strip_inclusion,14,2,921,141,1,2,6,TIND
0506tin2_05-14_crop_00.jpg,bg_to_strip_inclusion,15,12,933,143,5,6,6,TIND
0506tin2_05-14_crop_00.jpg,bg_to_strip_inclusion,16,2,920,144,1,2,6,TIND
0506tin2_05-14_crop_00.jpg,bg_to_strip_inclusion,21,2,40,164,1,2,6,TIND
0506tin2_05-14_crop_00.jpg,bg_to_strip_inclusion,26,3,680,519,3,1,6,TIND
0506tin2_05-14_crop_00.jpg,bg_to_strip_inclusion,27,9,676,545,6,5,6,TIND
0506tin2_05-14_crop_00.jpg,bg_to_strip_inclusion,30,22,121,575,4,7,6,TIND
0506tin2_05-14_crop_00.jpg,bg_to_strip_inclusion,31,2,870,583,1,2,6,TIND
0506tin2_05-14_crop_00.jpg,bg_to_strip_inclusion,32,4,848,800,2,3,6,TIND
0506tin2_05-14_crop_00.jpg,bg_to_strip_inclusion,33,3,843,805,1,3,6,TIND
0506tin2_05-14_crop_00.jpg,bg_to_strip_inclusion,34,2,852,810,1,2,6,TIND
0506tin2_05-14_crop_00.jpg,bg_to_strip_inclusion,36,3,844,814,3,1,6,TIND
0506tin2_05-14_crop_00.jpg,bg_to_strip_inclusion,37,2,825,837,2,2,6,TIND
0506tin2_05-14_crop_00.jpg,bg_to_strip_inclusion,39,4,837,839,1,4,6,TIND
0506tin2_05-14_crop_00.jpg,bg_to_strip_inclusion,40,5,860,937,5,4,6,TIND
0506tin2_05-14_crop_00.jpg,bg_to_strip_inclusion,41,6,849,954,5,4,6,TIND
0506tin2_05-14_crop_00.jpg,bg_to_strip_inclusion,44,4,827,977,2,4,6,TIND
0506tin2_05-14_crop_00.jpg,bg_to_strip_inclusion,45,2,818,980,2,1,6,TIND
0506tin2_05-14_crop_00.jpg,bg_to_strip_inclusion,46,5,821,981,5,1,6,TIND
0506tin2_05-18_crop_00.jpg,bg_to_strip_inclusion,1,34,391,384,5,11,6,TIND
0506tin2_05-18_crop_00.jpg,bg_to_strip_inclusion,2,7,386,400,2,7,6,TIND
0506tin2_05-18_crop_00.jpg,bg_to_strip_inclusion,3,3,399,402,1,3,6,TIND
0506tin2_05-18_crop_00.jpg,bg_to_strip_inclusion,4,6,394,407,5,5,6,TIND
0506tin2_05-18_crop_00.jpg,bg_to_strip_inclusion,5,3,390,411,3,1,6,TIND
0506tin2_05-18_crop_00.jpg,bg_to_strip_inclusion,6,72,395,426,6,19,5,TINB/TINC
0506tin2_05-18_crop_00.jpg,bg_to_strip_inclusion,7,12,253,767,5,8,6,TIND
0506tin2_05-18_crop_00.jpg,bg_to_strip_inclusion,8,6,247,816,2,6,6,TIND
0506tin2_05-18_crop_00.jpg,bg_to_strip_inclusion,11,9,224,822,9,5,6,TIND
0506tin2_05-18_crop_00.jpg,bg_to_strip_inclusion,13,46,233,825,9,12,6,TIND
0506tin2_05-18_crop_00.jpg,bg_to_strip_inclusion,14,24,224,831,5,7,6,TIND
0506tin2_05-18_crop_00.jpg,bg_to_strip_inclusion,15,5,231,844,5,1,6,TIND
0506tin2_05-18_crop_01.jpg,bg_to_strip_inclusion,3,12,774,690,3,6,6,TIND
0506tin2_05-18_crop_01.jpg,bg_to_strip_inclusion,7,3,769,705,3,1,6,TIND
0506tin2_05-18_crop_01.jpg,bg_to_strip_inclusion,9,5,764,756,1,5,6,TIND
0506tin2_05-18_crop_01.jpg,bg_to_strip_inclusion,13,13,791,893,6,5,6,TIND
0506tin2_05-18_crop_01.jpg,bg_to_strip_inclusion,15,2,800,901,2,2,6,TIND
0506tin2_05-18_crop_01.jpg,bg_to_strip_inclusion,20,5,800,916,5,3,6,TIND
0506tin2_05-19_crop_00.jpg,bg_to_strip_inclusion,2,2,999,146,2,2,6,TIND
0506tin2_05-19_crop_00.jpg,bg_to_strip_inclusion,4,16,566,180,6,7,6,TIND
0506tin2_05-19_crop_00.jpg,bg_to_strip_inclusion,5,2,365,964,1,2,6,TIND
0506tin2_05-19_crop_00.jpg,bg_to_strip_inclusion,6,3,368,969,3,1,6,TIND
0506tin2_05-19_crop_01.jpg,bg_to_strip_inclusion,1,6,634,328,4,3,5,TINB/TINC
0506tin2_05-19_crop_01.jpg,bg_to_strip_inclusion,2,2,638,332,1,2,5,TINB/TINC
0506tin2_05-19_crop_01.jpg,bg_to_strip_inclusion,4,27,619,463,6,10,5,TINB/TINC
0506tin2_05-19_crop_01.jpg,bg_to_strip_inclusion,6,83,618,474,6,44,5,TINB/TINC
0506tin2_05-19_crop_01.jpg,bg_to_strip_inclusion,7,67,606,510,9,38,5,TINB/TINC
0506tin2_05-19_crop_01.jpg,bg_to_strip_inclusion,8,2,616,536,1,2,5,TINB/TINC
0506tin2_05-19_crop_01.jpg,bg_to_strip_inclusion,10,317,605,554,10,84,5,TINB/TINC
0506tin2_05-19_crop_01.jpg,bg_to_strip_inclusion,11,26,608,642,3,13,5,TINB/TINC
0506tin2_05-19_crop_01.jpg,bg_to_strip_inclusion,12,85,618,675,9,44,5,TINB/TINC
0506tin2_05-19_crop_01.jpg,bg_to_strip_inclusion,13,43,620,708,4,24,5,TINB/TINC
0506tin2_05-19_crop_01.jpg,bg_to_strip_inclusion,14,3,627,721,1,3,5,TINB/TINC
0506tin2_05-19_crop_01.jpg,bg_to_strip_inclusion,15,72,617,738,7,37,5,TINB/TINC
0506tin2_05-19_crop_01.jpg,bg_to_strip_inclusion,16,61,626,740,4,43,5,TINB/TINC
0506tin2_05-19_crop_01.jpg,bg_to_strip_inclusion,20,138,598,787,20,25,5,TINB/TINC
0506tin2_05-19_crop_01.jpg,bg_to_strip_inclusion,21,2,621,798,1,2,5,TINB/TINC
0506tin2_05-19_crop_01.jpg,bg_to_strip_inclusion,22,2,620,802,1,2,5,TINB/TINC
0506tin2_05-19_crop_01.jpg,bg_to_strip_inclusion,23,5,619,805,1,5,5,TINB/TINC
0506tin2_05-19_crop_01.jpg,bg_to_strip_inclusion,24,2,599,815,2,2,5,TINB/TINC
0506tin2_05-19_crop_01.jpg,bg_to_strip_inclusion,26,20,606,819,8,16,5,TINB/TINC
0506tin2_05-19_crop_01.jpg,bg_to_strip_inclusion,27,22,616,832,5,14,5,TINB/TINC
0506tin2_06-06_crop_00.jpg,bg_to_strip_inclusion,1,15,487,24,8,10,6,TIND
0506tin2_06-06_crop_00.jpg,bg_to_strip_inclusion,4,7,43,344,5,5,6,TIND
0506tin2_06-06_crop_00.jpg,bg_to_strip_inclusion,7,2,49,403,2,1,6,TIND
0506tin2_06-06_crop_00.jpg,bg_to_strip_inclusion,8,4,1003,839,1,4,6,TIND
0506tin2_06-06_crop_00.jpg,bg_to_strip_inclusion,9,2,1011,841,2,2,6,TIND
0506tin2_06-06_crop_00.jpg,bg_to_strip_inclusion,11,28,1006,936,10,13,5,TINB/TINC
0506tin2_06-06_crop_00.jpg,bg_to_strip_inclusion,12,222,1006,953,10,38,5,TINB/TINC
0506tin2_06-06_crop_00.jpg,bg_to_strip_inclusion,13,32,1008,993,8,12,5,TINB/TINC
0506tin2_06-08_crop_00.jpg,bg_to_strip_inclusion,1,9,368,237,7,3,6,TIND
0506tin2_06-08_crop_00.jpg,bg_to_strip_inclusion,4,384,982,312,21,76,5,TINB/TINC
0506tin2_06-08_crop_00.jpg,bg_to_strip_inclusion,5,7,883,451,3,7,6,TIND
0506tin2_06-08_crop_00.jpg,bg_to_strip_inclusion,8,7,879,612,4,5,6,TIND
0506tin2_06-08_crop_00.jpg,bg_to_strip_inclusion,9,24,891,615,7,5,6,TIND
0506tin2_06-08_crop_00.jpg,bg_to_strip_inclusion,12,6,899,626,2,5,6,TIND
0506tin2_06-08_crop_00.jpg,bg_to_strip_inclusion,13,53,886,630,9,9,6,TIND
0506tin2_06-13_crop_02.jpg,bg_to_strip_inclusion,2,7,811,77,3,4,6,TIND
0506tin2_06-13_crop_02.jpg,bg_to_strip_inclusion,4,2,307,746,2,2,6,TIND
0506tin2_06-13_crop_02.jpg,bg_to_strip_inclusion,5,2,255,982,2,1,6,TIND
0506tin2_06-13_crop_02.jpg,bg_to_strip_inclusion,6,2,260,997,2,2,6,TIND
0506tin2_06-18_crop_00.jpg,bg_to_strip_inclusion,3,11,999,623,8,6,6,TIND
0506tin2_06-18_crop_00.jpg,bg_to_strip_inclusion,4,2,1014,629,2,2,6,TIND
0506tin2_06-18_crop_00.jpg,bg_to_strip_inclusion,5,2,905,834,2,1,6,TIND
0506tin2_06-19_crop_00.jpg,bg_to_strip_inclusion,1,2,882,151,2,1,6,TIND
0506tin2_06-19_crop_00.jpg,bg_to_strip_inclusion,3,5,891,353,4,3,6,TIND
0506tin2_06-19_crop_00.jpg,bg_to_strip_inclusion,6,2,858,534,1,2,6,TIND
0506tin2_06-19_crop_00.jpg,bg_to_strip_inclusion,8,13,857,542,6,4,6,TIND
0506tin2_06-19_crop_00.jpg,bg_to_strip_inclusion,9,4,861,780,1,4,6,TIND
0506tin2_06-19_crop_00.jpg,bg_to_strip_inclusion,10,2,860,789,2,2,6,TIND
0506tin2_06-19_crop_00.jpg,bg_to_strip_inclusion,11,17,872,985,5,5,5,TINB/TINC
0506tin2_06-19_crop_00.jpg,bg_to_strip_inclusion,12,94,872,993,7,24,5,TINB/TINC
0506tin2_07-05_crop_02.jpg,bg_to_strip_inclusion,1,21,983,62,8,9,5,TINB/TINC
0506tin2_07-05_crop_02.jpg,bg_to_strip_inclusion,2,42,984,72,4,21,5,TINB/TINC
0506tin2_07-05_crop_02.jpg,bg_to_strip_inclusion,3,7,987,113,1,7,5,TINB/TINC
0506tin2_07-05_crop_02.jpg,bg_to_strip_inclusion,4,3,990,268,1,3,5,TINB/TINC
0506tin2_07-05_crop_02.jpg,bg_to_strip_inclusion,5,9,976,273,5,7,5,TINB/TINC
0506tin2_07-05_crop_02.jpg,bg_to_strip_inclusion,6,2,635,1003,2,2,6,TIND
0506tin2_07-05_crop_02.jpg,bg_to_strip_inclusion,7,17,635,1009,7,8,6,TIND
0506tin2_07-09_crop_00.jpg,bg_to_strip_inclusion,1,2,822,58,2,1,6,TIND
0506tin2_07-09_crop_00.jpg,bg_to_strip_inclusion,3,7,819,62,1,7,6,TIND
0506tin2_07-09_crop_00.jpg,bg_to_strip_inclusion,5,16,505,398,6,7,6,TIND
0506tin2_07-09_crop_00.jpg,bg_to_strip_inclusion,6,3,508,406,2,3,6,TIND
0506tin2_07-11_crop_01.jpg,bg_to_strip_inclusion,1,2,724,621,1,2,6,TIND
0506tin2_07-11_crop_01.jpg,bg_to_strip_inclusion,2,2,716,633,1,2,6,TIND
0506tin2_07-11_crop_01.jpg,bg_to_strip_inclusion,4,19,717,831,9,16,6,TIND
0506tin2_07-16_crop_01.jpg,bg_to_strip_inclusion,2,5,421,617,3,5,6,TIND
0506tin2_07-16_crop_01.jpg,bg_to_strip_inclusion,3,8,414,644,2,8,5,TINB/TINC
0506tin2_07-16_crop_01.jpg,bg_to_strip_inclusion,4,3,411,656,3,3,5,TINB/TINC
0506tin2_07-16_crop_01.jpg,bg_to_strip_inclusion,5,8,395,911,4,5,6,TIND
0506tin2_08-11_crop_01.jpg,bg_to_strip_inclusion,1,43,571,981,4,20,5,TINB/TINC
0506tin2_08-12_crop_00.jpg,bg_to_strip_inclusion,1,8,253,345,4,8,5,TINB/TINC
0506tin2_08-12_crop_00.jpg,bg_to_strip_inclusion,2,2,480,360,2,1,6,TIND
0506tin2_08-12_crop_00.jpg,bg_to_strip_inclusion,3,81,256,363,9,23,5,TINB/TINC
0506tin2_08-12_crop_00.jpg,bg_to_strip_inclusion,6,22,259,410,2,22,5,TINB/TINC
0506tin2_08-12_crop_00.jpg,bg_to_strip_inclusion,7,11,257,433,4,7,5,TINB/TINC
0506tin2_08-12_crop_00.jpg,bg_to_strip_inclusion,8,149,714,541,10,24,6,TIND
0506tin2_08-12_crop_00.jpg,bg_to_strip_inclusion,9,7,252,544,1,7,5,TINB/TINC
0506tin2_08-12_crop_00.jpg,bg_to_strip_inclusion,10,6,258,545,1,6,5,TINB/TINC
0506tin2_08-12_crop_00.jpg,bg_to_strip_inclusion,11,38,256,578,3,20,5,TINB/TINC
0506tin2_08-15_crop_00.jpg,bg_to_strip_inclusion,3,30,230,418,4,13,5,TINB/TINC
0506tin2_08-15_crop_00.jpg,bg_to_strip_inclusion,4,3,233,436,1,3,5,TINB/TINC
0506tin2_08-15_crop_00.jpg,bg_to_strip_inclusion,5,7,883,509,1,7,6,TIND
0506tin2_08-15_crop_00.jpg,bg_to_strip_inclusion,7,33,857,581,5,11,5,TINB/TINC
0506tin2_08-17_crop_02.jpg,bg_to_strip_inclusion,1,23,71,0,9,3,5,TINB/TINC
0506tin2_08-17_crop_02.jpg,bg_to_strip_inclusion,2,3,67,176,1,3,5,TINB/TINC
0506tin2_08-17_crop_02.jpg,bg_to_strip_inclusion,3,4,42,198,1,4,5,TINB/TINC
0506tin2_08-17_crop_02.jpg,bg_to_strip_inclusion,4,4,57,203,1,4,5,TINB/TINC
0506tin2_08-17_crop_02.jpg,bg_to_strip_inclusion,5,38,56,209,4,17,5,TINB/TINC
0506tin2_08-17_crop_02.jpg,bg_to_strip_inclusion,6,3,46,210,2,3,5,TINB/TINC
0506tin2_08-17_crop_02.jpg,bg_to_strip_inclusion,7,18,59,236,3,12,5,TINB/TINC
0506tin2_08-17_crop_02.jpg,bg_to_strip_inclusion,8,10,49,239,1,10,5,TINB/TINC
0506tin2_08-17_crop_02.jpg,bg_to_strip_inclusion,9,6,56,259,6,5,5,TINB/TINC
0506tin2_09-11_crop_00.jpg,bg_to_strip_inclusion,1,5,153,177,2,4,6,TIND
0506tin2_09-11_crop_00.jpg,bg_to_strip_inclusion,2,5,990,248,2,4,6,TIND
0506tin2_09-11_crop_00.jpg,bg_to_strip_inclusion,3,16,137,326,5,7,6,TIND
0506tin2_09-11_crop_00.jpg,bg_to_strip_inclusion,5,6,124,342,4,3,6,TIND
0506tin2_09-11_crop_00.jpg,bg_to_strip_inclusion,6,2,990,376,2,2,6,TIND
0506tin2_09-13_crop_01.jpg,bg_to_strip_inclusion,2,67,329,941,9,10,6,TIND
0506tin2_09-14_crop_00.jpg,bg_to_strip_inclusion,1,57,32,655,7,10,6,TIND
0506tin2_10-01_crop_00.jpg,bg_to_strip_inclusion,1,7,536,3,6,3,6,TIND
0506tin2_10-01_crop_00.jpg,bg_to_strip_inclusion,2,2,713,11,2,2,6,TIND
0506tin2_10-01_crop_00.jpg,bg_to_strip_inclusion,3,3,539,19,2,3,6,TIND
0506tin2_10-01_crop_00.jpg,bg_to_strip_inclusion,7,14,712,25,7,4,6,TIND
0506tin2_10-01_crop_00.jpg,bg_to_strip_inclusion,9,6,544,521,6,1,6,TIND
0506tin2_10-01_crop_00.jpg,bg_to_strip_inclusion,10,7,497,591,6,2,6,TIND
0506tin2_10-01_crop_00.jpg,bg_to_strip_inclusion,11,2,504,622,2,2,6,TIND
0506tin2_10-01_crop_00.jpg,bg_to_strip_inclusion,12,6,491,643,5,4,6,TIND
0506tin2_10-01_crop_00.jpg,bg_to_strip_inclusion,13,2,893,676,2,1,6,TIND
0506tin2_10-01_crop_00.jpg,bg_to_strip_inclusion,17,2,885,830,1,2,5,TINB/TINC
0506tin2_10-01_crop_00.jpg,bg_to_strip_inclusion,18,2,886,834,1,2,5,TINB/TINC
0506tin2_10-01_crop_00.jpg,bg_to_strip_inclusion,19,144,876,836,10,30,5,TINB/TINC
0506tin2_10-01_crop_00.jpg,bg_to_strip_inclusion,20,23,94,850,8,6,6,TIND
0506tin2_10-01_crop_00.jpg,bg_to_strip_inclusion,21,6,95,864,6,3,6,TIND
0506tin2_10-01_crop_00.jpg,bg_to_strip_inclusion,22,8,873,893,4,3,5,TINB/TINC
0506tin2_10-01_crop_00.jpg,bg_to_strip_inclusion,23,17,866,909,7,5,5,TINB/TINC
0506tin2_10-01_crop_00.jpg,bg_to_strip_inclusion,24,6,487,928,6,3,6,TIND
0506tin2_10-01_crop_00.jpg,bg_to_strip_inclusion,25,3,486,946,3,1,6,TIND
0506tin2_10-07_crop_01.jpg,bg_to_strip_inclusion,1,2,327,120,2,1,6,TIND
0506tin2_10-07_crop_01.jpg,bg_to_strip_inclusion,5,2,337,228,2,1,6,TIND
0506tin2_10-07_crop_01.jpg,bg_to_strip_inclusion,6,2,342,235,1,2,6,TIND
0506tin2_10-07_crop_01.jpg,bg_to_strip_inclusion,7,2,334,238,1,2,6,TIND
0506tin2_10-07_crop_01.jpg,bg_to_strip_inclusion,8,2,333,242,1,2,6,TIND
0506tin2_10-07_crop_01.jpg,bg_to_strip_inclusion,9,23,345,243,10,8,6,TIND
0506tin2_10-07_crop_01.jpg,bg_to_strip_inclusion,10,2,332,248,1,2,6,TIND
0506tin2_10-07_crop_01.jpg,bg_to_strip_inclusion,11,4,333,251,3,3,6,TIND
0506tin2_10-07_crop_01.jpg,bg_to_strip_inclusion,14,4,792,634,1,4,6,TIND
0506tin2_10-07_crop_01.jpg,bg_to_strip_inclusion,17,3,784,659,2,2,6,TIND
0506tin2_10-07_crop_01.jpg,bg_to_strip_inclusion,18,7,783,669,5,2,6,TIND
0506tin2_10-08_crop_01.jpg,bg_to_strip_inclusion,1,6,339,357,5,3,6,TIND
0506tin2_10-08_crop_01.jpg,bg_to_strip_inclusion,2,5,339,366,4,5,6,TIND
0506tin2_10-08_crop_01.jpg,bg_to_strip_inclusion,6,4,739,467,2,3,6,TIND
0506tin2_10-08_crop_01.jpg,bg_to_strip_inclusion,7,7,733,470,3,5,6,TIND
0506tin2_10-08_crop_01.jpg,bg_to_strip_inclusion,9,5,744,482,1,5,6,TIND
0506tin2_10-08_crop_01.jpg,bg_to_strip_inclusion,10,9,778,483,5,7,6,TIND
0506tin2_10-08_crop_01.jpg,bg_to_strip_inclusion,12,36,762,523,10,6,6,TIND
0506tin2_10-08_crop_01.jpg,bg_to_strip_inclusion,13,534,721,620,19,66,5,TINB/TINC
0506tin2_10-08_crop_01.jpg,bg_to_strip_inclusion,17,2,681,715,2,1,6,TIND
0506tin2_10-08_crop_01.jpg,bg_to_strip_inclusion,18,5,77,894,1,5,6,TIND
0506tin2_10-08_crop_01.jpg,bg_to_strip_inclusion,19,13,68,896,5,8,6,TIND
0506tin2_10-08_crop_01.jpg,bg_to_strip_inclusion,20,4,69,908,3,4,6,TIND
0506tin2_10-08_crop_01.jpg,bg_to_strip_inclusion,21,4,64,910,2,3,6,TIND
0506tin2_10-08_crop_01.jpg,bg_to_strip_inclusion,22,16,42,991,6,9,6,TIND
0506tin2_10-08_crop_01.jpg,bg_to_strip_inclusion,23,3,41,996,1,3,6,TIND
0506tin2_10-10_crop_03.jpg,bg_to_strip_inclusion,2,2,609,201,1,2,6,TIND
0506tin2_10-10_crop_03.jpg,bg_to_strip_inclusion,3,2,610,204,1,2,6,TIND
0506tin2_10-10_crop_03.jpg,bg_to_strip_inclusion,5,20,176,562,10,9,6,TIND
0506tin2_10-10_crop_03.jpg,bg_to_strip_inclusion,7,4,179,574,4,1,6,TIND
0506tin2_10-10_crop_03.jpg,bg_to_strip_inclusion,8,6,430,730,5,2,5,TINB/TINC
0506tin2_10-10_crop_03.jpg,bg_to_strip_inclusion,9,2,438,776,2,2,6,TIND
0506tin2_10-14_crop_01.jpg,bg_to_strip_inclusion,1,3,682,458,1,3,6,TIND
0506tin2_10-14_crop_01.jpg,bg_to_strip_inclusion,2,3,688,460,1,3,6,TIND
0506tin2_10-14_crop_01.jpg,bg_to_strip_inclusion,5,8,537,477,3,6,5,TINB/TINC
0506tin2_10-14_crop_01.jpg,bg_to_strip_inclusion,6,35,530,482,5,28,5,TINB/TINC
0506tin2_10-14_crop_01.jpg,bg_to_strip_inclusion,7,2,540,484,1,2,5,TINB/TINC
0506tin2_10-14_crop_01.jpg,bg_to_strip_inclusion,8,38,540,492,5,14,5,TINB/TINC
0506tin2_10-14_crop_01.jpg,bg_to_strip_inclusion,9,54,528,513,4,40,5,TINB/TINC
0506tin2_10-14_crop_01.jpg,bg_to_strip_inclusion,10,35,537,512,6,20,5,TINB/TINC
0506tin2_10-14_crop_01.jpg,bg_to_strip_inclusion,11,4,537,535,1,4,5,TINB/TINC
0506tin2_10-14_crop_01.jpg,bg_to_strip_inclusion,12,2,536,542,1,2,5,TINB/TINC
0506tin2_10-14_crop_01.jpg,bg_to_strip_inclusion,13,11,527,555,1,11,5,TINB/TINC
0506tin2_10-14_crop_02.jpg,bg_to_strip_inclusion,2,2,468,186,1,2,6,TIND
0506tin2_10-14_crop_02.jpg,bg_to_strip_inclusion,4,14,267,974,3,5,6,TIND
0506tin2_10-16_crop_01.jpg,bg_to_strip_inclusion,1,5,142,9,1,5,6,TIND
0506tin2_10-16_crop_01.jpg,bg_to_strip_inclusion,2,11,143,18,1,11,6,TIND
0506tin2_10-16_crop_01.jpg,bg_to_strip_inclusion,6,2,83,463,2,2,6,TIND
0506tin2_10-16_crop_01.jpg,bg_to_strip_inclusion,7,18,31,755,4,17,5,TINB/TINC
0506tin2_10-16_crop_01.jpg,bg_to_strip_inclusion,9,2,19,767,2,2,5,TINB/TINC
0506tin2_10-16_crop_01.jpg,bg_to_strip_inclusion,10,6,14,770,5,6,6,TIND
0506tin2_10-16_crop_01.jpg,bg_to_strip_inclusion,11,27,28,775,7,9,5,TINB/TINC
0506tin2_10-16_crop_01.jpg,bg_to_strip_inclusion,12,13,16,929,1,13,5,TINB/TINC
0506tin2_10-16_crop_01.jpg,bg_to_strip_inclusion,13,10,22,928,1,10,5,TINB/TINC
0506tin2_10-21_crop_02.jpg,bg_to_strip_inclusion,3,2,664,487,1,2,6,TIND
0506tin2_10-21_crop_02.jpg,bg_to_strip_inclusion,4,2,663,491,1,2,6,TIND
0506tin2_10-21_crop_02.jpg,bg_to_strip_inclusion,5,6,656,492,1,6,6,TIND
0506tin2_10-21_crop_02.jpg,bg_to_strip_inclusion,10,7,646,613,6,3,6,TIND
0506tin2_10-21_crop_02.jpg,bg_to_strip_inclusion,12,2,653,619,1,2,6,TIND
0506tin2_10-21_crop_02.jpg,bg_to_strip_inclusion,14,9,647,627,5,2,6,TIND
0506tin2_10-21_crop_02.jpg,bg_to_strip_inclusion,15,2,707,703,2,2,5,TINB/TINC
0506tin2_10-21_crop_02.jpg,bg_to_strip_inclusion,16,79,702,708,7,43,5,TINB/TINC
0506tin2_10-21_crop_02.jpg,bg_to_strip_inclusion,17,5,714,725,1,5,5,TINB/TINC
0506tin2_10-21_crop_02.jpg,bg_to_strip_inclusion,18,5,713,731,1,5,5,TINB/TINC
0506tin2_10-21_crop_02.jpg,bg_to_strip_inclusion,19,2,712,740,1,2,5,TINB/TINC
0506tin2_10-21_crop_02.jpg,bg_to_strip_inclusion,20,41,709,748,4,24,5,TINB/TINC
0506tin2_10-21_crop_02.jpg,bg_to_strip_inclusion,21,28,699,782,6,23,5,TINB/TINC
0506tin2_10-21_crop_02.jpg,bg_to_strip_inclusion,23,2,700,824,1,2,5,TINB/TINC
0506tin2_10-21_crop_02.jpg,bg_to_strip_inclusion,26,20,689,834,9,14,5,TINB/TINC
0506tin2_10-21_crop_02.jpg,bg_to_strip_inclusion,31,94,674,854,12,40,5,TINB/TINC
0506tin2_11-03_crop_01.jpg,bg_to_strip_inclusion,1,23,699,35,3,15,5,TINB/TINC
0506tin2_11-03_crop_01.jpg,bg_to_strip_inclusion,2,4,702,53,1,4,5,TINB/TINC
0506tin2_11-03_crop_01.jpg,bg_to_strip_inclusion,3,4,705,81,1,4,5,TINB/TINC
0506tin2_11-03_crop_01.jpg,bg_to_strip_inclusion,4,8,706,86,1,8,5,TINB/TINC
0506tin2_11-03_crop_01.jpg,bg_to_strip_inclusion,7,4,879,228,4,2,6,TIND
0506tin2_11-03_crop_01.jpg,bg_to_strip_inclusion,8,2,878,232,1,2,6,TIND
0506tin2_11-03_crop_01.jpg,bg_to_strip_inclusion,10,11,879,244,4,4,6,TIND
0506tin2_11-03_crop_01.jpg,bg_to_strip_inclusion,11,2,982,564,1,2,6,TIND
0506tin2_11-03_crop_01.jpg,bg_to_strip_inclusion,12,10,988,569,1,10,5,TINB/TINC
0506tin2_11-03_crop_01.jpg,bg_to_strip_inclusion,13,6,965,572,2,6,6,TIND
0506tin2_11-03_crop_01.jpg,bg_to_strip_inclusion,14,3,971,573,2,3,6,TIND
0506tin2_11-03_crop_01.jpg,bg_to_strip_inclusion,15,6,825,707,1,6,5,TINB/TINC
0506tin2_11-03_crop_01.jpg,bg_to_strip_inclusion,16,8,832,706,1,8,5,TINB/TINC
0506tin2_11-03_crop_01.jpg,bg_to_strip_inclusion,17,30,824,740,3,16,5,TINB/TINC
0506tin2_11-03_crop_01.jpg,bg_to_strip_inclusion,18,8,631,760,6,2,6,TIND
0506tin2_11-03_crop_01.jpg,bg_to_strip_inclusion,19,2,824,779,1,2,5,TINB/TINC
0506tin2_11-03_crop_01.jpg,bg_to_strip_inclusion,20,2,825,782,1,2,5,TINB/TINC
0506tin2_11-03_crop_01.jpg,bg_to_strip_inclusion,21,2,827,792,1,2,5,TINB/TINC
0506tin2_11-03_crop_01.jpg,bg_to_strip_inclusion,23,2,825,813,1,2,5,TINB/TINC
0506tin2_11-03_crop_01.jpg,bg_to_strip_inclusion,24,5,824,818,1,5,5,TINB/TINC
0506tin2_11-03_crop_01.jpg,bg_to_strip_inclusion,25,135,808,829,16,24,5,TINB/TINC
0506tin2_11-03_crop_01.jpg,bg_to_strip_inclusion,27,25,815,862,5,16,5,TINB/TINC
0506tin2_11-03_crop_01.jpg,bg_to_strip_inclusion,28,18,803,891,4,10,5,TINB/TINC
0506tin2_11-03_crop_01.jpg,bg_to_strip_inclusion,30,6,816,898,2,6,5,TINB/TINC
0506tin2_11-03_crop_01.jpg,bg_to_strip_inclusion,31,2,807,902,1,2,5,TINB/TINC
0506tin2_11-07_crop_01.jpg,bg_to_strip_inclusion,1,4,815,425,4,3,6,TIND
0506tin2_11-07_crop_01.jpg,bg_to_strip_inclusion,2,2,814,435,1,2,6,TIND
0506tin2_11-07_crop_01.jpg,bg_to_strip_inclusion,3,6,541,760,5,2,6,TIND
0506tin2_11-07_crop_01.jpg,bg_to_strip_inclusion,4,5,550,764,2,4,6,TIND
0506tin2_11-07_crop_01.jpg,bg_to_strip_inclusion,5,3,538,766,1,3,6,TIND
0506tin2_11-07_crop_01.jpg,bg_to_strip_inclusion,6,5,575,772,1,5,5,TINB/TINC
0506tin2_11-07_crop_01.jpg,bg_to_strip_inclusion,8,3,547,774,3,1,6,TIND
0506tin2_11-07_crop_01.jpg,bg_to_strip_inclusion,10,2,583,788,1,2,5,TINB/TINC
0506tin2_11-07_crop_01.jpg,bg_to_strip_inclusion,11,2,584,792,1,2,5,TINB/TINC
0506tin2_11-07_crop_01.jpg,bg_to_strip_inclusion,12,3,549,802,3,1,5,TINB/TINC
0506tin2_11-07_crop_01.jpg,bg_to_strip_inclusion,14,2,553,804,1,2,5,TINB/TINC
0506tin2_11-07_crop_01.jpg,bg_to_strip_inclusion,15,2,554,807,1,2,5,TINB/TINC
0506tin2_11-07_crop_01.jpg,bg_to_strip_inclusion,17,2,556,815,1,2,5,TINB/TINC
0506tin2_11-07_crop_01.jpg,bg_to_strip_inclusion,18,3,548,817,1,3,5,TINB/TINC
0506tin2_11-07_crop_01.jpg,bg_to_strip_inclusion,19,16,549,818,9,7,5,TINB/TINC
0506tin2_11-07_crop_01.jpg,bg_to_strip_inclusion,20,14,588,834,4,7,5,TINB/TINC
0506tin2_11-07_crop_01.jpg,bg_to_strip_inclusion,21,40,603,837,8,17,5,TINB/TINC
0506tin2_11-07_crop_01.jpg,bg_to_strip_inclusion,22,2,548,841,1,2,6,TIND
0506tin2_11-07_crop_01.jpg,bg_to_strip_inclusion,23,3,556,840,1,3,6,TIND
0506tin2_11-07_crop_01.jpg,bg_to_strip_inclusion,24,11,549,844,7,3,6,TIND
0506tin2_11-07_crop_01.jpg,bg_to_strip_inclusion,25,18,596,890,2,16,5,TINB/TINC
0506tin2_11-07_crop_01.jpg,bg_to_strip_inclusion,26,10,608,909,4,5,5,TINB/TINC
0506tin2_11-07_crop_01.jpg,bg_to_D,5,2,105,240,1,2,4,D
0506tin2_11-07_crop_01.jpg,bg_to_D,7,3,95,244,3,2,4,D
0506tin2_11-07_crop_01.jpg,bg_to_D,8,2,99,246,2,1,4,D
0506tin2_11-21_crop_01.jpg,bg_to_strip_inclusion,1,3,151,272,3,3,6,TIND
0506tin2_11-21_crop_01.jpg,bg_to_strip_inclusion,2,5,155,272,4,4,6,TIND
0506tin2_11-21_crop_01.jpg,bg_to_strip_inclusion,5,57,122,497,7,13,5,TINB/TINC
0506tin2_11-21_crop_01.jpg,bg_to_strip_inclusion,7,328,122,517,9,56,5,TINB/TINC
0506tin2_11-21_crop_01.jpg,bg_to_strip_inclusion,8,17,116,860,9,11,5,TINB/TINC
0506tin2_11-21_crop_01.jpg,bg_to_strip_inclusion,9,232,117,866,12,38,5,TINB/TINC
0506tin2_12-06_crop_00.jpg,bg_to_strip_inclusion,2,49,574,212,8,19,6,TIND
0506tin2_12-06_crop_00.jpg,bg_to_strip_inclusion,8,3,600,390,1,3,6,TIND
0506tin2_12-06_crop_00.jpg,bg_to_strip_inclusion,9,32,587,394,7,9,6,TIND
0506tin2_12-06_crop_00.jpg,bg_to_strip_inclusion,10,6,525,582,6,2,6,TIND
0506tin2_12-06_crop_00.jpg,bg_to_strip_inclusion,11,2,533,588,1,2,6,TIND
0506tin2_12-06_crop_00.jpg,bg_to_strip_inclusion,14,5,492,714,3,5,5,TINB/TINC
0506tin2_12-06_crop_00.jpg,bg_to_strip_inclusion,16,2,491,722,2,2,6,TIND
0506tin2_12-06_crop_00.jpg,bg_to_strip_inclusion,17,19,514,725,10,8,5,TINB/TINC
0506tin2_12-06_crop_00.jpg,bg_to_strip_inclusion,18,8,522,729,2,7,5,TINB/TINC
0506tin2_12-06_crop_00.jpg,bg_to_strip_inclusion,19,75,513,738,8,17,5,TINB/TINC
0506tin2_12-06_crop_00.jpg,bg_to_strip_inclusion,22,7,487,766,2,5,6,TIND
0506tin2_12-06_crop_00.jpg,bg_to_strip_inclusion,23,69,504,770,11,22,5,TINB/TINC
0506tin2_12-06_crop_00.jpg,bg_to_strip_inclusion,24,3,504,782,1,3,5,TINB/TINC
0506tin2_12-06_crop_00.jpg,bg_to_strip_inclusion,25,4,373,981,1,4,6,TIND
0506tin2_12-06_crop_00.jpg,bg_to_strip_inclusion,27,3,377,984,3,3,6,TIND
0506tin2_12-06_crop_00.jpg,bg_to_D,1,3,78,809,3,1,4,D
0506tin2_12-06_crop_00.jpg,bg_to_D,4,2,85,811,2,2,4,D
0506tin2_12-06_crop_00.jpg,bg_to_D,7,2,85,821,2,2,4,D
0506tin2_12-07_crop_00.jpg,bg_to_strip_inclusion,1,6,526,0,5,3,6,TIND
0506tin2_12-07_crop_00.jpg,bg_to_strip_inclusion,2,2,526,6,1,2,6,TIND
0506tin2_12-07_crop_00.jpg,bg_to_strip_inclusion,3,2,533,6,1,2,6,TIND
0506tin2_12-07_crop_00.jpg,bg_to_strip_inclusion,4,2,527,9,1,2,6,TIND
0506tin2_12-07_crop_00.jpg,bg_to_strip_inclusion,5,2,526,30,2,1,6,TIND
0506tin2_12-07_crop_00.jpg,bg_to_strip_inclusion,6,3,529,32,1,3,6,TIND
0506tin2_12-07_crop_00.jpg,bg_to_strip_inclusion,9,3,516,253,3,3,6,TIND
0506tin2_12-07_crop_00.jpg,bg_to_strip_inclusion,11,44,471,331,9,7,6,TIND
0506tin2_12-07_crop_00.jpg,bg_to_strip_inclusion,15,134,22,890,11,16,6,TIND
0506tin2_12-07_crop_00.jpg,bg_to_strip_inclusion,16,360,16,919,12,56,5,TINB/TINC
0506tin2_12-07_crop_00.jpg,bg_to_strip_inclusion,18,2,401,1015,1,2,6,TIND
0506tin2_12-07_crop_02.jpg,bg_to_strip_inclusion,1,239,336,336,14,54,5,TINB/TINC
0506tin2_12-07_crop_02.jpg,bg_to_strip_inclusion,2,22,340,389,10,6,5,TINB/TINC
0506tin2_12-07_crop_02.jpg,bg_to_strip_inclusion,4,2,515,610,1,2,6,TIND
0506tin2_12-07_crop_02.jpg,bg_to_strip_inclusion,5,3,507,613,1,3,6,TIND
0506tin2_12-07_crop_02.jpg,bg_to_strip_inclusion,6,2,516,614,1,2,6,TIND
0506tin2_12-07_crop_02.jpg,bg_to_strip_inclusion,7,3,506,618,1,3,6,TIND
0506tin2_12-07_crop_02.jpg,bg_to_strip_inclusion,8,2,517,618,1,2,6,TIND
0506tin2_12-07_crop_02.jpg,bg_to_strip_inclusion,10,8,508,628,8,1,6,TIND
0506tin2_12-17_crop_00.jpg,bg_to_strip_inclusion,1,5,38,121,5,4,6,TIND
0506tin2_12-17_crop_00.jpg,bg_to_strip_inclusion,2,4,48,123,1,4,6,TIND
0506tin2_12-17_crop_00.jpg,bg_to_strip_inclusion,3,7,39,130,7,2,6,TIND
0506tin2_12-17_crop_00.jpg,bg_to_strip_inclusion,4,6,15,150,6,2,6,TIND
0506tin2_12-17_crop_00.jpg,bg_to_strip_inclusion,5,8,21,157,2,6,6,TIND
0506tin2_12-17_crop_00.jpg,bg_to_strip_inclusion,6,6,17,166,3,6,6,TIND
0506tin2_12-17_crop_00.jpg,bg_to_strip_inclusion,8,4,7,260,4,4,6,TIND
0506tin2_12-17_crop_00.jpg,bg_to_strip_inclusion,11,2,1,303,1,2,6,TIND
0506tin2_12-17_crop_00.jpg,bg_to_strip_inclusion,12,3,7,309,1,3,6,TIND
0506tin2_12-17_crop_00.jpg,bg_to_strip_inclusion,13,22,0,314,4,13,6,TIND
0506tin2_12-17_crop_00.jpg,bg_to_strip_inclusion,14,3,6,314,1,3,6,TIND
0506tin2_12-17_crop_00.jpg,bg_to_strip_inclusion,19,10,412,634,8,4,6,TIND
0506tin2_12-17_crop_00.jpg,bg_to_strip_inclusion,20,4,237,666,3,2,6,TIND
0506tin2_12-17_crop_00.jpg,bg_to_strip_inclusion,22,6,226,760,6,3,6,TIND
0506tin2_12-17_crop_00.jpg,bg_to_strip_inclusion,23,2,225,764,1,2,6,TIND
0506tin2_12-17_crop_00.jpg,bg_to_strip_inclusion,24,6,224,767,1,6,6,TIND
0506tin2_12-17_crop_00.jpg,bg_to_strip_inclusion,25,4,228,773,4,3,6,TIND
0506tin2_12-17_crop_00.jpg,bg_to_strip_inclusion,26,3,230,838,3,3,6,TIND
0506tin2_12-17_crop_00.jpg,bg_to_strip_inclusion,27,17,224,840,3,12,6,TIND
0506tin2_12-17_crop_00.jpg,bg_to_strip_inclusion,28,10,226,861,5,7,6,TIND
0506tin2_12-17_crop_00.jpg,bg_to_strip_inclusion,30,3,228,891,1,3,6,TIND
0506tin2_12-17_crop_00.jpg,bg_to_strip_inclusion,31,9,218,892,4,8,6,TIND
0506tin2_12-17_crop_00.jpg,bg_to_strip_inclusion,32,3,227,897,2,3,6,TIND
0506tin2_12-17_crop_00.jpg,bg_to_strip_inclusion,33,7,220,901,7,4,6,TIND
0506tin2_13-05_crop_02.jpg,bg_to_strip_inclusion,1,6,91,6,3,6,6,TIND
0506tin2_13-05_crop_02.jpg,bg_to_D,1,161,145,727,14,14,4,D
0506tin2_14-04_crop_00.jpg,bg_to_strip_inclusion,3,4,493,18,1,4,6,TIND
0506tin2_14-04_crop_00.jpg,bg_to_strip_inclusion,4,12,568,25,5,6,5,TINB/TINC
0506tin2_14-04_crop_00.jpg,bg_to_strip_inclusion,6,2,573,32,1,2,5,TINB/TINC
0506tin2_14-04_crop_00.jpg,bg_to_strip_inclusion,8,284,568,35,11,60,5,TINB/TINC
0506tin2_14-04_crop_00.jpg,bg_to_strip_inclusion,11,2,73,90,1,2,6,TIND
0506tin2_14-04_crop_00.jpg,bg_to_strip_inclusion,12,8,477,92,7,3,5,TINB/TINC
0506tin2_14-04_crop_00.jpg,bg_to_strip_inclusion,15,2,476,98,1,2,5,TINB/TINC
0506tin2_14-04_crop_00.jpg,bg_to_strip_inclusion,16,276,472,100,12,60,5,TINB/TINC
0506tin2_14-04_crop_00.jpg,bg_to_strip_inclusion,17,2,47,198,2,1,6,TIND
0506tin2_14-04_crop_00.jpg,bg_to_strip_inclusion,18,2,50,198,2,1,6,TIND
0506tin2_14-04_crop_00.jpg,bg_to_strip_inclusion,19,3,45,205,3,3,6,TIND
0506tin2_14-04_crop_00.jpg,bg_to_strip_inclusion,21,11,54,223,4,7,6,TIND
0506tin2_14-04_crop_00.jpg,bg_to_strip_inclusion,24,8,47,230,6,2,6,TIND
0506tin2_14-04_crop_00.jpg,bg_to_strip_inclusion,25,4,464,297,4,2,6,TIND
0506tin2_14-04_crop_00.jpg,bg_to_strip_inclusion,27,2,448,504,2,2,6,TIND
0506tin2_14-04_crop_00.jpg,bg_to_strip_inclusion,28,2,442,510,1,2,6,TIND
0506tin2_14-04_crop_00.jpg,bg_to_strip_inclusion,30,6,442,519,6,3,6,TIND
0506tin2_14-04_crop_00.jpg,bg_to_strip_inclusion,31,3,434,628,3,2,6,TIND
0506tin2_14-04_crop_00.jpg,bg_to_strip_inclusion,35,18,383,716,8,6,6,TIND
0506tin2_14-04_crop_00.jpg,bg_to_strip_inclusion,37,2,960,779,2,2,6,TIND
0506tin2_14-04_crop_00.jpg,bg_to_strip_inclusion,39,2,956,788,2,1,6,TIND
0506tin2_14-05_crop_01.jpg,bg_to_strip_inclusion,1,41,366,55,5,11,6,TIND
0506tin2_14-05_crop_01.jpg,bg_to_strip_inclusion,2,56,360,87,6,12,6,TIND
0506tin2_14-05_crop_01.jpg,bg_to_strip_inclusion,3,5,687,206,3,5,5,TINB/TINC
0506tin2_14-05_crop_01.jpg,bg_to_strip_inclusion,4,78,790,221,10,30,5,TINB/TINC
0506tin2_14-05_crop_01.jpg,bg_to_strip_inclusion,6,6,677,233,1,6,5,TINB/TINC
0506tin2_14-05_crop_01.jpg,bg_to_strip_inclusion,7,12,685,236,7,9,5,TINB/TINC
0506tin2_14-05_crop_01.jpg,bg_to_strip_inclusion,8,5,684,247,1,5,5,TINB/TINC
0506tin2_14-05_crop_01.jpg,bg_to_strip_inclusion,9,2,800,252,1,2,5,TINB/TINC
0506tin2_14-05_crop_01.jpg,bg_to_strip_inclusion,11,87,786,258,11,18,5,TINB/TINC
0506tin2_14-05_crop_01.jpg,bg_to_strip_inclusion,13,2,695,264,1,2,5,TINB/TINC
0506tin2_14-05_crop_01.jpg,bg_to_strip_inclusion,15,12,288,308,4,9,5,TINB/TINC
0506tin2_14-05_crop_01.jpg,bg_to_strip_inclusion,16,2,284,311,1,2,5,TINB/TINC
0506tin2_14-05_crop_01.jpg,bg_to_strip_inclusion,17,39,289,362,3,23,5,TINB/TINC
0506tin2_14-05_crop_01.jpg,bg_to_strip_inclusion,18,20,290,386,6,6,5,TINB/TINC
0506tin2_14-05_crop_01.jpg,bg_to_strip_inclusion,19,5,774,469,2,4,6,TIND
0506tin2_14-05_crop_01.jpg,bg_to_strip_inclusion,21,5,776,475,1,5,6,TIND
0506tin2_14-05_crop_01.jpg,bg_to_strip_inclusion,23,4,265,660,4,1,6,TIND
0506tin2_14-05_crop_01.jpg,bg_to_strip_inclusion,24,2,261,666,1,2,6,TIND
0506tin2_14-05_crop_01.jpg,bg_to_strip_inclusion,25,7,267,667,2,7,6,TIND
0506tin2_14-05_crop_01.jpg,bg_to_strip_inclusion,26,2,260,670,1,2,6,TIND
0506tin2_14-05_crop_01.jpg,bg_to_strip_inclusion,28,3,261,676,3,2,6,TIND
0506tin2_14-05_crop_01.jpg,bg_to_strip_inclusion,29,2,601,929,1,2,6,TIND
0506tin2_14-05_crop_01.jpg,bg_to_strip_inclusion,30,23,746,955,5,7,6,TIND
0506tin2_14-05_crop_01.jpg,bg_to_strip_inclusion,31,2,594,959,2,2,6,TIND
0506tin2_14-08_crop_00.jpg,bg_to_strip_inclusion,1,7,116,93,3,6,6,TIND
0506tin2_14-08_crop_00.jpg,bg_to_strip_inclusion,4,3,844,351,1,3,6,TIND
0506tin2_14-08_crop_00.jpg,bg_to_strip_inclusion,5,4,849,372,4,1,6,TIND
0506tin2_14-08_crop_00.jpg,bg_to_strip_inclusion,6,3,847,378,1,3,6,TIND
0506tin2_14-08_crop_00.jpg,bg_to_strip_inclusion,7,3,856,379,1,3,6,TIND
0506tin2_14-08_crop_00.jpg,bg_to_strip_inclusion,10,6,626,404,4,3,5,TINB/TINC
0506tin2_14-08_crop_00.jpg,bg_to_strip_inclusion,11,42,622,408,2,37,5,TINB/TINC
0506tin2_14-08_crop_00.jpg,bg_to_strip_inclusion,12,13,628,435,2,13,5,TINB/TINC
0506tin2_14-08_crop_00.jpg,bg_to_strip_inclusion,13,10,621,460,2,9,5,TINB/TINC
0506tin2_14-08_crop_00.jpg,bg_to_strip_inclusion,14,68,623,473,7,26,5,TINB/TINC
0506tin2_14-08_crop_00.jpg,bg_to_strip_inclusion,16,2,434,491,2,2,6,TIND
0506tin2_14-08_crop_00.jpg,bg_to_strip_inclusion,17,8,433,501,1,8,6,TIND
0506tin2_14-08_crop_00.jpg,bg_to_strip_inclusion,21,14,628,508,3,9,5,TINB/TINC
0506tin2_14-08_crop_00.jpg,bg_to_strip_inclusion,23,11,622,517,1,11,5,TINB/TINC
0506tin2_14-08_crop_00.jpg,bg_to_strip_inclusion,25,17,616,537,7,12,5,TINB/TINC
0506tin2_14-08_crop_00.jpg,bg_to_strip_inclusion,27,10,625,539,4,9,5,TINB/TINC
0506tin2_14-08_crop_00.jpg,bg_to_strip_inclusion,29,14,606,566,2,12,5,TINB/TINC
0506tin2_14-08_crop_00.jpg,bg_to_strip_inclusion,30,3,605,581,1,3,5,TINB/TINC
0506tin2_14-08_crop_00.jpg,bg_to_strip_inclusion,31,2,604,591,1,2,5,TINB/TINC
0506tin2_14-08_crop_00.jpg,bg_to_strip_inclusion,32,2,603,598,1,2,5,TINB/TINC
0506tin2_14-08_crop_00.jpg,bg_to_strip_inclusion,34,28,590,729,5,14,5,TINB/TINC
0506tin2_14-08_crop_00.jpg,bg_to_strip_inclusion,35,10,589,734,2,7,5,TINB/TINC
0506tin2_14-08_crop_00.jpg,bg_to_strip_inclusion,36,4,588,742,1,4,5,TINB/TINC
0506tin2_14-08_crop_00.jpg,bg_to_strip_inclusion,37,2,593,745,1,2,5,TINB/TINC
0506tin2_14-08_crop_00.jpg,bg_to_strip_inclusion,39,3,586,753,1,3,5,TINB/TINC
0506tin2_14-08_crop_00.jpg,bg_to_strip_inclusion,40,152,587,812,22,29,5,TINB/TINC
0506tin2_14-08_crop_00.jpg,bg_to_strip_inclusion,41,41,579,817,7,12,5,TINB/TINC
0506tin2_14-08_crop_00.jpg,bg_to_strip_inclusion,42,4,607,818,2,4,5,TINB/TINC
0506tin2_14-08_crop_00.jpg,bg_to_strip_inclusion,45,20,339,996,7,8,6,TIND
0506tin2_14-08_crop_02.jpg,bg_to_strip_inclusion,1,21,608,259,10,3,6,TIND
0506tin2_14-08_crop_02.jpg,bg_to_strip_inclusion,3,5,609,268,5,1,6,TIND
0506tin2_14-08_crop_02.jpg,bg_to_strip_inclusion,4,3,748,962,3,2,6,TIND
0506tin2_14-08_crop_02.jpg,bg_to_strip_inclusion,5,2,753,971,2,2,6,TIND
0506tin2_14-09_crop_00.jpg,bg_to_strip_inclusion,1,27,865,85,9,8,6,TIND
0506tin2_14-09_crop_00.jpg,bg_to_strip_inclusion,2,14,864,101,4,7,6,TIND
0506tin2_14-09_crop_00.jpg,bg_to_strip_inclusion,3,8,872,102,4,5,6,TIND
0506tin2_14-09_crop_00.jpg,bg_to_strip_inclusion,4,7,876,317,2,4,5,TINB/TINC
0506tin2_14-09_crop_00.jpg,bg_to_strip_inclusion,5,5,882,323,2,4,5,TINB/TINC
0506tin2_14-09_crop_00.jpg,bg_to_strip_inclusion,6,38,873,330,2,33,5,TINB/TINC
0506tin2_14-09_crop_00.jpg,bg_to_strip_inclusion,7,7,877,343,2,6,5,TINB/TINC
0506tin2_14-09_crop_00.jpg,bg_to_strip_inclusion,8,5,954,450,2,3,6,TIND
0506tin2_14-09_crop_00.jpg,bg_to_strip_inclusion,9,8,926,493,7,3,6,TIND
0506tin2_14-09_crop_00.jpg,bg_to_strip_inclusion,10,20,917,516,7,5,6,TIND
0506tin2_14-09_crop_00.jpg,bg_to_strip_inclusion,11,4,914,522,3,4,6,TIND
0506tin2_14-09_crop_00.jpg,bg_to_strip_inclusion,12,2,925,523,2,2,6,TIND
0506tin2_14-09_crop_00.jpg,bg_to_strip_inclusion,13,2,693,718,2,2,6,TIND
0506tin2_14-09_crop_00.jpg,bg_to_strip_inclusion,14,3,695,721,1,3,6,TIND
0506tin2_14-09_crop_00.jpg,bg_to_strip_inclusion,15,7,688,724,7,3,6,TIND
0506tin2_14-09_crop_00.jpg,bg_to_strip_inclusion,16,4,928,873,4,3,5,TINB/TINC
0506tin2_14-09_crop_00.jpg,bg_to_strip_inclusion,17,54,928,894,8,14,5,TINB/TINC
0506tin2_14-09_crop_00.jpg,bg_to_strip_inclusion,19,27,918,919,4,21,5,TINB/TINC
0506tin2_14-09_crop_00.jpg,bg_to_strip_inclusion,20,14,932,951,1,14,5,TINB/TINC
0506tin2_14-09_crop_00.jpg,bg_to_strip_inclusion,23,37,925,971,5,13,5,TINB/TINC
0506tin2_14-09_crop_00.jpg,bg_to_strip_inclusion,24,6,918,985,1,6,5,TINB/TINC
0506tin2_14-09_crop_00.jpg,bg_to_strip_inclusion,25,8,107,1000,6,3,6,TIND
0506tin2_14-10_crop_00.jpg,bg_to_strip_inclusion,1,2,1010,81,2,1,5,TINB/TINC
0506tin2_14-10_crop_00.jpg,bg_to_strip_inclusion,2,4,1012,84,1,4,5,TINB/TINC
0506tin2_14-10_crop_00.jpg,bg_to_strip_inclusion,4,2,953,261,2,1,5,TINB/TINC
0506tin2_14-10_crop_00.jpg,bg_to_strip_inclusion,5,9,949,330,1,9,5,TINB/TINC
0506tin2_14-10_crop_00.jpg,bg_to_strip_inclusion,6,2,948,343,1,2,5,TINB/TINC
0506tin2_14-10_crop_00.jpg,bg_to_strip_inclusion,7,5,1002,357,1,5,5,TINB/TINC
0506tin2_14-10_crop_00.jpg,bg_to_strip_inclusion,8,64,944,375,3,36,5,TINB/TINC
0506tin2_14-10_crop_00.jpg,bg_to_strip_inclusion,9,18,944,413,1,18,5,TINB/TINC
0506tin2_14-10_crop_00.jpg,bg_to_strip_inclusion,10,2,945,448,1,2,5,TINB/TINC
0506tin2_14-10_crop_00.jpg,bg_to_strip_inclusion,13,14,941,662,3,12,6,TIND
0506tin2_14-10_crop_00.jpg,bg_to_strip_inclusion,14,9,931,666,4,4,6,TIND
0506tin2_14-10_crop_00.jpg,bg_to_strip_inclusion,15,4,920,671,2,4,6,TIND
0506tin2_14-10_crop_00.jpg,bg_to_strip_inclusion,17,8,931,677,6,2,6,TIND
0506tin2_14-10_crop_00.jpg,bg_to_strip_inclusion,18,2,928,869,2,1,6,TIND
0506tin2_14-10_crop_00.jpg,bg_to_strip_inclusion,20,2,933,875,1,2,6,TIND
0506tin2_14-10_crop_00.jpg,bg_to_strip_inclusion,21,2,926,880,2,1,6,TIND
0506tin2_14-10_crop_00.jpg,bg_to_strip_inclusion,23,2,65,1008,2,2,5,TINB/TINC
0506tin2_14-10_crop_00.jpg,bg_to_D,3,5,633,340,1,5,4,D
0506tin2_14-10_crop_00.jpg,bg_to_D,4,2,634,346,2,2,4,D
0506tin2_14-16_crop_00.jpg,bg_to_strip_inclusion,1,51,817,5,9,15,5,TINB/TINC
0506tin2_14-16_crop_00.jpg,bg_to_strip_inclusion,2,56,834,11,9,17,5,TINB/TINC
0506tin2_14-16_crop_00.jpg,bg_to_strip_inclusion,3,45,835,41,11,11,5,TINB/TINC
0506tin2_14-16_crop_00.jpg,bg_to_strip_inclusion,4,14,807,48,2,9,5,TINB/TINC
0506tin2_14-16_crop_00.jpg,bg_to_strip_inclusion,5,2,832,58,1,2,5,TINB/TINC
0506tin2_14-16_crop_00.jpg,bg_to_strip_inclusion,7,7,822,73,1,7,5,TINB/TINC
0506tin2_14-16_crop_00.jpg,bg_to_strip_inclusion,8,17,823,81,2,13,5,TINB/TINC
0506tin2_14-16_crop_00.jpg,bg_to_strip_inclusion,9,100,781,104,32,16,5,TINB/TINC
0506tin2_14-16_crop_00.jpg,bg_to_strip_inclusion,11,2,258,149,2,2,6,TIND
0506tin2_14-16_crop_00.jpg,bg_to_strip_inclusion,13,39,874,153,7,7,6,TIND
0506tin2_14-16_crop_00.jpg,bg_to_strip_inclusion,14,6,256,154,5,5,6,TIND
0506tin2_14-16_crop_00.jpg,bg_to_strip_inclusion,15,5,794,157,2,5,5,TINB/TINC
0506tin2_14-16_crop_00.jpg,bg_to_strip_inclusion,16,72,808,162,14,17,5,TINB/TINC
0506tin2_14-16_crop_00.jpg,bg_to_strip_inclusion,17,2,812,182,1,2,5,TINB/TINC
0506tin2_14-16_crop_00.jpg,bg_to_strip_inclusion,19,18,810,246,8,11,5,TINB/TINC
0506tin2_14-16_crop_00.jpg,bg_to_strip_inclusion,20,3,248,263,1,3,6,TIND
0506tin2_14-16_crop_00.jpg,bg_to_strip_inclusion,21,6,248,271,5,3,6,TIND
0506tin2_14-16_crop_00.jpg,bg_to_strip_inclusion,22,56,797,292,9,22,5,TINB/TINC
0506tin2_14-16_crop_00.jpg,bg_to_strip_inclusion,23,3,827,298,1,3,5,TINB/TINC
0506tin2_14-16_crop_00.jpg,bg_to_strip_inclusion,24,2,212,347,2,1,6,TIND
0506tin2_14-16_crop_00.jpg,bg_to_strip_inclusion,26,74,760,391,13,26,5,TINB/TINC
0506tin2_14-16_crop_00.jpg,bg_to_strip_inclusion,27,8,751,428,4,8,5,TINB/TINC
0506tin2_14-16_crop_00.jpg,bg_to_strip_inclusion,32,2,899,474,2,2,5,TINB/TINC
0506tin2_14-16_crop_00.jpg,bg_to_strip_inclusion,33,82,897,477,9,21,5,TINB/TINC
0506tin2_14-16_crop_00.jpg,bg_to_strip_inclusion,34,67,904,520,6,14,5,TINB/TINC
0506tin2_14-16_crop_00.jpg,bg_to_strip_inclusion,35,10,213,537,4,4,6,TIND
0506tin2_14-16_crop_00.jpg,bg_to_strip_inclusion,37,26,266,641,11,7,5,TINB/TINC
0506tin2_14-16_crop_00.jpg,bg_to_strip_inclusion,38,20,267,649,9,6,5,TINB/TINC
0506tin2_14-16_crop_00.jpg,bg_to_strip_inclusion,40,4,182,729,2,4,6,TIND
0506tin2_14-16_crop_00.jpg,bg_to_strip_inclusion,41,35,241,991,6,18,5,TINB/TINC
0506tin2_14-16_crop_00.jpg,bg_to_strip_inclusion,42,2,240,1000,1,2,5,TINB/TINC
0506tin2_14-16_crop_02.jpg,bg_to_strip_inclusion,2,6,93,541,3,4,6,TIND
0506tin2_14-16_crop_02.jpg,bg_to_strip_inclusion,3,3,113,550,2,3,6,TIND
0506tin2_14-16_crop_02.jpg,bg_to_strip_inclusion,5,2,110,930,1,2,6,TIND
0506tin2_14-16_crop_03.jpg,bg_to_strip_inclusion,1,2,474,756,2,2,6,TIND
0506tin2_14-16_crop_03.jpg,bg_to_strip_inclusion,3,3,465,773,3,1,6,TIND
0506tin2_14-16_crop_03.jpg,bg_to_strip_inclusion,5,3,942,777,3,2,6,TIND
0506tin2_14-16_crop_03.jpg,bg_to_strip_inclusion,9,7,937,789,1,7,6,TIND
0506tin2_14-16_crop_03.jpg,bg_to_strip_inclusion,10,3,943,789,1,3,6,TIND
0506tin2_14-16_crop_03.jpg,bg_to_strip_inclusion,12,3,940,801,3,2,6,TIND
0506tin2_15-02_crop_01.jpg,bg_to_strip_inclusion,1,17,67,68,7,7,5,TINB/TINC
0506tin2_15-02_crop_01.jpg,bg_to_strip_inclusion,2,7,67,78,2,7,5,TINB/TINC
0506tin2_15-02_crop_01.jpg,bg_to_strip_inclusion,3,13,73,82,3,11,5,TINB/TINC
0506tin2_15-02_crop_01.jpg,bg_to_strip_inclusion,5,12,71,95,2,12,5,TINB/TINC
0506tin2_15-02_crop_01.jpg,bg_to_strip_inclusion,6,14,48,229,8,6,5,TINB/TINC
0506tin2_15-02_crop_01.jpg,bg_to_strip_inclusion,7,9,57,229,5,6,5,TINB/TINC
0506tin2_15-02_crop_01.jpg,bg_to_strip_inclusion,8,81,46,238,15,24,5,TINB/TINC
0506tin2_15-02_crop_01.jpg,bg_to_strip_inclusion,9,5,40,248,2,5,5,TINB/TINC
0506tin2_15-02_crop_01.jpg,bg_to_strip_inclusion,11,4,55,268,1,4,5,TINB/TINC
0506tin2_15-02_crop_01.jpg,bg_to_strip_inclusion,13,9,31,275,4,7,5,TINB/TINC
0506tin2_15-02_crop_01.jpg,bg_to_strip_inclusion,14,5,41,283,5,5,5,TINB/TINC
0506tin2_15-02_crop_01.jpg,bg_to_strip_inclusion,15,12,32,286,7,4,5,TINB/TINC
0506tin2_15-02_crop_01.jpg,bg_to_strip_inclusion,16,24,35,296,4,7,5,TINB/TINC
0506tin2_15-02_crop_01.jpg,bg_to_strip_inclusion,17,2,37,375,1,2,6,TIND
0506tin2_15-02_crop_01.jpg,bg_to_strip_inclusion,19,2,33,389,1,2,6,TIND
0506tin2_15-02_crop_01.jpg,bg_to_strip_inclusion,23,2,72,714,1,2,5,TINB/TINC
0506tin2_15-02_crop_01.jpg,bg_to_strip_inclusion,24,15,69,717,3,14,5,TINB/TINC
0506tin2_15-02_crop_01.jpg,bg_to_strip_inclusion,25,13,65,762,1,13,5,TINB/TINC
0506tin2_15-02_crop_01.jpg,bg_to_strip_inclusion,26,5,354,791,4,2,6,TIND
0506tin2_15-02_crop_01.jpg,bg_to_strip_inclusion,28,8,351,794,4,6,6,TIND
0506tin2_15-02_crop_01.jpg,bg_to_strip_inclusion,29,2,376,807,1,2,5,TINB/TINC
0506tin2_15-02_crop_01.jpg,bg_to_strip_inclusion,30,4,375,830,1,4,5,TINB/TINC
0506tin2_15-02_crop_01.jpg,bg_to_strip_inclusion,32,9,368,862,4,8,5,TINB/TINC
0506tin2_15-02_crop_01.jpg,bg_to_strip_inclusion,33,20,70,914,2,19,5,TINB/TINC
0506tin2_15-02_crop_01.jpg,bg_to_strip_inclusion,34,3,63,933,1,3,5,TINB/TINC
0506tin2_15-02_crop_01.jpg,bg_to_strip_inclusion,37,3,71,976,1,3,5,TINB/TINC
0506tin2_15-02_crop_01.jpg,bg_to_strip_inclusion,38,18,72,980,2,13,5,TINB/TINC
0506tin2_15-02_crop_01.jpg,bg_to_strip_inclusion,39,24,78,981,2,18,5,TINB/TINC
0506tin2_15-02_crop_01.jpg,bg_to_strip_inclusion,40,16,72,1014,7,8,5,TINB/TINC
0506tin2_15-04_crop_01.jpg,bg_to_strip_inclusion,1,4,1011,16,1,4,6,TIND
0506tin2_15-04_crop_01.jpg,bg_to_strip_inclusion,2,2,1012,22,1,2,6,TIND
0506tin2_15-04_crop_01.jpg,bg_to_strip_inclusion,3,23,1013,27,6,8,6,TIND
0506tin2_15-04_crop_01.jpg,bg_to_strip_inclusion,4,3,704,238,3,1,5,TINB/TINC
0506tin2_15-04_crop_01.jpg,bg_to_strip_inclusion,5,113,702,242,3,66,5,TINB/TINC
0506tin2_15-04_crop_01.jpg,bg_to_strip_inclusion,7,4,708,260,1,4,5,TINB/TINC
0506tin2_15-04_crop_01.jpg,bg_to_strip_inclusion,8,13,706,267,3,9,5,TINB/TINC
0506tin2_15-04_crop_01.jpg,bg_to_strip_inclusion,10,15,703,309,4,12,5,TINB/TINC
0506tin2_15-04_crop_01.jpg,bg_to_strip_inclusion,11,141,708,311,6,44,5,TINB/TINC
0506tin2_15-04_crop_01.jpg,bg_to_strip_inclusion,12,41,704,363,8,17,5,TINB/TINC
0506tin2_15-04_crop_01.jpg,bg_to_strip_inclusion,13,31,698,377,6,14,5,TINB/TINC
0506tin2_15-04_crop_02.jpg,bg_to_D,2,3,15,596,1,3,4,D
0506tin2_15-12_crop_00.jpg,bg_to_strip_inclusion,4,10,793,23,4,4,6,TIND
0506tin2_15-12_crop_00.jpg,bg_to_strip_inclusion,6,11,886,49,2,8,6,TIND
0506tin2_15-12_crop_00.jpg,bg_to_strip_inclusion,7,17,893,55,3,14,6,TIND
0506tin2_15-12_crop_00.jpg,bg_to_strip_inclusion,11,10,866,80,6,6,6,TIND
0506tin2_15-12_crop_00.jpg,bg_to_strip_inclusion,12,2,879,146,1,2,6,TIND
0506tin2_15-12_crop_00.jpg,bg_to_strip_inclusion,13,2,886,146,1,2,6,TIND
0506tin2_15-12_crop_00.jpg,bg_to_strip_inclusion,15,9,888,167,5,6,6,TIND
0506tin2_15-12_crop_00.jpg,bg_to_strip_inclusion,16,2,893,174,1,2,6,TIND
0506tin2_15-12_crop_00.jpg,bg_to_strip_inclusion,21,203,835,199,10,32,5,TINB/TINC
0506tin2_15-12_crop_00.jpg,bg_to_strip_inclusion,22,6,466,271,6,3,6,TIND
0506tin2_15-12_crop_00.jpg,bg_to_strip_inclusion,26,2,875,429,1,2,6,TIND
0506tin2_15-12_crop_00.jpg,bg_to_strip_inclusion,27,2,883,432,2,2,6,TIND
0506tin2_15-12_crop_00.jpg,bg_to_strip_inclusion,30,3,623,645,1,3,6,TIND
0506tin2_15-12_crop_00.jpg,bg_to_strip_inclusion,33,109,573,657,6,30,5,TINB/TINC
0506tin2_15-12_crop_00.jpg,bg_to_strip_inclusion,35,2,573,688,1,2,5,TINB/TINC
0506tin2_15-12_crop_00.jpg,bg_to_strip_inclusion,37,3,578,692,1,3,5,TINB/TINC
0506tin2_15-12_crop_00.jpg,bg_to_strip_inclusion,38,49,572,699,8,17,5,TINB/TINC
0506tin2_15-12_crop_00.jpg,bg_to_strip_inclusion,40,60,605,804,9,15,5,TINB/TINC
0506tin2_15-12_crop_00.jpg,bg_to_strip_inclusion,41,57,596,812,8,15,5,TINB/TINC
0506tin2_15-12_crop_00.jpg,bg_to_strip_inclusion,42,2,703,835,2,2,6,TIND
0506tin2_15-12_crop_00.jpg,bg_to_strip_inclusion,43,15,590,836,4,6,5,TINB/TINC
0506tin2_15-12_crop_00.jpg,bg_to_strip_inclusion,44,3,696,836,1,3,6,TIND
0506tin2_15-12_crop_00.jpg,bg_to_strip_inclusion,45,4,554,844,4,2,6,TIND
0506tin2_15-12_crop_00.jpg,bg_to_strip_inclusion,46,9,701,844,5,3,6,TIND
0506tin2_15-12_crop_00.jpg,bg_to_strip_inclusion,48,7,555,853,6,2,6,TIND
0506tin2_15-12_crop_00.jpg,bg_to_strip_inclusion,49,30,590,958,9,9,6,TIND
0506tin2_15-12_crop_00.jpg,bg_to_strip_inclusion,50,5,602,961,3,3,6,TIND
0506tin2_15-12_crop_00.jpg,bg_to_strip_inclusion,53,2,595,989,2,2,6,TIND
0506tin2_15-12_crop_01.jpg,bg_to_strip_inclusion,1,2,102,8,1,2,6,TIND
0506tin2_15-12_crop_01.jpg,bg_to_strip_inclusion,2,35,89,13,7,14,5,TINB/TINC
0506tin2_15-12_crop_01.jpg,bg_to_strip_inclusion,3,14,96,17,5,5,5,TINB/TINC
0506tin2_15-12_crop_01.jpg,bg_to_strip_inclusion,4,8,86,78,2,5,6,TIND
0506tin2_15-12_crop_01.jpg,bg_to_strip_inclusion,5,261,67,144,19,50,5,TINB/TINC
0506tin2_15-12_crop_01.jpg,bg_to_strip_inclusion,9,26,72,186,4,11,5,TINB/TINC
0506tin2_15-12_crop_01.jpg,bg_to_strip_inclusion,11,17,75,201,13,4,5,TINB/TINC
0506tin2_15-12_crop_01.jpg,bg_to_strip_inclusion,14,2,81,261,2,2,6,TIND
0506tin2_15-12_crop_01.jpg,bg_to_strip_inclusion,16,3,77,263,3,1,6,TIND
0506tin2_15-12_crop_01.jpg,bg_to_strip_inclusion,17,70,416,366,9,10,6,TIND
0506tin2_15-16_crop_00.jpg,bg_to_strip_inclusion,1,6,353,15,1,6,6,TIND
0506tin2_15-16_crop_00.jpg,bg_to_strip_inclusion,2,18,342,20,10,4,6,TIND
0506tin2_15-16_crop_00.jpg,bg_to_strip_inclusion,3,5,737,107,5,3,6,TIND
0506tin2_15-16_crop_00.jpg,bg_to_strip_inclusion,4,7,746,115,2,5,6,TIND
0506tin2_15-16_crop_00.jpg,bg_to_strip_inclusion,5,3,737,116,2,3,6,TIND
0506tin2_15-16_crop_00.jpg,bg_to_strip_inclusion,6,6,369,118,6,2,5,TINB/TINC
0506tin2_15-16_crop_00.jpg,bg_to_strip_inclusion,8,12,369,125,5,4,5,TINB/TINC
0506tin2_15-16_crop_00.jpg,bg_to_strip_inclusion,9,5,749,130,3,4,6,TIND
0506tin2_15-16_crop_00.jpg,bg_to_strip_inclusion,10,2,296,551,2,1,6,TIND
0506tin2_15-16_crop_00.jpg,bg_to_strip_inclusion,11,2,291,570,2,1,6,TIND
0506tin2_15-16_crop_00.jpg,bg_to_strip_inclusion,13,2,732,693,2,1,6,TIND
0506tin2_15-16_crop_00.jpg,bg_to_strip_inclusion,15,3,736,699,1,3,6,TIND
0506tin2_15-16_crop_00.jpg,bg_to_strip_inclusion,16,2,735,703,1,2,6,TIND
0506tin2_15-16_crop_00.jpg,bg_to_strip_inclusion,19,16,259,727,5,4,6,TIND
0506tin2_15-16_crop_00.jpg,bg_to_strip_inclusion,21,20,252,762,6,9,6,TIND
0506tin2_15-16_crop_00.jpg,bg_to_strip_inclusion,22,3,969,766,3,3,6,TIND
0506tin2_15-16_crop_00.jpg,bg_to_strip_inclusion,23,5,263,768,1,5,6,TIND
0506tin2_15-16_crop_00.jpg,bg_to_strip_inclusion,25,7,974,771,2,6,6,TIND
0506tin2_15-16_crop_00.jpg,bg_to_strip_inclusion,26,3,262,774,1,3,6,TIND
0506tin2_15-16_crop_00.jpg,bg_to_strip_inclusion,27,4,969,779,3,3,6,TIND
0506tin2_15-16_crop_00.jpg,bg_to_strip_inclusion,28,2,251,780,2,1,6,TIND
0506tin2_15-16_crop_00.jpg,bg_to_strip_inclusion,29,4,254,781,4,1,6,TIND
0506tin2_15-16_crop_00.jpg,bg_to_strip_inclusion,30,2,949,900,2,2,6,TIND
0506tin2_15-16_crop_00.jpg,bg_to_strip_inclusion,31,8,951,909,5,4,6,TIND
0506tin2_15-16_crop_00.jpg,bg_to_strip_inclusion,32,2,220,966,2,2,6,TIND
0506tin2_15-16_crop_00.jpg,bg_to_strip_inclusion,33,2,908,976,1,2,6,TIND
0506tin2_15-16_crop_00.jpg,bg_to_strip_inclusion,39,4,898,992,4,2,6,TIND
0506tin2_15-16_crop_02.jpg,bg_to_strip_inclusion,1,2,639,394,2,1,6,TIND
0506tin2_15-16_crop_02.jpg,bg_to_strip_inclusion,2,17,644,397,2,13,6,TIND
0506tin2_15-16_crop_02.jpg,bg_to_strip_inclusion,3,7,637,409,2,5,6,TIND
0506tin2_15-16_crop_02.jpg,bg_to_strip_inclusion,4,7,642,415,3,3,6,TIND
0506tin2_15-16_crop_02.jpg,bg_to_strip_inclusion,5,2,194,653,2,2,6,TIND
0506tin2_15-16_crop_02.jpg,bg_to_strip_inclusion,7,2,189,657,2,2,6,TIND
0506tin2_15-20_crop_00.jpg,bg_to_strip_inclusion,2,2,96,92,1,2,5,TINB/TINC
0506tin2_15-20_crop_00.jpg,bg_to_strip_inclusion,3,25,97,95,6,22,5,TINB/TINC
0506tin2_15-20_crop_00.jpg,bg_to_strip_inclusion,6,2,785,249,2,2,6,TIND
0506tin2_15-20_crop_00.jpg,bg_to_strip_inclusion,10,2,137,308,2,1,6,TIND
0506tin2_15-20_crop_00.jpg,bg_to_strip_inclusion,12,90,111,438,10,32,5,TINB/TINC
0506tin2_15-20_crop_00.jpg,bg_to_strip_inclusion,14,13,117,441,4,6,5,TINB/TINC
0506tin2_15-20_crop_00.jpg,bg_to_strip_inclusion,16,25,106,484,7,10,5,TINB/TINC
0506tin2_15-20_crop_00.jpg,bg_to_strip_inclusion,17,77,100,492,12,22,5,TINB/TINC
0506tin2_15-20_crop_00.jpg,bg_to_strip_inclusion,18,12,153,531,5,7,6,TIND
0506tin2_15-20_crop_00.jpg,bg_to_strip_inclusion,19,82,158,561,8,15,6,TIND
0506tin2_15-20_crop_00.jpg,bg_to_strip_inclusion,22,7,165,596,5,3,6,TIND
0506tin2_15-20_crop_00.jpg,bg_to_strip_inclusion,23,4,167,615,4,2,6,TIND
0506tin2_15-20_crop_00.jpg,bg_to_strip_inclusion,24,2,830,701,2,1,6,TIND
0506tin2_15-20_crop_00.jpg,bg_to_strip_inclusion,25,9,139,793,8,5,6,TIND
0506tin2_15-20_crop_00.jpg,bg_to_strip_inclusion,26,20,139,800,10,4,6,TIND
0506tin2_15-20_crop_00.jpg,bg_to_strip_inclusion,28,9,867,893,3,9,6,TIND
0506tin2_15-20_crop_00.jpg,bg_to_strip_inclusion,32,22,143,1009,6,5,6,TIND
0528_1-10_crop_00.jpg,bg_to_strip_inclusion,2,10,813,576,2,9,1,A
0528_1-10_crop_00.jpg,bg_to_strip_inclusion,3,3,790,583,1,3,1,A
0528_1-10_crop_00.jpg,bg_to_strip_inclusion,4,6,818,582,1,6,1,A
0528_1-10_crop_00.jpg,bg_to_strip_inclusion,5,16,814,588,5,8,1,A
0528_1-10_crop_00.jpg,bg_to_strip_inclusion,7,5,642,697,2,4,3,C
0528_1-10_crop_00.jpg,bg_to_strip_inclusion,8,2,641,702,1,2,3,C
0528_1-10_crop_00.jpg,bg_to_strip_inclusion,9,6,647,702,1,6,3,C
0528_1-10_crop_00.jpg,bg_to_strip_inclusion,10,4,640,715,1,4,3,C
0528_1-10_crop_00.jpg,bg_to_strip_inclusion,11,2,646,717,1,2,3,C
0528_1-10_crop_00.jpg,bg_to_strip_inclusion,12,9,639,722,1,9,3,C
0528_1-10_crop_00.jpg,bg_to_strip_inclusion,13,2,645,723,1,2,3,C
0528_1-10_crop_00.jpg,bg_to_strip_inclusion,14,2,644,726,1,2,3,C
0528_1-10_crop_00.jpg,bg_to_strip_inclusion,16,16,68,801,3,6,3,C
0528_1-10_crop_00.jpg,bg_to_D,1,50,27,634,8,8,4,D
0528_1-10_crop_00.jpg,bg_to_D,2,2,208,689,2,2,4,D
0528_1-10_crop_00.jpg,bg_to_D,3,3,208,695,3,3,4,D
0528_1-10_crop_00.jpg,bg_to_D,6,3,43,716,3,1,4,D
0528_1-12_crop_00.jpg,bg_to_strip_inclusion,1,2,953,62,2,2,1,A
0528_1-12_crop_00.jpg,bg_to_strip_inclusion,2,16,950,65,3,11,1,A
0528_1-12_crop_00.jpg,bg_to_strip_inclusion,3,2,949,95,1,2,1,A
0528_1-12_crop_00.jpg,bg_to_strip_inclusion,4,55,956,97,4,29,1,A
0528_1-12_crop_00.jpg,bg_to_strip_inclusion,5,2,948,101,1,2,1,A
0528_1-12_crop_00.jpg,bg_to_strip_inclusion,6,3,946,119,1,3,1,A
0528_1-12_crop_00.jpg,bg_to_strip_inclusion,7,2,945,124,1,2,1,A
0528_1-12_crop_00.jpg,bg_to_strip_inclusion,8,6,955,129,1,6,1,A
0528_1-12_crop_00.jpg,bg_to_strip_inclusion,9,14,946,143,2,13,1,A
0528_1-12_crop_00.jpg,bg_to_strip_inclusion,10,16,947,164,3,13,1,A
0528_1-12_crop_00.jpg,bg_to_strip_inclusion,11,54,950,171,6,19,1,A
0528_1-12_crop_00.jpg,bg_to_strip_inclusion,13,43,607,477,4,23,1,A
0528_1-12_crop_00.jpg,bg_to_strip_inclusion,16,14,599,489,1,14,1,A
0528_1-12_crop_00.jpg,bg_to_strip_inclusion,17,10,609,505,1,10,1,A
0528_1-12_crop_00.jpg,bg_to_strip_inclusion,18,10,610,517,1,10,1,A
0528_1-12_crop_00.jpg,bg_to_strip_inclusion,19,4,602,531,2,4,1,A
0528_1-12_crop_00.jpg,bg_to_strip_inclusion,20,5,609,531,1,5,1,A
0528_1-12_crop_00.jpg,bg_to_strip_inclusion,22,3,604,539,2,3,1,A
0528_1-12_crop_00.jpg,bg_to_D,1,2,743,66,2,2,4,D
0528_1-12_crop_00.jpg,bg_to_D,2,3,681,157,3,3,4,D
0528_1-12_crop_00.jpg,bg_to_D,3,2,688,158,2,2,4,D
0528_1-12_crop_00.jpg,bg_to_D,4,2,680,161,1,2,4,D
0528_1-12_crop_00.jpg,bg_to_D,5,2,690,161,1,2,4,D
0528_1-12_crop_00.jpg,bg_to_D,6,2,681,164,2,2,4,D
0528_1-15_crop_00.jpg,bg_to_strip_inclusion,1,70,957,194,8,14,1,A
0528_1-15_crop_00.jpg,bg_to_strip_inclusion,2,121,970,237,11,25,1,A
0528_1-15_crop_00.jpg,bg_to_strip_inclusion,3,4,965,261,1,4,1,A
0528_1-15_crop_00.jpg,bg_to_strip_inclusion,4,7,965,279,2,7,1,A
0528_1-15_crop_00.jpg,bg_to_strip_inclusion,5,5,561,867,4,2,3,C
0528_1-15_crop_00.jpg,bg_to_strip_inclusion,7,3,567,874,1,3,3,C
0528_1-15_crop_00.jpg,bg_to_strip_inclusion,8,2,562,876,1,2,3,C
0528_1-15_crop_00.jpg,bg_to_strip_inclusion,9,8,563,879,2,7,3,C
0528_1-15_crop_00.jpg,bg_to_strip_inclusion,12,8,568,886,3,6,3,C
0528_1-15_crop_00.jpg,bg_to_strip_inclusion,13,3,286,910,3,2,1,A
0528_1-15_crop_00.jpg,bg_to_strip_inclusion,14,13,290,918,2,13,1,A
0528_1-15_crop_00.jpg,bg_to_strip_inclusion,15,4,286,923,1,4,1,A
0528_1-15_crop_00.jpg,bg_to_strip_inclusion,16,51,290,945,5,24,1,A
0528_1-15_crop_00.jpg,bg_to_strip_inclusion,17,17,285,956,2,16,1,A
0528_1-15_crop_00.jpg,bg_to_strip_inclusion,18,8,286,986,5,3,1,A
0528_1-15_crop_00.jpg,bg_to_strip_inclusion,20,5,287,997,1,5,1,A
0528_1-15_crop_00.jpg,bg_to_strip_inclusion,22,3,289,1015,1,3,1,A
0528_1-15_crop_00.jpg,bg_to_D,1,2,689,290,2,2,4,D
0528_1-15_crop_02.jpg,bg_to_strip_inclusion,1,3,394,9,1,3,3,C
0528_1-15_crop_02.jpg,bg_to_strip_inclusion,2,2,393,13,1,2,3,C
0528_1-15_crop_02.jpg,bg_to_strip_inclusion,3,4,398,14,1,4,3,C
0528_1-15_crop_02.jpg,bg_to_strip_inclusion,4,2,392,17,1,2,3,C
0528_1-15_crop_02.jpg,bg_to_strip_inclusion,5,2,397,20,1,2,3,C
0528_1-15_crop_02.jpg,bg_to_strip_inclusion,6,9,391,22,2,6,3,C
0528_1-15_crop_02.jpg,bg_to_strip_inclusion,7,8,288,98,2,8,1,A
0528_1-15_crop_02.jpg,bg_to_strip_inclusion,8,5,294,103,1,5,1,A
0528_1-15_crop_02.jpg,bg_to_strip_inclusion,9,2,288,115,1,2,1,A
0528_1-15_crop_02.jpg,bg_to_strip_inclusion,10,2,290,124,1,2,1,A
0528_1-15_crop_02.jpg,bg_to_strip_inclusion,11,18,297,124,1,18,1,A
0528_1-15_crop_02.jpg,bg_to_strip_inclusion,12,21,290,128,3,14,1,A
0528_1-15_crop_02.jpg,bg_to_strip_inclusion,13,16,289,152,3,11,1,A
0528_1-15_crop_02.jpg,bg_to_strip_inclusion,14,14,298,152,1,14,1,A
0528_1-15_crop_02.jpg,bg_to_strip_inclusion,16,4,901,623,3,2,1,A
0528_1-15_crop_02.jpg,bg_to_strip_inclusion,17,4,900,626,1,4,1,A
0528_1-15_crop_02.jpg,bg_to_strip_inclusion,19,7,907,630,2,7,1,A
0528_1-15_crop_02.jpg,bg_to_strip_inclusion,20,23,903,639,7,7,1,A
0528_1-18_crop_01.jpg,bg_to_strip_inclusion,1,16,979,13,7,13,1,A
0528_1-18_crop_01.jpg,bg_to_strip_inclusion,6,2,984,47,1,2,1,A
0528_1-18_crop_01.jpg,bg_to_strip_inclusion,7,2,985,50,1,2,1,A
0528_1-18_crop_01.jpg,bg_to_strip_inclusion,8,14,986,53,3,14,1,A
0528_1-18_crop_01.jpg,bg_to_strip_inclusion,9,7,993,71,3,7,1,A
0528_1-18_crop_01.jpg,bg_to_strip_inclusion,10,5,989,75,3,4,1,A
0528_1-18_crop_01.jpg,bg_to_strip_inclusion,11,138,963,186,6,27,1,A
0528_1-19_crop_00.jpg,bg_to_strip_inclusion,2,86,972,82,6,21,1,A
0528_1-19_crop_00.jpg,bg_to_strip_inclusion,4,3,958,104,1,3,1,A
0528_1-19_crop_00.jpg,bg_to_strip_inclusion,5,3,957,108,1,3,1,A
0528_1-19_crop_00.jpg,bg_to_strip_inclusion,6,12,952,131,1,12,1,A
0528_1-19_crop_00.jpg,bg_to_strip_inclusion,7,14,969,132,3,13,1,A
0528_1-19_crop_00.jpg,bg_to_strip_inclusion,8,2,968,147,1,2,1,A
0528_1-19_crop_00.jpg,bg_to_strip_inclusion,9,16,962,150,6,15,1,A
0528_1-19_crop_00.jpg,bg_to_strip_inclusion,10,3,951,153,1,3,1,A
0528_1-19_crop_00.jpg,bg_to_strip_inclusion,11,2,961,166,1,2,1,A
0528_1-19_crop_00.jpg,bg_to_strip_inclusion,15,21,767,301,2,20,1,A
0528_1-19_crop_00.jpg,bg_to_strip_inclusion,16,32,777,316,2,23,1,A
0528_1-19_crop_00.jpg,bg_to_strip_inclusion,17,9,194,357,3,5,1,A
0528_1-19_crop_00.jpg,bg_to_strip_inclusion,18,24,202,369,2,15,1,A
0528_1-19_crop_00.jpg,bg_to_strip_inclusion,19,7,196,375,2,7,1,A
0528_1-19_crop_00.jpg,bg_to_strip_inclusion,20,3,199,385,3,2,1,A
0528_1-19_crop_00.jpg,bg_to_strip_inclusion,21,31,754,434,4,13,1,A
0528_1-19_crop_00.jpg,bg_to_strip_inclusion,22,12,752,453,2,12,1,A
0528_1-19_crop_00.jpg,bg_to_strip_inclusion,23,6,751,469,2,6,1,A
0528_1-19_crop_00.jpg,bg_to_strip_inclusion,25,56,678,483,5,14,1,A
0528_1-19_crop_00.jpg,bg_to_strip_inclusion,26,8,977,868,6,3,1,A
0528_1-19_crop_00.jpg,bg_to_strip_inclusion,27,20,972,874,4,18,1,A
0528_1-19_crop_00.jpg,bg_to_strip_inclusion,28,2,971,893,1,2,1,A
0528_1-19_crop_00.jpg,bg_to_strip_inclusion,29,35,968,896,3,22,1,A
0528_1-19_crop_00.jpg,bg_to_strip_inclusion,30,79,978,901,8,36,1,A
0528_1-19_crop_00.jpg,bg_to_strip_inclusion,31,28,967,926,3,20,1,A
0528_1-19_crop_00.jpg,bg_to_strip_inclusion,32,2,977,938,1,2,1,A
0528_1-19_crop_00.jpg,bg_to_strip_inclusion,35,4,966,948,1,4,1,A
0528_1-19_crop_00.jpg,bg_to_strip_inclusion,37,2,973,954,1,2,1,A
0528_1-19_crop_00.jpg,bg_to_D,2,2,43,18,2,2,4,D
0528_1-19_crop_00.jpg,bg_to_D,4,3,412,96,3,3,4,D
0528_1-19_crop_00.jpg,bg_to_D,5,2,412,103,2,2,4,D
0528_1-21_crop_01.jpg,bg_to_strip_inclusion,1,101,517,16,9,23,1,A
0528_1-21_crop_01.jpg,bg_to_strip_inclusion,2,7,513,37,1,7,1,A
0528_1-21_crop_01.jpg,bg_to_strip_inclusion,3,11,512,46,1,11,1,A
0528_1-26_crop_00.jpg,bg_to_strip_inclusion,1,2,596,33,1,2,1,A
0528_1-26_crop_00.jpg,bg_to_strip_inclusion,2,3,595,37,1,3,1,A
0528_1-26_crop_00.jpg,bg_to_strip_inclusion,3,36,592,41,3,35,1,A
0528_1-26_crop_00.jpg,bg_to_strip_inclusion,4,3,581,77,1,3,1,A
0528_1-26_crop_00.jpg,bg_to_strip_inclusion,5,12,579,83,2,12,1,A
0528_1-26_crop_00.jpg,bg_to_strip_inclusion,6,2,578,96,1,2,1,A
0528_1-26_crop_00.jpg,bg_to_strip_inclusion,7,7,578,107,4,5,1,A
0528_1-26_crop_00.jpg,bg_to_strip_inclusion,10,125,432,300,9,18,1,A
0528_1-26_crop_00.jpg,bg_to_strip_inclusion,12,3,0,345,1,3,3,C
0528_1-26_crop_00.jpg,bg_to_strip_inclusion,14,9,570,965,3,8,1,A
0528_1-26_crop_00.jpg,bg_to_strip_inclusion,16,34,565,973,4,32,1,A
0528_1-26_crop_00.jpg,bg_to_strip_inclusion,17,2,573,974,1,2,1,A
0528_1-26_crop_00.jpg,bg_to_strip_inclusion,18,2,573,986,1,2,1,A
0528_1-26_crop_00.jpg,bg_to_strip_inclusion,19,19,570,989,3,14,1,A
0528_1-26_crop_00.jpg,bg_to_D,1,66,332,146,10,9,4,D
0528_1-26_crop_02.jpg,bg_to_strip_inclusion,1,31,480,854,4,9,3,C
0528_1-32_crop_00.jpg,bg_to_strip_inclusion,1,80,55,138,8,21,1,A
0528_1-32_crop_00.jpg,bg_to_strip_inclusion,2,7,62,154,1,7,1,A
0528_1-32_crop_00.jpg,bg_to_strip_inclusion,3,4,63,164,1,4,1,A
0528_1-32_crop_00.jpg,bg_to_strip_inclusion,4,13,59,169,4,10,1,A
0528_1-32_crop_00.jpg,bg_to_strip_inclusion,6,181,874,202,7,36,2,B
0528_1-32_crop_00.jpg,bg_to_strip_inclusion,7,110,761,406,6,24,1,A
0528_1-32_crop_00.jpg,bg_to_strip_inclusion,8,17,879,421,5,9,1,A
0528_1-32_crop_00.jpg,bg_to_strip_inclusion,9,9,883,426,1,9,1,A
0528_1-32_crop_00.jpg,bg_to_strip_inclusion,11,18,876,436,2,15,1,A
0528_1-32_crop_00.jpg,bg_to_strip_inclusion,12,2,882,441,1,2,1,A
0528_1-32_crop_00.jpg,bg_to_strip_inclusion,13,6,881,451,2,4,1,A
0528_1-32_crop_00.jpg,bg_to_strip_inclusion,14,29,877,454,4,22,1,A
0528_1-32_crop_00.jpg,bg_to_strip_inclusion,15,5,884,466,1,5,1,A
0528_1-32_crop_00.jpg,bg_to_strip_inclusion,17,6,768,488,3,3,1,A
0528_1-32_crop_00.jpg,bg_to_strip_inclusion,18,64,883,488,6,15,1,A
0528_1-32_crop_00.jpg,bg_to_strip_inclusion,19,5,852,499,2,3,1,A
0528_1-32_crop_00.jpg,bg_to_strip_inclusion,21,22,766,504,2,14,1,A
0528_1-32_crop_00.jpg,bg_to_strip_inclusion,23,21,989,544,4,7,3,C
0528_1-32_crop_00.jpg,bg_to_strip_inclusion,24,133,770,586,14,22,1,A
0528_1-32_crop_00.jpg,bg_to_strip_inclusion,25,7,1002,626,3,7,3,C
0528_1-32_crop_00.jpg,bg_to_strip_inclusion,26,3,1008,635,1,3,3,C
0528_1-32_crop_00.jpg,bg_to_strip_inclusion,27,29,1001,639,3,16,3,C
0528_1-32_crop_00.jpg,bg_to_strip_inclusion,28,104,836,645,8,18,3,C
0528_1-32_crop_00.jpg,bg_to_strip_inclusion,29,7,1009,649,1,7,3,C
0528_1-32_crop_00.jpg,bg_to_strip_inclusion,31,4,1007,665,1,4,3,C
0528_1-32_crop_00.jpg,bg_to_strip_inclusion,32,9,1000,675,2,8,3,C
0528_1-32_crop_00.jpg,bg_to_strip_inclusion,33,25,1006,683,2,17,3,C
0528_1-32_crop_00.jpg,bg_to_strip_inclusion,34,4,999,684,1,4,3,C
0528_1-32_crop_00.jpg,bg_to_strip_inclusion,35,6,1000,689,1,6,3,C
0528_1-32_crop_00.jpg,bg_to_strip_inclusion,36,18,825,731,4,9,1,A
0528_1-32_crop_00.jpg,bg_to_strip_inclusion,37,10,829,735,3,7,1,A
0528_1-32_crop_00.jpg,bg_to_strip_inclusion,38,46,816,888,5,13,1,A
0528_1-32_crop_00.jpg,bg_to_strip_inclusion,39,14,382,939,1,14,3,C
0528_1-32_crop_00.jpg,bg_to_strip_inclusion,40,9,387,947,2,7,3,C
0528_1-32_crop_00.jpg,bg_to_strip_inclusion,41,6,383,954,1,6,3,C
0528_1-32_crop_00.jpg,bg_to_strip_inclusion,42,13,389,962,3,10,3,C
0528_1-32_crop_00.jpg,bg_to_strip_inclusion,43,2,385,969,1,2,3,C
0528_1-32_crop_00.jpg,bg_to_strip_inclusion,44,10,386,978,1,10,3,C
0528_1-32_crop_00.jpg,bg_to_strip_inclusion,45,14,390,980,3,10,3,C
0528_1-3_crop_01.jpg,bg_to_strip_inclusion,5,19,491,703,6,4,1,A
0528_1-3_crop_01.jpg,bg_to_strip_inclusion,7,5,1008,999,1,5,3,C
0528_1-3_crop_01.jpg,bg_to_strip_inclusion,8,6,1009,1008,1,6,3,C
0528_1-3_crop_01.jpg,bg_to_strip_inclusion,9,4,1007,1019,3,2,3,C
0528_1-4_crop_01.jpg,bg_to_strip_inclusion,1,12,836,295,1,12,1,A
0528_1-4_crop_01.jpg,bg_to_strip_inclusion,2,4,841,305,1,4,1,A
0528_1-4_crop_01.jpg,bg_to_strip_inclusion,3,4,841,318,1,4,1,A
0528_1-4_crop_01.jpg,bg_to_strip_inclusion,4,5,837,326,4,4,1,A
0528_1-4_crop_01.jpg,bg_to_strip_inclusion,5,4,72,441,1,4,1,A
0528_1-4_crop_01.jpg,bg_to_strip_inclusion,6,2,57,466,1,2,1,A
0528_1-4_crop_01.jpg,bg_to_strip_inclusion,7,2,56,470,1,2,1,A
0528_1-4_crop_01.jpg,bg_to_strip_inclusion,12,6,60,521,1,6,1,A
0528_1-4_crop_01.jpg,bg_to_strip_inclusion,13,3,68,525,1,3,1,A
0528_1-4_crop_01.jpg,bg_to_strip_inclusion,18,3,69,567,2,3,1,A
0528_1-4_crop_01.jpg,bg_to_strip_inclusion,19,57,217,608,5,14,1,A
0528_1-4_crop_01.jpg,bg_to_D,1,3,39,127,3,3,4,D
0528_1-4_crop_01.jpg,bg_to_D,4,51,735,941,7,9,4,D
0528_1-6_crop_01.jpg,bg_to_strip_inclusion,1,2,655,915,2,1,3,C
0528_1-6_crop_01.jpg,bg_to_strip_inclusion,5,14,656,926,3,11,3,C
0528_1-6_crop_01.jpg,bg_to_strip_inclusion,6,13,659,938,1,13,3,C
0528_1-6_crop_01.jpg,bg_to_strip_inclusion,7,4,664,939,1,4,3,C
0528_1-6_crop_01.jpg,bg_to_strip_inclusion,8,3,658,955,1,3,3,C
0528_1-6_crop_01.jpg,bg_to_D,2,5,362,378,5,3,4,D
0528_1-6_crop_01.jpg,bg_to_D,3,2,368,379,2,2,4,D
0528_1-7_crop_00.jpg,bg_to_strip_inclusion,1,13,373,198,1,13,3,C
0528_1-7_crop_00.jpg,bg_to_strip_inclusion,2,11,367,217,1,11,3,C
0528_1-7_crop_00.jpg,bg_to_strip_inclusion,4,2,372,230,1,2,3,C
0528_2-10_crop_01.jpg,bg_to_strip_inclusion,1,8,462,190,5,3,3,C
0528_2-10_crop_01.jpg,bg_to_strip_inclusion,2,25,844,235,4,9,3,C
0528_2-10_crop_01.jpg,bg_to_D,1,8,792,990,8,4,4,D
0528_2-10_crop_01.jpg,bg_to_D,2,2,801,991,2,1,4,D
0528_2-13_crop_00.jpg,bg_to_strip_inclusion,1,3,549,19,1,3,1,A
0528_2-13_crop_00.jpg,bg_to_strip_inclusion,2,17,545,31,1,17,1,A
0528_2-13_crop_00.jpg,bg_to_strip_inclusion,3,18,546,49,2,18,1,A
0528_2-13_crop_00.jpg,bg_to_strip_inclusion,4,6,557,48,1,6,1,A
0528_2-13_crop_00.jpg,bg_to_strip_inclusion,6,5,552,70,2,5,1,A
0528_2-13_crop_00.jpg,bg_to_strip_inclusion,11,3,455,304,1,3,1,A
0528_2-13_crop_00.jpg,bg_to_strip_inclusion,12,3,449,309,1,3,1,A
0528_2-13_crop_00.jpg,bg_to_strip_inclusion,14,2,812,913,2,1,3,C
0528_2-18_crop_02.jpg,bg_to_strip_inclusion,1,32,0,108,5,23,1,A
0528_2-18_crop_02.jpg,bg_to_strip_inclusion,2,11,607,446,3,6,2,B
0528_2-20_crop_00.jpg,bg_to_strip_inclusion,1,13,1003,26,5,5,3,C
0528_2-20_crop_00.jpg,bg_to_strip_inclusion,2,9,1009,35,1,9,3,C
0528_2-20_crop_00.jpg,bg_to_strip_inclusion,3,16,1003,36,2,15,3,C
0528_2-20_crop_00.jpg,bg_to_strip_inclusion,4,5,1010,50,1,5,3,C
0528_2-20_crop_00.jpg,bg_to_strip_inclusion,5,14,1004,54,6,9,3,C
0528_2-20_crop_00.jpg,bg_to_strip_inclusion,7,5,770,111,2,5,3,C
0528_2-20_crop_00.jpg,bg_to_strip_inclusion,8,14,766,116,2,11,3,C
0528_2-20_crop_00.jpg,bg_to_strip_inclusion,9,2,770,126,1,2,3,C
0528_2-20_crop_00.jpg,bg_to_D,2,12,978,123,4,7,4,D
0528_2-20_crop_03.jpg,bg_to_strip_inclusion,2,9,915,271,1,9,3,C
0528_2-20_crop_03.jpg,bg_to_strip_inclusion,3,2,912,316,1,2,3,C
0528_2-20_crop_03.jpg,bg_to_strip_inclusion,4,2,914,319,2,1,3,C
0528_2-20_crop_03.jpg,bg_to_strip_inclusion,5,68,494,830,6,15,1,A
0528_2-22_crop_00.jpg,bg_to_strip_inclusion,1,2,129,21,2,1,1,A
0528_2-22_crop_00.jpg,bg_to_strip_inclusion,3,5,132,39,1,5,1,A
0528_2-22_crop_00.jpg,bg_to_strip_inclusion,4,2,126,43,1,2,1,A
0528_2-22_crop_00.jpg,bg_to_strip_inclusion,5,73,252,880,7,25,2,B
0528_2-22_crop_00.jpg,bg_to_strip_inclusion,6,7,258,885,1,7,2,B
0528_2-24_crop_02.jpg,bg_to_strip_inclusion,1,38,492,916,7,19,1,A
0528_2-24_crop_02.jpg,bg_to_strip_inclusion,2,10,499,922,1,10,1,A
0528_2-24_crop_02.jpg,bg_to_strip_inclusion,3,15,491,946,2,11,1,A
0528_2-24_crop_02.jpg,bg_to_strip_inclusion,4,2,497,952,1,2,1,A
0528_2-24_crop_02.jpg,bg_to_strip_inclusion,5,3,492,959,3,2,1,A
0528_2-27_crop_02.jpg,bg_to_strip_inclusion,1,62,1007,559,11,23,1,A
0528_2-27_crop_02.jpg,bg_to_strip_inclusion,2,32,1014,578,2,20,1,A
0528_2-27_crop_02.jpg,bg_to_strip_inclusion,3,25,998,583,9,17,1,A
0528_2-27_crop_02.jpg,bg_to_strip_inclusion,7,2,1012,615,1,2,1,A
0528_2-27_crop_02.jpg,bg_to_strip_inclusion,8,4,1011,618,1,4,1,A
0528_2-27_crop_02.jpg,bg_to_strip_inclusion,9,2,120,687,2,2,1,A
0528_2-27_crop_02.jpg,bg_to_strip_inclusion,13,3,113,706,3,2,1,A
0528_2-6_crop_01.jpg,bg_to_strip_inclusion,1,4,166,499,4,4,1,A
0528_2-6_crop_01.jpg,bg_to_strip_inclusion,2,13,163,505,3,12,1,A
0528_2-6_crop_01.jpg,bg_to_strip_inclusion,4,2,160,528,1,2,1,A
0528_2-6_crop_01.jpg,bg_to_strip_inclusion,5,10,167,529,6,9,1,A
0528_2-6_crop_01.jpg,bg_to_strip_inclusion,6,37,157,532,10,12,1,A
0528_2-6_crop_01.jpg,bg_to_strip_inclusion,7,73,823,978,6,17,3,C
0711-41_crop_01.jpg,bg_to_strip_inclusion,1,273,341,340,10,47,3,C
0711-41_crop_01.jpg,bg_to_strip_inclusion,3,3,150,681,3,2,3,C
0711-41_crop_01.jpg,bg_to_strip_inclusion,4,2,150,698,2,1,3,C
0711-41_crop_01.jpg,bg_to_strip_inclusion,5,27,763,866,7,22,1,A
0711-41_crop_01.jpg,bg_to_strip_inclusion,6,3,772,868,1,3,1,A
0711-44_crop_01.jpg,bg_to_strip_inclusion,1,11,780,110,4,6,3,C
0711-44_crop_01.jpg,bg_to_strip_inclusion,2,8,778,114,1,8,3,C
0711-44_crop_01.jpg,bg_to_strip_inclusion,3,4,782,124,1,4,3,C
0711-44_crop_01.jpg,bg_to_strip_inclusion,4,2,783,135,1,2,1,A
0711-44_crop_01.jpg,bg_to_strip_inclusion,6,4,787,153,1,4,1,A
0711-44_crop_01.jpg,bg_to_strip_inclusion,9,2,784,163,1,2,1,A
0711-44_crop_01.jpg,bg_to_strip_inclusion,10,4,785,167,1,4,1,A
0711-44_crop_01.jpg,bg_to_strip_inclusion,11,3,786,173,1,3,1,A
0711-44_crop_01.jpg,bg_to_strip_inclusion,13,2,787,178,1,2,1,A
0711-44_crop_01.jpg,bg_to_strip_inclusion,15,2,903,800,2,1,1,A
0711-44_crop_01.jpg,bg_to_strip_inclusion,16,4,900,810,1,4,1,A
0711-44_crop_01.jpg,bg_to_strip_inclusion,17,7,911,815,2,5,1,A
0711-44_crop_01.jpg,bg_to_strip_inclusion,18,8,913,829,1,8,1,A
0711-44_crop_01.jpg,bg_to_strip_inclusion,19,2,853,835,2,2,1,A
0711-44_crop_01.jpg,bg_to_strip_inclusion,20,8,856,834,4,3,1,A
0711-44_crop_01.jpg,bg_to_strip_inclusion,23,4,850,844,1,4,1,A
0711-44_crop_01.jpg,bg_to_strip_inclusion,24,10,914,849,3,8,1,A
0711-44_crop_01.jpg,bg_to_strip_inclusion,25,3,916,860,1,3,1,A
0711-44_crop_01.jpg,bg_to_strip_inclusion,30,6,872,912,1,6,1,A
0711-44_crop_01.jpg,bg_to_strip_inclusion,31,9,877,921,3,5,1,A
0711-44_crop_01.jpg,bg_to_strip_inclusion,32,2,878,937,2,2,1,A
0711-44_crop_01.jpg,bg_to_strip_inclusion,35,3,891,959,1,3,1,A
0711-48_crop_01.jpg,bg_to_D,7,2,947,473,2,1,4,D
0711-48_crop_01.jpg,bg_to_D,8,2,950,473,2,1,4,D
0711-48_crop_01.jpg,bg_to_D,9,4,461,618,3,3,4,D
0711-50_crop_01.jpg,bg_to_strip_inclusion,1,4,445,420,1,4,1,A
0711-50_crop_01.jpg,bg_to_strip_inclusion,3,4,444,425,1,4,1,A
0711-50_crop_01.jpg,bg_to_strip_inclusion,4,28,449,424,2,17,1,A
0711-50_crop_01.jpg,bg_to_strip_inclusion,5,3,443,431,1,3,1,A
0711-50_crop_01.jpg,bg_to_strip_inclusion,6,27,441,436,2,24,1,A
0711-50_crop_01.jpg,bg_to_strip_inclusion,8,7,443,469,1,7,1,A
0711-50_crop_01.jpg,bg_to_strip_inclusion,9,40,451,472,3,20,1,A
0711-50_crop_01.jpg,bg_to_strip_inclusion,11,2,446,494,2,1,1,A
0711-51_crop_00.jpg,bg_to_strip_inclusion,1,2,637,54,1,2,1,A
0711-51_crop_00.jpg,bg_to_strip_inclusion,2,16,636,59,1,16,1,A
0711-51_crop_00.jpg,bg_to_strip_inclusion,3,7,642,62,1,7,1,A
0711-51_crop_00.jpg,bg_to_strip_inclusion,4,2,643,71,1,2,1,A
0711-51_crop_00.jpg,bg_to_strip_inclusion,5,3,644,76,1,3,1,A
0711-51_crop_00.jpg,bg_to_strip_inclusion,6,2,645,80,1,2,1,A
0711-51_crop_00.jpg,bg_to_strip_inclusion,8,2,637,88,1,2,1,A
0711-51_crop_00.jpg,bg_to_strip_inclusion,9,6,647,91,2,5,1,A
0711-51_crop_00.jpg,bg_to_strip_inclusion,11,2,649,99,1,2,1,A
0711-51_crop_00.jpg,bg_to_strip_inclusion,12,2,641,102,1,2,1,A
0711-51_crop_00.jpg,bg_to_strip_inclusion,13,5,651,116,1,5,1,A
0711-51_crop_00.jpg,bg_to_strip_inclusion,15,5,655,143,1,5,1,A
0711-51_crop_00.jpg,bg_to_strip_inclusion,16,5,650,150,2,5,1,A
0711-51_crop_00.jpg,bg_to_strip_inclusion,17,4,656,151,1,4,1,A
0711-51_crop_00.jpg,bg_to_strip_inclusion,18,3,652,156,1,3,1,A
0711-51_crop_00.jpg,bg_to_strip_inclusion,19,2,657,157,1,2,1,A
0711-51_crop_00.jpg,bg_to_strip_inclusion,20,149,662,265,14,23,1,A
0711-51_crop_00.jpg,bg_to_strip_inclusion,21,8,664,289,5,3,1,A
0711-51_crop_00.jpg,bg_to_strip_inclusion,22,5,243,335,5,2,1,A
0711-51_crop_00.jpg,bg_to_strip_inclusion,23,97,25,336,6,20,3,C
0711-51_crop_00.jpg,bg_to_strip_inclusion,26,3,240,340,1,3,1,A
0711-51_crop_00.jpg,bg_to_strip_inclusion,27,4,248,344,1,4,1,A
0711-51_crop_00.jpg,bg_to_strip_inclusion,28,12,650,365,4,4,1,A
0711-51_crop_00.jpg,bg_to_strip_inclusion,31,17,647,382,2,13,1,A
0711-51_crop_00.jpg,bg_to_strip_inclusion,32,5,647,401,1,5,1,A
0711-51_crop_00.jpg,bg_to_strip_inclusion,33,2,749,689,1,2,1,A
0711-51_crop_00.jpg,bg_to_strip_inclusion,34,7,747,692,2,7,1,A
0711-51_crop_00.jpg,bg_to_strip_inclusion,35,3,746,706,1,3,1,A
0711-51_crop_00.jpg,bg_to_strip_inclusion,36,2,767,755,2,1,1,A
0711-51_crop_00.jpg,bg_to_strip_inclusion,38,13,762,761,2,12,1,A
0711-51_crop_00.jpg,bg_to_strip_inclusion,39,11,773,764,1,11,1,A
0711-51_crop_00.jpg,bg_to_strip_inclusion,40,2,764,777,2,2,1,A
0711-51_crop_00.jpg,bg_to_strip_inclusion,41,4,703,840,4,2,1,A
0711-51_crop_00.jpg,bg_to_strip_inclusion,42,2,702,846,1,2,1,A
0711-51_crop_00.jpg,bg_to_strip_inclusion,43,28,703,851,1,28,1,A
0711-51_crop_00.jpg,bg_to_strip_inclusion,44,6,708,854,1,6,1,A
0711-51_crop_00.jpg,bg_to_strip_inclusion,45,5,708,873,1,5,1,A
0711-51_crop_00.jpg,bg_to_strip_inclusion,46,3,707,879,1,3,1,A
0711-51_crop_00.jpg,bg_to_strip_inclusion,47,14,712,906,2,12,1,A
0711-51_crop_00.jpg,bg_to_strip_inclusion,48,2,141,983,1,2,1,A
0711-51_crop_00.jpg,bg_to_strip_inclusion,49,3,145,989,1,3,1,A
0711-51_crop_00.jpg,bg_to_strip_inclusion,50,24,140,990,5,13,1,A
0711-52_crop_00.jpg,bg_to_strip_inclusion,1,2,512,521,1,2,1,A
0711-52_crop_00.jpg,bg_to_strip_inclusion,2,22,513,526,4,7,1,A
0711-54_crop_00.jpg,bg_to_strip_inclusion,2,5,692,218,2,4,1,A
0711-54_crop_00.jpg,bg_to_strip_inclusion,3,2,694,223,1,2,1,A
0711-54_crop_00.jpg,bg_to_strip_inclusion,4,7,684,224,2,6,1,A
0711-54_crop_00.jpg,bg_to_strip_inclusion,5,4,685,238,3,4,1,A
0711-54_crop_00.jpg,bg_to_strip_inclusion,6,4,796,563,3,4,1,A
0711-54_crop_00.jpg,bg_to_strip_inclusion,7,4,787,566,1,4,1,A
0711-54_crop_00.jpg,bg_to_strip_inclusion,8,4,788,572,1,4,1,A
0711-54_crop_00.jpg,bg_to_strip_inclusion,9,54,804,579,6,27,1,A
0711-54_crop_00.jpg,bg_to_strip_inclusion,10,2,868,581,2,1,1,A
0711-54_crop_00.jpg,bg_to_strip_inclusion,12,4,794,615,1,4,1,A
0711-54_crop_00.jpg,bg_to_strip_inclusion,13,20,864,643,1,20,1,A
0711-54_crop_00.jpg,bg_to_strip_inclusion,14,3,797,646,1,3,1,A
0711-54_crop_00.jpg,bg_to_strip_inclusion,15,8,809,646,2,6,1,A
0711-54_crop_00.jpg,bg_to_strip_inclusion,17,47,801,667,9,10,1,A
0711-54_crop_00.jpg,bg_to_strip_inclusion,18,6,871,673,1,6,1,A
0711-54_crop_00.jpg,bg_to_strip_inclusion,19,4,865,678,1,4,1,A
0711-54_crop_00.jpg,bg_to_strip_inclusion,20,11,857,687,2,8,1,A
0711-54_crop_00.jpg,bg_to_strip_inclusion,21,47,858,696,9,13,1,A
0711-54_crop_00.jpg,bg_to_strip_inclusion,22,3,4,719,2,3,1,A
0711-54_crop_00.jpg,bg_to_strip_inclusion,23,7,3,723,1,7,1,A
0711-54_crop_00.jpg,bg_to_strip_inclusion,24,9,810,733,2,9,1,A
0711-54_crop_00.jpg,bg_to_strip_inclusion,25,2,809,744,1,2,1,A
0711-54_crop_00.jpg,bg_to_strip_inclusion,26,9,875,750,5,4,1,A
0711-54_crop_00.jpg,bg_to_strip_inclusion,27,9,865,768,4,4,1,A
0711-54_crop_00.jpg,bg_to_strip_inclusion,28,2,861,778,1,2,1,A
0711-54_crop_00.jpg,bg_to_strip_inclusion,29,3,874,800,1,3,1,A
0711-54_crop_00.jpg,bg_to_strip_inclusion,30,25,859,821,4,22,1,A
0711-54_crop_00.jpg,bg_to_strip_inclusion,32,5,872,826,1,5,1,A
0711-54_crop_00.jpg,bg_to_strip_inclusion,33,16,863,844,5,13,1,A
0711-58_crop_00.jpg,bg_to_strip_inclusion,1,21,647,592,7,9,1,A
0711-58_crop_00.jpg,bg_to_strip_inclusion,3,10,648,608,1,10,1,A
0711-58_crop_00.jpg,bg_to_strip_inclusion,4,13,643,658,5,7,1,A
0711-58_crop_00.jpg,bg_to_strip_inclusion,6,3,616,667,3,2,1,A
0711-58_crop_00.jpg,bg_to_strip_inclusion,7,2,642,667,1,2,1,A
0711-58_crop_00.jpg,bg_to_strip_inclusion,8,15,620,674,4,10,1,A
0711-58_crop_00.jpg,bg_to_strip_inclusion,9,12,638,677,4,8,1,A
0711-58_crop_00.jpg,bg_to_strip_inclusion,10,11,631,686,6,3,1,A
0711-58_crop_00.jpg,bg_to_strip_inclusion,11,11,620,707,2,10,1,A
0711-58_crop_00.jpg,bg_to_strip_inclusion,12,7,648,712,2,7,1,A
0711-58_crop_00.jpg,bg_to_strip_inclusion,13,3,650,721,1,3,1,A
0711-58_crop_00.jpg,bg_to_strip_inclusion,15,9,623,724,4,8,1,A
0711-58_crop_00.jpg,bg_to_strip_inclusion,16,4,651,726,1,4,1,A
0711-58_crop_00.jpg,bg_to_strip_inclusion,17,4,652,731,1,4,1,A
0711-58_crop_00.jpg,bg_to_strip_inclusion,18,16,630,735,11,8,1,A
0711-58_crop_00.jpg,bg_to_strip_inclusion,19,3,648,746,2,2,1,A
0711-58_crop_00.jpg,bg_to_strip_inclusion,20,6,657,758,4,2,1,A
0711-58_crop_00.jpg,bg_to_strip_inclusion,21,3,656,761,1,3,1,A
0711-58_crop_00.jpg,bg_to_strip_inclusion,22,190,659,836,8,66,1,A
0711-58_crop_00.jpg,bg_to_strip_inclusion,23,22,646,839,3,13,1,A
0711-58_crop_00.jpg,bg_to_strip_inclusion,24,104,641,846,8,58,1,A
0711-58_crop_00.jpg,bg_to_strip_inclusion,25,7,648,861,1,7,1,A
0711-58_crop_00.jpg,bg_to_strip_inclusion,26,3,646,896,1,3,1,A
0711-58_crop_00.jpg,bg_to_strip_inclusion,27,5,669,897,1,5,1,A
0711-58_crop_00.jpg,bg_to_strip_inclusion,28,23,642,907,3,11,1,A
0711-58_crop_00.jpg,bg_to_strip_inclusion,29,7,664,907,1,7,1,A
0711-58_crop_00.jpg,bg_to_strip_inclusion,30,7,655,926,5,2,1,A
0711-58_crop_00.jpg,bg_to_strip_inclusion,31,2,661,936,1,2,1,A
0711-58_crop_00.jpg,bg_to_strip_inclusion,32,2,660,946,1,2,1,A
0711-58_crop_00.jpg,bg_to_strip_inclusion,33,4,655,956,1,4,1,A
0711-58_crop_00.jpg,bg_to_strip_inclusion,34,24,656,963,2,17,1,A
0711-58_crop_00.jpg,bg_to_strip_inclusion,35,2,660,963,1,2,1,A
0711-58_crop_00.jpg,bg_to_strip_inclusion,36,2,661,972,1,2,1,A
0711-58_crop_00.jpg,bg_to_D,4,2,518,954,1,2,4,D
0711-58_crop_00.jpg,bg_to_D,6,8,513,957,6,6,4,D
0711-58_crop_00.jpg,bg_to_D,7,2,507,960,2,2,4,D
0711-58_crop_00.jpg,bg_to_D,8,2,510,962,2,1,4,D
0711-62_crop_01.jpg,bg_to_strip_inclusion,1,13,382,191,4,11,1,A
0711-62_crop_01.jpg,bg_to_strip_inclusion,2,6,387,196,1,6,1,A
0711-62_crop_01.jpg,bg_to_strip_inclusion,3,3,383,203,2,3,1,A
0711-62_crop_01.jpg,bg_to_strip_inclusion,4,4,833,589,1,4,3,C
0711-62_crop_01.jpg,bg_to_strip_inclusion,5,4,839,599,1,4,3,C
0711-62_crop_01.jpg,bg_to_strip_inclusion,7,4,836,616,3,3,3,C
0711-62_crop_01.jpg,bg_to_strip_inclusion,8,62,739,969,6,13,3,C
0711-64_crop_02.jpg,bg_to_strip_inclusion,2,21,981,560,5,19,3,C
0711-64_crop_02.jpg,bg_to_strip_inclusion,3,9,978,570,2,9,3,C
0711-66_crop_00.jpg,bg_to_strip_inclusion,1,16,409,19,5,9,3,C
0711-66_crop_00.jpg,bg_to_strip_inclusion,3,14,409,33,2,11,3,C
0711-66_crop_00.jpg,bg_to_strip_inclusion,4,4,603,235,4,2,1,A
0711-66_crop_00.jpg,bg_to_strip_inclusion,5,3,602,237,1,3,1,A
0711-66_crop_00.jpg,bg_to_strip_inclusion,6,2,607,238,1,2,1,A
0711-66_crop_00.jpg,bg_to_strip_inclusion,7,21,603,245,2,16,1,A
0711-66_crop_00.jpg,bg_to_strip_inclusion,8,2,608,248,1,2,1,A
0711-66_crop_00.jpg,bg_to_strip_inclusion,9,2,608,261,1,2,1,A
0711-66_crop_00.jpg,bg_to_strip_inclusion,10,69,771,368,7,13,3,C
0711-66_crop_00.jpg,bg_to_strip_inclusion,11,3,384,537,3,2,3,C
0711-66_crop_00.jpg,bg_to_strip_inclusion,14,11,380,552,6,4,3,C
0711-66_crop_00.jpg,bg_to_strip_inclusion,16,3,618,954,1,3,1,A
0711-66_crop_00.jpg,bg_to_strip_inclusion,17,43,614,958,4,26,1,A
0711-66_crop_00.jpg,bg_to_strip_inclusion,18,4,623,964,2,4,1,A
0711-70_crop_01.jpg,bg_to_strip_inclusion,5,12,392,321,1,12,1,A
0711-70_crop_01.jpg,bg_to_strip_inclusion,7,7,399,333,2,7,1,A
0711-70_crop_01.jpg,bg_to_strip_inclusion,8,17,393,335,2,17,1,A
0711-70_crop_01.jpg,bg_to_strip_inclusion,9,5,827,453,4,3,1,A
0711-70_crop_01.jpg,bg_to_strip_inclusion,11,5,834,465,1,5,1,A
0711-70_crop_01.jpg,bg_to_strip_inclusion,12,4,835,471,1,4,1,A
0711-70_crop_01.jpg,bg_to_strip_inclusion,13,2,824,475,1,2,1,A
0711-70_crop_01.jpg,bg_to_strip_inclusion,14,2,836,476,1,2,1,A
0711-70_crop_01.jpg,bg_to_strip_inclusion,16,6,836,483,2,5,1,A
0711-70_crop_01.jpg,bg_to_strip_inclusion,17,2,838,490,1,2,1,A
0711-70_crop_01.jpg,bg_to_strip_inclusion,18,2,834,515,1,2,1,A
0711-71_crop_01.jpg,bg_to_strip_inclusion,1,9,600,920,6,4,1,A
0711-71_crop_01.jpg,bg_to_strip_inclusion,4,5,595,941,1,5,1,A
0726-11_crop_01.jpg,bg_to_strip_inclusion,1,62,341,0,6,13,1,A
0726-11_crop_01.jpg,bg_to_strip_inclusion,2,3,40,9,2,3,1,A
0726-11_crop_01.jpg,bg_to_strip_inclusion,3,5,35,13,1,5,1,A
0726-11_crop_01.jpg,bg_to_strip_inclusion,5,2,43,15,1,2,1,A
0726-11_crop_01.jpg,bg_to_strip_inclusion,7,3,36,20,1,3,1,A
0726-11_crop_01.jpg,bg_to_strip_inclusion,8,4,45,21,1,4,1,A
0726-11_crop_01.jpg,bg_to_strip_inclusion,9,56,1011,23,6,13,1,A
0726-11_crop_01.jpg,bg_to_strip_inclusion,10,2,37,24,1,2,1,A
0726-11_crop_01.jpg,bg_to_strip_inclusion,12,5,46,26,1,5,1,A
0726-11_crop_01.jpg,bg_to_strip_inclusion,13,2,45,33,2,2,1,A
0726-11_crop_01.jpg,bg_to_strip_inclusion,14,14,59,53,4,7,1,A
0726-11_crop_01.jpg,bg_to_strip_inclusion,15,5,67,52,3,5,1,A
0726-11_crop_01.jpg,bg_to_strip_inclusion,16,3,70,58,1,3,1,A
0726-11_crop_01.jpg,bg_to_strip_inclusion,17,6,57,65,1,6,1,A
0726-11_crop_01.jpg,bg_to_strip_inclusion,18,6,64,70,4,2,1,A
0726-11_crop_01.jpg,bg_to_strip_inclusion,21,2,262,848,1,2,1,A
0726-11_crop_01.jpg,bg_to_strip_inclusion,23,6,257,854,3,5,1,A
0726-11_crop_01.jpg,bg_to_strip_inclusion,24,9,234,882,4,9,1,A
0726-11_crop_01.jpg,bg_to_strip_inclusion,25,6,233,892,1,6,1,A
0726-11_crop_01.jpg,bg_to_strip_inclusion,27,25,183,929,8,11,1,A
0726-11_crop_01.jpg,bg_to_strip_inclusion,28,8,441,928,1,8,1,A
0726-11_crop_01.jpg,bg_to_strip_inclusion,29,3,191,938,2,3,1,A
0726-11_crop_01.jpg,bg_to_strip_inclusion,30,4,441,938,3,2,1,A
0726-11_crop_01.jpg,bg_to_strip_inclusion,31,2,193,942,1,2,1,A
0726-11_crop_01.jpg,bg_to_strip_inclusion,32,13,191,945,4,10,1,A
0726-11_crop_01.jpg,bg_to_strip_inclusion,33,6,301,950,1,6,1,A
0726-11_crop_01.jpg,bg_to_strip_inclusion,34,3,306,952,1,3,1,A
0726-11_crop_01.jpg,bg_to_strip_inclusion,35,46,439,954,5,11,1,A
0726-13_crop_01.jpg,bg_to_strip_inclusion,1,3,448,224,3,2,1,A
0726-13_crop_01.jpg,bg_to_strip_inclusion,2,9,447,227,1,9,1,A
0726-13_crop_01.jpg,bg_to_strip_inclusion,3,11,452,226,3,10,1,A
0726-13_crop_01.jpg,bg_to_strip_inclusion,4,2,455,241,1,2,1,A
0726-13_crop_01.jpg,bg_to_strip_inclusion,5,8,448,244,7,4,1,A
0726-13_crop_01.jpg,bg_to_strip_inclusion,6,54,486,495,6,12,1,A
0726-13_crop_01.jpg,bg_to_strip_inclusion,7,8,499,634,2,6,1,A
0726-13_crop_01.jpg,bg_to_strip_inclusion,8,7,505,640,1,7,1,A
0726-13_crop_01.jpg,bg_to_strip_inclusion,9,3,506,652,1,3,1,A
0726-13_crop_01.jpg,bg_to_strip_inclusion,10,10,499,656,2,8,1,A
0726-13_crop_01.jpg,bg_to_strip_inclusion,11,98,503,663,7,33,1,A
0726-13_crop_01.jpg,bg_to_strip_inclusion,12,3,498,665,1,3,1,A
0726-13_crop_01.jpg,bg_to_strip_inclusion,13,2,497,671,1,2,1,A
0726-13_crop_01.jpg,bg_to_strip_inclusion,14,2,498,674,1,2,1,A
0726-13_crop_01.jpg,bg_to_strip_inclusion,16,5,510,697,4,3,1,A
0726-13_crop_01.jpg,bg_to_strip_inclusion,17,9,544,867,1,9,1,A
0726-13_crop_01.jpg,bg_to_strip_inclusion,19,2,552,872,1,2,1,A
0726-13_crop_01.jpg,bg_to_strip_inclusion,20,4,553,883,1,4,1,A
0726-14_crop_01.jpg,bg_to_strip_inclusion,1,263,412,30,27,36,2,B
0726-14_crop_01.jpg,bg_to_strip_inclusion,2,78,509,320,7,16,1,A
0726-14_crop_01.jpg,bg_to_strip_inclusion,3,5,156,477,4,2,1,A
0726-14_crop_01.jpg,bg_to_strip_inclusion,5,32,710,748,6,11,1,A
0726-14_crop_01.jpg,bg_to_strip_inclusion,6,28,731,795,3,20,1,A
0726-14_crop_01.jpg,bg_to_strip_inclusion,7,32,737,806,5,19,1,A
0726-14_crop_01.jpg,bg_to_strip_inclusion,8,26,738,835,4,8,1,A
0726-15_crop_00.jpg,bg_to_strip_inclusion,1,93,501,116,8,23,1,A
0726-15_crop_00.jpg,bg_to_strip_inclusion,2,7,37,137,5,4,1,A
0726-15_crop_00.jpg,bg_to_strip_inclusion,3,4,36,143,1,4,1,A
0726-15_crop_00.jpg,bg_to_strip_inclusion,4,35,38,151,5,13,1,A
0726-15_crop_00.jpg,bg_to_strip_inclusion,5,2,39,167,1,2,1,A
0726-15_crop_00.jpg,bg_to_strip_inclusion,7,3,580,590,3,2,1,A
0726-15_crop_00.jpg,bg_to_strip_inclusion,8,3,579,594,1,3,1,A
0726-15_crop_00.jpg,bg_to_strip_inclusion,9,3,580,599,1,3,1,A
0726-15_crop_00.jpg,bg_to_strip_inclusion,10,42,584,599,6,25,1,A
0726-15_crop_00.jpg,bg_to_strip_inclusion,12,24,589,623,5,13,1,A
0726-15_crop_00.jpg,bg_to_strip_inclusion,13,3,594,634,1,3,1,A
0726-15_crop_00.jpg,bg_to_strip_inclusion,14,12,594,645,4,6,1,A
0726-15_crop_00.jpg,bg_to_strip_inclusion,15,4,609,697,2,3,1,A
0726-15_crop_00.jpg,bg_to_strip_inclusion,18,5,41,707,2,5,1,A
0726-15_crop_00.jpg,bg_to_strip_inclusion,19,2,610,707,1,2,1,A
0726-15_crop_00.jpg,bg_to_strip_inclusion,21,24,37,710,6,22,1,A
0726-15_crop_00.jpg,bg_to_strip_inclusion,24,3,612,715,1,3,1,A
0726-15_crop_00.jpg,bg_to_strip_inclusion,25,5,617,717,1,5,1,A
0726-15_crop_00.jpg,bg_to_strip_inclusion,26,4,613,719,3,4,1,A
0726-15_crop_00.jpg,bg_to_strip_inclusion,27,4,44,724,1,4,1,A
0726-15_crop_00.jpg,bg_to_strip_inclusion,29,4,730,793,1,4,1,A
0726-15_crop_00.jpg,bg_to_strip_inclusion,30,2,728,839,1,2,1,A
0726-15_crop_00.jpg,bg_to_strip_inclusion,31,2,260,916,2,2,1,A
0726-15_crop_00.jpg,bg_to_strip_inclusion,33,20,253,930,5,9,1,A
0726-15_crop_01.jpg,bg_to_strip_inclusion,1,69,157,9,7,13,1,A
0726-15_crop_01.jpg,bg_to_strip_inclusion,2,6,96,20,4,3,1,A
0726-15_crop_01.jpg,bg_to_strip_inclusion,4,8,95,23,1,8,1,A
0726-15_crop_01.jpg,bg_to_strip_inclusion,5,2,289,24,1,2,1,A
0726-15_crop_01.jpg,bg_to_strip_inclusion,6,2,99,34,1,2,1,A
0726-15_crop_01.jpg,bg_to_strip_inclusion,7,4,96,37,3,2,1,A
0726-15_crop_01.jpg,bg_to_strip_inclusion,8,50,814,69,5,12,1,A
0726-15_crop_01.jpg,bg_to_strip_inclusion,9,69,138,74,5,18,1,A
0726-15_crop_01.jpg,bg_to_strip_inclusion,10,9,164,102,3,6,1,A
0726-15_crop_01.jpg,bg_to_strip_inclusion,12,96,718,104,7,18,1,A
0726-15_crop_01.jpg,bg_to_strip_inclusion,13,8,43,220,5,5,1,A
0726-15_crop_01.jpg,bg_to_strip_inclusion,14,5,42,228,1,5,1,A
0726-15_crop_01.jpg,bg_to_strip_inclusion,15,3,41,234,1,3,1,A
0726-15_crop_01.jpg,bg_to_strip_inclusion,16,2,40,239,1,2,1,A
0726-15_crop_01.jpg,bg_to_strip_inclusion,18,3,44,248,1,3,1,A
0726-15_crop_01.jpg,bg_to_strip_inclusion,19,33,37,257,1,33,1,A
0726-15_crop_01.jpg,bg_to_strip_inclusion,20,3,43,258,1,3,1,A
0726-15_crop_01.jpg,bg_to_strip_inclusion,22,12,832,503,1,12,1,A
0726-15_crop_01.jpg,bg_to_strip_inclusion,23,5,832,520,3,3,1,A
0726-15_crop_01.jpg,bg_to_strip_inclusion,24,2,255,528,1,2,1,A
0726-15_crop_01.jpg,bg_to_strip_inclusion,25,2,257,561,2,1,1,A
0726-15_crop_01.jpg,bg_to_strip_inclusion,27,11,257,572,3,6,1,A
0726-15_crop_01.jpg,bg_to_strip_inclusion,28,20,505,691,4,7,1,A
0726-15_crop_01.jpg,bg_to_strip_inclusion,29,68,237,713,6,14,1,A
0726-15_crop_01.jpg,bg_to_strip_inclusion,30,4,505,740,3,2,1,A
0726-15_crop_01.jpg,bg_to_strip_inclusion,32,2,504,745,1,2,1,A
0726-15_crop_01.jpg,bg_to_strip_inclusion,33,6,505,749,1,6,1,A
0726-15_crop_01.jpg,bg_to_strip_inclusion,34,2,506,759,1,2,1,A
0726-15_crop_01.jpg,bg_to_strip_inclusion,35,26,511,760,5,14,1,A
0726-15_crop_01.jpg,bg_to_strip_inclusion,36,3,507,765,1,3,1,A
0726-15_crop_01.jpg,bg_to_strip_inclusion,37,5,508,774,1,5,1,A
0726-15_crop_01.jpg,bg_to_strip_inclusion,38,12,509,789,5,8,1,A
0726-15_crop_01.jpg,bg_to_strip_inclusion,39,7,877,796,5,2,1,A
0726-15_crop_01.jpg,bg_to_strip_inclusion,40,4,882,799,1,4,1,A
0726-15_crop_01.jpg,bg_to_strip_inclusion,41,21,877,805,3,15,1,A
0726-15_crop_01.jpg,bg_to_strip_inclusion,42,2,612,806,1,2,1,A
0726-15_crop_01.jpg,bg_to_strip_inclusion,44,6,612,811,1,6,1,A
0726-15_crop_01.jpg,bg_to_strip_inclusion,50,4,876,835,1,4,1,A
0726-15_crop_01.jpg,bg_to_strip_inclusion,52,7,871,870,4,3,1,A
0726-15_crop_01.jpg,bg_to_strip_inclusion,54,77,864,933,7,17,1,A
0726-15_crop_01.jpg,bg_to_strip_inclusion,55,30,857,938,5,18,1,A
0726-15_crop_01.jpg,bg_to_strip_inclusion,56,7,871,963,3,3,1,A
0726-15_crop_01.jpg,bg_to_strip_inclusion,57,2,874,967,1,2,1,A
0726-15_crop_01.jpg,bg_to_strip_inclusion,58,3,869,969,1,3,1,A
0726-15_crop_01.jpg,bg_to_strip_inclusion,59,5,868,975,1,5,1,A
0726-15_crop_01.jpg,bg_to_strip_inclusion,61,12,872,976,2,9,1,A
0726-15_crop_01.jpg,bg_to_strip_inclusion,62,3,867,983,1,3,1,A
0726-15_crop_01.jpg,bg_to_strip_inclusion,63,8,851,1008,1,8,1,A
0726-15_crop_01.jpg,bg_to_D,1,46,742,527,8,7,4,D
0726-16_crop_01.jpg,bg_to_strip_inclusion,1,33,917,375,4,11,1,A
0726-16_crop_01.jpg,bg_to_strip_inclusion,2,66,834,393,5,16,1,A
0726-16_crop_01.jpg,bg_to_strip_inclusion,3,2,328,936,2,2,1,A
0726-16_crop_01.jpg,bg_to_strip_inclusion,4,6,328,946,1,6,1,A
0726-16_crop_01.jpg,bg_to_strip_inclusion,5,6,329,955,5,4,1,A
0726-18_crop_00.jpg,bg_to_strip_inclusion,1,2,394,84,2,1,1,A
0726-18_crop_00.jpg,bg_to_strip_inclusion,2,8,391,89,1,8,1,A
0726-18_crop_00.jpg,bg_to_strip_inclusion,4,2,59,166,1,2,1,A
0726-18_crop_00.jpg,bg_to_strip_inclusion,5,6,63,175,1,6,1,A
0726-18_crop_00.jpg,bg_to_strip_inclusion,8,2,97,308,1,2,1,A
0726-18_crop_00.jpg,bg_to_strip_inclusion,9,70,747,344,8,14,1,A
0726-18_crop_00.jpg,bg_to_strip_inclusion,10,79,697,554,8,18,1,A
0726-18_crop_00.jpg,bg_to_strip_inclusion,11,7,726,814,1,7,1,A
0726-18_crop_00.jpg,bg_to_strip_inclusion,13,22,563,846,4,10,1,A
0726-18_crop_00.jpg,bg_to_strip_inclusion,14,6,559,868,2,5,1,A
0726-18_crop_00.jpg,bg_to_strip_inclusion,15,6,565,874,1,6,1,A
0726-18_crop_00.jpg,bg_to_strip_inclusion,17,10,223,996,4,6,1,A
0726-18_crop_00.jpg,bg_to_strip_inclusion,18,7,223,1007,1,7,1,A
0726-20_crop_00.jpg,bg_to_strip_inclusion,1,9,910,66,2,8,1,A
0726-20_crop_00.jpg,bg_to_strip_inclusion,4,4,358,144,1,4,1,A
0726-20_crop_00.jpg,bg_to_strip_inclusion,5,2,176,158,1,2,1,A
0726-20_crop_00.jpg,bg_to_strip_inclusion,7,6,903,219,1,6,1,A
0726-20_crop_00.jpg,bg_to_strip_inclusion,8,5,904,231,3,2,1,A
0726-20_crop_00.jpg,bg_to_strip_inclusion,9,2,904,265,2,1,1,A
0726-20_crop_00.jpg,bg_to_strip_inclusion,10,2,906,277,1,2,1,A
0726-20_crop_00.jpg,bg_to_strip_inclusion,12,4,902,281,4,2,1,A
0726-20_crop_00.jpg,bg_to_strip_inclusion,14,10,111,332,1,10,1,A
0726-20_crop_00.jpg,bg_to_strip_inclusion,18,2,166,528,1,2,2,B
0726-20_crop_00.jpg,bg_to_strip_inclusion,22,15,175,538,5,13,2,B
0726-20_crop_00.jpg,bg_to_strip_inclusion,28,2,818,719,1,2,1,A
0726-20_crop_00.jpg,bg_to_strip_inclusion,30,4,819,722,1,4,1,A
0726-20_crop_00.jpg,bg_to_strip_inclusion,32,5,820,727,1,5,1,A
0726-20_crop_00.jpg,bg_to_strip_inclusion,33,73,758,746,7,15,1,A
0726-20_crop_00.jpg,bg_to_strip_inclusion,35,5,959,765,2,5,1,A
0726-20_crop_00.jpg,bg_to_strip_inclusion,36,2,961,771,1,2,1,A
0726-20_crop_00.jpg,bg_to_strip_inclusion,37,6,962,776,1,6,1,A
0726-20_crop_00.jpg,bg_to_strip_inclusion,39,2,955,785,1,2,1,A
0726-20_crop_00.jpg,bg_to_strip_inclusion,40,4,714,935,4,2,1,A
0726-20_crop_00.jpg,bg_to_strip_inclusion,41,8,713,938,1,8,1,A
0726-20_crop_00.jpg,bg_to_strip_inclusion,42,3,715,953,2,2,1,A
0726-20_crop_00.jpg,bg_to_strip_inclusion,43,64,584,1003,6,13,1,A
0726-24_crop_00.jpg,bg_to_strip_inclusion,1,13,363,72,5,9,1,A
0726-24_crop_00.jpg,bg_to_strip_inclusion,3,5,461,184,4,3,1,A
0726-24_crop_00.jpg,bg_to_strip_inclusion,4,2,466,189,1,2,1,A
0726-24_crop_00.jpg,bg_to_strip_inclusion,5,3,461,191,1,3,1,A
0726-24_crop_00.jpg,bg_to_strip_inclusion,6,4,467,193,1,4,1,A
0726-24_crop_00.jpg,bg_to_strip_inclusion,7,20,594,194,5,11,1,A
0726-24_crop_00.jpg,bg_to_strip_inclusion,8,2,462,198,1,2,1,A
0726-24_crop_00.jpg,bg_to_strip_inclusion,9,9,603,204,1,9,1,A
0726-24_crop_00.jpg,bg_to_strip_inclusion,10,2,593,206,1,2,1,A
0726-24_crop_00.jpg,bg_to_strip_inclusion,11,14,593,213,4,6,1,A
0726-24_crop_00.jpg,bg_to_strip_inclusion,12,2,602,215,1,2,1,A
0726-24_crop_00.jpg,bg_to_strip_inclusion,13,14,588,237,3,11,1,A
0726-24_crop_00.jpg,bg_to_strip_inclusion,14,6,585,246,3,5,1,A
0726-24_crop_00.jpg,bg_to_strip_inclusion,15,21,578,257,5,9,1,A
0726-24_crop_00.jpg,bg_to_strip_inclusion,16,23,582,267,2,17,1,A
0726-24_crop_00.jpg,bg_to_strip_inclusion,17,4,574,269,1,4,1,A
0726-24_crop_00.jpg,bg_to_strip_inclusion,18,17,575,276,2,13,1,A
0726-24_crop_00.jpg,bg_to_strip_inclusion,19,112,792,920,10,19,1,A
0726-24_crop_00.jpg,bg_to_strip_inclusion,20,5,951,921,1,5,1,A
0726-24_crop_00.jpg,bg_to_strip_inclusion,21,25,957,921,4,17,1,A
0726-24_crop_00.jpg,bg_to_strip_inclusion,22,4,962,947,3,3,1,A
0726-24_crop_00.jpg,bg_to_strip_inclusion,23,5,965,951,1,5,1,A
0726-24_crop_00.jpg,bg_to_strip_inclusion,24,2,960,958,1,2,1,A
0726-24_crop_00.jpg,bg_to_strip_inclusion,25,10,961,961,1,10,1,A
0726-24_crop_00.jpg,bg_to_strip_inclusion,26,3,966,963,1,3,1,A
0726-24_crop_00.jpg,bg_to_strip_inclusion,27,16,964,976,3,10,1,A
0726-24_crop_00.jpg,bg_to_strip_inclusion,29,4,969,1001,1,4,1,A
0726-24_crop_00.jpg,bg_to_strip_inclusion,31,2,968,1013,1,2,1,A
0726-26_crop_02.jpg,bg_to_strip_inclusion,1,26,206,52,5,8,1,A
0726-26_crop_02.jpg,bg_to_strip_inclusion,3,2,207,64,1,2,1,A
0726-26_crop_02.jpg,bg_to_strip_inclusion,5,5,254,69,2,5,1,A
0726-26_crop_02.jpg,bg_to_strip_inclusion,6,3,208,70,1,3,1,A
0726-26_crop_02.jpg,bg_to_strip_inclusion,7,6,209,76,1,6,1,A
0726-26_crop_02.jpg,bg_to_strip_inclusion,8,3,258,77,1,3,1,A
0726-26_crop_02.jpg,bg_to_strip_inclusion,9,3,253,83,2,3,1,A
0726-26_crop_02.jpg,bg_to_strip_inclusion,11,3,211,94,3,2,1,A
0726-26_crop_02.jpg,bg_to_strip_inclusion,12,3,229,190,1,3,1,A
0726-26_crop_02.jpg,bg_to_strip_inclusion,13,9,223,199,1,9,1,A
0726-28_crop_00.jpg,bg_to_strip_inclusion,1,36,93,90,6,13,1,A
0726-28_crop_00.jpg,bg_to_strip_inclusion,2,2,100,104,2,2,1,A
0726-28_crop_00.jpg,bg_to_strip_inclusion,3,77,371,201,9,22,1,A
0726-28_crop_00.jpg,bg_to_strip_inclusion,4,30,365,205,5,20,1,A
0726-28_crop_00.jpg,bg_to_strip_inclusion,5,18,755,301,4,13,1,A
0726-28_crop_00.jpg,bg_to_strip_inclusion,6,2,754,317,2,2,1,A
0726-28_crop_00.jpg,bg_to_strip_inclusion,7,4,754,322,2,3,1,A
0726-28_crop_00.jpg,bg_to_strip_inclusion,8,7,753,327,1,7,1,A
0726-28_crop_00.jpg,bg_to_strip_inclusion,9,13,451,357,5,7,1,A
0726-28_crop_00.jpg,bg_to_strip_inclusion,10,2,450,365,1,2,1,A
0726-28_crop_00.jpg,bg_to_strip_inclusion,11,2,455,365,1,2,1,A
0726-28_crop_00.jpg,bg_to_strip_inclusion,12,2,449,369,1,2,1,A
0726-28_crop_00.jpg,bg_to_strip_inclusion,13,2,449,375,2,2,1,A
0726-28_crop_00.jpg,bg_to_strip_inclusion,14,3,765,472,3,2,1,A
0726-28_crop_00.jpg,bg_to_strip_inclusion,15,7,764,476,1,7,1,A
0726-28_crop_00.jpg,bg_to_strip_inclusion,16,4,765,484,2,4,1,A
0726-28_crop_00.jpg,bg_to_strip_inclusion,17,50,795,615,5,13,1,A
0726-28_crop_00.jpg,bg_to_strip_inclusion,18,5,842,681,5,3,1,A
0726-28_crop_00.jpg,bg_to_strip_inclusion,19,5,841,683,1,5,1,A
0726-28_crop_00.jpg,bg_to_strip_inclusion,20,7,847,686,1,7,1,A
0726-28_crop_00.jpg,bg_to_strip_inclusion,22,18,847,717,4,14,1,A
0726-28_crop_00.jpg,bg_to_strip_inclusion,23,14,852,721,1,14,1,A
0726-28_crop_00.jpg,bg_to_strip_inclusion,24,25,850,737,4,12,1,A
0726-28_crop_00.jpg,bg_to_strip_inclusion,25,2,855,745,1,2,1,A
0726-28_crop_00.jpg,bg_to_strip_inclusion,26,5,856,748,1,5,1,A
0726-28_crop_00.jpg,bg_to_strip_inclusion,27,2,662,888,2,2,1,A
0726-28_crop_00.jpg,bg_to_strip_inclusion,28,2,665,888,2,2,1,A
0726-28_crop_00.jpg,bg_to_strip_inclusion,29,27,36,894,4,9,1,A
0726-28_crop_00.jpg,bg_to_strip_inclusion,31,77,19,935,6,17,1,A
0726-28_crop_00.jpg,bg_to_strip_inclusion,32,3,676,973,2,2,1,A
0726-28_crop_00.jpg,bg_to_strip_inclusion,33,6,679,974,2,6,1,A
0726-28_crop_00.jpg,bg_to_strip_inclusion,35,6,677,984,1,6,1,A
0726-28_crop_00.jpg,bg_to_strip_inclusion,36,18,678,991,5,6,1,A
0726-29_crop_00.jpg,bg_to_strip_inclusion,1,11,117,1,4,4,1,A
0726-29_crop_00.jpg,bg_to_strip_inclusion,2,2,117,10,1,2,1,A
0726-29_crop_00.jpg,bg_to_strip_inclusion,3,9,222,165,1,9,1,A
0726-29_crop_00.jpg,bg_to_strip_inclusion,5,3,650,216,1,3,1,A
0726-29_crop_00.jpg,bg_to_strip_inclusion,6,17,652,226,3,10,1,A
0726-29_crop_00.jpg,bg_to_strip_inclusion,10,2,231,256,1,2,1,A
0726-29_crop_00.jpg,bg_to_strip_inclusion,11,30,236,347,8,10,1,A
0726-29_crop_00.jpg,bg_to_strip_inclusion,12,15,237,355,5,12,1,A
0726-29_crop_00.jpg,bg_to_strip_inclusion,17,17,243,370,5,7,1,A
0726-29_crop_00.jpg,bg_to_strip_inclusion,18,40,240,373,6,33,1,A
0726-29_crop_00.jpg,bg_to_strip_inclusion,20,2,244,407,1,2,1,A
0726-29_crop_00.jpg,bg_to_strip_inclusion,21,15,579,645,3,12,1,A
0726-29_crop_00.jpg,bg_to_strip_inclusion,22,2,584,645,1,2,1,A
0726-29_crop_00.jpg,bg_to_strip_inclusion,23,3,585,648,1,3,1,A
0726-29_crop_00.jpg,bg_to_strip_inclusion,24,10,582,658,2,8,1,A
0726-29_crop_00.jpg,bg_to_strip_inclusion,26,2,565,758,2,2,1,A
0726-29_crop_00.jpg,bg_to_strip_inclusion,27,4,558,777,3,2,1,A
0726-29_crop_00.jpg,bg_to_strip_inclusion,28,3,642,900,3,1,1,A
0726-29_crop_00.jpg,bg_to_strip_inclusion,29,7,641,902,1,7,1,A
0726-29_crop_00.jpg,bg_to_strip_inclusion,30,34,642,907,6,20,1,A
0726-29_crop_00.jpg,bg_to_strip_inclusion,31,38,645,923,6,12,1,A
0726-30_crop_02.jpg,bg_to_strip_inclusion,2,14,649,81,6,9,1,A
0726-30_crop_02.jpg,bg_to_strip_inclusion,3,4,483,889,3,2,1,A
0726-30_crop_02.jpg,bg_to_strip_inclusion,4,2,865,893,1,2,1,A
0726-30_crop_02.jpg,bg_to_strip_inclusion,5,4,866,896,1,4,1,A
0726-30_crop_02.jpg,bg_to_strip_inclusion,9,31,868,906,7,9,1,A
0726-30_crop_02.jpg,bg_to_strip_inclusion,11,2,872,929,1,2,1,A
0726-30_crop_02.jpg,bg_to_strip_inclusion,12,2,873,932,1,2,1,A
0726-30_crop_02.jpg,bg_to_D,1,27,781,1,7,5,4,D
0726-30_crop_02.jpg,bg_to_D,2,5,336,507,3,5,4,D
0726-30_crop_02.jpg,bg_to_D,3,3,340,506,3,1,4,D
0726-32_crop_01.jpg,bg_to_strip_inclusion,1,4,668,73,3,2,1,A
0726-32_crop_01.jpg,bg_to_strip_inclusion,2,3,666,76,1,3,1,A
0726-32_crop_01.jpg,bg_to_strip_inclusion,3,13,671,78,1,13,1,A
0726-32_crop_01.jpg,bg_to_strip_inclusion,4,4,815,82,1,4,1,A
0726-32_crop_01.jpg,bg_to_strip_inclusion,5,6,665,86,1,6,1,A
0726-32_crop_01.jpg,bg_to_strip_inclusion,6,3,812,91,3,2,1,A
0726-32_crop_01.jpg,bg_to_strip_inclusion,7,4,666,94,3,3,1,A
0726-32_crop_01.jpg,bg_to_strip_inclusion,9,3,222,168,1,3,1,A
0726-32_crop_01.jpg,bg_to_strip_inclusion,10,3,227,173,1,3,1,A
0726-32_crop_01.jpg,bg_to_strip_inclusion,11,2,222,177,1,2,1,A
0726-32_crop_01.jpg,bg_to_strip_inclusion,13,10,229,195,3,9,1,A
0726-32_crop_01.jpg,bg_to_strip_inclusion,14,5,231,228,3,2,1,A
0726-32_crop_01.jpg,bg_to_strip_inclusion,15,31,236,234,5,11,1,A
0726-32_crop_01.jpg,bg_to_strip_inclusion,16,7,244,243,1,7,1,A
0726-32_crop_01.jpg,bg_to_strip_inclusion,17,17,235,250,2,15,1,A
0726-32_crop_01.jpg,bg_to_strip_inclusion,18,3,349,251,3,2,1,A
0726-32_crop_01.jpg,bg_to_strip_inclusion,20,2,346,254,1,2,1,A
0726-32_crop_01.jpg,bg_to_strip_inclusion,21,2,352,255,1,2,1,A
0726-32_crop_01.jpg,bg_to_strip_inclusion,23,79,241,259,10,32,1,A
0726-32_crop_01.jpg,bg_to_strip_inclusion,24,6,251,270,1,6,1,A
0726-32_crop_01.jpg,bg_to_strip_inclusion,25,5,251,281,1,5,1,A
0726-32_crop_01.jpg,bg_to_strip_inclusion,26,59,580,502,5,13,1,A
0726-32_crop_01.jpg,bg_to_strip_inclusion,27,4,1012,530,3,2,1,A
0726-32_crop_01.jpg,bg_to_strip_inclusion,28,13,1011,543,5,5,1,A
0726-32_crop_01.jpg,bg_to_strip_inclusion,31,2,37,595,1,2,1,A
0726-32_crop_01.jpg,bg_to_strip_inclusion,32,8,32,596,1,8,1,A
0726-32_crop_01.jpg,bg_to_strip_inclusion,33,2,31,605,1,2,1,A
0726-32_crop_01.jpg,bg_to_strip_inclusion,34,54,78,737,5,14,1,A
0726-32_crop_01.jpg,bg_to_strip_inclusion,36,6,439,798,1,6,1,A
0726-32_crop_01.jpg,bg_to_strip_inclusion,37,3,438,805,2,3,1,A
0726-32_crop_01.jpg,bg_to_strip_inclusion,38,16,456,939,5,12,1,A
0726-32_crop_01.jpg,bg_to_strip_inclusion,39,2,461,943,1,2,1,A
0726-32_crop_01.jpg,bg_to_strip_inclusion,40,11,457,952,5,7,1,A
0726-32_crop_01.jpg,bg_to_strip_inclusion,41,65,843,1001,5,16,1,A
0726-35_crop_00.jpg,bg_to_strip_inclusion,1,13,82,126,8,3,1,A
0726-35_crop_00.jpg,bg_to_strip_inclusion,2,6,149,177,2,5,1,A
0726-35_crop_00.jpg,bg_to_strip_inclusion,3,2,149,184,1,2,1,A
0726-35_crop_00.jpg,bg_to_strip_inclusion,4,5,146,187,3,5,1,A
0726-35_crop_00.jpg,bg_to_strip_inclusion,5,7,143,193,3,6,1,A
0726-35_crop_00.jpg,bg_to_strip_inclusion,6,30,129,196,8,13,1,A
0726-35_crop_00.jpg,bg_to_strip_inclusion,7,8,142,200,1,8,1,A
0726-35_crop_00.jpg,bg_to_strip_inclusion,8,17,125,244,6,4,1,A
0726-35_crop_00.jpg,bg_to_strip_inclusion,12,5,457,296,2,5,1,A
0726-35_crop_00.jpg,bg_to_strip_inclusion,13,2,452,302,1,2,1,A
0726-35_crop_00.jpg,bg_to_strip_inclusion,14,15,457,304,3,12,1,A
0726-35_crop_00.jpg,bg_to_strip_inclusion,15,26,337,310,4,9,1,A
0726-35_crop_00.jpg,bg_to_strip_inclusion,16,3,66,350,1,3,1,A
0726-35_crop_00.jpg,bg_to_strip_inclusion,17,4,400,392,1,4,1,A
0726-35_crop_00.jpg,bg_to_strip_inclusion,19,2,400,406,1,2,1,A
0726-35_crop_00.jpg,bg_to_strip_inclusion,20,3,61,410,1,3,1,A
0726-35_crop_00.jpg,bg_to_strip_inclusion,22,17,56,443,3,14,1,A
0726-35_crop_00.jpg,bg_to_strip_inclusion,23,2,62,443,1,2,1,A
0726-35_crop_00.jpg,bg_to_strip_inclusion,24,3,61,452,1,3,1,A
0726-35_crop_00.jpg,bg_to_strip_inclusion,25,11,897,494,8,3,1,A
0726-35_crop_00.jpg,bg_to_strip_inclusion,26,18,826,731,5,14,1,A
0726-35_crop_00.jpg,bg_to_strip_inclusion,27,13,833,747,1,13,1,A
0726-35_crop_00.jpg,bg_to_strip_inclusion,28,11,827,748,1,11,1,A
0726-35_crop_00.jpg,bg_to_strip_inclusion,30,10,198,857,1,10,1,A
0726-35_crop_00.jpg,bg_to_strip_inclusion,31,8,231,889,3,7,1,A
0726-35_crop_00.jpg,bg_to_strip_inclusion,32,2,235,891,1,2,1,A
0726-35_crop_00.jpg,bg_to_strip_inclusion,33,2,236,895,1,2,1,A
0726-35_crop_00.jpg,bg_to_strip_inclusion,35,3,237,900,1,3,1,A
0726-35_crop_00.jpg,bg_to_strip_inclusion,36,3,233,904,1,3,1,A
0726-35_crop_00.jpg,bg_to_strip_inclusion,37,2,236,908,2,2,1,A
0726-35_crop_00.jpg,bg_to_strip_inclusion,38,8,95,941,4,3,1,A
0726-35_crop_00.jpg,bg_to_strip_inclusion,39,3,90,947,1,3,1,A
0726-35_crop_00.jpg,bg_to_strip_inclusion,40,3,105,954,1,3,1,A
0726-35_crop_00.jpg,bg_to_strip_inclusion,41,30,97,956,5,12,1,A
0726-36_crop_00.jpg,bg_to_strip_inclusion,1,83,273,173,10,13,1,A
0726-36_crop_00.jpg,bg_to_strip_inclusion,2,21,126,229,5,18,1,A
0726-36_crop_00.jpg,bg_to_strip_inclusion,4,4,125,238,1,4,1,A
0726-36_crop_00.jpg,bg_to_strip_inclusion,5,3,122,357,1,3,1,A
0726-36_crop_00.jpg,bg_to_strip_inclusion,6,5,966,451,4,3,1,A
0726-36_crop_00.jpg,bg_to_strip_inclusion,7,26,963,456,4,16,1,A
0726-36_crop_00.jpg,bg_to_strip_inclusion,8,3,960,474,1,3,1,A
0726-36_crop_00.jpg,bg_to_strip_inclusion,9,14,345,616,2,12,1,A
0726-36_crop_00.jpg,bg_to_strip_inclusion,10,10,350,623,2,7,1,A
0726-36_crop_00.jpg,bg_to_strip_inclusion,11,12,359,630,4,7,1,A
0726-36_crop_00.jpg,bg_to_strip_inclusion,12,27,414,725,5,19,1,A
0726-36_crop_00.jpg,bg_to_strip_inclusion,13,8,413,732,1,8,1,A
0726-36_crop_00.jpg,bg_to_strip_inclusion,15,12,424,889,3,11,1,A
0726-36_crop_00.jpg,bg_to_strip_inclusion,16,13,419,891,2,12,1,A
0726-36_crop_00.jpg,bg_to_strip_inclusion,17,6,419,906,5,3,1,A
0726-36_crop_00.jpg,bg_to_strip_inclusion,18,14,608,986,6,7,1,A
0726-36_crop_00.jpg,bg_to_strip_inclusion,19,2,613,993,1,2,1,A
0726-36_crop_00.jpg,bg_to_strip_inclusion,20,3,462,997,1,3,1,A
0726-36_crop_00.jpg,bg_to_strip_inclusion,23,9,461,1001,1,9,1,A
0726-36_crop_00.jpg,bg_to_strip_inclusion,24,40,608,1004,7,20,1,A
0726-36_crop_00.jpg,bg_to_strip_inclusion,25,5,461,1021,4,2,1,A
0726-6_crop_01.jpg,bg_to_strip_inclusion,1,18,390,415,5,11,1,A
0726-6_crop_01.jpg,bg_to_strip_inclusion,2,3,389,425,1,3,1,A
0726-6_crop_01.jpg,bg_to_strip_inclusion,3,4,388,431,1,4,1,A
0726-6_crop_01.jpg,bg_to_strip_inclusion,4,18,386,436,2,17,1,A
0726-6_crop_01.jpg,bg_to_strip_inclusion,5,8,391,441,2,7,1,A
0726-6_crop_01.jpg,bg_to_strip_inclusion,6,4,374,502,2,4,1,A
0726-6_crop_01.jpg,bg_to_strip_inclusion,7,24,379,507,4,21,1,A
0726-6_crop_01.jpg,bg_to_strip_inclusion,8,16,374,515,3,16,1,A
0726-6_crop_01.jpg,bg_to_strip_inclusion,9,2,383,531,1,2,1,A
0726-6_crop_01.jpg,bg_to_strip_inclusion,10,3,377,534,1,3,1,A
0726-6_crop_01.jpg,bg_to_strip_inclusion,11,32,378,541,2,25,1,A
0726-6_crop_01.jpg,bg_to_strip_inclusion,12,12,383,556,1,12,1,A
0726-6_crop_01.jpg,bg_to_strip_inclusion,13,2,379,569,1,2,1,A
0726-6_crop_01.jpg,bg_to_strip_inclusion,14,5,307,774,3,2,1,A
0726-6_crop_01.jpg,bg_to_strip_inclusion,15,59,332,786,8,18,1,A
0726-6_crop_01.jpg,bg_to_strip_inclusion,16,10,306,797,1,10,1,A
0726-6_crop_01.jpg,bg_to_strip_inclusion,18,6,308,813,2,6,1,A
0726-6_crop_01.jpg,bg_to_strip_inclusion,20,7,316,814,2,7,1,A
0726-6_crop_01.jpg,bg_to_strip_inclusion,21,3,288,827,1,3,1,A
0726-6_crop_01.jpg,bg_to_strip_inclusion,22,3,291,837,3,2,1,A
0726-6_crop_01.jpg,bg_to_strip_inclusion,23,8,310,844,1,8,1,A
0726-6_crop_01.jpg,bg_to_strip_inclusion,24,2,317,847,1,2,1,A
0726-6_crop_01.jpg,bg_to_strip_inclusion,26,2,308,885,1,2,1,A
0726-6_crop_01.jpg,bg_to_strip_inclusion,27,2,316,889,1,2,1,A
0726-6_crop_01.jpg,bg_to_strip_inclusion,28,28,309,899,9,9,1,A
0726-6_crop_01.jpg,bg_to_strip_inclusion,29,2,296,900,1,2,1,A
0726-6_crop_01.jpg,bg_to_strip_inclusion,30,3,291,905,1,3,1,A
0726-6_crop_01.jpg,bg_to_strip_inclusion,31,10,292,910,2,10,1,A
0726-6_crop_01.jpg,bg_to_strip_inclusion,32,4,294,921,1,4,1,A
0726-6_crop_01.jpg,bg_to_strip_inclusion,33,3,301,929,1,3,1,A
0726-6_crop_01.jpg,bg_to_strip_inclusion,34,8,312,952,5,4,1,A
0726-6_crop_01.jpg,bg_to_D,1,40,591,621,11,11,4,D
0726-6_crop_01.jpg,bg_to_D,2,49,573,821,8,8,4,D
0726-7_crop_01.jpg,bg_to_strip_inclusion,1,44,925,21,6,14,1,A
0726-7_crop_01.jpg,bg_to_strip_inclusion,4,2,883,107,2,2,1,A
0726-7_crop_01.jpg,bg_to_strip_inclusion,6,4,890,115,1,4,1,A
0726-7_crop_01.jpg,bg_to_strip_inclusion,7,2,407,690,2,1,3,C
0726-7_crop_01.jpg,bg_to_D,1,90,467,770,11,11,4,D
0726-7_crop_01.jpg,bg_to_D,2,2,361,969,2,1,4,D
0726-7_crop_01.jpg,bg_to_D,4,2,358,972,1,2,4,D
0726-7_crop_01.jpg,bg_to_D,6,7,358,975,5,5,4,D
0726-7_crop_01.jpg,bg_to_D,8,2,364,979,2,1,4,D
0822-11_crop_02.jpg,bg_to_strip_inclusion,1,4,320,129,1,4,1,A
0822-11_crop_02.jpg,bg_to_strip_inclusion,2,5,322,151,1,5,1,A
0822-11_crop_02.jpg,bg_to_strip_inclusion,4,97,323,174,9,21,1,A
0822-11_crop_02.jpg,bg_to_strip_inclusion,5,110,341,487,6,24,1,A
0822-11_crop_02.jpg,bg_to_strip_inclusion,6,5,341,612,2,3,2,B
0822-13_crop_00.jpg,bg_to_strip_inclusion,2,4,913,18,1,4,1,A
0822-13_crop_00.jpg,bg_to_strip_inclusion,3,19,908,26,1,19,1,A
0822-13_crop_00.jpg,bg_to_strip_inclusion,4,2,914,57,1,2,1,A
0822-13_crop_00.jpg,bg_to_strip_inclusion,5,2,915,62,1,2,1,A
0822-13_crop_00.jpg,bg_to_strip_inclusion,6,17,911,64,2,16,1,A
0822-13_crop_00.jpg,bg_to_strip_inclusion,8,2,912,87,1,2,1,A
0822-13_crop_00.jpg,bg_to_strip_inclusion,10,6,913,90,1,6,1,A
0822-13_crop_00.jpg,bg_to_strip_inclusion,11,2,917,115,1,2,1,A
0822-13_crop_00.jpg,bg_to_strip_inclusion,12,3,913,116,1,3,1,A
0822-13_crop_00.jpg,bg_to_strip_inclusion,15,16,673,192,1,16,1,A
0822-13_crop_00.jpg,bg_to_strip_inclusion,17,2,674,217,1,2,1,A
0822-13_crop_00.jpg,bg_to_strip_inclusion,19,5,675,226,1,5,1,A
0822-13_crop_00.jpg,bg_to_strip_inclusion,20,4,676,237,1,4,1,A
0822-13_crop_00.jpg,bg_to_strip_inclusion,21,33,677,243,5,9,1,A
0822-13_crop_00.jpg,bg_to_strip_inclusion,22,12,950,386,2,6,2,B
0822-13_crop_00.jpg,bg_to_strip_inclusion,23,80,894,415,5,23,2,B
0822-13_crop_00.jpg,bg_to_strip_inclusion,24,17,493,445,4,8,1,A
0822-13_crop_00.jpg,bg_to_strip_inclusion,25,19,495,459,5,10,1,A
0822-13_crop_00.jpg,bg_to_strip_inclusion,26,3,493,475,1,3,1,A
0822-13_crop_00.jpg,bg_to_strip_inclusion,27,4,953,482,3,2,1,A
0822-13_crop_00.jpg,bg_to_strip_inclusion,28,2,492,484,1,2,1,A
0822-13_crop_00.jpg,bg_to_strip_inclusion,29,4,497,484,1,4,1,A
0822-13_crop_00.jpg,bg_to_strip_inclusion,30,3,493,489,1,3,1,A
0822-13_crop_00.jpg,bg_to_strip_inclusion,33,3,494,493,1,3,1,A
0822-13_crop_00.jpg,bg_to_strip_inclusion,34,2,495,497,1,2,1,A
0822-13_crop_00.jpg,bg_to_strip_inclusion,35,3,500,497,2,3,1,A
0822-13_crop_00.jpg,bg_to_strip_inclusion,38,36,105,569,4,10,3,C
0822-13_crop_00.jpg,bg_to_strip_inclusion,39,255,138,683,13,53,2,B
0822-13_crop_00.jpg,bg_to_strip_inclusion,40,4,512,727,4,1,1,A
0822-13_crop_00.jpg,bg_to_strip_inclusion,41,6,515,737,1,6,1,A
0822-13_crop_00.jpg,bg_to_strip_inclusion,42,5,514,755,1,5,1,A
0822-13_crop_00.jpg,bg_to_strip_inclusion,43,3,509,780,1,3,1,A
0822-13_crop_00.jpg,bg_to_strip_inclusion,44,2,519,870,1,2,1,A
0822-13_crop_00.jpg,bg_to_strip_inclusion,45,3,518,873,1,3,1,A
0822-13_crop_00.jpg,bg_to_strip_inclusion,46,4,517,881,1,4,1,A
0822-13_crop_00.jpg,bg_to_strip_inclusion,47,9,516,890,1,9,1,A
0822-13_crop_00.jpg,bg_to_strip_inclusion,48,100,740,896,7,23,1,A
0822-13_crop_00.jpg,bg_to_strip_inclusion,49,2,517,909,1,2,1,A
0822-13_crop_00.jpg,bg_to_strip_inclusion,50,3,523,922,1,3,1,A
0822-14_crop_00.jpg,bg_to_strip_inclusion,1,3,997,367,1,3,1,A
0822-14_crop_00.jpg,bg_to_strip_inclusion,2,3,996,372,1,3,1,A
0822-14_crop_00.jpg,bg_to_strip_inclusion,3,2,1000,376,1,2,1,A
0822-14_crop_00.jpg,bg_to_strip_inclusion,5,2,212,409,1,2,1,A
0822-14_crop_00.jpg,bg_to_strip_inclusion,6,33,213,440,3,24,1,A
0822-14_crop_00.jpg,bg_to_strip_inclusion,7,2,218,440,1,2,1,A
0822-14_crop_00.jpg,bg_to_strip_inclusion,8,3,220,454,1,3,1,A
0822-14_crop_00.jpg,bg_to_strip_inclusion,9,14,978,461,2,10,1,A
0822-14_crop_00.jpg,bg_to_strip_inclusion,10,3,982,460,1,3,1,A
0822-14_crop_00.jpg,bg_to_strip_inclusion,11,3,983,468,1,3,1,A
0822-14_crop_00.jpg,bg_to_strip_inclusion,12,7,982,476,1,7,1,A
0822-14_crop_00.jpg,bg_to_strip_inclusion,13,66,217,491,6,14,1,A
0822-14_crop_00.jpg,bg_to_strip_inclusion,15,3,253,509,1,3,1,A
0822-14_crop_00.jpg,bg_to_strip_inclusion,18,2,1001,527,1,2,1,A
0822-14_crop_00.jpg,bg_to_strip_inclusion,19,46,1006,527,4,30,1,A
0822-14_crop_00.jpg,bg_to_strip_inclusion,20,2,1002,531,1,2,1,A
0822-14_crop_00.jpg,bg_to_strip_inclusion,21,2,1003,536,1,2,1,A
0822-14_crop_00.jpg,bg_to_strip_inclusion,22,4,219,539,3,2,1,A
0822-14_crop_00.jpg,bg_to_strip_inclusion,23,6,218,544,1,6,1,A
0822-14_crop_00.jpg,bg_to_strip_inclusion,26,12,220,561,5,8,1,A
0822-14_crop_00.jpg,bg_to_strip_inclusion,29,29,4,719,6,11,1,A
0822-14_crop_00.jpg,bg_to_strip_inclusion,30,3,162,767,3,2,1,A
0822-14_crop_00.jpg,bg_to_strip_inclusion,31,39,3,769,3,18,1,A
0822-14_crop_00.jpg,bg_to_strip_inclusion,33,9,217,800,3,6,1,A
0822-14_crop_00.jpg,bg_to_strip_inclusion,34,2,165,802,1,2,1,A
0822-14_crop_00.jpg,bg_to_strip_inclusion,35,30,166,810,5,10,1,A
0822-14_crop_00.jpg,bg_to_strip_inclusion,37,27,216,820,4,13,1,A
0822-14_crop_00.jpg,bg_to_strip_inclusion,38,4,5,834,1,4,1,A
0822-14_crop_00.jpg,bg_to_strip_inclusion,39,5,216,841,1,5,1,A
0822-14_crop_00.jpg,bg_to_strip_inclusion,41,2,214,918,1,2,1,A
0822-14_crop_00.jpg,bg_to_strip_inclusion,42,5,219,932,1,5,1,A
0822-14_crop_00.jpg,bg_to_strip_inclusion,43,3,220,938,1,3,1,A
0822-14_crop_00.jpg,bg_to_strip_inclusion,44,3,216,942,1,3,1,A
0822-14_crop_00.jpg,bg_to_strip_inclusion,46,7,217,946,1,7,1,A
0822-14_crop_00.jpg,bg_to_strip_inclusion,47,42,86,949,4,13,1,A
0822-14_crop_00.jpg,bg_to_strip_inclusion,49,75,167,960,6,16,1,A
0822-14_crop_00.jpg,bg_to_strip_inclusion,50,3,218,964,2,3,1,A
0822-14_crop_01.jpg,bg_to_strip_inclusion,1,9,343,442,4,3,2,B
0822-14_crop_01.jpg,bg_to_strip_inclusion,2,3,342,467,2,2,2,B
0822-14_crop_01.jpg,bg_to_strip_inclusion,5,9,828,495,4,7,1,A
0822-14_crop_01.jpg,bg_to_strip_inclusion,9,2,377,857,1,2,1,A
0822-14_crop_01.jpg,bg_to_strip_inclusion,10,13,373,876,1,13,1,A
0822-15_crop_00.jpg,bg_to_strip_inclusion,1,16,879,65,4,8,1,A
0822-15_crop_00.jpg,bg_to_strip_inclusion,2,3,880,74,1,3,1,A
0822-15_crop_00.jpg,bg_to_strip_inclusion,4,3,889,95,1,3,1,A
0822-15_crop_00.jpg,bg_to_strip_inclusion,5,4,883,103,1,4,1,A
0822-15_crop_00.jpg,bg_to_strip_inclusion,6,15,882,111,1,15,1,A
0822-15_crop_00.jpg,bg_to_strip_inclusion,7,27,887,110,2,21,1,A
0822-15_crop_00.jpg,bg_to_strip_inclusion,8,43,142,134,5,12,1,A
0822-15_crop_00.jpg,bg_to_strip_inclusion,11,22,541,230,3,11,1,A
0822-15_crop_00.jpg,bg_to_strip_inclusion,12,2,884,282,2,2,1,A
0822-15_crop_00.jpg,bg_to_strip_inclusion,13,15,884,294,7,6,1,A
0822-15_crop_00.jpg,bg_to_strip_inclusion,14,2,896,348,1,2,1,A
0822-15_crop_00.jpg,bg_to_strip_inclusion,15,38,871,353,3,19,1,A
0822-15_crop_00.jpg,bg_to_strip_inclusion,16,3,873,376,1,3,1,A
0822-15_crop_00.jpg,bg_to_strip_inclusion,17,11,1017,376,2,6,1,A
0822-15_crop_00.jpg,bg_to_strip_inclusion,19,3,895,389,1,3,1,A
0822-15_crop_00.jpg,bg_to_strip_inclusion,20,8,899,392,2,7,1,A
0822-15_crop_00.jpg,bg_to_strip_inclusion,21,5,896,394,2,5,1,A
0822-15_crop_00.jpg,bg_to_strip_inclusion,22,72,554,400,5,18,1,A
0822-15_crop_00.jpg,bg_to_strip_inclusion,23,2,455,417,1,2,1,A
0822-15_crop_00.jpg,bg_to_strip_inclusion,25,3,897,420,2,3,1,A
0822-15_crop_00.jpg,bg_to_strip_inclusion,26,3,905,431,1,3,1,A
0822-15_crop_00.jpg,bg_to_strip_inclusion,28,3,905,439,1,3,1,A
0822-15_crop_00.jpg,bg_to_strip_inclusion,31,3,837,456,1,3,1,A
0822-15_crop_00.jpg,bg_to_strip_inclusion,32,127,899,516,10,20,1,A
0822-15_crop_00.jpg,bg_to_strip_inclusion,34,3,37,577,1,3,1,A
0822-15_crop_00.jpg,bg_to_strip_inclusion,35,30,38,613,2,20,1,A
0822-15_crop_00.jpg,bg_to_strip_inclusion,36,11,34,638,4,7,1,A
0822-15_crop_00.jpg,bg_to_strip_inclusion,37,3,46,699,2,3,1,A
0822-15_crop_00.jpg,bg_to_strip_inclusion,40,5,46,708,1,5,1,A
0822-15_crop_00.jpg,bg_to_strip_inclusion,41,13,52,717,1,13,1,A
0822-15_crop_00.jpg,bg_to_strip_inclusion,42,52,47,724,6,29,1,A
0822-15_crop_00.jpg,bg_to_strip_inclusion,43,2,46,805,1,2,1,A
0822-15_crop_00.jpg,bg_to_strip_inclusion,44,2,510,901,2,2,1,A
0822-15_crop_00.jpg,bg_to_strip_inclusion,45,15,509,906,2,13,1,A
0822-15_crop_00.jpg,bg_to_strip_inclusion,46,2,411,994,1,2,1,A
0822-15_crop_00.jpg,bg_to_strip_inclusion,47,4,412,998,1,4,1,A
0822-15_crop_00.jpg,bg_to_strip_inclusion,48,2,417,1002,1,2,1,A
0822-15_crop_00.jpg,bg_to_strip_inclusion,49,18,413,1006,5,6,1,A
0822-16_crop_00.jpg,bg_to_strip_inclusion,1,35,155,0,5,9,1,A
0822-16_crop_00.jpg,bg_to_strip_inclusion,3,8,157,26,2,8,1,A
0822-16_crop_00.jpg,bg_to_strip_inclusion,5,9,237,219,2,6,1,A
0822-16_crop_00.jpg,bg_to_strip_inclusion,6,4,233,230,1,4,1,A
0822-16_crop_00.jpg,bg_to_strip_inclusion,7,5,238,234,1,5,1,A
0822-16_crop_00.jpg,bg_to_strip_inclusion,8,3,237,242,1,3,1,A
0822-16_crop_00.jpg,bg_to_strip_inclusion,9,2,231,248,1,2,1,A
0822-16_crop_00.jpg,bg_to_strip_inclusion,10,33,230,257,5,15,1,A
0822-16_crop_00.jpg,bg_to_strip_inclusion,11,4,233,330,3,2,1,A
0822-16_crop_00.jpg,bg_to_strip_inclusion,12,18,237,340,2,11,1,A
0822-16_crop_00.jpg,bg_to_strip_inclusion,13,7,234,353,5,3,1,A
0822-16_crop_00.jpg,bg_to_strip_inclusion,14,22,236,381,3,18,1,A
0822-16_crop_00.jpg,bg_to_strip_inclusion,15,17,239,421,2,16,1,A
0822-16_crop_00.jpg,bg_to_strip_inclusion,16,7,240,442,3,4,1,A
0822-16_crop_00.jpg,bg_to_strip_inclusion,17,2,214,463,2,1,1,A
0822-16_crop_00.jpg,bg_to_strip_inclusion,18,8,625,471,3,4,2,B
0822-16_crop_00.jpg,bg_to_strip_inclusion,20,7,213,482,3,3,1,A
0822-16_crop_00.jpg,bg_to_strip_inclusion,21,14,237,485,2,12,1,A
0822-16_crop_00.jpg,bg_to_strip_inclusion,22,29,112,679,4,10,1,A
0822-16_crop_00.jpg,bg_to_strip_inclusion,23,70,147,840,5,16,1,A
0822-16_crop_01.jpg,bg_to_strip_inclusion,1,163,320,7,36,6,3,C
0822-16_crop_01.jpg,bg_to_strip_inclusion,2,49,797,106,5,15,1,A
0822-16_crop_01.jpg,bg_to_strip_inclusion,3,3,802,122,1,3,1,A
0822-16_crop_01.jpg,bg_to_strip_inclusion,5,3,803,126,1,3,1,A
0822-16_crop_01.jpg,bg_to_strip_inclusion,6,5,803,134,1,5,1,A
0822-16_crop_01.jpg,bg_to_strip_inclusion,7,2,808,141,1,2,1,A
0822-16_crop_01.jpg,bg_to_strip_inclusion,8,22,342,262,6,8,1,A
0822-16_crop_01.jpg,bg_to_strip_inclusion,9,159,251,706,5,36,1,A
0822-17_crop_00.jpg,bg_to_strip_inclusion,1,3,840,2,3,3,1,A
0822-17_crop_00.jpg,bg_to_strip_inclusion,2,25,835,7,3,13,1,A
0822-17_crop_00.jpg,bg_to_strip_inclusion,3,19,841,6,3,17,1,A
0822-17_crop_00.jpg,bg_to_strip_inclusion,4,69,835,25,4,56,1,A
0822-17_crop_00.jpg,bg_to_strip_inclusion,5,18,840,27,2,16,1,A
0822-17_crop_00.jpg,bg_to_strip_inclusion,6,7,842,44,1,7,1,A
0822-17_crop_00.jpg,bg_to_strip_inclusion,8,48,770,58,5,21,1,A
0822-17_crop_00.jpg,bg_to_strip_inclusion,9,13,840,89,4,6,1,A
0822-17_crop_00.jpg,bg_to_strip_inclusion,10,39,773,96,6,26,1,A
0822-17_crop_00.jpg,bg_to_strip_inclusion,11,2,777,123,1,2,1,A
0822-17_crop_00.jpg,bg_to_strip_inclusion,12,8,843,146,1,8,1,A
0822-17_crop_00.jpg,bg_to_strip_inclusion,14,10,63,172,1,10,1,A
0822-17_crop_00.jpg,bg_to_strip_inclusion,15,5,846,172,4,2,1,A
0822-17_crop_00.jpg,bg_to_strip_inclusion,17,2,62,198,1,2,1,A
0822-17_crop_00.jpg,bg_to_strip_inclusion,18,33,851,282,5,13,1,A
0822-17_crop_00.jpg,bg_to_strip_inclusion,20,16,855,300,2,13,1,A
0822-17_crop_00.jpg,bg_to_strip_inclusion,21,21,848,312,2,17,1,A
0822-17_crop_00.jpg,bg_to_strip_inclusion,22,13,855,326,1,13,1,A
0822-17_crop_00.jpg,bg_to_strip_inclusion,23,41,849,333,6,29,1,A
0822-17_crop_00.jpg,bg_to_strip_inclusion,24,5,856,343,1,5,1,A
0822-17_crop_00.jpg,bg_to_strip_inclusion,25,3,641,396,3,2,1,A
0822-17_crop_00.jpg,bg_to_strip_inclusion,28,10,631,453,1,10,1,A
0822-17_crop_00.jpg,bg_to_strip_inclusion,29,60,801,463,4,18,1,A
0822-17_crop_00.jpg,bg_to_strip_inclusion,30,3,626,470,1,3,1,A
0822-17_crop_00.jpg,bg_to_strip_inclusion,31,4,625,474,1,4,1,A
0822-17_crop_00.jpg,bg_to_strip_inclusion,32,2,624,479,1,2,1,A
0822-17_crop_00.jpg,bg_to_strip_inclusion,33,10,627,481,4,7,1,A
0822-17_crop_00.jpg,bg_to_strip_inclusion,34,32,653,486,4,17,1,A
0822-17_crop_00.jpg,bg_to_strip_inclusion,35,2,656,537,1,2,1,A
0822-17_crop_00.jpg,bg_to_strip_inclusion,36,66,635,570,7,14,1,A
0822-17_crop_00.jpg,bg_to_strip_inclusion,38,8,1013,627,3,4,1,A
0822-17_crop_00.jpg,bg_to_strip_inclusion,40,3,1012,673,3,1,1,A
0822-17_crop_00.jpg,bg_to_strip_inclusion,43,14,128,855,3,6,1,A
0822-17_crop_00.jpg,bg_to_strip_inclusion,44,2,131,866,1,2,1,A
0822-17_crop_00.jpg,bg_to_strip_inclusion,45,4,127,876,1,4,1,A
0822-17_crop_00.jpg,bg_to_strip_inclusion,46,6,128,884,1,6,1,A
0822-17_crop_00.jpg,bg_to_strip_inclusion,47,7,129,892,1,7,1,A
0822-17_crop_00.jpg,bg_to_strip_inclusion,48,44,670,892,5,11,1,A
0822-17_crop_00.jpg,bg_to_strip_inclusion,49,10,130,900,4,6,1,A
0822-17_crop_00.jpg,bg_to_strip_inclusion,50,7,206,922,2,6,1,A
0822-17_crop_00.jpg,bg_to_strip_inclusion,51,3,207,941,1,3,1,A
0822-17_crop_00.jpg,bg_to_strip_inclusion,52,2,205,946,2,1,1,A
0822-17_crop_00.jpg,bg_to_strip_inclusion,53,95,136,964,8,15,1,A
0822-17_crop_02.jpg,bg_to_strip_inclusion,1,76,117,90,16,7,1,A
0822-17_crop_02.jpg,bg_to_strip_inclusion,2,10,107,97,6,2,1,A
0822-17_crop_02.jpg,bg_to_strip_inclusion,3,16,322,303,3,9,1,A
0822-17_crop_02.jpg,bg_to_strip_inclusion,4,94,819,523,6,19,1,A
0822-17_crop_02.jpg,bg_to_strip_inclusion,5,7,89,894,3,7,1,A
0822-1_crop_00.jpg,bg_to_strip_inclusion,1,78,550,72,6,18,1,A
0822-1_crop_00.jpg,bg_to_strip_inclusion,2,3,517,200,3,2,1,A
0822-1_crop_00.jpg,bg_to_strip_inclusion,3,11,516,203,1,11,1,A
0822-1_crop_00.jpg,bg_to_strip_inclusion,4,32,520,212,1,32,1,A
0822-1_crop_00.jpg,bg_to_strip_inclusion,5,26,523,390,5,6,2,B
0822-1_crop_00.jpg,bg_to_strip_inclusion,7,8,1012,666,1,8,1,A
0822-1_crop_00.jpg,bg_to_strip_inclusion,8,7,1009,687,1,7,1,A
0822-1_crop_00.jpg,bg_to_strip_inclusion,9,155,533,736,9,36,2,B
0822-21_crop_01.jpg,bg_to_strip_inclusion,1,3,852,743,3,2,1,A
0822-21_crop_01.jpg,bg_to_strip_inclusion,2,7,851,747,1,7,1,A
0822-21_crop_01.jpg,bg_to_strip_inclusion,3,5,856,750,1,5,1,A
0822-21_crop_01.jpg,bg_to_strip_inclusion,4,3,852,757,1,3,1,A
0822-21_crop_01.jpg,bg_to_strip_inclusion,5,3,857,756,1,3,1,A
0822-21_crop_01.jpg,bg_to_strip_inclusion,6,2,858,761,1,2,1,A
0822-21_crop_01.jpg,bg_to_strip_inclusion,7,20,859,764,3,12,1,A
0822-21_crop_01.jpg,bg_to_strip_inclusion,8,45,830,838,6,11,1,A
0822-21_crop_01.jpg,bg_to_strip_inclusion,10,15,814,860,2,12,1,A
0822-21_crop_01.jpg,bg_to_strip_inclusion,11,3,821,870,1,3,1,A
0822-21_crop_01.jpg,bg_to_strip_inclusion,13,19,817,877,6,6,1,A
0822-21_crop_01.jpg,bg_to_strip_inclusion,14,2,816,926,1,2,1,A
0822-21_crop_01.jpg,bg_to_strip_inclusion,15,3,815,929,1,3,1,A
0822-24_crop_00.jpg,bg_to_strip_inclusion,1,42,758,54,4,13,1,A
0822-24_crop_00.jpg,bg_to_strip_inclusion,2,4,768,248,3,2,1,A
0822-24_crop_00.jpg,bg_to_strip_inclusion,3,2,770,257,1,2,1,A
0822-24_crop_00.jpg,bg_to_strip_inclusion,4,25,765,261,5,8,1,A
0822-24_crop_00.jpg,bg_to_strip_inclusion,5,8,765,276,1,8,1,A
0822-24_crop_00.jpg,bg_to_strip_inclusion,7,189,963,403,10,39,1,A
0822-24_crop_00.jpg,bg_to_strip_inclusion,8,2,575,771,1,2,1,A
0822-24_crop_00.jpg,bg_to_strip_inclusion,9,4,575,780,1,4,1,A
0822-24_crop_00.jpg,bg_to_strip_inclusion,10,2,576,787,1,2,1,A
0822-24_crop_00.jpg,bg_to_strip_inclusion,11,4,304,790,1,4,1,A
0822-24_crop_00.jpg,bg_to_strip_inclusion,13,3,582,793,1,3,1,A
0822-24_crop_00.jpg,bg_to_strip_inclusion,14,15,578,797,3,12,1,A
0822-24_crop_00.jpg,bg_to_strip_inclusion,16,7,303,798,1,7,1,A
0822-24_crop_00.jpg,bg_to_strip_inclusion,18,2,583,811,2,2,1,A
0822-24_crop_00.jpg,bg_to_strip_inclusion,19,2,303,815,2,2,1,A
0822-24_crop_00.jpg,bg_to_strip_inclusion,21,35,969,854,4,12,1,A
0822-24_crop_00.jpg,bg_to_strip_inclusion,22,3,590,867,2,2,1,A
0822-24_crop_00.jpg,bg_to_strip_inclusion,23,4,309,875,1,4,1,A
0822-24_crop_00.jpg,bg_to_strip_inclusion,24,31,579,943,5,18,1,A
0822-26_crop_01.jpg,bg_to_strip_inclusion,1,60,725,11,4,30,1,A
0822-26_crop_01.jpg,bg_to_strip_inclusion,2,5,730,50,1,5,1,A
0822-26_crop_01.jpg,bg_to_strip_inclusion,4,2,731,57,1,2,1,A
0822-26_crop_01.jpg,bg_to_strip_inclusion,6,10,728,62,4,5,1,A
0822-26_crop_01.jpg,bg_to_strip_inclusion,7,3,528,124,3,1,1,A
0822-26_crop_01.jpg,bg_to_strip_inclusion,8,10,527,127,1,10,1,A
0822-26_crop_01.jpg,bg_to_strip_inclusion,9,2,529,151,2,1,1,A
0822-26_crop_01.jpg,bg_to_strip_inclusion,10,8,532,158,2,8,1,A
0822-26_crop_01.jpg,bg_to_strip_inclusion,11,10,529,168,2,9,1,A
0822-26_crop_01.jpg,bg_to_strip_inclusion,12,2,534,168,1,2,1,A
0822-26_crop_01.jpg,bg_to_strip_inclusion,13,11,531,182,1,11,1,A
0822-26_crop_01.jpg,bg_to_strip_inclusion,15,4,532,194,2,3,1,A
0822-26_crop_01.jpg,bg_to_strip_inclusion,16,3,766,268,1,3,1,A
0822-26_crop_01.jpg,bg_to_strip_inclusion,17,7,767,272,2,6,1,A
0822-26_crop_01.jpg,bg_to_strip_inclusion,18,73,617,279,3,27,1,A
0822-26_crop_01.jpg,bg_to_strip_inclusion,19,6,370,327,1,6,1,A
0822-26_crop_01.jpg,bg_to_strip_inclusion,20,84,737,338,7,19,1,A
0822-26_crop_01.jpg,bg_to_strip_inclusion,21,8,381,470,1,8,1,A
0822-26_crop_01.jpg,bg_to_strip_inclusion,22,6,384,499,1,6,1,A
0822-26_crop_01.jpg,bg_to_strip_inclusion,23,2,388,508,1,2,1,A
0822-26_crop_01.jpg,bg_to_strip_inclusion,25,83,975,526,4,23,1,A
0822-26_crop_01.jpg,bg_to_strip_inclusion,27,24,385,536,1,24,1,A
0822-26_crop_01.jpg,bg_to_strip_inclusion,28,5,386,562,1,5,1,A
0822-26_crop_01.jpg,bg_to_strip_inclusion,29,2,391,566,1,2,1,A
0822-26_crop_01.jpg,bg_to_strip_inclusion,30,8,387,569,4,5,1,A
0822-26_crop_01.jpg,bg_to_strip_inclusion,31,5,389,604,1,5,1,A
0822-26_crop_01.jpg,bg_to_strip_inclusion,32,7,389,613,1,7,1,A
0822-26_crop_01.jpg,bg_to_strip_inclusion,33,2,394,617,1,2,1,A
0822-26_crop_01.jpg,bg_to_strip_inclusion,34,17,602,622,2,9,1,A
0822-26_crop_01.jpg,bg_to_strip_inclusion,35,3,390,625,1,3,1,A
0822-26_crop_01.jpg,bg_to_strip_inclusion,36,2,395,625,1,2,1,A
0822-26_crop_01.jpg,bg_to_strip_inclusion,37,8,391,629,1,8,1,A
0822-26_crop_01.jpg,bg_to_strip_inclusion,38,12,396,642,1,12,1,A
0822-26_crop_01.jpg,bg_to_strip_inclusion,39,3,392,658,3,2,1,A
0822-26_crop_01.jpg,bg_to_strip_inclusion,40,43,396,700,5,12,1,A
0822-26_crop_02.jpg,bg_to_strip_inclusion,1,14,229,166,3,8,1,A
0822-26_crop_02.jpg,bg_to_strip_inclusion,2,33,424,769,3,13,1,A
0822-28_crop_02.jpg,bg_to_strip_inclusion,1,41,389,914,4,12,1,A
0822-2_crop_01.jpg,bg_to_strip_inclusion,1,10,126,667,3,8,2,B
0822-2_crop_01.jpg,bg_to_D,1,2,581,667,2,1,4,D
0822-2_crop_01.jpg,bg_to_D,2,4,578,668,2,4,4,D
0822-30_crop_01.jpg,bg_to_strip_inclusion,1,64,950,65,4,19,1,A
0822-30_crop_01.jpg,bg_to_strip_inclusion,2,16,43,518,1,16,1,A
0822-30_crop_01.jpg,bg_to_strip_inclusion,3,14,47,537,1,14,1,A
0822-30_crop_01.jpg,bg_to_strip_inclusion,5,5,46,620,3,3,1,A
0822-30_crop_01.jpg,bg_to_strip_inclusion,6,60,659,654,3,23,1,A
0822-30_crop_01.jpg,bg_to_strip_inclusion,10,3,385,700,1,3,1,A
0822-30_crop_01.jpg,bg_to_strip_inclusion,11,7,386,705,1,7,1,A
0822-30_crop_01.jpg,bg_to_strip_inclusion,12,10,381,708,1,10,1,A
0822-30_crop_01.jpg,bg_to_strip_inclusion,13,4,381,726,1,4,1,A
0822-30_crop_01.jpg,bg_to_strip_inclusion,14,2,385,733,1,2,1,A
0822-30_crop_01.jpg,bg_to_strip_inclusion,15,14,380,734,2,14,1,A
0822-30_crop_01.jpg,bg_to_strip_inclusion,16,6,384,738,1,6,1,A
0822-30_crop_01.jpg,bg_to_strip_inclusion,17,71,50,921,5,16,1,A
0822-31_crop_01.jpg,bg_to_strip_inclusion,2,4,321,881,1,4,1,A
0822-31_crop_01.jpg,bg_to_strip_inclusion,5,37,321,926,7,13,1,A
0822-31_crop_01.jpg,bg_to_strip_inclusion,6,31,325,942,4,12,1,A
0822-33_crop_00.jpg,bg_to_strip_inclusion,1,24,438,33,3,20,1,A
0822-33_crop_00.jpg,bg_to_strip_inclusion,2,2,441,57,1,2,1,A
0822-33_crop_00.jpg,bg_to_strip_inclusion,3,4,442,63,1,4,1,A
0822-33_crop_00.jpg,bg_to_strip_inclusion,4,87,693,62,3,52,1,A
0822-33_crop_00.jpg,bg_to_strip_inclusion,6,53,689,114,3,26,1,A
0822-33_crop_00.jpg,bg_to_strip_inclusion,7,63,694,193,3,39,1,A
0822-33_crop_00.jpg,bg_to_strip_inclusion,8,12,696,236,4,6,1,A
0822-33_crop_00.jpg,bg_to_strip_inclusion,9,5,1015,244,1,5,1,A
0822-33_crop_00.jpg,bg_to_strip_inclusion,10,18,693,270,1,18,1,A
0822-33_crop_00.jpg,bg_to_strip_inclusion,11,34,694,290,5,15,1,A
0822-33_crop_00.jpg,bg_to_strip_inclusion,12,5,700,306,1,5,1,A
0822-33_crop_00.jpg,bg_to_strip_inclusion,13,270,115,364,13,43,1,A
0822-33_crop_00.jpg,bg_to_strip_inclusion,14,3,14,434,1,3,1,A
0822-33_crop_00.jpg,bg_to_strip_inclusion,15,13,165,593,2,13,1,A
0822-33_crop_00.jpg,bg_to_strip_inclusion,17,21,225,640,3,13,1,A
0822-33_crop_00.jpg,bg_to_strip_inclusion,18,2,226,654,1,2,1,A
0822-33_crop_00.jpg,bg_to_strip_inclusion,19,38,189,944,4,12,1,A
0822-33_crop_00.jpg,bg_to_strip_inclusion,20,12,194,1003,4,6,1,A
0822-33_crop_00.jpg,bg_to_strip_inclusion,21,28,193,1006,2,18,1,A
0822-33_crop_00.jpg,bg_to_strip_inclusion,22,4,199,1020,1,4,1,A
0822-9_crop_02.jpg,bg_to_strip_inclusion,1,119,724,185,7,27,1,A
0822-9_crop_02.jpg,bg_to_strip_inclusion,2,2,474,964,2,2,1,A
0826_D-11_crop_02.jpg,bg_to_D,1,14,27,183,5,9,4,D
0826_D-11_crop_02.jpg,bg_to_D,4,36,45,690,7,7,4,D
0826_D-14_crop_01.jpg,bg_to_D,2,2,431,489,1,2,4,D
0826_D-14_crop_01.jpg,bg_to_D,3,2,441,489,1,2,4,D
0826_D-14_crop_01.jpg,bg_to_D,5,2,434,493,2,1,4,D
0826_D-14_crop_01.jpg,bg_to_D,6,2,437,493,2,1,4,D
0826_D-16_crop_02.jpg,bg_to_D,2,2,608,204,1,2,4,D
0826_D-16_crop_02.jpg,bg_to_D,3,2,608,207,1,2,4,D
0826_D-16_crop_02.jpg,bg_to_D,4,4,609,210,4,2,4,D
0826_D-16_crop_02.jpg,bg_to_D,5,2,614,211,2,1,4,D
0826_D-17_crop_01.jpg,bg_to_D,1,2,107,49,2,2,4,D
0826_D-17_crop_01.jpg,bg_to_D,3,2,270,317,2,1,4,D
0826_D-17_crop_01.jpg,bg_to_D,4,2,274,320,1,2,4,D
0826_D-17_crop_01.jpg,bg_to_D,5,2,274,323,1,2,4,D
0826_D-17_crop_01.jpg,bg_to_D,6,2,190,403,2,1,4,D
0826_D-17_crop_01.jpg,bg_to_D,7,28,193,403,8,15,4,D
0826_D-17_crop_01.jpg,bg_to_D,8,3,186,404,3,3,4,D
0826_D-17_crop_01.jpg,bg_to_D,12,19,603,449,11,6,4,D
0826_D-17_crop_01.jpg,bg_to_D,13,2,603,456,1,2,4,D
0826_D-17_crop_01.jpg,bg_to_D,18,2,297,912,2,1,4,D
0826_D-17_crop_01.jpg,bg_to_D,19,26,300,912,9,16,4,D
0826_D-17_crop_01.jpg,bg_to_D,20,12,290,914,4,12,4,D
0826_D-19_crop_01.jpg,bg_to_D,4,2,951,200,1,2,4,D
0826_D-19_crop_01.jpg,bg_to_D,5,5,952,203,5,3,4,D
0826_D-19_crop_01.jpg,bg_to_D,6,2,958,205,2,1,4,D
0826_D-19_crop_01.jpg,bg_to_D,7,2,507,473,1,2,4,D
0826_D-20_crop_00.jpg,bg_to_D,2,5,533,58,4,4,4,D
0826_D-20_crop_00.jpg,bg_to_D,4,18,120,505,6,11,4,D
0826_D-20_crop_00.jpg,bg_to_D,6,12,483,590,4,4,4,D
0826_D-20_crop_00.jpg,bg_to_D,7,8,850,681,5,8,4,D
0826_D-20_crop_00.jpg,bg_to_D,9,19,848,692,8,16,4,D
0826_D-20_crop_00.jpg,bg_to_D,11,2,857,708,2,1,4,D
0826_D-20_crop_00.jpg,bg_to_D,12,19,763,792,11,6,4,D
0826_D-20_crop_00.jpg,bg_to_D,16,2,117,860,1,2,4,D
0826_D-20_crop_00.jpg,bg_to_D,17,2,117,863,1,2,4,D
0826_D-20_crop_00.jpg,bg_to_D,19,2,113,867,2,1,4,D
0826_D-20_crop_00.jpg,bg_to_D,20,2,982,937,2,2,4,D
0826_D-20_crop_00.jpg,bg_to_D,21,11,991,936,5,9,4,D
0826_D-20_crop_00.jpg,bg_to_D,23,9,980,943,5,9,4,D
0826_D-25_crop_00.jpg,bg_to_D,1,24,271,18,12,7,4,D
0826_D-25_crop_00.jpg,bg_to_D,2,2,281,26,1,2,4,D
0826_D-25_crop_00.jpg,bg_to_D,4,5,700,391,3,5,4,D
0826_D-25_crop_00.jpg,bg_to_D,6,13,690,397,6,6,4,D
0826_D-25_crop_00.jpg,bg_to_D,7,8,697,397,6,6,4,D
0826_D-25_crop_00.jpg,bg_to_D,8,6,281,530,5,5,4,D
0826_D-25_crop_00.jpg,bg_to_D,9,21,288,530,5,12,4,D
0826_D-25_crop_00.jpg,bg_to_D,10,4,281,539,4,4,4,D
0826_D-25_crop_00.jpg,bg_to_D,11,13,9,728,9,5,4,D
0826_D-25_crop_00.jpg,bg_to_D,12,5,9,734,4,4,4,D
0826_D-25_crop_00.jpg,bg_to_D,13,5,14,734,4,4,4,D
0826_D-32_crop_02.jpg,bg_to_D,1,9,338,334,7,7,4,D
0826_D-32_crop_02.jpg,bg_to_D,2,2,346,334,2,1,4,D
0826_D-32_crop_02.jpg,bg_to_D,4,2,338,342,1,2,4,D
0826_D-33_crop_00.jpg,bg_to_D,1,13,955,848,5,9,4,D
0826_D-33_crop_00.jpg,bg_to_D,2,17,961,848,5,9,4,D
0826_D-33_crop_01.jpg,bg_to_D,1,3,427,135,3,3,4,D
0826_D-33_crop_01.jpg,bg_to_D,2,2,431,134,2,1,4,D
0826_D-33_crop_01.jpg,bg_to_D,3,2,434,134,2,1,4,D
0826_D-33_crop_01.jpg,bg_to_D,4,2,437,135,2,2,4,D
0826_D-33_crop_01.jpg,bg_to_D,5,2,426,139,1,2,4,D
0826_D-33_crop_01.jpg,bg_to_D,6,21,426,142,14,8,4,D
0826_D-33_crop_01.jpg,bg_to_D,8,2,361,277,1,2,4,D
0826_D-33_crop_01.jpg,bg_to_D,10,2,361,280,1,2,4,D
0826_D-33_crop_01.jpg,bg_to_D,11,2,371,280,1,2,4,D
0826_D-33_crop_01.jpg,bg_to_D,13,2,364,284,2,1,4,D
0826_D-33_crop_01.jpg,bg_to_D,14,2,367,284,2,1,4,D
0826_D-33_crop_01.jpg,bg_to_D,16,2,782,920,2,1,4,D
0826_D-33_crop_01.jpg,bg_to_D,17,2,785,921,2,2,4,D
0826_D-33_crop_01.jpg,bg_to_D,19,2,787,924,1,2,4,D
0826_D-37_crop_02.jpg,bg_to_D,2,4,604,68,2,4,4,D
0826_D-37_crop_02.jpg,bg_to_D,3,2,604,73,1,2,4,D
0826_D-37_crop_02.jpg,bg_to_D,4,2,609,818,2,1,4,D
0826_D-37_crop_02.jpg,bg_to_D,5,2,612,818,2,1,4,D
0826_D-3_crop_01.jpg,bg_to_D,5,2,57,888,2,2,4,D
0826_D-43_crop_01.jpg,bg_to_D,1,3,960,577,3,3,4,D
0826_D-43_crop_01.jpg,bg_to_D,4,22,11,990,10,9,4,D
0826_D-43_crop_01.jpg,bg_to_D,8,2,560,1000,2,1,4,D
0826_D-43_crop_01.jpg,bg_to_D,9,2,557,1003,1,2,4,D
0826_D-45_crop_01.jpg,bg_to_D,2,3,335,480,1,3,4,D
0826_D-45_crop_01.jpg,bg_to_D,3,3,335,484,1,3,4,D
0826_D-45_crop_01.jpg,bg_to_D,4,4,336,488,4,4,4,D
0826_D-45_crop_01.jpg,bg_to_D,5,24,336,569,8,12,4,D
0826_D-45_crop_01.jpg,bg_to_D,6,2,343,569,2,1,4,D
0826_D-4_crop_01.jpg,bg_to_D,1,16,354,7,6,8,4,D
0826_D-4_crop_01.jpg,bg_to_D,2,2,351,14,2,1,4,D
0826_D-4_crop_01.jpg,bg_to_D,6,2,843,926,1,2,4,D
0826_D-4_crop_01.jpg,bg_to_D,7,10,836,929,8,6,4,D
0826_D-56_crop_00.jpg,bg_to_D,2,8,459,487,5,4,4,D
0826_D-56_crop_00.jpg,bg_to_D,4,3,465,489,3,2,4,D
0826_D-56_crop_00.jpg,bg_to_D,6,8,564,952,6,6,4,D
0826_D-56_crop_00.jpg,bg_to_D,9,2,569,959,1,2,4,D
0826_D-57_crop_00.jpg,bg_to_D,1,8,257,252,5,7,4,D
0826_D-57_crop_00.jpg,bg_to_D,5,2,259,263,2,2,4,D
0826_D-5_crop_01.jpg,bg_to_D,2,20,107,433,10,10,4,D
0826_D-5_crop_01.jpg,bg_to_D,3,2,104,442,2,1,4,D
0826_D-63_crop_00.jpg,bg_to_D,2,2,919,134,1,2,4,D
0826_D-63_crop_00.jpg,bg_to_D,4,18,920,137,13,5,4,D
0826_D-63_crop_00.jpg,bg_to_D,5,15,9,777,5,9,4,D
0826_D-63_crop_00.jpg,bg_to_D,8,5,15,782,4,4,4,D
0826_D-63_crop_00.jpg,bg_to_D,9,2,975,947,2,1,4,D
0826_D-63_crop_00.jpg,bg_to_D,10,5,978,948,3,5,4,D
0826_D-63_crop_00.jpg,bg_to_D,11,2,980,954,1,2,4,D
0826_D-66_crop_02.jpg,bg_to_D,1,13,869,47,4,4,4,D
0826_D-69_crop_01.jpg,bg_to_D,1,7,68,57,5,5,4,D
0826_D-69_crop_01.jpg,bg_to_D,3,2,68,63,1,2,4,D
0826_D-69_crop_01.jpg,bg_to_D,7,2,386,523,1,2,4,D
0826_D-69_crop_01.jpg,bg_to_D,8,2,386,526,1,2,4,D
0826_D-69_crop_01.jpg,bg_to_D,9,2,384,529,2,2,4,D
0826_D-70_crop_00.jpg,bg_to_strip_inclusion,1,10,562,598,5,7,1,A
0826_D-70_crop_00.jpg,bg_to_strip_inclusion,2,4,563,610,2,4,1,A
0826_D-70_crop_00.jpg,bg_to_D,3,2,603,201,1,2,4,D
0826_D-70_crop_00.jpg,bg_to_D,4,2,613,201,1,2,4,D
0826_D-70_crop_00.jpg,bg_to_D,5,2,603,204,1,2,4,D
0826_D-70_crop_00.jpg,bg_to_D,6,2,613,204,1,2,4,D
0826_D-70_crop_00.jpg,bg_to_D,9,2,834,651,2,1,4,D
0826_D-70_crop_00.jpg,bg_to_D,10,2,837,651,2,1,4,D
0826_D-70_crop_00.jpg,bg_to_D,11,3,830,652,3,3,4,D
0826_D-70_crop_00.jpg,bg_to_D,13,2,427,727,2,1,4,D
0826_D-70_crop_00.jpg,bg_to_D,14,13,430,727,6,8,4,D
0826_D-89_crop_01.jpg,bg_to_D,2,18,516,372,6,9,4,D
0826_D-89_crop_01.jpg,bg_to_D,4,2,513,379,2,1,4,D
0826_D-89_crop_01.jpg,bg_to_D,5,12,99,991,8,8,4,D
0826_D-8_crop_00.jpg,bg_to_D,3,3,824,66,3,2,4,D
0826_D-8_crop_00.jpg,bg_to_D,4,3,828,66,3,2,4,D
0826_D-8_crop_00.jpg,bg_to_D,5,23,634,193,12,6,4,D
0826_D-8_crop_00.jpg,bg_to_D,6,2,635,200,1,2,4,D
0826_D-8_crop_00.jpg,bg_to_D,9,2,65,393,2,1,4,D
0826_D-8_crop_00.jpg,bg_to_D,10,2,68,394,2,2,4,D
0826_D-8_crop_00.jpg,bg_to_D,11,2,70,397,1,2,4,D
0826_D-8_crop_00.jpg,bg_to_D,12,2,70,400,1,2,4,D
0826_D-8_crop_00.jpg,bg_to_D,16,2,891,517,2,1,4,D
0826_D-8_crop_00.jpg,bg_to_D,17,2,894,518,2,2,4,D
0826_D-8_crop_00.jpg,bg_to_D,18,2,896,521,1,2,4,D
0826_D-8_crop_00.jpg,bg_to_D,20,2,108,612,2,1,4,D
0826_D-8_crop_00.jpg,bg_to_D,21,2,111,612,2,1,4,D
0826_D-8_crop_00.jpg,bg_to_D,22,2,114,613,2,2,4,D
0826_D-91_crop_02.jpg,bg_to_strip_inclusion,1,95,435,871,7,17,1,A
0826_D-91_crop_02.jpg,bg_to_D,1,9,656,777,8,5,4,D
0826_D-94_crop_01.jpg,bg_to_D,3,2,608,960,2,1,4,D
0826_D-95_crop_00.jpg,bg_to_D,1,2,436,24,2,1,4,D
0826_D-95_crop_00.jpg,bg_to_D,2,2,439,24,2,1,4,D
0826_D-95_crop_00.jpg,bg_to_D,4,52,434,34,10,9,4,D
0826_D-95_crop_00.jpg,bg_to_D,5,30,555,73,6,6,4,D
0826_D-95_crop_00.jpg,bg_to_D,6,6,902,616,6,3,4,D
0826_D-95_crop_00.jpg,bg_to_D,7,24,909,616,9,17,4,D
0826_D-95_crop_00.jpg,bg_to_D,11,3,322,811,2,3,4,D
0826_D-95_crop_00.jpg,bg_to_D,14,13,322,815,9,5,4,D
2025_3011_D_AWM-103_crop_00.jpg,bg_to_D,4,3,642,467,3,2,4,D
2025_3011_D_AWM-10_crop_00.jpg,bg_to_strip_inclusion,1,7,1011,164,3,3,2,B
2025_3011_D_AWM-10_crop_00.jpg,bg_to_D,4,12,225,543,6,4,4,D
2025_3011_D_AWM-10_crop_00.jpg,bg_to_D,6,2,236,592,1,2,4,D
2025_3011_D_AWM-10_crop_00.jpg,bg_to_D,9,13,688,966,6,6,4,D
2025_3011_D_AWM-116_crop_00.jpg,bg_to_D,1,16,751,146,4,5,4,D
2025_3011_D_AWM-116_crop_00.jpg,bg_to_D,6,3,41,750,3,3,4,D
2025_3011_D_AWM-119_crop_00.jpg,bg_to_D,1,2,996,15,2,2,4,D
2025_3011_D_AWM-119_crop_00.jpg,bg_to_D,6,2,352,427,2,2,4,D
2025_3011_D_AWM-119_crop_00.jpg,bg_to_D,7,2,970,558,2,2,4,D
2025_3011_D_AWM-119_crop_00.jpg,bg_to_D,8,4,969,561,3,4,4,D
2025_3011_D_AWM-119_crop_00.jpg,bg_to_D,12,11,348,765,6,5,4,D
2025_3011_D_AWM-119_crop_00.jpg,bg_to_D,14,3,643,991,1,3,4,D
2025_3011_D_AWM-119_crop_00.jpg,bg_to_D,16,2,646,996,2,1,4,D
2025_3011_D_AWM-11_crop_00.jpg,bg_to_D,1,17,860,21,8,8,4,D
2025_3011_D_AWM-11_crop_00.jpg,bg_to_D,6,2,376,194,2,2,4,D
2025_3011_D_AWM-11_crop_00.jpg,bg_to_D,12,3,44,803,3,2,4,D
2025_3011_D_AWM-120_crop_00.jpg,bg_to_D,3,8,243,91,5,6,4,D
2025_3011_D_AWM-120_crop_00.jpg,bg_to_D,6,2,804,454,2,2,4,D
2025_3011_D_AWM-120_crop_00.jpg,bg_to_D,8,3,846,762,2,3,4,D
2025_3011_D_AWM-120_crop_00.jpg,bg_to_D,9,6,215,904,4,4,4,D
2025_3011_D_AWM-12_crop_00.jpg,bg_to_D,1,3,471,479,2,3,4,D
2025_3011_D_AWM-12_crop_00.jpg,bg_to_D,7,35,809,485,8,6,4,D
2025_3011_D_AWM-12_crop_00.jpg,bg_to_D,8,4,701,869,3,3,4,D
2025_3011_D_AWM-136_crop_00.jpg,bg_to_D,1,6,191,200,3,6,4,D
2025_3011_D_AWM-136_crop_00.jpg,bg_to_D,2,6,154,904,2,6,4,D
2025_3011_D_AWM-136_crop_00.jpg,bg_to_D,4,15,103,1006,6,8,4,D
2025_3011_D_AWM-140_crop_00.jpg,bg_to_D,1,4,2,127,4,2,4,D
2025_3011_D_AWM-140_crop_00.jpg,bg_to_D,2,4,2,131,3,3,4,D
2025_3011_D_AWM-140_crop_00.jpg,bg_to_D,3,10,604,131,4,6,4,D
2025_3011_D_AWM-175_crop_00.jpg,bg_to_D,1,30,364,248,6,6,4,D
2025_3011_D_AWM-175_crop_00.jpg,bg_to_D,3,42,287,446,7,8,4,D
2025_3011_D_AWM-175_crop_00.jpg,bg_to_D,4,27,453,464,6,6,4,D
2025_3011_D_AWM-175_crop_00.jpg,bg_to_D,5,31,442,740,6,6,4,D
2025_3011_D_AWM-175_crop_00.jpg,bg_to_D,6,37,65,864,7,7,4,D
2025_3011_D_AWM-175_crop_00.jpg,bg_to_D,7,20,940,925,6,5,4,D
2025_3011_D_AWM-1_crop_00.jpg,bg_to_D,1,4,350,29,3,3,4,D
2025_3011_D_AWM-1_crop_00.jpg,bg_to_D,3,5,679,614,5,2,4,D
2025_3011_D_AWM-22_crop_00.jpg,bg_to_D,1,4,253,253,3,3,4,D
2025_3011_D_AWM-22_crop_00.jpg,bg_to_D,6,4,927,374,3,3,4,D
2025_3011_D_AWM-22_crop_00.jpg,bg_to_D,7,2,115,456,2,1,4,D
2025_3011_D_AWM-22_crop_00.jpg,bg_to_D,9,5,36,474,4,4,4,D
2025_3011_D_AWM-22_crop_00.jpg,bg_to_D,10,2,1006,952,1,2,4,D
2025_3011_D_AWM-22_crop_00.jpg,bg_to_D,11,2,1006,955,1,2,4,D
2025_3011_D_AWM-22_crop_00.jpg,bg_to_D,12,5,518,966,4,4,4,D
2025_3011_D_AWM-22_crop_00.jpg,bg_to_D,15,3,518,971,2,3,4,D
2025_3011_D_AWM-25_crop_00.jpg,bg_to_D,2,2,420,81,2,1,4,D
2025_3011_D_AWM-25_crop_00.jpg,bg_to_D,6,9,1010,166,5,3,4,D
2025_3011_D_AWM-25_crop_00.jpg,bg_to_D,8,21,167,699,7,12,4,D
2025_3011_D_AWM-25_crop_00.jpg,bg_to_D,9,2,172,698,2,1,4,D
2025_3011_D_AWM-25_crop_00.jpg,bg_to_D,10,2,175,710,2,1,4,D
2025_3011_D_AWM-25_crop_00.jpg,bg_to_D,11,9,155,886,5,3,4,D
2025_3011_D_AWM-28_crop_00.jpg,bg_to_D,3,5,141,395,3,4,4,D
2025_3011_D_AWM-28_crop_00.jpg,bg_to_D,5,2,766,766,2,2,4,D
2025_3011_D_AWM-28_crop_00.jpg,bg_to_D,7,4,923,808,3,3,4,D
2025_3011_D_AWM-2_crop_00.jpg,bg_to_D,1,17,679,346,7,6,4,D
2025_3011_D_AWM-2_crop_00.jpg,bg_to_D,2,3,575,410,2,2,4,D
2025_3011_D_AWM-2_crop_00.jpg,bg_to_D,3,2,578,410,2,2,4,D
2025_3011_D_AWM-2_crop_00.jpg,bg_to_D,4,2,575,413,2,2,4,D
2025_3011_D_AWM-2_crop_00.jpg,bg_to_D,6,8,846,491,4,6,4,D
2025_3011_D_AWM-2_crop_00.jpg,bg_to_D,9,12,292,636,4,7,4,D
2025_3011_D_AWM-2_crop_00.jpg,bg_to_D,16,7,299,995,4,5,4,D
2025_3011_D_AWM-35_crop_00.jpg,bg_to_D,1,2,432,393,1,2,4,D
2025_3011_D_AWM-35_crop_00.jpg,bg_to_D,3,2,432,396,1,2,4,D
2025_3011_D_AWM-35_crop_00.jpg,bg_to_D,5,4,539,725,4,2,4,D
2025_3011_D_AWM-35_crop_00.jpg,bg_to_D,6,2,544,725,2,1,4,D
2025_3011_D_AWM-35_crop_00.jpg,bg_to_D,7,2,538,728,1,2,4,D
2025_3011_D_AWM-35_crop_00.jpg,bg_to_D,9,34,890,756,11,7,4,D
2025_3011_D_AWM-35_crop_00.jpg,bg_to_D,11,7,239,758,3,5,4,D
2025_3011_D_AWM-36_crop_00.jpg,bg_to_D,1,8,255,35,5,5,4,D
2025_3011_D_AWM-36_crop_00.jpg,bg_to_D,2,2,256,41,2,2,4,D
2025_3011_D_AWM-36_crop_00.jpg,bg_to_D,3,10,602,330,6,6,4,D
2025_3011_D_AWM-36_crop_00.jpg,bg_to_D,4,2,606,334,2,2,4,D
2025_3011_D_AWM-36_crop_00.jpg,bg_to_D,5,14,252,676,4,8,4,D
2025_3011_D_AWM-3_crop_00.jpg,bg_to_strip_inclusion,1,18,132,319,5,7,2,B
2025_3011_D_AWM-3_crop_00.jpg,bg_to_strip_inclusion,2,3,138,319,1,3,2,B
2025_3011_D_AWM-3_crop_00.jpg,bg_to_strip_inclusion,3,4,133,330,3,2,2,B
2025_3011_D_AWM-3_crop_00.jpg,bg_to_D,1,5,923,452,4,4,4,D
2025_3011_D_AWM-42_crop_00.jpg,bg_to_strip_inclusion,1,93,72,715,8,29,2,B
2025_3011_D_AWM-42_crop_00.jpg,bg_to_strip_inclusion,2,2,80,739,1,2,2,B
2025_3011_D_AWM-42_crop_00.jpg,bg_to_strip_inclusion,4,20,72,745,3,13,2,B
2025_3011_D_AWM-42_crop_00.jpg,bg_to_strip_inclusion,7,8,6,758,5,2,2,B
2025_3011_D_AWM-42_crop_00.jpg,bg_to_strip_inclusion,9,84,6,765,8,21,2,B
2025_3011_D_AWM-42_crop_00.jpg,bg_to_D,1,2,1000,116,2,2,4,D
2025_3011_D_AWM-42_crop_00.jpg,bg_to_D,3,16,478,141,5,5,4,D
2025_3011_D_AWM-42_crop_00.jpg,bg_to_D,4,4,268,437,3,3,4,D
2025_3011_D_AWM-42_crop_00.jpg,bg_to_D,7,14,368,498,5,6,4,D
2025_3011_D_AWM-42_crop_00.jpg,bg_to_D,8,3,81,867,2,3,4,D
2025_3011_D_AWM-42_crop_00.jpg,bg_to_D,9,9,75,869,5,6,4,D
2025_3011_D_AWM-49_crop_00.jpg,bg_to_strip_inclusion,1,2,56,1001,2,1,2,B
2025_3011_D_AWM-49_crop_00.jpg,bg_to_strip_inclusion,2,15,54,1005,2,11,2,B
2025_3011_D_AWM-49_crop_00.jpg,bg_to_D,4,10,312,430,3,5,4,D
2025_3011_D_AWM-49_crop_00.jpg,bg_to_D,6,2,316,433,2,2,4,D
2025_3011_D_AWM-49_crop_00.jpg,bg_to_D,7,12,521,991,7,4,4,D
2025_3011_D_AWM-4_crop_00.jpg,bg_to_D,3,2,749,319,1,2,4,D
2025_3011_D_AWM-4_crop_00.jpg,bg_to_D,5,18,1003,356,6,8,4,D
2025_3011_D_AWM-4_crop_00.jpg,bg_to_D,9,3,51,818,2,3,4,D
2025_3011_D_AWM-4_crop_00.jpg,bg_to_D,11,4,435,855,3,3,4,D
2025_3011_D_AWM-54_crop_00.jpg,bg_to_D,3,8,571,349,5,4,4,D
2025_3011_D_AWM-54_crop_00.jpg,bg_to_D,8,2,456,697,2,1,4,D
2025_3011_D_AWM-62_crop_00.jpg,bg_to_D,2,16,958,190,5,5,4,D
2025_3011_D_AWM-62_crop_00.jpg,bg_to_D,5,16,674,599,4,5,4,D
2025_3011_D_AWM-62_crop_00.jpg,bg_to_D,10,16,747,1008,10,5,4,D
2025_3011_D_AWM-63_crop_00.jpg,bg_to_strip_inclusion,2,2,303,793,1,2,3,C
2025_3011_D_AWM-63_crop_00.jpg,bg_to_strip_inclusion,3,14,297,795,3,12,3,C
2025_3011_D_AWM-63_crop_00.jpg,bg_to_strip_inclusion,4,2,303,801,1,2,3,C
2025_3011_D_AWM-63_crop_00.jpg,bg_to_D,1,10,326,518,3,4,4,D
2025_3011_D_AWM-63_crop_00.jpg,bg_to_D,2,14,164,602,4,4,4,D
2025_3011_D_AWM-63_crop_00.jpg,bg_to_D,3,2,127,718,1,2,4,D
2025_3011_D_AWM-63_crop_00.jpg,bg_to_D,4,5,127,721,4,4,4,D
2025_3011_D_AWM-63_crop_00.jpg,bg_to_D,7,3,72,981,2,3,4,D
2025_3011_D_AWM-72_crop_00.jpg,bg_to_D,1,3,0,616,1,3,4,D
2025_3011_D_AWM-72_crop_00.jpg,bg_to_D,2,2,180,981,2,1,4,D
2025_3011_D_AWM-72_crop_00.jpg,bg_to_D,3,7,183,981,5,5,4,D
2025_3011_D_AWM-9_crop_00.jpg,bg_to_D,1,4,609,146,3,3,4,D
2025_3011_D_AWM-9_crop_00.jpg,bg_to_D,5,10,912,748,5,7,4,D
2025_3011_D_SHW-1_crop_00.jpg,bg_to_D,5,13,480,572,7,6,4,D
2025_3011_D_SHW-1_crop_00.jpg,bg_to_D,10,11,25,731,4,4,4,D
2025_3011_D_SHW-1_crop_00.jpg,bg_to_D,12,3,103,829,2,3,4,D
2025_3011_D_SHW-5_crop_00.jpg,bg_to_D,2,2,69,193,1,2,4,D
2025_3011_D_SHW-5_crop_00.jpg,bg_to_D,5,2,988,334,1,2,4,D
2025_3011_D_SHW-5_crop_00.jpg,bg_to_D,6,4,988,337,3,3,4,D
2025_3011_D_SHW-5_crop_00.jpg,bg_to_D,8,24,721,374,5,6,4,D
2025_3011_D_TS-102_crop_00.jpg,bg_to_strip_inclusion,2,2,93,345,1,2,3,C
2025_3011_D_TS-102_crop_00.jpg,bg_to_strip_inclusion,3,3,95,348,3,3,3,C
2025_3011_D_TS-102_crop_00.jpg,bg_to_D,1,4,263,288,3,3,4,D
2025_3011_D_TS-102_crop_00.jpg,bg_to_D,3,8,235,711,3,5,4,D
2025_3011_D_TS-102_crop_00.jpg,bg_to_D,4,2,239,711,2,2,4,D
2025_3011_D_TS-102_crop_00.jpg,bg_to_D,5,3,239,714,2,2,4,D
2025_3011_D_TS-102_crop_00.jpg,bg_to_D,6,3,391,949,2,2,4,D
2025_3011_D_TS-104_crop_00.jpg,bg_to_D,1,2,639,65,2,2,4,D
2025_3011_D_TS-104_crop_00.jpg,bg_to_D,2,9,12,172,3,5,4,D
2025_3011_D_TS-104_crop_00.jpg,bg_to_D,4,2,16,175,2,2,4,D
2025_3011_D_TS-105_crop_00.jpg,bg_to_D,1,2,101,479,2,2,4,D
2025_3011_D_TS-105_crop_00.jpg,bg_to_D,2,6,1002,872,4,3,4,D
2025_3011_D_TS-105_crop_00.jpg,bg_to_D,3,2,256,884,2,2,4,D
2025_3011_D_TS-105_crop_00.jpg,bg_to_D,4,10,793,1019,3,5,4,D
2025_3011_D_TS-118_crop_00.jpg,bg_to_D,1,2,217,243,2,2,4,D
2025_3011_D_TS-118_crop_00.jpg,bg_to_D,5,2,1000,737,2,2,4,D
2025_3011_D_TS-118_crop_00.jpg,bg_to_D,6,5,695,838,3,5,4,D
2025_3011_D_TS-131_crop_00.jpg,bg_to_strip_inclusion,1,93,999,655,7,19,3,C
2025_3011_D_TS-131_crop_00.jpg,bg_to_D,1,3,22,461,2,2,4,D
2025_3011_D_TS-131_crop_00.jpg,bg_to_D,2,2,25,461,2,2,4,D
2025_3011_D_TS-131_crop_00.jpg,bg_to_D,3,4,656,773,3,3,4,D
2025_3011_D_TS-136_crop_00.jpg,bg_to_D,1,7,359,181,4,3,4,D
2025_3011_D_TS-136_crop_00.jpg,bg_to_D,3,2,606,475,2,2,4,D
2025_3011_D_TS-136_crop_00.jpg,bg_to_D,4,2,606,478,2,2,4,D
2025_3011_D_TS-136_crop_00.jpg,bg_to_D,5,3,991,534,3,2,4,D
2025_3011_D_TS-136_crop_00.jpg,bg_to_D,6,10,333,592,4,7,4,D
2025_3011_D_TS-138_crop_00.jpg,bg_to_D,1,2,95,51,2,2,4,D
2025_3011_D_TS-138_crop_00.jpg,bg_to_D,2,2,98,51,2,2,4,D
2025_3011_D_TS-138_crop_00.jpg,bg_to_D,3,4,157,100,3,4,4,D
2025_3011_D_TS-138_crop_00.jpg,bg_to_D,4,10,162,641,5,5,4,D
2025_3011_D_TS-138_crop_00.jpg,bg_to_D,5,2,894,713,2,2,4,D
2025_3011_D_TS-138_crop_00.jpg,bg_to_D,6,2,894,716,2,2,4,D
2025_3011_D_TS-15_crop_00.jpg,bg_to_D,6,4,115,981,3,3,4,D
2025_3011_D_TS-16_crop_00.jpg,bg_to_strip_inclusion,1,108,67,811,7,27,2,B
2025_3011_D_TS-16_crop_00.jpg,bg_to_D,3,9,1003,14,5,3,4,D
2025_3011_D_TS-16_crop_00.jpg,bg_to_D,4,14,117,41,4,4,4,D
2025_3011_D_TS-172_crop_00.jpg,bg_to_D,1,13,63,813,4,4,4,D
2025_3011_D_TS-187_crop_00.jpg,bg_to_D,2,2,33,92,1,2,4,D
2025_3011_D_TS-187_crop_00.jpg,bg_to_D,4,6,935,642,4,3,4,D
2025_3011_D_TS-189_crop_00.jpg,bg_to_D,2,2,136,67,2,2,4,D
2025_3011_D_TS-189_crop_00.jpg,bg_to_D,3,5,190,325,4,4,4,D
2025_3011_D_TS-189_crop_00.jpg,bg_to_D,4,7,525,542,5,5,4,D
2025_3011_D_TS-189_crop_00.jpg,bg_to_D,5,2,531,542,2,1,4,D
2025_3011_D_TS-189_crop_00.jpg,bg_to_D,7,2,588,959,2,2,4,D
2025_3011_D_TS-189_crop_00.jpg,bg_to_D,8,2,591,959,2,2,4,D
2025_3011_D_TS-189_crop_00.jpg,bg_to_D,9,2,588,962,2,2,4,D
2025_3011_D_TS-189_crop_00.jpg,bg_to_D,10,2,591,962,2,2,4,D
2025_3011_D_TS-189_crop_00.jpg,bg_to_D,11,9,972,997,3,6,4,D
2025_3011_D_TS-197_crop_00.jpg,bg_to_D,1,2,176,469,2,2,4,D
2025_3011_D_TS-197_crop_00.jpg,bg_to_D,2,2,179,469,2,2,4,D
2025_3011_D_TS-197_crop_00.jpg,bg_to_D,3,7,386,485,3,5,4,D
2025_3011_D_TS-197_crop_00.jpg,bg_to_D,4,2,383,488,2,2,4,D
2025_3011_D_TS-197_crop_00.jpg,bg_to_D,5,6,342,510,3,5,4,D
2025_3011_D_TS-197_crop_00.jpg,bg_to_D,7,2,180,800,2,2,4,D
2025_3011_D_TS-197_crop_00.jpg,bg_to_D,8,2,180,803,2,2,4,D
2025_3011_D_TS-209_crop_00.jpg,bg_to_strip_inclusion,1,3,716,908,1,3,3,C
2025_3011_D_TS-209_crop_00.jpg,bg_to_D,2,3,359,163,2,2,4,D
2025_3011_D_TS-209_crop_00.jpg,bg_to_D,4,2,31,207,2,2,4,D
2025_3011_D_TS-209_crop_00.jpg,bg_to_D,5,2,34,207,2,2,4,D
2025_3011_D_TS-209_crop_00.jpg,bg_to_D,6,2,670,210,2,2,4,D
2025_3011_D_TS-209_crop_00.jpg,bg_to_D,7,2,146,798,2,2,4,D
2025_3011_D_TS-209_crop_00.jpg,bg_to_D,10,4,733,1003,3,3,4,D
2025_3011_D_TS-20_crop_00.jpg,bg_to_strip_inclusion,1,152,370,315,6,31,3,C
2025_3011_D_TS-216_crop_00.jpg,bg_to_strip_inclusion,1,12,426,990,7,4,2,B
2025_3011_D_TS-216_crop_00.jpg,bg_to_strip_inclusion,2,5,425,996,1,5,2,B
2025_3011_D_TS-216_crop_00.jpg,bg_to_strip_inclusion,3,9,432,999,1,9,2,B
2025_3011_D_TS-216_crop_00.jpg,bg_to_strip_inclusion,4,3,426,1007,1,3,2,B
2025_3011_D_TS-216_crop_00.jpg,bg_to_strip_inclusion,5,31,427,1011,7,12,2,B
2025_3011_D_TS-216_crop_00.jpg,bg_to_D,1,7,450,178,4,3,4,D
2025_3011_D_TS-216_crop_00.jpg,bg_to_D,2,8,395,257,3,5,4,D
2025_3011_D_TS-216_crop_00.jpg,bg_to_D,4,3,379,324,2,2,4,D
2025_3011_D_TS-216_crop_00.jpg,bg_to_D,5,2,928,387,2,2,4,D
2025_3011_D_TS-216_crop_00.jpg,bg_to_D,6,6,218,740,4,3,4,D
2025_3011_D_TS-233_crop_00.jpg,bg_to_D,2,3,337,652,2,2,4,D
2025_3011_D_TS-233_crop_00.jpg,bg_to_D,3,2,470,712,2,2,4,D
2025_3011_D_TS-235_crop_00.jpg,bg_to_D,5,3,709,1016,2,2,4,D
2025_3011_D_TS-235_crop_00.jpg,bg_to_D,6,2,976,1020,2,2,4,D
2025_3011_D_TS-235_crop_00.jpg,bg_to_D,7,2,979,1020,2,2,4,D
2025_3011_D_TS-236_crop_00.jpg,bg_to_strip_inclusion,1,45,255,24,6,10,2,B
2025_3011_D_TS-236_crop_00.jpg,bg_to_strip_inclusion,2,2,256,35,2,2,2,B
2025_3011_D_TS-236_crop_00.jpg,bg_to_D,1,3,5,59,2,3,4,D
2025_3011_D_TS-236_crop_00.jpg,bg_to_D,4,2,766,543,2,2,4,D
2025_3011_D_TS-236_crop_00.jpg,bg_to_D,5,2,769,543,2,2,4,D
2025_3011_D_TS-236_crop_00.jpg,bg_to_D,6,3,766,546,2,2,4,D
2025_3011_D_TS-236_crop_00.jpg,bg_to_D,7,2,769,546,2,2,4,D
2025_3011_D_TS-236_crop_00.jpg,bg_to_D,8,2,222,885,2,2,4,D
2025_3011_D_TS-24_crop_00.jpg,bg_to_D,1,2,45,466,2,2,4,D
2025_3011_D_TS-259_crop_00.jpg,bg_to_D,1,5,664,22,3,2,4,D
2025_3011_D_TS-259_crop_00.jpg,bg_to_D,2,5,178,344,4,2,4,D
2025_3011_D_TS-265_crop_00.jpg,bg_to_D,1,6,383,196,3,5,4,D
2025_3011_D_TS-265_crop_00.jpg,bg_to_D,2,2,387,196,2,2,4,D
2025_3011_D_TS-271_crop_00.jpg,bg_to_D,1,2,452,50,2,2,4,D
2025_3011_D_TS-271_crop_00.jpg,bg_to_D,2,11,999,296,6,6,4,D
2025_3011_D_TS-271_crop_00.jpg,bg_to_D,3,2,1003,300,2,2,4,D
2025_3011_D_TS-271_crop_00.jpg,bg_to_D,4,2,1017,746,2,2,4,D
2025_3011_D_TS-286_crop_00.jpg,bg_to_D,1,3,921,467,2,2,4,D
2025_3011_D_TS-286_crop_00.jpg,bg_to_D,4,2,898,636,2,2,4,D
2025_3011_D_TS-286_crop_00.jpg,bg_to_D,5,2,898,639,2,2,4,D
2025_3011_D_TS-294_crop_00.jpg,bg_to_D,1,2,356,453,2,2,4,D
2025_3011_D_TS-294_crop_00.jpg,bg_to_D,2,2,359,453,2,2,4,D
2025_3011_D_TS-294_crop_00.jpg,bg_to_D,6,6,218,991,3,5,4,D
2025_3011_D_TS-294_crop_00.jpg,bg_to_D,7,2,222,991,2,2,4,D
2025_3011_D_TS-303_crop_00.jpg,bg_to_D,4,2,529,948,1,2,4,D
2025_3011_D_TS-304_crop_00.jpg,bg_to_D,3,4,1000,517,3,3,4,D
2025_3011_D_TS-305_crop_00.jpg,bg_to_strip_inclusion,1,13,43,628,3,6,3,C
2025_3011_D_TS-305_crop_00.jpg,bg_to_D,3,3,659,374,3,2,4,D
2025_3011_D_TS-306_crop_00.jpg,bg_to_D,1,6,16,33,4,3,4,D
2025_3011_D_TS-306_crop_00.jpg,bg_to_D,4,3,871,84,3,2,4,D
2025_3011_D_TS-306_crop_00.jpg,bg_to_D,5,5,875,84,4,4,4,D
2025_3011_D_TS-306_crop_00.jpg,bg_to_D,8,2,102,418,2,2,4,D
2025_3011_D_TS-308_crop_00.jpg,bg_to_D,1,15,886,804,6,6,4,D
2025_3011_D_TS-311_crop_00.jpg,bg_to_D,1,2,57,168,2,2,4,D
2025_3011_D_TS-311_crop_00.jpg,bg_to_D,2,2,60,168,2,2,4,D
2025_3011_D_TS-311_crop_00.jpg,bg_to_D,5,2,66,305,2,2,4,D
2025_3011_D_TS-311_crop_00.jpg,bg_to_D,7,2,66,308,2,2,4,D
2025_3011_D_TS-311_crop_00.jpg,bg_to_D,8,2,855,599,2,2,4,D
2025_3011_D_TS-311_crop_00.jpg,bg_to_D,9,2,216,1009,2,2,4,D
2025_3011_D_TS-311_crop_00.jpg,bg_to_D,10,2,219,1009,2,2,4,D
2025_3011_D_TS-311_crop_00.jpg,bg_to_D,11,2,216,1012,2,2,4,D
2025_3011_D_TS-311_crop_00.jpg,bg_to_D,12,2,219,1012,2,2,4,D
2025_3011_D_TS-314_crop_00.jpg,bg_to_D,1,2,897,320,2,2,4,D
2025_3011_D_TS-314_crop_00.jpg,bg_to_D,2,3,900,320,2,2,4,D
2025_3011_D_TS-314_crop_00.jpg,bg_to_D,3,2,91,322,2,2,4,D
2025_3011_D_TS-314_crop_00.jpg,bg_to_D,4,3,897,323,2,2,4,D
2025_3011_D_TS-314_crop_00.jpg,bg_to_D,5,2,900,323,2,2,4,D
2025_3011_D_TS-314_crop_00.jpg,bg_to_D,8,2,769,462,2,2,4,D
2025_3011_D_TS-315_crop_00.jpg,bg_to_D,1,2,394,44,2,2,4,D
2025_3011_D_TS-315_crop_00.jpg,bg_to_D,3,5,497,209,4,4,4,D
2025_3011_D_TS-317_crop_00.jpg,bg_to_strip_inclusion,1,5,372,64,1,5,2,B
2025_3011_D_TS-317_crop_00.jpg,bg_to_strip_inclusion,2,2,371,73,1,2,2,B
2025_3011_D_TS-317_crop_00.jpg,bg_to_D,1,9,714,153,3,3,4,D
2025_3011_D_TS-317_crop_00.jpg,bg_to_D,6,4,460,710,2,2,4,D
2025_3011_D_TS-323_crop_00.jpg,bg_to_D,5,2,41,222,2,2,4,D
2025_3011_D_TS-323_crop_00.jpg,bg_to_D,6,2,44,222,2,2,4,D
2025_3011_D_TS-323_crop_00.jpg,bg_to_D,7,2,513,284,2,2,4,D
2025_3011_D_TS-323_crop_00.jpg,bg_to_D,9,4,366,471,3,3,4,D
2025_3011_D_TS-323_crop_00.jpg,bg_to_D,11,2,470,481,2,2,4,D
2025_3011_D_TS-323_crop_00.jpg,bg_to_D,13,3,448,563,2,2,4,D
2025_3011_D_TS-323_crop_00.jpg,bg_to_D,14,13,254,702,4,4,4,D
2025_3011_D_TS-325_crop_00.jpg,bg_to_strip_inclusion,1,9,165,777,2,5,3,C
2025_3011_D_TS-325_crop_00.jpg,bg_to_D,3,7,17,449,3,3,4,D
2025_3011_D_TS-325_crop_00.jpg,bg_to_D,4,9,36,770,5,3,4,D
2025_3011_D_TS-325_crop_00.jpg,bg_to_D,6,5,330,817,3,3,4,D
2025_3011_D_TS-32_crop_00.jpg,bg_to_D,1,6,102,313,4,6,4,D
2025_3011_D_TS-32_crop_00.jpg,bg_to_D,2,2,102,320,1,2,4,D
2025_3011_D_TS-32_crop_00.jpg,bg_to_D,4,4,577,870,3,3,4,D
2025_3011_D_TS-32_crop_00.jpg,bg_to_D,9,15,613,955,7,7,4,D
2025_3011_D_TS-330_crop_00.jpg,bg_to_D,2,3,77,455,2,2,4,D
2025_3011_D_TS-330_crop_00.jpg,bg_to_D,3,3,109,456,2,2,4,D
2025_3011_D_TS-330_crop_00.jpg,bg_to_D,6,2,109,459,2,2,4,D
2025_3011_D_TS-330_crop_00.jpg,bg_to_D,8,2,690,572,2,2,4,D
2025_3011_D_TS-330_crop_00.jpg,bg_to_D,10,12,606,755,4,4,4,D
2025_3011_D_TS-339_crop_00.jpg,bg_to_strip_inclusion,1,3,421,562,1,3,2,B
2025_3011_D_TS-339_crop_00.jpg,bg_to_D,1,6,931,81,4,3,4,D
2025_3011_D_TS-339_crop_00.jpg,bg_to_D,2,11,1006,641,4,3,4,D
2025_3011_D_TS-339_crop_00.jpg,bg_to_D,3,4,671,807,3,3,4,D
2025_3011_D_TS-340_crop_00.jpg,bg_to_D,1,5,822,94,4,4,4,D
2025_3011_D_TS-340_crop_00.jpg,bg_to_D,2,3,827,94,3,2,4,D
2025_3011_D_TS-340_crop_00.jpg,bg_to_D,8,9,345,766,3,5,4,D
2025_3011_D_TS-340_crop_00.jpg,bg_to_D,11,18,288,1017,4,5,4,D
2025_3011_D_TS-363_crop_00.jpg,bg_to_strip_inclusion,1,96,645,598,5,24,2,B
2025_3011_D_TS-363_crop_00.jpg,bg_to_D,2,8,707,264,4,4,4,D
2025_3011_D_TS-363_crop_00.jpg,bg_to_D,4,9,590,585,3,5,4,D
2025_3011_D_TS-363_crop_00.jpg,bg_to_D,5,15,897,791,7,4,4,D
2025_3011_D_TS-36_crop_00.jpg,bg_to_D,2,5,779,927,2,4,4,D
2025_3011_D_TS-374_crop_00.jpg,bg_to_D,2,2,53,79,2,2,4,D
2025_3011_D_TS-374_crop_00.jpg,bg_to_D,3,2,56,79,2,2,4,D
2025_3011_D_TS-374_crop_00.jpg,bg_to_D,4,13,769,130,4,4,4,D
2025_3011_D_TS-378_crop_00.jpg,bg_to_D,3,2,314,844,2,2,4,D
2025_3011_D_TS-378_crop_00.jpg,bg_to_D,4,2,317,844,2,2,4,D
2025_3011_D_TS-37_crop_00.jpg,bg_to_D,1,35,686,40,7,6,4,D
2025_3011_D_TS-37_crop_00.jpg,bg_to_D,5,2,117,524,2,2,4,D
2025_3011_D_TS-37_crop_00.jpg,bg_to_D,6,2,114,527,2,2,4,D
2025_3011_D_TS-37_crop_00.jpg,bg_to_D,7,2,117,527,2,2,4,D
2025_3011_D_TS-37_crop_00.jpg,bg_to_D,10,6,566,651,2,4,4,D
2025_3011_D_TS-381_crop_00.jpg,bg_to_D,5,2,550,335,2,2,4,D
2025_3011_D_TS-381_crop_00.jpg,bg_to_D,6,6,186,689,3,5,4,D
2025_3011_D_TS-383_crop_00.jpg,bg_to_D,3,2,346,272,2,1,4,D
2025_3011_D_TS-383_crop_00.jpg,bg_to_D,4,2,349,272,2,1,4,D
2025_3011_D_TS-384_crop_00.jpg,bg_to_strip_inclusion,2,34,321,905,3,13,2,B
2025_3011_D_TS-3_crop_00.jpg,bg_to_D,1,2,958,26,2,1,4,D
2025_3011_D_TS-51_crop_00.jpg,bg_to_D,1,3,174,299,2,2,4,D
2025_3011_D_TS-59_crop_00.jpg,bg_to_D,2,3,227,452,2,2,4,D
2025_3011_D_TS-59_crop_00.jpg,bg_to_D,4,2,468,466,2,2,4,D
2025_3011_D_TS-68_crop_00.jpg,bg_to_D,1,14,499,128,6,6,4,D
2025_3011_D_TS-68_crop_00.jpg,bg_to_D,2,3,503,132,2,2,4,D
2025_3011_D_TS-68_crop_00.jpg,bg_to_D,3,2,543,766,2,2,4,D
2025_3011_D_TS-68_crop_00.jpg,bg_to_D,4,2,543,769,2,2,4,D
2025_3011_D_TS-71_crop_00.jpg,bg_to_D,1,7,95,102,3,5,4,D
2025_3011_D_TS-71_crop_00.jpg,bg_to_D,3,17,138,516,6,10,4,D
2025_3011_D_TS-71_crop_00.jpg,bg_to_D,4,9,70,776,3,3,4,D
2025_3011_D_TS-83_crop_00.jpg,bg_to_D,1,5,845,128,4,3,4,D
2025_3011_D_TS-83_crop_00.jpg,bg_to_D,3,2,844,132,1,2,4,D
2025_3011_D_TS-83_crop_00.jpg,bg_to_D,4,2,79,510,2,2,4,D
2025_3011_D_TS-83_crop_00.jpg,bg_to_D,6,9,28,914,3,5,4,D
2025_3011_D_TS-83_crop_00.jpg,bg_to_D,7,2,32,914,2,2,4,D
2025_3011_D_TS-83_crop_00.jpg,bg_to_D,8,2,32,917,2,2,4,D
2025_3011_D_TS-83_crop_00.jpg,bg_to_D,9,2,125,936,2,2,4,D
2025_3011_D_TS-8_crop_00.jpg,bg_to_D,1,10,59,71,6,4,4,D
2025_3011_D_TS-8_crop_00.jpg,bg_to_D,2,3,54,226,2,2,4,D
2025_3011_D_TS-8_crop_00.jpg,bg_to_D,4,29,593,258,5,7,4,D
2025_3011_D_TS-8_crop_00.jpg,bg_to_D,6,6,168,708,4,3,4,D
2025_3011_D_TS-91_crop_00.jpg,bg_to_D,2,2,435,79,2,2,4,D
2025_3011_D_TS-91_crop_00.jpg,bg_to_D,4,6,1017,334,3,4,4,D
2025_3011_D_TS-91_crop_00.jpg,bg_to_D,5,7,166,573,3,5,4,D
2025_3011_D_TS-91_crop_00.jpg,bg_to_D,7,12,107,830,6,7,4,D
2025_3011_D_TS-92_crop_00.jpg,bg_to_D,1,9,975,90,3,5,4,D
2025_3011_D_TS-92_crop_00.jpg,bg_to_D,2,2,653,120,2,2,4,D
2025_3011_D_TS-92_crop_00.jpg,bg_to_D,3,2,656,120,2,2,4,D
2025_3011_D_TS-92_crop_00.jpg,bg_to_D,4,2,15,133,2,2,4,D
2025_3011_D_TS-92_crop_00.jpg,bg_to_D,5,2,18,133,2,2,4,D
2025_3011_D_TS-92_crop_00.jpg,bg_to_D,6,2,15,136,2,2,4,D
2025_3011_D_TS-92_crop_00.jpg,bg_to_D,7,2,18,136,2,2,4,D
2025_3011_D_TS-92_crop_00.jpg,bg_to_D,10,4,672,725,3,3,4,D
240110-B-135_crop_00.jpg,bg_to_strip_inclusion,2,4,774,209,2,4,2,B
240110-B-135_crop_00.jpg,bg_to_strip_inclusion,3,17,757,210,7,10,2,B
240110-B-135_crop_00.jpg,bg_to_strip_inclusion,4,4,777,226,1,4,2,B
240110-B-135_crop_00.jpg,bg_to_strip_inclusion,5,19,774,238,5,5,2,B
240110-B-135_crop_00.jpg,bg_to_strip_inclusion,6,6,778,263,2,4,2,B
240110-B-135_crop_00.jpg,bg_to_strip_inclusion,7,3,780,272,1,3,2,B
240110-B-135_crop_00.jpg,bg_to_strip_inclusion,8,4,781,279,1,4,2,B
240110-B-135_crop_00.jpg,bg_to_strip_inclusion,9,3,447,292,3,3,3,C
240110-B-135_crop_00.jpg,bg_to_strip_inclusion,10,2,453,294,1,2,3,C
240110-B-135_crop_00.jpg,bg_to_strip_inclusion,11,11,776,295,4,6,2,B
240110-B-135_crop_00.jpg,bg_to_strip_inclusion,13,9,454,298,1,9,3,C
240110-B-135_crop_00.jpg,bg_to_strip_inclusion,15,229,767,300,10,45,2,B
240110-B-135_crop_00.jpg,bg_to_strip_inclusion,16,9,445,304,1,9,3,C
240110-B-135_crop_00.jpg,bg_to_strip_inclusion,17,2,453,308,1,2,3,C
240110-B-135_crop_00.jpg,bg_to_strip_inclusion,18,4,771,350,1,4,3,C
240110-B-135_crop_00.jpg,bg_to_strip_inclusion,20,3,771,377,2,2,3,C
240110-B-138_crop_00.jpg,bg_to_strip_inclusion,1,3,58,746,3,2,2,B
240110-B-138_crop_00.jpg,bg_to_strip_inclusion,2,11,54,766,2,10,2,B
240110-B-138_crop_00.jpg,bg_to_strip_inclusion,3,3,66,785,1,3,2,B
240110-B-138_crop_00.jpg,bg_to_strip_inclusion,4,9,56,787,1,9,2,B
240110-B-138_crop_00.jpg,bg_to_strip_inclusion,5,21,66,793,3,20,2,B
240110-B-138_crop_00.jpg,bg_to_strip_inclusion,7,5,609,800,3,4,2,B
240110-B-138_crop_00.jpg,bg_to_strip_inclusion,8,2,612,805,1,2,2,B
240110-B-138_crop_00.jpg,bg_to_strip_inclusion,9,2,613,808,1,2,2,B
240110-B-138_crop_00.jpg,bg_to_strip_inclusion,10,3,58,819,1,3,2,B
240110-B-138_crop_00.jpg,bg_to_strip_inclusion,12,2,612,819,1,2,2,B
240110-B-138_crop_00.jpg,bg_to_strip_inclusion,13,29,603,820,7,16,2,B
240110-B-138_crop_00.jpg,bg_to_strip_inclusion,14,6,611,822,1,6,2,B
240110-B-138_crop_00.jpg,bg_to_strip_inclusion,15,6,52,831,2,6,2,B
240110-B-138_crop_00.jpg,bg_to_strip_inclusion,16,15,69,833,4,8,2,B
240110-B-138_crop_00.jpg,bg_to_strip_inclusion,17,9,1001,848,3,8,3,C
240110-B-138_crop_00.jpg,bg_to_strip_inclusion,18,2,70,850,1,2,2,B
240110-B-138_crop_00.jpg,bg_to_strip_inclusion,19,3,997,852,1,3,3,C
240110-B-138_crop_00.jpg,bg_to_strip_inclusion,21,3,997,876,1,3,3,C
240115-A-663_crop_01.jpg,bg_to_strip_inclusion,2,8,1013,633,1,8,3,C
240115-A-663_crop_01.jpg,bg_to_strip_inclusion,4,4,1012,645,1,4,3,C
240115-A-663_crop_01.jpg,bg_to_strip_inclusion,5,3,1006,646,1,3,3,C
240115-A-663_crop_01.jpg,bg_to_strip_inclusion,8,19,90,793,3,14,3,C
240115-A-663_crop_01.jpg,bg_to_strip_inclusion,9,11,97,799,1,11,3,C
240115-A-663_crop_01.jpg,bg_to_strip_inclusion,10,3,91,809,1,3,3,C
240115-A-663_crop_01.jpg,bg_to_strip_inclusion,12,5,87,966,1,5,3,C
240115-A-663_crop_01.jpg,bg_to_strip_inclusion,13,3,92,968,1,3,3,C
240115-A-663_crop_01.jpg,bg_to_strip_inclusion,14,3,88,973,1,3,3,C
240115-A-663_crop_01.jpg,bg_to_strip_inclusion,15,38,89,974,6,15,3,C
240115-A-666_crop_00.jpg,bg_to_strip_inclusion,1,8,372,19,4,4,1,A
240115-A-666_crop_00.jpg,bg_to_strip_inclusion,2,5,371,24,1,5,1,A
240115-A-666_crop_00.jpg,bg_to_strip_inclusion,3,2,370,32,1,2,1,A
240115-A-666_crop_00.jpg,bg_to_strip_inclusion,5,4,373,53,1,4,1,A
240115-A-666_crop_00.jpg,bg_to_strip_inclusion,6,6,365,72,1,6,1,A
240115-A-666_crop_00.jpg,bg_to_strip_inclusion,7,2,352,176,1,2,1,A
240115-A-666_crop_00.jpg,bg_to_strip_inclusion,8,34,342,307,4,15,1,A
240115-A-666_crop_00.jpg,bg_to_strip_inclusion,9,2,341,330,1,2,1,A
240115-A-666_crop_00.jpg,bg_to_strip_inclusion,10,6,341,344,5,4,1,A
240115-A-666_crop_00.jpg,bg_to_strip_inclusion,11,4,255,493,1,4,1,A
240115-A-666_crop_00.jpg,bg_to_strip_inclusion,12,5,253,498,2,5,1,A
240115-A-666_crop_00.jpg,bg_to_strip_inclusion,13,7,250,504,3,7,1,A
240115-A-666_crop_00.jpg,bg_to_strip_inclusion,14,2,261,512,1,2,1,A
240115-A-666_crop_00.jpg,bg_to_strip_inclusion,15,2,249,518,1,2,1,A
240115-A-666_crop_00.jpg,bg_to_strip_inclusion,18,39,412,622,5,11,3,C
240115-A-666_crop_00.jpg,bg_to_strip_inclusion,20,7,679,854,2,4,3,C
240115-A-666_crop_00.jpg,bg_to_strip_inclusion,21,8,675,859,5,4,3,C
240115-A-666_crop_00.jpg,bg_to_strip_inclusion,22,2,773,988,1,2,3,C
240115-A-666_crop_00.jpg,bg_to_strip_inclusion,23,9,774,992,1,9,3,C
240115-A-666_crop_00.jpg,bg_to_strip_inclusion,24,96,191,994,7,21,3,C
240115-A-666_crop_00.jpg,bg_to_strip_inclusion,25,2,769,1005,1,2,3,C
240115-A-667_crop_01.jpg,bg_to_strip_inclusion,1,2,183,799,2,2,1,A
240115-A-667_crop_01.jpg,bg_to_strip_inclusion,3,5,188,803,1,5,1,A
240115-A-667_crop_01.jpg,bg_to_strip_inclusion,4,7,189,810,1,7,1,A
240115-A-667_crop_01.jpg,bg_to_strip_inclusion,5,7,180,838,1,7,1,A
240115-A-667_crop_01.jpg,bg_to_strip_inclusion,6,2,188,848,1,2,1,A
240115-A-667_crop_01.jpg,bg_to_strip_inclusion,7,12,181,854,1,12,1,A
240115-A-667_crop_01.jpg,bg_to_strip_inclusion,8,10,185,865,3,9,1,A
240115-A-667_crop_01.jpg,bg_to_strip_inclusion,9,4,182,867,1,4,1,A
240115-A-668_crop_01.jpg,bg_to_strip_inclusion,1,9,222,35,5,5,3,C
240115-A-668_crop_01.jpg,bg_to_strip_inclusion,2,5,223,49,1,5,3,C
240115-A-668_crop_01.jpg,bg_to_strip_inclusion,3,6,228,53,1,6,3,C
240115-A-668_crop_01.jpg,bg_to_strip_inclusion,4,2,229,62,1,2,3,C
240115-A-668_crop_01.jpg,bg_to_strip_inclusion,5,12,923,529,8,7,1,A
240115-A-668_crop_01.jpg,bg_to_strip_inclusion,7,2,934,535,1,2,1,A
240115-A-668_crop_01.jpg,bg_to_strip_inclusion,8,2,935,539,1,2,1,A
240115-A-668_crop_01.jpg,bg_to_strip_inclusion,9,3,921,542,1,3,1,A
240115-A-668_crop_01.jpg,bg_to_strip_inclusion,11,3,922,546,1,3,1,A
240115-A-668_crop_01.jpg,bg_to_strip_inclusion,16,3,937,557,1,3,1,A
240115-A-668_crop_01.jpg,bg_to_strip_inclusion,17,2,86,822,1,2,1,A
240115-A-668_crop_01.jpg,bg_to_strip_inclusion,18,4,85,830,1,4,1,A
240115-A-668_crop_01.jpg,bg_to_strip_inclusion,19,2,84,837,1,2,1,A
240115-A-668_crop_01.jpg,bg_to_strip_inclusion,21,4,70,870,1,4,1,A
240115-A-668_crop_01.jpg,bg_to_strip_inclusion,22,7,69,877,1,7,1,A
240115-A-668_crop_01.jpg,bg_to_strip_inclusion,23,7,68,885,1,7,1,A
240115-A-668_crop_01.jpg,bg_to_strip_inclusion,24,9,66,896,2,9,1,A
240115-A-668_crop_01.jpg,bg_to_strip_inclusion,26,2,70,909,1,2,1,A
240115-A-668_crop_01.jpg,bg_to_strip_inclusion,28,24,62,928,5,11,1,A
240115-A-669_crop_01.jpg,bg_to_strip_inclusion,1,3,519,381,1,3,3,C
240115-A-669_crop_01.jpg,bg_to_strip_inclusion,2,12,517,385,2,12,3,C
240115-A-669_crop_01.jpg,bg_to_strip_inclusion,3,3,517,402,2,3,3,C
240115-A-673_crop_00.jpg,bg_to_strip_inclusion,1,10,627,18,5,4,1,A
240115-A-673_crop_00.jpg,bg_to_strip_inclusion,2,2,628,27,1,2,1,A
240115-A-673_crop_00.jpg,bg_to_strip_inclusion,4,50,630,44,2,41,1,A
240115-A-673_crop_00.jpg,bg_to_strip_inclusion,6,25,631,88,2,19,1,A
240115-A-673_crop_00.jpg,bg_to_strip_inclusion,7,9,632,121,1,9,1,A
240115-A-673_crop_00.jpg,bg_to_strip_inclusion,8,17,641,131,1,17,1,A
240115-A-673_crop_00.jpg,bg_to_strip_inclusion,9,29,633,133,2,25,1,A
240115-A-673_crop_00.jpg,bg_to_strip_inclusion,10,11,635,159,1,11,1,A
240115-A-673_crop_00.jpg,bg_to_strip_inclusion,11,10,636,171,1,10,1,A
240115-A-673_crop_00.jpg,bg_to_strip_inclusion,12,4,637,184,1,4,1,A
240115-A-673_crop_00.jpg,bg_to_strip_inclusion,13,8,638,197,1,8,1,A
240115-A-673_crop_00.jpg,bg_to_strip_inclusion,15,4,645,216,1,4,1,A
240115-A-673_crop_00.jpg,bg_to_strip_inclusion,16,3,646,225,1,3,1,A
240115-A-673_crop_00.jpg,bg_to_strip_inclusion,18,13,645,240,1,13,1,A
240115-A-673_crop_00.jpg,bg_to_strip_inclusion,20,3,259,251,1,3,1,A
240115-A-673_crop_00.jpg,bg_to_strip_inclusion,21,4,253,252,1,4,1,A
240115-A-673_crop_00.jpg,bg_to_strip_inclusion,22,8,640,255,1,8,1,A
240115-A-673_crop_00.jpg,bg_to_strip_inclusion,23,7,252,258,2,7,1,A
240115-A-673_crop_00.jpg,bg_to_strip_inclusion,25,3,256,262,2,3,1,A
240115-A-673_crop_00.jpg,bg_to_strip_inclusion,26,3,644,273,1,3,1,A
240115-A-673_crop_00.jpg,bg_to_strip_inclusion,27,11,263,354,1,11,1,A
240115-A-673_crop_00.jpg,bg_to_strip_inclusion,28,3,262,370,1,3,1,A
240115-A-673_crop_00.jpg,bg_to_strip_inclusion,29,2,255,380,1,2,1,A
240115-A-673_crop_00.jpg,bg_to_strip_inclusion,30,12,253,383,2,10,1,A
240115-A-673_crop_00.jpg,bg_to_strip_inclusion,31,3,252,394,1,3,1,A
240115-A-673_crop_00.jpg,bg_to_strip_inclusion,32,4,160,401,2,2,1,A
240115-A-673_crop_00.jpg,bg_to_strip_inclusion,38,8,166,412,1,8,1,A
240115-A-673_crop_00.jpg,bg_to_strip_inclusion,39,3,646,416,2,2,1,A
240115-A-673_crop_00.jpg,bg_to_strip_inclusion,40,15,246,422,5,5,1,A
240115-A-673_crop_00.jpg,bg_to_strip_inclusion,41,27,651,435,5,10,1,A
240115-A-673_crop_00.jpg,bg_to_strip_inclusion,42,4,852,545,4,1,1,A
240115-A-673_crop_00.jpg,bg_to_strip_inclusion,45,2,851,569,1,2,1,A
240115-A-673_crop_00.jpg,bg_to_strip_inclusion,46,3,852,572,1,3,1,A
240115-A-673_crop_00.jpg,bg_to_strip_inclusion,47,6,853,576,2,6,1,A
240115-A-673_crop_00.jpg,bg_to_strip_inclusion,48,4,860,577,1,4,1,A
240115-A-673_crop_00.jpg,bg_to_strip_inclusion,49,3,855,584,1,3,1,A
240115-A-673_crop_00.jpg,bg_to_strip_inclusion,50,6,861,587,1,6,1,A
240115-A-673_crop_00.jpg,bg_to_strip_inclusion,51,6,856,590,1,6,1,A
240115-A-673_crop_00.jpg,bg_to_strip_inclusion,53,3,226,649,2,3,1,A
240115-A-673_crop_00.jpg,bg_to_strip_inclusion,54,2,228,653,1,2,1,A
240115-A-673_crop_00.jpg,bg_to_strip_inclusion,55,8,205,667,1,8,1,A
240115-A-673_crop_00.jpg,bg_to_strip_inclusion,56,2,231,669,1,2,1,A
240115-A-673_crop_00.jpg,bg_to_strip_inclusion,57,16,232,674,3,15,1,A
240115-A-673_crop_00.jpg,bg_to_strip_inclusion,58,8,206,681,1,8,1,A
240115-A-673_crop_00.jpg,bg_to_strip_inclusion,59,5,207,691,1,5,1,A
240115-A-673_crop_00.jpg,bg_to_strip_inclusion,60,2,229,695,2,2,1,A
240115-A-673_crop_00.jpg,bg_to_strip_inclusion,61,2,208,699,1,2,1,A
240115-A-673_crop_00.jpg,bg_to_strip_inclusion,63,3,851,771,3,2,1,A
240115-A-673_crop_00.jpg,bg_to_strip_inclusion,64,2,850,777,1,2,1,A
240115-A-673_crop_00.jpg,bg_to_strip_inclusion,65,4,849,790,1,4,1,A
240115-A-673_crop_00.jpg,bg_to_strip_inclusion,67,8,848,803,1,8,1,A
240115-A-673_crop_00.jpg,bg_to_strip_inclusion,68,2,847,819,1,2,1,A
240115-A-673_crop_00.jpg,bg_to_strip_inclusion,72,2,255,839,1,2,1,A
240115-A-676_crop_00.jpg,bg_to_strip_inclusion,1,15,510,242,7,10,1,A
240115-A-676_crop_00.jpg,bg_to_strip_inclusion,2,15,515,253,3,14,1,A
240115-A-676_crop_00.jpg,bg_to_strip_inclusion,3,3,507,259,1,3,1,A
240115-A-676_crop_00.jpg,bg_to_strip_inclusion,4,6,508,265,3,5,1,A
240115-A-676_crop_00.jpg,bg_to_strip_inclusion,5,4,324,387,3,2,3,C
240115-A-676_crop_00.jpg,bg_to_strip_inclusion,6,5,324,393,1,5,3,C
240115-A-676_crop_00.jpg,bg_to_strip_inclusion,7,6,325,400,1,6,3,C
240115-A-676_crop_00.jpg,bg_to_strip_inclusion,8,6,325,415,1,6,3,C
240115-A-676_crop_00.jpg,bg_to_strip_inclusion,9,3,334,421,1,3,3,C
240115-A-676_crop_00.jpg,bg_to_strip_inclusion,12,6,517,570,1,6,1,A
240115-A-676_crop_00.jpg,bg_to_strip_inclusion,13,3,521,609,1,3,1,A
240115-A-676_crop_00.jpg,bg_to_strip_inclusion,14,12,523,642,1,12,1,A
240115-A-676_crop_00.jpg,bg_to_strip_inclusion,15,4,534,642,1,4,1,A
240115-A-676_crop_00.jpg,bg_to_strip_inclusion,16,4,523,669,1,4,1,A
240115-A-678_crop_00.jpg,bg_to_strip_inclusion,1,4,93,72,4,2,1,A
240115-A-678_crop_00.jpg,bg_to_strip_inclusion,2,2,89,81,1,2,1,A
240115-A-678_crop_00.jpg,bg_to_strip_inclusion,3,2,88,86,1,2,1,A
240115-A-678_crop_00.jpg,bg_to_strip_inclusion,5,2,90,98,1,2,1,A
240115-A-678_crop_00.jpg,bg_to_strip_inclusion,6,6,91,101,1,6,1,A
240115-A-678_crop_00.jpg,bg_to_strip_inclusion,7,2,92,116,1,2,1,A
240115-A-678_crop_00.jpg,bg_to_strip_inclusion,10,5,101,179,4,2,1,A
240115-A-678_crop_00.jpg,bg_to_strip_inclusion,11,2,107,227,1,2,1,A
240115-A-678_crop_00.jpg,bg_to_strip_inclusion,12,2,108,233,1,2,1,A
240115-A-678_crop_00.jpg,bg_to_strip_inclusion,14,7,110,253,2,5,1,A
240115-A-678_crop_00.jpg,bg_to_strip_inclusion,16,10,662,298,1,10,3,C
240115-A-678_crop_00.jpg,bg_to_strip_inclusion,20,106,253,662,7,17,3,C
240115-A-678_crop_01.jpg,bg_to_strip_inclusion,3,2,947,395,1,2,1,A
240115-A-678_crop_01.jpg,bg_to_strip_inclusion,5,16,961,409,1,16,1,A
240115-A-678_crop_01.jpg,bg_to_strip_inclusion,6,3,30,410,3,2,1,A
240115-A-678_crop_01.jpg,bg_to_strip_inclusion,7,14,947,418,3,13,1,A
240115-A-678_crop_01.jpg,bg_to_strip_inclusion,8,4,950,432,1,4,1,A
240115-A-678_crop_01.jpg,bg_to_strip_inclusion,9,4,951,438,1,4,1,A
240115-A-678_crop_01.jpg,bg_to_strip_inclusion,10,10,958,439,1,10,1,A
240115-A-678_crop_01.jpg,bg_to_strip_inclusion,11,4,952,445,1,4,1,A
240115-A-678_crop_01.jpg,bg_to_strip_inclusion,12,3,953,452,1,3,1,A
240115-A-686_crop_02.jpg,bg_to_strip_inclusion,3,2,287,967,1,2,1,A
240115-A-686_crop_02.jpg,bg_to_strip_inclusion,4,2,287,1000,1,2,1,A
240115-A-690_crop_01.jpg,bg_to_strip_inclusion,1,6,861,286,3,2,3,C
240115-A-690_crop_01.jpg,bg_to_strip_inclusion,2,13,858,290,3,12,3,C
240115-A-699_crop_00.jpg,bg_to_strip_inclusion,2,7,736,44,3,3,3,C
240115-A-699_crop_00.jpg,bg_to_strip_inclusion,3,19,958,158,2,18,1,A
240115-A-699_crop_00.jpg,bg_to_strip_inclusion,5,4,634,208,1,4,1,A
240115-A-699_crop_00.jpg,bg_to_strip_inclusion,6,5,641,224,1,5,1,A
240115-A-699_crop_00.jpg,bg_to_strip_inclusion,7,6,642,231,1,6,1,A
240115-A-699_crop_00.jpg,bg_to_strip_inclusion,8,24,633,239,2,21,1,A
240115-A-699_crop_00.jpg,bg_to_strip_inclusion,9,5,643,238,1,5,1,A
240115-A-699_crop_00.jpg,bg_to_strip_inclusion,10,9,635,269,1,9,1,A
240115-A-699_crop_00.jpg,bg_to_strip_inclusion,11,2,636,286,1,2,1,A
240115-A-699_crop_00.jpg,bg_to_strip_inclusion,13,4,631,381,4,2,1,A
240115-A-699_crop_00.jpg,bg_to_strip_inclusion,15,7,626,410,1,7,1,A
240115-A-699_crop_00.jpg,bg_to_strip_inclusion,16,2,632,427,2,1,1,A
240115-A-699_crop_00.jpg,bg_to_strip_inclusion,17,13,57,852,4,9,1,A
240115-A-699_crop_00.jpg,bg_to_strip_inclusion,18,7,63,852,3,5,1,A
240115-A-699_crop_00.jpg,bg_to_strip_inclusion,20,20,56,884,2,20,1,A
240115-A-699_crop_00.jpg,bg_to_strip_inclusion,21,6,58,905,1,6,1,A
240115-A-699_crop_00.jpg,bg_to_strip_inclusion,22,20,65,933,5,8,1,A
240115-A-699_crop_02.jpg,bg_to_strip_inclusion,1,10,621,394,2,10,1,A
240115-A-699_crop_02.jpg,bg_to_strip_inclusion,3,5,766,399,1,5,3,C
240115-A-699_crop_02.jpg,bg_to_strip_inclusion,5,4,763,407,4,2,3,C
240115-A-699_crop_02.jpg,bg_to_strip_inclusion,9,27,416,589,4,10,3,C
240115-A-702_crop_00.jpg,bg_to_strip_inclusion,1,9,819,310,1,9,1,A
240115-A-702_crop_00.jpg,bg_to_strip_inclusion,3,7,823,361,3,4,1,A
240115-A-702_crop_00.jpg,bg_to_strip_inclusion,5,4,823,392,3,2,1,A
240115-A-702_crop_00.jpg,bg_to_strip_inclusion,6,4,646,593,2,4,1,A
240115-A-702_crop_00.jpg,bg_to_strip_inclusion,7,5,642,624,1,5,1,A
240115-A-702_crop_00.jpg,bg_to_strip_inclusion,8,3,641,635,1,3,1,A
240115-A-702_crop_00.jpg,bg_to_strip_inclusion,10,7,644,659,2,7,1,A
240115-A-702_crop_00.jpg,bg_to_strip_inclusion,12,2,642,674,1,2,1,A
240115-A-702_crop_00.jpg,bg_to_strip_inclusion,14,3,641,678,1,3,1,A
240115-A-702_crop_00.jpg,bg_to_strip_inclusion,16,4,640,684,1,4,1,A
240115-A-702_crop_00.jpg,bg_to_strip_inclusion,17,27,519,861,5,11,1,A
240115-A-702_crop_00.jpg,bg_to_strip_inclusion,18,7,512,875,3,6,1,A
240115-A-702_crop_00.jpg,bg_to_strip_inclusion,19,2,529,878,1,2,1,A
240115-A-702_crop_00.jpg,bg_to_strip_inclusion,22,68,501,897,8,24,1,A
240115-A-702_crop_01.jpg,bg_to_strip_inclusion,1,8,287,59,1,8,1,A
240115-A-702_crop_01.jpg,bg_to_strip_inclusion,2,50,282,68,7,31,1,A
240115-A-702_crop_01.jpg,bg_to_strip_inclusion,4,5,275,164,4,3,1,A
240115-A-702_crop_01.jpg,bg_to_strip_inclusion,5,4,274,170,1,4,1,A
240115-A-702_crop_01.jpg,bg_to_strip_inclusion,6,14,281,171,1,14,1,A
240115-A-702_crop_01.jpg,bg_to_strip_inclusion,7,17,276,191,6,10,1,A
240115-A-703_crop_02.jpg,bg_to_strip_inclusion,1,22,624,307,2,22,1,A
240115-A-703_crop_02.jpg,bg_to_strip_inclusion,4,43,0,423,3,16,1,A
240115-A-703_crop_02.jpg,bg_to_strip_inclusion,5,3,29,441,1,3,1,A
240115-A-703_crop_02.jpg,bg_to_strip_inclusion,7,4,28,449,1,4,1,A
240115-A-703_crop_02.jpg,bg_to_strip_inclusion,8,7,27,459,1,7,1,A
240115-A-703_crop_02.jpg,bg_to_strip_inclusion,9,14,26,483,1,14,1,A
240115-A-703_crop_02.jpg,bg_to_strip_inclusion,10,4,39,498,1,4,1,A
240115-A-703_crop_02.jpg,bg_to_strip_inclusion,11,15,38,507,1,15,1,A
240115-A-703_crop_02.jpg,bg_to_strip_inclusion,13,2,32,544,1,2,1,A
240115-A-703_crop_02.jpg,bg_to_strip_inclusion,15,9,35,551,5,3,1,A
240115-A-704_crop_00.jpg,bg_to_strip_inclusion,1,4,53,0,3,2,1,A
240115-A-704_crop_00.jpg,bg_to_strip_inclusion,3,33,45,21,3,26,1,A
240115-A-704_crop_00.jpg,bg_to_strip_inclusion,4,26,250,179,3,21,1,A
240115-A-704_crop_00.jpg,bg_to_strip_inclusion,5,12,257,182,3,10,1,A
240115-A-704_crop_00.jpg,bg_to_strip_inclusion,8,3,262,206,1,3,1,A
240115-A-704_crop_00.jpg,bg_to_strip_inclusion,9,10,257,210,5,4,1,A
240115-A-704_crop_00.jpg,bg_to_strip_inclusion,11,2,399,435,1,2,1,A
240115-A-704_crop_00.jpg,bg_to_strip_inclusion,13,2,661,491,2,2,1,A
240115-A-704_crop_00.jpg,bg_to_strip_inclusion,14,6,394,492,1,6,1,A
240115-A-704_crop_00.jpg,bg_to_strip_inclusion,15,7,400,496,1,7,1,A
240115-A-704_crop_00.jpg,bg_to_strip_inclusion,19,2,659,510,1,2,1,A
240115-A-704_crop_00.jpg,bg_to_strip_inclusion,21,12,247,601,5,3,1,A
240115-A-704_crop_00.jpg,bg_to_strip_inclusion,22,3,615,936,2,3,1,A
240115-A-704_crop_00.jpg,bg_to_strip_inclusion,23,10,614,943,1,10,1,A
240115-A-704_crop_00.jpg,bg_to_strip_inclusion,24,2,621,951,1,2,1,A
240115-A-704_crop_00.jpg,bg_to_strip_inclusion,25,3,615,965,1,3,1,A
240115-A-704_crop_00.jpg,bg_to_strip_inclusion,27,2,616,973,1,2,1,A
240115-A-704_crop_02.jpg,bg_to_strip_inclusion,1,2,267,330,1,2,3,C
240115-A-704_crop_02.jpg,bg_to_strip_inclusion,5,2,257,547,2,1,3,C
240115-A-704_crop_02.jpg,bg_to_strip_inclusion,7,3,254,551,1,3,3,C
240115-A-704_crop_02.jpg,bg_to_strip_inclusion,8,2,253,555,1,2,3,C
240115-A-704_crop_02.jpg,bg_to_strip_inclusion,9,11,250,571,1,11,3,C
240115-A-704_crop_02.jpg,bg_to_strip_inclusion,12,4,251,585,1,4,3,C
240115-A-704_crop_02.jpg,bg_to_strip_inclusion,13,4,252,590,1,4,3,C
240115-A-704_crop_02.jpg,bg_to_strip_inclusion,14,3,253,596,1,3,3,C
240115-B-146_crop_00.jpg,bg_to_strip_inclusion,1,2,261,252,1,2,1,A
240115-B-146_crop_00.jpg,bg_to_strip_inclusion,3,14,252,275,5,11,1,A
240115-B-146_crop_00.jpg,bg_to_strip_inclusion,4,19,869,375,5,17,2,B
240115-B-146_crop_00.jpg,bg_to_strip_inclusion,5,9,880,375,3,4,2,B
240115-B-146_crop_00.jpg,bg_to_strip_inclusion,8,2,885,418,1,2,2,B
240115-B-146_crop_00.jpg,bg_to_strip_inclusion,9,4,869,423,1,4,2,B
240115-B-146_crop_00.jpg,bg_to_strip_inclusion,10,4,886,422,1,4,2,B
240115-B-146_crop_00.jpg,bg_to_strip_inclusion,11,3,870,428,1,3,2,B
240115-B-146_crop_00.jpg,bg_to_strip_inclusion,12,34,880,439,5,20,2,B
240115-B-146_crop_00.jpg,bg_to_strip_inclusion,13,109,874,468,5,57,2,B
240115-B-146_crop_00.jpg,bg_to_strip_inclusion,14,12,884,488,1,12,2,B
240115-B-146_crop_00.jpg,bg_to_strip_inclusion,15,3,880,526,3,2,2,B
240115-B-146_crop_00.jpg,bg_to_strip_inclusion,17,3,244,832,1,3,1,A
240115-B-146_crop_00.jpg,bg_to_strip_inclusion,18,2,243,837,1,2,1,A
240115-B-146_crop_00.jpg,bg_to_strip_inclusion,19,5,244,854,2,5,1,A
240115-B-146_crop_01.jpg,bg_to_strip_inclusion,4,5,589,906,1,5,1,A
240115-B-146_crop_01.jpg,bg_to_strip_inclusion,5,28,600,916,2,21,1,A
240115-B-146_crop_01.jpg,bg_to_strip_inclusion,6,2,603,952,1,2,1,A
240115-B-147_crop_00.jpg,bg_to_strip_inclusion,1,28,670,264,4,10,3,C
240115-B-147_crop_00.jpg,bg_to_strip_inclusion,5,2,932,326,1,2,1,A
240115-B-147_crop_00.jpg,bg_to_strip_inclusion,9,13,930,337,1,13,1,A
240115-B-147_crop_00.jpg,bg_to_strip_inclusion,10,2,37,338,1,2,3,C
240115-B-147_crop_00.jpg,bg_to_strip_inclusion,11,3,36,341,1,3,3,C
240115-B-147_crop_00.jpg,bg_to_strip_inclusion,12,8,30,344,3,6,3,C
240115-B-147_crop_00.jpg,bg_to_strip_inclusion,14,25,573,660,4,15,3,C
240115-B-147_crop_00.jpg,bg_to_strip_inclusion,16,2,636,751,1,2,1,A
240115-B-147_crop_00.jpg,bg_to_strip_inclusion,18,5,636,762,1,5,1,A
240115-B-147_crop_00.jpg,bg_to_strip_inclusion,19,2,643,768,1,2,1,A
240115-B-147_crop_00.jpg,bg_to_strip_inclusion,20,7,637,770,1,7,1,A
240115-B-147_crop_00.jpg,bg_to_strip_inclusion,21,8,638,780,1,8,1,A
240115-B-147_crop_00.jpg,bg_to_strip_inclusion,22,21,639,786,5,9,1,A
240115-B-147_crop_00.jpg,bg_to_strip_inclusion,23,77,847,861,6,17,3,C
240115-B-147_crop_01.jpg,bg_to_strip_inclusion,1,16,124,290,6,7,3,C
240115-B-147_crop_01.jpg,bg_to_strip_inclusion,3,137,107,315,9,39,3,C
240115-B-147_crop_01.jpg,bg_to_strip_inclusion,4,52,128,316,7,12,3,C
240115-B-147_crop_01.jpg,bg_to_strip_inclusion,5,2,131,329,1,2,3,C
240115-B-147_crop_01.jpg,bg_to_strip_inclusion,6,27,131,337,2,17,3,C
240115-B-147_crop_01.jpg,bg_to_strip_inclusion,7,12,106,386,3,7,3,C
240115-B-147_crop_01.jpg,bg_to_strip_inclusion,9,8,100,443,3,5,3,C
240115-B-147_crop_01.jpg,bg_to_strip_inclusion,10,8,113,461,3,4,3,C
240115-B-147_crop_01.jpg,bg_to_strip_inclusion,11,7,337,470,3,6,3,C
240115-B-147_crop_01.jpg,bg_to_strip_inclusion,13,3,104,473,1,3,3,C
240115-B-147_crop_01.jpg,bg_to_strip_inclusion,14,9,339,481,2,9,3,C
240115-B-147_crop_01.jpg,bg_to_strip_inclusion,15,10,345,483,2,9,3,C
240115-B-147_crop_01.jpg,bg_to_strip_inclusion,16,10,113,485,4,4,3,C
240115-B-147_crop_01.jpg,bg_to_strip_inclusion,17,11,342,496,6,4,3,C
240115-B-147_crop_01.jpg,bg_to_strip_inclusion,18,25,103,505,8,17,2,B
240115-B-147_crop_01.jpg,bg_to_strip_inclusion,19,10,650,753,4,5,3,C
240115-B-147_crop_01.jpg,bg_to_strip_inclusion,22,3,1005,967,1,3,3,C
240115-B-147_crop_01.jpg,bg_to_strip_inclusion,23,2,1010,968,1,2,3,C
240115-B-147_crop_01.jpg,bg_to_strip_inclusion,24,16,1004,972,5,8,3,C
240115-B-147_crop_01.jpg,bg_to_strip_inclusion,25,3,1009,972,1,3,3,C
240115-B-150_crop_00.jpg,bg_to_strip_inclusion,1,2,288,19,1,2,2,B
240115-B-150_crop_00.jpg,bg_to_strip_inclusion,2,3,289,22,1,3,2,B
240115-B-150_crop_00.jpg,bg_to_strip_inclusion,3,28,290,26,2,17,2,B
240115-B-150_crop_00.jpg,bg_to_strip_inclusion,5,79,259,33,20,40,2,B
240115-B-150_crop_00.jpg,bg_to_strip_inclusion,6,33,285,60,6,11,2,B
240115-B-150_crop_00.jpg,bg_to_strip_inclusion,7,35,273,74,7,14,2,B
240115-B-150_crop_00.jpg,bg_to_strip_inclusion,8,24,411,74,2,15,3,C
240115-B-150_crop_00.jpg,bg_to_strip_inclusion,9,4,416,79,1,4,3,C
240115-B-150_crop_00.jpg,bg_to_strip_inclusion,10,10,286,80,3,6,2,B
240115-B-150_crop_00.jpg,bg_to_strip_inclusion,11,4,417,87,1,4,3,C
240115-B-150_crop_00.jpg,bg_to_strip_inclusion,15,20,272,97,5,7,2,B
240115-B-150_crop_00.jpg,bg_to_strip_inclusion,16,5,284,98,2,3,2,B
240115-B-150_crop_00.jpg,bg_to_strip_inclusion,18,2,286,108,2,2,2,B
240115-B-150_crop_00.jpg,bg_to_strip_inclusion,21,2,295,118,2,2,2,B
240115-B-150_crop_00.jpg,bg_to_strip_inclusion,22,6,258,133,3,5,2,B
240115-B-150_crop_00.jpg,bg_to_strip_inclusion,24,17,262,141,4,7,2,B
240115-B-150_crop_00.jpg,bg_to_strip_inclusion,25,16,282,153,9,9,2,B
240115-B-150_crop_00.jpg,bg_to_strip_inclusion,27,32,264,157,5,13,2,B
240115-B-150_crop_00.jpg,bg_to_strip_inclusion,29,25,257,175,8,8,2,B
240115-B-150_crop_00.jpg,bg_to_strip_inclusion,30,6,285,177,1,6,2,B
240115-B-150_crop_00.jpg,bg_to_strip_inclusion,32,24,280,194,7,10,2,B
240115-B-150_crop_00.jpg,bg_to_strip_inclusion,34,10,260,201,2,7,2,B
240115-B-150_crop_00.jpg,bg_to_strip_inclusion,35,8,122,207,3,8,3,C
240115-B-150_crop_00.jpg,bg_to_strip_inclusion,36,5,292,211,1,5,2,B
240115-B-150_crop_00.jpg,bg_to_strip_inclusion,37,23,259,218,3,12,2,B
240115-B-150_crop_00.jpg,bg_to_strip_inclusion,38,8,121,222,1,8,3,C
240115-B-150_crop_00.jpg,bg_to_strip_inclusion,39,42,281,222,7,15,2,B
240115-B-150_crop_00.jpg,bg_to_strip_inclusion,40,33,263,234,4,10,2,B
240115-B-150_crop_00.jpg,bg_to_strip_inclusion,41,2,284,239,1,2,2,B
240115-B-150_crop_00.jpg,bg_to_strip_inclusion,42,17,273,242,11,9,2,B
240115-B-150_crop_00.jpg,bg_to_strip_inclusion,43,17,348,246,2,14,1,A
240115-B-150_crop_00.jpg,bg_to_strip_inclusion,44,27,268,252,5,10,2,B
240115-B-150_crop_00.jpg,bg_to_strip_inclusion,45,27,256,256,6,10,2,B
240115-B-150_crop_00.jpg,bg_to_strip_inclusion,46,38,345,262,4,30,1,A
240115-B-150_crop_00.jpg,bg_to_strip_inclusion,47,14,273,268,3,8,2,B
240115-B-150_crop_00.jpg,bg_to_strip_inclusion,48,14,251,271,7,8,2,B
240115-B-150_crop_00.jpg,bg_to_strip_inclusion,49,28,275,277,7,15,2,B
240115-B-150_crop_00.jpg,bg_to_strip_inclusion,50,28,246,280,5,14,2,B
240115-B-150_crop_00.jpg,bg_to_strip_inclusion,52,3,352,288,1,3,1,A
240115-B-150_crop_00.jpg,bg_to_strip_inclusion,53,9,246,299,1,9,2,B
240115-B-150_crop_00.jpg,bg_to_strip_inclusion,54,22,286,298,2,18,2,B
240115-B-150_crop_00.jpg,bg_to_strip_inclusion,55,14,244,311,2,9,2,B
240115-B-150_crop_00.jpg,bg_to_strip_inclusion,56,3,343,319,1,3,1,A
240115-B-150_crop_00.jpg,bg_to_strip_inclusion,57,5,351,321,1,5,1,A
240115-B-150_crop_00.jpg,bg_to_strip_inclusion,59,10,345,329,3,9,1,A
240115-B-150_crop_00.jpg,bg_to_strip_inclusion,60,6,243,334,3,5,2,B
240115-B-150_crop_00.jpg,bg_to_strip_inclusion,62,11,265,355,3,7,2,B
240115-B-150_crop_00.jpg,bg_to_strip_inclusion,63,21,254,356,4,10,2,B
240115-B-150_crop_00.jpg,bg_to_strip_inclusion,64,7,263,367,2,5,2,B
240115-B-150_crop_00.jpg,bg_to_strip_inclusion,65,250,251,380,19,41,2,B
240115-B-150_crop_00.jpg,bg_to_strip_inclusion,66,2,272,387,2,2,2,B
240115-B-150_crop_00.jpg,bg_to_strip_inclusion,67,2,276,395,1,2,2,B
240115-B-150_crop_00.jpg,bg_to_strip_inclusion,68,2,262,426,1,2,2,B
240115-B-150_crop_00.jpg,bg_to_strip_inclusion,70,10,258,482,8,6,2,B
240115-B-150_crop_00.jpg,bg_to_strip_inclusion,71,4,248,497,1,4,2,B
240115-B-150_crop_00.jpg,bg_to_strip_inclusion,72,12,249,514,2,12,2,B
240115-B-150_crop_00.jpg,bg_to_strip_inclusion,74,66,251,555,6,34,2,B
240115-B-150_crop_00.jpg,bg_to_strip_inclusion,75,5,883,565,5,3,3,C
240115-B-150_crop_00.jpg,bg_to_strip_inclusion,76,2,325,573,1,2,1,A
240115-B-150_crop_00.jpg,bg_to_strip_inclusion,77,3,886,573,1,3,3,C
240115-B-150_crop_00.jpg,bg_to_strip_inclusion,78,22,321,575,1,22,1,A
240115-B-150_crop_00.jpg,bg_to_strip_inclusion,80,4,881,582,3,2,3,C
240115-B-150_crop_00.jpg,bg_to_strip_inclusion,81,28,260,590,3,15,2,B
240115-B-150_crop_00.jpg,bg_to_strip_inclusion,84,24,254,598,7,12,2,B
240115-B-150_crop_00.jpg,bg_to_strip_inclusion,85,2,322,604,1,2,1,A
240115-B-150_crop_00.jpg,bg_to_strip_inclusion,86,2,323,611,1,2,1,A
240115-B-150_crop_00.jpg,bg_to_strip_inclusion,87,32,433,671,4,11,3,C
240115-B-150_crop_00.jpg,bg_to_strip_inclusion,88,15,311,971,5,7,1,A
240115-B-150_crop_00.jpg,bg_to_strip_inclusion,89,9,319,975,2,8,1,A
240115-B-150_crop_00.jpg,bg_to_strip_inclusion,90,21,305,983,3,16,1,A
240115-B-150_crop_00.jpg,bg_to_strip_inclusion,91,2,306,1009,1,2,1,A
240115-B-150_crop_00.jpg,bg_to_strip_inclusion,92,6,307,1012,2,5,1,A
240115-B-157_crop_00.jpg,bg_to_strip_inclusion,1,14,603,145,5,12,2,B
240115-B-157_crop_00.jpg,bg_to_strip_inclusion,2,2,596,152,1,2,2,B
240115-B-157_crop_00.jpg,bg_to_strip_inclusion,3,3,609,178,1,3,2,B
240115-B-157_crop_00.jpg,bg_to_strip_inclusion,4,9,612,195,5,5,2,B
240115-B-157_crop_00.jpg,bg_to_strip_inclusion,5,16,603,200,3,10,2,B
240115-B-157_crop_00.jpg,bg_to_strip_inclusion,6,74,607,212,11,18,2,B
240115-B-157_crop_00.jpg,bg_to_strip_inclusion,7,32,621,215,5,11,2,B
240115-B-157_crop_00.jpg,bg_to_strip_inclusion,8,6,622,235,1,6,2,B
240115-B-157_crop_00.jpg,bg_to_strip_inclusion,9,33,612,240,7,13,2,B
240115-B-157_crop_00.jpg,bg_to_strip_inclusion,10,4,623,242,1,4,2,B
240115-B-157_crop_00.jpg,bg_to_strip_inclusion,11,98,624,252,12,21,2,B
240115-B-157_crop_00.jpg,bg_to_strip_inclusion,12,70,614,265,8,21,2,B
240115-B-157_crop_00.jpg,bg_to_strip_inclusion,13,12,626,281,5,8,2,B
240115-B-157_crop_00.jpg,bg_to_strip_inclusion,14,2,627,305,2,2,2,B
240115-B-157_crop_00.jpg,bg_to_strip_inclusion,15,112,619,308,15,17,2,B
240115-B-157_crop_00.jpg,bg_to_strip_inclusion,16,73,609,327,7,19,2,B
240115-B-157_crop_00.jpg,bg_to_strip_inclusion,17,33,607,353,7,9,2,B
240115-B-157_crop_00.jpg,bg_to_strip_inclusion,18,10,595,356,6,5,2,B
240115-B-157_crop_00.jpg,bg_to_strip_inclusion,19,13,594,363,3,11,2,B
240115-B-157_crop_00.jpg,bg_to_strip_inclusion,20,5,610,363,3,5,2,B
240115-B-157_crop_00.jpg,bg_to_D,1,3,618,442,3,1,4,D
240115-B-161_crop_00.jpg,bg_to_strip_inclusion,1,3,33,5,3,2,3,C
240115-B-161_crop_00.jpg,bg_to_strip_inclusion,2,8,30,8,1,8,3,C
240115-B-161_crop_00.jpg,bg_to_strip_inclusion,3,4,31,25,1,4,3,C
240115-B-161_crop_00.jpg,bg_to_strip_inclusion,6,3,37,63,2,3,3,C
240115-B-161_crop_00.jpg,bg_to_strip_inclusion,7,31,508,243,6,18,3,C
240115-B-161_crop_00.jpg,bg_to_strip_inclusion,8,5,515,246,1,5,3,C
240115-B-161_crop_00.jpg,bg_to_strip_inclusion,9,13,509,265,6,5,3,C
240115-B-161_crop_00.jpg,bg_to_strip_inclusion,11,3,767,803,3,2,2,B
240115-B-161_crop_00.jpg,bg_to_strip_inclusion,13,14,763,810,2,10,2,B
240115-B-161_crop_00.jpg,bg_to_strip_inclusion,14,5,772,811,1,5,2,B
240115-B-161_crop_00.jpg,bg_to_strip_inclusion,15,5,772,819,1,5,2,B
240115-B-161_crop_00.jpg,bg_to_strip_inclusion,16,25,762,831,6,20,2,B
240115-B-161_crop_00.jpg,bg_to_strip_inclusion,17,11,775,833,5,8,2,B
240115-B-161_crop_00.jpg,bg_to_strip_inclusion,18,3,780,844,1,3,2,B
240115-B-161_crop_00.jpg,bg_to_strip_inclusion,19,2,779,848,1,2,2,B
240115-B-161_crop_00.jpg,bg_to_strip_inclusion,20,145,762,853,15,29,2,B
240115-B-161_crop_00.jpg,bg_to_strip_inclusion,21,24,765,915,8,14,2,B
240115-B-161_crop_00.jpg,bg_to_strip_inclusion,22,5,776,928,1,5,2,B
240115-B-161_crop_00.jpg,bg_to_strip_inclusion,23,36,767,931,4,18,2,B
240115-B-161_crop_00.jpg,bg_to_strip_inclusion,25,12,774,948,3,9,2,B
240115-B-161_crop_00.jpg,bg_to_strip_inclusion,26,8,768,953,1,8,2,B
240115-B-162_crop_00.jpg,bg_to_strip_inclusion,1,15,763,10,6,4,2,B
240115-B-162_crop_00.jpg,bg_to_strip_inclusion,2,24,763,16,3,15,2,B
240115-B-162_crop_00.jpg,bg_to_strip_inclusion,3,3,770,20,1,3,2,B
240115-B-162_crop_00.jpg,bg_to_strip_inclusion,4,6,771,25,1,6,2,B
240115-B-162_crop_00.jpg,bg_to_strip_inclusion,5,31,758,47,5,21,2,B
240115-B-162_crop_00.jpg,bg_to_strip_inclusion,6,10,770,48,3,9,2,B
240115-B-162_crop_00.jpg,bg_to_strip_inclusion,7,24,189,55,5,7,3,C
240115-B-162_crop_00.jpg,bg_to_strip_inclusion,8,2,774,63,1,2,2,B
240115-B-162_crop_00.jpg,bg_to_strip_inclusion,9,4,760,69,1,4,2,B
240115-B-162_crop_00.jpg,bg_to_strip_inclusion,10,26,769,69,6,12,2,B
240115-B-162_crop_00.jpg,bg_to_strip_inclusion,11,6,761,75,1,6,2,B
240115-B-162_crop_00.jpg,bg_to_strip_inclusion,12,4,760,82,1,4,2,B
240115-B-162_crop_00.jpg,bg_to_strip_inclusion,13,43,762,84,6,34,2,B
240115-B-162_crop_00.jpg,bg_to_strip_inclusion,14,9,758,87,2,9,2,B
240115-B-162_crop_00.jpg,bg_to_strip_inclusion,15,2,757,97,1,2,2,B
240115-B-162_crop_00.jpg,bg_to_strip_inclusion,16,8,756,111,1,8,2,B
240115-B-162_crop_00.jpg,bg_to_strip_inclusion,17,10,755,122,1,10,2,B
240115-B-162_crop_00.jpg,bg_to_strip_inclusion,18,17,763,122,3,14,2,B
240115-B-162_crop_00.jpg,bg_to_strip_inclusion,19,26,748,133,7,22,2,B
240115-B-162_crop_00.jpg,bg_to_strip_inclusion,20,8,765,144,2,5,2,B
240115-B-162_crop_00.jpg,bg_to_strip_inclusion,21,7,758,154,6,7,2,B
240115-B-162_crop_00.jpg,bg_to_strip_inclusion,22,2,749,156,1,2,2,B
240115-B-162_crop_00.jpg,bg_to_strip_inclusion,26,2,551,178,1,2,3,C
240115-B-162_crop_00.jpg,bg_to_strip_inclusion,27,2,545,185,1,2,3,C
240115-B-162_crop_00.jpg,bg_to_strip_inclusion,28,14,545,189,6,6,3,C
240115-B-162_crop_00.jpg,bg_to_strip_inclusion,30,16,160,246,4,12,3,C
240115-B-162_crop_00.jpg,bg_to_strip_inclusion,31,13,764,506,8,4,2,B
240115-B-162_crop_00.jpg,bg_to_strip_inclusion,33,462,762,515,16,61,2,B
240115-B-163_crop_00.jpg,bg_to_strip_inclusion,1,37,73,0,10,9,2,B
240115-B-163_crop_00.jpg,bg_to_strip_inclusion,2,7,45,99,1,7,3,C
240115-B-163_crop_00.jpg,bg_to_strip_inclusion,3,10,617,173,3,8,2,B
240115-B-163_crop_00.jpg,bg_to_strip_inclusion,6,22,616,182,2,15,2,B
240115-B-163_crop_00.jpg,bg_to_strip_inclusion,7,14,612,204,4,8,2,B
240115-B-163_crop_00.jpg,bg_to_strip_inclusion,10,2,610,216,1,2,2,B
240115-B-163_crop_00.jpg,bg_to_strip_inclusion,11,15,612,221,6,8,2,B
240115-B-163_crop_00.jpg,bg_to_strip_inclusion,12,5,627,227,1,5,2,B
240115-B-163_crop_00.jpg,bg_to_strip_inclusion,13,12,620,235,4,11,2,B
240115-B-163_crop_00.jpg,bg_to_strip_inclusion,14,8,633,247,4,5,2,B
240115-B-163_crop_00.jpg,bg_to_strip_inclusion,15,44,620,251,3,19,2,B
240115-B-163_crop_00.jpg,bg_to_strip_inclusion,16,4,619,271,1,4,2,B
240115-B-163_crop_00.jpg,bg_to_strip_inclusion,17,34,634,272,6,9,2,B
240115-B-163_crop_00.jpg,bg_to_strip_inclusion,18,16,620,282,13,7,2,B
240115-B-163_crop_00.jpg,bg_to_strip_inclusion,19,2,416,921,1,2,2,B
240115-B-163_crop_00.jpg,bg_to_strip_inclusion,21,8,973,983,4,3,3,C
240115-B-163_crop_00.jpg,bg_to_strip_inclusion,22,12,977,990,1,12,3,C
240115-B-163_crop_00.jpg,bg_to_strip_inclusion,23,13,971,993,2,8,3,C
240115-B-163_crop_00.jpg,bg_to_strip_inclusion,24,2,978,1004,1,2,3,C
240115-B-163_crop_00.jpg,bg_to_strip_inclusion,25,9,972,1008,3,9,3,C
240115-B-172_crop_00.jpg,bg_to_strip_inclusion,1,8,928,320,5,3,3,C
240115-B-172_crop_00.jpg,bg_to_strip_inclusion,2,46,928,328,6,25,3,C
240115-B-172_crop_00.jpg,bg_to_strip_inclusion,3,26,286,515,7,8,2,B
240115-B-172_crop_00.jpg,bg_to_strip_inclusion,4,21,285,524,2,15,2,B
240115-B-172_crop_00.jpg,bg_to_strip_inclusion,5,16,294,534,5,10,2,B
240115-B-172_crop_00.jpg,bg_to_strip_inclusion,6,12,284,551,4,10,2,B
240115-B-172_crop_00.jpg,bg_to_strip_inclusion,7,3,295,550,2,3,2,B
240115-B-172_crop_00.jpg,bg_to_strip_inclusion,10,4,280,577,2,4,2,B
240115-B-172_crop_00.jpg,bg_to_strip_inclusion,11,4,278,599,1,4,2,B
240115-B-172_crop_00.jpg,bg_to_strip_inclusion,12,7,290,613,2,6,2,B
240115-B-172_crop_00.jpg,bg_to_strip_inclusion,13,4,279,631,1,4,2,B
240115-B-172_crop_00.jpg,bg_to_strip_inclusion,14,7,278,636,1,7,2,B
240115-B-172_crop_00.jpg,bg_to_strip_inclusion,16,2,291,640,1,2,2,B
240115-B-172_crop_00.jpg,bg_to_strip_inclusion,17,31,287,651,5,13,2,B
240115-B-172_crop_00.jpg,bg_to_strip_inclusion,18,17,275,659,5,9,2,B
240115-B-172_crop_00.jpg,bg_to_strip_inclusion,19,17,273,672,2,12,2,B
240115-B-172_crop_00.jpg,bg_to_strip_inclusion,20,5,291,676,1,5,2,B
240115-B-172_crop_00.jpg,bg_to_strip_inclusion,21,39,390,690,4,12,3,C
240115-B-172_crop_00.jpg,bg_to_strip_inclusion,22,2,273,699,1,2,2,B
240115-B-172_crop_00.jpg,bg_to_strip_inclusion,23,2,272,702,1,2,2,B
240115-B-172_crop_00.jpg,bg_to_strip_inclusion,24,95,263,705,9,40,2,B
240115-B-172_crop_00.jpg,bg_to_strip_inclusion,26,16,296,709,4,9,2,B
240115-B-172_crop_00.jpg,bg_to_strip_inclusion,28,22,298,745,7,17,2,B
240115-B-172_crop_00.jpg,bg_to_strip_inclusion,29,2,268,747,1,2,2,B
240115-B-172_crop_00.jpg,bg_to_strip_inclusion,33,14,284,769,8,6,2,B
240115-B-173_crop_02.jpg,bg_to_strip_inclusion,1,33,245,460,4,10,3,C
240115-B-173_crop_02.jpg,bg_to_strip_inclusion,2,16,521,858,3,12,2,B
240115-B-174_crop_00.jpg,bg_to_strip_inclusion,1,191,655,426,9,26,3,C
240115-B-174_crop_00.jpg,bg_to_strip_inclusion,2,5,376,579,1,5,2,B
240115-B-174_crop_00.jpg,bg_to_strip_inclusion,3,7,377,587,2,7,2,B
240115-B-174_crop_00.jpg,bg_to_strip_inclusion,4,3,371,589,1,3,2,B
240115-B-174_crop_00.jpg,bg_to_strip_inclusion,7,17,384,609,2,15,2,B
240115-B-174_crop_00.jpg,bg_to_strip_inclusion,8,3,369,612,1,3,2,B
240115-B-174_crop_00.jpg,bg_to_strip_inclusion,9,11,365,630,3,7,3,C
240115-B-174_crop_00.jpg,bg_to_strip_inclusion,11,26,385,643,3,13,3,C
240115-B-174_crop_00.jpg,bg_to_strip_inclusion,12,8,364,648,4,8,3,C
240115-B-174_crop_00.jpg,bg_to_strip_inclusion,13,2,384,664,1,2,3,C
240115-B-174_crop_00.jpg,bg_to_strip_inclusion,14,3,383,668,1,3,2,B
240115-B-174_crop_00.jpg,bg_to_strip_inclusion,15,28,370,673,3,20,2,B
240115-B-174_crop_00.jpg,bg_to_strip_inclusion,16,7,382,676,1,7,2,B
240115-B-174_crop_00.jpg,bg_to_strip_inclusion,17,41,139,693,10,6,3,C
240115-B-174_crop_00.jpg,bg_to_strip_inclusion,18,23,378,698,3,17,2,B
240115-B-174_crop_00.jpg,bg_to_strip_inclusion,19,70,146,714,10,11,2,B
240115-B-174_crop_00.jpg,bg_to_strip_inclusion,20,113,368,716,9,26,2,B
240115-B-174_crop_00.jpg,bg_to_strip_inclusion,21,19,331,775,3,10,3,C
240115-C-148_crop_00.jpg,bg_to_strip_inclusion,1,6,313,34,5,2,3,C
240115-C-148_crop_00.jpg,bg_to_strip_inclusion,4,5,302,61,3,3,3,C
240115-C-148_crop_00.jpg,bg_to_strip_inclusion,5,9,325,62,1,9,3,C
240115-C-148_crop_00.jpg,bg_to_strip_inclusion,6,42,307,69,6,22,3,C
240115-C-148_crop_00.jpg,bg_to_strip_inclusion,9,12,314,134,2,8,3,C
240115-C-148_crop_00.jpg,bg_to_strip_inclusion,10,7,294,160,1,7,3,C
240115-C-148_crop_00.jpg,bg_to_strip_inclusion,11,3,293,169,1,3,3,C
240115-C-148_crop_00.jpg,bg_to_strip_inclusion,14,6,290,201,2,5,3,C
240115-C-148_crop_00.jpg,bg_to_strip_inclusion,15,3,293,229,1,3,3,C
240115-C-148_crop_00.jpg,bg_to_strip_inclusion,16,2,320,232,1,2,3,C
240115-C-148_crop_00.jpg,bg_to_strip_inclusion,17,6,318,236,2,6,3,C
240115-C-148_crop_00.jpg,bg_to_strip_inclusion,19,8,286,244,3,8,3,C
240115-C-148_crop_00.jpg,bg_to_strip_inclusion,21,14,287,256,7,14,3,C
240115-C-148_crop_00.jpg,bg_to_strip_inclusion,22,7,295,291,1,7,3,C
240115-C-148_crop_00.jpg,bg_to_strip_inclusion,23,5,292,309,1,5,3,C
240115-C-148_crop_00.jpg,bg_to_strip_inclusion,24,2,521,860,1,2,3,C
240115-C-148_crop_00.jpg,bg_to_strip_inclusion,25,2,527,862,1,2,3,C
240115-C-148_crop_00.jpg,bg_to_D,1,215,411,7,15,18,4,D
240115-C-155_crop_01.jpg,bg_to_strip_inclusion,1,6,800,71,4,2,3,C
240115-C-155_crop_01.jpg,bg_to_strip_inclusion,2,7,800,78,1,7,3,C
240115-C-155_crop_01.jpg,bg_to_strip_inclusion,3,9,806,84,2,8,3,C
240115-C-155_crop_01.jpg,bg_to_strip_inclusion,4,3,802,92,1,3,3,C
240115-C-155_crop_01.jpg,bg_to_strip_inclusion,6,3,803,96,1,3,3,C
240115-C-155_crop_01.jpg,bg_to_strip_inclusion,7,2,810,99,1,2,3,C
240115-C-155_crop_01.jpg,bg_to_strip_inclusion,8,6,804,100,2,6,3,C
240115-C-155_crop_01.jpg,bg_to_strip_inclusion,10,51,128,337,6,13,3,C
240115-C-156_crop_00.jpg,bg_to_strip_inclusion,1,3,529,152,3,1,3,C
240115-C-156_crop_00.jpg,bg_to_strip_inclusion,2,2,527,155,1,2,3,C
240115-C-156_crop_00.jpg,bg_to_strip_inclusion,3,35,521,158,6,16,3,C
240115-C-156_crop_00.jpg,bg_to_strip_inclusion,4,37,532,158,3,32,3,C
240115-C-156_crop_00.jpg,bg_to_strip_inclusion,5,14,514,180,3,12,3,C
240115-C-156_crop_00.jpg,bg_to_strip_inclusion,6,3,531,192,1,3,3,C
240115-C-156_crop_00.jpg,bg_to_strip_inclusion,7,43,530,196,9,33,3,C
240115-C-156_crop_00.jpg,bg_to_strip_inclusion,8,2,539,230,1,2,3,C
240115-C-156_crop_00.jpg,bg_to_strip_inclusion,11,2,521,237,1,2,3,C
240115-C-156_crop_00.jpg,bg_to_strip_inclusion,12,4,522,240,1,4,3,C
240115-C-156_crop_00.jpg,bg_to_strip_inclusion,13,12,539,241,1,12,3,C
240115-C-156_crop_00.jpg,bg_to_strip_inclusion,14,3,540,258,1,3,3,C
240115-C-156_crop_00.jpg,bg_to_strip_inclusion,15,2,523,260,1,2,3,C
240115-C-156_crop_00.jpg,bg_to_strip_inclusion,16,13,541,263,2,13,3,C
240115-C-156_crop_00.jpg,bg_to_strip_inclusion,17,13,521,283,4,8,3,C
240115-C-156_crop_00.jpg,bg_to_strip_inclusion,19,46,534,294,5,35,3,C
240115-C-156_crop_00.jpg,bg_to_strip_inclusion,21,21,521,302,3,16,3,C
240115-C-156_crop_00.jpg,bg_to_strip_inclusion,22,2,524,325,1,2,3,C
240115-C-156_crop_00.jpg,bg_to_strip_inclusion,23,2,525,330,1,2,3,C
240115-C-156_crop_00.jpg,bg_to_strip_inclusion,24,2,528,348,1,2,3,C
240115-C-156_crop_00.jpg,bg_to_strip_inclusion,25,8,529,356,1,8,3,C
240115-C-156_crop_00.jpg,bg_to_strip_inclusion,26,2,528,367,1,2,3,C
240115-C-156_crop_00.jpg,bg_to_strip_inclusion,28,2,526,376,1,2,3,C
240115-C-156_crop_00.jpg,bg_to_strip_inclusion,29,28,522,380,4,22,3,C
240115-C-156_crop_00.jpg,bg_to_strip_inclusion,31,2,532,385,1,2,3,C
240115-C-156_crop_00.jpg,bg_to_strip_inclusion,32,3,531,389,1,3,3,C
240115-C-156_crop_01.jpg,bg_to_strip_inclusion,1,4,890,968,3,4,3,C
240115-C-156_crop_01.jpg,bg_to_strip_inclusion,3,2,889,973,1,2,3,C
240115-C-156_crop_01.jpg,bg_to_strip_inclusion,4,6,895,976,1,6,3,C
240115-C-156_crop_01.jpg,bg_to_strip_inclusion,5,4,889,983,1,4,3,C
240115-C-156_crop_01.jpg,bg_to_strip_inclusion,6,8,898,1000,2,8,3,C
240115-C-156_crop_01.jpg,bg_to_strip_inclusion,8,2,894,1005,1,2,3,C
240115-C-156_crop_01.jpg,bg_to_strip_inclusion,9,2,895,1008,1,2,3,C
240115-C-160_crop_01.jpg,bg_to_strip_inclusion,3,3,913,218,1,3,3,C
240115-C-160_crop_01.jpg,bg_to_strip_inclusion,5,2,918,225,1,2,3,C
240115-C-160_crop_01.jpg,bg_to_strip_inclusion,7,3,422,338,2,3,1,A
240115-C-160_crop_01.jpg,bg_to_strip_inclusion,8,3,421,342,1,3,1,A
240115-C-160_crop_01.jpg,bg_to_strip_inclusion,9,3,420,346,1,3,1,A
240115-C-160_crop_01.jpg,bg_to_strip_inclusion,10,3,419,350,1,3,1,A
240115-C-160_crop_01.jpg,bg_to_strip_inclusion,11,18,416,354,3,16,1,A
240115-C-160_crop_01.jpg,bg_to_strip_inclusion,12,4,423,360,1,4,1,A
240115-C-160_crop_01.jpg,bg_to_strip_inclusion,13,40,414,371,2,30,1,A
240115-C-160_crop_01.jpg,bg_to_strip_inclusion,14,13,422,370,1,13,1,A
240115-C-160_crop_01.jpg,bg_to_strip_inclusion,15,5,417,402,4,3,1,A
240115-C-160_crop_01.jpg,bg_to_strip_inclusion,16,11,581,899,3,6,3,C
240115-C-160_crop_01.jpg,bg_to_strip_inclusion,17,171,586,901,16,85,3,C
240115-C-160_crop_01.jpg,bg_to_strip_inclusion,18,23,579,917,5,11,3,C
240115-C-160_crop_01.jpg,bg_to_strip_inclusion,19,14,579,960,2,14,3,C
240115-C-160_crop_01.jpg,bg_to_strip_inclusion,20,4,575,982,2,3,3,C
240115-C-160_crop_01.jpg,bg_to_strip_inclusion,22,41,573,993,5,30,3,C
240115-C-160_crop_01.jpg,bg_to_strip_inclusion,23,7,600,1006,1,7,3,C
240115-C-163_crop_00.jpg,bg_to_strip_inclusion,1,22,911,69,1,22,3,C
240115-C-163_crop_00.jpg,bg_to_strip_inclusion,3,14,891,127,8,4,3,C
240115-C-163_crop_00.jpg,bg_to_strip_inclusion,4,2,888,137,1,2,3,C
240115-C-163_crop_00.jpg,bg_to_strip_inclusion,5,4,898,140,1,4,3,C
240115-C-163_crop_00.jpg,bg_to_strip_inclusion,7,2,888,191,2,2,3,C
240115-C-163_crop_00.jpg,bg_to_strip_inclusion,8,84,883,244,17,14,3,C
240115-C-163_crop_00.jpg,bg_to_strip_inclusion,10,2,881,261,1,2,3,C
240115-C-163_crop_00.jpg,bg_to_strip_inclusion,11,4,880,264,1,4,3,C
240115-C-163_crop_00.jpg,bg_to_strip_inclusion,12,3,879,269,1,3,3,C
240115-C-163_crop_00.jpg,bg_to_strip_inclusion,18,15,880,379,4,11,3,C
240115-C-163_crop_00.jpg,bg_to_strip_inclusion,19,30,608,708,6,21,1,A
240115-C-163_crop_00.jpg,bg_to_strip_inclusion,20,4,617,711,1,4,1,A
240115-C-163_crop_00.jpg,bg_to_strip_inclusion,21,3,616,718,1,3,1,A
240115-C-163_crop_00.jpg,bg_to_strip_inclusion,23,3,606,734,1,3,1,A
240115-C-163_crop_00.jpg,bg_to_strip_inclusion,24,17,605,738,5,13,1,A
240115-C-163_crop_01.jpg,bg_to_strip_inclusion,1,2,343,179,1,2,3,C
240115-C-163_crop_01.jpg,bg_to_strip_inclusion,2,6,338,183,1,6,3,C
240115-C-163_crop_01.jpg,bg_to_strip_inclusion,3,11,343,185,2,11,3,C
240115-C-163_crop_01.jpg,bg_to_strip_inclusion,4,6,339,191,3,5,3,C
240115-C-163_crop_01.jpg,bg_to_strip_inclusion,5,16,16,287,2,15,1,A
240115-C-163_crop_01.jpg,bg_to_strip_inclusion,9,2,13,322,1,2,1,A
240115-C-163_crop_01.jpg,bg_to_strip_inclusion,10,4,12,328,1,4,1,A
240115-C-163_crop_01.jpg,bg_to_strip_inclusion,11,6,11,334,1,6,1,A
240115-C-163_crop_01.jpg,bg_to_strip_inclusion,12,26,12,354,2,24,1,A
240115-C-163_crop_01.jpg,bg_to_strip_inclusion,13,8,11,379,1,8,1,A
240115-C-163_crop_01.jpg,bg_to_strip_inclusion,14,5,10,390,1,5,1,A
240115-C-163_crop_01.jpg,bg_to_strip_inclusion,15,7,9,397,1,7,1,A
240115-C-163_crop_01.jpg,bg_to_strip_inclusion,16,49,8,406,3,26,1,A
240115-C-163_crop_01.jpg,bg_to_strip_inclusion,17,2,11,434,2,1,1,A
240115-C-168_crop_01.jpg,bg_to_strip_inclusion,1,8,93,92,3,7,3,C
240115-C-168_crop_01.jpg,bg_to_strip_inclusion,2,7,97,94,1,7,3,C
240115-C-168_crop_01.jpg,bg_to_strip_inclusion,3,10,98,103,2,9,3,C
240115-C-168_crop_01.jpg,bg_to_strip_inclusion,4,2,100,118,1,2,3,C
240115-C-168_crop_01.jpg,bg_to_strip_inclusion,5,8,99,123,1,8,3,C
240115-C-168_crop_01.jpg,bg_to_strip_inclusion,7,14,98,132,2,11,3,C
240115-C-168_crop_01.jpg,bg_to_strip_inclusion,10,2,976,842,2,1,2,B
240115-C-168_crop_01.jpg,bg_to_strip_inclusion,11,2,971,853,1,2,2,B
240115-C-168_crop_01.jpg,bg_to_strip_inclusion,12,10,980,855,1,10,2,B
240115-C-168_crop_01.jpg,bg_to_strip_inclusion,13,37,979,869,4,24,2,B
240115-C-168_crop_01.jpg,bg_to_strip_inclusion,15,49,968,884,6,24,2,B
240115-C-168_crop_01.jpg,bg_to_strip_inclusion,16,40,980,895,6,15,2,B
240115-C-169_crop_01.jpg,bg_to_strip_inclusion,1,3,289,147,3,2,3,C
240115-C-169_crop_01.jpg,bg_to_strip_inclusion,2,4,293,149,1,4,3,C
240115-C-169_crop_01.jpg,bg_to_strip_inclusion,4,2,287,154,1,2,3,C
240115-C-169_crop_01.jpg,bg_to_strip_inclusion,5,2,292,157,1,2,3,C
240115-C-172_crop_00.jpg,bg_to_strip_inclusion,1,2,667,823,1,2,3,C
240115-C-172_crop_00.jpg,bg_to_strip_inclusion,2,4,666,828,1,4,3,C
240115-C-172_crop_00.jpg,bg_to_strip_inclusion,3,2,665,834,1,2,3,C
240115-C-172_crop_00.jpg,bg_to_strip_inclusion,4,7,674,838,1,7,3,C
240115-C-172_crop_00.jpg,bg_to_strip_inclusion,5,34,670,856,5,10,3,C
240115-C-172_crop_00.jpg,bg_to_strip_inclusion,6,2,660,864,1,2,3,C
240115-C-172_crop_00.jpg,bg_to_strip_inclusion,7,11,661,868,2,11,3,C
240115-C-172_crop_00.jpg,bg_to_strip_inclusion,8,5,673,877,2,5,3,C
240115-C-172_crop_00.jpg,bg_to_strip_inclusion,9,48,660,883,3,35,3,C
240115-C-172_crop_00.jpg,bg_to_strip_inclusion,10,3,672,883,1,3,3,C
240115-C-172_crop_00.jpg,bg_to_strip_inclusion,11,29,670,896,3,24,3,C
240115-C-172_crop_00.jpg,bg_to_strip_inclusion,12,20,657,960,1,20,3,C
240115-C-172_crop_00.jpg,bg_to_strip_inclusion,13,11,666,985,2,8,3,C
240115-C-173_crop_01.jpg,bg_to_strip_inclusion,2,17,854,392,2,13,3,C
240124-A-747_crop_00.jpg,bg_to_strip_inclusion,1,7,143,55,1,7,1,A
240124-A-747_crop_00.jpg,bg_to_strip_inclusion,2,11,141,65,2,11,1,A
240124-A-747_crop_00.jpg,bg_to_strip_inclusion,3,4,140,77,1,4,1,A
240124-A-747_crop_00.jpg,bg_to_strip_inclusion,4,3,139,83,1,3,1,A
240124-A-747_crop_00.jpg,bg_to_strip_inclusion,5,2,138,89,1,2,1,A
240124-A-747_crop_00.jpg,bg_to_strip_inclusion,8,2,135,101,1,2,1,A
240124-A-747_crop_00.jpg,bg_to_strip_inclusion,9,2,134,104,1,2,1,A
240124-A-747_crop_00.jpg,bg_to_strip_inclusion,13,2,119,112,1,2,1,A
240124-A-747_crop_00.jpg,bg_to_strip_inclusion,14,33,108,217,6,10,1,A
240124-A-747_crop_00.jpg,bg_to_strip_inclusion,18,408,40,394,19,50,3,C
240124-A-747_crop_00.jpg,bg_to_strip_inclusion,19,2,42,475,2,1,1,A
240124-A-747_crop_00.jpg,bg_to_strip_inclusion,20,12,37,482,1,12,1,A
240124-A-747_crop_00.jpg,bg_to_strip_inclusion,22,49,35,618,3,40,1,A
240124-A-747_crop_00.jpg,bg_to_strip_inclusion,23,7,43,649,1,7,1,A
240124-A-747_crop_00.jpg,bg_to_strip_inclusion,24,25,33,659,3,21,1,A
240124-A-747_crop_00.jpg,bg_to_strip_inclusion,25,3,34,683,1,3,1,A
240124-B-176_crop_00.jpg,bg_to_strip_inclusion,1,296,720,514,10,50,2,B
240124-B-176_crop_00.jpg,bg_to_strip_inclusion,2,10,716,600,4,6,2,B
240124-B-176_crop_00.jpg,bg_to_strip_inclusion,3,21,733,604,5,13,2,B
240124-B-176_crop_00.jpg,bg_to_strip_inclusion,5,11,714,614,6,8,2,B
240124-B-176_crop_00.jpg,bg_to_strip_inclusion,6,3,738,622,1,3,2,B
240124-B-176_crop_00.jpg,bg_to_strip_inclusion,7,7,723,637,5,4,2,B
240124-B-176_crop_00.jpg,bg_to_strip_inclusion,8,8,736,643,4,7,2,B
240124-B-176_crop_00.jpg,bg_to_strip_inclusion,9,116,713,648,15,34,2,B
240124-B-176_crop_00.jpg,bg_to_strip_inclusion,10,11,733,651,3,9,2,B
240124-B-176_crop_00.jpg,bg_to_strip_inclusion,13,13,736,674,3,12,2,B
240124-B-176_crop_00.jpg,bg_to_strip_inclusion,14,32,717,693,6,16,2,B
240124-B-176_crop_00.jpg,bg_to_strip_inclusion,17,13,712,712,4,8,2,B
240124-B-176_crop_00.jpg,bg_to_strip_inclusion,18,9,731,712,2,6,2,B
240124-B-176_crop_00.jpg,bg_to_strip_inclusion,19,61,709,729,11,11,2,B
240124-B-176_crop_00.jpg,bg_to_strip_inclusion,20,42,733,728,7,17,2,B
240124-B-176_crop_00.jpg,bg_to_strip_inclusion,21,9,740,747,1,9,2,B
240124-B-176_crop_00.jpg,bg_to_D,1,3,474,14,3,1,4,D
240124-B-176_crop_00.jpg,bg_to_D,2,5,469,38,4,3,4,D
240124-B-179_crop_00.jpg,bg_to_strip_inclusion,1,16,723,117,5,10,3,C
240124-B-179_crop_00.jpg,bg_to_strip_inclusion,2,7,721,170,1,7,2,B
240124-B-179_crop_00.jpg,bg_to_strip_inclusion,3,2,727,171,1,2,2,B
240124-B-179_crop_00.jpg,bg_to_strip_inclusion,4,12,725,175,3,10,2,B
240124-B-179_crop_00.jpg,bg_to_strip_inclusion,5,3,714,204,2,3,2,B
240124-B-179_crop_00.jpg,bg_to_strip_inclusion,7,15,719,213,2,11,2,B
240124-B-179_crop_00.jpg,bg_to_strip_inclusion,8,12,713,214,2,12,2,B
240124-B-179_crop_00.jpg,bg_to_strip_inclusion,9,5,721,225,1,5,2,B
240124-B-179_crop_00.jpg,bg_to_strip_inclusion,10,14,712,230,2,12,2,B
240124-B-179_crop_00.jpg,bg_to_strip_inclusion,12,68,711,249,9,25,2,B
240124-B-183_crop_01.jpg,bg_to_D,1,2,113,580,2,2,4,D
240124-B-183_crop_01.jpg,bg_to_D,2,7,113,583,3,7,4,D
240124-B-185_crop_02.jpg,bg_to_strip_inclusion,1,2,158,59,1,2,2,B
240124-B-185_crop_02.jpg,bg_to_strip_inclusion,2,91,946,83,8,18,3,C
240124-B-185_crop_02.jpg,bg_to_strip_inclusion,3,27,628,632,4,10,3,C
240124-B-186_crop_01.jpg,bg_to_strip_inclusion,1,22,409,410,4,13,3,C
240124-B-186_crop_01.jpg,bg_to_strip_inclusion,2,3,408,416,1,3,3,C
240124-B-186_crop_01.jpg,bg_to_strip_inclusion,5,7,404,449,1,7,3,C
240124-B-191_crop_01.jpg,bg_to_strip_inclusion,1,53,172,434,6,32,3,C
240124-B-191_crop_01.jpg,bg_to_strip_inclusion,2,2,177,435,1,2,3,C
240124-B-191_crop_01.jpg,bg_to_strip_inclusion,3,11,178,438,2,9,3,C
240124-B-25_crop_00.jpg,bg_to_strip_inclusion,1,130,761,149,7,60,2,B
240124-B-25_crop_00.jpg,bg_to_strip_inclusion,2,3,760,211,1,3,2,B
240124-B-25_crop_00.jpg,bg_to_strip_inclusion,4,2,757,234,1,2,2,B
240124-B-25_crop_00.jpg,bg_to_strip_inclusion,6,117,759,246,4,77,2,B
240124-B-25_crop_00.jpg,bg_to_strip_inclusion,7,14,764,365,1,14,2,B
240124-B-25_crop_00.jpg,bg_to_strip_inclusion,8,25,761,382,3,22,2,B
240124-B-25_crop_00.jpg,bg_to_strip_inclusion,9,46,764,412,5,19,2,B
240124-B-25_crop_00.jpg,bg_to_strip_inclusion,10,9,755,435,2,9,2,B
240124-B-25_crop_00.jpg,bg_to_strip_inclusion,13,103,764,452,13,21,2,B
240124-B-25_crop_00.jpg,bg_to_strip_inclusion,14,13,757,458,1,13,2,B
240124-B-25_crop_00.jpg,bg_to_strip_inclusion,15,21,765,487,4,10,2,B
240124-B-25_crop_00.jpg,bg_to_strip_inclusion,16,22,759,497,1,22,2,B
240124-B-25_crop_00.jpg,bg_to_strip_inclusion,17,3,766,504,1,3,2,B
240124-B-25_crop_00.jpg,bg_to_strip_inclusion,18,5,758,522,1,5,2,B
240124-B-25_crop_00.jpg,bg_to_strip_inclusion,20,3,756,540,1,3,2,B
240124-B-25_crop_00.jpg,bg_to_strip_inclusion,21,3,755,546,1,3,2,B
240124-B-25_crop_00.jpg,bg_to_strip_inclusion,22,37,754,553,2,27,2,B
240124-B-25_crop_00.jpg,bg_to_strip_inclusion,23,9,760,569,1,9,2,B
240124-B-25_crop_00.jpg,bg_to_strip_inclusion,24,25,755,621,1,25,2,B
240124-B-25_crop_00.jpg,bg_to_strip_inclusion,25,10,754,648,1,10,2,B
240124-B-25_crop_00.jpg,bg_to_strip_inclusion,26,2,754,689,1,2,2,B
240124-B-25_crop_00.jpg,bg_to_strip_inclusion,27,26,755,697,5,21,2,B
240124-B-28_crop_00.jpg,bg_to_strip_inclusion,2,2,419,94,1,2,2,B
240124-B-28_crop_00.jpg,bg_to_strip_inclusion,5,8,427,111,1,8,2,B
240124-B-28_crop_00.jpg,bg_to_strip_inclusion,6,2,428,125,1,2,2,B
240124-B-28_crop_00.jpg,bg_to_strip_inclusion,8,4,421,140,1,4,2,B
240124-B-28_crop_00.jpg,bg_to_strip_inclusion,9,13,420,146,1,13,2,B
240124-B-28_crop_00.jpg,bg_to_strip_inclusion,10,25,421,160,8,8,2,B
240124-B-28_crop_00.jpg,bg_to_D,1,38,960,701,7,7,4,D
240124-B-28_crop_00.jpg,bg_to_D,2,2,981,935,1,2,4,D
240124-B-28_crop_01.jpg,bg_to_D,1,63,1001,157,9,9,4,D
240124-B-32_crop_00.jpg,bg_to_D,1,4,824,324,1,4,4,D
240124-B-32_crop_01.jpg,bg_to_strip_inclusion,1,29,121,82,7,23,2,B
240124-B-32_crop_01.jpg,bg_to_strip_inclusion,2,9,130,82,6,7,2,B
240124-B-32_crop_01.jpg,bg_to_strip_inclusion,3,20,132,114,4,13,2,B
240124-B-32_crop_01.jpg,bg_to_strip_inclusion,4,44,116,140,5,32,2,B
240124-B-32_crop_01.jpg,bg_to_strip_inclusion,5,6,130,142,1,6,2,B
240124-B-32_crop_01.jpg,bg_to_strip_inclusion,6,3,115,173,1,3,2,B
240124-B-32_crop_01.jpg,bg_to_strip_inclusion,7,2,114,198,1,2,2,B
240124-B-32_crop_01.jpg,bg_to_strip_inclusion,8,7,113,203,1,7,2,B
240124-B-32_crop_01.jpg,bg_to_strip_inclusion,9,70,112,227,3,48,2,B
240124-B-32_crop_01.jpg,bg_to_strip_inclusion,10,2,112,285,1,2,2,B
240124-B-32_crop_01.jpg,bg_to_strip_inclusion,11,5,111,290,1,5,2,B
240124-B-32_crop_01.jpg,bg_to_strip_inclusion,12,8,116,338,1,8,2,B
240124-B-32_crop_01.jpg,bg_to_strip_inclusion,13,6,115,351,1,6,2,B
240124-B-32_crop_01.jpg,bg_to_strip_inclusion,14,7,114,362,1,7,2,B
240124-B-32_crop_01.jpg,bg_to_strip_inclusion,15,9,113,372,1,9,2,B
240124-B-32_crop_01.jpg,bg_to_strip_inclusion,16,44,107,391,6,26,2,B
240124-B-32_crop_01.jpg,bg_to_strip_inclusion,17,7,106,419,1,7,2,B
240124-B-32_crop_01.jpg,bg_to_strip_inclusion,18,6,105,428,1,6,2,B
240124-B-32_crop_01.jpg,bg_to_strip_inclusion,19,8,115,430,1,8,2,B
240124-B-32_crop_01.jpg,bg_to_strip_inclusion,20,3,104,435,1,3,2,B
240124-B-32_crop_01.jpg,bg_to_strip_inclusion,21,11,101,439,3,11,2,B
240124-B-32_crop_01.jpg,bg_to_strip_inclusion,22,12,99,454,2,11,2,B
240124-B-32_crop_01.jpg,bg_to_strip_inclusion,23,2,103,482,1,2,2,B
240124-B-32_crop_01.jpg,bg_to_strip_inclusion,24,33,102,501,2,20,2,B
240124-B-32_crop_01.jpg,bg_to_strip_inclusion,25,62,85,502,6,42,2,B
240124-B-32_crop_01.jpg,bg_to_strip_inclusion,26,14,97,526,3,13,2,B
240124-B-32_crop_01.jpg,bg_to_strip_inclusion,29,9,108,599,5,9,2,B
240124-B-32_crop_01.jpg,bg_to_strip_inclusion,30,2,80,600,1,2,2,B
240124-B-32_crop_01.jpg,bg_to_strip_inclusion,31,6,78,603,2,6,2,B
240124-B-32_crop_01.jpg,bg_to_strip_inclusion,32,29,77,610,3,22,2,B
240124-B-32_crop_01.jpg,bg_to_strip_inclusion,35,3,119,637,1,3,2,B
240124-B-32_crop_01.jpg,bg_to_strip_inclusion,37,26,103,659,5,14,2,B
240124-B-32_crop_01.jpg,bg_to_strip_inclusion,39,2,94,689,1,2,2,B
240124-B-32_crop_01.jpg,bg_to_strip_inclusion,41,2,96,697,1,2,2,B
240124-B-32_crop_01.jpg,bg_to_strip_inclusion,42,144,90,709,8,78,2,B
240124-B-32_crop_01.jpg,bg_to_strip_inclusion,44,16,100,744,2,11,2,B
240124-B-32_crop_01.jpg,bg_to_strip_inclusion,45,3,102,769,1,3,2,B
240124-B-32_crop_01.jpg,bg_to_strip_inclusion,46,15,89,788,2,12,2,B
240124-B-32_crop_01.jpg,bg_to_strip_inclusion,47,3,100,799,1,3,2,B
240124-B-32_crop_01.jpg,bg_to_strip_inclusion,48,3,89,801,1,3,2,B
240124-B-32_crop_01.jpg,bg_to_strip_inclusion,49,41,82,819,5,19,2,B
240124-B-32_crop_01.jpg,bg_to_strip_inclusion,52,11,72,844,2,8,2,B
240124-B-32_crop_01.jpg,bg_to_strip_inclusion,53,3,80,861,2,3,2,B
240124-B-32_crop_01.jpg,bg_to_strip_inclusion,54,39,81,878,2,23,2,B
240124-B-32_crop_01.jpg,bg_to_strip_inclusion,57,5,85,979,1,5,2,B
240124-B-32_crop_01.jpg,bg_to_strip_inclusion,58,14,74,1019,5,4,2,B
240124-B-34_crop_00.jpg,bg_to_strip_inclusion,2,15,833,832,5,11,2,B
240124-B-34_crop_00.jpg,bg_to_strip_inclusion,3,20,838,863,7,14,2,B
240124-B-34_crop_00.jpg,bg_to_strip_inclusion,7,2,823,872,2,2,2,B
240124-B-34_crop_00.jpg,bg_to_strip_inclusion,8,7,820,875,3,6,2,B
240124-B-34_crop_00.jpg,bg_to_strip_inclusion,10,5,837,887,1,5,2,B
240124-B-34_crop_00.jpg,bg_to_strip_inclusion,11,3,833,906,2,2,2,B
240124-C-176_crop_00.jpg,bg_to_strip_inclusion,1,2,1004,205,1,2,3,C
240124-C-176_crop_00.jpg,bg_to_strip_inclusion,2,3,892,534,3,1,3,C
240124-C-176_crop_00.jpg,bg_to_strip_inclusion,3,2,891,536,1,2,3,C
240124-C-176_crop_00.jpg,bg_to_strip_inclusion,4,3,890,539,1,3,3,C
240124-C-176_crop_00.jpg,bg_to_strip_inclusion,7,7,400,807,1,7,3,C
240124-C-176_crop_00.jpg,bg_to_strip_inclusion,8,2,401,818,1,2,3,C
240124-C-176_crop_00.jpg,bg_to_strip_inclusion,10,10,403,824,5,8,3,C
240124-C-176_crop_00.jpg,bg_to_strip_inclusion,11,13,389,838,3,12,3,C
240124-C-176_crop_00.jpg,bg_to_strip_inclusion,12,3,409,840,1,3,3,C
240124-C-176_crop_00.jpg,bg_to_strip_inclusion,13,2,389,857,1,2,3,C
240124-C-176_crop_00.jpg,bg_to_strip_inclusion,14,4,413,865,1,4,3,C
240124-C-176_crop_00.jpg,bg_to_strip_inclusion,15,2,394,893,1,2,3,C
240124-C-176_crop_00.jpg,bg_to_strip_inclusion,16,31,409,901,5,29,3,C
240124-C-176_crop_00.jpg,bg_to_strip_inclusion,17,3,389,945,1,3,3,C
240124-C-176_crop_00.jpg,bg_to_strip_inclusion,18,10,405,947,2,7,3,C
240124-C-176_crop_00.jpg,bg_to_strip_inclusion,19,4,388,950,1,4,3,C
240124-C-176_crop_00.jpg,bg_to_strip_inclusion,21,5,389,961,3,5,3,C
240124-C-176_crop_00.jpg,bg_to_strip_inclusion,22,5,400,963,3,3,3,C
240508_2-11_crop_01.jpg,bg_to_strip_inclusion,1,103,26,290,8,20,1,A
240508_2-11_crop_01.jpg,bg_to_strip_inclusion,2,26,1012,356,3,18,1,A
240508_2-11_crop_01.jpg,bg_to_strip_inclusion,3,9,1013,375,1,9,1,A
240508_2-11_crop_01.jpg,bg_to_strip_inclusion,4,28,1003,385,5,17,1,A
240508_2-11_crop_01.jpg,bg_to_strip_inclusion,5,2,1011,396,1,2,1,A
240508_2-13_crop_00.jpg,bg_to_strip_inclusion,1,2,857,12,2,1,1,A
240508_2-13_crop_00.jpg,bg_to_strip_inclusion,2,9,855,20,1,9,1,A
240508_2-13_crop_00.jpg,bg_to_strip_inclusion,3,9,861,36,1,9,1,A
240508_2-13_crop_00.jpg,bg_to_strip_inclusion,4,34,855,41,2,32,1,A
240508_2-13_crop_00.jpg,bg_to_strip_inclusion,5,2,860,73,1,2,1,A
240508_2-13_crop_00.jpg,bg_to_strip_inclusion,6,6,859,76,1,6,1,A
240508_2-13_crop_00.jpg,bg_to_strip_inclusion,7,13,853,92,2,10,1,A
240508_2-13_crop_00.jpg,bg_to_strip_inclusion,8,9,78,213,3,8,1,A
240508_2-13_crop_00.jpg,bg_to_strip_inclusion,9,2,849,213,1,2,1,A
240508_2-13_crop_00.jpg,bg_to_strip_inclusion,10,3,845,216,1,3,1,A
240508_2-13_crop_00.jpg,bg_to_strip_inclusion,11,3,850,219,1,3,1,A
240508_2-13_crop_00.jpg,bg_to_strip_inclusion,12,6,846,223,1,6,1,A
240508_2-13_crop_00.jpg,bg_to_strip_inclusion,13,4,851,223,1,4,1,A
240508_2-13_crop_00.jpg,bg_to_strip_inclusion,15,9,847,230,1,9,1,A
240508_2-13_crop_00.jpg,bg_to_strip_inclusion,16,7,848,241,1,7,1,A
240508_2-13_crop_00.jpg,bg_to_strip_inclusion,17,2,855,243,1,2,1,A
240508_2-13_crop_00.jpg,bg_to_strip_inclusion,18,3,856,247,1,3,1,A
240508_2-13_crop_00.jpg,bg_to_strip_inclusion,19,2,849,251,1,2,1,A
240508_2-13_crop_00.jpg,bg_to_strip_inclusion,20,2,857,251,1,2,1,A
240508_2-13_crop_00.jpg,bg_to_strip_inclusion,22,19,861,266,3,14,1,A
240508_2-13_crop_00.jpg,bg_to_strip_inclusion,23,5,856,268,2,5,1,A
240508_2-13_crop_00.jpg,bg_to_strip_inclusion,25,26,1012,280,1,26,1,A
240508_2-13_crop_00.jpg,bg_to_strip_inclusion,26,5,1007,285,1,5,1,A
240508_2-13_crop_00.jpg,bg_to_strip_inclusion,28,2,869,311,2,1,1,A
240508_2-13_crop_00.jpg,bg_to_strip_inclusion,29,7,867,314,1,7,1,A
240508_2-13_crop_00.jpg,bg_to_strip_inclusion,30,15,1013,317,1,15,1,A
240508_2-13_crop_00.jpg,bg_to_strip_inclusion,31,3,1003,320,1,3,1,A
240508_2-13_crop_00.jpg,bg_to_strip_inclusion,32,4,871,322,2,4,1,A
240508_2-13_crop_00.jpg,bg_to_strip_inclusion,33,10,1013,342,1,10,1,A
240508_2-13_crop_00.jpg,bg_to_strip_inclusion,35,11,1007,350,3,9,1,A
240508_2-13_crop_00.jpg,bg_to_strip_inclusion,36,2,1013,357,1,2,1,A
240508_2-13_crop_00.jpg,bg_to_strip_inclusion,37,5,761,568,5,2,1,A
240508_2-13_crop_00.jpg,bg_to_strip_inclusion,38,4,767,569,4,1,1,A
240508_2-13_crop_00.jpg,bg_to_strip_inclusion,40,8,777,574,1,8,1,A
240508_2-13_crop_00.jpg,bg_to_strip_inclusion,41,86,779,672,7,16,1,A
240508_2-13_crop_00.jpg,bg_to_strip_inclusion,42,7,890,821,7,3,1,A
240508_2-13_crop_00.jpg,bg_to_strip_inclusion,43,177,876,837,10,63,1,A
240508_2-13_crop_00.jpg,bg_to_strip_inclusion,44,3,896,839,1,3,1,A
240508_2-13_crop_00.jpg,bg_to_strip_inclusion,45,15,895,853,1,15,1,A
240508_2-13_crop_00.jpg,bg_to_strip_inclusion,46,52,869,874,5,39,1,A
240508_2-13_crop_00.jpg,bg_to_strip_inclusion,52,5,867,923,1,5,1,A
240508_2-13_crop_00.jpg,bg_to_strip_inclusion,53,2,873,927,1,2,1,A
240508_2-13_crop_00.jpg,bg_to_strip_inclusion,54,8,866,930,1,8,1,A
240508_2-13_crop_00.jpg,bg_to_strip_inclusion,55,2,872,933,1,2,1,A
240508_2-13_crop_00.jpg,bg_to_strip_inclusion,56,2,871,939,1,2,1,A
240508_2-13_crop_00.jpg,bg_to_strip_inclusion,57,18,865,959,2,17,1,A
240508_2-13_crop_01.jpg,bg_to_strip_inclusion,1,10,660,31,1,10,1,A
240508_2-13_crop_01.jpg,bg_to_strip_inclusion,2,2,665,30,1,2,1,A
240508_2-13_crop_01.jpg,bg_to_strip_inclusion,3,5,662,52,4,3,1,A
240508_2-13_crop_01.jpg,bg_to_strip_inclusion,5,3,663,101,1,3,1,A
240508_2-13_crop_01.jpg,bg_to_strip_inclusion,6,3,663,124,1,3,1,A
240508_2-13_crop_01.jpg,bg_to_strip_inclusion,7,3,663,131,1,3,1,A
240508_2-13_crop_01.jpg,bg_to_strip_inclusion,8,9,669,137,1,9,1,A
240508_2-13_crop_01.jpg,bg_to_strip_inclusion,10,75,976,360,5,18,1,A
240508_2-13_crop_01.jpg,bg_to_strip_inclusion,11,84,339,490,6,20,1,A
240508_2-13_crop_01.jpg,bg_to_strip_inclusion,12,6,674,513,5,4,1,A
240508_2-13_crop_01.jpg,bg_to_strip_inclusion,13,2,673,518,1,2,1,A
240508_2-13_crop_01.jpg,bg_to_strip_inclusion,14,8,679,521,1,8,1,A
240508_2-13_crop_01.jpg,bg_to_strip_inclusion,15,18,672,528,1,18,1,A
240508_2-13_crop_01.jpg,bg_to_strip_inclusion,17,3,678,538,1,3,1,A
240508_2-13_crop_01.jpg,bg_to_strip_inclusion,20,10,372,749,5,5,1,A
240508_2-13_crop_01.jpg,bg_to_strip_inclusion,21,3,370,778,2,3,1,A
240508_2-13_crop_01.jpg,bg_to_strip_inclusion,23,5,630,790,1,5,1,A
240508_2-13_crop_01.jpg,bg_to_strip_inclusion,25,16,362,800,6,7,1,A
240508_2-13_crop_01.jpg,bg_to_strip_inclusion,27,10,633,802,1,10,1,A
240508_2-13_crop_01.jpg,bg_to_strip_inclusion,28,2,370,819,1,2,1,A
240508_2-13_crop_01.jpg,bg_to_strip_inclusion,29,3,369,823,2,3,1,A
240508_2-13_crop_01.jpg,bg_to_strip_inclusion,30,2,627,846,1,2,1,A
240508_2-13_crop_01.jpg,bg_to_strip_inclusion,31,5,628,849,1,5,1,A
240508_2-13_crop_01.jpg,bg_to_strip_inclusion,32,10,635,861,1,10,1,A
240508_2-13_crop_01.jpg,bg_to_strip_inclusion,33,9,629,862,1,9,1,A
240508_2-16_crop_00.jpg,bg_to_strip_inclusion,1,7,970,379,5,5,1,A
240508_2-16_crop_00.jpg,bg_to_strip_inclusion,2,2,969,389,1,2,1,A
240508_2-16_crop_00.jpg,bg_to_strip_inclusion,3,2,968,418,1,2,1,A
240508_2-16_crop_00.jpg,bg_to_strip_inclusion,4,9,86,768,1,9,3,C
240508_2-1_crop_00.jpg,bg_to_strip_inclusion,1,12,351,16,1,12,1,A
240508_2-1_crop_00.jpg,bg_to_strip_inclusion,4,6,664,236,1,6,1,A
240508_2-1_crop_00.jpg,bg_to_strip_inclusion,5,13,668,236,1,13,1,A
240508_2-1_crop_00.jpg,bg_to_strip_inclusion,7,15,666,251,2,14,1,A
240508_2-1_crop_00.jpg,bg_to_strip_inclusion,8,5,665,266,1,5,1,A
240508_2-1_crop_00.jpg,bg_to_strip_inclusion,10,15,654,284,3,13,1,A
240508_2-1_crop_00.jpg,bg_to_strip_inclusion,12,118,856,719,8,22,3,C
240508_2-1_crop_00.jpg,bg_to_strip_inclusion,13,22,475,753,4,18,1,A
240508_2-1_crop_00.jpg,bg_to_strip_inclusion,14,2,474,772,1,2,1,A
240508_2-1_crop_00.jpg,bg_to_strip_inclusion,16,28,472,783,11,7,1,A
240508_2-1_crop_00.jpg,bg_to_strip_inclusion,18,5,469,836,2,5,1,A
240508_2-1_crop_00.jpg,bg_to_strip_inclusion,19,4,465,839,1,4,1,A
240508_2-1_crop_00.jpg,bg_to_strip_inclusion,20,5,803,853,1,5,1,A
240508_2-1_crop_00.jpg,bg_to_strip_inclusion,21,3,464,858,1,3,1,A
240508_2-1_crop_00.jpg,bg_to_strip_inclusion,22,2,809,862,1,2,1,A
240508_2-1_crop_00.jpg,bg_to_strip_inclusion,23,6,806,865,3,6,1,A
240508_2-1_crop_00.jpg,bg_to_strip_inclusion,24,19,462,874,2,13,1,A
240508_2-1_crop_00.jpg,bg_to_strip_inclusion,25,2,770,910,1,2,1,A
240508_2-1_crop_00.jpg,bg_to_strip_inclusion,26,2,462,916,1,2,1,A
240508_2-1_crop_00.jpg,bg_to_strip_inclusion,28,210,785,936,13,20,1,A
240508_2-20_crop_00.jpg,bg_to_strip_inclusion,1,8,696,285,5,6,1,A
240508_2-20_crop_00.jpg,bg_to_strip_inclusion,2,7,695,306,1,7,1,A
240508_2-20_crop_00.jpg,bg_to_strip_inclusion,3,3,703,482,3,1,1,A
240508_2-20_crop_00.jpg,bg_to_strip_inclusion,5,3,702,495,1,3,1,A
240508_2-20_crop_00.jpg,bg_to_strip_inclusion,6,4,703,499,1,4,1,A
240508_2-20_crop_00.jpg,bg_to_strip_inclusion,16,9,634,630,1,9,1,A
240508_2-20_crop_00.jpg,bg_to_strip_inclusion,17,9,627,639,1,9,1,A
240508_2-20_crop_00.jpg,bg_to_strip_inclusion,18,16,627,665,1,16,1,A
240508_2-20_crop_00.jpg,bg_to_strip_inclusion,19,2,621,700,2,2,1,A
240508_2-20_crop_00.jpg,bg_to_strip_inclusion,23,2,623,710,1,2,1,A
240508_2-20_crop_00.jpg,bg_to_strip_inclusion,24,3,617,712,1,3,1,A
240508_2-20_crop_00.jpg,bg_to_strip_inclusion,25,2,622,714,1,2,1,A
240508_2-20_crop_00.jpg,bg_to_strip_inclusion,26,2,616,716,1,2,1,A
240508_2-20_crop_00.jpg,bg_to_strip_inclusion,27,2,621,718,1,2,1,A
240508_2-20_crop_00.jpg,bg_to_strip_inclusion,29,10,613,727,2,10,1,A
240508_2-20_crop_00.jpg,bg_to_strip_inclusion,31,3,611,743,1,3,1,A
240508_2-20_crop_00.jpg,bg_to_strip_inclusion,32,3,616,753,1,3,1,A
240508_2-20_crop_00.jpg,bg_to_strip_inclusion,33,54,602,775,7,37,1,A
240508_2-20_crop_00.jpg,bg_to_strip_inclusion,34,18,602,821,4,14,1,A
240508_2-21_crop_01.jpg,bg_to_strip_inclusion,1,3,765,0,2,2,1,A
240508_2-21_crop_01.jpg,bg_to_strip_inclusion,4,3,15,21,1,3,1,A
240508_2-21_crop_01.jpg,bg_to_strip_inclusion,5,3,764,26,1,3,1,A
240508_2-21_crop_01.jpg,bg_to_strip_inclusion,6,2,14,33,1,2,1,A
240508_2-21_crop_01.jpg,bg_to_strip_inclusion,7,3,13,39,1,3,1,A
240508_2-21_crop_01.jpg,bg_to_strip_inclusion,9,12,10,44,3,12,1,A
240508_2-21_crop_01.jpg,bg_to_strip_inclusion,10,2,774,44,1,2,1,A
240508_2-21_crop_01.jpg,bg_to_strip_inclusion,11,2,775,50,1,2,1,A
240508_2-21_crop_01.jpg,bg_to_strip_inclusion,12,2,16,54,1,2,1,A
240508_2-21_crop_01.jpg,bg_to_strip_inclusion,13,5,15,58,1,5,1,A
240508_2-21_crop_01.jpg,bg_to_strip_inclusion,15,7,5,70,2,7,1,A
240508_2-21_crop_01.jpg,bg_to_strip_inclusion,17,21,2,91,1,21,1,A
240508_2-21_crop_01.jpg,bg_to_strip_inclusion,18,6,8,111,1,6,1,A
240508_2-21_crop_01.jpg,bg_to_strip_inclusion,19,23,3,116,6,17,1,A
240508_2-21_crop_01.jpg,bg_to_strip_inclusion,20,8,4,184,4,3,1,A
240508_2-21_crop_01.jpg,bg_to_strip_inclusion,22,32,834,685,5,25,1,A
240508_2-21_crop_01.jpg,bg_to_strip_inclusion,23,2,840,684,2,1,1,A
240508_2-21_crop_01.jpg,bg_to_strip_inclusion,24,8,73,907,1,8,1,A
240508_2-21_crop_01.jpg,bg_to_strip_inclusion,25,72,61,916,7,20,1,A
240508_2-21_crop_01.jpg,bg_to_strip_inclusion,26,17,57,932,5,15,1,A
240508_2-21_crop_01.jpg,bg_to_strip_inclusion,27,2,73,938,1,2,1,A
240508_2-21_crop_01.jpg,bg_to_strip_inclusion,28,8,74,945,1,8,1,A
240508_2-21_crop_01.jpg,bg_to_strip_inclusion,29,22,66,952,3,15,1,A
240508_2-21_crop_01.jpg,bg_to_strip_inclusion,30,4,67,969,1,4,1,A
240508_2-21_crop_01.jpg,bg_to_strip_inclusion,31,4,66,974,1,4,1,A
240508_2-21_crop_01.jpg,bg_to_strip_inclusion,32,3,66,984,2,3,1,A
240508_2-23_crop_00.jpg,bg_to_strip_inclusion,2,4,403,379,2,4,1,A
240508_2-23_crop_00.jpg,bg_to_strip_inclusion,7,9,393,428,1,9,1,A
240508_2-23_crop_00.jpg,bg_to_strip_inclusion,9,5,394,476,1,5,1,A
240508_2-23_crop_00.jpg,bg_to_strip_inclusion,10,2,396,491,2,2,1,A
240508_2-23_crop_00.jpg,bg_to_strip_inclusion,11,7,658,790,4,5,3,C
240508_2-23_crop_00.jpg,bg_to_strip_inclusion,13,2,664,794,1,2,3,C
240508_2-23_crop_00.jpg,bg_to_strip_inclusion,14,3,665,797,1,3,3,C
240508_2-23_crop_00.jpg,bg_to_strip_inclusion,15,9,659,798,2,9,3,C
240508_2-23_crop_00.jpg,bg_to_strip_inclusion,16,21,661,805,6,8,3,C
240508_2-23_crop_00.jpg,bg_to_strip_inclusion,17,2,667,818,1,2,3,C
240508_2-23_crop_00.jpg,bg_to_strip_inclusion,18,7,662,820,1,7,3,C
240508_2-23_crop_00.jpg,bg_to_strip_inclusion,20,7,139,924,4,5,1,A
240508_2-23_crop_00.jpg,bg_to_strip_inclusion,21,7,141,935,2,5,1,A
240508_2-23_crop_00.jpg,bg_to_strip_inclusion,23,2,148,948,1,2,1,A
240508_2-23_crop_00.jpg,bg_to_strip_inclusion,24,3,149,951,1,3,1,A
240508_2-23_crop_00.jpg,bg_to_strip_inclusion,25,2,147,955,2,1,1,A
240508_2-27_crop_00.jpg,bg_to_strip_inclusion,1,3,418,102,1,3,1,A
240508_2-27_crop_00.jpg,bg_to_strip_inclusion,2,2,419,110,1,2,1,A
240508_2-27_crop_00.jpg,bg_to_strip_inclusion,3,2,420,114,1,2,1,A
240508_2-27_crop_00.jpg,bg_to_strip_inclusion,5,2,419,156,1,2,1,A
240508_2-27_crop_00.jpg,bg_to_strip_inclusion,6,7,420,159,3,7,1,A
240508_2-27_crop_00.jpg,bg_to_strip_inclusion,7,2,992,454,1,2,1,A
240508_2-27_crop_00.jpg,bg_to_strip_inclusion,9,4,962,594,3,2,1,A
240508_2-27_crop_00.jpg,bg_to_strip_inclusion,10,4,965,597,1,4,1,A
240508_2-27_crop_00.jpg,bg_to_strip_inclusion,11,5,966,604,1,5,1,A
240508_2-27_crop_00.jpg,bg_to_strip_inclusion,12,14,959,606,2,14,1,A
240508_2-27_crop_00.jpg,bg_to_strip_inclusion,13,3,996,622,1,3,1,A
240508_2-27_crop_00.jpg,bg_to_strip_inclusion,14,54,958,628,3,39,1,A
240508_2-27_crop_00.jpg,bg_to_strip_inclusion,15,5,995,630,1,5,1,A
240508_2-27_crop_00.jpg,bg_to_strip_inclusion,16,2,970,632,1,2,1,A
240508_2-27_crop_00.jpg,bg_to_strip_inclusion,17,20,971,635,3,18,1,A
240508_2-27_crop_00.jpg,bg_to_strip_inclusion,19,6,974,655,1,6,1,A
240508_2-27_crop_00.jpg,bg_to_strip_inclusion,20,6,975,663,1,6,1,A
240508_2-27_crop_00.jpg,bg_to_strip_inclusion,22,3,961,669,1,3,1,A
240508_2-27_crop_00.jpg,bg_to_strip_inclusion,23,16,976,670,2,14,1,A
240508_2-27_crop_00.jpg,bg_to_strip_inclusion,25,2,963,679,1,2,1,A
240508_2-27_crop_00.jpg,bg_to_strip_inclusion,26,3,964,683,1,3,1,A
240508_2-27_crop_00.jpg,bg_to_strip_inclusion,27,4,978,686,1,4,1,A
240508_2-27_crop_00.jpg,bg_to_strip_inclusion,28,3,965,688,1,3,1,A
240508_2-27_crop_00.jpg,bg_to_strip_inclusion,29,2,966,693,1,2,1,A
240508_2-27_crop_00.jpg,bg_to_strip_inclusion,30,3,967,697,1,3,1,A
240508_2-27_crop_00.jpg,bg_to_strip_inclusion,31,2,968,702,1,2,1,A
240508_2-27_crop_00.jpg,bg_to_strip_inclusion,32,3,969,707,1,3,1,A
240508_2-27_crop_00.jpg,bg_to_strip_inclusion,33,4,979,709,1,4,1,A
240508_2-27_crop_00.jpg,bg_to_strip_inclusion,34,5,970,712,1,5,1,A
240508_2-27_crop_00.jpg,bg_to_strip_inclusion,35,3,980,720,1,3,1,A
240508_2-27_crop_00.jpg,bg_to_strip_inclusion,36,8,971,724,1,8,1,A
240508_2-27_crop_00.jpg,bg_to_strip_inclusion,37,5,981,727,1,5,1,A
240508_2-27_crop_00.jpg,bg_to_strip_inclusion,38,5,982,733,1,5,1,A
240508_2-27_crop_00.jpg,bg_to_strip_inclusion,39,2,983,742,1,2,1,A
240508_2-27_crop_00.jpg,bg_to_strip_inclusion,40,20,976,774,1,20,1,A
240508_2-27_crop_00.jpg,bg_to_strip_inclusion,41,8,976,797,1,8,1,A
240508_2-27_crop_00.jpg,bg_to_strip_inclusion,42,2,977,811,1,2,1,A
240508_2-27_crop_00.jpg,bg_to_strip_inclusion,43,2,977,882,2,2,1,A
240508_2-27_crop_00.jpg,bg_to_strip_inclusion,45,2,981,898,1,2,1,A
240508_2-27_crop_00.jpg,bg_to_strip_inclusion,46,3,982,903,1,3,1,A
240508_2-27_crop_00.jpg,bg_to_strip_inclusion,49,8,974,945,1,8,1,A
240508_2-28_crop_02.jpg,bg_to_strip_inclusion,1,12,896,317,5,4,3,C
240508_2-28_crop_02.jpg,bg_to_D,1,47,138,340,8,7,4,D
240508_2-2_crop_00.jpg,bg_to_strip_inclusion,1,5,356,72,3,5,1,A
240508_2-2_crop_00.jpg,bg_to_strip_inclusion,2,3,360,72,3,3,1,A
240508_2-2_crop_00.jpg,bg_to_strip_inclusion,4,2,355,78,1,2,1,A
240508_2-2_crop_00.jpg,bg_to_strip_inclusion,5,5,934,81,4,3,1,A
240508_2-2_crop_00.jpg,bg_to_strip_inclusion,7,2,354,82,1,2,1,A
240508_2-2_crop_00.jpg,bg_to_strip_inclusion,10,33,935,115,2,27,1,A
240508_2-2_crop_00.jpg,bg_to_strip_inclusion,11,2,934,146,1,2,1,A
240508_2-2_crop_00.jpg,bg_to_strip_inclusion,12,2,933,150,1,2,1,A
240508_2-2_crop_00.jpg,bg_to_strip_inclusion,13,14,932,158,5,9,1,A
240508_2-2_crop_00.jpg,bg_to_strip_inclusion,14,108,925,563,12,23,1,A
240508_2-2_crop_00.jpg,bg_to_strip_inclusion,15,5,1001,625,2,4,1,A
240508_2-2_crop_00.jpg,bg_to_strip_inclusion,16,99,988,631,11,28,1,A
240508_2-2_crop_00.jpg,bg_to_strip_inclusion,17,48,981,634,7,23,1,A
240508_2-2_crop_00.jpg,bg_to_strip_inclusion,18,22,930,717,4,14,1,A
240508_2-2_crop_00.jpg,bg_to_strip_inclusion,19,2,934,732,1,2,1,A
240508_2-30_crop_02.jpg,bg_to_strip_inclusion,1,7,838,402,4,5,3,C
240508_2-30_crop_02.jpg,bg_to_strip_inclusion,2,4,837,411,1,4,3,C
240508_2-30_crop_02.jpg,bg_to_strip_inclusion,3,73,19,414,8,18,1,A
240508_2-30_crop_02.jpg,bg_to_strip_inclusion,4,2,836,418,1,2,3,C
240508_2-30_crop_02.jpg,bg_to_strip_inclusion,5,6,836,428,3,6,3,C
240508_2-30_crop_02.jpg,bg_to_strip_inclusion,6,66,10,483,6,16,1,A
240508_2-34_crop_00.jpg,bg_to_strip_inclusion,1,13,191,75,4,11,1,A
240508_2-34_crop_00.jpg,bg_to_strip_inclusion,2,14,188,161,2,12,1,A
240508_2-34_crop_00.jpg,bg_to_strip_inclusion,4,9,160,209,1,9,1,A
240508_2-34_crop_00.jpg,bg_to_strip_inclusion,6,2,444,650,1,2,1,A
240508_2-34_crop_00.jpg,bg_to_strip_inclusion,8,3,450,683,1,3,1,A
240508_2-34_crop_00.jpg,bg_to_strip_inclusion,9,4,451,687,1,4,1,A
240508_2-34_crop_00.jpg,bg_to_strip_inclusion,11,2,455,713,1,2,1,A
240508_2-34_crop_00.jpg,bg_to_strip_inclusion,12,2,456,717,1,2,1,A
240508_2-34_crop_00.jpg,bg_to_strip_inclusion,13,21,457,720,3,13,1,A
240508_2-34_crop_00.jpg,bg_to_strip_inclusion,14,3,467,723,1,3,1,A
240508_2-34_crop_00.jpg,bg_to_strip_inclusion,17,23,464,766,3,22,1,A
240508_2-34_crop_00.jpg,bg_to_strip_inclusion,19,3,470,814,1,3,1,A
240508_2-34_crop_00.jpg,bg_to_strip_inclusion,20,9,471,820,4,7,1,A
240508_2-34_crop_00.jpg,bg_to_strip_inclusion,21,20,947,890,2,19,1,A
240508_2-36_crop_00.jpg,bg_to_strip_inclusion,1,7,490,35,1,7,1,A
240508_2-36_crop_00.jpg,bg_to_strip_inclusion,2,18,492,60,2,16,1,A
240508_2-36_crop_00.jpg,bg_to_strip_inclusion,3,4,492,92,1,4,1,A
240508_2-36_crop_00.jpg,bg_to_strip_inclusion,4,3,491,97,1,3,1,A
240508_2-36_crop_00.jpg,bg_to_strip_inclusion,5,2,490,102,1,2,1,A
240508_2-36_crop_00.jpg,bg_to_strip_inclusion,6,5,489,107,1,5,1,A
240508_2-36_crop_00.jpg,bg_to_strip_inclusion,7,8,488,115,1,8,1,A
240508_2-36_crop_00.jpg,bg_to_strip_inclusion,8,4,489,130,1,4,1,A
240508_2-36_crop_00.jpg,bg_to_strip_inclusion,9,20,490,136,4,12,1,A
240508_2-36_crop_00.jpg,bg_to_strip_inclusion,10,2,324,451,2,2,1,A
240508_2-36_crop_00.jpg,bg_to_strip_inclusion,12,3,320,480,1,3,1,A
240508_2-36_crop_00.jpg,bg_to_strip_inclusion,13,3,321,484,1,3,1,A
240508_2-36_crop_00.jpg,bg_to_strip_inclusion,14,3,322,488,1,3,1,A
240508_2-36_crop_00.jpg,bg_to_strip_inclusion,15,2,323,493,1,2,1,A
240508_2-36_crop_00.jpg,bg_to_strip_inclusion,18,7,331,524,4,3,1,A
240508_2-36_crop_00.jpg,bg_to_strip_inclusion,19,2,677,606,2,2,1,A
240508_2-36_crop_00.jpg,bg_to_strip_inclusion,20,4,680,606,2,3,1,A
240508_2-36_crop_00.jpg,bg_to_strip_inclusion,21,40,672,623,3,19,1,A
240508_2-36_crop_00.jpg,bg_to_strip_inclusion,22,40,667,628,4,22,1,A
240508_2-36_crop_00.jpg,bg_to_strip_inclusion,23,2,682,628,1,2,1,A
240508_2-36_crop_00.jpg,bg_to_strip_inclusion,24,24,679,632,3,16,1,A
240508_2-36_crop_00.jpg,bg_to_strip_inclusion,25,2,660,644,1,2,1,A
240508_2-36_crop_00.jpg,bg_to_strip_inclusion,26,15,679,653,2,15,1,A
240508_2-36_crop_00.jpg,bg_to_strip_inclusion,27,14,658,655,1,14,1,A
240508_2-36_crop_00.jpg,bg_to_strip_inclusion,28,5,666,669,1,5,1,A
240508_2-36_crop_00.jpg,bg_to_strip_inclusion,29,13,658,678,1,13,1,A
240508_2-36_crop_00.jpg,bg_to_strip_inclusion,32,2,368,742,1,2,1,A
240508_2-36_crop_00.jpg,bg_to_strip_inclusion,33,2,369,748,1,2,1,A
240508_2-36_crop_00.jpg,bg_to_strip_inclusion,35,3,171,822,1,3,1,A
240508_2-36_crop_00.jpg,bg_to_strip_inclusion,36,2,175,825,1,2,1,A
240508_2-36_crop_00.jpg,bg_to_strip_inclusion,37,2,170,831,1,2,1,A
240508_2-36_crop_00.jpg,bg_to_strip_inclusion,38,2,236,830,2,2,1,A
240508_2-36_crop_00.jpg,bg_to_strip_inclusion,39,14,175,833,4,12,1,A
240508_2-36_crop_00.jpg,bg_to_strip_inclusion,40,2,236,857,1,2,1,A
240508_2-36_crop_00.jpg,bg_to_strip_inclusion,41,27,169,860,1,27,1,A
240508_2-36_crop_00.jpg,bg_to_strip_inclusion,42,2,237,862,1,2,1,A
240508_2-36_crop_00.jpg,bg_to_strip_inclusion,43,3,243,864,1,3,1,A
240508_2-36_crop_00.jpg,bg_to_strip_inclusion,44,2,238,866,1,2,1,A
240508_2-36_crop_00.jpg,bg_to_strip_inclusion,45,6,180,886,1,6,1,A
240508_2-36_crop_00.jpg,bg_to_strip_inclusion,46,17,169,889,1,17,1,A
240508_2-36_crop_00.jpg,bg_to_strip_inclusion,47,21,168,909,1,21,1,A
240508_2-36_crop_00.jpg,bg_to_strip_inclusion,48,2,695,942,2,1,1,A
240508_2-36_crop_00.jpg,bg_to_strip_inclusion,49,26,168,944,4,12,1,A
240508_2-36_crop_00.jpg,bg_to_strip_inclusion,51,8,694,955,2,8,1,A
240508_2-36_crop_00.jpg,bg_to_strip_inclusion,52,25,698,971,6,7,1,A
240508_2-36_crop_00.jpg,bg_to_strip_inclusion,53,2,705,986,1,2,1,A
240508_2-38_crop_01.jpg,bg_to_strip_inclusion,1,3,583,50,2,3,1,A
240508_2-38_crop_01.jpg,bg_to_strip_inclusion,2,15,582,54,1,15,1,A
240508_2-38_crop_01.jpg,bg_to_strip_inclusion,3,2,589,65,1,2,1,A
240508_2-38_crop_01.jpg,bg_to_strip_inclusion,7,6,587,82,5,6,1,A
240508_2-38_crop_01.jpg,bg_to_strip_inclusion,8,94,509,686,6,21,1,A
240508_2-39_crop_01.jpg,bg_to_strip_inclusion,1,3,381,255,3,2,1,A
240508_2-39_crop_01.jpg,bg_to_strip_inclusion,3,2,372,301,1,2,1,A
240508_2-39_crop_01.jpg,bg_to_strip_inclusion,6,9,375,323,3,9,1,A
240508_2-39_crop_01.jpg,bg_to_strip_inclusion,7,2,1014,821,2,1,1,A
240508_2-39_crop_01.jpg,bg_to_strip_inclusion,9,2,1012,828,1,2,1,A
240508_2-39_crop_01.jpg,bg_to_strip_inclusion,10,2,1013,833,2,2,1,A
240508_2-39_crop_01.jpg,bg_to_strip_inclusion,11,9,842,836,4,6,1,A
240508_2-39_crop_01.jpg,bg_to_strip_inclusion,12,2,961,875,2,2,1,A
240508_2-39_crop_01.jpg,bg_to_strip_inclusion,14,3,966,878,1,3,1,A
240508_2-39_crop_01.jpg,bg_to_strip_inclusion,15,15,959,883,1,15,1,A
240508_2-39_crop_01.jpg,bg_to_strip_inclusion,16,2,960,900,1,2,1,A
240508_2-3_crop_00.jpg,bg_to_strip_inclusion,1,2,963,35,1,2,1,A
240508_2-3_crop_00.jpg,bg_to_strip_inclusion,3,17,966,51,4,10,1,A
240508_2-3_crop_00.jpg,bg_to_strip_inclusion,6,4,994,300,1,4,1,A
240508_2-3_crop_00.jpg,bg_to_strip_inclusion,7,4,999,301,1,4,1,A
240508_2-3_crop_00.jpg,bg_to_strip_inclusion,8,8,1000,306,2,7,1,A
240508_2-3_crop_00.jpg,bg_to_strip_inclusion,9,3,995,308,1,3,1,A
240508_2-3_crop_00.jpg,bg_to_strip_inclusion,11,19,1002,325,3,12,1,A
240508_2-3_crop_00.jpg,bg_to_strip_inclusion,12,2,999,335,2,2,1,A
240508_2-3_crop_00.jpg,bg_to_strip_inclusion,13,6,550,639,3,4,3,C
240508_2-3_crop_00.jpg,bg_to_strip_inclusion,14,2,546,646,1,2,3,C
240508_2-3_crop_00.jpg,bg_to_strip_inclusion,16,6,551,651,1,6,3,C
240508_2-3_crop_00.jpg,bg_to_strip_inclusion,17,21,544,666,5,9,3,C
240508_2-3_crop_00.jpg,bg_to_D,2,2,694,841,1,2,4,D
240508_2-3_crop_00.jpg,bg_to_D,3,2,694,844,1,2,4,D
240508_2-3_crop_00.jpg,bg_to_D,4,2,697,848,2,1,4,D
240508_2-3_crop_01.jpg,bg_to_strip_inclusion,1,6,960,425,4,2,1,A
240508_2-3_crop_01.jpg,bg_to_strip_inclusion,2,3,957,439,1,3,1,A
240508_2-3_crop_01.jpg,bg_to_strip_inclusion,4,74,934,609,5,18,1,A
240508_2-3_crop_01.jpg,bg_to_strip_inclusion,5,8,938,682,2,6,1,A
240508_2-4_crop_01.jpg,bg_to_strip_inclusion,2,4,599,260,1,4,3,C
240508_2-4_crop_01.jpg,bg_to_strip_inclusion,7,2,55,741,1,2,1,A
240508_2-4_crop_01.jpg,bg_to_strip_inclusion,8,10,55,749,1,10,1,A
240508_2-4_crop_01.jpg,bg_to_strip_inclusion,9,6,60,775,1,6,1,A
240508_2-4_crop_01.jpg,bg_to_D,1,76,443,697,10,9,4,D
240508_2-5_crop_02.jpg,bg_to_strip_inclusion,4,5,641,499,1,5,3,C
240508_2-5_crop_02.jpg,bg_to_strip_inclusion,5,3,636,501,1,3,3,C
240508_2-5_crop_02.jpg,bg_to_strip_inclusion,6,2,635,507,1,2,3,C
240508_2-5_crop_02.jpg,bg_to_D,1,37,427,400,7,7,4,D
240508_2-6_crop_02.jpg,bg_to_strip_inclusion,1,7,670,897,4,3,3,C
240508_2-6_crop_02.jpg,bg_to_strip_inclusion,2,3,669,917,1,3,3,C
240508_2-6_crop_02.jpg,bg_to_strip_inclusion,3,8,668,932,2,7,1,A
240508_2-7_crop_01.jpg,bg_to_strip_inclusion,1,5,52,134,4,2,1,A
240508_2-7_crop_01.jpg,bg_to_strip_inclusion,2,7,53,144,3,6,1,A
240508_2-7_crop_01.jpg,bg_to_strip_inclusion,3,19,54,161,5,8,1,A
240508_2-7_crop_01.jpg,bg_to_strip_inclusion,4,3,53,168,1,3,1,A
240508_2-7_crop_01.jpg,bg_to_strip_inclusion,5,2,52,182,1,2,1,A
240508_2-7_crop_01.jpg,bg_to_strip_inclusion,6,41,43,260,5,10,1,A
240508_2-7_crop_01.jpg,bg_to_strip_inclusion,8,2,88,671,1,2,1,A
240508_2-7_crop_01.jpg,bg_to_strip_inclusion,9,12,89,686,2,8,1,A
240508_2-7_crop_01.jpg,bg_to_strip_inclusion,10,16,91,758,1,16,1,A
240508_2-7_crop_01.jpg,bg_to_strip_inclusion,12,10,87,781,4,4,1,A
240508_2-7_crop_01.jpg,bg_to_D,1,81,262,261,10,10,4,D
240508_2-9_crop_01.jpg,bg_to_strip_inclusion,1,31,249,174,7,11,1,A
240508_2-9_crop_01.jpg,bg_to_strip_inclusion,3,30,258,180,7,13,1,A
240508_2-9_crop_01.jpg,bg_to_strip_inclusion,5,11,265,196,2,9,1,A
240508_2-9_crop_01.jpg,bg_to_strip_inclusion,6,14,253,202,2,13,1,A
240508_2-9_crop_01.jpg,bg_to_strip_inclusion,8,10,226,248,6,5,1,A
240508_2-9_crop_01.jpg,bg_to_strip_inclusion,9,13,227,256,5,9,1,A
240508_2-9_crop_01.jpg,bg_to_strip_inclusion,13,7,634,673,2,7,1,A
240508_2-9_crop_01.jpg,bg_to_strip_inclusion,14,6,638,699,1,6,1,A
240508_4-11_crop_01.jpg,bg_to_strip_inclusion,1,128,344,770,9,17,2,B
240508_4-11_crop_01.jpg,bg_to_strip_inclusion,2,11,315,809,4,10,2,B
240508_4-11_crop_01.jpg,bg_to_strip_inclusion,3,8,313,832,1,8,2,B
240508_4-11_crop_01.jpg,bg_to_strip_inclusion,5,3,320,848,1,3,2,B
240508_4-11_crop_01.jpg,bg_to_strip_inclusion,7,4,315,861,1,4,2,B
240508_4-11_crop_01.jpg,bg_to_strip_inclusion,8,4,322,865,2,3,2,B
240508_4-11_crop_01.jpg,bg_to_strip_inclusion,9,3,314,866,1,3,2,B
240508_4-11_crop_01.jpg,bg_to_strip_inclusion,11,4,315,879,1,4,2,B
240508_4-11_crop_01.jpg,bg_to_strip_inclusion,12,70,316,890,7,14,2,B
240508_4-13_crop_00.jpg,bg_to_strip_inclusion,4,2,58,19,1,2,2,B
240508_4-13_crop_00.jpg,bg_to_strip_inclusion,5,5,59,23,1,5,2,B
240508_4-13_crop_00.jpg,bg_to_strip_inclusion,6,9,60,30,1,9,2,B
240508_4-13_crop_00.jpg,bg_to_strip_inclusion,7,4,66,40,1,4,2,B
240508_4-13_crop_00.jpg,bg_to_strip_inclusion,8,2,67,46,1,2,2,B
240508_4-13_crop_00.jpg,bg_to_strip_inclusion,9,2,68,51,1,2,2,B
240508_4-13_crop_00.jpg,bg_to_strip_inclusion,11,2,69,55,1,2,2,B
240508_4-13_crop_00.jpg,bg_to_strip_inclusion,12,2,63,57,1,2,2,B
240508_4-13_crop_00.jpg,bg_to_strip_inclusion,14,4,64,62,1,4,2,B
240508_4-13_crop_00.jpg,bg_to_strip_inclusion,15,4,65,69,1,4,2,B
240508_4-2_crop_00.jpg,bg_to_strip_inclusion,1,45,590,379,5,12,2,B
240508_4-2_crop_00.jpg,bg_to_strip_inclusion,2,8,633,876,5,4,2,B
240508_4-2_crop_00.jpg,bg_to_strip_inclusion,3,9,634,883,4,3,2,B
240508_4-2_crop_00.jpg,bg_to_strip_inclusion,5,2,645,915,1,2,3,C
240508_4-2_crop_00.jpg,bg_to_strip_inclusion,6,3,640,919,1,3,3,C
240508_4-2_crop_00.jpg,bg_to_strip_inclusion,7,2,646,919,1,2,3,C
240508_4-2_crop_00.jpg,bg_to_strip_inclusion,8,2,641,924,1,2,3,C
240508_4-2_crop_00.jpg,bg_to_strip_inclusion,10,3,642,929,1,3,3,C
240508_4-2_crop_00.jpg,bg_to_strip_inclusion,11,3,648,930,1,3,3,C
240508_4-2_crop_00.jpg,bg_to_strip_inclusion,12,16,643,934,1,16,3,C
240508_4-2_crop_00.jpg,bg_to_strip_inclusion,13,16,648,938,2,10,3,C
240508_4-2_crop_01.jpg,bg_to_strip_inclusion,1,13,61,1,3,5,3,C
240508_4-2_crop_01.jpg,bg_to_strip_inclusion,2,8,61,196,2,5,2,B
240508_4-2_crop_01.jpg,bg_to_strip_inclusion,5,10,62,217,1,10,2,B
240508_4-2_crop_01.jpg,bg_to_strip_inclusion,6,5,67,229,4,2,2,B
240508_4-2_crop_01.jpg,bg_to_strip_inclusion,8,41,0,568,5,11,2,B
240508_4-2_crop_01.jpg,bg_to_strip_inclusion,9,4,571,905,3,2,3,C
240508_4-2_crop_01.jpg,bg_to_strip_inclusion,11,14,572,913,3,11,3,C
240508_4-2_crop_01.jpg,bg_to_strip_inclusion,12,5,577,912,2,5,3,C
240508_4-2_crop_01.jpg,bg_to_D,1,84,293,606,11,9,4,D
240508_4-2_crop_01.jpg,bg_to_D,2,128,588,941,13,13,4,D
240508_4-3_crop_00.jpg,bg_to_strip_inclusion,1,33,318,112,5,25,2,B
240508_4-3_crop_00.jpg,bg_to_strip_inclusion,2,18,324,114,4,15,2,B
240508_4-3_crop_00.jpg,bg_to_strip_inclusion,3,3,328,131,1,3,2,B
240508_4-3_crop_00.jpg,bg_to_strip_inclusion,4,15,356,704,4,13,3,C
240508_4-3_crop_00.jpg,bg_to_strip_inclusion,5,2,361,706,1,2,3,C
240508_4-3_crop_00.jpg,bg_to_strip_inclusion,6,3,362,715,1,3,3,C
240508_4-3_crop_00.jpg,bg_to_strip_inclusion,7,5,357,718,2,5,3,C
240508_4-3_crop_00.jpg,bg_to_D,3,2,262,257,1,2,4,D
240508_4-3_crop_00.jpg,bg_to_D,5,5,257,260,5,3,4,D
240508_4-3_crop_00.jpg,bg_to_D,6,2,254,262,2,1,4,D
240508_4-3_crop_00.jpg,bg_to_D,8,2,429,901,2,1,4,D
240508_4-3_crop_00.jpg,bg_to_D,9,14,429,902,6,10,4,D
240508_4-3_crop_00.jpg,bg_to_D,11,4,427,1001,4,2,4,D
240508_4-3_crop_00.jpg,bg_to_D,13,2,426,1004,1,2,4,D
240508_4-9_crop_00.jpg,bg_to_strip_inclusion,1,18,998,531,8,5,2,B
240508_4-9_crop_00.jpg,bg_to_strip_inclusion,2,16,113,532,5,9,2,B
240508_4-9_crop_00.jpg,bg_to_strip_inclusion,3,14,1005,539,2,8,2,B
240508_4-9_crop_00.jpg,bg_to_strip_inclusion,4,47,997,542,5,32,2,B
240508_4-9_crop_00.jpg,bg_to_strip_inclusion,5,3,123,561,1,3,2,B
240508_4-9_crop_00.jpg,bg_to_strip_inclusion,6,3,1007,564,1,3,2,B
240508_4-9_crop_00.jpg,bg_to_strip_inclusion,8,2,1009,577,1,2,2,B
240508_4-9_crop_00.jpg,bg_to_strip_inclusion,9,4,1010,581,1,4,2,B
240508_4-9_crop_00.jpg,bg_to_strip_inclusion,10,3,1011,586,1,3,2,B
240508_4-9_crop_00.jpg,bg_to_strip_inclusion,11,29,1004,589,8,12,2,B
240508_4-9_crop_00.jpg,bg_to_strip_inclusion,12,2,127,593,1,2,2,B
240508_4-9_crop_00.jpg,bg_to_strip_inclusion,14,3,121,596,1,3,2,B
240508_4-9_crop_00.jpg,bg_to_strip_inclusion,15,106,122,600,10,22,2,B
240508_4-9_crop_00.jpg,bg_to_strip_inclusion,16,4,263,856,4,2,3,C
240508_4-9_crop_00.jpg,bg_to_strip_inclusion,17,3,262,862,1,3,3,C
240508_4-9_crop_00.jpg,bg_to_strip_inclusion,18,14,267,862,2,12,3,C
240508_4-9_crop_00.jpg,bg_to_strip_inclusion,19,4,263,872,1,4,3,C
240508_4-9_crop_00.jpg,bg_to_strip_inclusion,20,42,263,878,6,11,3,C
240508_4-9_crop_00.jpg,bg_to_strip_inclusion,21,54,266,903,5,16,2,B
240508_4-9_crop_00.jpg,bg_to_strip_inclusion,22,63,270,925,8,26,2,B
240508_4-9_crop_00.jpg,bg_to_strip_inclusion,23,12,278,936,2,10,2,B
240508_4-9_crop_00.jpg,bg_to_strip_inclusion,24,167,273,951,9,28,2,B
240508_4-9_crop_02.jpg,bg_to_strip_inclusion,1,23,148,432,5,11,3,C
240508_5-18_crop_00.jpg,bg_to_D,4,3,731,15,3,3,4,D
2408_C-40_crop_00.jpg,bg_to_strip_inclusion,2,3,414,161,1,3,3,C
2408_C-40_crop_00.jpg,bg_to_strip_inclusion,3,10,415,166,4,7,3,C
2408_C-40_crop_00.jpg,bg_to_strip_inclusion,4,29,310,418,6,17,3,C
2408_C-40_crop_00.jpg,bg_to_strip_inclusion,5,29,312,436,4,16,3,C
2408_C-40_crop_00.jpg,bg_to_strip_inclusion,6,2,317,437,1,2,3,C
2408_C-40_crop_00.jpg,bg_to_strip_inclusion,8,2,374,438,2,2,3,C
2408_C-40_crop_00.jpg,bg_to_strip_inclusion,9,15,376,442,3,10,3,C
2408_C-40_crop_00.jpg,bg_to_strip_inclusion,10,5,366,447,2,5,3,C
2408_C-40_crop_00.jpg,bg_to_strip_inclusion,11,2,365,453,1,2,3,C
2408_C-40_crop_00.jpg,bg_to_strip_inclusion,13,12,378,456,2,9,3,C
2408_C-40_crop_00.jpg,bg_to_strip_inclusion,14,4,364,464,1,4,3,C
2408_C-40_crop_00.jpg,bg_to_strip_inclusion,15,12,377,466,2,12,3,C
2408_C-40_crop_00.jpg,bg_to_strip_inclusion,16,8,376,481,2,6,3,C
2408_C-40_crop_00.jpg,bg_to_strip_inclusion,17,4,365,482,2,3,3,C
2408_C-40_crop_00.jpg,bg_to_strip_inclusion,18,2,378,488,1,2,3,C
2408_C-40_crop_00.jpg,bg_to_strip_inclusion,19,2,379,491,1,2,3,C
2408_C-40_crop_00.jpg,bg_to_strip_inclusion,20,3,381,497,1,3,3,C
2408_C-40_crop_00.jpg,bg_to_strip_inclusion,21,4,382,502,1,4,3,C
2408_C-40_crop_00.jpg,bg_to_strip_inclusion,22,5,383,515,1,5,3,C
2408_C-40_crop_00.jpg,bg_to_strip_inclusion,24,13,108,653,3,10,3,C
2408_C-40_crop_00.jpg,bg_to_strip_inclusion,25,4,104,655,1,4,3,C
2408_C-40_crop_00.jpg,bg_to_strip_inclusion,26,22,105,679,3,16,3,C
2408_C-40_crop_00.jpg,bg_to_strip_inclusion,27,4,115,681,1,4,3,C
2408_C-40_crop_00.jpg,bg_to_strip_inclusion,29,14,109,699,2,11,3,C
2408_C-40_crop_00.jpg,bg_to_strip_inclusion,30,13,115,699,1,13,3,C
2408_C-40_crop_00.jpg,bg_to_strip_inclusion,32,11,149,984,1,11,3,C
2408_C-40_crop_00.jpg,bg_to_strip_inclusion,34,127,104,1004,9,20,3,C
2408_C-43_crop_02.jpg,bg_to_strip_inclusion,1,30,330,182,4,26,3,C
2408_C-43_crop_02.jpg,bg_to_strip_inclusion,2,7,337,190,1,7,3,C
2408_C-43_crop_02.jpg,bg_to_strip_inclusion,3,15,337,202,2,10,3,C
2408_C-43_crop_02.jpg,bg_to_strip_inclusion,4,6,330,212,1,6,3,C
2408_C-43_crop_02.jpg,bg_to_strip_inclusion,5,2,337,217,1,2,3,C
2408_C-43_crop_02.jpg,bg_to_strip_inclusion,6,21,326,219,4,18,3,C
2408_C-43_crop_02.jpg,bg_to_strip_inclusion,9,2,334,233,1,2,3,C
2408_C-43_crop_02.jpg,bg_to_strip_inclusion,10,10,330,237,4,10,3,C
2408_C-47_crop_01.jpg,bg_to_strip_inclusion,1,23,975,27,5,16,3,C
2408_C-47_crop_01.jpg,bg_to_strip_inclusion,2,2,974,30,1,2,3,C
2408_C-47_crop_01.jpg,bg_to_strip_inclusion,3,11,972,45,2,10,3,C
2408_C-47_crop_01.jpg,bg_to_strip_inclusion,6,44,970,59,6,20,3,C
2408_C-47_crop_01.jpg,bg_to_strip_inclusion,8,26,142,667,5,10,3,C
2408_C-47_crop_01.jpg,bg_to_strip_inclusion,9,2,147,674,1,2,3,C
2408_C-47_crop_01.jpg,bg_to_strip_inclusion,10,3,148,687,1,3,3,C
2408_C-47_crop_01.jpg,bg_to_strip_inclusion,11,4,142,688,1,4,3,C
2408_C-47_crop_01.jpg,bg_to_strip_inclusion,12,2,147,692,1,2,3,C
2408_C-47_crop_01.jpg,bg_to_strip_inclusion,13,2,144,694,2,1,3,C
2408_C-56_crop_01.jpg,bg_to_strip_inclusion,1,4,216,648,4,2,1,A
2408_C-56_crop_01.jpg,bg_to_strip_inclusion,2,6,215,656,1,6,1,A
2408_C-56_crop_01.jpg,bg_to_strip_inclusion,3,14,220,656,2,10,1,A
2408_C-56_crop_01.jpg,bg_to_strip_inclusion,4,18,216,667,2,16,1,A
2408_C-56_crop_01.jpg,bg_to_strip_inclusion,7,8,231,720,2,7,1,A
2408_C-56_crop_01.jpg,bg_to_strip_inclusion,8,4,224,726,1,4,1,A
2408_C-56_crop_01.jpg,bg_to_strip_inclusion,11,2,223,735,1,2,1,A
2408_C-56_crop_01.jpg,bg_to_strip_inclusion,12,3,232,735,1,3,1,A
2408_C-56_crop_01.jpg,bg_to_strip_inclusion,13,35,228,739,4,27,1,A
2408_C-56_crop_01.jpg,bg_to_strip_inclusion,15,3,221,743,1,3,1,A
2408_C-56_crop_01.jpg,bg_to_strip_inclusion,16,2,220,748,1,2,1,A
2408_C-56_crop_01.jpg,bg_to_strip_inclusion,17,2,220,754,1,2,1,A
2408_C-56_crop_01.jpg,bg_to_strip_inclusion,18,3,221,759,1,3,1,A
2408_C-56_crop_01.jpg,bg_to_strip_inclusion,19,2,222,763,1,2,1,A
2408_C-56_crop_01.jpg,bg_to_strip_inclusion,21,3,224,769,3,2,1,A
2408_C-57_crop_01.jpg,bg_to_strip_inclusion,2,3,381,205,2,3,3,C
2408_C-57_crop_01.jpg,bg_to_strip_inclusion,4,3,375,220,1,3,3,C
2408_C-57_crop_01.jpg,bg_to_strip_inclusion,7,3,379,226,1,3,3,C
2408_C-57_crop_01.jpg,bg_to_strip_inclusion,8,28,374,229,5,9,3,C
2408_C-57_crop_01.jpg,bg_to_strip_inclusion,9,16,262,480,4,5,3,C
2408_C-57_crop_01.jpg,bg_to_strip_inclusion,10,3,261,486,1,3,1,A
2408_C-57_crop_01.jpg,bg_to_strip_inclusion,11,4,260,493,1,4,1,A
2408_C-57_crop_01.jpg,bg_to_strip_inclusion,12,6,258,498,2,6,1,A
2408_C-57_crop_01.jpg,bg_to_strip_inclusion,13,2,265,499,1,2,1,A
2408_C-57_crop_01.jpg,bg_to_strip_inclusion,15,18,258,509,6,12,1,A
2408_C-57_crop_01.jpg,bg_to_strip_inclusion,18,2,251,525,1,2,1,A
2408_C-57_crop_01.jpg,bg_to_strip_inclusion,21,9,248,536,3,5,1,A
2408_C-57_crop_01.jpg,bg_to_strip_inclusion,22,24,207,645,4,16,3,C
2408_C-57_crop_01.jpg,bg_to_strip_inclusion,23,5,209,664,1,5,3,C
2408_C-57_crop_01.jpg,bg_to_strip_inclusion,24,2,204,670,1,2,3,C
2408_C-57_crop_01.jpg,bg_to_strip_inclusion,26,2,205,673,1,2,3,C
2408_C-57_crop_01.jpg,bg_to_strip_inclusion,27,13,346,878,3,13,1,A
2408_C-57_crop_01.jpg,bg_to_strip_inclusion,28,5,345,892,1,5,1,A
2408_C-57_crop_01.jpg,bg_to_strip_inclusion,30,6,344,899,2,6,1,A
2408_C-57_crop_01.jpg,bg_to_strip_inclusion,32,5,346,936,1,5,1,A
2408_C-57_crop_01.jpg,bg_to_strip_inclusion,33,2,341,938,1,2,1,A
2408_C-57_crop_01.jpg,bg_to_strip_inclusion,34,19,339,944,2,17,1,A
2408_C-57_crop_01.jpg,bg_to_strip_inclusion,35,4,344,953,1,4,1,A
2408_C-57_crop_01.jpg,bg_to_strip_inclusion,36,5,340,960,4,4,1,A
2408_C-58_crop_01.jpg,bg_to_strip_inclusion,1,7,677,517,4,7,3,C
2408_C-58_crop_01.jpg,bg_to_strip_inclusion,3,4,676,525,1,4,3,C
2408_C-58_crop_01.jpg,bg_to_strip_inclusion,4,10,677,534,1,10,3,C
2408_C-58_crop_01.jpg,bg_to_strip_inclusion,5,10,682,549,2,6,3,C
2408_C-58_crop_01.jpg,bg_to_strip_inclusion,6,20,677,555,6,15,3,C
2408_C-60_crop_01.jpg,bg_to_strip_inclusion,1,6,897,492,5,2,3,C
2408_C-60_crop_01.jpg,bg_to_strip_inclusion,3,4,898,509,2,4,3,C
2408_C-60_crop_01.jpg,bg_to_strip_inclusion,4,12,890,511,4,11,3,C
2408_C-60_crop_01.jpg,bg_to_strip_inclusion,5,4,889,523,1,4,3,C
2408_C-60_crop_01.jpg,bg_to_strip_inclusion,6,6,896,526,1,6,3,C
2408_C-60_crop_01.jpg,bg_to_strip_inclusion,7,18,888,532,1,18,3,C
2408_C-60_crop_01.jpg,bg_to_strip_inclusion,8,3,897,534,1,3,3,C
2408_C-60_crop_01.jpg,bg_to_strip_inclusion,9,2,898,541,1,2,3,C
2408_C-60_crop_01.jpg,bg_to_strip_inclusion,12,16,890,563,3,8,3,C
2408_C-60_crop_01.jpg,bg_to_strip_inclusion,13,9,898,562,1,9,3,C
2408_C-60_crop_01.jpg,bg_to_strip_inclusion,15,2,887,589,1,2,3,C
2408_C-63_crop_01.jpg,bg_to_strip_inclusion,1,59,289,68,4,19,2,B
2408_C-63_crop_01.jpg,bg_to_strip_inclusion,3,7,762,149,1,7,1,A
2408_C-63_crop_01.jpg,bg_to_strip_inclusion,4,2,763,177,1,2,1,A
2408_C-63_crop_01.jpg,bg_to_strip_inclusion,5,18,765,191,5,7,1,A
2408_C-63_crop_01.jpg,bg_to_strip_inclusion,6,8,47,197,1,8,3,C
2408_C-63_crop_01.jpg,bg_to_strip_inclusion,7,3,46,208,1,3,3,C
2408_C-63_crop_01.jpg,bg_to_strip_inclusion,8,7,45,214,1,7,3,C
2408_C-63_crop_01.jpg,bg_to_strip_inclusion,9,9,54,222,1,9,3,C
2408_C-63_crop_01.jpg,bg_to_strip_inclusion,10,6,47,237,1,6,3,C
2408_C-63_crop_01.jpg,bg_to_strip_inclusion,11,30,47,249,1,30,3,C
2408_C-63_crop_01.jpg,bg_to_strip_inclusion,12,36,54,255,2,36,3,C
2408_C-63_crop_01.jpg,bg_to_strip_inclusion,13,5,555,267,1,5,1,A
2408_C-63_crop_01.jpg,bg_to_strip_inclusion,16,2,556,274,1,2,1,A
2408_C-63_crop_01.jpg,bg_to_strip_inclusion,17,4,552,276,1,4,1,A
2408_C-63_crop_01.jpg,bg_to_strip_inclusion,18,3,553,281,1,3,1,A
2408_C-63_crop_01.jpg,bg_to_strip_inclusion,20,10,56,294,1,10,3,C
2408_C-63_crop_01.jpg,bg_to_strip_inclusion,21,10,47,298,2,8,3,C
2408_C-63_crop_01.jpg,bg_to_strip_inclusion,22,8,46,308,1,8,3,C
2408_C-63_crop_01.jpg,bg_to_strip_inclusion,23,16,54,308,3,13,3,C
2408_C-63_crop_01.jpg,bg_to_strip_inclusion,24,8,47,318,1,8,3,C
2408_C-63_crop_01.jpg,bg_to_strip_inclusion,25,31,52,324,2,30,3,C
2408_C-63_crop_01.jpg,bg_to_strip_inclusion,26,9,51,359,1,9,3,C
2408_C-63_crop_01.jpg,bg_to_strip_inclusion,27,33,42,363,4,27,3,C
2408_C-63_crop_01.jpg,bg_to_strip_inclusion,28,13,40,391,2,13,3,C
2408_C-63_crop_01.jpg,bg_to_strip_inclusion,29,40,47,394,3,38,3,C
2408_C-63_crop_01.jpg,bg_to_strip_inclusion,30,9,40,413,1,9,3,C
2408_C-63_crop_01.jpg,bg_to_strip_inclusion,31,10,41,429,5,9,3,C
2408_C-64_crop_00.jpg,bg_to_strip_inclusion,1,4,336,1,2,3,1,A
2408_C-64_crop_00.jpg,bg_to_strip_inclusion,2,3,335,6,1,3,1,A
2408_C-64_crop_00.jpg,bg_to_strip_inclusion,4,8,338,21,3,8,1,A
2408_C-64_crop_00.jpg,bg_to_strip_inclusion,6,6,938,426,3,5,1,A
2408_C-64_crop_00.jpg,bg_to_strip_inclusion,7,5,942,435,1,5,1,A
2408_C-64_crop_00.jpg,bg_to_strip_inclusion,9,12,975,530,5,5,3,C
2408_C-64_crop_00.jpg,bg_to_strip_inclusion,10,2,441,535,1,2,3,C
2408_C-64_crop_00.jpg,bg_to_strip_inclusion,11,2,446,536,1,2,3,C
2408_C-64_crop_00.jpg,bg_to_strip_inclusion,12,14,976,537,5,13,3,C
2408_C-64_crop_00.jpg,bg_to_strip_inclusion,13,2,981,540,1,2,3,C
2408_C-64_crop_00.jpg,bg_to_strip_inclusion,14,3,449,561,1,3,3,C
2408_C-64_crop_00.jpg,bg_to_strip_inclusion,20,19,108,643,2,16,3,C
2408_C-64_crop_00.jpg,bg_to_strip_inclusion,21,52,110,643,6,31,3,C
2408_C-64_crop_00.jpg,bg_to_strip_inclusion,22,7,109,681,1,7,3,C
2408_C-64_crop_00.jpg,bg_to_strip_inclusion,23,3,117,681,1,3,3,C
2408_C-64_crop_00.jpg,bg_to_strip_inclusion,24,5,118,685,2,5,3,C
2408_C-64_crop_00.jpg,bg_to_strip_inclusion,25,9,111,701,1,9,3,C
2408_C-64_crop_00.jpg,bg_to_strip_inclusion,27,5,112,721,1,5,3,C
2408_C-64_crop_00.jpg,bg_to_strip_inclusion,29,15,113,744,3,12,3,C
2408_C-64_crop_00.jpg,bg_to_strip_inclusion,30,42,116,764,5,22,3,C
2408_C-64_crop_00.jpg,bg_to_strip_inclusion,31,15,126,770,1,15,3,C
2408_C-64_crop_00.jpg,bg_to_strip_inclusion,32,11,126,815,2,9,3,C
2408_C-64_crop_00.jpg,bg_to_strip_inclusion,33,16,122,819,2,16,3,C
2408_C-64_crop_00.jpg,bg_to_strip_inclusion,34,7,128,826,1,7,3,C
2408_C-64_crop_00.jpg,bg_to_strip_inclusion,36,4,120,861,1,4,3,C
2408_C-64_crop_00.jpg,bg_to_strip_inclusion,37,14,125,860,2,9,3,C
2408_C-64_crop_00.jpg,bg_to_strip_inclusion,38,3,121,867,1,3,3,C
2408_C-64_crop_00.jpg,bg_to_strip_inclusion,40,7,438,946,2,5,1,A
2408_C-64_crop_00.jpg,bg_to_strip_inclusion,41,10,437,955,2,8,1,A
2408_C-64_crop_02.jpg,bg_to_strip_inclusion,1,3,510,497,2,3,3,C
2408_C-64_crop_02.jpg,bg_to_strip_inclusion,2,18,507,504,3,17,3,C
2408_C-64_crop_02.jpg,bg_to_strip_inclusion,4,6,510,520,3,3,3,C
2408_C-65_crop_01.jpg,bg_to_strip_inclusion,2,2,788,783,1,2,1,A
2408_C-65_crop_01.jpg,bg_to_strip_inclusion,3,22,789,788,4,19,1,A
2408_C-65_crop_01.jpg,bg_to_strip_inclusion,5,5,785,809,2,5,1,A
2408_C-65_crop_01.jpg,bg_to_strip_inclusion,6,2,787,815,1,2,1,A
2408_C-65_crop_01.jpg,bg_to_strip_inclusion,10,5,794,824,2,4,1,A
2408_C-66_crop_00.jpg,bg_to_strip_inclusion,2,2,742,338,1,2,1,A
2408_C-66_crop_00.jpg,bg_to_strip_inclusion,3,6,736,341,1,6,1,A
2408_C-66_crop_00.jpg,bg_to_strip_inclusion,5,6,737,361,1,6,1,A
2408_C-66_crop_00.jpg,bg_to_strip_inclusion,6,9,744,360,1,9,1,A
2408_C-66_crop_00.jpg,bg_to_strip_inclusion,7,2,743,372,1,2,1,A
2408_C-66_crop_00.jpg,bg_to_strip_inclusion,8,11,506,641,1,11,3,C
2408_C-66_crop_00.jpg,bg_to_strip_inclusion,9,6,510,640,4,5,3,C
2408_C-66_crop_00.jpg,bg_to_strip_inclusion,10,3,518,662,1,3,3,C
2408_C-66_crop_00.jpg,bg_to_strip_inclusion,11,7,519,667,1,7,3,C
2408_C-66_crop_00.jpg,bg_to_strip_inclusion,12,4,520,676,1,4,3,C
2408_C-66_crop_00.jpg,bg_to_strip_inclusion,13,3,521,683,1,3,3,C
2408_C-66_crop_00.jpg,bg_to_strip_inclusion,14,6,522,689,1,6,3,C
2408_C-66_crop_00.jpg,bg_to_strip_inclusion,15,5,513,692,1,5,3,C
2408_C-66_crop_00.jpg,bg_to_strip_inclusion,16,23,519,701,4,13,3,C
2408_C-66_crop_00.jpg,bg_to_strip_inclusion,17,9,519,717,1,9,3,C
2408_C-66_crop_00.jpg,bg_to_strip_inclusion,18,2,509,733,1,2,3,C
2408_C-66_crop_00.jpg,bg_to_strip_inclusion,19,6,508,741,1,6,3,C
2408_C-66_crop_00.jpg,bg_to_strip_inclusion,20,3,517,746,1,3,3,C
2408_C-66_crop_00.jpg,bg_to_strip_inclusion,21,10,507,751,1,10,3,C
2408_C-66_crop_00.jpg,bg_to_strip_inclusion,22,10,514,762,2,8,3,C
2408_C-66_crop_00.jpg,bg_to_strip_inclusion,23,2,508,769,1,2,3,C
2408_C-66_crop_00.jpg,bg_to_strip_inclusion,24,3,509,773,1,3,3,C
2408_C-66_crop_00.jpg,bg_to_strip_inclusion,26,78,914,968,7,15,3,C
2408_C-67_crop_00.jpg,bg_to_strip_inclusion,1,2,983,556,2,2,3,C
2408_C-67_crop_00.jpg,bg_to_strip_inclusion,2,6,983,562,1,6,3,C
2408_C-67_crop_00.jpg,bg_to_strip_inclusion,3,5,989,564,1,5,3,C
2408_C-67_crop_00.jpg,bg_to_strip_inclusion,4,8,111,571,3,8,3,C
2408_C-67_crop_00.jpg,bg_to_strip_inclusion,5,28,106,573,3,20,3,C
2408_C-67_crop_00.jpg,bg_to_strip_inclusion,6,4,989,577,1,4,3,C
2408_C-67_crop_00.jpg,bg_to_strip_inclusion,7,3,983,582,1,3,3,C
2408_C-67_crop_00.jpg,bg_to_strip_inclusion,8,2,988,583,1,2,3,C
2408_C-67_crop_00.jpg,bg_to_strip_inclusion,9,18,113,588,2,15,3,C
2408_C-67_crop_00.jpg,bg_to_strip_inclusion,10,4,107,594,1,4,3,C
2408_C-67_crop_00.jpg,bg_to_strip_inclusion,11,2,106,600,1,2,3,C
2408_C-67_crop_00.jpg,bg_to_strip_inclusion,14,3,101,620,1,3,3,C
2408_C-67_crop_00.jpg,bg_to_strip_inclusion,15,2,100,624,1,2,3,C
2408_C-67_crop_00.jpg,bg_to_strip_inclusion,16,14,111,627,2,8,3,C
2408_C-67_crop_00.jpg,bg_to_strip_inclusion,19,5,109,648,1,5,3,C
2408_C-67_crop_00.jpg,bg_to_strip_inclusion,20,4,101,650,1,4,3,C
2408_C-67_crop_00.jpg,bg_to_strip_inclusion,21,2,100,662,1,2,3,C
2408_C-67_crop_00.jpg,bg_to_strip_inclusion,22,12,108,665,1,12,3,C
2408_C-67_crop_00.jpg,bg_to_strip_inclusion,23,2,99,670,1,2,3,C
2408_C-67_crop_00.jpg,bg_to_strip_inclusion,24,38,99,683,2,26,3,C
2408_C-67_crop_00.jpg,bg_to_strip_inclusion,25,10,105,687,2,6,3,C
2408_C-67_crop_00.jpg,bg_to_strip_inclusion,26,8,107,702,1,8,3,C
2408_C-67_crop_00.jpg,bg_to_strip_inclusion,28,13,107,715,3,13,3,C
2408_C-67_crop_00.jpg,bg_to_strip_inclusion,30,9,479,973,4,5,1,A
2408_C-67_crop_00.jpg,bg_to_strip_inclusion,32,2,483,980,1,2,1,A
2408_C-67_crop_01.jpg,bg_to_strip_inclusion,2,5,933,608,1,5,3,C
2408_C-68_crop_00.jpg,bg_to_strip_inclusion,2,13,298,106,1,13,1,A
2408_C-68_crop_00.jpg,bg_to_strip_inclusion,3,4,40,213,2,3,3,C
2408_C-68_crop_00.jpg,bg_to_strip_inclusion,4,24,36,226,2,23,3,C
2408_C-68_crop_00.jpg,bg_to_strip_inclusion,5,3,38,256,1,3,3,C
2408_C-68_crop_00.jpg,bg_to_strip_inclusion,6,3,38,283,1,3,3,C
2408_C-68_crop_00.jpg,bg_to_strip_inclusion,7,2,43,291,1,2,3,C
2408_C-68_crop_00.jpg,bg_to_strip_inclusion,8,8,37,293,1,8,3,C
2408_C-68_crop_00.jpg,bg_to_strip_inclusion,9,8,42,295,1,8,3,C
2408_C-68_crop_00.jpg,bg_to_strip_inclusion,10,6,37,311,1,6,3,C
2408_C-68_crop_00.jpg,bg_to_strip_inclusion,11,6,43,326,1,6,3,C
2408_C-68_crop_00.jpg,bg_to_strip_inclusion,12,54,31,337,5,35,3,C
2408_C-68_crop_00.jpg,bg_to_strip_inclusion,14,7,41,351,1,7,3,C
2408_C-68_crop_00.jpg,bg_to_strip_inclusion,15,20,38,370,2,13,3,C
2408_C-68_crop_00.jpg,bg_to_strip_inclusion,16,4,31,380,1,4,3,C
2408_C-68_crop_00.jpg,bg_to_strip_inclusion,17,7,40,387,1,7,3,C
2408_C-68_crop_00.jpg,bg_to_strip_inclusion,18,4,32,392,1,4,3,C
2408_C-68_crop_00.jpg,bg_to_strip_inclusion,19,4,38,396,2,4,3,C
2408_C-68_crop_00.jpg,bg_to_strip_inclusion,20,3,33,399,3,2,3,C
2408_C-68_crop_00.jpg,bg_to_strip_inclusion,21,13,429,633,4,12,3,C
2408_C-68_crop_00.jpg,bg_to_strip_inclusion,22,2,431,650,2,1,3,C
2408_C-68_crop_00.jpg,bg_to_strip_inclusion,23,101,926,658,8,17,1,A
2408_C-68_crop_00.jpg,bg_to_strip_inclusion,24,31,142,837,4,10,3,C
2408_C-72_crop_01.jpg,bg_to_strip_inclusion,1,3,765,255,1,3,1,A
2408_C-72_crop_01.jpg,bg_to_strip_inclusion,2,2,766,265,1,2,1,A
2408_C-74_crop_00.jpg,bg_to_strip_inclusion,1,12,19,13,5,8,1,A
2408_C-74_crop_00.jpg,bg_to_strip_inclusion,2,2,26,20,1,2,1,A
2408_C-74_crop_00.jpg,bg_to_strip_inclusion,3,10,20,24,1,10,1,A
2408_C-74_crop_00.jpg,bg_to_strip_inclusion,4,3,27,25,1,3,1,A
2408_C-74_crop_00.jpg,bg_to_strip_inclusion,5,39,21,36,2,28,1,A
2408_C-74_crop_00.jpg,bg_to_strip_inclusion,6,24,340,38,8,13,1,A
2408_C-74_crop_00.jpg,bg_to_strip_inclusion,7,2,348,47,1,2,1,A
2408_C-74_crop_00.jpg,bg_to_strip_inclusion,8,2,349,51,1,2,1,A
2408_C-74_crop_00.jpg,bg_to_strip_inclusion,10,2,343,62,2,2,1,A
2408_C-74_crop_00.jpg,bg_to_strip_inclusion,12,3,22,66,1,3,1,A
2408_C-74_crop_00.jpg,bg_to_strip_inclusion,13,2,23,70,1,2,1,A
2408_C-74_crop_00.jpg,bg_to_strip_inclusion,14,2,24,73,1,2,1,A
2408_C-74_crop_00.jpg,bg_to_strip_inclusion,15,6,283,247,1,6,1,A
2408_C-74_crop_00.jpg,bg_to_strip_inclusion,16,5,288,248,1,5,1,A
2408_C-74_crop_00.jpg,bg_to_strip_inclusion,19,3,281,264,1,3,1,A
2408_C-74_crop_00.jpg,bg_to_strip_inclusion,20,10,285,264,3,7,1,A
2408_C-74_crop_00.jpg,bg_to_strip_inclusion,21,14,283,336,1,14,1,A
2408_C-74_crop_00.jpg,bg_to_strip_inclusion,24,5,284,352,1,5,1,A
2408_C-74_crop_00.jpg,bg_to_strip_inclusion,25,36,291,352,2,23,1,A
2408_C-74_crop_00.jpg,bg_to_strip_inclusion,26,9,285,365,1,9,1,A
2408_C-74_crop_00.jpg,bg_to_strip_inclusion,29,3,286,400,1,3,1,A
2408_C-74_crop_00.jpg,bg_to_strip_inclusion,30,7,292,406,1,7,1,A
2408_C-74_crop_00.jpg,bg_to_strip_inclusion,31,2,287,409,1,2,1,A
2408_C-74_crop_00.jpg,bg_to_strip_inclusion,32,36,297,579,3,34,1,A
2408_C-74_crop_00.jpg,bg_to_strip_inclusion,33,6,303,585,1,6,1,A
2408_C-74_crop_00.jpg,bg_to_strip_inclusion,34,13,302,599,2,12,1,A
2408_C-74_crop_00.jpg,bg_to_strip_inclusion,36,123,294,696,8,26,3,C
2408_C-74_crop_00.jpg,bg_to_strip_inclusion,37,22,21,887,6,10,3,C
2408_C-74_crop_00.jpg,bg_to_strip_inclusion,38,5,20,894,1,5,3,C
2408_C-74_crop_00.jpg,bg_to_strip_inclusion,39,23,20,899,6,11,3,C
2408_C-74_crop_00.jpg,bg_to_strip_inclusion,40,4,112,920,3,2,1,A
2408_C-74_crop_00.jpg,bg_to_strip_inclusion,42,11,117,926,1,11,1,A
2408_C-74_crop_00.jpg,bg_to_strip_inclusion,43,15,111,934,5,10,1,A
2408_C-82_crop_01.jpg,bg_to_strip_inclusion,1,140,420,335,10,31,3,C
2408_C-82_crop_01.jpg,bg_to_strip_inclusion,2,3,219,921,1,3,1,A
2408_C-82_crop_01.jpg,bg_to_strip_inclusion,3,3,218,926,1,3,1,A
2408_C-82_crop_01.jpg,bg_to_strip_inclusion,5,39,217,935,3,31,1,A
2408_C-82_crop_01.jpg,bg_to_strip_inclusion,6,7,226,935,3,7,1,A
2408_C-82_crop_01.jpg,bg_to_strip_inclusion,7,2,225,943,1,2,1,A
2408_C-84_crop_00.jpg,bg_to_strip_inclusion,1,9,287,79,5,4,1,A
2408_C-84_crop_00.jpg,bg_to_strip_inclusion,2,5,286,93,1,5,1,A
2408_C-84_crop_00.jpg,bg_to_strip_inclusion,3,3,292,94,1,3,1,A
2408_C-84_crop_00.jpg,bg_to_strip_inclusion,4,53,29,100,7,22,3,C
2408_C-84_crop_00.jpg,bg_to_strip_inclusion,5,27,284,111,3,25,1,A
2408_C-84_crop_00.jpg,bg_to_strip_inclusion,6,15,117,114,5,11,1,A
2408_C-84_crop_00.jpg,bg_to_strip_inclusion,7,2,291,121,1,2,1,A
2408_C-84_crop_00.jpg,bg_to_strip_inclusion,8,10,115,127,2,10,1,A
2408_C-84_crop_00.jpg,bg_to_strip_inclusion,9,4,121,129,1,4,1,A
2408_C-84_crop_00.jpg,bg_to_strip_inclusion,11,18,283,139,1,18,1,A
2408_C-84_crop_00.jpg,bg_to_strip_inclusion,12,5,290,146,1,5,1,A
2408_C-84_crop_00.jpg,bg_to_strip_inclusion,13,17,288,157,3,13,1,A
2408_C-84_crop_00.jpg,bg_to_strip_inclusion,14,20,284,170,3,12,1,A
2408_C-84_crop_00.jpg,bg_to_strip_inclusion,15,5,283,183,1,5,1,A
2408_C-84_crop_00.jpg,bg_to_strip_inclusion,16,3,292,188,1,3,1,A
2408_C-84_crop_00.jpg,bg_to_strip_inclusion,17,3,282,191,1,3,1,A
2408_C-84_crop_00.jpg,bg_to_strip_inclusion,18,10,293,194,1,10,1,A
2408_C-84_crop_00.jpg,bg_to_strip_inclusion,19,2,281,200,1,2,1,A
2408_C-84_crop_00.jpg,bg_to_strip_inclusion,20,11,292,213,2,11,1,A
2408_C-84_crop_00.jpg,bg_to_strip_inclusion,22,10,285,269,2,9,1,A
2408_C-84_crop_00.jpg,bg_to_strip_inclusion,23,2,294,291,1,2,1,A
2408_C-84_crop_00.jpg,bg_to_strip_inclusion,25,2,293,294,1,2,1,A
2408_C-84_crop_00.jpg,bg_to_strip_inclusion,26,5,65,671,4,3,1,A
2408_C-84_crop_00.jpg,bg_to_strip_inclusion,29,2,73,690,1,2,1,A
2408_C-84_crop_00.jpg,bg_to_strip_inclusion,31,8,74,693,2,7,1,A
2408_C-84_crop_00.jpg,bg_to_strip_inclusion,33,2,69,697,2,2,1,A
2408_C-88_crop_02.jpg,bg_to_strip_inclusion,1,41,602,134,7,22,3,C
2408_C-88_crop_02.jpg,bg_to_strip_inclusion,2,3,602,142,1,3,3,C
2408_C-88_crop_02.jpg,bg_to_strip_inclusion,3,9,603,148,1,9,3,C
2408_C-88_crop_02.jpg,bg_to_strip_inclusion,4,5,604,159,4,3,3,C
2408_C-89_crop_00.jpg,bg_to_strip_inclusion,1,3,976,20,3,2,1,A
2408_C-89_crop_00.jpg,bg_to_strip_inclusion,2,30,970,23,6,24,1,A
2408_C-89_crop_00.jpg,bg_to_strip_inclusion,3,2,982,27,1,2,1,A
2408_C-89_crop_00.jpg,bg_to_strip_inclusion,4,4,983,32,1,4,1,A
2408_C-89_crop_00.jpg,bg_to_strip_inclusion,5,3,984,45,1,3,1,A
2408_C-89_crop_00.jpg,bg_to_strip_inclusion,6,44,969,50,5,33,1,A
2408_C-89_crop_00.jpg,bg_to_strip_inclusion,7,4,983,51,1,4,1,A
2408_C-89_crop_00.jpg,bg_to_strip_inclusion,8,6,982,57,1,6,1,A
2408_C-89_crop_00.jpg,bg_to_strip_inclusion,9,5,981,73,1,5,1,A
2408_C-89_crop_00.jpg,bg_to_strip_inclusion,10,6,979,79,2,6,1,A
2408_C-89_crop_00.jpg,bg_to_strip_inclusion,11,12,977,98,6,8,1,A
2408_C-89_crop_00.jpg,bg_to_strip_inclusion,12,3,976,107,1,3,1,A
2408_C-89_crop_00.jpg,bg_to_strip_inclusion,13,5,975,112,1,5,1,A
2408_C-89_crop_00.jpg,bg_to_strip_inclusion,16,2,988,141,1,2,1,A
2408_C-89_crop_00.jpg,bg_to_strip_inclusion,17,3,981,144,1,3,1,A
2408_C-89_crop_00.jpg,bg_to_strip_inclusion,18,4,989,144,1,4,1,A
2408_C-89_crop_00.jpg,bg_to_strip_inclusion,19,13,990,149,3,13,1,A
2408_C-89_crop_00.jpg,bg_to_strip_inclusion,20,11,995,168,1,11,1,A
2408_C-89_crop_00.jpg,bg_to_strip_inclusion,22,14,403,763,4,7,1,A
2408_C-89_crop_00.jpg,bg_to_strip_inclusion,25,2,396,795,1,2,1,A
2408_C-89_crop_00.jpg,bg_to_strip_inclusion,27,2,404,800,1,2,1,A
2408_C-89_crop_00.jpg,bg_to_strip_inclusion,28,9,395,805,1,9,1,A
2408_C-89_crop_00.jpg,bg_to_strip_inclusion,29,3,403,804,1,3,1,A
2408_C-89_crop_00.jpg,bg_to_strip_inclusion,30,4,402,808,1,4,1,A
2408_C-89_crop_00.jpg,bg_to_strip_inclusion,31,16,398,813,4,11,1,A
2408_C-89_crop_00.jpg,bg_to_strip_inclusion,33,14,942,846,4,9,1,A
2408_C-89_crop_00.jpg,bg_to_strip_inclusion,34,19,915,855,2,16,3,C
2408_C-89_crop_00.jpg,bg_to_strip_inclusion,36,29,217,871,5,26,1,A
2408_C-89_crop_00.jpg,bg_to_strip_inclusion,40,13,922,888,2,10,3,C
2408_C-89_crop_00.jpg,bg_to_strip_inclusion,41,29,916,891,2,22,3,C
2408_C-89_crop_00.jpg,bg_to_strip_inclusion,42,16,226,899,2,16,1,A
2408_C-89_crop_00.jpg,bg_to_strip_inclusion,43,4,217,918,1,4,1,A
2408_C-89_crop_00.jpg,bg_to_strip_inclusion,44,3,923,921,1,3,3,C
2408_C-89_crop_00.jpg,bg_to_strip_inclusion,45,4,218,923,1,4,1,A
2408_C-89_crop_00.jpg,bg_to_strip_inclusion,46,2,227,926,1,2,1,A
2408_C-89_crop_00.jpg,bg_to_strip_inclusion,47,23,219,929,3,17,1,A
2408_C-89_crop_00.jpg,bg_to_strip_inclusion,48,16,921,934,3,10,3,C
2408_C-89_crop_00.jpg,bg_to_strip_inclusion,49,3,226,936,1,3,1,A
2408_C-89_crop_00.jpg,bg_to_strip_inclusion,50,5,224,941,2,5,1,A
2408_C-89_crop_00.jpg,bg_to_strip_inclusion,51,15,914,940,3,9,3,C
2408_C-89_crop_00.jpg,bg_to_strip_inclusion,52,13,955,941,2,13,1,A
2408_C-89_crop_00.jpg,bg_to_strip_inclusion,53,9,914,958,1,9,3,C
2408_C-89_crop_00.jpg,bg_to_strip_inclusion,55,2,913,986,1,2,3,C
2408_C-90_crop_01.jpg,bg_to_strip_inclusion,1,2,971,392,2,2,3,C
2408_C-90_crop_01.jpg,bg_to_strip_inclusion,3,2,975,395,1,2,3,C
2408_C-90_crop_01.jpg,bg_to_strip_inclusion,5,32,966,402,4,20,3,C
2408_C-90_crop_01.jpg,bg_to_strip_inclusion,6,6,22,498,4,3,3,C
2408_C-90_crop_01.jpg,bg_to_strip_inclusion,7,4,20,523,1,4,3,C
2408_C-90_crop_01.jpg,bg_to_strip_inclusion,8,2,27,530,1,2,3,C
2408_C-90_crop_01.jpg,bg_to_strip_inclusion,9,8,22,536,2,7,3,C
2408_C-90_crop_01.jpg,bg_to_strip_inclusion,13,5,27,578,1,5,3,C
2408_C-90_crop_01.jpg,bg_to_strip_inclusion,14,13,27,595,1,13,3,C
2408_C-90_crop_02.jpg,bg_to_strip_inclusion,1,11,931,189,5,8,3,C
2408_C-90_crop_02.jpg,bg_to_strip_inclusion,2,9,937,214,1,9,3,C
2408_C-92_crop_02.jpg,bg_to_strip_inclusion,1,165,190,144,7,33,3,C
2408_C-92_crop_02.jpg,bg_to_strip_inclusion,2,3,812,628,3,2,3,C
2408_C-92_crop_02.jpg,bg_to_strip_inclusion,5,73,83,901,6,16,3,C
744_01-02_crop_00.jpg,bg_to_strip_inclusion,1,161,250,8,9,45,1,A
744_01-02_crop_00.jpg,bg_to_strip_inclusion,5,4,14,34,2,4,1,A
744_01-02_crop_00.jpg,bg_to_strip_inclusion,6,251,344,36,12,31,3,C
744_01-02_crop_00.jpg,bg_to_strip_inclusion,7,16,184,41,2,13,1,A
744_01-02_crop_00.jpg,bg_to_strip_inclusion,9,2,255,61,1,2,1,A
744_01-02_crop_00.jpg,bg_to_strip_inclusion,10,13,256,64,2,10,1,A
744_01-02_crop_00.jpg,bg_to_strip_inclusion,11,2,916,66,1,2,1,A
744_01-02_crop_00.jpg,bg_to_strip_inclusion,12,2,917,69,1,2,1,A
744_01-02_crop_00.jpg,bg_to_strip_inclusion,13,50,188,72,6,14,1,A
744_01-02_crop_00.jpg,bg_to_strip_inclusion,14,232,393,88,11,81,3,C
744_01-02_crop_00.jpg,bg_to_strip_inclusion,15,147,402,90,6,65,3,C
744_01-02_crop_00.jpg,bg_to_strip_inclusion,17,5,402,176,2,5,1,A
744_01-02_crop_00.jpg,bg_to_strip_inclusion,18,2,762,203,2,1,1,A
744_01-02_crop_00.jpg,bg_to_strip_inclusion,19,2,927,207,2,2,1,A
744_01-02_crop_00.jpg,bg_to_strip_inclusion,20,8,929,210,1,8,1,A
744_01-02_crop_00.jpg,bg_to_strip_inclusion,21,3,923,218,1,3,1,A
744_01-02_crop_00.jpg,bg_to_strip_inclusion,22,4,922,225,1,4,1,A
744_01-02_crop_00.jpg,bg_to_strip_inclusion,23,22,258,233,6,14,1,A
744_01-02_crop_00.jpg,bg_to_strip_inclusion,24,73,919,232,7,20,1,A
744_01-02_crop_00.jpg,bg_to_strip_inclusion,25,7,257,256,1,7,1,A
744_01-02_crop_00.jpg,bg_to_strip_inclusion,26,75,1001,266,7,60,1,A
744_01-02_crop_00.jpg,bg_to_strip_inclusion,27,31,196,274,5,16,1,A
744_01-02_crop_00.jpg,bg_to_strip_inclusion,29,46,262,278,5,22,1,A
744_01-02_crop_00.jpg,bg_to_strip_inclusion,30,4,1007,294,1,4,1,A
744_01-02_crop_00.jpg,bg_to_strip_inclusion,31,90,774,316,5,28,1,A
744_01-02_crop_00.jpg,bg_to_strip_inclusion,32,13,1009,318,2,8,1,A
744_01-02_crop_00.jpg,bg_to_strip_inclusion,33,9,900,354,4,5,1,A
744_01-02_crop_00.jpg,bg_to_strip_inclusion,34,5,272,357,2,4,1,A
744_01-02_crop_00.jpg,bg_to_strip_inclusion,35,5,274,362,1,5,1,A
744_01-02_crop_00.jpg,bg_to_strip_inclusion,36,13,898,379,1,13,1,A
744_01-02_crop_00.jpg,bg_to_strip_inclusion,37,27,464,387,3,21,1,A
744_01-02_crop_00.jpg,bg_to_strip_inclusion,38,4,213,389,1,4,1,A
744_01-02_crop_00.jpg,bg_to_strip_inclusion,39,42,635,389,8,27,1,A
744_01-02_crop_00.jpg,bg_to_strip_inclusion,40,2,214,394,1,2,1,A
744_01-02_crop_00.jpg,bg_to_strip_inclusion,42,62,456,399,7,28,1,A
744_01-02_crop_00.jpg,bg_to_strip_inclusion,44,4,464,419,1,4,1,A
744_01-02_crop_00.jpg,bg_to_strip_inclusion,45,8,280,428,1,8,1,A
744_01-02_crop_00.jpg,bg_to_strip_inclusion,46,2,914,433,1,2,1,A
744_01-02_crop_00.jpg,bg_to_strip_inclusion,47,3,228,455,1,3,1,A
744_01-02_crop_00.jpg,bg_to_strip_inclusion,48,3,490,458,1,3,1,A
744_01-02_crop_00.jpg,bg_to_strip_inclusion,50,5,914,463,4,3,1,A
744_01-02_crop_00.jpg,bg_to_strip_inclusion,52,31,489,468,2,30,1,A
744_01-02_crop_00.jpg,bg_to_strip_inclusion,53,22,920,475,2,15,1,A
744_01-02_crop_00.jpg,bg_to_strip_inclusion,54,15,460,479,2,15,1,A
744_01-02_crop_00.jpg,bg_to_strip_inclusion,55,2,457,480,1,2,1,A
744_01-02_crop_00.jpg,bg_to_strip_inclusion,56,4,456,483,1,4,1,A
744_01-02_crop_00.jpg,bg_to_strip_inclusion,57,32,483,489,6,14,1,A
744_01-02_crop_00.jpg,bg_to_strip_inclusion,59,13,456,500,1,13,1,A
744_01-02_crop_00.jpg,bg_to_strip_inclusion,60,2,294,516,1,2,1,A
744_01-02_crop_00.jpg,bg_to_strip_inclusion,61,22,457,516,2,19,1,A
744_01-02_crop_00.jpg,bg_to_strip_inclusion,62,2,295,522,1,2,1,A
744_01-02_crop_00.jpg,bg_to_strip_inclusion,63,2,296,527,1,2,1,A
744_01-02_crop_00.jpg,bg_to_strip_inclusion,66,33,776,536,4,10,1,A
744_01-02_crop_00.jpg,bg_to_strip_inclusion,67,2,785,557,2,1,1,A
744_01-02_crop_00.jpg,bg_to_strip_inclusion,70,2,791,584,1,2,1,A
744_01-02_crop_00.jpg,bg_to_strip_inclusion,71,3,792,588,1,3,1,A
744_01-02_crop_00.jpg,bg_to_strip_inclusion,72,6,202,590,4,3,1,A
744_01-02_crop_00.jpg,bg_to_strip_inclusion,73,136,792,592,9,44,1,A
744_01-02_crop_00.jpg,bg_to_strip_inclusion,75,2,801,595,1,2,1,A
744_01-02_crop_00.jpg,bg_to_strip_inclusion,76,2,200,596,1,2,1,A
744_01-02_crop_00.jpg,bg_to_strip_inclusion,77,10,201,601,1,10,1,A
744_01-02_crop_00.jpg,bg_to_strip_inclusion,78,3,207,605,1,3,1,A
744_01-02_crop_00.jpg,bg_to_strip_inclusion,79,11,251,627,3,8,1,A
744_01-02_crop_00.jpg,bg_to_strip_inclusion,80,15,680,627,7,8,1,A
744_01-02_crop_00.jpg,bg_to_strip_inclusion,81,23,679,630,5,21,1,A
744_01-02_crop_00.jpg,bg_to_strip_inclusion,82,2,206,634,2,1,1,A
744_01-02_crop_00.jpg,bg_to_strip_inclusion,83,10,791,635,2,8,1,A
744_01-02_crop_00.jpg,bg_to_strip_inclusion,85,7,809,644,5,5,1,A
744_01-02_crop_00.jpg,bg_to_strip_inclusion,86,2,252,651,1,2,1,A
744_01-02_crop_00.jpg,bg_to_strip_inclusion,87,67,258,660,5,37,1,A
744_01-02_crop_00.jpg,bg_to_strip_inclusion,88,3,212,672,1,3,1,A
744_01-02_crop_00.jpg,bg_to_strip_inclusion,89,13,213,676,3,11,1,A
744_01-02_crop_00.jpg,bg_to_strip_inclusion,90,3,662,701,1,3,1,A
744_01-02_crop_00.jpg,bg_to_strip_inclusion,91,5,210,702,1,5,1,A
744_01-02_crop_00.jpg,bg_to_strip_inclusion,92,29,842,703,3,18,1,A
744_01-02_crop_00.jpg,bg_to_strip_inclusion,93,15,54,705,1,15,1,A
744_01-02_crop_00.jpg,bg_to_strip_inclusion,95,2,847,708,1,2,1,A
744_01-02_crop_00.jpg,bg_to_strip_inclusion,96,8,211,712,4,4,1,A
744_01-02_crop_00.jpg,bg_to_strip_inclusion,101,2,845,724,1,2,1,A
744_01-02_crop_00.jpg,bg_to_strip_inclusion,102,2,851,724,1,2,1,A
744_01-02_crop_00.jpg,bg_to_strip_inclusion,103,2,852,729,1,2,1,A
744_01-02_crop_00.jpg,bg_to_strip_inclusion,105,3,853,735,1,3,1,A
744_01-02_crop_00.jpg,bg_to_strip_inclusion,107,2,51,738,1,2,1,A
744_01-02_crop_00.jpg,bg_to_strip_inclusion,108,12,52,743,2,12,1,A
744_01-02_crop_00.jpg,bg_to_strip_inclusion,109,36,960,742,6,24,1,A
744_01-02_crop_00.jpg,bg_to_strip_inclusion,111,6,54,757,1,6,1,A
744_01-02_crop_00.jpg,bg_to_strip_inclusion,112,6,967,759,1,6,1,A
744_01-02_crop_00.jpg,bg_to_strip_inclusion,113,7,55,769,1,7,1,A
744_01-02_crop_00.jpg,bg_to_strip_inclusion,114,7,61,772,1,7,1,A
744_01-02_crop_00.jpg,bg_to_strip_inclusion,115,3,56,777,2,3,1,A
744_01-02_crop_00.jpg,bg_to_strip_inclusion,116,13,966,816,3,5,1,A
744_01-02_crop_00.jpg,bg_to_strip_inclusion,117,4,228,822,3,2,1,A
744_01-02_crop_00.jpg,bg_to_strip_inclusion,118,3,227,826,1,3,1,A
744_01-02_crop_00.jpg,bg_to_strip_inclusion,119,2,228,834,1,2,1,A
744_01-02_crop_00.jpg,bg_to_strip_inclusion,120,5,259,842,1,5,1,A
744_01-02_crop_00.jpg,bg_to_strip_inclusion,121,6,260,850,1,6,1,A
744_01-02_crop_00.jpg,bg_to_strip_inclusion,122,19,70,854,2,13,1,A
744_01-02_crop_00.jpg,bg_to_strip_inclusion,124,5,255,859,1,5,1,A
744_01-02_crop_00.jpg,bg_to_strip_inclusion,126,41,869,860,11,18,1,A
744_01-02_crop_00.jpg,bg_to_strip_inclusion,127,9,256,865,2,9,1,A
744_01-02_crop_00.jpg,bg_to_strip_inclusion,128,3,258,875,1,3,1,A
744_01-02_crop_00.jpg,bg_to_strip_inclusion,130,2,264,877,1,2,1,A
744_01-02_crop_00.jpg,bg_to_strip_inclusion,131,2,873,877,1,2,1,A
744_01-02_crop_00.jpg,bg_to_strip_inclusion,132,2,259,879,1,2,1,A
744_01-02_crop_00.jpg,bg_to_strip_inclusion,133,2,880,879,1,2,1,A
744_01-02_crop_00.jpg,bg_to_strip_inclusion,134,13,261,881,5,7,1,A
744_01-02_crop_00.jpg,bg_to_strip_inclusion,137,3,881,885,1,3,1,A
744_01-02_crop_00.jpg,bg_to_strip_inclusion,138,2,875,886,1,2,1,A
744_01-02_crop_00.jpg,bg_to_strip_inclusion,139,2,876,891,1,2,1,A
744_01-02_crop_00.jpg,bg_to_strip_inclusion,140,41,882,891,7,37,1,A
744_01-02_crop_00.jpg,bg_to_strip_inclusion,142,7,690,927,1,7,1,A
744_01-02_crop_00.jpg,bg_to_strip_inclusion,143,3,889,930,1,3,1,A
744_01-02_crop_00.jpg,bg_to_strip_inclusion,144,38,498,932,6,16,1,A
744_01-02_crop_00.jpg,bg_to_strip_inclusion,145,13,890,937,1,13,1,A
744_01-02_crop_00.jpg,bg_to_strip_inclusion,146,2,689,944,1,2,1,A
744_01-02_crop_00.jpg,bg_to_strip_inclusion,147,39,502,948,3,26,1,A
744_01-02_crop_00.jpg,bg_to_strip_inclusion,148,110,495,952,8,48,1,A
744_01-02_crop_00.jpg,bg_to_strip_inclusion,149,49,852,970,5,33,1,A
744_01-02_crop_00.jpg,bg_to_strip_inclusion,150,6,738,980,3,5,1,A
744_01-02_crop_00.jpg,bg_to_strip_inclusion,151,7,890,985,4,4,1,A
744_01-02_crop_00.jpg,bg_to_strip_inclusion,152,2,737,987,1,2,1,A
744_01-02_crop_00.jpg,bg_to_strip_inclusion,153,42,694,989,7,20,1,A
744_01-02_crop_00.jpg,bg_to_strip_inclusion,154,7,858,995,1,7,1,A
744_01-02_crop_00.jpg,bg_to_strip_inclusion,155,12,855,1005,3,12,1,A
744_01-02_crop_00.jpg,bg_to_strip_inclusion,156,7,852,1012,2,6,1,A
744_01-04_crop_01.jpg,bg_to_strip_inclusion,1,2,982,165,1,2,1,A
744_01-04_crop_01.jpg,bg_to_strip_inclusion,2,7,983,171,1,7,1,A
744_01-04_crop_01.jpg,bg_to_strip_inclusion,4,9,993,195,3,8,1,A
744_01-04_crop_01.jpg,bg_to_strip_inclusion,5,4,701,206,1,4,1,A
744_01-04_crop_01.jpg,bg_to_strip_inclusion,6,14,650,211,1,14,1,A
744_01-04_crop_01.jpg,bg_to_strip_inclusion,7,5,700,211,1,5,1,A
744_01-04_crop_01.jpg,bg_to_strip_inclusion,8,69,642,259,7,14,3,C
744_01-04_crop_01.jpg,bg_to_strip_inclusion,9,10,706,275,4,6,1,A
744_01-04_crop_01.jpg,bg_to_strip_inclusion,11,2,611,300,2,2,1,A
744_01-04_crop_01.jpg,bg_to_strip_inclusion,12,7,1007,304,2,7,1,A
744_01-04_crop_01.jpg,bg_to_strip_inclusion,13,3,1005,353,1,3,1,A
744_01-04_crop_01.jpg,bg_to_strip_inclusion,14,10,1006,357,6,6,1,A
744_01-04_crop_01.jpg,bg_to_strip_inclusion,15,2,1017,394,2,1,1,A
744_01-04_crop_01.jpg,bg_to_strip_inclusion,16,2,1015,401,1,2,1,A
744_01-04_crop_01.jpg,bg_to_strip_inclusion,17,79,1010,414,8,29,1,A
744_01-04_crop_01.jpg,bg_to_strip_inclusion,18,12,731,424,5,10,1,A
744_01-04_crop_01.jpg,bg_to_strip_inclusion,19,14,736,425,3,11,1,A
744_01-04_crop_01.jpg,bg_to_strip_inclusion,20,2,730,435,1,2,1,A
744_01-04_crop_01.jpg,bg_to_strip_inclusion,24,5,1008,445,2,5,1,A
744_01-04_crop_01.jpg,bg_to_strip_inclusion,25,9,727,449,1,9,1,A
744_01-04_crop_01.jpg,bg_to_strip_inclusion,27,22,1018,458,1,22,1,A
744_01-04_crop_01.jpg,bg_to_strip_inclusion,28,12,644,467,4,10,1,A
744_01-04_crop_01.jpg,bg_to_strip_inclusion,30,3,1010,502,1,3,1,A
744_01-04_crop_01.jpg,bg_to_strip_inclusion,32,67,1012,509,8,20,1,A
744_01-04_crop_01.jpg,bg_to_strip_inclusion,34,11,657,512,5,6,1,A
744_01-04_crop_01.jpg,bg_to_strip_inclusion,37,167,651,517,15,83,1,A
744_01-04_crop_01.jpg,bg_to_strip_inclusion,38,36,729,551,4,19,1,A
744_01-04_crop_01.jpg,bg_to_strip_inclusion,40,11,467,570,3,6,1,A
744_01-04_crop_01.jpg,bg_to_strip_inclusion,41,41,666,608,2,32,1,A
744_01-04_crop_01.jpg,bg_to_strip_inclusion,42,10,473,614,1,10,1,A
744_01-04_crop_01.jpg,bg_to_strip_inclusion,43,12,739,622,1,12,1,A
744_01-04_crop_01.jpg,bg_to_strip_inclusion,44,2,745,635,1,2,1,A
744_01-04_crop_01.jpg,bg_to_strip_inclusion,45,3,665,641,1,3,1,A
744_01-04_crop_01.jpg,bg_to_strip_inclusion,46,27,662,646,4,18,1,A
744_01-04_crop_01.jpg,bg_to_strip_inclusion,47,11,665,694,2,9,1,A
744_01-04_crop_01.jpg,bg_to_strip_inclusion,48,4,667,704,2,4,1,A
744_01-04_crop_01.jpg,bg_to_strip_inclusion,50,2,670,711,1,2,1,A
744_01-04_crop_01.jpg,bg_to_strip_inclusion,55,3,678,716,2,3,1,A
744_01-04_crop_01.jpg,bg_to_strip_inclusion,56,6,752,741,1,6,3,C
744_01-04_crop_01.jpg,bg_to_strip_inclusion,58,10,697,1008,6,3,3,C
744_01-04_crop_02.jpg,bg_to_strip_inclusion,2,2,313,14,1,2,1,A
744_01-04_crop_02.jpg,bg_to_strip_inclusion,3,4,314,20,1,4,1,A
744_01-04_crop_02.jpg,bg_to_strip_inclusion,4,11,315,25,1,11,1,A
744_01-04_crop_02.jpg,bg_to_strip_inclusion,5,42,320,28,3,35,1,A
744_01-04_crop_02.jpg,bg_to_strip_inclusion,6,2,940,37,2,1,1,A
744_01-04_crop_02.jpg,bg_to_strip_inclusion,8,6,938,41,1,6,1,A
744_01-04_crop_02.jpg,bg_to_strip_inclusion,10,15,316,46,1,15,1,A
744_01-04_crop_02.jpg,bg_to_strip_inclusion,12,2,1002,55,1,2,1,A
744_01-04_crop_02.jpg,bg_to_strip_inclusion,13,11,939,57,4,6,1,A
744_01-04_crop_02.jpg,bg_to_strip_inclusion,14,16,1008,58,1,16,1,A
744_01-04_crop_02.jpg,bg_to_strip_inclusion,15,19,1003,61,1,19,1,A
744_01-04_crop_02.jpg,bg_to_strip_inclusion,16,8,317,65,2,5,1,A
744_01-04_crop_02.jpg,bg_to_strip_inclusion,17,4,323,68,1,4,1,A
744_01-04_crop_02.jpg,bg_to_strip_inclusion,18,44,318,73,9,20,1,A
744_01-04_crop_02.jpg,bg_to_strip_inclusion,19,3,324,79,1,3,1,A
744_01-04_crop_02.jpg,bg_to_strip_inclusion,20,3,325,83,1,3,1,A
744_01-04_crop_02.jpg,bg_to_strip_inclusion,21,14,1004,82,6,5,1,A
744_01-04_crop_02.jpg,bg_to_strip_inclusion,22,2,1009,152,1,2,3,C
744_01-04_crop_02.jpg,bg_to_strip_inclusion,23,3,1010,158,3,2,3,C
744_01-04_crop_02.jpg,bg_to_strip_inclusion,25,7,338,256,3,6,1,A
744_01-04_crop_02.jpg,bg_to_strip_inclusion,27,5,874,257,1,5,1,A
744_01-04_crop_02.jpg,bg_to_strip_inclusion,28,2,869,283,2,1,3,C
744_01-04_crop_02.jpg,bg_to_strip_inclusion,30,64,260,456,7,40,1,A
744_01-04_crop_02.jpg,bg_to_strip_inclusion,31,12,187,466,1,12,1,A
744_01-04_crop_02.jpg,bg_to_strip_inclusion,32,14,192,468,1,14,1,A
744_01-04_crop_02.jpg,bg_to_strip_inclusion,33,92,108,479,6,20,1,A
744_01-04_crop_02.jpg,bg_to_strip_inclusion,34,5,186,483,1,5,1,A
744_01-04_crop_02.jpg,bg_to_strip_inclusion,35,25,188,483,4,10,1,A
744_01-04_crop_02.jpg,bg_to_strip_inclusion,36,28,274,526,5,23,1,A
744_01-04_crop_02.jpg,bg_to_strip_inclusion,37,29,279,550,6,22,1,A
744_01-04_crop_02.jpg,bg_to_strip_inclusion,38,47,187,623,5,12,1,A
744_01-04_crop_02.jpg,bg_to_strip_inclusion,39,12,275,678,2,7,1,A
744_01-04_crop_02.jpg,bg_to_strip_inclusion,40,147,273,706,8,47,1,A
744_01-04_crop_02.jpg,bg_to_strip_inclusion,41,19,996,886,2,11,3,C
744_01-04_crop_02.jpg,bg_to_strip_inclusion,42,5,990,897,1,5,3,C
744_01-04_crop_02.jpg,bg_to_strip_inclusion,43,65,187,981,9,43,1,A
744_01-04_crop_02.jpg,bg_to_strip_inclusion,44,17,197,982,1,17,1,A
744_01-04_crop_02.jpg,bg_to_strip_inclusion,45,21,196,1009,3,15,1,A
744_02-01_crop_02.jpg,bg_to_strip_inclusion,1,8,393,24,2,6,1,A
744_02-01_crop_02.jpg,bg_to_strip_inclusion,3,4,397,28,1,4,1,A
744_02-01_crop_02.jpg,bg_to_strip_inclusion,4,4,398,33,1,4,1,A
744_02-01_crop_02.jpg,bg_to_strip_inclusion,7,13,687,44,1,13,1,A
744_02-01_crop_02.jpg,bg_to_strip_inclusion,8,15,856,155,4,7,1,A
744_02-01_crop_02.jpg,bg_to_strip_inclusion,9,71,882,215,6,14,1,A
744_02-01_crop_02.jpg,bg_to_strip_inclusion,10,33,955,238,4,11,1,A
744_02-01_crop_02.jpg,bg_to_strip_inclusion,11,22,510,263,5,18,1,A
744_02-01_crop_02.jpg,bg_to_strip_inclusion,12,3,509,265,1,3,1,A
744_02-01_crop_02.jpg,bg_to_strip_inclusion,13,3,510,283,1,3,1,A
744_02-01_crop_02.jpg,bg_to_strip_inclusion,14,29,512,282,5,17,1,A
744_02-01_crop_02.jpg,bg_to_strip_inclusion,15,3,511,290,1,3,1,A
744_02-01_crop_02.jpg,bg_to_strip_inclusion,16,10,868,335,4,4,1,A
744_02-01_crop_02.jpg,bg_to_strip_inclusion,17,65,526,360,6,26,1,A
744_02-01_crop_02.jpg,bg_to_strip_inclusion,18,62,33,430,4,35,1,A
744_02-01_crop_02.jpg,bg_to_strip_inclusion,19,54,41,431,4,41,1,A
744_02-01_crop_02.jpg,bg_to_strip_inclusion,20,38,526,430,2,37,1,A
744_02-01_crop_02.jpg,bg_to_strip_inclusion,21,16,419,452,4,11,1,A
744_02-01_crop_02.jpg,bg_to_strip_inclusion,22,25,418,455,1,25,1,A
744_02-01_crop_02.jpg,bg_to_strip_inclusion,23,94,33,466,4,65,1,A
744_02-01_crop_02.jpg,bg_to_strip_inclusion,24,4,423,473,1,4,1,A
744_02-01_crop_02.jpg,bg_to_strip_inclusion,25,34,526,479,7,14,1,A
744_02-01_crop_02.jpg,bg_to_strip_inclusion,26,52,418,486,4,34,1,A
744_02-01_crop_02.jpg,bg_to_strip_inclusion,27,29,423,489,2,28,1,A
744_02-01_crop_02.jpg,bg_to_strip_inclusion,29,16,40,495,1,16,1,A
744_02-01_crop_02.jpg,bg_to_strip_inclusion,30,10,41,515,1,10,1,A
744_02-01_crop_02.jpg,bg_to_strip_inclusion,31,39,31,527,10,15,1,A
744_02-01_crop_02.jpg,bg_to_strip_inclusion,32,22,901,528,4,9,1,A
744_02-01_crop_02.jpg,bg_to_strip_inclusion,33,17,877,548,3,16,1,A
744_02-01_crop_02.jpg,bg_to_strip_inclusion,34,5,883,552,1,5,1,A
744_02-01_crop_02.jpg,bg_to_strip_inclusion,35,8,882,561,1,8,1,A
744_02-01_crop_02.jpg,bg_to_strip_inclusion,36,4,876,570,1,4,1,A
744_02-01_crop_02.jpg,bg_to_strip_inclusion,37,18,876,574,6,9,1,A
744_02-01_crop_02.jpg,bg_to_strip_inclusion,39,6,454,954,4,3,1,A
744_02-01_crop_02.jpg,bg_to_strip_inclusion,41,10,453,958,1,10,1,A
744_02-01_crop_02.jpg,bg_to_strip_inclusion,42,48,452,987,5,25,1,A
744_02-03_crop_00.jpg,bg_to_strip_inclusion,1,5,71,0,4,2,1,A
744_02-03_crop_00.jpg,bg_to_strip_inclusion,2,7,77,0,2,7,1,A
744_02-03_crop_00.jpg,bg_to_strip_inclusion,3,3,79,8,1,3,1,A
744_02-03_crop_00.jpg,bg_to_strip_inclusion,4,3,80,12,1,3,1,A
744_02-03_crop_00.jpg,bg_to_strip_inclusion,5,3,81,16,1,3,1,A
744_02-03_crop_00.jpg,bg_to_strip_inclusion,6,4,713,17,1,4,1,A
744_02-03_crop_00.jpg,bg_to_strip_inclusion,8,3,82,20,1,3,1,A
744_02-03_crop_00.jpg,bg_to_strip_inclusion,9,2,714,25,1,2,1,A
744_02-03_crop_00.jpg,bg_to_strip_inclusion,11,5,28,37,3,3,3,C
744_02-03_crop_00.jpg,bg_to_strip_inclusion,12,12,99,37,5,5,1,A
744_02-03_crop_00.jpg,bg_to_strip_inclusion,13,6,104,44,1,6,1,A
744_02-03_crop_00.jpg,bg_to_strip_inclusion,14,3,711,97,2,3,1,A
744_02-03_crop_00.jpg,bg_to_strip_inclusion,15,6,708,98,2,5,1,A
744_02-03_crop_00.jpg,bg_to_strip_inclusion,16,14,107,156,3,13,1,A
744_02-03_crop_00.jpg,bg_to_strip_inclusion,17,10,717,223,5,7,1,A
744_02-03_crop_00.jpg,bg_to_strip_inclusion,18,3,124,252,1,3,1,A
744_02-03_crop_00.jpg,bg_to_strip_inclusion,19,2,123,256,1,2,1,A
744_02-03_crop_00.jpg,bg_to_strip_inclusion,20,3,42,311,1,3,1,A
744_02-03_crop_00.jpg,bg_to_strip_inclusion,21,20,40,328,2,14,1,A
744_02-03_crop_00.jpg,bg_to_strip_inclusion,22,26,47,345,1,26,1,A
744_02-03_crop_00.jpg,bg_to_strip_inclusion,23,21,117,344,3,14,1,A
744_02-03_crop_00.jpg,bg_to_strip_inclusion,24,23,42,372,5,10,1,A
744_02-03_crop_00.jpg,bg_to_strip_inclusion,26,13,697,422,1,13,1,A
744_02-03_crop_00.jpg,bg_to_strip_inclusion,27,2,699,442,2,1,1,A
744_02-03_crop_00.jpg,bg_to_strip_inclusion,28,8,118,478,1,8,1,A
744_02-03_crop_00.jpg,bg_to_strip_inclusion,29,5,701,505,2,4,1,A
744_02-03_crop_00.jpg,bg_to_strip_inclusion,30,11,105,524,2,6,1,A
744_02-03_crop_00.jpg,bg_to_strip_inclusion,33,3,307,634,1,3,1,A
744_02-03_crop_00.jpg,bg_to_strip_inclusion,34,30,68,648,7,21,1,A
744_02-03_crop_00.jpg,bg_to_strip_inclusion,35,3,74,651,2,3,1,A
744_02-03_crop_00.jpg,bg_to_strip_inclusion,36,3,709,657,2,2,1,A
744_02-03_crop_00.jpg,bg_to_strip_inclusion,37,4,707,664,1,4,1,A
744_02-03_crop_00.jpg,bg_to_strip_inclusion,38,16,708,669,3,11,1,A
744_02-03_crop_00.jpg,bg_to_strip_inclusion,41,30,82,675,4,15,1,A
744_02-03_crop_00.jpg,bg_to_strip_inclusion,42,2,77,676,1,2,1,A
744_02-03_crop_00.jpg,bg_to_strip_inclusion,43,64,316,708,4,35,1,A
744_02-03_crop_00.jpg,bg_to_strip_inclusion,44,16,78,731,6,5,1,A
744_02-03_crop_00.jpg,bg_to_strip_inclusion,45,2,318,745,2,1,1,A
744_02-03_crop_00.jpg,bg_to_strip_inclusion,46,51,187,748,7,13,1,A
744_02-03_crop_00.jpg,bg_to_strip_inclusion,47,4,188,759,1,4,1,A
744_02-03_crop_00.jpg,bg_to_strip_inclusion,49,17,197,812,3,9,1,A
744_02-03_crop_00.jpg,bg_to_strip_inclusion,51,2,764,994,1,2,1,A
744_02-03_crop_00.jpg,bg_to_strip_inclusion,52,8,765,999,2,7,1,A
744_02-03_crop_00.jpg,bg_to_strip_inclusion,53,8,760,1002,4,6,1,A
744_03-01_crop_02.jpg,bg_to_strip_inclusion,1,4,5,1,3,2,1,A
744_03-01_crop_02.jpg,bg_to_strip_inclusion,2,10,4,3,1,10,1,A
744_03-01_crop_02.jpg,bg_to_strip_inclusion,3,4,8,4,1,4,1,A
744_03-01_crop_02.jpg,bg_to_strip_inclusion,4,23,9,10,2,23,1,A
744_03-01_crop_02.jpg,bg_to_strip_inclusion,5,8,578,21,1,8,1,A
744_03-01_crop_02.jpg,bg_to_strip_inclusion,6,5,579,30,1,5,1,A
744_03-01_crop_02.jpg,bg_to_strip_inclusion,9,13,4,48,3,6,1,A
744_03-01_crop_02.jpg,bg_to_strip_inclusion,10,10,587,48,1,10,1,A
744_03-01_crop_02.jpg,bg_to_strip_inclusion,11,7,581,64,1,7,1,A
744_03-01_crop_02.jpg,bg_to_strip_inclusion,12,202,582,73,14,40,1,A
744_03-01_crop_02.jpg,bg_to_strip_inclusion,15,27,172,377,9,13,1,A
744_03-01_crop_02.jpg,bg_to_strip_inclusion,17,22,169,395,2,16,1,A
744_03-01_crop_02.jpg,bg_to_strip_inclusion,18,2,371,573,2,1,1,A
744_03-01_crop_02.jpg,bg_to_strip_inclusion,19,5,927,573,1,5,1,A
744_03-01_crop_02.jpg,bg_to_strip_inclusion,20,4,932,572,1,4,1,A
744_03-01_crop_02.jpg,bg_to_strip_inclusion,21,4,928,579,1,4,1,A
744_03-01_crop_02.jpg,bg_to_strip_inclusion,22,2,933,578,1,2,1,A
744_03-01_crop_02.jpg,bg_to_strip_inclusion,23,2,934,582,1,2,1,A
744_03-01_crop_02.jpg,bg_to_strip_inclusion,24,3,929,584,1,3,1,A
744_03-01_crop_02.jpg,bg_to_strip_inclusion,29,4,937,603,1,4,1,A
744_03-01_crop_02.jpg,bg_to_strip_inclusion,31,2,934,606,2,2,1,A
744_03-01_crop_02.jpg,bg_to_strip_inclusion,32,10,643,669,5,7,1,A
744_03-01_crop_02.jpg,bg_to_strip_inclusion,33,3,641,689,1,3,1,A
744_03-01_crop_02.jpg,bg_to_strip_inclusion,34,20,649,693,1,20,1,A
744_03-01_crop_02.jpg,bg_to_strip_inclusion,35,19,642,697,2,17,1,A
744_03-01_crop_02.jpg,bg_to_strip_inclusion,36,4,642,720,1,4,1,A
744_03-01_crop_02.jpg,bg_to_strip_inclusion,40,41,653,769,6,25,1,A
744_03-01_crop_02.jpg,bg_to_strip_inclusion,41,3,652,787,1,3,1,A
744_03-01_crop_02.jpg,bg_to_strip_inclusion,42,2,659,796,1,2,1,A
744_03-01_crop_02.jpg,bg_to_strip_inclusion,43,5,653,798,1,5,1,A
744_03-01_crop_02.jpg,bg_to_strip_inclusion,45,9,663,814,1,9,1,A
744_03-01_crop_02.jpg,bg_to_strip_inclusion,46,12,386,872,6,5,1,A
744_03-01_crop_02.jpg,bg_to_strip_inclusion,47,11,385,880,1,11,1,A
744_03-01_crop_02.jpg,bg_to_strip_inclusion,48,19,393,894,2,18,1,A
744_03-01_crop_02.jpg,bg_to_strip_inclusion,49,118,372,910,14,59,3,C
744_03-01_crop_02.jpg,bg_to_strip_inclusion,55,86,124,968,7,14,3,C
744_03-01_crop_02.jpg,bg_to_strip_inclusion,56,9,371,975,4,4,1,A
744_03-01_crop_02.jpg,bg_to_strip_inclusion,57,15,369,981,2,12,1,A
744_03-02_crop_01.jpg,bg_to_strip_inclusion,2,30,910,19,7,6,1,A
744_03-02_crop_01.jpg,bg_to_strip_inclusion,3,3,480,34,1,3,1,A
744_03-02_crop_01.jpg,bg_to_strip_inclusion,4,2,745,35,1,2,1,A
744_03-02_crop_01.jpg,bg_to_strip_inclusion,5,10,479,38,4,7,1,A
744_03-02_crop_01.jpg,bg_to_strip_inclusion,6,7,747,53,1,7,1,A
744_03-02_crop_01.jpg,bg_to_strip_inclusion,7,3,746,71,1,3,1,A
744_03-02_crop_01.jpg,bg_to_strip_inclusion,9,8,742,75,4,5,1,A
744_03-02_crop_01.jpg,bg_to_strip_inclusion,11,9,545,87,4,4,1,A
744_03-02_crop_01.jpg,bg_to_strip_inclusion,12,4,485,197,1,4,1,A
744_03-02_crop_01.jpg,bg_to_strip_inclusion,13,5,486,202,1,5,1,A
744_03-02_crop_01.jpg,bg_to_strip_inclusion,15,2,283,257,1,2,1,A
744_03-02_crop_01.jpg,bg_to_strip_inclusion,16,2,282,263,1,2,1,A
744_03-02_crop_01.jpg,bg_to_strip_inclusion,17,27,472,549,5,13,1,A
744_03-02_crop_01.jpg,bg_to_strip_inclusion,18,16,477,559,2,15,1,A
744_03-02_crop_01.jpg,bg_to_strip_inclusion,19,13,47,652,3,9,1,A
744_03-02_crop_01.jpg,bg_to_strip_inclusion,20,34,574,672,5,10,1,A
744_03-02_crop_01.jpg,bg_to_strip_inclusion,21,17,504,741,1,17,1,A
744_03-02_crop_01.jpg,bg_to_strip_inclusion,22,2,511,763,1,2,1,A
744_03-02_crop_01.jpg,bg_to_strip_inclusion,25,2,509,776,1,2,1,A
744_03-02_crop_01.jpg,bg_to_strip_inclusion,26,2,510,779,1,2,1,A
744_03-02_crop_01.jpg,bg_to_strip_inclusion,27,2,511,783,1,2,1,A
744_03-02_crop_01.jpg,bg_to_strip_inclusion,28,12,512,786,4,11,1,A
744_03-02_crop_01.jpg,bg_to_strip_inclusion,31,35,401,889,3,15,1,A
744_03-02_crop_01.jpg,bg_to_strip_inclusion,32,2,398,890,1,2,1,A
744_03-02_crop_01.jpg,bg_to_strip_inclusion,35,6,854,920,4,3,1,A
744_03-02_crop_01.jpg,bg_to_strip_inclusion,37,3,853,936,1,3,1,A
744_03-02_crop_01.jpg,bg_to_strip_inclusion,38,3,859,939,1,3,1,A
744_03-02_crop_01.jpg,bg_to_strip_inclusion,39,2,854,943,1,2,1,A
744_03-02_crop_01.jpg,bg_to_strip_inclusion,41,19,733,946,4,7,3,C
744_03-02_crop_01.jpg,bg_to_strip_inclusion,42,2,855,947,1,2,1,A
744_03-02_crop_01.jpg,bg_to_strip_inclusion,44,2,856,951,1,2,1,A
744_03-02_crop_01.jpg,bg_to_strip_inclusion,46,9,1011,952,2,5,1,A
744_03-02_crop_01.jpg,bg_to_strip_inclusion,47,3,857,954,1,3,1,A
744_03-02_crop_01.jpg,bg_to_strip_inclusion,49,3,862,959,1,3,1,A
744_03-02_crop_01.jpg,bg_to_strip_inclusion,50,2,859,960,2,2,1,A
744_03-02_crop_01.jpg,bg_to_strip_inclusion,51,2,1004,963,1,2,1,A
744_03-02_crop_01.jpg,bg_to_strip_inclusion,53,67,1000,968,4,32,1,A
744_03-02_crop_01.jpg,bg_to_strip_inclusion,55,8,1007,971,2,7,1,A
744_03-03_crop_02.jpg,bg_to_strip_inclusion,1,9,512,46,4,6,1,A
744_03-03_crop_02.jpg,bg_to_strip_inclusion,2,9,511,49,1,9,1,A
744_03-03_crop_02.jpg,bg_to_strip_inclusion,3,9,515,63,1,9,1,A
744_03-03_crop_02.jpg,bg_to_strip_inclusion,5,4,510,98,2,4,1,A
744_03-03_crop_02.jpg,bg_to_strip_inclusion,7,14,171,222,2,10,1,A
744_03-03_crop_02.jpg,bg_to_strip_inclusion,8,15,137,226,6,5,1,A
744_03-03_crop_02.jpg,bg_to_strip_inclusion,9,9,142,233,1,9,1,A
744_03-03_crop_02.jpg,bg_to_strip_inclusion,10,14,93,364,2,12,1,A
744_03-03_crop_02.jpg,bg_to_strip_inclusion,11,88,987,373,8,29,1,A
744_03-03_crop_02.jpg,bg_to_strip_inclusion,12,16,88,377,2,12,1,A
744_03-03_crop_02.jpg,bg_to_strip_inclusion,13,18,460,377,6,12,1,A
744_03-03_crop_02.jpg,bg_to_strip_inclusion,14,22,539,377,4,7,1,A
744_03-03_crop_02.jpg,bg_to_strip_inclusion,16,3,466,390,1,3,1,A
744_03-03_crop_02.jpg,bg_to_strip_inclusion,17,43,465,395,4,29,1,A
744_03-03_crop_02.jpg,bg_to_strip_inclusion,18,13,933,439,4,9,1,A
744_03-03_crop_02.jpg,bg_to_strip_inclusion,19,4,938,442,1,4,1,A
744_03-03_crop_02.jpg,bg_to_strip_inclusion,20,29,934,451,7,24,1,A
744_03-03_crop_02.jpg,bg_to_strip_inclusion,21,6,939,451,1,6,1,A
744_03-03_crop_02.jpg,bg_to_strip_inclusion,22,4,940,464,1,4,1,A
744_03-03_crop_02.jpg,bg_to_strip_inclusion,24,9,929,505,1,9,1,A
744_03-03_crop_02.jpg,bg_to_strip_inclusion,25,29,534,518,5,18,3,C
744_03-03_crop_02.jpg,bg_to_strip_inclusion,26,3,534,543,3,1,3,C
744_03-03_crop_02.jpg,bg_to_strip_inclusion,28,2,1006,616,2,2,1,A
744_03-03_crop_02.jpg,bg_to_strip_inclusion,29,12,1003,619,1,12,1,A
744_03-03_crop_02.jpg,bg_to_strip_inclusion,30,4,1006,628,2,4,1,A
744_03-03_crop_02.jpg,bg_to_strip_inclusion,31,44,775,752,5,17,1,A
744_03-03_crop_02.jpg,bg_to_strip_inclusion,32,6,784,781,1,6,1,A
744_03-03_crop_02.jpg,bg_to_strip_inclusion,34,24,785,791,2,21,1,A
744_03-03_crop_02.jpg,bg_to_strip_inclusion,35,2,780,793,1,2,1,A
744_03-03_crop_02.jpg,bg_to_strip_inclusion,36,4,781,800,1,4,1,A
744_03-03_crop_02.jpg,bg_to_strip_inclusion,37,2,782,808,1,2,3,C
744_03-03_crop_02.jpg,bg_to_strip_inclusion,38,2,1011,810,1,2,1,A
744_03-03_crop_02.jpg,bg_to_strip_inclusion,39,6,787,869,1,6,1,A
744_03-03_crop_02.jpg,bg_to_strip_inclusion,40,8,792,875,1,8,1,A
744_03-03_crop_02.jpg,bg_to_strip_inclusion,41,7,793,892,1,7,1,A
744_03-03_crop_02.jpg,bg_to_strip_inclusion,44,48,792,914,10,15,1,A
744_03-03_crop_02.jpg,bg_to_strip_inclusion,46,2,504,985,1,2,1,A
744_03-03_crop_02.jpg,bg_to_strip_inclusion,48,4,173,998,2,4,1,A
744_03-03_crop_02.jpg,bg_to_strip_inclusion,49,6,171,1004,1,6,1,A
744_03-03_crop_02.jpg,bg_to_strip_inclusion,51,8,965,1010,3,6,3,C
744_03-03_crop_02.jpg,bg_to_strip_inclusion,52,6,961,1015,1,6,3,C
744_03-03_crop_02.jpg,bg_to_strip_inclusion,53,4,967,1020,1,4,3,C
744_04-01_crop_00.jpg,bg_to_strip_inclusion,1,17,819,0,4,6,1,A
744_04-01_crop_00.jpg,bg_to_strip_inclusion,2,26,716,2,10,16,1,A
744_04-01_crop_00.jpg,bg_to_strip_inclusion,4,13,476,93,3,6,1,A
744_04-01_crop_00.jpg,bg_to_strip_inclusion,5,19,733,99,5,11,1,A
744_04-01_crop_00.jpg,bg_to_strip_inclusion,6,5,286,113,1,5,1,A
744_04-01_crop_00.jpg,bg_to_strip_inclusion,7,16,276,121,4,9,1,A
744_04-01_crop_00.jpg,bg_to_strip_inclusion,8,49,737,137,2,30,1,A
744_04-01_crop_00.jpg,bg_to_strip_inclusion,9,5,739,217,2,4,1,A
744_04-01_crop_00.jpg,bg_to_strip_inclusion,10,4,743,220,1,4,1,A
744_04-01_crop_00.jpg,bg_to_strip_inclusion,11,11,738,222,1,11,1,A
744_04-01_crop_00.jpg,bg_to_strip_inclusion,12,10,921,244,5,6,1,A
744_04-01_crop_00.jpg,bg_to_strip_inclusion,14,4,921,260,1,4,1,A
744_04-01_crop_00.jpg,bg_to_strip_inclusion,15,4,922,266,1,4,1,A
744_04-01_crop_00.jpg,bg_to_strip_inclusion,17,3,923,272,1,3,1,A
744_04-01_crop_00.jpg,bg_to_strip_inclusion,18,2,929,272,1,2,1,A
744_04-01_crop_00.jpg,bg_to_strip_inclusion,19,2,924,278,1,2,1,A
744_04-01_crop_00.jpg,bg_to_strip_inclusion,20,4,930,278,1,4,1,A
744_04-01_crop_00.jpg,bg_to_strip_inclusion,21,3,925,284,1,3,1,A
744_04-01_crop_00.jpg,bg_to_strip_inclusion,22,4,931,285,1,4,1,A
744_04-01_crop_00.jpg,bg_to_strip_inclusion,23,13,926,290,2,13,1,A
744_04-01_crop_00.jpg,bg_to_strip_inclusion,24,9,933,308,1,9,1,A
744_04-01_crop_00.jpg,bg_to_strip_inclusion,26,7,932,320,1,7,1,A
744_04-01_crop_00.jpg,bg_to_strip_inclusion,27,2,269,327,2,2,1,A
744_04-01_crop_00.jpg,bg_to_strip_inclusion,28,9,272,328,2,9,1,A
744_04-01_crop_00.jpg,bg_to_strip_inclusion,29,11,926,330,1,11,1,A
744_04-01_crop_00.jpg,bg_to_strip_inclusion,30,2,268,342,2,1,1,A
744_04-01_crop_00.jpg,bg_to_strip_inclusion,31,2,932,342,1,2,1,A
744_04-01_crop_00.jpg,bg_to_strip_inclusion,32,3,927,347,1,3,1,A
744_04-01_crop_00.jpg,bg_to_strip_inclusion,34,5,928,353,1,5,1,A
744_04-01_crop_00.jpg,bg_to_strip_inclusion,35,2,934,357,1,2,1,A
744_04-01_crop_00.jpg,bg_to_strip_inclusion,36,11,929,359,1,11,1,A
744_04-01_crop_00.jpg,bg_to_strip_inclusion,37,3,935,364,1,3,1,A
744_04-01_crop_00.jpg,bg_to_strip_inclusion,38,51,34,386,6,21,1,A
744_04-01_crop_00.jpg,bg_to_strip_inclusion,39,13,930,391,1,13,1,A
744_04-01_crop_00.jpg,bg_to_strip_inclusion,40,24,40,402,1,24,1,A
744_04-01_crop_00.jpg,bg_to_strip_inclusion,41,11,34,415,1,11,1,A
744_04-01_crop_00.jpg,bg_to_strip_inclusion,42,7,936,414,1,7,1,A
744_04-01_crop_00.jpg,bg_to_strip_inclusion,43,3,937,423,1,3,1,A
744_04-01_crop_00.jpg,bg_to_strip_inclusion,54,10,980,467,3,7,1,A
744_04-01_crop_00.jpg,bg_to_strip_inclusion,55,3,980,481,1,3,1,A
744_04-01_crop_00.jpg,bg_to_strip_inclusion,56,108,40,500,7,36,1,A
744_04-01_crop_00.jpg,bg_to_strip_inclusion,57,37,976,509,5,21,1,A
744_04-01_crop_00.jpg,bg_to_strip_inclusion,58,5,979,509,2,4,1,A
744_04-01_crop_00.jpg,bg_to_strip_inclusion,59,4,981,514,1,4,1,A
744_04-01_crop_00.jpg,bg_to_strip_inclusion,60,2,45,529,1,2,1,A
744_04-01_crop_00.jpg,bg_to_strip_inclusion,61,6,474,560,3,5,1,A
744_04-01_crop_00.jpg,bg_to_strip_inclusion,62,5,345,613,1,5,1,A
744_04-01_crop_00.jpg,bg_to_strip_inclusion,63,37,988,613,4,34,1,A
744_04-01_crop_00.jpg,bg_to_strip_inclusion,64,2,340,625,2,2,1,A
744_04-01_crop_00.jpg,bg_to_strip_inclusion,67,58,56,636,7,21,1,A
744_04-01_crop_00.jpg,bg_to_strip_inclusion,68,5,986,638,1,5,1,A
744_04-01_crop_00.jpg,bg_to_strip_inclusion,69,7,987,645,1,7,1,A
744_04-01_crop_00.jpg,bg_to_strip_inclusion,70,2,992,649,1,2,1,A
744_04-01_crop_00.jpg,bg_to_strip_inclusion,71,26,988,655,6,12,1,A
744_04-01_crop_00.jpg,bg_to_strip_inclusion,73,5,60,668,2,5,1,A
744_04-01_crop_00.jpg,bg_to_strip_inclusion,74,2,380,675,2,1,1,A
744_04-01_crop_00.jpg,bg_to_strip_inclusion,75,30,8,690,5,9,1,A
744_04-01_crop_00.jpg,bg_to_strip_inclusion,77,4,77,698,2,4,1,A
744_04-01_crop_00.jpg,bg_to_strip_inclusion,78,2,998,698,1,2,1,A
744_04-01_crop_00.jpg,bg_to_strip_inclusion,79,3,999,701,1,3,1,A
744_04-01_crop_00.jpg,bg_to_strip_inclusion,80,2,1000,708,1,2,1,A
744_04-01_crop_00.jpg,bg_to_strip_inclusion,81,12,343,721,5,6,3,C
744_04-01_crop_00.jpg,bg_to_strip_inclusion,83,12,1002,724,3,10,1,A
744_04-01_crop_00.jpg,bg_to_strip_inclusion,84,5,509,756,2,3,1,A
744_04-01_crop_00.jpg,bg_to_strip_inclusion,85,2,998,766,2,1,1,A
744_04-01_crop_00.jpg,bg_to_strip_inclusion,87,8,1000,768,1,8,1,A
744_04-01_crop_00.jpg,bg_to_strip_inclusion,88,2,995,771,1,2,1,A
744_04-01_crop_00.jpg,bg_to_strip_inclusion,90,48,67,785,5,27,1,A
744_04-01_crop_00.jpg,bg_to_strip_inclusion,95,3,72,794,1,3,1,A
744_04-01_crop_00.jpg,bg_to_strip_inclusion,97,19,985,796,7,8,1,A
744_04-01_crop_00.jpg,bg_to_strip_inclusion,98,3,72,808,1,3,1,A
744_04-01_crop_00.jpg,bg_to_strip_inclusion,99,62,787,872,6,14,3,C
744_04-01_crop_00.jpg,bg_to_strip_inclusion,100,5,70,874,1,5,1,A
744_04-01_crop_00.jpg,bg_to_strip_inclusion,101,24,585,882,7,11,1,A
744_04-01_crop_00.jpg,bg_to_strip_inclusion,104,12,585,894,5,8,1,A
744_04-01_crop_00.jpg,bg_to_strip_inclusion,105,48,380,933,8,29,1,A
744_04-01_crop_00.jpg,bg_to_strip_inclusion,106,3,786,934,2,3,1,A
744_04-01_crop_00.jpg,bg_to_strip_inclusion,108,3,388,936,1,3,1,A
744_04-01_crop_00.jpg,bg_to_strip_inclusion,111,12,788,942,3,10,1,A
744_04-01_crop_00.jpg,bg_to_strip_inclusion,112,73,401,983,7,41,1,A
744_04-02_crop_00.jpg,bg_to_strip_inclusion,2,5,417,12,1,5,1,A
744_04-02_crop_00.jpg,bg_to_strip_inclusion,3,44,103,55,4,13,1,A
744_04-02_crop_00.jpg,bg_to_strip_inclusion,4,21,605,143,2,19,1,A
744_04-02_crop_00.jpg,bg_to_strip_inclusion,5,2,609,146,1,2,1,A
744_04-02_crop_00.jpg,bg_to_strip_inclusion,6,5,440,150,3,2,1,A
744_04-02_crop_00.jpg,bg_to_strip_inclusion,7,2,610,150,1,2,1,A
744_04-02_crop_00.jpg,bg_to_strip_inclusion,8,4,611,155,1,4,1,A
744_04-02_crop_00.jpg,bg_to_strip_inclusion,9,17,612,161,2,16,1,A
744_04-02_crop_00.jpg,bg_to_strip_inclusion,10,34,607,163,4,30,1,A
744_04-02_crop_00.jpg,bg_to_strip_inclusion,11,5,614,181,1,5,1,A
744_04-02_crop_00.jpg,bg_to_strip_inclusion,12,3,615,190,1,3,1,A
744_04-02_crop_00.jpg,bg_to_strip_inclusion,13,3,611,195,1,3,1,A
744_04-02_crop_00.jpg,bg_to_strip_inclusion,14,3,616,195,1,3,1,A
744_04-02_crop_00.jpg,bg_to_strip_inclusion,15,4,617,200,1,4,1,A
744_04-02_crop_00.jpg,bg_to_strip_inclusion,16,4,618,205,1,4,1,A
744_04-02_crop_00.jpg,bg_to_strip_inclusion,17,4,619,210,1,4,1,A
744_04-02_crop_00.jpg,bg_to_strip_inclusion,18,2,620,218,1,2,1,A
744_04-02_crop_00.jpg,bg_to_strip_inclusion,20,5,620,227,1,5,1,A
744_04-02_crop_00.jpg,bg_to_strip_inclusion,21,2,94,262,1,2,1,A
744_04-02_crop_00.jpg,bg_to_strip_inclusion,22,5,59,326,4,3,1,A
744_04-02_crop_00.jpg,bg_to_strip_inclusion,23,13,94,332,4,5,1,A
744_04-02_crop_00.jpg,bg_to_strip_inclusion,24,6,635,404,2,6,1,A
744_04-02_crop_00.jpg,bg_to_strip_inclusion,25,3,634,413,1,3,1,A
744_04-02_crop_00.jpg,bg_to_strip_inclusion,26,7,107,414,4,3,1,A
744_04-02_crop_00.jpg,bg_to_strip_inclusion,27,3,635,417,1,3,1,A
744_04-02_crop_00.jpg,bg_to_strip_inclusion,30,2,107,421,1,2,1,A
744_04-02_crop_00.jpg,bg_to_strip_inclusion,31,2,113,421,1,2,1,A
744_04-02_crop_00.jpg,bg_to_strip_inclusion,32,2,108,426,1,2,1,A
744_04-02_crop_00.jpg,bg_to_strip_inclusion,33,5,109,429,4,4,1,A
744_04-02_crop_00.jpg,bg_to_strip_inclusion,34,53,384,474,6,25,1,A
744_04-02_crop_00.jpg,bg_to_strip_inclusion,35,20,390,523,5,14,1,A
744_04-02_crop_00.jpg,bg_to_strip_inclusion,36,5,388,524,1,5,1,A
744_04-02_crop_00.jpg,bg_to_strip_inclusion,37,69,395,538,4,60,1,A
744_04-02_crop_00.jpg,bg_to_strip_inclusion,38,2,390,548,1,2,1,A
744_04-02_crop_00.jpg,bg_to_strip_inclusion,39,65,391,554,6,59,1,A
744_04-02_crop_00.jpg,bg_to_strip_inclusion,40,4,399,599,1,4,1,A
744_04-02_crop_00.jpg,bg_to_strip_inclusion,41,8,38,600,3,6,1,A
744_04-02_crop_00.jpg,bg_to_strip_inclusion,42,2,35,602,1,2,1,A
744_04-02_crop_00.jpg,bg_to_strip_inclusion,43,2,34,605,1,2,1,A
744_04-02_crop_00.jpg,bg_to_strip_inclusion,44,3,400,604,1,3,1,A
744_04-02_crop_00.jpg,bg_to_strip_inclusion,48,2,29,625,1,2,1,A
744_04-02_crop_00.jpg,bg_to_strip_inclusion,49,2,28,636,1,2,1,A
744_04-02_crop_00.jpg,bg_to_strip_inclusion,50,12,34,639,3,8,1,A
744_04-02_crop_00.jpg,bg_to_strip_inclusion,54,7,923,877,4,6,1,A
744_04-02_crop_00.jpg,bg_to_strip_inclusion,55,8,926,884,2,6,1,A
744_04-02_crop_00.jpg,bg_to_strip_inclusion,56,8,920,892,4,3,1,A
744_04-02_crop_00.jpg,bg_to_strip_inclusion,57,10,1001,902,1,10,1,A
744_04-02_crop_00.jpg,bg_to_strip_inclusion,58,2,1000,920,1,2,1,A
744_04-02_crop_00.jpg,bg_to_strip_inclusion,59,2,999,948,1,2,1,A
744_04-02_crop_03.jpg,bg_to_strip_inclusion,1,207,869,8,9,115,1,A
744_04-02_crop_03.jpg,bg_to_strip_inclusion,3,10,879,31,1,10,1,A
744_04-02_crop_03.jpg,bg_to_strip_inclusion,4,81,874,59,5,47,1,A
744_04-02_crop_03.jpg,bg_to_strip_inclusion,5,2,876,108,1,2,1,A
744_04-02_crop_03.jpg,bg_to_strip_inclusion,6,12,874,124,5,11,1,A
744_04-02_crop_03.jpg,bg_to_strip_inclusion,7,83,872,180,6,57,1,A
744_04-02_crop_03.jpg,bg_to_strip_inclusion,8,7,880,200,1,7,1,A
744_04-02_crop_03.jpg,bg_to_strip_inclusion,9,31,874,230,5,22,1,A
744_04-02_crop_03.jpg,bg_to_strip_inclusion,10,2,871,239,1,2,1,A
744_04-02_crop_03.jpg,bg_to_strip_inclusion,15,2,865,261,1,2,1,A
744_04-02_crop_03.jpg,bg_to_strip_inclusion,16,3,864,264,1,3,1,A
744_04-02_crop_03.jpg,bg_to_strip_inclusion,17,57,491,313,5,34,1,A
744_04-02_crop_03.jpg,bg_to_strip_inclusion,18,35,496,339,6,28,1,A
744_04-02_crop_03.jpg,bg_to_strip_inclusion,20,2,502,369,1,2,1,A
744_04-02_crop_03.jpg,bg_to_strip_inclusion,21,4,497,374,1,4,1,A
744_04-02_crop_03.jpg,bg_to_strip_inclusion,22,12,498,379,5,12,1,A
744_04-02_crop_03.jpg,bg_to_strip_inclusion,23,2,504,383,1,2,1,A
744_04-02_crop_03.jpg,bg_to_strip_inclusion,24,18,507,411,2,13,1,A
744_04-02_crop_03.jpg,bg_to_strip_inclusion,25,40,721,423,8,24,3,C
744_04-02_crop_03.jpg,bg_to_strip_inclusion,28,10,869,435,3,7,3,C
744_04-02_crop_03.jpg,bg_to_strip_inclusion,29,6,870,444,1,6,3,C
744_04-02_crop_03.jpg,bg_to_strip_inclusion,30,3,871,452,1,3,3,C
744_04-02_crop_03.jpg,bg_to_strip_inclusion,31,30,46,467,4,26,1,A
744_04-02_crop_03.jpg,bg_to_strip_inclusion,32,35,44,482,5,19,1,A
744_04-02_crop_03.jpg,bg_to_strip_inclusion,33,54,873,521,5,36,1,A
744_04-02_crop_03.jpg,bg_to_strip_inclusion,34,3,878,526,1,3,1,A
744_04-02_crop_03.jpg,bg_to_strip_inclusion,35,14,716,542,1,14,1,A
744_04-02_crop_03.jpg,bg_to_strip_inclusion,36,13,883,589,2,12,1,A
744_04-02_crop_03.jpg,bg_to_strip_inclusion,38,10,719,597,1,10,3,C
744_04-02_crop_03.jpg,bg_to_strip_inclusion,39,2,885,603,1,2,1,A
744_04-02_crop_03.jpg,bg_to_strip_inclusion,40,10,891,608,2,6,1,A
744_04-02_crop_03.jpg,bg_to_strip_inclusion,43,11,731,618,3,8,3,C
744_04-02_crop_03.jpg,bg_to_strip_inclusion,44,7,90,631,4,3,1,A
744_04-02_crop_03.jpg,bg_to_strip_inclusion,45,3,89,675,1,3,3,C
744_04-02_crop_03.jpg,bg_to_strip_inclusion,46,35,353,789,6,22,1,A
744_04-02_crop_03.jpg,bg_to_strip_inclusion,48,10,354,806,2,10,1,A
744_04-04_crop_00.jpg,bg_to_strip_inclusion,1,56,293,67,5,14,3,C
744_04-04_crop_00.jpg,bg_to_strip_inclusion,2,8,919,102,3,7,1,A
744_04-04_crop_00.jpg,bg_to_strip_inclusion,3,16,917,110,2,15,1,A
744_04-04_crop_00.jpg,bg_to_strip_inclusion,4,8,922,115,1,8,1,A
744_04-04_crop_00.jpg,bg_to_strip_inclusion,5,40,768,197,6,16,1,A
744_04-04_crop_00.jpg,bg_to_strip_inclusion,7,15,771,248,2,15,1,A
744_04-04_crop_00.jpg,bg_to_strip_inclusion,9,65,105,344,7,17,1,A
744_04-04_crop_00.jpg,bg_to_strip_inclusion,10,24,563,344,4,18,1,A
744_04-04_crop_00.jpg,bg_to_strip_inclusion,12,2,568,357,1,2,1,A
744_04-04_crop_00.jpg,bg_to_strip_inclusion,13,8,565,363,1,8,1,A
744_04-04_crop_00.jpg,bg_to_strip_inclusion,14,6,569,364,1,6,1,A
744_04-04_crop_00.jpg,bg_to_strip_inclusion,15,6,566,372,1,6,1,A
744_04-04_crop_00.jpg,bg_to_strip_inclusion,16,11,569,373,2,10,1,A
744_04-04_crop_00.jpg,bg_to_strip_inclusion,17,7,117,394,3,6,1,A
744_04-04_crop_00.jpg,bg_to_strip_inclusion,19,2,120,403,1,2,1,A
744_04-04_crop_00.jpg,bg_to_strip_inclusion,20,58,912,425,5,30,1,A
744_04-04_crop_00.jpg,bg_to_strip_inclusion,21,7,911,427,1,7,1,A
744_04-04_crop_00.jpg,bg_to_strip_inclusion,23,17,874,455,5,9,1,A
744_04-04_crop_00.jpg,bg_to_strip_inclusion,24,55,657,459,7,21,1,A
744_04-04_crop_00.jpg,bg_to_strip_inclusion,25,3,872,462,1,3,1,A
744_04-04_crop_00.jpg,bg_to_strip_inclusion,26,18,871,469,4,10,1,A
744_04-04_crop_00.jpg,bg_to_strip_inclusion,28,9,144,509,3,7,1,A
744_04-04_crop_00.jpg,bg_to_strip_inclusion,29,51,878,538,7,14,1,A
744_04-04_crop_00.jpg,bg_to_strip_inclusion,30,3,880,555,1,3,1,A
744_04-04_crop_00.jpg,bg_to_strip_inclusion,31,3,885,554,1,3,1,A
744_04-04_crop_00.jpg,bg_to_strip_inclusion,32,3,886,562,1,3,1,A
744_04-04_crop_00.jpg,bg_to_strip_inclusion,33,3,887,568,1,3,1,A
744_04-04_crop_00.jpg,bg_to_strip_inclusion,34,3,882,572,1,3,1,A
744_04-04_crop_00.jpg,bg_to_strip_inclusion,35,3,888,574,1,3,1,A
744_04-04_crop_00.jpg,bg_to_strip_inclusion,36,27,883,577,4,21,1,A
744_04-04_crop_00.jpg,bg_to_strip_inclusion,37,2,889,579,1,2,1,A
744_04-04_crop_00.jpg,bg_to_strip_inclusion,38,2,890,583,1,2,1,A
744_04-04_crop_00.jpg,bg_to_strip_inclusion,39,2,891,587,1,2,1,A
744_04-04_crop_00.jpg,bg_to_strip_inclusion,40,2,892,591,1,2,1,A
744_04-04_crop_00.jpg,bg_to_strip_inclusion,41,4,893,596,1,4,1,A
744_04-04_crop_00.jpg,bg_to_strip_inclusion,43,19,590,608,5,10,1,A
744_04-04_crop_00.jpg,bg_to_strip_inclusion,44,22,157,621,6,8,1,A
744_04-04_crop_00.jpg,bg_to_strip_inclusion,46,20,51,668,3,13,1,A
744_04-04_crop_00.jpg,bg_to_strip_inclusion,47,5,52,683,1,5,1,A
744_04-04_crop_00.jpg,bg_to_strip_inclusion,48,6,53,692,1,6,1,A
744_04-04_crop_00.jpg,bg_to_strip_inclusion,50,8,54,700,1,8,1,A
744_04-04_crop_00.jpg,bg_to_strip_inclusion,51,2,59,703,1,2,1,A
744_04-04_crop_00.jpg,bg_to_strip_inclusion,52,2,913,705,1,2,1,A
744_04-04_crop_00.jpg,bg_to_strip_inclusion,53,2,55,709,1,2,1,A
744_04-04_crop_00.jpg,bg_to_strip_inclusion,55,15,916,724,1,15,1,A
744_04-04_crop_00.jpg,bg_to_strip_inclusion,57,12,969,745,2,8,1,A
744_04-04_crop_00.jpg,bg_to_strip_inclusion,61,6,611,758,3,4,1,A
744_04-04_crop_00.jpg,bg_to_strip_inclusion,63,2,975,760,1,2,1,A
744_04-04_crop_00.jpg,bg_to_strip_inclusion,64,3,610,763,1,3,1,A
744_04-04_crop_00.jpg,bg_to_strip_inclusion,66,3,981,785,2,3,1,A
744_04-04_crop_00.jpg,bg_to_strip_inclusion,67,15,979,786,1,15,1,A
744_04-04_crop_00.jpg,bg_to_strip_inclusion,69,14,983,789,1,14,1,A
744_04-04_crop_00.jpg,bg_to_strip_inclusion,70,47,915,791,5,12,1,A
744_04-04_crop_00.jpg,bg_to_strip_inclusion,72,16,984,815,1,16,1,A
744_04-04_crop_00.jpg,bg_to_strip_inclusion,74,4,985,844,1,4,1,A
744_04-04_crop_00.jpg,bg_to_strip_inclusion,75,3,981,851,1,3,1,A
744_04-04_crop_00.jpg,bg_to_strip_inclusion,76,2,986,851,1,2,1,A
744_04-04_crop_00.jpg,bg_to_strip_inclusion,77,5,87,852,4,2,3,C
744_04-04_crop_00.jpg,bg_to_strip_inclusion,79,4,982,857,1,4,1,A
744_04-04_crop_00.jpg,bg_to_strip_inclusion,80,3,987,856,1,3,1,A
744_04-04_crop_00.jpg,bg_to_strip_inclusion,81,4,988,860,1,4,1,A
744_04-04_crop_00.jpg,bg_to_strip_inclusion,82,7,989,865,1,7,1,A
744_04-04_crop_00.jpg,bg_to_strip_inclusion,83,22,1001,864,4,6,1,A
744_04-04_crop_00.jpg,bg_to_strip_inclusion,84,3,82,871,1,3,1,A
744_04-04_crop_00.jpg,bg_to_strip_inclusion,86,6,982,875,1,6,1,A
744_04-04_crop_00.jpg,bg_to_strip_inclusion,87,8,168,879,4,3,1,A
744_04-04_crop_00.jpg,bg_to_strip_inclusion,88,2,981,883,1,2,1,A
744_04-04_crop_00.jpg,bg_to_strip_inclusion,90,29,980,889,6,20,1,A
744_04-04_crop_00.jpg,bg_to_strip_inclusion,92,10,969,914,4,9,1,A
744_04-04_crop_00.jpg,bg_to_strip_inclusion,93,6,996,916,4,3,1,A
744_04-04_crop_00.jpg,bg_to_strip_inclusion,94,25,993,919,3,20,1,A
744_04-04_crop_00.jpg,bg_to_strip_inclusion,95,10,208,978,6,4,1,A
744_04-04_crop_00.jpg,bg_to_strip_inclusion,96,7,210,998,2,7,1,A
744_04-04_crop_00.jpg,bg_to_D,1,2,792,1011,1,2,4,D
744_04-04_crop_01.jpg,bg_to_strip_inclusion,2,57,580,89,5,22,3,C
744_04-04_crop_01.jpg,bg_to_strip_inclusion,4,2,579,107,1,2,3,C
744_04-04_crop_01.jpg,bg_to_strip_inclusion,7,2,945,140,1,2,1,A
744_04-04_crop_01.jpg,bg_to_strip_inclusion,8,3,949,149,1,3,1,A
744_04-04_crop_01.jpg,bg_to_strip_inclusion,9,10,948,157,1,10,1,A
744_04-04_crop_01.jpg,bg_to_strip_inclusion,10,6,948,183,1,6,1,A
744_04-04_crop_01.jpg,bg_to_strip_inclusion,12,22,950,197,1,22,1,A
744_04-04_crop_01.jpg,bg_to_strip_inclusion,13,17,950,220,2,16,1,A
744_04-04_crop_01.jpg,bg_to_strip_inclusion,14,4,952,237,1,4,1,A
744_04-04_crop_01.jpg,bg_to_strip_inclusion,15,2,953,244,1,2,1,A
744_04-04_crop_01.jpg,bg_to_strip_inclusion,16,43,954,269,2,33,1,A
744_04-04_crop_01.jpg,bg_to_strip_inclusion,17,4,955,318,1,4,1,A
744_04-04_crop_01.jpg,bg_to_strip_inclusion,18,3,410,344,3,2,1,A
744_04-04_crop_01.jpg,bg_to_strip_inclusion,19,2,408,346,1,2,1,A
744_04-04_crop_01.jpg,bg_to_strip_inclusion,20,17,407,352,6,8,1,A
744_04-04_crop_01.jpg,bg_to_strip_inclusion,21,10,957,366,1,10,1,A
744_04-04_crop_01.jpg,bg_to_strip_inclusion,22,2,956,382,1,2,1,A
744_04-04_crop_01.jpg,bg_to_strip_inclusion,23,14,376,385,4,14,1,A
744_04-04_crop_01.jpg,bg_to_strip_inclusion,24,43,376,386,8,23,1,A
744_04-04_crop_01.jpg,bg_to_strip_inclusion,25,40,955,386,1,40,1,A
744_04-04_crop_01.jpg,bg_to_strip_inclusion,27,3,411,405,1,3,1,A
744_04-04_crop_01.jpg,bg_to_strip_inclusion,28,4,298,430,3,2,1,A
744_04-04_crop_01.jpg,bg_to_strip_inclusion,30,3,303,438,1,3,1,A
744_04-04_crop_01.jpg,bg_to_strip_inclusion,31,3,298,443,1,3,1,A
744_04-04_crop_01.jpg,bg_to_strip_inclusion,32,9,299,447,3,8,1,A
744_04-04_crop_01.jpg,bg_to_strip_inclusion,33,2,961,472,1,2,1,A
744_04-04_crop_01.jpg,bg_to_strip_inclusion,34,2,962,475,1,2,1,A
744_04-04_crop_01.jpg,bg_to_strip_inclusion,35,5,956,489,1,5,1,A
744_04-04_crop_01.jpg,bg_to_strip_inclusion,37,9,955,502,5,4,1,A
744_04-04_crop_01.jpg,bg_to_strip_inclusion,38,3,403,542,3,3,1,A
744_04-04_crop_01.jpg,bg_to_strip_inclusion,40,2,407,551,1,2,1,A
744_04-04_crop_01.jpg,bg_to_strip_inclusion,42,2,409,562,1,2,1,A
744_04-04_crop_01.jpg,bg_to_strip_inclusion,43,3,410,566,1,3,1,A
744_04-04_crop_01.jpg,bg_to_strip_inclusion,44,4,411,570,1,4,1,A
744_04-04_crop_01.jpg,bg_to_strip_inclusion,45,4,412,575,1,4,1,A
744_04-04_crop_01.jpg,bg_to_strip_inclusion,46,4,413,580,1,4,1,A
744_04-04_crop_01.jpg,bg_to_strip_inclusion,48,3,409,586,1,3,1,A
744_04-04_crop_01.jpg,bg_to_strip_inclusion,49,3,414,586,1,3,1,A
744_04-04_crop_01.jpg,bg_to_strip_inclusion,50,4,415,591,1,4,1,A
744_04-04_crop_01.jpg,bg_to_strip_inclusion,52,15,413,632,5,6,1,A
744_04-04_crop_01.jpg,bg_to_strip_inclusion,54,17,546,642,3,13,1,A
744_04-04_crop_01.jpg,bg_to_strip_inclusion,55,2,415,646,1,2,1,A
744_04-04_crop_01.jpg,bg_to_strip_inclusion,56,24,416,649,4,17,1,A
744_04-04_crop_01.jpg,bg_to_strip_inclusion,57,7,425,674,1,7,1,A
744_04-04_crop_01.jpg,bg_to_strip_inclusion,58,11,424,683,3,10,1,A
744_04-04_crop_01.jpg,bg_to_strip_inclusion,59,59,578,736,6,13,1,A
744_04-04_crop_01.jpg,bg_to_strip_inclusion,60,53,343,741,6,12,3,C
744_04-04_crop_01.jpg,bg_to_strip_inclusion,61,3,561,760,3,2,1,A
744_04-04_crop_01.jpg,bg_to_strip_inclusion,62,14,428,769,5,8,1,A
744_04-04_crop_01.jpg,bg_to_strip_inclusion,63,87,990,794,7,15,1,A
744_04-04_crop_01.jpg,bg_to_strip_inclusion,64,7,433,799,1,7,1,A
744_04-04_crop_01.jpg,bg_to_strip_inclusion,66,25,429,817,6,8,1,A
744_04-04_crop_01.jpg,bg_to_strip_inclusion,67,14,975,823,5,9,1,A
744_04-04_crop_01.jpg,bg_to_strip_inclusion,68,10,974,825,1,10,1,A
744_04-04_crop_01.jpg,bg_to_strip_inclusion,69,22,412,835,6,6,1,A
744_04-04_crop_01.jpg,bg_to_strip_inclusion,70,41,976,836,5,24,1,A
744_04-04_crop_01.jpg,bg_to_strip_inclusion,71,10,975,840,1,10,1,A
744_04-04_crop_01.jpg,bg_to_strip_inclusion,72,4,412,847,1,4,1,A
744_04-04_crop_01.jpg,bg_to_strip_inclusion,73,8,432,846,3,8,1,A
744_04-04_crop_01.jpg,bg_to_strip_inclusion,74,14,437,848,1,14,1,A
744_04-04_crop_01.jpg,bg_to_strip_inclusion,75,4,417,864,2,3,1,A
744_04-04_crop_01.jpg,bg_to_strip_inclusion,77,5,432,866,2,3,1,A
744_04-04_crop_01.jpg,bg_to_strip_inclusion,80,5,423,879,1,5,1,A
744_04-04_crop_01.jpg,bg_to_strip_inclusion,81,73,622,887,6,15,1,A
744_04-04_crop_01.jpg,bg_to_strip_inclusion,82,3,434,921,3,3,1,A
744_04-04_crop_01.jpg,bg_to_strip_inclusion,83,34,620,925,4,10,1,A
744_04-04_crop_01.jpg,bg_to_strip_inclusion,84,7,433,943,1,7,1,A
744_04-04_crop_01.jpg,bg_to_strip_inclusion,86,3,438,948,1,3,1,A
744_04-04_crop_01.jpg,bg_to_strip_inclusion,87,9,436,952,2,9,1,A
744_04-04_crop_01.jpg,bg_to_strip_inclusion,88,8,435,968,1,8,1,A
744_04-04_crop_01.jpg,bg_to_strip_inclusion,90,2,434,978,1,2,1,A
744_05-02_crop_00.jpg,bg_to_strip_inclusion,1,48,585,96,5,12,1,A
744_05-02_crop_00.jpg,bg_to_strip_inclusion,3,4,552,153,1,4,1,A
744_05-02_crop_00.jpg,bg_to_strip_inclusion,4,16,437,160,2,12,1,A
744_05-02_crop_00.jpg,bg_to_strip_inclusion,5,3,446,160,1,3,1,A
744_05-02_crop_00.jpg,bg_to_strip_inclusion,6,22,443,165,3,16,1,A
744_05-02_crop_00.jpg,bg_to_strip_inclusion,7,33,458,164,8,8,1,A
744_05-02_crop_00.jpg,bg_to_strip_inclusion,8,74,463,175,6,38,1,A
744_05-02_crop_00.jpg,bg_to_strip_inclusion,9,67,437,179,8,27,1,A
744_05-02_crop_00.jpg,bg_to_strip_inclusion,10,5,457,195,1,5,1,A
744_05-02_crop_00.jpg,bg_to_strip_inclusion,11,2,467,214,1,2,1,A
744_05-02_crop_00.jpg,bg_to_strip_inclusion,12,22,455,216,6,7,1,A
744_05-02_crop_00.jpg,bg_to_strip_inclusion,13,57,445,222,10,12,1,A
744_05-02_crop_00.jpg,bg_to_strip_inclusion,14,34,754,229,5,9,1,A
744_05-02_crop_00.jpg,bg_to_strip_inclusion,17,10,455,236,3,9,1,A
744_05-02_crop_00.jpg,bg_to_strip_inclusion,23,2,657,392,1,2,1,A
744_05-02_crop_00.jpg,bg_to_strip_inclusion,24,10,487,558,4,6,1,A
744_05-02_crop_00.jpg,bg_to_strip_inclusion,25,25,487,573,5,9,1,A
744_05-02_crop_00.jpg,bg_to_strip_inclusion,26,6,135,584,1,6,1,A
744_05-02_crop_00.jpg,bg_to_strip_inclusion,27,2,132,587,1,2,1,A
744_05-02_crop_00.jpg,bg_to_strip_inclusion,28,97,489,599,5,23,1,A
744_05-02_crop_00.jpg,bg_to_strip_inclusion,29,19,561,630,4,7,1,A
744_05-02_crop_00.jpg,bg_to_strip_inclusion,30,8,495,664,1,8,1,A
744_05-02_crop_00.jpg,bg_to_strip_inclusion,31,17,427,698,3,7,1,A
744_05-02_crop_00.jpg,bg_to_strip_inclusion,32,5,498,714,1,5,1,A
744_05-02_crop_00.jpg,bg_to_strip_inclusion,33,4,497,721,1,4,1,A
744_05-02_crop_00.jpg,bg_to_strip_inclusion,34,23,797,723,1,23,1,A
744_05-02_crop_00.jpg,bg_to_strip_inclusion,35,2,496,727,1,2,1,A
744_05-02_crop_00.jpg,bg_to_strip_inclusion,36,35,672,730,6,11,1,A
744_05-02_crop_00.jpg,bg_to_strip_inclusion,37,2,494,744,1,2,1,A
744_05-02_crop_00.jpg,bg_to_strip_inclusion,38,61,803,750,3,53,1,A
744_05-02_crop_00.jpg,bg_to_strip_inclusion,39,13,671,762,1,13,1,A
744_05-02_crop_00.jpg,bg_to_strip_inclusion,40,3,495,775,3,3,1,A
744_05-02_crop_00.jpg,bg_to_strip_inclusion,41,2,670,781,1,2,1,A
744_05-02_crop_00.jpg,bg_to_strip_inclusion,42,2,676,780,1,2,1,A
744_05-02_crop_00.jpg,bg_to_strip_inclusion,43,4,675,788,1,4,1,A
744_05-02_crop_00.jpg,bg_to_strip_inclusion,44,30,737,790,3,30,1,A
744_05-02_crop_00.jpg,bg_to_strip_inclusion,45,15,669,792,1,15,1,A
744_05-02_crop_00.jpg,bg_to_strip_inclusion,46,2,674,796,1,2,1,A
744_05-02_crop_00.jpg,bg_to_strip_inclusion,47,3,730,796,1,3,1,A
744_05-02_crop_00.jpg,bg_to_strip_inclusion,48,2,731,802,1,2,1,A
744_05-02_crop_00.jpg,bg_to_strip_inclusion,49,62,801,806,4,50,1,A
744_05-02_crop_00.jpg,bg_to_strip_inclusion,50,6,740,822,1,6,1,A
744_05-02_crop_00.jpg,bg_to_strip_inclusion,52,8,736,850,1,8,1,A
744_05-02_crop_00.jpg,bg_to_strip_inclusion,53,16,808,853,2,9,1,A
744_05-02_crop_00.jpg,bg_to_strip_inclusion,54,15,450,857,4,9,1,A
744_05-02_crop_00.jpg,bg_to_strip_inclusion,55,12,741,856,1,12,1,A
744_05-02_crop_00.jpg,bg_to_strip_inclusion,56,4,805,858,2,4,1,A
744_05-02_crop_00.jpg,bg_to_strip_inclusion,57,5,454,874,1,5,1,A
744_05-02_crop_00.jpg,bg_to_strip_inclusion,59,3,494,892,2,3,1,A
744_05-02_crop_00.jpg,bg_to_strip_inclusion,60,17,738,893,1,17,1,A
744_05-02_crop_00.jpg,bg_to_strip_inclusion,61,2,741,893,1,2,1,A
744_05-02_crop_00.jpg,bg_to_strip_inclusion,62,3,493,896,1,3,1,A
744_05-02_crop_00.jpg,bg_to_strip_inclusion,63,2,492,900,1,2,1,A
744_05-02_crop_00.jpg,bg_to_strip_inclusion,65,2,497,923,1,2,1,A
744_05-02_crop_00.jpg,bg_to_strip_inclusion,66,42,808,925,4,37,1,A
744_05-02_crop_00.jpg,bg_to_strip_inclusion,67,51,672,927,6,23,1,A
744_05-02_crop_00.jpg,bg_to_strip_inclusion,68,4,815,926,1,4,1,A
744_05-02_crop_00.jpg,bg_to_strip_inclusion,69,10,498,934,1,10,1,A
744_05-02_crop_00.jpg,bg_to_strip_inclusion,72,2,816,944,1,2,1,A
744_05-02_crop_00.jpg,bg_to_strip_inclusion,73,10,492,947,1,10,1,A
744_05-02_crop_00.jpg,bg_to_strip_inclusion,76,2,740,948,1,2,1,A
744_05-02_crop_00.jpg,bg_to_strip_inclusion,78,5,676,952,1,5,1,A
744_05-02_crop_00.jpg,bg_to_strip_inclusion,81,2,683,957,1,2,1,A
744_05-02_crop_00.jpg,bg_to_strip_inclusion,82,3,734,957,1,3,1,A
744_05-02_crop_00.jpg,bg_to_strip_inclusion,83,10,736,956,4,7,1,A
744_05-02_crop_00.jpg,bg_to_strip_inclusion,86,2,812,963,1,2,1,A
744_05-02_crop_00.jpg,bg_to_strip_inclusion,87,2,819,968,1,2,1,A
744_05-02_crop_00.jpg,bg_to_strip_inclusion,89,2,496,992,1,2,1,A
744_05-02_crop_00.jpg,bg_to_strip_inclusion,90,2,497,995,1,2,1,A
744_05-02_crop_00.jpg,bg_to_strip_inclusion,92,8,617,998,4,5,1,A
744_05-02_crop_00.jpg,bg_to_strip_inclusion,93,11,616,1013,4,8,1,A
744_05-03_crop_02.jpg,bg_to_strip_inclusion,1,19,359,24,3,17,1,A
744_05-03_crop_02.jpg,bg_to_strip_inclusion,2,27,364,55,2,16,1,A
744_05-03_crop_02.jpg,bg_to_strip_inclusion,3,41,673,128,9,21,1,A
744_05-03_crop_02.jpg,bg_to_strip_inclusion,4,2,673,135,1,2,1,A
744_05-03_crop_02.jpg,bg_to_strip_inclusion,5,18,674,138,3,15,1,A
744_05-03_crop_02.jpg,bg_to_strip_inclusion,7,2,677,159,1,2,1,A
744_05-03_crop_02.jpg,bg_to_strip_inclusion,8,11,678,163,3,9,1,A
744_05-03_crop_02.jpg,bg_to_strip_inclusion,9,64,361,172,8,13,1,A
744_05-03_crop_02.jpg,bg_to_strip_inclusion,10,14,681,199,3,6,1,A
744_05-03_crop_02.jpg,bg_to_strip_inclusion,11,29,566,258,3,18,1,A
744_05-03_crop_02.jpg,bg_to_strip_inclusion,12,3,567,288,1,3,1,A
744_05-03_crop_02.jpg,bg_to_strip_inclusion,13,15,568,296,1,15,1,A
744_05-03_crop_02.jpg,bg_to_strip_inclusion,14,62,574,306,2,52,1,A
744_05-03_crop_02.jpg,bg_to_strip_inclusion,15,41,362,329,6,11,1,A
744_05-03_crop_02.jpg,bg_to_strip_inclusion,16,3,576,360,1,3,1,A
744_05-03_crop_02.jpg,bg_to_strip_inclusion,18,10,576,366,2,10,1,A
744_05-03_crop_02.jpg,bg_to_strip_inclusion,21,4,378,552,1,4,1,A
744_05-03_crop_02.jpg,bg_to_strip_inclusion,22,3,379,558,1,3,1,A
744_05-03_crop_02.jpg,bg_to_strip_inclusion,23,3,380,564,1,3,1,A
744_05-03_crop_02.jpg,bg_to_strip_inclusion,26,6,584,572,1,6,1,A
744_05-03_crop_02.jpg,bg_to_strip_inclusion,28,4,585,579,1,4,1,A
744_05-03_crop_02.jpg,bg_to_strip_inclusion,29,2,383,580,1,2,1,A
744_05-03_crop_02.jpg,bg_to_strip_inclusion,30,2,389,580,1,2,1,A
744_05-03_crop_02.jpg,bg_to_strip_inclusion,31,7,384,584,1,7,1,A
744_05-03_crop_02.jpg,bg_to_strip_inclusion,32,2,390,585,1,2,1,A
744_05-03_crop_02.jpg,bg_to_strip_inclusion,34,2,391,591,1,2,1,A
744_05-03_crop_02.jpg,bg_to_strip_inclusion,35,6,386,601,3,5,1,A
744_05-03_crop_02.jpg,bg_to_strip_inclusion,38,44,173,666,7,16,1,A
744_05-03_crop_02.jpg,bg_to_strip_inclusion,39,12,372,670,3,9,1,A
744_05-03_crop_02.jpg,bg_to_strip_inclusion,40,25,369,679,5,22,1,A
744_05-03_crop_02.jpg,bg_to_strip_inclusion,41,34,174,680,8,27,1,A
744_05-03_crop_02.jpg,bg_to_strip_inclusion,42,3,375,680,1,3,1,A
744_05-03_crop_02.jpg,bg_to_strip_inclusion,46,2,377,693,1,2,1,A
744_05-03_crop_02.jpg,bg_to_strip_inclusion,49,39,382,712,7,19,1,A
744_05-03_crop_02.jpg,bg_to_strip_inclusion,52,3,391,727,1,3,1,A
744_05-03_crop_02.jpg,bg_to_strip_inclusion,53,3,386,732,1,3,1,A
744_05-03_crop_02.jpg,bg_to_strip_inclusion,54,3,392,733,1,3,1,A
744_05-03_crop_02.jpg,bg_to_strip_inclusion,55,6,387,740,1,6,1,A
744_05-03_crop_02.jpg,bg_to_strip_inclusion,56,7,393,743,1,7,1,A
744_05-03_crop_02.jpg,bg_to_strip_inclusion,57,6,170,744,4,2,1,A
744_05-03_crop_02.jpg,bg_to_strip_inclusion,58,42,388,747,2,30,1,A
744_05-03_crop_02.jpg,bg_to_strip_inclusion,59,17,394,755,1,17,1,A
744_05-03_crop_02.jpg,bg_to_strip_inclusion,60,2,960,770,2,2,3,C
744_05-03_crop_02.jpg,bg_to_strip_inclusion,61,4,395,774,1,4,1,A
744_05-03_crop_02.jpg,bg_to_strip_inclusion,62,2,171,777,1,2,1,A
744_05-03_crop_02.jpg,bg_to_strip_inclusion,63,4,170,781,1,4,1,A
744_05-03_crop_02.jpg,bg_to_strip_inclusion,64,9,957,780,1,9,3,C
744_05-03_crop_02.jpg,bg_to_strip_inclusion,67,27,262,821,4,18,1,A
744_05-03_crop_02.jpg,bg_to_strip_inclusion,70,29,389,822,5,20,1,A
744_05-03_crop_02.jpg,bg_to_strip_inclusion,72,2,394,843,2,1,1,A
744_05-03_crop_02.jpg,bg_to_strip_inclusion,73,10,400,893,4,4,1,A
744_05-03_crop_02.jpg,bg_to_strip_inclusion,74,32,822,895,5,22,1,A
744_05-03_crop_02.jpg,bg_to_strip_inclusion,77,3,824,921,1,3,1,A
744_05-03_crop_02.jpg,bg_to_strip_inclusion,78,2,1000,944,2,1,1,A
744_05-03_crop_02.jpg,bg_to_strip_inclusion,79,2,999,946,1,2,1,A
744_05-03_crop_02.jpg,bg_to_strip_inclusion,80,4,1006,972,1,4,1,A
744_05-03_crop_02.jpg,bg_to_strip_inclusion,81,7,1007,977,1,7,1,A
744_05-03_crop_02.jpg,bg_to_strip_inclusion,82,3,1006,988,2,2,1,A
744_05-03_crop_02.jpg,bg_to_strip_inclusion,83,64,1008,996,6,16,1,A
744_05-03_crop_03.jpg,bg_to_strip_inclusion,1,8,232,43,2,8,3,C
744_05-03_crop_03.jpg,bg_to_strip_inclusion,2,5,226,54,4,2,3,C
744_05-03_crop_03.jpg,bg_to_strip_inclusion,5,3,677,107,1,3,1,A
744_05-03_crop_03.jpg,bg_to_strip_inclusion,6,5,672,109,1,5,1,A
744_05-03_crop_03.jpg,bg_to_strip_inclusion,7,17,672,211,2,9,1,A
744_05-03_crop_03.jpg,bg_to_strip_inclusion,8,68,233,214,6,47,1,A
744_05-03_crop_03.jpg,bg_to_strip_inclusion,10,33,771,258,2,33,1,A
744_05-03_crop_03.jpg,bg_to_strip_inclusion,12,3,234,262,1,3,1,A
744_05-03_crop_03.jpg,bg_to_strip_inclusion,13,10,821,262,2,10,1,A
744_05-03_crop_03.jpg,bg_to_strip_inclusion,15,4,240,266,1,4,1,A
744_05-03_crop_03.jpg,bg_to_strip_inclusion,16,7,766,287,1,7,1,A
744_05-03_crop_03.jpg,bg_to_strip_inclusion,17,6,896,290,2,4,1,A
744_05-03_crop_03.jpg,bg_to_strip_inclusion,18,15,765,295,1,15,1,A
744_05-03_crop_03.jpg,bg_to_strip_inclusion,19,9,897,328,1,9,1,A
744_05-03_crop_03.jpg,bg_to_strip_inclusion,20,54,668,332,6,29,1,A
744_05-03_crop_03.jpg,bg_to_strip_inclusion,21,95,766,337,6,17,1,A
744_05-03_crop_03.jpg,bg_to_strip_inclusion,22,19,898,340,2,18,1,A
744_05-03_crop_03.jpg,bg_to_strip_inclusion,23,2,190,375,1,2,1,A
744_05-03_crop_03.jpg,bg_to_strip_inclusion,26,12,811,435,4,4,1,A
744_05-03_crop_03.jpg,bg_to_strip_inclusion,27,9,904,454,4,7,1,A
744_05-03_crop_03.jpg,bg_to_strip_inclusion,28,6,903,463,1,6,1,A
744_05-03_crop_03.jpg,bg_to_strip_inclusion,30,7,360,497,2,7,1,A
744_05-03_crop_03.jpg,bg_to_strip_inclusion,31,2,354,500,1,2,1,A
744_05-03_crop_03.jpg,bg_to_strip_inclusion,32,6,907,502,1,6,1,A
744_05-03_crop_03.jpg,bg_to_strip_inclusion,35,2,904,518,1,2,1,A
744_05-03_crop_03.jpg,bg_to_strip_inclusion,37,4,359,521,2,4,1,A
744_05-03_crop_03.jpg,bg_to_strip_inclusion,38,3,905,523,1,3,1,A
744_05-03_crop_03.jpg,bg_to_strip_inclusion,39,2,906,527,1,2,1,A
744_05-03_crop_03.jpg,bg_to_strip_inclusion,41,4,351,547,2,4,1,A
744_05-03_crop_03.jpg,bg_to_strip_inclusion,42,16,350,553,1,16,1,A
744_05-03_crop_03.jpg,bg_to_strip_inclusion,43,4,349,583,1,4,1,A
744_05-03_crop_03.jpg,bg_to_strip_inclusion,45,15,345,588,4,15,1,A
744_05-03_crop_03.jpg,bg_to_strip_inclusion,47,2,353,593,1,2,1,A
744_05-03_crop_03.jpg,bg_to_strip_inclusion,48,3,352,597,1,3,1,A
744_05-03_crop_03.jpg,bg_to_strip_inclusion,49,23,344,604,5,15,1,A
744_05-03_crop_03.jpg,bg_to_strip_inclusion,50,4,351,606,1,4,1,A
744_05-03_crop_03.jpg,bg_to_strip_inclusion,51,2,977,607,1,2,1,A
744_05-03_crop_03.jpg,bg_to_strip_inclusion,52,19,921,654,4,8,1,A
744_05-03_crop_03.jpg,bg_to_strip_inclusion,54,2,250,698,1,2,1,A
744_05-03_crop_03.jpg,bg_to_strip_inclusion,55,3,250,704,1,3,1,A
744_05-03_crop_03.jpg,bg_to_strip_inclusion,56,2,244,708,1,2,1,A
744_05-03_crop_03.jpg,bg_to_strip_inclusion,57,15,248,708,2,14,1,A
744_05-03_crop_03.jpg,bg_to_strip_inclusion,58,2,243,718,1,2,1,A
744_05-03_crop_03.jpg,bg_to_strip_inclusion,59,4,242,726,1,4,1,A
744_05-03_crop_03.jpg,bg_to_strip_inclusion,60,5,243,732,1,5,1,A
744_05-03_crop_03.jpg,bg_to_strip_inclusion,61,29,246,732,5,18,1,A
744_05-03_crop_03.jpg,bg_to_strip_inclusion,64,7,937,788,3,6,1,A
744_05-03_crop_03.jpg,bg_to_strip_inclusion,65,2,937,795,1,2,1,A
744_05-03_crop_03.jpg,bg_to_strip_inclusion,66,35,296,973,4,12,1,A
744_05-03_crop_03.jpg,bg_to_strip_inclusion,67,2,299,1013,1,2,1,A
744_05-03_crop_03.jpg,bg_to_strip_inclusion,68,4,298,1017,1,4,1,A
744_05-03_crop_03.jpg,bg_to_strip_inclusion,69,6,303,1016,1,6,1,A
744_05-04_crop_00.jpg,bg_to_strip_inclusion,1,5,891,12,1,5,1,A
744_05-04_crop_00.jpg,bg_to_strip_inclusion,2,5,892,23,1,5,1,A
744_05-04_crop_00.jpg,bg_to_strip_inclusion,3,42,888,28,2,30,1,A
744_05-04_crop_00.jpg,bg_to_strip_inclusion,5,2,887,62,1,2,1,A
744_05-04_crop_00.jpg,bg_to_strip_inclusion,8,11,887,71,4,11,1,A
744_05-04_crop_00.jpg,bg_to_strip_inclusion,9,5,877,89,2,5,1,A
744_05-04_crop_00.jpg,bg_to_strip_inclusion,10,5,904,91,3,3,1,A
744_05-04_crop_00.jpg,bg_to_strip_inclusion,11,6,876,95,1,6,1,A
744_05-04_crop_00.jpg,bg_to_strip_inclusion,12,4,906,103,1,4,1,A
744_05-04_crop_00.jpg,bg_to_strip_inclusion,13,3,900,108,1,3,1,A
744_05-04_crop_00.jpg,bg_to_strip_inclusion,14,2,876,112,1,2,1,A
744_05-04_crop_00.jpg,bg_to_strip_inclusion,15,2,877,116,2,2,1,A
744_05-04_crop_00.jpg,bg_to_strip_inclusion,17,17,956,139,2,15,1,A
744_05-04_crop_00.jpg,bg_to_strip_inclusion,18,12,114,153,5,3,1,A
744_05-04_crop_00.jpg,bg_to_strip_inclusion,19,7,114,164,2,7,1,A
744_05-04_crop_00.jpg,bg_to_strip_inclusion,21,5,116,172,1,5,1,A
744_05-04_crop_00.jpg,bg_to_strip_inclusion,22,3,117,178,1,3,1,A
744_05-04_crop_00.jpg,bg_to_strip_inclusion,24,49,355,195,2,35,1,A
744_05-04_crop_00.jpg,bg_to_strip_inclusion,25,6,350,239,1,6,1,A
744_05-04_crop_00.jpg,bg_to_strip_inclusion,26,13,351,241,5,8,1,A
744_05-04_crop_00.jpg,bg_to_strip_inclusion,27,28,4,257,6,17,1,A
744_05-04_crop_00.jpg,bg_to_strip_inclusion,28,5,100,261,4,3,1,A
744_05-04_crop_00.jpg,bg_to_strip_inclusion,29,18,10,262,1,18,1,A
744_05-04_crop_00.jpg,bg_to_strip_inclusion,30,16,103,264,3,12,1,A
744_05-04_crop_00.jpg,bg_to_strip_inclusion,31,11,97,272,2,9,1,A
744_05-04_crop_00.jpg,bg_to_strip_inclusion,32,9,7,285,3,5,1,A
744_05-04_crop_00.jpg,bg_to_strip_inclusion,33,19,602,314,4,13,1,A
744_05-04_crop_00.jpg,bg_to_strip_inclusion,34,17,601,328,1,17,1,A
744_05-04_crop_00.jpg,bg_to_strip_inclusion,36,3,603,360,2,3,1,A
744_05-04_crop_00.jpg,bg_to_strip_inclusion,37,105,386,512,8,29,1,A
744_05-04_crop_00.jpg,bg_to_strip_inclusion,40,30,372,565,3,17,1,A
744_05-04_crop_00.jpg,bg_to_strip_inclusion,41,24,938,564,5,12,1,A
744_05-04_crop_00.jpg,bg_to_strip_inclusion,42,3,376,568,1,3,1,A
744_05-04_crop_00.jpg,bg_to_strip_inclusion,43,33,377,574,3,27,1,A
744_05-04_crop_00.jpg,bg_to_strip_inclusion,46,2,928,633,1,2,1,A
744_05-04_crop_00.jpg,bg_to_strip_inclusion,47,16,933,634,1,16,1,A
744_05-04_crop_00.jpg,bg_to_strip_inclusion,48,18,927,637,4,17,1,A
744_05-04_crop_00.jpg,bg_to_strip_inclusion,50,16,122,663,3,14,1,A
744_05-04_crop_00.jpg,bg_to_strip_inclusion,52,9,867,668,3,8,1,A
744_05-04_crop_00.jpg,bg_to_strip_inclusion,53,19,904,709,3,8,1,A
744_05-04_crop_00.jpg,bg_to_strip_inclusion,54,25,902,739,5,12,1,A
744_05-04_crop_00.jpg,bg_to_strip_inclusion,55,2,907,746,1,2,1,A
744_05-04_crop_00.jpg,bg_to_strip_inclusion,56,12,881,761,3,9,1,A
744_05-04_crop_00.jpg,bg_to_strip_inclusion,57,39,902,760,7,16,1,A
744_05-04_crop_00.jpg,bg_to_strip_inclusion,58,5,877,766,1,5,1,A
744_05-04_crop_00.jpg,bg_to_strip_inclusion,59,16,927,774,7,7,1,A
744_05-04_crop_00.jpg,bg_to_strip_inclusion,60,6,932,782,1,6,1,A
744_05-04_crop_00.jpg,bg_to_strip_inclusion,61,5,931,789,1,5,1,A
744_05-04_crop_00.jpg,bg_to_strip_inclusion,62,32,926,795,9,16,1,A
744_05-04_crop_00.jpg,bg_to_strip_inclusion,63,23,908,820,4,13,1,A
744_05-04_crop_00.jpg,bg_to_strip_inclusion,64,3,906,853,2,3,1,A
744_05-04_crop_00.jpg,bg_to_strip_inclusion,66,23,905,871,4,17,1,A
744_05-04_crop_00.jpg,bg_to_strip_inclusion,67,2,876,898,1,2,1,A
744_05-04_crop_00.jpg,bg_to_strip_inclusion,68,13,877,902,3,13,1,A
744_05-04_crop_00.jpg,bg_to_strip_inclusion,70,209,904,904,6,68,1,A
744_05-04_crop_00.jpg,bg_to_strip_inclusion,71,2,434,911,1,2,1,A
744_05-04_crop_00.jpg,bg_to_strip_inclusion,72,9,435,915,3,7,1,A
744_05-04_crop_00.jpg,bg_to_strip_inclusion,73,7,887,921,1,7,1,A
744_05-04_crop_00.jpg,bg_to_strip_inclusion,74,17,880,929,8,11,1,A
744_05-04_crop_00.jpg,bg_to_strip_inclusion,75,12,950,928,5,6,1,A
744_05-04_crop_00.jpg,bg_to_strip_inclusion,76,3,888,935,1,3,1,A
744_05-04_crop_00.jpg,bg_to_strip_inclusion,77,12,898,940,2,9,1,A
744_05-04_crop_00.jpg,bg_to_strip_inclusion,78,154,440,947,7,27,3,C
744_05-04_crop_00.jpg,bg_to_strip_inclusion,80,2,956,996,1,2,1,A
744_05-04_crop_01.jpg,bg_to_strip_inclusion,1,117,949,91,8,19,1,A
744_05-04_crop_01.jpg,bg_to_strip_inclusion,2,10,455,92,3,9,1,A
744_05-04_crop_01.jpg,bg_to_strip_inclusion,3,7,459,92,2,7,1,A
744_05-04_crop_01.jpg,bg_to_strip_inclusion,4,12,457,101,4,6,1,A
744_05-04_crop_01.jpg,bg_to_strip_inclusion,5,14,402,191,5,7,1,A
744_05-04_crop_01.jpg,bg_to_strip_inclusion,6,10,492,199,1,10,1,A
744_05-04_crop_01.jpg,bg_to_strip_inclusion,7,31,403,200,5,17,1,A
744_05-04_crop_01.jpg,bg_to_strip_inclusion,8,29,498,206,1,29,1,A
744_05-04_crop_01.jpg,bg_to_strip_inclusion,9,11,493,240,5,3,1,A
744_05-04_crop_01.jpg,bg_to_strip_inclusion,10,10,420,245,4,4,1,A
744_05-04_crop_01.jpg,bg_to_strip_inclusion,11,94,458,285,6,20,1,A
744_05-04_crop_01.jpg,bg_to_strip_inclusion,12,31,497,348,5,19,1,A
744_05-04_crop_01.jpg,bg_to_strip_inclusion,15,47,499,359,5,21,1,A
744_05-04_crop_01.jpg,bg_to_strip_inclusion,16,4,451,360,1,4,1,A
744_05-04_crop_01.jpg,bg_to_strip_inclusion,17,14,838,365,5,9,1,A
744_05-04_crop_01.jpg,bg_to_strip_inclusion,18,24,456,374,3,21,1,A
744_05-04_crop_01.jpg,bg_to_strip_inclusion,19,2,448,420,2,2,1,A
744_05-04_crop_01.jpg,bg_to_strip_inclusion,20,9,452,421,1,9,1,A
744_05-04_crop_01.jpg,bg_to_strip_inclusion,21,15,515,421,4,10,1,A
744_05-04_crop_01.jpg,bg_to_strip_inclusion,22,71,444,428,7,37,1,A
744_05-04_crop_01.jpg,bg_to_strip_inclusion,23,5,517,443,1,5,1,A
744_05-04_crop_01.jpg,bg_to_strip_inclusion,24,38,516,450,6,27,1,A
744_05-04_crop_01.jpg,bg_to_strip_inclusion,25,2,512,454,1,2,1,A
744_05-04_crop_01.jpg,bg_to_strip_inclusion,26,6,525,546,1,6,1,A
744_05-04_crop_01.jpg,bg_to_strip_inclusion,27,6,524,570,1,6,1,A
744_05-04_crop_01.jpg,bg_to_strip_inclusion,28,14,522,577,2,14,1,A
744_05-04_crop_01.jpg,bg_to_strip_inclusion,29,54,292,581,5,13,1,A
744_05-04_crop_01.jpg,bg_to_strip_inclusion,30,6,521,598,1,6,1,A
744_05-04_crop_01.jpg,bg_to_strip_inclusion,31,5,515,604,1,5,1,A
744_05-04_crop_01.jpg,bg_to_strip_inclusion,32,16,461,608,6,16,1,A
744_05-04_crop_01.jpg,bg_to_strip_inclusion,36,11,467,629,2,11,1,A
744_05-04_crop_01.jpg,bg_to_strip_inclusion,37,3,525,628,1,3,1,A
744_05-04_crop_01.jpg,bg_to_strip_inclusion,38,27,519,632,1,27,1,A
744_05-04_crop_01.jpg,bg_to_strip_inclusion,39,2,526,633,1,2,1,A
744_05-04_crop_01.jpg,bg_to_strip_inclusion,40,140,666,637,9,24,1,A
744_05-04_crop_01.jpg,bg_to_strip_inclusion,41,35,520,638,8,24,1,A
744_05-04_crop_01.jpg,bg_to_strip_inclusion,42,9,465,648,1,9,1,A
744_05-04_crop_01.jpg,bg_to_strip_inclusion,43,3,466,663,1,3,1,A
744_05-04_crop_01.jpg,bg_to_strip_inclusion,45,2,467,671,1,2,1,A
744_05-04_crop_01.jpg,bg_to_strip_inclusion,46,7,474,728,1,7,1,A
744_05-04_crop_01.jpg,bg_to_strip_inclusion,47,15,532,731,4,8,1,A
744_05-04_crop_01.jpg,bg_to_strip_inclusion,48,5,537,736,1,5,1,A
744_05-04_crop_01.jpg,bg_to_strip_inclusion,49,3,473,739,1,3,1,A
744_05-04_crop_01.jpg,bg_to_strip_inclusion,50,55,222,740,8,42,1,A
744_05-04_crop_01.jpg,bg_to_strip_inclusion,51,6,538,742,1,6,1,A
744_05-04_crop_01.jpg,bg_to_strip_inclusion,52,4,472,745,1,4,1,A
744_05-04_crop_01.jpg,bg_to_strip_inclusion,54,4,467,749,1,4,1,A
744_05-04_crop_01.jpg,bg_to_strip_inclusion,55,2,535,748,2,2,1,A
744_05-04_crop_01.jpg,bg_to_strip_inclusion,56,3,222,758,1,3,1,A
744_05-04_crop_01.jpg,bg_to_strip_inclusion,58,2,538,764,1,2,1,A
744_05-04_crop_01.jpg,bg_to_strip_inclusion,60,19,538,772,6,8,1,A
744_05-04_crop_01.jpg,bg_to_strip_inclusion,62,2,477,782,1,2,1,A
744_05-04_crop_01.jpg,bg_to_strip_inclusion,63,4,230,784,1,4,1,A
744_05-04_crop_01.jpg,bg_to_strip_inclusion,64,2,478,786,1,2,1,A
744_05-04_crop_01.jpg,bg_to_strip_inclusion,65,27,753,786,2,15,1,A
744_05-04_crop_01.jpg,bg_to_strip_inclusion,66,3,479,789,1,3,1,A
744_05-04_crop_01.jpg,bg_to_strip_inclusion,67,2,231,791,1,2,1,A
744_05-04_crop_01.jpg,bg_to_strip_inclusion,68,5,749,791,1,5,1,A
744_05-04_crop_01.jpg,bg_to_strip_inclusion,69,2,226,792,1,2,1,A
744_05-04_crop_01.jpg,bg_to_strip_inclusion,70,58,227,796,8,29,1,A
744_05-04_crop_01.jpg,bg_to_strip_inclusion,71,2,482,812,1,2,1,A
744_05-04_crop_01.jpg,bg_to_strip_inclusion,72,3,483,817,1,3,1,A
744_05-04_crop_01.jpg,bg_to_strip_inclusion,74,5,5,834,1,5,1,A
744_05-04_crop_01.jpg,bg_to_strip_inclusion,77,33,6,842,6,11,1,A
744_05-04_crop_01.jpg,bg_to_strip_inclusion,78,5,490,843,2,5,1,A
744_05-04_crop_01.jpg,bg_to_strip_inclusion,79,30,237,849,4,9,1,A
744_05-04_crop_01.jpg,bg_to_strip_inclusion,80,2,492,850,1,2,1,A
744_05-04_crop_01.jpg,bg_to_strip_inclusion,83,2,13,860,1,2,1,A
744_05-04_crop_01.jpg,bg_to_strip_inclusion,84,3,11,863,2,3,1,A
744_05-04_crop_01.jpg,bg_to_strip_inclusion,86,8,756,885,2,8,1,A
744_05-04_crop_01.jpg,bg_to_strip_inclusion,89,11,307,907,4,10,1,A
744_05-04_crop_01.jpg,bg_to_strip_inclusion,90,12,15,910,3,11,1,A
744_05-04_crop_01.jpg,bg_to_strip_inclusion,91,36,13,919,5,12,1,A
744_05-04_crop_01.jpg,bg_to_strip_inclusion,92,13,1009,923,4,11,1,A
744_05-04_crop_01.jpg,bg_to_strip_inclusion,93,3,507,931,3,3,1,A
744_05-04_crop_01.jpg,bg_to_strip_inclusion,94,4,505,932,1,4,1,A
744_05-04_crop_01.jpg,bg_to_strip_inclusion,95,6,1007,935,1,6,1,A
744_05-04_crop_01.jpg,bg_to_strip_inclusion,96,36,12,941,6,13,1,A
744_05-04_crop_01.jpg,bg_to_strip_inclusion,99,33,881,944,4,11,3,C
744_05-04_crop_01.jpg,bg_to_strip_inclusion,100,3,511,947,1,3,1,A
744_05-04_crop_01.jpg,bg_to_strip_inclusion,101,2,506,949,1,2,1,A
744_05-04_crop_01.jpg,bg_to_strip_inclusion,107,5,515,965,1,5,1,A
744_05-04_crop_01.jpg,bg_to_strip_inclusion,108,9,516,975,1,9,1,A
744_05-04_crop_01.jpg,bg_to_strip_inclusion,109,13,329,977,6,4,1,A
744_05-04_crop_01.jpg,bg_to_strip_inclusion,110,3,329,989,1,3,1,A
744_05-04_crop_01.jpg,bg_to_strip_inclusion,111,3,517,990,1,3,1,A
744_05-04_crop_01.jpg,bg_to_strip_inclusion,112,2,330,993,1,2,1,A
744_05-04_crop_01.jpg,bg_to_strip_inclusion,113,19,1010,996,5,8,1,A
744_05-04_crop_01.jpg,bg_to_strip_inclusion,114,2,336,1000,1,2,1,A
744_05-04_crop_01.jpg,bg_to_strip_inclusion,115,2,1011,1010,1,2,1,A
744_05-04_crop_01.jpg,bg_to_strip_inclusion,116,2,1017,1011,1,2,1,A
744_05-04_crop_01.jpg,bg_to_strip_inclusion,117,11,517,1015,4,8,1,A
744_06-01_crop_00.jpg,bg_to_strip_inclusion,1,2,368,57,1,2,1,A
744_06-01_crop_00.jpg,bg_to_strip_inclusion,2,6,369,62,1,6,1,A
744_06-01_crop_00.jpg,bg_to_strip_inclusion,3,3,370,74,1,3,1,A
744_06-01_crop_00.jpg,bg_to_strip_inclusion,4,4,371,79,1,4,1,A
744_06-01_crop_00.jpg,bg_to_strip_inclusion,5,3,372,84,1,3,1,A
744_06-01_crop_00.jpg,bg_to_strip_inclusion,6,2,373,89,1,2,1,A
744_06-01_crop_00.jpg,bg_to_strip_inclusion,7,27,373,102,4,15,1,A
744_06-01_crop_00.jpg,bg_to_strip_inclusion,8,4,377,121,1,4,1,A
744_06-01_crop_00.jpg,bg_to_strip_inclusion,9,62,327,186,5,33,1,A
744_06-01_crop_00.jpg,bg_to_strip_inclusion,12,4,995,255,1,4,1,A
744_06-01_crop_00.jpg,bg_to_strip_inclusion,13,2,1000,259,1,2,1,A
744_06-01_crop_00.jpg,bg_to_strip_inclusion,15,20,944,382,3,14,1,A
744_06-01_crop_00.jpg,bg_to_strip_inclusion,16,3,949,382,1,3,1,A
744_06-01_crop_00.jpg,bg_to_strip_inclusion,17,31,393,456,6,11,1,A
744_06-01_crop_00.jpg,bg_to_strip_inclusion,19,46,948,461,5,32,1,A
744_06-01_crop_00.jpg,bg_to_strip_inclusion,21,2,955,471,1,2,1,A
744_06-01_crop_00.jpg,bg_to_strip_inclusion,22,3,954,475,1,3,1,A
744_06-01_crop_00.jpg,bg_to_strip_inclusion,23,9,953,479,1,9,1,A
744_06-01_crop_00.jpg,bg_to_strip_inclusion,24,11,400,484,1,11,1,A
744_06-01_crop_00.jpg,bg_to_strip_inclusion,25,11,953,496,2,10,1,A
744_06-01_crop_00.jpg,bg_to_strip_inclusion,26,12,394,499,5,7,1,A
744_06-01_crop_00.jpg,bg_to_strip_inclusion,27,2,949,499,1,2,1,A
744_06-01_crop_00.jpg,bg_to_strip_inclusion,28,64,493,563,9,41,1,A
744_06-01_crop_00.jpg,bg_to_strip_inclusion,29,49,104,570,5,23,1,A
744_06-01_crop_00.jpg,bg_to_strip_inclusion,32,3,941,606,3,1,1,A
744_06-01_crop_00.jpg,bg_to_strip_inclusion,33,6,939,618,2,6,1,A
744_06-01_crop_00.jpg,bg_to_strip_inclusion,34,68,131,633,7,13,1,A
744_06-01_crop_00.jpg,bg_to_strip_inclusion,35,56,108,641,10,48,1,A
744_06-01_crop_00.jpg,bg_to_strip_inclusion,39,2,107,654,1,2,1,A
744_06-01_crop_00.jpg,bg_to_strip_inclusion,40,2,513,656,1,2,1,A
744_06-01_crop_00.jpg,bg_to_strip_inclusion,41,2,108,661,1,2,1,A
744_06-01_crop_00.jpg,bg_to_strip_inclusion,42,6,109,670,1,6,1,A
744_06-01_crop_00.jpg,bg_to_strip_inclusion,44,11,110,679,1,11,1,A
744_06-01_crop_00.jpg,bg_to_strip_inclusion,46,3,579,690,1,3,1,A
744_06-01_crop_00.jpg,bg_to_strip_inclusion,47,4,574,703,4,2,1,A
744_06-01_crop_00.jpg,bg_to_strip_inclusion,50,8,519,709,1,8,1,A
744_06-01_crop_00.jpg,bg_to_strip_inclusion,51,10,118,712,2,6,1,A
744_06-01_crop_00.jpg,bg_to_strip_inclusion,52,39,416,714,9,12,1,A
744_06-01_crop_00.jpg,bg_to_strip_inclusion,54,3,509,724,1,3,1,A
744_06-01_crop_00.jpg,bg_to_strip_inclusion,55,3,510,729,2,3,1,A
744_06-01_crop_00.jpg,bg_to_strip_inclusion,56,13,351,739,4,5,1,A
744_06-01_crop_00.jpg,bg_to_strip_inclusion,57,9,425,779,1,9,1,A
744_06-01_crop_00.jpg,bg_to_strip_inclusion,58,3,516,801,3,3,1,A
744_06-01_crop_00.jpg,bg_to_strip_inclusion,61,2,516,818,1,2,1,A
744_06-01_crop_00.jpg,bg_to_strip_inclusion,65,2,526,831,1,2,1,A
744_06-01_crop_00.jpg,bg_to_strip_inclusion,66,3,527,835,1,3,1,A
744_06-01_crop_00.jpg,bg_to_strip_inclusion,67,3,530,854,1,3,1,A
744_06-01_crop_00.jpg,bg_to_strip_inclusion,68,12,531,859,1,12,1,A
744_06-01_crop_00.jpg,bg_to_strip_inclusion,69,6,525,880,1,6,1,A
744_06-01_crop_00.jpg,bg_to_strip_inclusion,71,17,526,887,4,17,1,A
744_06-01_crop_00.jpg,bg_to_strip_inclusion,72,2,534,892,1,2,1,A
744_06-01_crop_00.jpg,bg_to_strip_inclusion,73,56,534,898,4,33,1,A
744_06-01_crop_00.jpg,bg_to_strip_inclusion,74,5,530,907,1,5,1,A
744_06-01_crop_00.jpg,bg_to_strip_inclusion,75,2,531,919,1,2,1,A
744_06-01_crop_00.jpg,bg_to_strip_inclusion,76,83,393,941,8,17,1,A
744_06-01_crop_00.jpg,bg_to_strip_inclusion,77,101,439,952,5,55,1,A
744_06-01_crop_00.jpg,bg_to_strip_inclusion,78,21,444,963,1,21,1,A
744_06-01_crop_01.jpg,bg_to_strip_inclusion,1,59,374,10,6,24,1,A
744_06-01_crop_01.jpg,bg_to_strip_inclusion,2,15,985,116,5,7,1,A
744_06-01_crop_01.jpg,bg_to_strip_inclusion,3,2,990,121,1,2,1,A
744_06-01_crop_01.jpg,bg_to_strip_inclusion,4,2,991,127,1,2,1,A
744_06-01_crop_01.jpg,bg_to_strip_inclusion,5,2,986,128,1,2,1,A
744_06-01_crop_01.jpg,bg_to_strip_inclusion,6,26,987,132,6,14,1,A
744_06-01_crop_01.jpg,bg_to_strip_inclusion,7,2,992,133,1,2,1,A
744_06-01_crop_01.jpg,bg_to_strip_inclusion,8,4,993,137,1,4,1,A
744_06-01_crop_01.jpg,bg_to_strip_inclusion,9,21,342,138,3,8,1,A
744_06-01_crop_01.jpg,bg_to_strip_inclusion,10,22,997,174,1,22,1,A
744_06-01_crop_01.jpg,bg_to_strip_inclusion,11,2,991,193,1,2,1,A
744_06-01_crop_01.jpg,bg_to_strip_inclusion,12,3,992,198,2,3,1,A
744_06-01_crop_01.jpg,bg_to_strip_inclusion,15,7,202,227,2,6,1,A
744_06-01_crop_01.jpg,bg_to_strip_inclusion,16,6,366,234,4,3,1,A
744_06-01_crop_01.jpg,bg_to_strip_inclusion,18,15,1015,289,2,12,1,A
744_06-01_crop_01.jpg,bg_to_strip_inclusion,19,19,1010,293,2,18,1,A
744_06-01_crop_01.jpg,bg_to_strip_inclusion,22,7,1018,314,1,7,1,A
744_06-01_crop_01.jpg,bg_to_strip_inclusion,23,14,1012,318,6,7,1,A
744_06-01_crop_01.jpg,bg_to_strip_inclusion,24,69,385,345,7,29,1,A
744_06-01_crop_01.jpg,bg_to_strip_inclusion,25,23,682,403,3,9,1,A
744_06-01_crop_01.jpg,bg_to_strip_inclusion,26,33,682,424,3,13,1,A
744_06-01_crop_01.jpg,bg_to_strip_inclusion,28,5,426,583,1,5,1,A
744_06-01_crop_01.jpg,bg_to_strip_inclusion,29,4,421,584,1,4,1,A
744_06-01_crop_01.jpg,bg_to_strip_inclusion,30,4,420,590,1,4,1,A
744_06-01_crop_01.jpg,bg_to_strip_inclusion,31,3,425,590,1,3,1,A
744_06-01_crop_01.jpg,bg_to_strip_inclusion,32,11,421,594,4,6,1,A
744_06-01_crop_01.jpg,bg_to_strip_inclusion,33,42,340,786,6,19,1,A
744_06-01_crop_01.jpg,bg_to_strip_inclusion,34,22,266,791,7,10,1,A
744_06-01_crop_01.jpg,bg_to_strip_inclusion,36,17,276,834,4,9,1,A
744_06-01_crop_01.jpg,bg_to_strip_inclusion,37,2,275,837,1,2,1,A
744_06-01_crop_01.jpg,bg_to_strip_inclusion,38,5,273,840,2,5,1,A
744_06-01_crop_01.jpg,bg_to_strip_inclusion,39,2,278,845,1,2,1,A
744_06-01_crop_01.jpg,bg_to_strip_inclusion,40,2,272,846,1,2,1,A
744_06-01_crop_01.jpg,bg_to_strip_inclusion,41,2,271,849,1,2,1,A
744_06-01_crop_01.jpg,bg_to_strip_inclusion,43,41,436,926,5,12,1,A
744_06-01_crop_01.jpg,bg_to_strip_inclusion,44,4,337,941,2,4,1,A
744_06-01_crop_01.jpg,bg_to_strip_inclusion,46,30,962,1006,5,14,1,A
744_06-02_crop_00.jpg,bg_to_strip_inclusion,1,22,440,0,4,11,1,A
744_06-02_crop_00.jpg,bg_to_strip_inclusion,2,2,373,5,1,2,1,A
744_06-02_crop_00.jpg,bg_to_strip_inclusion,3,4,444,6,1,4,1,A
744_06-02_crop_00.jpg,bg_to_strip_inclusion,4,3,791,8,1,3,1,A
744_06-02_crop_00.jpg,bg_to_strip_inclusion,5,76,238,19,6,15,1,A
744_06-02_crop_00.jpg,bg_to_strip_inclusion,6,20,440,21,2,14,1,A
744_06-02_crop_00.jpg,bg_to_strip_inclusion,7,7,792,20,1,7,1,A
744_06-02_crop_00.jpg,bg_to_strip_inclusion,8,36,372,22,5,23,1,A
744_06-02_crop_00.jpg,bg_to_strip_inclusion,9,10,377,27,1,10,1,A
744_06-02_crop_00.jpg,bg_to_strip_inclusion,10,17,86,30,4,11,1,A
744_06-02_crop_00.jpg,bg_to_strip_inclusion,11,20,790,30,4,14,1,A
744_06-02_crop_00.jpg,bg_to_strip_inclusion,12,9,90,33,1,9,1,A
744_06-02_crop_00.jpg,bg_to_strip_inclusion,14,7,85,47,1,7,1,A
744_06-02_crop_00.jpg,bg_to_strip_inclusion,15,46,81,56,8,21,1,A
744_06-02_crop_00.jpg,bg_to_strip_inclusion,16,27,869,61,5,18,1,A
744_06-02_crop_00.jpg,bg_to_strip_inclusion,17,3,128,76,1,3,1,A
744_06-02_crop_00.jpg,bg_to_strip_inclusion,18,3,133,78,1,3,1,A
744_06-02_crop_00.jpg,bg_to_strip_inclusion,19,11,874,80,1,11,1,A
744_06-02_crop_00.jpg,bg_to_strip_inclusion,20,5,132,82,1,5,1,A
744_06-02_crop_00.jpg,bg_to_strip_inclusion,21,2,132,92,1,2,1,A
744_06-02_crop_00.jpg,bg_to_strip_inclusion,22,17,374,94,2,17,1,A
744_06-02_crop_00.jpg,bg_to_strip_inclusion,24,7,875,94,1,7,1,A
744_06-02_crop_00.jpg,bg_to_strip_inclusion,25,7,444,97,1,7,1,A
744_06-02_crop_00.jpg,bg_to_strip_inclusion,26,15,133,100,1,15,1,A
744_06-02_crop_00.jpg,bg_to_strip_inclusion,27,32,310,103,7,22,1,A
744_06-02_crop_00.jpg,bg_to_strip_inclusion,28,9,451,103,1,9,1,A
744_06-02_crop_00.jpg,bg_to_strip_inclusion,29,5,870,102,1,5,1,A
744_06-02_crop_00.jpg,bg_to_strip_inclusion,30,15,128,107,1,15,1,A
744_06-02_crop_00.jpg,bg_to_strip_inclusion,31,2,373,112,1,2,1,A
744_06-02_crop_00.jpg,bg_to_strip_inclusion,32,3,372,115,1,3,1,A
744_06-02_crop_00.jpg,bg_to_strip_inclusion,33,5,134,118,1,5,1,A
744_06-02_crop_00.jpg,bg_to_strip_inclusion,34,2,445,119,1,2,1,A
744_06-02_crop_00.jpg,bg_to_strip_inclusion,36,3,452,120,1,3,1,A
744_06-02_crop_00.jpg,bg_to_strip_inclusion,38,51,312,127,8,15,1,A
744_06-02_crop_00.jpg,bg_to_strip_inclusion,42,3,374,133,2,3,1,A
744_06-02_crop_00.jpg,bg_to_strip_inclusion,43,2,455,143,1,2,1,A
744_06-02_crop_00.jpg,bg_to_strip_inclusion,44,115,133,167,17,35,1,A
744_06-02_crop_00.jpg,bg_to_strip_inclusion,47,6,258,175,1,6,1,A
744_06-02_crop_00.jpg,bg_to_strip_inclusion,48,3,253,178,1,3,1,A
744_06-02_crop_00.jpg,bg_to_strip_inclusion,49,5,253,186,1,5,1,A
744_06-02_crop_00.jpg,bg_to_strip_inclusion,50,2,258,187,1,2,1,A
744_06-02_crop_00.jpg,bg_to_strip_inclusion,52,24,254,192,6,11,1,A
744_06-02_crop_00.jpg,bg_to_strip_inclusion,53,2,462,194,1,2,1,A
744_06-02_crop_00.jpg,bg_to_strip_inclusion,54,11,457,196,2,11,1,A
744_06-02_crop_00.jpg,bg_to_strip_inclusion,55,3,463,197,1,3,1,A
744_06-02_crop_00.jpg,bg_to_strip_inclusion,56,14,487,200,3,11,1,A
744_06-02_crop_00.jpg,bg_to_strip_inclusion,58,6,459,211,1,6,1,A
744_06-02_crop_00.jpg,bg_to_strip_inclusion,59,4,837,213,3,3,1,A
744_06-02_crop_00.jpg,bg_to_strip_inclusion,60,33,460,221,7,10,1,A
744_06-02_crop_00.jpg,bg_to_strip_inclusion,62,2,844,239,1,2,1,A
744_06-02_crop_00.jpg,bg_to_strip_inclusion,63,2,845,243,1,2,1,A
744_06-02_crop_00.jpg,bg_to_strip_inclusion,64,2,262,246,1,2,1,A
744_06-02_crop_00.jpg,bg_to_strip_inclusion,65,3,264,246,2,2,1,A
744_06-02_crop_00.jpg,bg_to_strip_inclusion,66,26,481,246,6,12,1,A
744_06-02_crop_00.jpg,bg_to_strip_inclusion,67,3,846,246,1,3,1,A
744_06-02_crop_00.jpg,bg_to_strip_inclusion,68,2,261,249,1,2,1,A
744_06-02_crop_00.jpg,bg_to_strip_inclusion,69,3,266,251,1,3,1,A
744_06-02_crop_00.jpg,bg_to_strip_inclusion,71,2,849,250,2,2,1,A
744_06-02_crop_00.jpg,bg_to_strip_inclusion,72,8,483,263,3,8,1,A
744_06-02_crop_00.jpg,bg_to_strip_inclusion,73,3,481,265,1,3,1,A
744_06-02_crop_00.jpg,bg_to_strip_inclusion,74,42,264,267,2,26,1,A
744_06-02_crop_00.jpg,bg_to_strip_inclusion,75,22,93,269,2,20,1,A
744_06-02_crop_00.jpg,bg_to_strip_inclusion,76,26,99,284,1,26,1,A
744_06-02_crop_00.jpg,bg_to_strip_inclusion,78,14,262,288,1,14,1,A
744_06-02_crop_00.jpg,bg_to_strip_inclusion,79,10,95,297,1,10,1,A
744_06-02_crop_00.jpg,bg_to_strip_inclusion,80,2,266,297,1,2,1,A
744_06-02_crop_00.jpg,bg_to_strip_inclusion,81,2,164,303,1,2,1,A
744_06-02_crop_00.jpg,bg_to_strip_inclusion,82,8,261,303,1,8,1,A
744_06-02_crop_00.jpg,bg_to_strip_inclusion,83,3,96,308,2,3,1,A
744_06-02_crop_00.jpg,bg_to_strip_inclusion,85,11,159,310,5,7,1,A
744_06-02_crop_00.jpg,bg_to_strip_inclusion,86,7,268,318,1,7,1,A
744_06-02_crop_00.jpg,bg_to_strip_inclusion,87,4,469,321,3,2,1,A
744_06-02_crop_00.jpg,bg_to_strip_inclusion,88,23,262,322,2,19,1,A
744_06-02_crop_00.jpg,bg_to_strip_inclusion,89,51,374,325,6,33,1,A
744_06-02_crop_00.jpg,bg_to_strip_inclusion,90,17,468,328,1,17,1,A
744_06-02_crop_00.jpg,bg_to_strip_inclusion,91,58,170,331,10,38,1,A
744_06-02_crop_00.jpg,bg_to_strip_inclusion,92,20,470,339,4,10,1,A
744_06-02_crop_00.jpg,bg_to_strip_inclusion,93,56,377,342,6,33,1,A
744_06-02_crop_00.jpg,bg_to_strip_inclusion,94,12,104,366,2,10,1,A
744_06-02_crop_00.jpg,bg_to_strip_inclusion,95,2,108,367,1,2,1,A
744_06-02_crop_00.jpg,bg_to_strip_inclusion,96,3,376,366,1,3,1,A
744_06-02_crop_00.jpg,bg_to_strip_inclusion,97,3,180,370,1,3,1,A
744_06-02_crop_00.jpg,bg_to_strip_inclusion,99,3,175,373,1,3,1,A
744_06-02_crop_00.jpg,bg_to_strip_inclusion,102,8,176,386,4,5,1,A
744_06-02_crop_00.jpg,bg_to_strip_inclusion,103,10,110,399,1,10,1,A
744_06-02_crop_00.jpg,bg_to_strip_inclusion,104,3,13,404,3,1,1,A
744_06-02_crop_00.jpg,bg_to_strip_inclusion,106,14,109,412,1,14,1,A
744_06-02_crop_00.jpg,bg_to_strip_inclusion,107,2,108,430,1,2,1,A
744_06-02_crop_00.jpg,bg_to_strip_inclusion,108,8,109,436,3,5,1,A
744_06-02_crop_00.jpg,bg_to_strip_inclusion,109,6,175,467,1,6,1,A
744_06-02_crop_00.jpg,bg_to_strip_inclusion,111,6,928,490,4,4,1,A
744_06-02_crop_00.jpg,bg_to_strip_inclusion,113,2,927,496,1,2,1,A
744_06-02_crop_00.jpg,bg_to_strip_inclusion,114,6,931,500,1,6,1,A
744_06-02_crop_00.jpg,bg_to_strip_inclusion,116,3,121,509,1,3,1,A
744_06-02_crop_00.jpg,bg_to_strip_inclusion,117,3,126,508,1,3,1,A
744_06-02_crop_00.jpg,bg_to_strip_inclusion,118,9,122,513,1,9,1,A
744_06-02_crop_00.jpg,bg_to_strip_inclusion,119,55,925,512,5,25,1,A
744_06-02_crop_00.jpg,bg_to_strip_inclusion,120,2,127,516,1,2,1,A
744_06-02_crop_00.jpg,bg_to_strip_inclusion,121,6,930,517,1,6,1,A
744_06-02_crop_00.jpg,bg_to_strip_inclusion,122,8,128,527,1,8,1,A
744_06-02_crop_00.jpg,bg_to_strip_inclusion,123,44,120,535,8,14,1,A
744_06-02_crop_00.jpg,bg_to_strip_inclusion,124,7,178,584,4,4,1,A
744_06-02_crop_00.jpg,bg_to_strip_inclusion,127,10,930,601,2,9,1,A
744_06-02_crop_00.jpg,bg_to_strip_inclusion,131,68,116,608,5,34,1,A
744_06-02_crop_00.jpg,bg_to_strip_inclusion,132,2,925,611,1,2,1,A
744_06-02_crop_00.jpg,bg_to_strip_inclusion,133,5,924,615,1,5,1,A
744_06-02_crop_00.jpg,bg_to_strip_inclusion,134,115,919,632,9,50,1,A
744_06-02_crop_00.jpg,bg_to_strip_inclusion,135,6,121,636,1,6,1,A
744_06-02_crop_00.jpg,bg_to_strip_inclusion,136,6,332,637,3,3,1,A
744_06-02_crop_00.jpg,bg_to_strip_inclusion,138,2,337,644,1,2,1,A
744_06-02_crop_00.jpg,bg_to_strip_inclusion,139,5,926,653,1,5,1,A
744_06-02_crop_00.jpg,bg_to_strip_inclusion,140,8,925,659,1,8,1,A
744_06-02_crop_00.jpg,bg_to_strip_inclusion,141,4,339,663,1,4,1,A
744_06-02_crop_00.jpg,bg_to_strip_inclusion,144,6,1013,748,1,6,1,A
744_06-02_crop_00.jpg,bg_to_strip_inclusion,145,2,1012,756,1,2,1,A
744_06-02_crop_00.jpg,bg_to_strip_inclusion,146,28,645,809,4,9,1,A
744_06-02_crop_00.jpg,bg_to_strip_inclusion,147,3,295,811,1,3,1,A
744_06-02_crop_00.jpg,bg_to_strip_inclusion,148,6,296,820,1,6,1,A
744_06-02_crop_00.jpg,bg_to_strip_inclusion,150,2,290,825,1,2,1,A
744_06-02_crop_00.jpg,bg_to_strip_inclusion,151,3,297,827,1,3,1,A
744_06-02_crop_00.jpg,bg_to_strip_inclusion,152,55,291,828,7,43,1,A
744_06-02_crop_00.jpg,bg_to_strip_inclusion,153,3,298,832,1,3,1,A
744_06-02_crop_00.jpg,bg_to_strip_inclusion,154,2,299,837,1,2,1,A
744_06-02_crop_00.jpg,bg_to_strip_inclusion,156,4,302,854,1,4,1,A
744_06-02_crop_00.jpg,bg_to_strip_inclusion,157,20,298,867,5,10,1,A
744_06-02_crop_00.jpg,bg_to_strip_inclusion,158,23,213,884,3,19,1,A
744_06-02_crop_00.jpg,bg_to_strip_inclusion,159,3,897,896,2,3,1,A
744_06-02_crop_00.jpg,bg_to_strip_inclusion,160,33,146,899,4,13,1,A
744_06-02_crop_00.jpg,bg_to_strip_inclusion,161,52,304,898,5,23,1,A
744_06-02_crop_00.jpg,bg_to_strip_inclusion,162,19,303,908,5,16,1,A
744_06-02_crop_00.jpg,bg_to_strip_inclusion,163,2,173,982,2,2,1,A
744_06-02_crop_00.jpg,bg_to_strip_inclusion,164,8,533,991,3,8,1,A
744_06-02_crop_00.jpg,bg_to_strip_inclusion,165,2,174,996,1,2,1,A
744_06-02_crop_00.jpg,bg_to_strip_inclusion,166,8,175,999,3,8,1,A
744_06-02_crop_00.jpg,bg_to_strip_inclusion,167,2,536,1002,1,2,1,A
744_06-02_crop_00.jpg,bg_to_strip_inclusion,168,2,531,1007,1,2,1,A
744_06-02_crop_00.jpg,bg_to_strip_inclusion,169,18,532,1011,4,11,1,A
744_06-03_crop_00.jpg,bg_to_strip_inclusion,1,21,885,15,7,15,1,A
744_06-03_crop_00.jpg,bg_to_strip_inclusion,3,2,886,26,1,2,1,A
744_06-03_crop_00.jpg,bg_to_strip_inclusion,4,5,887,29,3,5,1,A
744_06-03_crop_00.jpg,bg_to_strip_inclusion,5,5,893,78,3,3,1,A
744_06-03_crop_00.jpg,bg_to_strip_inclusion,6,12,891,80,1,12,1,A
744_06-03_crop_00.jpg,bg_to_strip_inclusion,8,4,899,108,3,4,1,A
744_06-03_crop_00.jpg,bg_to_strip_inclusion,9,3,902,113,1,3,1,A
744_06-03_crop_00.jpg,bg_to_strip_inclusion,10,2,903,117,1,2,1,A
744_06-03_crop_00.jpg,bg_to_strip_inclusion,11,7,904,124,1,7,1,A
744_06-03_crop_00.jpg,bg_to_strip_inclusion,13,2,902,132,2,1,1,A
744_06-03_crop_00.jpg,bg_to_strip_inclusion,14,15,901,155,5,8,1,A
744_06-03_crop_00.jpg,bg_to_strip_inclusion,15,15,901,164,5,6,1,A
744_06-03_crop_00.jpg,bg_to_strip_inclusion,16,16,198,171,5,6,1,A
744_06-03_crop_00.jpg,bg_to_strip_inclusion,17,4,203,179,1,4,1,A
744_06-03_crop_00.jpg,bg_to_strip_inclusion,19,2,200,197,1,2,1,A
744_06-03_crop_00.jpg,bg_to_strip_inclusion,20,2,201,200,1,2,1,A
744_06-03_crop_00.jpg,bg_to_strip_inclusion,22,2,210,209,1,2,1,A
744_06-03_crop_00.jpg,bg_to_strip_inclusion,23,2,211,212,1,2,1,A
744_06-03_crop_00.jpg,bg_to_strip_inclusion,25,18,216,260,3,13,1,A
744_06-03_crop_00.jpg,bg_to_strip_inclusion,26,32,84,273,4,30,1,A
744_06-03_crop_00.jpg,bg_to_strip_inclusion,27,3,215,274,1,3,1,A
744_06-03_crop_00.jpg,bg_to_strip_inclusion,28,6,81,281,1,6,1,A
744_06-03_crop_00.jpg,bg_to_strip_inclusion,29,2,216,290,1,2,1,A
744_06-03_crop_00.jpg,bg_to_strip_inclusion,30,3,82,297,1,3,1,A
744_06-03_crop_00.jpg,bg_to_strip_inclusion,31,6,88,308,1,6,1,A
744_06-03_crop_00.jpg,bg_to_strip_inclusion,33,8,766,348,1,8,1,A
744_06-03_crop_00.jpg,bg_to_strip_inclusion,35,6,767,358,3,5,1,A
744_06-03_crop_00.jpg,bg_to_strip_inclusion,36,3,229,384,3,2,1,A
744_06-03_crop_00.jpg,bg_to_strip_inclusion,37,8,234,396,1,8,1,A
744_06-03_crop_00.jpg,bg_to_strip_inclusion,38,26,514,402,4,8,1,A
744_06-03_crop_00.jpg,bg_to_strip_inclusion,40,29,136,418,6,9,1,A
744_06-03_crop_00.jpg,bg_to_strip_inclusion,42,2,113,428,2,2,1,A
744_06-03_crop_00.jpg,bg_to_strip_inclusion,44,14,117,430,1,14,1,A
744_06-03_crop_00.jpg,bg_to_strip_inclusion,45,38,112,433,5,21,1,A
744_06-03_crop_00.jpg,bg_to_strip_inclusion,47,17,140,444,5,8,1,A
744_06-03_crop_00.jpg,bg_to_strip_inclusion,48,7,515,460,1,7,1,A
744_06-03_crop_00.jpg,bg_to_strip_inclusion,49,4,378,471,1,4,1,A
744_06-03_crop_00.jpg,bg_to_strip_inclusion,50,7,236,490,2,7,1,A
744_06-03_crop_00.jpg,bg_to_strip_inclusion,51,4,815,505,1,4,1,A
744_06-03_crop_00.jpg,bg_to_strip_inclusion,52,9,819,509,1,9,1,A
744_06-03_crop_00.jpg,bg_to_strip_inclusion,53,57,150,513,7,21,1,A
744_06-03_crop_00.jpg,bg_to_strip_inclusion,54,4,814,520,1,4,1,A
744_06-03_crop_00.jpg,bg_to_strip_inclusion,55,23,818,520,2,23,1,A
744_06-03_crop_00.jpg,bg_to_strip_inclusion,56,3,156,527,1,3,1,A
744_06-03_crop_00.jpg,bg_to_strip_inclusion,57,2,814,535,1,2,1,A
744_06-03_crop_00.jpg,bg_to_strip_inclusion,58,27,245,541,2,17,1,A
744_06-03_crop_00.jpg,bg_to_strip_inclusion,59,2,815,542,1,2,1,A
744_06-03_crop_00.jpg,bg_to_strip_inclusion,60,2,820,546,1,2,1,A
744_06-03_crop_00.jpg,bg_to_strip_inclusion,61,46,816,548,6,22,1,A
744_06-03_crop_00.jpg,bg_to_strip_inclusion,62,16,240,579,4,12,1,A
744_06-03_crop_00.jpg,bg_to_strip_inclusion,63,3,245,578,1,3,1,A
744_06-03_crop_00.jpg,bg_to_strip_inclusion,64,3,244,584,1,3,1,A
744_06-03_crop_00.jpg,bg_to_strip_inclusion,65,4,28,587,3,3,1,A
744_06-03_crop_00.jpg,bg_to_strip_inclusion,66,2,26,590,1,2,1,A
744_06-03_crop_00.jpg,bg_to_strip_inclusion,67,3,31,592,1,3,1,A
744_06-03_crop_00.jpg,bg_to_strip_inclusion,68,42,27,597,5,31,1,A
744_06-03_crop_00.jpg,bg_to_strip_inclusion,69,10,238,617,2,6,1,A
744_06-03_crop_00.jpg,bg_to_strip_inclusion,70,64,455,677,5,29,1,A
744_06-03_crop_00.jpg,bg_to_strip_inclusion,71,11,238,702,1,11,1,A
744_06-03_crop_00.jpg,bg_to_strip_inclusion,72,7,241,702,2,6,1,A
744_06-03_crop_00.jpg,bg_to_strip_inclusion,74,7,239,719,1,7,1,A
744_06-03_crop_00.jpg,bg_to_strip_inclusion,75,24,249,749,5,10,1,A
744_06-03_crop_00.jpg,bg_to_strip_inclusion,76,2,842,767,1,2,1,A
744_06-03_crop_00.jpg,bg_to_strip_inclusion,77,2,838,769,1,2,1,A
744_06-03_crop_00.jpg,bg_to_strip_inclusion,80,17,255,776,5,9,1,A
744_06-03_crop_00.jpg,bg_to_strip_inclusion,81,5,261,777,1,5,1,A
744_06-03_crop_00.jpg,bg_to_strip_inclusion,82,32,484,784,6,13,1,A
744_06-03_crop_00.jpg,bg_to_strip_inclusion,84,3,836,794,1,3,1,A
744_06-03_crop_00.jpg,bg_to_strip_inclusion,85,13,837,798,2,11,1,A
744_06-03_crop_00.jpg,bg_to_strip_inclusion,86,2,844,802,1,2,1,A
744_06-03_crop_00.jpg,bg_to_strip_inclusion,87,3,483,808,1,3,1,A
744_06-03_crop_00.jpg,bg_to_strip_inclusion,88,30,261,823,2,20,1,A
744_06-03_crop_00.jpg,bg_to_strip_inclusion,89,2,845,822,1,2,1,A
744_06-03_crop_00.jpg,bg_to_strip_inclusion,90,6,266,828,1,6,1,A
744_06-03_crop_00.jpg,bg_to_strip_inclusion,91,6,267,838,1,6,1,A
744_06-03_crop_00.jpg,bg_to_strip_inclusion,92,23,0,844,3,17,1,A
744_06-03_crop_00.jpg,bg_to_strip_inclusion,93,2,268,845,1,2,1,A
744_06-03_crop_00.jpg,bg_to_strip_inclusion,94,2,269,848,1,2,1,A
744_06-03_crop_00.jpg,bg_to_strip_inclusion,96,2,271,857,1,2,1,A
744_06-03_crop_00.jpg,bg_to_strip_inclusion,97,4,266,858,4,4,1,A
744_06-03_crop_00.jpg,bg_to_strip_inclusion,98,17,822,861,5,10,1,A
744_06-03_crop_00.jpg,bg_to_strip_inclusion,99,3,827,867,1,3,1,A
744_06-03_crop_00.jpg,bg_to_strip_inclusion,100,4,822,876,1,4,1,A
744_06-03_crop_00.jpg,bg_to_strip_inclusion,101,15,823,879,5,8,1,A
744_06-03_crop_00.jpg,bg_to_strip_inclusion,102,6,674,906,1,6,1,A
744_06-03_crop_00.jpg,bg_to_strip_inclusion,104,129,968,979,8,19,3,C
744_06-03_crop_00.jpg,bg_to_strip_inclusion,105,57,563,1001,6,12,3,C
744_06-04_crop_02.jpg,bg_to_strip_inclusion,1,17,188,6,2,16,1,A
744_06-04_crop_02.jpg,bg_to_strip_inclusion,2,47,789,8,5,12,1,A
744_06-04_crop_02.jpg,bg_to_strip_inclusion,3,26,192,10,2,25,1,A
744_06-04_crop_02.jpg,bg_to_strip_inclusion,4,7,24,39,4,5,1,A
744_06-04_crop_02.jpg,bg_to_strip_inclusion,5,3,186,42,1,3,1,A
744_06-04_crop_02.jpg,bg_to_strip_inclusion,6,3,23,45,1,3,1,A
744_06-04_crop_02.jpg,bg_to_strip_inclusion,7,3,191,45,1,3,1,A
744_06-04_crop_02.jpg,bg_to_strip_inclusion,8,54,185,48,1,54,1,A
744_06-04_crop_02.jpg,bg_to_strip_inclusion,9,15,191,80,1,15,1,A
744_06-04_crop_02.jpg,bg_to_strip_inclusion,10,30,186,104,1,30,1,A
744_06-04_crop_02.jpg,bg_to_strip_inclusion,11,8,195,151,1,8,1,A
744_06-04_crop_02.jpg,bg_to_strip_inclusion,12,14,195,172,1,14,1,A
744_06-04_crop_02.jpg,bg_to_strip_inclusion,13,2,190,185,1,2,1,A
744_06-04_crop_02.jpg,bg_to_strip_inclusion,14,5,196,187,1,5,1,A
744_06-04_crop_02.jpg,bg_to_strip_inclusion,15,5,191,193,1,5,1,A
744_06-04_crop_02.jpg,bg_to_strip_inclusion,16,2,197,195,1,2,1,A
744_06-04_crop_02.jpg,bg_to_strip_inclusion,17,5,192,201,1,5,1,A
744_06-04_crop_02.jpg,bg_to_strip_inclusion,18,2,198,201,1,2,1,A
744_06-04_crop_02.jpg,bg_to_strip_inclusion,19,6,193,209,1,6,1,A
744_06-04_crop_02.jpg,bg_to_strip_inclusion,20,6,199,210,1,6,1,A
744_06-04_crop_02.jpg,bg_to_strip_inclusion,21,9,194,217,1,9,1,A
744_06-04_crop_02.jpg,bg_to_strip_inclusion,22,14,200,224,1,14,1,A
744_06-04_crop_02.jpg,bg_to_strip_inclusion,24,5,52,242,2,5,3,C
744_06-04_crop_02.jpg,bg_to_strip_inclusion,25,5,46,244,4,5,3,C
744_06-04_crop_02.jpg,bg_to_strip_inclusion,26,28,194,252,1,28,1,A
744_06-04_crop_02.jpg,bg_to_strip_inclusion,27,19,222,398,4,11,1,A
744_06-04_crop_02.jpg,bg_to_strip_inclusion,28,2,228,422,1,2,1,A
744_06-04_crop_02.jpg,bg_to_strip_inclusion,29,4,229,432,1,4,1,A
744_06-04_crop_02.jpg,bg_to_strip_inclusion,30,2,225,442,1,2,1,A
744_06-04_crop_02.jpg,bg_to_strip_inclusion,31,2,226,448,1,2,1,A
744_06-04_crop_02.jpg,bg_to_strip_inclusion,33,3,229,507,1,3,1,A
744_06-04_crop_02.jpg,bg_to_strip_inclusion,34,14,232,506,3,12,1,A
744_06-04_crop_02.jpg,bg_to_strip_inclusion,36,19,405,533,2,12,1,A
744_06-04_crop_02.jpg,bg_to_strip_inclusion,37,12,12,540,3,9,1,A
744_06-04_crop_02.jpg,bg_to_strip_inclusion,38,30,411,547,3,28,1,A
744_06-04_crop_02.jpg,bg_to_strip_inclusion,39,9,508,557,1,9,1,A
744_06-04_crop_02.jpg,bg_to_strip_inclusion,40,5,515,593,1,5,1,A
744_06-04_crop_02.jpg,bg_to_strip_inclusion,41,13,15,598,3,11,1,A
744_06-04_crop_02.jpg,bg_to_strip_inclusion,43,4,508,608,1,4,1,A
744_06-04_crop_02.jpg,bg_to_strip_inclusion,44,13,509,618,6,5,1,A
744_06-04_crop_02.jpg,bg_to_strip_inclusion,46,6,219,681,1,6,1,A
744_06-04_crop_02.jpg,bg_to_strip_inclusion,47,47,193,694,5,19,1,A
744_06-04_crop_02.jpg,bg_to_strip_inclusion,48,5,220,702,1,5,1,A
744_06-04_crop_02.jpg,bg_to_strip_inclusion,49,2,215,711,1,2,1,A
744_06-04_crop_02.jpg,bg_to_strip_inclusion,50,38,47,744,6,10,1,A
744_06-04_crop_02.jpg,bg_to_strip_inclusion,51,95,533,814,7,18,3,C
744_06-04_crop_02.jpg,bg_to_strip_inclusion,52,57,196,916,6,12,3,C
744_08-02_crop_01.jpg,bg_to_strip_inclusion,1,17,290,0,5,7,1,A
744_08-02_crop_01.jpg,bg_to_strip_inclusion,2,19,444,0,6,8,1,A
744_08-02_crop_01.jpg,bg_to_strip_inclusion,3,18,848,0,5,11,1,A
744_08-02_crop_01.jpg,bg_to_strip_inclusion,5,49,846,14,6,15,1,A
744_08-02_crop_01.jpg,bg_to_strip_inclusion,6,3,441,18,1,3,1,A
744_08-02_crop_01.jpg,bg_to_strip_inclusion,7,24,845,39,5,12,1,A
744_08-02_crop_01.jpg,bg_to_strip_inclusion,9,2,851,51,1,2,1,A
744_08-02_crop_01.jpg,bg_to_strip_inclusion,10,4,846,52,1,4,1,A
744_08-02_crop_01.jpg,bg_to_strip_inclusion,11,2,91,56,2,2,1,A
744_08-02_crop_01.jpg,bg_to_strip_inclusion,12,3,852,56,1,3,1,A
744_08-02_crop_01.jpg,bg_to_strip_inclusion,13,5,853,60,2,5,1,A
744_08-02_crop_01.jpg,bg_to_strip_inclusion,14,2,855,66,1,2,1,A
744_08-02_crop_01.jpg,bg_to_strip_inclusion,15,15,88,70,1,15,1,A
744_08-02_crop_01.jpg,bg_to_strip_inclusion,18,81,852,72,7,41,1,A
744_08-02_crop_01.jpg,bg_to_strip_inclusion,19,28,93,102,1,28,1,A
744_08-02_crop_01.jpg,bg_to_strip_inclusion,20,5,853,109,1,5,1,A
744_08-02_crop_01.jpg,bg_to_strip_inclusion,21,23,774,122,3,9,1,A
744_08-02_crop_01.jpg,bg_to_strip_inclusion,22,11,87,140,1,11,1,A
744_08-02_crop_01.jpg,bg_to_strip_inclusion,24,31,6,155,4,21,1,A
744_08-02_crop_01.jpg,bg_to_strip_inclusion,25,16,94,154,2,14,1,A
744_08-02_crop_01.jpg,bg_to_strip_inclusion,27,3,11,165,1,3,1,A
744_08-02_crop_01.jpg,bg_to_strip_inclusion,28,2,90,169,1,2,1,A
744_08-02_crop_01.jpg,bg_to_strip_inclusion,29,5,91,175,1,5,1,A
744_08-02_crop_01.jpg,bg_to_strip_inclusion,30,2,797,175,1,2,1,A
744_08-02_crop_01.jpg,bg_to_strip_inclusion,31,3,12,176,1,3,1,A
744_08-02_crop_01.jpg,bg_to_strip_inclusion,32,5,7,179,1,5,1,A
744_08-02_crop_01.jpg,bg_to_strip_inclusion,33,2,793,178,1,2,1,A
744_08-02_crop_01.jpg,bg_to_strip_inclusion,34,8,798,178,1,8,1,A
744_08-02_crop_01.jpg,bg_to_strip_inclusion,35,29,13,180,3,25,1,A
744_08-02_crop_01.jpg,bg_to_strip_inclusion,36,2,92,181,1,2,1,A
744_08-02_crop_01.jpg,bg_to_strip_inclusion,37,35,664,181,5,21,1,A
744_08-02_crop_01.jpg,bg_to_strip_inclusion,39,17,100,184,4,14,1,A
744_08-02_crop_01.jpg,bg_to_strip_inclusion,41,3,366,185,2,3,1,A
744_08-02_crop_01.jpg,bg_to_strip_inclusion,42,6,8,186,1,6,1,A
744_08-02_crop_01.jpg,bg_to_strip_inclusion,43,2,362,187,1,2,1,A
744_08-02_crop_01.jpg,bg_to_strip_inclusion,44,14,9,193,3,13,1,A
744_08-02_crop_01.jpg,bg_to_strip_inclusion,45,4,368,194,1,4,1,A
744_08-02_crop_01.jpg,bg_to_strip_inclusion,46,2,659,196,1,2,1,A
744_08-02_crop_01.jpg,bg_to_strip_inclusion,47,2,642,200,1,2,1,A
744_08-02_crop_01.jpg,bg_to_strip_inclusion,48,3,649,200,1,3,1,A
744_08-02_crop_01.jpg,bg_to_strip_inclusion,50,7,97,204,1,7,1,A
744_08-02_crop_01.jpg,bg_to_strip_inclusion,51,22,643,204,6,9,1,A
744_08-02_crop_01.jpg,bg_to_strip_inclusion,52,3,650,204,1,3,1,A
744_08-02_crop_01.jpg,bg_to_strip_inclusion,54,2,367,208,1,2,1,A
744_08-02_crop_01.jpg,bg_to_strip_inclusion,55,3,98,213,2,3,1,A
744_08-02_crop_01.jpg,bg_to_strip_inclusion,56,4,366,213,1,4,1,A
744_08-02_crop_01.jpg,bg_to_strip_inclusion,57,15,360,214,1,15,1,A
744_08-02_crop_01.jpg,bg_to_strip_inclusion,58,7,365,219,1,7,1,A
744_08-02_crop_01.jpg,bg_to_strip_inclusion,60,4,110,234,2,4,1,A
744_08-02_crop_01.jpg,bg_to_strip_inclusion,61,8,365,238,1,8,1,A
744_08-02_crop_01.jpg,bg_to_strip_inclusion,62,3,112,240,1,3,1,A
744_08-02_crop_01.jpg,bg_to_strip_inclusion,63,57,113,244,7,35,1,A
744_08-02_crop_01.jpg,bg_to_strip_inclusion,64,5,366,247,1,5,1,A
744_08-02_crop_01.jpg,bg_to_strip_inclusion,66,2,110,254,1,2,1,A
744_08-02_crop_01.jpg,bg_to_strip_inclusion,67,4,367,254,1,4,1,A
744_08-02_crop_01.jpg,bg_to_strip_inclusion,68,5,111,257,2,5,1,A
744_08-02_crop_01.jpg,bg_to_strip_inclusion,69,14,367,261,2,10,1,A
744_08-02_crop_01.jpg,bg_to_strip_inclusion,70,57,18,262,8,29,1,A
744_08-02_crop_01.jpg,bg_to_strip_inclusion,71,3,22,264,2,3,1,A
744_08-02_crop_01.jpg,bg_to_strip_inclusion,77,2,29,281,1,2,1,A
744_08-02_crop_01.jpg,bg_to_strip_inclusion,78,17,114,280,5,13,1,A
744_08-02_crop_01.jpg,bg_to_strip_inclusion,79,34,30,284,6,20,1,A
744_08-02_crop_01.jpg,bg_to_strip_inclusion,80,2,26,292,1,2,1,A
744_08-02_crop_01.jpg,bg_to_strip_inclusion,82,6,671,346,1,6,1,A
744_08-02_crop_01.jpg,bg_to_strip_inclusion,83,6,367,425,2,6,1,A
744_08-02_crop_01.jpg,bg_to_strip_inclusion,85,8,668,461,1,8,1,A
744_08-02_crop_01.jpg,bg_to_strip_inclusion,87,21,679,522,5,17,1,A
744_08-02_crop_01.jpg,bg_to_strip_inclusion,88,2,684,540,1,2,1,A
744_08-02_crop_01.jpg,bg_to_strip_inclusion,90,4,687,552,1,4,1,A
744_08-02_crop_01.jpg,bg_to_strip_inclusion,91,14,37,563,2,10,1,A
744_08-02_crop_01.jpg,bg_to_strip_inclusion,92,3,36,575,1,3,1,A
744_08-02_crop_01.jpg,bg_to_strip_inclusion,93,28,93,627,3,11,1,A
744_08-02_crop_01.jpg,bg_to_strip_inclusion,95,3,28,634,1,3,1,A
744_08-02_crop_01.jpg,bg_to_strip_inclusion,96,24,29,636,6,9,1,A
744_08-02_crop_01.jpg,bg_to_strip_inclusion,98,2,31,683,1,2,1,A
744_08-02_crop_01.jpg,bg_to_strip_inclusion,101,4,36,684,1,4,1,A
744_08-02_crop_01.jpg,bg_to_strip_inclusion,102,2,37,690,1,2,1,A
744_08-02_crop_01.jpg,bg_to_strip_inclusion,103,2,97,691,1,2,1,A
744_08-02_crop_01.jpg,bg_to_strip_inclusion,104,2,31,692,1,2,1,A
744_08-02_crop_01.jpg,bg_to_strip_inclusion,105,73,98,694,6,21,1,A
744_08-02_crop_01.jpg,bg_to_strip_inclusion,106,21,32,696,2,19,1,A
744_08-02_crop_01.jpg,bg_to_strip_inclusion,107,17,38,702,1,17,1,A
744_08-02_crop_01.jpg,bg_to_strip_inclusion,108,2,408,721,1,2,1,A
744_08-02_crop_01.jpg,bg_to_strip_inclusion,109,2,408,727,1,2,1,A
744_08-02_crop_01.jpg,bg_to_strip_inclusion,110,7,415,744,1,7,1,A
744_08-02_crop_01.jpg,bg_to_strip_inclusion,111,7,410,756,1,7,1,A
744_08-02_crop_01.jpg,bg_to_strip_inclusion,112,4,409,767,1,4,1,A
744_08-02_crop_01.jpg,bg_to_strip_inclusion,113,2,408,777,1,2,1,A
744_08-02_crop_01.jpg,bg_to_strip_inclusion,114,2,412,797,1,2,1,A
744_08-02_crop_01.jpg,bg_to_strip_inclusion,115,41,40,800,7,22,1,A
744_08-02_crop_01.jpg,bg_to_strip_inclusion,116,12,406,804,1,12,1,A
744_08-02_crop_01.jpg,bg_to_strip_inclusion,117,3,411,806,1,3,1,A
744_08-02_crop_01.jpg,bg_to_strip_inclusion,118,2,408,815,2,2,1,A
744_08-02_crop_01.jpg,bg_to_strip_inclusion,119,8,39,826,1,8,1,A
744_08-02_crop_01.jpg,bg_to_strip_inclusion,120,10,40,851,2,10,1,A
744_08-02_crop_01.jpg,bg_to_strip_inclusion,121,3,45,855,1,3,1,A
744_08-02_crop_01.jpg,bg_to_strip_inclusion,122,2,789,891,1,2,1,A
744_08-02_crop_01.jpg,bg_to_strip_inclusion,124,2,525,931,1,2,1,A
744_08-02_crop_01.jpg,bg_to_strip_inclusion,125,2,526,934,1,2,1,A
744_08-02_crop_01.jpg,bg_to_strip_inclusion,127,2,523,945,1,2,1,A
744_08-02_crop_01.jpg,bg_to_strip_inclusion,128,29,524,948,5,28,1,A
744_08-02_crop_01.jpg,bg_to_strip_inclusion,130,2,531,955,1,2,1,A
744_08-02_crop_01.jpg,bg_to_strip_inclusion,131,6,529,977,1,6,1,A
744_08-02_crop_01.jpg,bg_to_strip_inclusion,132,2,534,978,1,2,1,A
744_08-02_crop_01.jpg,bg_to_strip_inclusion,133,42,530,985,6,28,1,A
744_08-04_crop_02.jpg,bg_to_strip_inclusion,1,10,907,1,1,10,1,A
744_08-04_crop_02.jpg,bg_to_strip_inclusion,2,82,907,0,6,39,1,A
744_08-04_crop_02.jpg,bg_to_strip_inclusion,3,11,841,5,5,4,1,A
744_08-04_crop_02.jpg,bg_to_strip_inclusion,4,3,840,14,1,3,1,A
744_08-04_crop_02.jpg,bg_to_strip_inclusion,5,16,841,20,3,15,1,A
744_08-04_crop_02.jpg,bg_to_strip_inclusion,6,2,844,36,2,2,1,A
744_08-04_crop_02.jpg,bg_to_strip_inclusion,7,2,912,38,1,2,1,A
744_08-04_crop_02.jpg,bg_to_strip_inclusion,8,3,911,42,1,3,1,A
744_08-04_crop_02.jpg,bg_to_strip_inclusion,9,2,910,46,1,2,1,A
744_08-04_crop_02.jpg,bg_to_strip_inclusion,10,2,844,114,1,2,1,A
744_08-04_crop_02.jpg,bg_to_strip_inclusion,12,16,845,120,2,14,1,A
744_08-04_crop_02.jpg,bg_to_strip_inclusion,14,2,847,138,1,2,1,A
744_08-04_crop_02.jpg,bg_to_strip_inclusion,17,6,855,152,1,6,1,A
744_08-04_crop_02.jpg,bg_to_strip_inclusion,18,91,856,159,11,59,1,A
744_08-04_crop_02.jpg,bg_to_strip_inclusion,19,92,995,158,4,65,1,A
744_08-04_crop_02.jpg,bg_to_strip_inclusion,20,12,990,160,1,12,1,A
744_08-04_crop_02.jpg,bg_to_strip_inclusion,21,101,854,183,14,50,1,A
744_08-04_crop_02.jpg,bg_to_strip_inclusion,23,2,999,225,1,2,1,A
744_08-04_crop_02.jpg,bg_to_strip_inclusion,30,2,1003,247,1,2,1,A
744_08-04_crop_02.jpg,bg_to_strip_inclusion,31,3,999,249,3,2,1,A
744_08-04_crop_02.jpg,bg_to_strip_inclusion,32,8,511,294,5,5,1,A
744_08-04_crop_02.jpg,bg_to_strip_inclusion,33,9,509,302,2,9,1,A
744_08-04_crop_02.jpg,bg_to_strip_inclusion,34,2,512,311,2,2,1,A
744_08-04_crop_02.jpg,bg_to_strip_inclusion,35,5,457,370,2,5,1,A
744_08-04_crop_02.jpg,bg_to_strip_inclusion,36,11,456,376,2,10,1,A
744_08-04_crop_02.jpg,bg_to_strip_inclusion,37,57,455,412,6,35,1,A
744_08-04_crop_02.jpg,bg_to_strip_inclusion,38,2,464,441,1,2,1,A
744_08-04_crop_02.jpg,bg_to_strip_inclusion,39,5,465,444,1,5,1,A
744_08-04_crop_02.jpg,bg_to_strip_inclusion,40,2,461,448,2,2,1,A
744_08-04_crop_02.jpg,bg_to_strip_inclusion,41,81,466,770,5,19,1,A
744_08-04_crop_02.jpg,bg_to_strip_inclusion,42,70,1009,826,6,13,3,C
744_08-04_crop_02.jpg,bg_to_strip_inclusion,43,6,824,893,1,6,1,A
744_08-04_crop_02.jpg,bg_to_strip_inclusion,44,24,477,931,2,17,1,A
744_08-04_crop_02.jpg,bg_to_strip_inclusion,45,14,483,945,1,14,1,A
744_08-04_crop_02.jpg,bg_to_strip_inclusion,46,5,479,979,1,5,1,A
744_08-04_crop_02.jpg,bg_to_strip_inclusion,47,3,480,987,1,3,1,A
744_08-04_crop_02.jpg,bg_to_strip_inclusion,48,19,481,992,5,11,1,A
744_08-04_crop_02.jpg,bg_to_strip_inclusion,50,9,975,999,3,6,1,A
744_08-04_crop_02.jpg,bg_to_strip_inclusion,51,16,978,1008,1,16,1,A
A-16_crop_01.jpg,bg_to_strip_inclusion,1,27,239,351,7,11,1,A
A-16_crop_01.jpg,bg_to_strip_inclusion,2,3,243,379,3,3,1,A
A-16_crop_01.jpg,bg_to_strip_inclusion,3,42,1013,828,8,12,1,A
A-16_crop_01.jpg,bg_to_strip_inclusion,4,2,1012,841,1,2,1,A
A-16_crop_01.jpg,bg_to_strip_inclusion,5,14,1021,844,1,14,1,A
A-16_crop_01.jpg,bg_to_strip_inclusion,7,2,1010,856,1,2,1,A
A-16_crop_01.jpg,bg_to_strip_inclusion,8,3,1003,875,1,3,1,A
A-16_crop_01.jpg,bg_to_strip_inclusion,9,3,1002,880,1,3,1,A
A-16_crop_01.jpg,bg_to_strip_inclusion,10,3,1001,884,1,3,1,A
A-16_crop_01.jpg,bg_to_strip_inclusion,11,3,1000,888,1,3,1,A
A-16_crop_01.jpg,bg_to_strip_inclusion,12,4,999,893,1,4,1,A
A-16_crop_01.jpg,bg_to_strip_inclusion,14,7,1006,922,2,7,1,A
A-16_crop_01.jpg,bg_to_strip_inclusion,15,6,994,928,2,6,1,A
A-16_crop_01.jpg,bg_to_strip_inclusion,17,3,1002,943,1,3,1,A
A-16_crop_01.jpg,bg_to_strip_inclusion,19,33,992,965,5,11,1,A
A-19_crop_00.jpg,bg_to_strip_inclusion,2,13,448,351,3,9,1,A
A-19_crop_00.jpg,bg_to_strip_inclusion,3,17,457,350,3,9,1,A
A-19_crop_00.jpg,bg_to_strip_inclusion,4,21,447,361,1,21,1,A
A-19_crop_00.jpg,bg_to_strip_inclusion,5,9,446,385,1,9,1,A
A-19_crop_00.jpg,bg_to_strip_inclusion,6,13,462,390,2,9,1,A
A-19_crop_00.jpg,bg_to_strip_inclusion,7,7,445,409,1,7,1,A
A-19_crop_00.jpg,bg_to_strip_inclusion,8,5,446,422,1,5,1,A
A-19_crop_00.jpg,bg_to_strip_inclusion,9,49,445,428,4,38,1,A
A-19_crop_00.jpg,bg_to_strip_inclusion,10,11,444,467,1,11,1,A
A-19_crop_00.jpg,bg_to_strip_inclusion,11,6,444,489,1,6,1,A
A-19_crop_00.jpg,bg_to_strip_inclusion,12,2,445,497,1,2,1,A
A-19_crop_00.jpg,bg_to_strip_inclusion,13,96,412,559,6,21,1,A
A-19_crop_00.jpg,bg_to_strip_inclusion,14,7,496,825,3,7,1,A
A-19_crop_00.jpg,bg_to_strip_inclusion,16,10,76,840,5,4,1,A
A-19_crop_00.jpg,bg_to_strip_inclusion,17,2,507,841,1,2,1,A
A-19_crop_00.jpg,bg_to_strip_inclusion,18,2,75,844,1,2,1,A
A-19_crop_00.jpg,bg_to_strip_inclusion,19,3,74,848,1,3,1,A
A-19_crop_00.jpg,bg_to_strip_inclusion,20,43,65,852,9,39,1,A
A-19_crop_00.jpg,bg_to_strip_inclusion,21,6,79,854,1,6,1,A
A-19_crop_00.jpg,bg_to_strip_inclusion,22,3,78,871,1,3,1,A
A-19_crop_00.jpg,bg_to_strip_inclusion,23,5,503,877,1,5,1,A
A-19_crop_00.jpg,bg_to_strip_inclusion,24,2,502,883,1,2,1,A
A-19_crop_00.jpg,bg_to_strip_inclusion,25,2,501,886,1,2,1,A
A-19_crop_00.jpg,bg_to_strip_inclusion,26,3,64,894,1,3,1,A
A-19_crop_00.jpg,bg_to_strip_inclusion,27,2,63,900,1,2,1,A
A-19_crop_00.jpg,bg_to_strip_inclusion,28,3,62,904,1,3,1,A
A-19_crop_00.jpg,bg_to_strip_inclusion,29,46,53,908,9,28,1,A
A-19_crop_00.jpg,bg_to_strip_inclusion,30,3,52,937,1,3,1,A
A-19_crop_00.jpg,bg_to_strip_inclusion,33,69,50,944,8,22,1,A
A-19_crop_00.jpg,bg_to_strip_inclusion,34,2,58,944,1,2,1,A
A-19_crop_00.jpg,bg_to_strip_inclusion,36,9,50,969,5,3,1,A
A-20_crop_00.jpg,bg_to_strip_inclusion,1,6,563,23,4,3,1,A
A-20_crop_00.jpg,bg_to_strip_inclusion,2,4,561,31,1,4,1,A
A-20_crop_00.jpg,bg_to_strip_inclusion,4,3,561,46,1,3,1,A
A-20_crop_00.jpg,bg_to_strip_inclusion,5,3,570,51,1,3,1,A
A-20_crop_00.jpg,bg_to_strip_inclusion,7,2,557,70,1,2,1,A
A-20_crop_00.jpg,bg_to_strip_inclusion,9,85,564,81,6,43,1,A
A-20_crop_00.jpg,bg_to_strip_inclusion,10,27,553,82,6,10,1,A
A-20_crop_00.jpg,bg_to_strip_inclusion,11,16,551,99,1,16,1,A
A-20_crop_00.jpg,bg_to_strip_inclusion,12,31,551,128,4,28,1,A
A-20_crop_00.jpg,bg_to_strip_inclusion,13,25,555,157,5,10,1,A
A-20_crop_00.jpg,bg_to_strip_inclusion,14,12,558,178,3,8,1,A
A-20_crop_00.jpg,bg_to_strip_inclusion,15,5,559,226,1,5,1,A
A-20_crop_00.jpg,bg_to_strip_inclusion,17,26,555,248,6,12,1,A
A-20_crop_00.jpg,bg_to_strip_inclusion,19,3,565,296,1,3,1,A
A-20_crop_00.jpg,bg_to_strip_inclusion,20,2,541,301,1,2,1,A
A-20_crop_00.jpg,bg_to_strip_inclusion,21,12,563,303,2,12,1,A
A-20_crop_00.jpg,bg_to_strip_inclusion,22,12,539,307,2,12,1,A
A-20_crop_00.jpg,bg_to_strip_inclusion,23,4,562,316,1,4,1,A
A-20_crop_00.jpg,bg_to_strip_inclusion,25,43,539,339,2,35,1,A
A-20_crop_00.jpg,bg_to_strip_inclusion,26,4,557,361,1,4,1,A
A-20_crop_00.jpg,bg_to_strip_inclusion,27,3,556,372,1,3,1,A
A-20_crop_00.jpg,bg_to_strip_inclusion,28,16,545,382,3,11,1,A
A-20_crop_00.jpg,bg_to_strip_inclusion,29,2,548,394,1,2,1,A
A-20_crop_00.jpg,bg_to_strip_inclusion,30,64,624,408,6,16,1,A
A-20_crop_00.jpg,bg_to_strip_inclusion,31,17,640,962,5,13,1,A
A-20_crop_00.jpg,bg_to_strip_inclusion,32,2,650,973,1,2,1,A
A-20_crop_00.jpg,bg_to_strip_inclusion,33,10,651,976,4,8,1,A
A-20_crop_00.jpg,bg_to_strip_inclusion,34,19,641,979,5,10,1,A
A-20_crop_00.jpg,bg_to_strip_inclusion,35,15,656,989,2,15,1,A
A-20_crop_00.jpg,bg_to_strip_inclusion,38,7,647,1006,4,7,1,A
A-20_crop_00.jpg,bg_to_strip_inclusion,39,3,658,1007,1,3,1,A
A-246_crop_00.jpg,bg_to_strip_inclusion,3,27,128,387,2,19,1,A
A-246_crop_00.jpg,bg_to_strip_inclusion,4,86,134,402,8,26,1,A
A-246_crop_00.jpg,bg_to_strip_inclusion,6,124,124,473,11,18,1,A
A-246_crop_00.jpg,bg_to_strip_inclusion,7,6,199,760,1,6,1,A
A-246_crop_00.jpg,bg_to_strip_inclusion,8,2,187,769,1,2,1,A
A-246_crop_00.jpg,bg_to_strip_inclusion,10,3,193,774,2,3,1,A
A-246_crop_00.jpg,bg_to_strip_inclusion,11,7,206,795,2,7,1,A
A-246_crop_00.jpg,bg_to_strip_inclusion,13,2,193,805,1,2,1,A
A-246_crop_00.jpg,bg_to_strip_inclusion,14,2,205,804,1,2,1,A
A-246_crop_00.jpg,bg_to_strip_inclusion,15,7,202,807,3,7,1,A
A-246_crop_00.jpg,bg_to_strip_inclusion,16,4,194,816,2,3,1,A
A-248_crop_00.jpg,bg_to_strip_inclusion,1,9,840,23,5,3,1,A
A-248_crop_00.jpg,bg_to_strip_inclusion,3,2,609,194,1,2,1,A
A-248_crop_00.jpg,bg_to_strip_inclusion,4,13,416,724,7,4,1,A
A-248_crop_00.jpg,bg_to_strip_inclusion,5,4,415,740,1,4,1,A
A-248_crop_00.jpg,bg_to_strip_inclusion,7,3,416,746,1,3,1,A
A-248_crop_00.jpg,bg_to_strip_inclusion,9,3,435,790,1,3,1,A
A-248_crop_00.jpg,bg_to_strip_inclusion,10,168,423,796,15,50,1,A
A-248_crop_00.jpg,bg_to_strip_inclusion,11,2,440,796,1,2,1,A
A-248_crop_00.jpg,bg_to_strip_inclusion,12,37,413,806,9,13,1,A
A-248_crop_00.jpg,bg_to_strip_inclusion,14,18,428,864,7,7,1,A
A-248_crop_00.jpg,bg_to_strip_inclusion,15,9,436,874,1,9,1,A
A-248_crop_00.jpg,bg_to_strip_inclusion,16,2,412,913,1,2,1,A
A-251_crop_00.jpg,bg_to_strip_inclusion,5,2,119,60,1,2,1,A
A-251_crop_00.jpg,bg_to_strip_inclusion,6,25,117,63,2,24,1,A
A-251_crop_00.jpg,bg_to_strip_inclusion,7,16,107,82,3,11,1,A
A-251_crop_00.jpg,bg_to_strip_inclusion,8,31,113,92,6,20,1,A
A-251_crop_00.jpg,bg_to_strip_inclusion,10,3,105,124,1,3,1,A
A-251_crop_00.jpg,bg_to_strip_inclusion,11,2,118,143,1,2,1,A
A-251_crop_00.jpg,bg_to_strip_inclusion,12,16,175,552,5,9,1,A
A-251_crop_00.jpg,bg_to_strip_inclusion,13,5,174,563,1,5,1,A
A-251_crop_00.jpg,bg_to_strip_inclusion,14,2,175,593,2,1,1,A
A-251_crop_00.jpg,bg_to_strip_inclusion,15,3,997,746,3,2,1,A
A-251_crop_00.jpg,bg_to_strip_inclusion,16,4,1000,759,1,4,1,A
A-251_crop_00.jpg,bg_to_strip_inclusion,17,2,992,772,1,2,1,A
A-251_crop_00.jpg,bg_to_strip_inclusion,19,7,994,775,5,3,1,A
A-27_crop_00.jpg,bg_to_strip_inclusion,4,3,1002,294,1,3,1,A
A-27_crop_00.jpg,bg_to_strip_inclusion,5,4,1005,340,1,4,1,A
A-27_crop_00.jpg,bg_to_strip_inclusion,6,3,1006,345,1,3,1,A
A-27_crop_00.jpg,bg_to_strip_inclusion,7,20,996,369,7,12,1,A
A-27_crop_00.jpg,bg_to_strip_inclusion,8,10,995,373,1,10,1,A
A-27_crop_00.jpg,bg_to_strip_inclusion,9,4,996,397,1,4,1,A
A-27_crop_00.jpg,bg_to_strip_inclusion,10,4,1007,397,1,4,1,A
A-27_crop_00.jpg,bg_to_strip_inclusion,11,7,997,404,1,7,1,A
A-27_crop_00.jpg,bg_to_strip_inclusion,12,5,998,412,1,5,1,A
A-27_crop_00.jpg,bg_to_strip_inclusion,13,5,999,419,1,5,1,A
A-27_crop_00.jpg,bg_to_strip_inclusion,14,8,1006,419,2,8,1,A
A-27_crop_00.jpg,bg_to_strip_inclusion,17,4,93,599,1,4,1,A
A-27_crop_00.jpg,bg_to_strip_inclusion,18,5,98,606,1,5,1,A
A-27_crop_00.jpg,bg_to_strip_inclusion,19,7,99,615,1,7,1,A
A-27_crop_00.jpg,bg_to_strip_inclusion,20,2,94,617,1,2,1,A
A-27_crop_00.jpg,bg_to_strip_inclusion,21,13,95,623,3,9,1,A
A-31_crop_01.jpg,bg_to_strip_inclusion,2,3,692,631,1,3,1,A
A-31_crop_01.jpg,bg_to_strip_inclusion,3,3,685,634,1,3,1,A
A-31_crop_01.jpg,bg_to_strip_inclusion,4,9,692,644,2,7,1,A
A-31_crop_01.jpg,bg_to_strip_inclusion,5,6,686,653,4,6,1,A
A-31_crop_01.jpg,bg_to_strip_inclusion,6,2,678,752,1,2,1,A
A-31_crop_01.jpg,bg_to_strip_inclusion,7,22,684,753,5,12,1,A
A-31_crop_01.jpg,bg_to_strip_inclusion,8,55,677,755,8,29,1,A
A-31_crop_01.jpg,bg_to_strip_inclusion,11,4,691,778,1,4,1,A
A-31_crop_01.jpg,bg_to_strip_inclusion,12,6,688,784,3,4,1,A
A-32_crop_00.jpg,bg_to_strip_inclusion,1,2,459,29,1,2,1,A
A-32_crop_00.jpg,bg_to_strip_inclusion,3,3,125,46,1,3,1,A
A-32_crop_00.jpg,bg_to_strip_inclusion,4,6,474,64,1,6,1,A
A-32_crop_00.jpg,bg_to_strip_inclusion,5,9,472,71,2,9,1,A
A-32_crop_00.jpg,bg_to_strip_inclusion,7,2,135,80,1,2,1,A
A-32_crop_00.jpg,bg_to_strip_inclusion,8,15,126,85,2,13,1,A
A-32_crop_00.jpg,bg_to_strip_inclusion,10,125,994,102,7,22,1,A
A-32_crop_00.jpg,bg_to_strip_inclusion,11,6,478,164,4,2,1,A
A-32_crop_00.jpg,bg_to_strip_inclusion,12,3,477,168,1,3,1,A
A-32_crop_00.jpg,bg_to_strip_inclusion,13,9,474,172,3,9,1,A
A-32_crop_00.jpg,bg_to_strip_inclusion,14,3,473,189,1,3,1,A
A-32_crop_00.jpg,bg_to_strip_inclusion,15,7,474,194,3,7,1,A
A-32_crop_00.jpg,bg_to_strip_inclusion,16,19,465,247,3,12,1,A
A-32_crop_00.jpg,bg_to_strip_inclusion,17,7,464,265,1,7,1,A
A-32_crop_00.jpg,bg_to_strip_inclusion,19,21,465,307,3,18,1,A
A-32_crop_00.jpg,bg_to_strip_inclusion,20,2,468,327,1,2,1,A
A-32_crop_00.jpg,bg_to_strip_inclusion,22,4,510,516,2,4,1,A
A-32_crop_00.jpg,bg_to_strip_inclusion,23,67,620,517,8,19,1,A
A-32_crop_00.jpg,bg_to_strip_inclusion,26,3,507,525,1,3,1,A
A-32_crop_00.jpg,bg_to_strip_inclusion,27,2,518,525,1,2,1,A
A-32_crop_00.jpg,bg_to_strip_inclusion,28,2,504,541,1,2,1,A
A-32_crop_00.jpg,bg_to_strip_inclusion,29,6,505,544,2,6,1,A
A-32_crop_00.jpg,bg_to_strip_inclusion,30,2,515,564,1,2,1,A
A-32_crop_00.jpg,bg_to_strip_inclusion,31,2,514,567,1,2,1,A
A-32_crop_00.jpg,bg_to_strip_inclusion,32,5,508,571,1,5,1,A
A-32_crop_00.jpg,bg_to_strip_inclusion,34,2,510,603,1,2,1,A
A-32_crop_00.jpg,bg_to_strip_inclusion,35,6,514,612,1,6,1,A
A-32_crop_00.jpg,bg_to_strip_inclusion,36,9,506,622,2,6,1,A
A-32_crop_00.jpg,bg_to_strip_inclusion,37,33,784,644,4,25,1,A
A-32_crop_00.jpg,bg_to_strip_inclusion,38,3,794,645,2,3,1,A
A-32_crop_00.jpg,bg_to_strip_inclusion,39,2,782,676,1,2,1,A
A-32_crop_00.jpg,bg_to_strip_inclusion,40,20,763,748,3,14,1,A
A-32_crop_00.jpg,bg_to_strip_inclusion,43,8,765,772,1,8,1,A
A-32_crop_00.jpg,bg_to_strip_inclusion,44,6,479,797,3,4,1,A
A-32_crop_00.jpg,bg_to_strip_inclusion,45,2,472,802,1,2,1,A
A-32_crop_00.jpg,bg_to_strip_inclusion,46,5,470,805,2,5,1,A
A-32_crop_00.jpg,bg_to_strip_inclusion,47,3,486,805,1,3,1,A
A-32_crop_00.jpg,bg_to_strip_inclusion,48,3,469,812,1,3,1,A
A-32_crop_00.jpg,bg_to_strip_inclusion,49,11,480,821,2,8,1,A
A-32_crop_00.jpg,bg_to_strip_inclusion,50,15,479,852,2,11,1,A
A-32_crop_00.jpg,bg_to_strip_inclusion,51,3,468,860,1,3,1,A
A-32_crop_00.jpg,bg_to_strip_inclusion,52,10,483,873,1,10,1,A
A-32_crop_00.jpg,bg_to_strip_inclusion,55,4,476,884,2,4,1,A
A-32_crop_00.jpg,bg_to_strip_inclusion,57,2,426,928,1,2,1,A
A-32_crop_00.jpg,bg_to_strip_inclusion,58,2,425,932,1,2,1,A
A-32_crop_00.jpg,bg_to_strip_inclusion,59,2,437,934,1,2,1,A
A-32_crop_00.jpg,bg_to_strip_inclusion,60,20,421,937,4,19,1,A
A-32_crop_00.jpg,bg_to_strip_inclusion,62,2,438,938,1,2,1,A
A-32_crop_01.jpg,bg_to_strip_inclusion,1,25,387,383,3,10,1,A
A-34_crop_01.jpg,bg_to_strip_inclusion,1,2,867,173,2,1,1,A
A-34_crop_01.jpg,bg_to_strip_inclusion,3,23,869,211,3,9,1,A
A-34_crop_01.jpg,bg_to_strip_inclusion,4,9,946,234,5,4,1,A
A-34_crop_01.jpg,bg_to_strip_inclusion,5,3,945,239,1,3,1,A
A-34_crop_01.jpg,bg_to_strip_inclusion,6,5,944,245,1,5,1,A
A-34_crop_01.jpg,bg_to_strip_inclusion,7,7,946,265,5,7,1,A
A-38_crop_01.jpg,bg_to_strip_inclusion,1,195,727,371,10,25,1,A
A-42_crop_00.jpg,bg_to_strip_inclusion,1,5,969,0,3,2,1,A
A-42_crop_00.jpg,bg_to_strip_inclusion,2,2,974,16,1,2,1,A
A-42_crop_00.jpg,bg_to_strip_inclusion,3,16,971,31,6,5,1,A
A-42_crop_00.jpg,bg_to_strip_inclusion,6,2,979,62,1,2,1,A
A-42_crop_00.jpg,bg_to_strip_inclusion,7,9,973,81,2,6,1,A
A-42_crop_00.jpg,bg_to_strip_inclusion,9,4,976,143,3,4,1,A
A-42_crop_00.jpg,bg_to_strip_inclusion,10,12,361,144,6,5,1,A
A-42_crop_00.jpg,bg_to_strip_inclusion,11,6,979,151,1,6,1,A
A-42_crop_00.jpg,bg_to_strip_inclusion,13,13,366,157,1,13,1,A
A-42_crop_00.jpg,bg_to_strip_inclusion,14,5,975,156,1,5,1,A
A-42_crop_00.jpg,bg_to_strip_inclusion,16,7,976,171,1,7,1,A
A-42_crop_00.jpg,bg_to_strip_inclusion,17,20,911,174,1,20,1,A
A-42_crop_00.jpg,bg_to_strip_inclusion,18,3,693,177,3,2,1,A
A-42_crop_00.jpg,bg_to_strip_inclusion,19,4,950,177,1,4,1,A
A-42_crop_00.jpg,bg_to_strip_inclusion,20,6,916,180,1,6,1,A
A-42_crop_00.jpg,bg_to_strip_inclusion,21,8,691,183,1,8,1,A
A-42_crop_00.jpg,bg_to_strip_inclusion,24,13,643,187,4,6,1,A
A-42_crop_00.jpg,bg_to_strip_inclusion,25,22,944,187,3,12,1,A
A-42_crop_00.jpg,bg_to_strip_inclusion,26,2,950,195,1,2,1,A
A-42_crop_00.jpg,bg_to_strip_inclusion,29,14,647,198,1,14,1,A
A-42_crop_00.jpg,bg_to_strip_inclusion,30,5,949,199,1,5,1,A
A-42_crop_00.jpg,bg_to_strip_inclusion,31,2,690,202,1,2,1,A
A-42_crop_00.jpg,bg_to_strip_inclusion,32,4,912,203,2,3,1,A
A-42_crop_00.jpg,bg_to_strip_inclusion,33,7,973,204,1,7,1,A
A-42_crop_00.jpg,bg_to_strip_inclusion,37,5,972,239,1,5,1,A
A-42_crop_00.jpg,bg_to_strip_inclusion,38,2,978,240,1,2,1,A
A-42_crop_00.jpg,bg_to_strip_inclusion,39,5,365,243,3,2,1,A
A-42_crop_00.jpg,bg_to_strip_inclusion,40,7,368,250,1,7,1,A
A-42_crop_00.jpg,bg_to_strip_inclusion,41,6,974,262,2,6,1,A
A-42_crop_00.jpg,bg_to_strip_inclusion,42,5,948,266,4,2,1,A
A-42_crop_00.jpg,bg_to_strip_inclusion,46,4,111,274,4,2,1,A
A-42_crop_00.jpg,bg_to_strip_inclusion,47,20,953,296,2,13,1,A
A-42_crop_00.jpg,bg_to_strip_inclusion,48,7,944,299,1,7,1,A
A-42_crop_00.jpg,bg_to_strip_inclusion,49,5,943,310,1,5,1,A
A-42_crop_00.jpg,bg_to_strip_inclusion,50,2,641,319,1,2,1,A
A-42_crop_00.jpg,bg_to_strip_inclusion,51,7,645,325,1,7,1,A
A-42_crop_00.jpg,bg_to_strip_inclusion,52,8,642,341,2,6,1,A
A-42_crop_00.jpg,bg_to_strip_inclusion,54,4,197,349,1,4,1,A
A-42_crop_00.jpg,bg_to_strip_inclusion,55,4,196,357,1,4,1,A
A-42_crop_00.jpg,bg_to_strip_inclusion,56,2,643,365,1,2,1,A
A-42_crop_00.jpg,bg_to_strip_inclusion,59,7,655,383,1,7,1,A
A-42_crop_00.jpg,bg_to_strip_inclusion,60,2,330,385,1,2,1,A
A-42_crop_00.jpg,bg_to_strip_inclusion,61,9,649,390,3,9,1,A
A-42_crop_00.jpg,bg_to_strip_inclusion,62,5,656,391,1,5,1,A
A-42_crop_00.jpg,bg_to_strip_inclusion,63,15,657,397,4,15,1,A
A-42_crop_00.jpg,bg_to_strip_inclusion,64,14,104,399,1,14,1,A
A-42_crop_00.jpg,bg_to_strip_inclusion,65,3,652,400,1,3,1,A
A-42_crop_00.jpg,bg_to_strip_inclusion,66,3,415,402,1,3,1,A
A-42_crop_00.jpg,bg_to_strip_inclusion,67,7,327,405,1,7,1,A
A-42_crop_00.jpg,bg_to_strip_inclusion,69,8,104,414,1,8,1,A
A-42_crop_00.jpg,bg_to_strip_inclusion,70,2,656,414,1,2,1,A
A-42_crop_00.jpg,bg_to_strip_inclusion,71,10,657,417,2,9,1,A
A-42_crop_00.jpg,bg_to_strip_inclusion,72,12,144,419,2,8,1,A
A-42_crop_00.jpg,bg_to_strip_inclusion,73,41,413,420,2,39,1,A
A-42_crop_00.jpg,bg_to_strip_inclusion,74,2,103,424,1,2,1,A
A-42_crop_00.jpg,bg_to_strip_inclusion,76,62,196,428,6,14,1,A
A-42_crop_00.jpg,bg_to_strip_inclusion,77,7,327,431,1,7,1,A
A-42_crop_00.jpg,bg_to_strip_inclusion,78,4,147,433,1,4,1,A
A-42_crop_00.jpg,bg_to_strip_inclusion,79,9,142,441,1,9,1,A
A-42_crop_00.jpg,bg_to_strip_inclusion,80,9,102,442,2,6,1,A
A-42_crop_00.jpg,bg_to_strip_inclusion,81,7,327,444,2,6,1,A
A-42_crop_00.jpg,bg_to_strip_inclusion,82,2,932,446,1,2,1,A
A-42_crop_00.jpg,bg_to_strip_inclusion,83,33,660,448,6,13,1,A
A-42_crop_00.jpg,bg_to_strip_inclusion,85,2,937,456,1,2,1,A
A-42_crop_00.jpg,bg_to_strip_inclusion,86,19,410,460,3,18,1,A
A-42_crop_00.jpg,bg_to_strip_inclusion,87,349,910,460,10,112,1,A
A-42_crop_00.jpg,bg_to_strip_inclusion,88,30,142,463,1,30,1,A
A-42_crop_00.jpg,bg_to_strip_inclusion,89,77,673,469,5,20,1,A
A-42_crop_00.jpg,bg_to_strip_inclusion,90,38,939,471,4,16,1,A
A-42_crop_00.jpg,bg_to_strip_inclusion,91,2,409,480,1,2,1,A
A-42_crop_00.jpg,bg_to_strip_inclusion,92,2,409,492,1,2,1,A
A-42_crop_00.jpg,bg_to_strip_inclusion,93,15,410,498,1,15,1,A
A-42_crop_00.jpg,bg_to_strip_inclusion,94,8,140,500,2,8,1,A
A-42_crop_00.jpg,bg_to_strip_inclusion,95,10,933,508,3,7,1,A
A-42_crop_00.jpg,bg_to_strip_inclusion,96,6,111,511,2,6,1,A
A-42_crop_00.jpg,bg_to_strip_inclusion,97,23,409,518,1,23,1,A
A-42_crop_00.jpg,bg_to_strip_inclusion,100,2,110,537,1,2,1,A
A-42_crop_00.jpg,bg_to_strip_inclusion,102,15,941,536,2,12,1,A
A-42_crop_00.jpg,bg_to_strip_inclusion,103,12,327,539,2,12,1,A
A-42_crop_00.jpg,bg_to_strip_inclusion,105,5,116,550,1,5,1,A
A-42_crop_00.jpg,bg_to_strip_inclusion,106,3,327,552,1,3,1,A
A-42_crop_00.jpg,bg_to_strip_inclusion,108,6,107,563,2,4,1,A
A-42_crop_00.jpg,bg_to_strip_inclusion,109,3,941,568,1,3,1,A
A-42_crop_00.jpg,bg_to_strip_inclusion,110,2,105,579,1,2,1,A
A-42_crop_00.jpg,bg_to_strip_inclusion,112,5,104,585,1,5,1,A
A-42_crop_00.jpg,bg_to_strip_inclusion,113,4,136,590,3,2,1,A
A-42_crop_00.jpg,bg_to_strip_inclusion,114,44,911,594,3,35,1,A
A-42_crop_00.jpg,bg_to_strip_inclusion,116,3,106,605,1,3,1,A
A-42_crop_00.jpg,bg_to_strip_inclusion,117,3,107,610,1,3,1,A
A-42_crop_00.jpg,bg_to_strip_inclusion,118,6,147,621,1,6,1,A
A-42_crop_00.jpg,bg_to_strip_inclusion,119,4,147,641,1,4,1,A
A-42_crop_00.jpg,bg_to_strip_inclusion,120,9,110,644,3,5,1,A
A-42_crop_00.jpg,bg_to_strip_inclusion,121,6,112,657,2,4,1,A
A-42_crop_00.jpg,bg_to_strip_inclusion,122,81,455,656,6,17,1,A
A-42_crop_00.jpg,bg_to_strip_inclusion,124,10,326,659,4,3,1,A
A-42_crop_00.jpg,bg_to_strip_inclusion,125,14,324,672,1,14,1,A
A-42_crop_00.jpg,bg_to_strip_inclusion,127,4,144,683,1,4,1,A
A-42_crop_00.jpg,bg_to_strip_inclusion,128,7,112,692,1,7,1,A
A-42_crop_00.jpg,bg_to_strip_inclusion,129,120,468,854,7,24,5,TINB/TINC
A-42_crop_00.jpg,bg_to_strip_inclusion,130,6,168,886,2,6,1,A
A-42_crop_00.jpg,bg_to_strip_inclusion,132,2,168,909,1,2,1,A
A-42_crop_00.jpg,bg_to_strip_inclusion,134,5,820,916,1,5,1,A
A-42_crop_00.jpg,bg_to_strip_inclusion,136,4,50,923,1,4,1,A
A-42_crop_00.jpg,bg_to_strip_inclusion,137,2,826,938,1,2,1,A
A-42_crop_00.jpg,bg_to_strip_inclusion,138,2,174,940,1,2,1,A
A-42_crop_00.jpg,bg_to_strip_inclusion,139,5,825,941,1,5,1,A
A-42_crop_00.jpg,bg_to_strip_inclusion,140,26,51,945,9,10,1,A
A-42_crop_00.jpg,bg_to_strip_inclusion,141,3,169,952,1,3,1,A
A-42_crop_00.jpg,bg_to_strip_inclusion,142,2,61,959,1,2,1,A
A-42_crop_00.jpg,bg_to_strip_inclusion,143,14,61,976,4,6,1,A
A-42_crop_00.jpg,bg_to_strip_inclusion,144,19,168,978,2,13,1,A
A-42_crop_00.jpg,bg_to_strip_inclusion,146,6,61,988,1,6,1,A
A-42_crop_00.jpg,bg_to_strip_inclusion,147,2,67,990,1,2,1,A
A-42_crop_00.jpg,bg_to_strip_inclusion,148,38,474,991,4,12,5,TINB/TINC
A-42_crop_00.jpg,bg_to_strip_inclusion,149,27,62,1009,6,9,1,A
B-15_crop_00.jpg,bg_to_strip_inclusion,1,22,783,737,9,6,2,B
B-15_crop_00.jpg,bg_to_strip_inclusion,2,6,796,736,4,3,2,B
B-15_crop_00.jpg,bg_to_strip_inclusion,3,12,798,741,2,11,2,B
B-15_crop_00.jpg,bg_to_strip_inclusion,4,4,782,744,1,4,2,B
B-15_crop_00.jpg,bg_to_strip_inclusion,5,53,783,750,7,23,2,B
B-15_crop_00.jpg,bg_to_strip_inclusion,6,7,798,757,2,7,2,B
B-15_crop_00.jpg,bg_to_strip_inclusion,10,13,803,772,3,9,2,B
B-15_crop_00.jpg,bg_to_strip_inclusion,12,8,807,785,1,8,2,B
B-15_crop_00.jpg,bg_to_strip_inclusion,13,3,788,791,1,3,2,B
B-15_crop_00.jpg,bg_to_strip_inclusion,16,3,806,798,1,3,2,B
B-15_crop_00.jpg,bg_to_strip_inclusion,17,8,785,802,1,8,2,B
B-15_crop_00.jpg,bg_to_strip_inclusion,18,14,805,807,7,6,2,B
B-15_crop_00.jpg,bg_to_strip_inclusion,19,34,788,824,7,10,2,B
B-15_crop_00.jpg,bg_to_strip_inclusion,21,35,791,850,6,24,2,B
B-15_crop_00.jpg,bg_to_strip_inclusion,23,17,804,860,5,8,2,B
B-15_crop_00.jpg,bg_to_strip_inclusion,25,12,795,877,4,9,2,B
B-15_crop_00.jpg,bg_to_strip_inclusion,28,4,810,893,1,4,2,B
B-15_crop_00.jpg,bg_to_strip_inclusion,31,13,804,903,2,9,2,B
B-15_crop_00.jpg,bg_to_strip_inclusion,33,2,814,916,1,2,2,B
B-15_crop_00.jpg,bg_to_strip_inclusion,34,28,807,924,3,18,2,B
B-15_crop_00.jpg,bg_to_strip_inclusion,35,3,820,938,2,2,2,B
B-15_crop_00.jpg,bg_to_strip_inclusion,36,12,808,945,3,8,2,B
B-15_crop_00.jpg,bg_to_strip_inclusion,38,7,811,956,1,7,2,B
B-15_crop_00.jpg,bg_to_strip_inclusion,39,21,810,973,8,11,2,B
B-17_crop_00.jpg,bg_to_strip_inclusion,1,33,24,102,4,11,2,B
B-17_crop_00.jpg,bg_to_strip_inclusion,2,225,23,136,6,88,2,B
B-17_crop_00.jpg,bg_to_strip_inclusion,3,6,31,213,1,6,2,B
B-17_crop_00.jpg,bg_to_strip_inclusion,4,8,27,234,4,3,2,B
B-17_crop_00.jpg,bg_to_strip_inclusion,5,15,33,248,3,10,2,B
B-17_crop_00.jpg,bg_to_strip_inclusion,6,24,28,252,8,16,2,B
B-17_crop_00.jpg,bg_to_strip_inclusion,7,8,920,871,7,4,2,B
B-17_crop_00.jpg,bg_to_strip_inclusion,8,12,919,877,2,11,2,B
B-17_crop_00.jpg,bg_to_strip_inclusion,9,31,919,896,2,27,2,B
B-17_crop_00.jpg,bg_to_strip_inclusion,11,2,927,915,1,2,2,B
B-17_crop_00.jpg,bg_to_strip_inclusion,12,24,917,928,2,18,2,B
B-17_crop_00.jpg,bg_to_strip_inclusion,13,36,918,947,3,25,2,B
B-17_crop_00.jpg,bg_to_D,1,81,416,630,10,10,4,D
B-17_crop_00.jpg,bg_to_D,2,91,54,774,10,12,4,D
B-21_crop_01.jpg,bg_to_strip_inclusion,1,54,722,46,6,28,2,B
B-21_crop_01.jpg,bg_to_strip_inclusion,2,3,731,52,1,3,2,B
B-21_crop_01.jpg,bg_to_strip_inclusion,3,11,730,63,2,8,2,B
B-21_crop_01.jpg,bg_to_strip_inclusion,5,17,723,79,4,8,2,B
B-21_crop_01.jpg,bg_to_strip_inclusion,6,4,732,79,2,4,2,B
B-21_crop_01.jpg,bg_to_strip_inclusion,7,17,734,89,2,10,2,B
B-21_crop_01.jpg,bg_to_strip_inclusion,8,3,725,90,1,3,2,B
B-21_crop_01.jpg,bg_to_strip_inclusion,9,80,726,94,9,36,2,B
B-21_crop_01.jpg,bg_to_strip_inclusion,10,6,737,115,2,4,2,B
B-21_crop_01.jpg,bg_to_strip_inclusion,11,14,738,122,4,8,2,B
B-21_crop_01.jpg,bg_to_strip_inclusion,12,179,725,132,12,60,2,B
B-21_crop_01.jpg,bg_to_strip_inclusion,13,37,742,134,4,23,2,B
B-21_crop_01.jpg,bg_to_strip_inclusion,14,25,745,160,5,12,2,B
B-21_crop_01.jpg,bg_to_strip_inclusion,15,11,755,183,4,9,2,B
B-21_crop_01.jpg,bg_to_strip_inclusion,16,103,727,194,11,31,2,B
B-21_crop_01.jpg,bg_to_strip_inclusion,17,8,753,194,6,7,2,B
B-21_crop_01.jpg,bg_to_strip_inclusion,18,60,741,201,11,21,2,B
B-21_crop_01.jpg,bg_to_strip_inclusion,19,13,745,224,3,8,2,B
B-21_crop_01.jpg,bg_to_strip_inclusion,20,47,726,227,8,16,2,B
B-21_crop_01.jpg,bg_to_strip_inclusion,21,3,748,233,1,3,2,B
B-21_crop_01.jpg,bg_to_strip_inclusion,22,17,727,245,4,8,2,B
B-21_crop_01.jpg,bg_to_strip_inclusion,23,21,739,247,6,7,2,B
B-21_crop_01.jpg,bg_to_strip_inclusion,24,2,726,254,1,2,2,B
B-21_crop_01.jpg,bg_to_strip_inclusion,25,10,739,255,3,8,2,B
B-21_crop_01.jpg,bg_to_strip_inclusion,26,13,724,260,4,7,2,B
B-21_crop_01.jpg,bg_to_strip_inclusion,28,30,737,269,4,12,2,B
B-21_crop_01.jpg,bg_to_strip_inclusion,29,34,721,274,6,15,2,B
B-21_crop_01.jpg,bg_to_strip_inclusion,32,29,718,294,3,18,2,B
B-21_crop_01.jpg,bg_to_strip_inclusion,33,2,746,294,1,2,2,B
B-21_crop_01.jpg,bg_to_strip_inclusion,35,15,746,304,3,8,2,B
B-21_crop_01.jpg,bg_to_strip_inclusion,36,129,722,314,10,22,2,B
B-21_crop_01.jpg,bg_to_strip_inclusion,37,41,739,314,9,14,2,B
B-21_crop_01.jpg,bg_to_strip_inclusion,38,36,733,329,7,21,2,B
B-21_crop_01.jpg,bg_to_strip_inclusion,39,130,713,339,16,41,2,B
B-21_crop_01.jpg,bg_to_strip_inclusion,40,22,735,351,6,6,2,B
B-21_crop_01.jpg,bg_to_strip_inclusion,42,33,735,362,9,16,2,B
B-21_crop_01.jpg,bg_to_strip_inclusion,43,17,736,380,8,10,2,B
B-21_crop_01.jpg,bg_to_strip_inclusion,44,199,699,382,15,78,2,B
B-21_crop_01.jpg,bg_to_strip_inclusion,45,14,745,390,10,7,2,B
B-21_crop_01.jpg,bg_to_strip_inclusion,46,18,753,409,4,9,2,B
B-21_crop_01.jpg,bg_to_strip_inclusion,48,6,749,427,5,6,2,B
B-21_crop_01.jpg,bg_to_strip_inclusion,49,25,737,433,11,11,2,B
B-21_crop_01.jpg,bg_to_strip_inclusion,50,26,732,455,5,14,2,B
B-21_crop_01.jpg,bg_to_strip_inclusion,51,418,702,461,18,156,2,B
B-21_crop_01.jpg,bg_to_strip_inclusion,52,27,725,485,3,11,2,B
B-21_crop_01.jpg,bg_to_strip_inclusion,53,37,723,501,6,23,2,B
B-21_crop_01.jpg,bg_to_strip_inclusion,55,36,727,542,12,11,2,B
B-21_crop_01.jpg,bg_to_strip_inclusion,56,31,732,565,6,18,2,B
B-21_crop_01.jpg,bg_to_strip_inclusion,57,22,728,587,9,9,2,B
B-21_crop_01.jpg,bg_to_strip_inclusion,58,36,727,606,9,13,2,B
B-21_crop_01.jpg,bg_to_strip_inclusion,59,79,714,620,22,20,2,B
B-53_crop_00.jpg,bg_to_strip_inclusion,1,11,358,453,9,6,2,B
B-53_crop_00.jpg,bg_to_strip_inclusion,7,31,351,484,7,23,2,B
B-53_crop_00.jpg,bg_to_strip_inclusion,8,2,348,511,1,2,2,B
B-53_crop_00.jpg,bg_to_strip_inclusion,10,4,357,514,1,4,2,B
B-53_crop_00.jpg,bg_to_strip_inclusion,11,2,346,518,1,2,2,B
B-53_crop_00.jpg,bg_to_strip_inclusion,12,2,355,527,1,2,2,B
B-53_crop_00.jpg,bg_to_strip_inclusion,13,4,354,530,1,4,2,B
B-53_crop_00.jpg,bg_to_strip_inclusion,14,871,323,532,26,142,2,B
B-53_crop_00.jpg,bg_to_strip_inclusion,15,2,353,537,1,2,2,B
B-53_crop_00.jpg,bg_to_strip_inclusion,16,6,352,544,1,6,2,B
B-53_crop_00.jpg,bg_to_strip_inclusion,17,3,330,547,3,1,2,B
B-53_crop_00.jpg,bg_to_strip_inclusion,18,2,320,549,2,2,2,B
B-53_crop_00.jpg,bg_to_strip_inclusion,19,2,317,551,2,2,2,B
B-53_crop_00.jpg,bg_to_strip_inclusion,20,12,315,556,3,8,2,B
B-53_crop_00.jpg,bg_to_strip_inclusion,21,3,353,556,1,3,2,B
B-53_crop_00.jpg,bg_to_strip_inclusion,22,37,320,566,14,10,2,B
B-53_crop_00.jpg,bg_to_strip_inclusion,23,37,325,592,8,11,2,B
B-53_crop_00.jpg,bg_to_strip_inclusion,24,109,322,604,11,22,2,B
B-53_crop_00.jpg,bg_to_strip_inclusion,25,6,350,656,2,6,2,B
B-53_crop_00.jpg,bg_to_strip_inclusion,26,9,329,675,7,9,2,B
B-53_crop_00.jpg,bg_to_strip_inclusion,27,11,357,686,1,11,2,B
B-53_crop_00.jpg,bg_to_strip_inclusion,28,17,344,696,11,6,2,B
B-53_crop_00.jpg,bg_to_strip_inclusion,29,2,334,702,1,2,2,B
B-53_crop_00.jpg,bg_to_strip_inclusion,30,53,295,715,14,20,2,B
B-53_crop_00.jpg,bg_to_strip_inclusion,31,95,334,721,14,13,2,B
B-53_crop_00.jpg,bg_to_strip_inclusion,32,47,348,739,8,29,2,B
B-53_crop_00.jpg,bg_to_strip_inclusion,33,2,296,753,2,2,2,B
B-53_crop_00.jpg,bg_to_strip_inclusion,35,13,300,759,9,5,2,B
B-53_crop_00.jpg,bg_to_strip_inclusion,36,5,325,770,2,5,2,B
B-53_crop_00.jpg,bg_to_strip_inclusion,37,23,337,770,6,8,2,B
B-53_crop_00.jpg,bg_to_strip_inclusion,38,3,327,776,1,3,2,B
B-53_crop_00.jpg,bg_to_strip_inclusion,39,7,328,780,2,6,2,B
B-53_crop_00.jpg,bg_to_strip_inclusion,41,5,314,847,5,3,2,B
B-53_crop_00.jpg,bg_to_strip_inclusion,43,40,306,854,8,20,2,B
B-53_crop_00.jpg,bg_to_strip_inclusion,44,6,319,864,2,4,2,B
B-53_crop_00.jpg,bg_to_strip_inclusion,45,4,322,874,1,4,2,B
B-53_crop_00.jpg,bg_to_strip_inclusion,46,2,306,876,1,2,2,B
B-53_crop_00.jpg,bg_to_strip_inclusion,50,5,318,885,2,3,2,B
B-53_crop_00.jpg,bg_to_strip_inclusion,51,2,312,888,1,2,2,B
B-53_crop_00.jpg,bg_to_strip_inclusion,52,20,313,893,2,13,2,B
B-53_crop_00.jpg,bg_to_strip_inclusion,53,7,323,911,2,5,2,B
B-53_crop_00.jpg,bg_to_strip_inclusion,55,210,320,923,8,49,2,B
B-59_crop_00.jpg,bg_to_strip_inclusion,2,2,976,41,2,1,2,B
B-59_crop_00.jpg,bg_to_strip_inclusion,3,2,964,47,1,2,2,B
B-59_crop_00.jpg,bg_to_strip_inclusion,6,183,956,52,16,51,2,B
B-59_crop_00.jpg,bg_to_strip_inclusion,7,5,985,85,4,4,2,B
B-59_crop_00.jpg,bg_to_strip_inclusion,8,2,956,108,1,2,2,B
B-59_crop_00.jpg,bg_to_strip_inclusion,9,4,776,210,2,3,2,B
B-59_crop_00.jpg,bg_to_strip_inclusion,10,130,755,212,15,51,2,B
B-59_crop_00.jpg,bg_to_strip_inclusion,11,23,775,224,3,11,2,B
B-59_crop_00.jpg,bg_to_strip_inclusion,12,12,771,257,5,7,2,B
B-59_crop_00.jpg,bg_to_strip_inclusion,13,14,757,269,3,10,2,B
B-59_crop_00.jpg,bg_to_strip_inclusion,14,13,767,269,5,4,2,B
B-59_crop_00.jpg,bg_to_strip_inclusion,15,4,758,285,2,3,2,B
B-59_crop_00.jpg,bg_to_strip_inclusion,16,6,764,291,2,4,2,B
B-59_crop_00.jpg,bg_to_strip_inclusion,17,13,752,302,2,9,2,B
B-59_crop_00.jpg,bg_to_strip_inclusion,18,7,764,309,3,5,2,B
B-59_crop_00.jpg,bg_to_strip_inclusion,19,5,752,315,2,3,2,B
B-59_crop_00.jpg,bg_to_strip_inclusion,20,51,763,325,7,14,2,B
B-59_crop_00.jpg,bg_to_strip_inclusion,21,17,754,326,4,8,2,B
B-59_crop_00.jpg,bg_to_strip_inclusion,22,7,760,341,3,4,2,B
B-59_crop_00.jpg,bg_to_strip_inclusion,24,2,771,349,1,2,2,B
B-59_crop_00.jpg,bg_to_strip_inclusion,25,8,766,354,4,4,2,B
B-59_crop_00.jpg,bg_to_strip_inclusion,26,16,758,359,4,13,2,B
B-59_crop_00.jpg,bg_to_strip_inclusion,29,18,757,392,2,15,2,B
B-59_crop_00.jpg,bg_to_strip_inclusion,30,4,765,399,1,4,2,B
B-59_crop_00.jpg,bg_to_strip_inclusion,31,4,766,410,2,2,2,B
B-59_crop_00.jpg,bg_to_strip_inclusion,32,2,760,414,1,2,2,B
B-59_crop_00.jpg,bg_to_strip_inclusion,33,3,770,421,2,2,2,B
B-59_crop_00.jpg,bg_to_strip_inclusion,34,6,761,423,2,4,2,B
B-59_crop_00.jpg,bg_to_strip_inclusion,36,14,772,435,2,10,2,B
B-59_crop_00.jpg,bg_to_strip_inclusion,37,6,764,438,2,5,2,B
B-59_crop_00.jpg,bg_to_strip_inclusion,39,12,771,457,3,6,2,B
B-59_crop_00.jpg,bg_to_strip_inclusion,44,30,756,467,4,13,2,B
B-59_crop_00.jpg,bg_to_strip_inclusion,45,18,765,475,2,11,2,B
B-59_crop_00.jpg,bg_to_strip_inclusion,46,3,767,487,1,3,2,B
B-59_crop_00.jpg,bg_to_strip_inclusion,47,47,751,490,6,19,2,B
B-59_crop_00.jpg,bg_to_strip_inclusion,48,10,764,493,4,5,2,B
B-59_crop_00.jpg,bg_to_strip_inclusion,49,10,762,499,4,8,2,B
B-59_crop_00.jpg,bg_to_strip_inclusion,50,128,752,515,9,24,2,B
B-59_crop_00.jpg,bg_to_strip_inclusion,51,47,753,557,5,12,2,B
B-63_crop_00.jpg,bg_to_strip_inclusion,1,16,484,188,4,9,2,B
B-63_crop_00.jpg,bg_to_strip_inclusion,3,7,974,536,3,4,2,B
B-63_crop_00.jpg,bg_to_strip_inclusion,4,5,962,546,3,4,2,B
B-63_crop_00.jpg,bg_to_strip_inclusion,6,7,964,559,1,7,2,B
B-63_crop_00.jpg,bg_to_strip_inclusion,8,14,977,588,4,6,2,B
B-63_crop_00.jpg,bg_to_strip_inclusion,11,7,964,605,2,5,2,B
B-63_crop_00.jpg,bg_to_strip_inclusion,12,8,966,615,4,6,2,B
B-63_crop_00.jpg,bg_to_strip_inclusion,13,2,987,614,1,2,2,B
B-63_crop_00.jpg,bg_to_strip_inclusion,14,44,968,623,5,25,2,B
B-63_crop_00.jpg,bg_to_strip_inclusion,15,21,978,645,4,11,2,B
B-63_crop_00.jpg,bg_to_strip_inclusion,16,119,968,652,10,33,2,B
B-63_crop_00.jpg,bg_to_strip_inclusion,18,97,969,692,16,15,2,B
B-63_crop_00.jpg,bg_to_strip_inclusion,19,4,958,699,3,4,2,B
B-63_crop_00.jpg,bg_to_strip_inclusion,20,12,958,705,3,7,2,B
B-63_crop_00.jpg,bg_to_strip_inclusion,21,16,971,708,3,9,2,B
B-63_crop_00.jpg,bg_to_strip_inclusion,23,4,955,724,3,3,2,B
B-63_crop_00.jpg,bg_to_strip_inclusion,24,4,972,724,1,4,2,B
B-63_crop_00.jpg,bg_to_strip_inclusion,26,34,949,733,9,16,2,B
B-69_crop_00.jpg,bg_to_strip_inclusion,2,2,955,844,1,2,2,B
B-69_crop_00.jpg,bg_to_strip_inclusion,3,11,954,848,3,7,2,B
B-69_crop_00.jpg,bg_to_strip_inclusion,4,28,951,862,5,12,2,B
B-84_crop_01.jpg,bg_to_strip_inclusion,1,44,773,128,14,8,2,B
B-84_crop_01.jpg,bg_to_strip_inclusion,2,9,786,140,2,7,2,B
B-84_crop_01.jpg,bg_to_strip_inclusion,3,34,767,142,5,14,2,B
B-84_crop_01.jpg,bg_to_strip_inclusion,4,10,785,152,4,5,2,B
B-84_crop_01.jpg,bg_to_strip_inclusion,5,5,771,167,1,5,2,B
B-84_crop_01.jpg,bg_to_strip_inclusion,6,2,772,174,1,2,2,B
B-84_crop_01.jpg,bg_to_strip_inclusion,7,2,784,177,1,2,2,B
B-84_crop_01.jpg,bg_to_strip_inclusion,8,2,773,178,1,2,2,B
B-84_crop_01.jpg,bg_to_strip_inclusion,9,4,774,182,1,4,2,B
B-84_crop_01.jpg,bg_to_strip_inclusion,12,5,765,206,5,4,2,B
B-84_crop_01.jpg,bg_to_strip_inclusion,13,5,787,207,1,5,2,B
B-84_crop_01.jpg,bg_to_strip_inclusion,16,2,790,234,1,2,2,B
B-84_crop_01.jpg,bg_to_strip_inclusion,17,18,759,242,5,8,2,B
B-84_crop_01.jpg,bg_to_strip_inclusion,18,38,759,251,8,20,2,B
B-84_crop_01.jpg,bg_to_strip_inclusion,19,10,785,253,3,6,2,B
B-84_crop_01.jpg,bg_to_strip_inclusion,20,3,767,273,1,3,2,B
B-84_crop_01.jpg,bg_to_strip_inclusion,21,2,789,272,1,2,2,B
B-84_crop_01.jpg,bg_to_strip_inclusion,22,36,780,277,8,23,2,B
B-84_crop_01.jpg,bg_to_strip_inclusion,23,5,770,298,1,5,2,B
B-84_crop_01.jpg,bg_to_strip_inclusion,24,10,781,306,3,5,2,B
B-84_crop_01.jpg,bg_to_strip_inclusion,25,11,770,309,3,6,2,B
B-84_crop_01.jpg,bg_to_strip_inclusion,26,3,784,327,2,3,2,B
B-84_crop_01.jpg,bg_to_strip_inclusion,27,7,769,329,1,7,2,B
B-84_crop_01.jpg,bg_to_strip_inclusion,28,13,782,365,1,13,2,B
B-84_crop_01.jpg,bg_to_strip_inclusion,29,4,772,371,1,4,2,B
B-84_crop_01.jpg,bg_to_strip_inclusion,30,17,770,392,5,10,2,B
B-84_crop_01.jpg,bg_to_strip_inclusion,31,18,780,395,2,13,2,B
B-84_crop_01.jpg,bg_to_strip_inclusion,32,15,766,406,2,10,2,B
B-84_crop_01.jpg,bg_to_strip_inclusion,33,16,779,417,4,7,2,B
B-84_crop_01.jpg,bg_to_strip_inclusion,34,28,759,436,5,17,2,B
B-84_crop_01.jpg,bg_to_strip_inclusion,35,20,781,438,3,11,2,B
B-84_crop_01.jpg,bg_to_strip_inclusion,36,26,779,453,4,16,2,B
B-84_crop_01.jpg,bg_to_strip_inclusion,37,2,783,474,1,2,2,B
B-84_crop_01.jpg,bg_to_strip_inclusion,38,73,750,477,5,29,2,B
B-84_crop_01.jpg,bg_to_strip_inclusion,39,5,784,478,1,5,2,B
B-84_crop_01.jpg,bg_to_strip_inclusion,40,24,778,488,5,11,2,B
B-84_crop_01.jpg,bg_to_strip_inclusion,41,2,750,508,1,2,2,B
B-84_crop_01.jpg,bg_to_strip_inclusion,42,34,780,509,4,12,2,B
B-84_crop_01.jpg,bg_to_strip_inclusion,44,2,748,516,1,2,2,B
B-84_crop_01.jpg,bg_to_strip_inclusion,45,2,747,519,1,2,2,B
B-84_crop_01.jpg,bg_to_strip_inclusion,46,2,746,522,1,2,2,B
B-84_crop_01.jpg,bg_to_strip_inclusion,47,24,776,522,6,9,2,B
B-84_crop_01.jpg,bg_to_strip_inclusion,48,2,747,529,1,2,2,B
B-84_crop_01.jpg,bg_to_strip_inclusion,49,4,748,532,2,4,2,B
B-84_crop_01.jpg,bg_to_strip_inclusion,50,2,750,539,1,2,2,B
B-84_crop_01.jpg,bg_to_strip_inclusion,51,23,772,538,5,10,2,B
B-84_crop_01.jpg,bg_to_strip_inclusion,52,66,749,543,5,24,2,B
B-84_crop_01.jpg,bg_to_strip_inclusion,53,23,769,555,4,9,2,B
B-84_crop_01.jpg,bg_to_strip_inclusion,55,23,768,571,5,10,2,B
B-84_crop_01.jpg,bg_to_strip_inclusion,56,19,751,581,5,10,2,B
B-84_crop_01.jpg,bg_to_strip_inclusion,60,2,776,592,1,2,2,B
B-84_crop_01.jpg,bg_to_strip_inclusion,61,2,749,595,1,2,2,B
B-84_crop_01.jpg,bg_to_strip_inclusion,62,4,777,596,1,4,2,B
B-84_crop_01.jpg,bg_to_strip_inclusion,64,32,776,601,8,13,2,B
B-84_crop_01.jpg,bg_to_strip_inclusion,66,30,783,623,6,9,2,B
B-84_crop_01.jpg,bg_to_strip_inclusion,67,2,746,627,2,2,2,B
B-84_crop_01.jpg,bg_to_strip_inclusion,68,47,783,634,5,16,2,B
B-84_crop_01.jpg,bg_to_strip_inclusion,69,21,742,641,4,12,2,B
B-84_crop_01.jpg,bg_to_strip_inclusion,70,4,787,656,1,4,2,B
B-84_crop_01.jpg,bg_to_strip_inclusion,72,22,788,671,3,13,2,B
B-84_crop_01.jpg,bg_to_strip_inclusion,73,154,750,681,9,79,2,B
B-84_crop_01.jpg,bg_to_strip_inclusion,75,18,780,697,4,14,2,B
B-84_crop_01.jpg,bg_to_strip_inclusion,76,2,784,712,1,2,2,B
B-84_crop_01.jpg,bg_to_strip_inclusion,77,59,778,718,8,23,2,B
B-84_crop_01.jpg,bg_to_strip_inclusion,78,7,781,743,1,7,2,B
B-84_crop_01.jpg,bg_to_strip_inclusion,79,15,750,765,4,7,2,B
B-84_crop_01.jpg,bg_to_strip_inclusion,80,15,775,765,5,5,2,B
B-84_crop_01.jpg,bg_to_strip_inclusion,81,22,750,777,3,18,2,B
B-84_crop_01.jpg,bg_to_strip_inclusion,83,23,747,801,4,16,2,B
B-84_crop_01.jpg,bg_to_strip_inclusion,84,4,773,800,1,4,2,B
B-84_crop_01.jpg,bg_to_strip_inclusion,85,63,769,805,8,43,2,B
B-84_crop_01.jpg,bg_to_strip_inclusion,86,3,742,837,1,3,2,B
B-84_crop_01.jpg,bg_to_strip_inclusion,87,5,742,846,1,5,2,B
B-84_crop_01.jpg,bg_to_strip_inclusion,88,4,743,852,1,4,2,B
B-84_crop_01.jpg,bg_to_strip_inclusion,89,25,744,857,2,25,2,B
B-84_crop_01.jpg,bg_to_strip_inclusion,90,20,772,866,4,10,2,B
B-84_crop_01.jpg,bg_to_strip_inclusion,91,558,745,882,24,53,2,B
B-84_crop_01.jpg,bg_to_strip_inclusion,92,2,747,933,1,2,2,B
B-84_crop_01.jpg,bg_to_strip_inclusion,93,13,742,936,5,12,2,B
B-84_crop_01.jpg,bg_to_strip_inclusion,94,21,760,938,5,8,2,B
B-84_crop_01.jpg,bg_to_strip_inclusion,96,63,741,951,11,28,2,B
B-84_crop_01.jpg,bg_to_strip_inclusion,97,3,765,950,1,3,2,B
B-84_crop_01.jpg,bg_to_strip_inclusion,98,2,764,955,1,2,2,B
B-84_crop_01.jpg,bg_to_strip_inclusion,100,40,759,960,5,24,2,B
B-84_crop_01.jpg,bg_to_strip_inclusion,102,7,756,984,5,3,2,B
B-97_crop_00.jpg,bg_to_strip_inclusion,1,3,192,299,2,3,1,A
B-97_crop_00.jpg,bg_to_strip_inclusion,4,3,197,324,1,3,1,A
B-97_crop_00.jpg,bg_to_strip_inclusion,5,2,202,341,1,2,1,A
B-97_crop_00.jpg,bg_to_strip_inclusion,6,6,633,520,3,4,1,A
B-97_crop_00.jpg,bg_to_strip_inclusion,9,2,629,547,1,2,1,A
B-97_crop_00.jpg,bg_to_strip_inclusion,10,3,628,552,1,3,1,A
B-97_crop_00.jpg,bg_to_strip_inclusion,13,5,604,668,1,5,1,A
B-97_crop_00.jpg,bg_to_strip_inclusion,14,7,609,680,1,7,1,A
B-97_crop_00.jpg,bg_to_strip_inclusion,16,46,595,700,6,13,1,A
B-97_crop_00.jpg,bg_to_strip_inclusion,17,2,585,749,2,2,1,A
B-97_crop_00.jpg,bg_to_strip_inclusion,18,5,588,754,1,5,1,A
B-97_crop_00.jpg,bg_to_strip_inclusion,19,9,583,756,1,9,1,A
B-97_crop_00.jpg,bg_to_strip_inclusion,20,90,298,910,6,19,3,C
C-104_crop_01.jpg,bg_to_strip_inclusion,1,186,133,238,7,34,3,C
C-104_crop_01.jpg,bg_to_strip_inclusion,2,8,246,754,2,5,2,B
C-109_crop_00.jpg,bg_to_strip_inclusion,1,3,13,157,2,3,3,C
C-109_crop_00.jpg,bg_to_strip_inclusion,2,2,16,157,2,1,3,C
C-109_crop_00.jpg,bg_to_strip_inclusion,3,2,19,163,1,2,3,C
C-109_crop_00.jpg,bg_to_strip_inclusion,4,4,13,166,1,4,3,C
C-109_crop_00.jpg,bg_to_strip_inclusion,5,2,14,175,1,2,3,C
C-109_crop_00.jpg,bg_to_strip_inclusion,7,2,21,184,1,2,3,C
C-109_crop_00.jpg,bg_to_strip_inclusion,8,6,14,187,1,6,3,C
C-109_crop_00.jpg,bg_to_strip_inclusion,9,29,15,204,3,28,3,C
C-109_crop_00.jpg,bg_to_strip_inclusion,10,3,29,206,1,3,3,C
C-109_crop_00.jpg,bg_to_strip_inclusion,11,2,30,212,1,2,3,C
C-109_crop_00.jpg,bg_to_strip_inclusion,12,19,18,233,1,19,3,C
C-109_crop_00.jpg,bg_to_strip_inclusion,13,6,17,253,1,6,3,C
C-109_crop_00.jpg,bg_to_strip_inclusion,15,3,27,258,1,3,3,C
C-109_crop_00.jpg,bg_to_strip_inclusion,16,4,16,261,1,4,3,C
C-109_crop_00.jpg,bg_to_strip_inclusion,17,5,26,262,1,5,3,C
C-109_crop_00.jpg,bg_to_strip_inclusion,18,3,15,267,1,3,3,C
C-109_crop_00.jpg,bg_to_strip_inclusion,19,4,25,268,1,4,3,C
C-109_crop_00.jpg,bg_to_strip_inclusion,20,2,14,272,1,2,3,C
C-109_crop_00.jpg,bg_to_strip_inclusion,24,2,23,303,2,1,3,C
C-109_crop_00.jpg,bg_to_strip_inclusion,25,6,764,756,1,6,1,A
C-109_crop_00.jpg,bg_to_strip_inclusion,26,133,767,757,10,39,3,C
C-109_crop_00.jpg,bg_to_strip_inclusion,27,15,762,763,2,12,1,A
C-110_crop_00.jpg,bg_to_strip_inclusion,1,8,1012,85,4,3,1,A
C-110_crop_00.jpg,bg_to_strip_inclusion,2,2,1017,91,1,2,1,A
C-110_crop_00.jpg,bg_to_strip_inclusion,3,4,1018,98,1,4,1,A
C-110_crop_00.jpg,bg_to_strip_inclusion,4,25,1018,111,2,24,1,A
C-110_crop_00.jpg,bg_to_strip_inclusion,5,9,1017,149,3,4,1,A
C-110_crop_00.jpg,bg_to_strip_inclusion,6,146,298,588,8,26,3,C
C-110_crop_00.jpg,bg_to_strip_inclusion,7,2,207,616,2,1,3,C
C-110_crop_00.jpg,bg_to_strip_inclusion,8,4,206,618,1,4,3,C
C-110_crop_00.jpg,bg_to_strip_inclusion,11,9,206,644,2,6,3,C
C-110_crop_00.jpg,bg_to_strip_inclusion,12,6,199,653,1,6,3,C
C-110_crop_00.jpg,bg_to_strip_inclusion,13,2,198,664,1,2,3,C
C-110_crop_00.jpg,bg_to_strip_inclusion,14,4,198,678,1,4,3,C
C-110_crop_00.jpg,bg_to_strip_inclusion,15,7,205,685,1,7,3,C
C-110_crop_00.jpg,bg_to_strip_inclusion,16,3,197,701,1,3,3,C
C-110_crop_00.jpg,bg_to_strip_inclusion,17,15,196,706,1,15,3,C
C-110_crop_00.jpg,bg_to_strip_inclusion,18,9,206,706,1,9,3,C
C-110_crop_00.jpg,bg_to_strip_inclusion,19,3,193,787,3,2,3,C
C-110_crop_00.jpg,bg_to_strip_inclusion,21,10,197,795,1,10,3,C
C-110_crop_00.jpg,bg_to_strip_inclusion,22,4,192,819,1,4,3,C
C-110_crop_00.jpg,bg_to_strip_inclusion,23,11,198,819,2,11,3,C
C-110_crop_00.jpg,bg_to_strip_inclusion,24,9,200,831,4,8,3,C
C-110_crop_00.jpg,bg_to_strip_inclusion,26,2,195,843,1,2,3,C
C-110_crop_00.jpg,bg_to_strip_inclusion,28,2,209,869,1,2,3,C
C-110_crop_00.jpg,bg_to_strip_inclusion,29,28,210,879,2,25,3,C
C-110_crop_00.jpg,bg_to_strip_inclusion,30,4,193,904,1,4,3,C
C-110_crop_00.jpg,bg_to_strip_inclusion,31,10,192,910,1,10,3,C
C-110_crop_00.jpg,bg_to_strip_inclusion,34,6,193,922,1,6,3,C
C-110_crop_00.jpg,bg_to_strip_inclusion,35,19,194,934,2,17,3,C
C-110_crop_00.jpg,bg_to_strip_inclusion,36,29,208,936,2,23,3,C
C-110_crop_00.jpg,bg_to_strip_inclusion,38,2,200,963,1,2,3,C
C-110_crop_00.jpg,bg_to_strip_inclusion,39,3,201,966,1,3,3,C
C-110_crop_00.jpg,bg_to_strip_inclusion,40,8,208,966,2,6,3,C
C-49_crop_01.jpg,bg_to_strip_inclusion,1,64,505,541,6,55,1,A
C-49_crop_01.jpg,bg_to_strip_inclusion,2,5,516,558,1,5,1,A
C-49_crop_01.jpg,bg_to_strip_inclusion,3,3,517,565,1,3,1,A
C-49_crop_01.jpg,bg_to_strip_inclusion,5,4,518,585,1,4,1,A
C-49_crop_01.jpg,bg_to_strip_inclusion,8,2,515,596,2,2,1,A
C-49_crop_01.jpg,bg_to_strip_inclusion,9,22,499,919,4,14,1,A
C-49_crop_01.jpg,bg_to_strip_inclusion,11,12,497,960,2,11,1,A
C-49_crop_01.jpg,bg_to_strip_inclusion,12,20,505,989,1,20,1,A
C-49_crop_01.jpg,bg_to_strip_inclusion,13,4,506,1010,1,4,1,A
C-51_crop_00.jpg,bg_to_strip_inclusion,1,6,1007,165,1,6,1,A
C-51_crop_00.jpg,bg_to_strip_inclusion,2,14,1013,185,2,12,1,A
C-51_crop_00.jpg,bg_to_strip_inclusion,3,10,1007,224,1,10,1,A
C-51_crop_00.jpg,bg_to_strip_inclusion,4,11,1008,235,1,11,1,A
C-51_crop_00.jpg,bg_to_strip_inclusion,5,2,1015,243,1,2,1,A
C-51_crop_00.jpg,bg_to_strip_inclusion,7,8,1003,291,3,8,1,A
C-51_crop_00.jpg,bg_to_strip_inclusion,8,4,1001,300,2,4,1,A
C-51_crop_00.jpg,bg_to_strip_inclusion,12,11,996,315,2,11,1,A
C-51_crop_00.jpg,bg_to_strip_inclusion,15,3,988,393,1,3,3,C
C-51_crop_00.jpg,bg_to_strip_inclusion,16,70,986,397,3,51,3,C
C-51_crop_00.jpg,bg_to_strip_inclusion,17,13,996,402,3,9,3,C
C-51_crop_00.jpg,bg_to_strip_inclusion,18,2,998,430,1,2,3,C
C-51_crop_00.jpg,bg_to_strip_inclusion,19,14,997,435,2,13,3,C
C-51_crop_00.jpg,bg_to_strip_inclusion,21,2,997,452,1,2,3,C
C-51_crop_00.jpg,bg_to_strip_inclusion,22,17,982,455,3,14,3,C
C-51_crop_00.jpg,bg_to_strip_inclusion,23,11,994,455,3,9,3,C
C-51_crop_00.jpg,bg_to_strip_inclusion,24,4,993,466,1,4,3,C
C-51_crop_00.jpg,bg_to_strip_inclusion,25,62,971,470,11,45,3,C
C-51_crop_00.jpg,bg_to_strip_inclusion,26,3,988,489,1,3,3,C
C-51_crop_00.jpg,bg_to_strip_inclusion,27,16,987,496,1,16,3,C
C-51_crop_00.jpg,bg_to_strip_inclusion,28,5,985,514,2,5,3,C
C-51_crop_00.jpg,bg_to_strip_inclusion,29,3,970,516,1,3,3,C
C-51_crop_00.jpg,bg_to_strip_inclusion,30,2,969,520,1,2,3,C
C-51_crop_00.jpg,bg_to_strip_inclusion,31,3,968,523,1,3,3,C
C-51_crop_00.jpg,bg_to_strip_inclusion,32,3,967,527,1,3,3,C
C-51_crop_00.jpg,bg_to_strip_inclusion,34,2,957,556,1,2,3,C
C-51_crop_00.jpg,bg_to_strip_inclusion,36,2,956,559,1,2,3,C
C-51_crop_00.jpg,bg_to_strip_inclusion,37,12,964,563,4,10,3,C
C-51_crop_00.jpg,bg_to_strip_inclusion,38,2,923,613,2,2,3,C
C-51_crop_00.jpg,bg_to_strip_inclusion,39,4,920,616,3,4,3,C
C-51_crop_00.jpg,bg_to_strip_inclusion,40,744,703,618,54,196,3,C
C-51_crop_00.jpg,bg_to_strip_inclusion,43,10,915,626,3,10,3,C
C-51_crop_00.jpg,bg_to_strip_inclusion,44,15,915,651,1,15,3,C
C-51_crop_00.jpg,bg_to_strip_inclusion,45,32,961,654,5,10,3,C
C-51_crop_00.jpg,bg_to_strip_inclusion,46,2,926,667,1,2,3,C
C-51_crop_00.jpg,bg_to_strip_inclusion,47,193,912,668,5,111,3,C
C-51_crop_00.jpg,bg_to_strip_inclusion,48,19,926,690,1,19,3,C
C-51_crop_00.jpg,bg_to_strip_inclusion,49,34,747,694,5,21,3,C
C-51_crop_00.jpg,bg_to_strip_inclusion,50,3,927,710,1,3,3,C
C-51_crop_00.jpg,bg_to_strip_inclusion,51,64,736,721,9,38,3,C
C-51_crop_00.jpg,bg_to_strip_inclusion,52,2,925,723,1,2,3,C
C-51_crop_00.jpg,bg_to_strip_inclusion,53,31,914,794,2,22,3,C
C-51_crop_00.jpg,bg_to_strip_inclusion,55,14,699,815,6,9,3,C
C-51_crop_00.jpg,bg_to_strip_inclusion,56,14,916,820,2,11,3,C
C-51_crop_00.jpg,bg_to_strip_inclusion,57,78,669,828,18,29,2,B
C-51_crop_00.jpg,bg_to_strip_inclusion,59,2,680,843,1,2,2,B
C-51_crop_00.jpg,bg_to_strip_inclusion,60,4,678,846,2,4,2,B
C-51_crop_00.jpg,bg_to_strip_inclusion,61,3,677,851,1,3,2,B
C-51_crop_00.jpg,bg_to_strip_inclusion,63,645,663,860,14,153,3,C
C-51_crop_00.jpg,bg_to_strip_inclusion,64,3,1002,921,2,3,1,A
C-51_crop_00.jpg,bg_to_strip_inclusion,67,49,987,977,3,39,3,C
C-51_crop_00.jpg,bg_to_strip_inclusion,68,18,671,1004,2,15,2,B
C-51_crop_00.jpg,bg_to_strip_inclusion,69,5,662,1014,1,5,2,B
C-51_crop_00.jpg,bg_to_strip_inclusion,70,7,992,1021,4,3,3,C
C-54_crop_02.jpg,bg_to_strip_inclusion,1,110,123,319,5,25,1,A
C-54_crop_02.jpg,bg_to_strip_inclusion,2,171,402,960,6,32,3,C
C-67_crop_00.jpg,bg_to_strip_inclusion,1,20,855,327,5,9,3,C
C-67_crop_00.jpg,bg_to_strip_inclusion,2,12,851,333,3,10,3,C
C-67_crop_00.jpg,bg_to_strip_inclusion,4,31,844,357,3,17,3,C
C-67_crop_00.jpg,bg_to_strip_inclusion,5,36,840,393,6,20,3,C
C-67_crop_00.jpg,bg_to_strip_inclusion,6,3,839,414,1,3,3,C
C-67_crop_00.jpg,bg_to_strip_inclusion,7,30,848,417,2,19,3,C
C-67_crop_00.jpg,bg_to_strip_inclusion,8,3,838,418,1,3,3,C
C-67_crop_00.jpg,bg_to_strip_inclusion,9,2,837,423,1,2,3,C
C-67_crop_00.jpg,bg_to_strip_inclusion,11,2,835,448,1,2,3,C
C-67_crop_00.jpg,bg_to_strip_inclusion,12,3,834,452,1,3,3,C
C-67_crop_00.jpg,bg_to_strip_inclusion,13,10,847,453,1,10,3,C
C-67_crop_00.jpg,bg_to_strip_inclusion,14,10,832,456,2,10,3,C
C-67_crop_00.jpg,bg_to_strip_inclusion,15,4,831,468,1,4,3,C
C-67_crop_00.jpg,bg_to_strip_inclusion,16,20,846,471,1,20,3,C
C-67_crop_00.jpg,bg_to_strip_inclusion,17,4,830,474,1,4,3,C
C-67_crop_00.jpg,bg_to_strip_inclusion,18,3,515,476,2,3,1,A
C-67_crop_00.jpg,bg_to_strip_inclusion,19,12,828,479,2,12,3,C
C-67_crop_00.jpg,bg_to_strip_inclusion,22,27,825,493,4,25,3,C
C-67_crop_00.jpg,bg_to_strip_inclusion,24,19,505,500,5,16,1,A
C-67_crop_00.jpg,bg_to_strip_inclusion,25,22,834,505,7,9,3,C
C-67_crop_00.jpg,bg_to_strip_inclusion,26,25,514,517,2,18,1,A
C-67_crop_00.jpg,bg_to_strip_inclusion,27,13,506,542,3,8,1,A
C-67_crop_00.jpg,bg_to_strip_inclusion,29,14,835,602,7,3,3,C
C-67_crop_00.jpg,bg_to_strip_inclusion,30,31,842,611,2,27,3,C
C-67_crop_00.jpg,bg_to_strip_inclusion,32,5,834,619,1,5,3,C
C-67_crop_00.jpg,bg_to_strip_inclusion,34,10,829,639,3,10,3,C
C-67_crop_00.jpg,bg_to_strip_inclusion,35,6,830,657,6,3,3,C
C-67_crop_00.jpg,bg_to_strip_inclusion,37,16,577,736,3,16,1,A
C-67_crop_00.jpg,bg_to_strip_inclusion,38,2,581,736,2,2,1,A
C-67_crop_00.jpg,bg_to_strip_inclusion,39,3,583,742,1,3,1,A
C-67_crop_00.jpg,bg_to_strip_inclusion,40,4,582,750,1,4,1,A
C-67_crop_00.jpg,bg_to_strip_inclusion,41,7,576,753,1,7,1,A
C-67_crop_00.jpg,bg_to_strip_inclusion,42,2,581,756,1,2,1,A
C-67_crop_00.jpg,bg_to_strip_inclusion,44,5,576,762,4,3,1,A
C-67_crop_00.jpg,bg_to_strip_inclusion,45,4,513,992,4,1,1,A
C-67_crop_00.jpg,bg_to_strip_inclusion,48,47,509,998,9,26,1,A
C-71_crop_00.jpg,bg_to_strip_inclusion,3,2,133,146,1,2,3,C
C-71_crop_00.jpg,bg_to_strip_inclusion,4,3,132,151,1,3,3,C
C-71_crop_00.jpg,bg_to_strip_inclusion,8,2,121,225,1,2,3,C
C-71_crop_00.jpg,bg_to_strip_inclusion,9,2,120,230,1,2,3,C
C-71_crop_00.jpg,bg_to_strip_inclusion,10,2,119,236,1,2,3,C
C-71_crop_00.jpg,bg_to_strip_inclusion,11,12,136,261,3,8,3,C
C-71_crop_00.jpg,bg_to_strip_inclusion,12,6,135,286,1,6,3,C
C-71_crop_00.jpg,bg_to_strip_inclusion,14,8,136,327,2,7,3,C
C-71_crop_00.jpg,bg_to_strip_inclusion,15,2,122,335,1,2,3,C
C-71_crop_00.jpg,bg_to_strip_inclusion,16,2,123,341,1,2,3,C
C-71_crop_00.jpg,bg_to_strip_inclusion,17,3,124,347,1,3,3,C
C-71_crop_00.jpg,bg_to_strip_inclusion,19,2,50,397,2,1,3,C
C-71_crop_00.jpg,bg_to_strip_inclusion,20,4,53,403,1,4,3,C
C-71_crop_00.jpg,bg_to_strip_inclusion,21,5,52,410,1,5,3,C
C-71_crop_00.jpg,bg_to_strip_inclusion,22,2,44,419,1,2,3,C
C-71_crop_00.jpg,bg_to_strip_inclusion,24,2,41,433,1,2,3,C
C-71_crop_00.jpg,bg_to_strip_inclusion,25,2,40,438,1,2,3,C
C-71_crop_00.jpg,bg_to_strip_inclusion,27,4,43,445,3,3,3,C
C-75_crop_00.jpg,bg_to_strip_inclusion,1,3,622,13,2,2,1,A
C-75_crop_00.jpg,bg_to_strip_inclusion,3,16,621,16,1,16,1,A
C-75_crop_00.jpg,bg_to_strip_inclusion,5,2,623,47,1,2,1,A
C-75_crop_00.jpg,bg_to_strip_inclusion,6,9,624,59,1,9,1,A
C-75_crop_00.jpg,bg_to_strip_inclusion,7,3,633,74,1,3,1,A
C-75_crop_00.jpg,bg_to_strip_inclusion,8,10,626,82,1,10,1,A
C-75_crop_00.jpg,bg_to_strip_inclusion,10,2,625,96,1,2,1,A
C-75_crop_00.jpg,bg_to_strip_inclusion,11,4,631,117,1,4,1,A
C-75_crop_00.jpg,bg_to_strip_inclusion,13,3,962,234,2,2,1,A
C-75_crop_00.jpg,bg_to_strip_inclusion,15,13,964,242,1,13,1,A
C-75_crop_00.jpg,bg_to_strip_inclusion,16,6,959,275,1,6,1,A
C-75_crop_00.jpg,bg_to_strip_inclusion,17,14,957,282,2,14,1,A
C-75_crop_00.jpg,bg_to_strip_inclusion,18,4,568,409,1,4,1,A
C-75_crop_00.jpg,bg_to_strip_inclusion,19,3,569,418,1,3,1,A
C-75_crop_00.jpg,bg_to_strip_inclusion,20,5,576,418,1,5,1,A
C-75_crop_00.jpg,bg_to_strip_inclusion,21,5,570,424,1,5,1,A
C-75_crop_00.jpg,bg_to_strip_inclusion,23,5,571,434,1,5,1,A
C-75_crop_00.jpg,bg_to_strip_inclusion,24,5,575,462,3,3,1,A
C-75_crop_00.jpg,bg_to_strip_inclusion,25,3,91,468,3,2,3,C
C-75_crop_00.jpg,bg_to_strip_inclusion,26,3,90,472,1,3,3,C
C-75_crop_00.jpg,bg_to_strip_inclusion,27,4,96,473,1,4,3,C
C-75_crop_00.jpg,bg_to_strip_inclusion,28,4,574,490,1,4,1,A
C-75_crop_00.jpg,bg_to_strip_inclusion,29,9,89,494,1,9,3,C
C-75_crop_00.jpg,bg_to_strip_inclusion,30,7,568,501,1,7,1,A
C-75_crop_00.jpg,bg_to_strip_inclusion,31,2,576,505,1,2,1,A
C-75_crop_00.jpg,bg_to_strip_inclusion,32,7,569,509,1,7,1,A
C-75_crop_00.jpg,bg_to_strip_inclusion,33,2,577,509,1,2,1,A
C-75_crop_00.jpg,bg_to_strip_inclusion,35,8,570,517,1,8,1,A
C-75_crop_00.jpg,bg_to_strip_inclusion,36,3,571,560,1,3,1,A
C-75_crop_00.jpg,bg_to_strip_inclusion,37,2,582,564,1,2,1,A
C-75_crop_00.jpg,bg_to_strip_inclusion,38,2,573,575,1,2,1,A
C-75_crop_00.jpg,bg_to_strip_inclusion,39,15,349,863,8,9,3,C
C-75_crop_00.jpg,bg_to_strip_inclusion,40,4,348,873,1,4,3,C
C-75_crop_00.jpg,bg_to_strip_inclusion,41,20,453,872,12,9,1,A
C-75_crop_00.jpg,bg_to_strip_inclusion,43,6,347,878,1,6,3,C
C-75_crop_00.jpg,bg_to_strip_inclusion,44,2,354,882,1,2,3,C
C-75_crop_00.jpg,bg_to_strip_inclusion,45,3,353,886,1,3,3,C
C-75_crop_00.jpg,bg_to_strip_inclusion,46,2,352,890,1,2,3,C
C-75_crop_00.jpg,bg_to_strip_inclusion,47,28,346,893,6,7,3,C
C-75_crop_00.jpg,bg_to_strip_inclusion,50,6,461,895,2,6,1,A
C-75_crop_00.jpg,bg_to_strip_inclusion,52,2,460,902,1,2,1,A
C-75_crop_00.jpg,bg_to_strip_inclusion,54,2,348,914,1,2,3,C
C-75_crop_00.jpg,bg_to_strip_inclusion,55,15,342,916,1,15,3,C
C-75_crop_00.jpg,bg_to_strip_inclusion,56,2,792,926,2,1,3,C
C-75_crop_00.jpg,bg_to_strip_inclusion,57,4,791,928,1,4,3,C
C-75_crop_00.jpg,bg_to_strip_inclusion,58,6,790,934,1,6,3,C
C-75_crop_00.jpg,bg_to_strip_inclusion,59,32,337,936,5,22,3,C
C-75_crop_00.jpg,bg_to_strip_inclusion,60,5,789,946,1,5,3,C
C-75_crop_00.jpg,bg_to_strip_inclusion,61,2,336,959,1,2,3,C
C-75_crop_00.jpg,bg_to_strip_inclusion,65,2,331,976,1,2,3,C
C-75_crop_00.jpg,bg_to_strip_inclusion,67,4,329,990,1,4,3,C
C-75_crop_00.jpg,bg_to_strip_inclusion,68,4,328,1000,1,4,3,C
C-75_crop_00.jpg,bg_to_strip_inclusion,69,2,327,1008,1,2,3,C
C-76_crop_00.jpg,bg_to_strip_inclusion,1,523,99,351,13,172,3,C
C-76_crop_00.jpg,bg_to_strip_inclusion,2,7,114,357,4,5,3,C
C-76_crop_00.jpg,bg_to_strip_inclusion,5,18,124,409,2,17,3,C
C-76_crop_00.jpg,bg_to_strip_inclusion,6,10,125,434,2,7,3,C
C-76_crop_00.jpg,bg_to_strip_inclusion,7,3,127,442,1,3,3,C
C-76_crop_00.jpg,bg_to_strip_inclusion,9,7,124,458,2,6,3,C
C-76_crop_00.jpg,bg_to_strip_inclusion,10,4,123,465,1,4,3,C
C-76_crop_00.jpg,bg_to_strip_inclusion,12,2,120,490,1,2,3,C
C-76_crop_00.jpg,bg_to_strip_inclusion,13,11,121,493,3,9,3,C
C-76_crop_00.jpg,bg_to_strip_inclusion,14,9,115,510,3,8,3,C
C-76_crop_00.jpg,bg_to_strip_inclusion,16,24,102,524,4,19,3,C
C-76_crop_00.jpg,bg_to_strip_inclusion,20,2,120,547,1,2,3,C
C-76_crop_00.jpg,bg_to_strip_inclusion,25,3,124,563,1,3,3,C
C-76_crop_00.jpg,bg_to_strip_inclusion,26,8,111,576,1,8,3,C
C-76_crop_00.jpg,bg_to_strip_inclusion,28,3,113,613,1,3,3,C
C-76_crop_00.jpg,bg_to_strip_inclusion,29,7,111,625,2,5,3,C
C-76_crop_00.jpg,bg_to_strip_inclusion,31,2,109,634,1,2,3,C
C-76_crop_00.jpg,bg_to_strip_inclusion,32,2,108,638,1,2,3,C
C-76_crop_00.jpg,bg_to_strip_inclusion,33,2,119,643,1,2,3,C
C-76_crop_00.jpg,bg_to_strip_inclusion,34,5,107,645,2,4,3,C
C-76_crop_00.jpg,bg_to_strip_inclusion,35,92,479,644,7,18,3,C
C-76_crop_00.jpg,bg_to_strip_inclusion,36,3,120,649,1,3,3,C
C-76_crop_00.jpg,bg_to_strip_inclusion,37,3,107,652,1,3,3,C
C-76_crop_00.jpg,bg_to_strip_inclusion,38,10,120,657,2,7,3,C
C-76_crop_00.jpg,bg_to_strip_inclusion,39,10,105,665,2,9,3,C
C-76_crop_00.jpg,bg_to_strip_inclusion,40,8,118,675,3,5,3,C
C-76_crop_00.jpg,bg_to_strip_inclusion,41,11,103,678,2,9,3,C
C-76_crop_00.jpg,bg_to_strip_inclusion,42,5,105,699,2,4,3,C
C-76_crop_00.jpg,bg_to_strip_inclusion,43,2,119,710,1,2,3,C
C-76_crop_00.jpg,bg_to_strip_inclusion,44,2,105,715,1,2,3,C
C-76_crop_00.jpg,bg_to_strip_inclusion,45,13,100,729,3,9,3,C
C-76_crop_00.jpg,bg_to_strip_inclusion,46,5,99,746,1,5,3,C
C-76_crop_00.jpg,bg_to_strip_inclusion,47,9,100,753,1,9,3,C
C-76_crop_00.jpg,bg_to_strip_inclusion,48,3,118,764,1,3,3,C
C-76_crop_00.jpg,bg_to_strip_inclusion,49,3,100,767,1,3,3,C
C-76_crop_00.jpg,bg_to_strip_inclusion,50,3,101,780,1,3,3,C
C-76_crop_00.jpg,bg_to_strip_inclusion,51,5,120,784,1,5,3,C
C-76_crop_00.jpg,bg_to_strip_inclusion,52,13,102,788,1,13,3,C
C-76_crop_00.jpg,bg_to_strip_inclusion,54,9,117,802,3,6,3,C
C-76_crop_00.jpg,bg_to_strip_inclusion,56,13,108,816,7,8,3,C
C-77_crop_00.jpg,bg_to_strip_inclusion,1,16,605,307,2,14,3,C
C-77_crop_00.jpg,bg_to_strip_inclusion,2,2,613,317,1,2,3,C
C-77_crop_00.jpg,bg_to_strip_inclusion,3,13,614,328,1,13,3,C
C-77_crop_00.jpg,bg_to_strip_inclusion,4,24,602,330,3,17,3,C
C-77_crop_00.jpg,bg_to_strip_inclusion,5,12,602,353,1,12,3,C
C-77_crop_00.jpg,bg_to_strip_inclusion,6,13,613,357,1,13,3,C
C-77_crop_00.jpg,bg_to_strip_inclusion,7,35,613,381,9,28,3,C
C-77_crop_00.jpg,bg_to_strip_inclusion,8,45,601,386,5,30,3,C
C-77_crop_00.jpg,bg_to_strip_inclusion,9,50,606,417,15,27,3,C
C-77_crop_00.jpg,bg_to_strip_inclusion,11,15,608,458,2,10,3,C
C-77_crop_00.jpg,bg_to_strip_inclusion,12,13,615,460,1,13,3,C
C-77_crop_00.jpg,bg_to_strip_inclusion,13,3,607,470,1,3,3,C
C-77_crop_00.jpg,bg_to_strip_inclusion,14,2,607,483,1,2,3,C
C-77_crop_00.jpg,bg_to_strip_inclusion,16,4,614,485,1,4,3,C
C-77_crop_00.jpg,bg_to_strip_inclusion,17,5,608,487,1,5,3,C
C-77_crop_00.jpg,bg_to_strip_inclusion,18,14,609,493,2,11,3,C
C-77_crop_00.jpg,bg_to_strip_inclusion,19,8,612,525,1,8,3,C
C-77_crop_00.jpg,bg_to_strip_inclusion,20,3,611,539,1,3,3,C
C-77_crop_00.jpg,bg_to_strip_inclusion,21,3,610,543,1,3,3,C
C-77_crop_00.jpg,bg_to_strip_inclusion,22,7,609,548,1,7,3,C
C-77_crop_00.jpg,bg_to_strip_inclusion,23,10,612,579,5,4,3,C
C-77_crop_00.jpg,bg_to_strip_inclusion,25,2,616,603,1,2,3,C
C-77_crop_00.jpg,bg_to_strip_inclusion,26,5,617,607,1,5,3,C
C-77_crop_00.jpg,bg_to_strip_inclusion,27,2,622,606,1,2,3,C
C-77_crop_00.jpg,bg_to_strip_inclusion,28,3,617,619,1,3,3,C
C-77_crop_00.jpg,bg_to_strip_inclusion,29,7,625,623,1,7,3,C
C-77_crop_00.jpg,bg_to_strip_inclusion,30,8,618,625,2,8,3,C
C-79_crop_02.jpg,bg_to_strip_inclusion,1,6,216,22,5,2,3,C
C-79_crop_02.jpg,bg_to_strip_inclusion,3,10,219,53,1,10,3,C
C-79_crop_02.jpg,bg_to_strip_inclusion,4,2,225,54,1,2,3,C
C-79_crop_02.jpg,bg_to_strip_inclusion,6,3,224,64,2,3,3,C
C-79_crop_02.jpg,bg_to_strip_inclusion,7,85,786,933,6,17,1,A
C-80_crop_00.jpg,bg_to_strip_inclusion,1,47,273,1,5,11,3,C
C-80_crop_00.jpg,bg_to_strip_inclusion,2,9,982,345,4,7,3,C
C-80_crop_00.jpg,bg_to_strip_inclusion,3,4,988,352,1,4,3,C
C-80_crop_00.jpg,bg_to_strip_inclusion,5,9,980,370,1,9,3,C
C-80_crop_00.jpg,bg_to_strip_inclusion,6,14,981,383,2,11,3,C
C-80_crop_00.jpg,bg_to_strip_inclusion,7,12,980,399,1,12,3,C
C-80_crop_00.jpg,bg_to_strip_inclusion,8,414,587,415,14,60,3,C
C-80_crop_00.jpg,bg_to_strip_inclusion,9,2,988,438,1,2,3,C
C-80_crop_00.jpg,bg_to_strip_inclusion,10,192,539,448,6,38,3,C
C-80_crop_00.jpg,bg_to_strip_inclusion,12,27,981,455,2,25,3,C
C-80_crop_00.jpg,bg_to_strip_inclusion,13,3,990,463,1,3,3,C
C-80_crop_00.jpg,bg_to_strip_inclusion,14,14,983,484,2,12,3,C
C-80_crop_00.jpg,bg_to_strip_inclusion,15,10,839,561,2,6,1,A
C-80_crop_00.jpg,bg_to_strip_inclusion,16,62,1013,817,4,20,3,C
C-81_crop_01.jpg,bg_to_strip_inclusion,1,5,468,107,2,4,1,A
C-81_crop_01.jpg,bg_to_strip_inclusion,2,8,467,113,1,8,1,A
C-81_crop_01.jpg,bg_to_strip_inclusion,3,9,466,128,1,9,1,A
C-81_crop_01.jpg,bg_to_strip_inclusion,4,7,471,134,1,7,1,A
C-81_crop_01.jpg,bg_to_strip_inclusion,5,2,471,149,1,2,1,A
C-81_crop_01.jpg,bg_to_strip_inclusion,7,2,464,158,1,2,1,A
C-81_crop_01.jpg,bg_to_strip_inclusion,8,2,14,325,2,1,3,C
C-81_crop_01.jpg,bg_to_strip_inclusion,9,10,12,334,1,10,3,C
C-81_crop_01.jpg,bg_to_strip_inclusion,10,2,18,348,1,2,3,C
C-81_crop_01.jpg,bg_to_strip_inclusion,11,2,14,353,2,1,3,C
C-81_crop_01.jpg,bg_to_strip_inclusion,12,2,546,655,1,2,3,C
C-81_crop_01.jpg,bg_to_strip_inclusion,13,3,545,659,1,3,3,C
C-81_crop_01.jpg,bg_to_strip_inclusion,15,2,543,671,1,2,3,C
C-81_crop_01.jpg,bg_to_strip_inclusion,16,2,542,674,1,2,3,C
C-81_crop_01.jpg,bg_to_strip_inclusion,17,2,547,681,1,2,3,C
C-81_crop_01.jpg,bg_to_strip_inclusion,18,28,538,687,4,19,3,C
C-81_crop_01.jpg,bg_to_strip_inclusion,19,33,546,688,3,29,3,C
C-81_crop_01.jpg,bg_to_strip_inclusion,20,20,539,709,3,15,3,C
C-81_crop_01.jpg,bg_to_strip_inclusion,21,5,547,720,1,5,3,C
C-81_crop_01.jpg,bg_to_strip_inclusion,24,4,537,735,1,4,3,C
C-81_crop_01.jpg,bg_to_strip_inclusion,25,6,536,740,1,6,3,C
C-81_crop_01.jpg,bg_to_strip_inclusion,26,2,548,747,1,2,3,C
C-81_crop_01.jpg,bg_to_strip_inclusion,27,19,542,760,3,11,3,C
C-81_crop_01.jpg,bg_to_strip_inclusion,28,4,545,773,1,4,3,C
C-81_crop_01.jpg,bg_to_strip_inclusion,29,4,546,781,1,4,3,C
C-81_crop_01.jpg,bg_to_strip_inclusion,30,11,547,786,3,11,3,C
C-81_crop_01.jpg,bg_to_strip_inclusion,33,3,551,807,1,3,3,C
C-81_crop_01.jpg,bg_to_strip_inclusion,34,14,540,810,1,14,3,C
C-81_crop_01.jpg,bg_to_strip_inclusion,35,12,551,831,1,12,3,C
C-81_crop_01.jpg,bg_to_strip_inclusion,36,14,540,841,1,14,3,C
C-81_crop_01.jpg,bg_to_strip_inclusion,37,7,539,859,1,7,3,C
C-81_crop_01.jpg,bg_to_strip_inclusion,38,19,536,868,3,14,3,C
C-81_crop_01.jpg,bg_to_strip_inclusion,40,7,545,877,2,7,3,C
C-81_crop_01.jpg,bg_to_strip_inclusion,41,44,535,888,2,29,3,C
C-81_crop_01.jpg,bg_to_strip_inclusion,42,13,544,898,1,13,3,C
C-81_crop_01.jpg,bg_to_strip_inclusion,43,12,541,918,2,9,3,C
C-81_crop_01.jpg,bg_to_strip_inclusion,44,20,534,935,1,20,3,C
C-81_crop_01.jpg,bg_to_strip_inclusion,45,3,539,941,1,3,3,C
C-88_crop_01.jpg,bg_to_strip_inclusion,1,158,637,363,11,35,3,C
C-88_crop_01.jpg,bg_to_strip_inclusion,2,121,320,491,10,19,3,C
C-90_crop_00.jpg,bg_to_strip_inclusion,1,10,30,73,5,5,3,C
C-90_crop_00.jpg,bg_to_strip_inclusion,2,7,35,76,1,7,3,C
C-90_crop_00.jpg,bg_to_strip_inclusion,4,4,28,91,1,4,3,C
C-90_crop_00.jpg,bg_to_strip_inclusion,5,2,34,95,1,2,3,C
C-90_crop_00.jpg,bg_to_strip_inclusion,7,4,783,594,4,3,3,C
C-90_crop_00.jpg,bg_to_strip_inclusion,8,13,781,601,2,10,3,C
C-90_crop_00.jpg,bg_to_strip_inclusion,9,6,782,613,1,6,3,C
C-90_crop_00.jpg,bg_to_strip_inclusion,10,67,779,620,6,47,3,C
C-90_crop_00.jpg,bg_to_strip_inclusion,13,2,785,666,1,2,3,C
C-90_crop_00.jpg,bg_to_strip_inclusion,14,3,778,668,1,3,3,C
C-90_crop_00.jpg,bg_to_strip_inclusion,16,3,777,672,1,3,3,C
C-90_crop_00.jpg,bg_to_strip_inclusion,17,2,776,677,1,2,3,C
C-90_crop_00.jpg,bg_to_strip_inclusion,19,7,780,692,1,7,3,C
C-90_crop_00.jpg,bg_to_strip_inclusion,20,4,774,696,1,4,3,C
C-90_crop_00.jpg,bg_to_strip_inclusion,22,7,768,719,1,7,3,C
C-90_crop_00.jpg,bg_to_strip_inclusion,24,18,771,748,3,18,3,C
C-90_crop_00.jpg,bg_to_strip_inclusion,25,11,764,763,3,10,3,C
C-90_crop_00.jpg,bg_to_strip_inclusion,26,11,763,774,1,11,3,C
C-90_crop_00.jpg,bg_to_strip_inclusion,27,12,769,775,1,12,3,C
C-90_crop_00.jpg,bg_to_strip_inclusion,30,2,764,806,1,2,3,C
C-90_crop_00.jpg,bg_to_strip_inclusion,31,11,756,808,4,9,3,C
C-92_crop_00.jpg,bg_to_strip_inclusion,1,2,520,26,1,2,3,C
C-92_crop_00.jpg,bg_to_strip_inclusion,2,11,515,30,5,10,1,A
C-92_crop_00.jpg,bg_to_strip_inclusion,6,2,511,47,1,2,1,A
C-92_crop_00.jpg,bg_to_strip_inclusion,7,16,533,48,2,12,1,A
C-92_crop_00.jpg,bg_to_strip_inclusion,8,8,512,62,2,5,1,A
C-92_crop_00.jpg,bg_to_strip_inclusion,9,2,512,73,1,2,1,A
C-92_crop_00.jpg,bg_to_strip_inclusion,10,13,511,83,1,13,1,A
C-92_crop_00.jpg,bg_to_strip_inclusion,12,2,513,107,1,2,1,A
C-92_crop_00.jpg,bg_to_strip_inclusion,13,2,514,110,1,2,1,A
C-92_crop_00.jpg,bg_to_strip_inclusion,14,2,515,114,1,2,1,A
C-92_crop_00.jpg,bg_to_strip_inclusion,18,17,521,132,11,13,1,A
C-92_crop_00.jpg,bg_to_strip_inclusion,20,4,499,421,1,4,1,A
C-92_crop_00.jpg,bg_to_strip_inclusion,21,5,498,433,1,5,1,A
C-92_crop_00.jpg,bg_to_strip_inclusion,22,5,497,440,1,5,1,A
C-92_crop_00.jpg,bg_to_strip_inclusion,23,4,496,447,1,4,1,A
C-92_crop_00.jpg,bg_to_strip_inclusion,24,3,495,455,1,3,1,A
C-92_crop_00.jpg,bg_to_strip_inclusion,25,62,487,471,8,55,1,A
C-92_crop_00.jpg,bg_to_strip_inclusion,26,110,486,538,4,76,1,A
C-92_crop_00.jpg,bg_to_strip_inclusion,28,6,502,581,1,6,1,A
C-92_crop_00.jpg,bg_to_strip_inclusion,29,2,485,615,1,2,1,A
C-92_crop_00.jpg,bg_to_strip_inclusion,31,2,497,617,1,2,1,A
C-92_crop_00.jpg,bg_to_strip_inclusion,32,5,494,635,1,5,1,A
C-92_crop_00.jpg,bg_to_strip_inclusion,33,4,482,637,1,4,1,A
C-92_crop_00.jpg,bg_to_strip_inclusion,34,6,493,642,1,6,1,A
C-92_crop_00.jpg,bg_to_strip_inclusion,35,2,481,644,1,2,1,A
C-92_crop_00.jpg,bg_to_strip_inclusion,36,5,492,652,1,5,1,A
C-92_crop_00.jpg,bg_to_strip_inclusion,37,10,480,658,1,10,1,A
C-92_crop_00.jpg,bg_to_strip_inclusion,38,2,491,662,1,2,1,A
C-92_crop_00.jpg,bg_to_strip_inclusion,39,5,479,673,1,5,1,A
C-92_crop_00.jpg,bg_to_strip_inclusion,40,4,478,680,1,4,1,A
C-92_crop_00.jpg,bg_to_strip_inclusion,42,11,477,697,1,11,1,A
C-92_crop_00.jpg,bg_to_strip_inclusion,43,19,481,719,4,18,1,A
C-92_crop_00.jpg,bg_to_strip_inclusion,45,3,479,764,1,3,1,A
C-92_crop_00.jpg,bg_to_strip_inclusion,46,15,476,768,3,14,1,A
C-92_crop_00.jpg,bg_to_strip_inclusion,47,3,475,783,1,3,1,A
C-92_crop_00.jpg,bg_to_strip_inclusion,48,2,474,787,1,2,1,A
C-92_crop_00.jpg,bg_to_strip_inclusion,50,13,471,803,2,13,1,A
C-95_crop_00.jpg,bg_to_strip_inclusion,1,20,391,9,8,12,1,A
C-95_crop_00.jpg,bg_to_strip_inclusion,2,6,390,22,1,6,1,A
C-95_crop_00.jpg,bg_to_strip_inclusion,3,6,389,29,1,6,1,A
C-95_crop_00.jpg,bg_to_strip_inclusion,4,2,388,39,1,2,1,A
C-95_crop_00.jpg,bg_to_strip_inclusion,5,3,189,49,3,1,3,C
C-95_crop_00.jpg,bg_to_strip_inclusion,8,39,385,61,2,39,1,A
C-95_crop_00.jpg,bg_to_strip_inclusion,9,2,182,62,1,2,3,C
C-95_crop_00.jpg,bg_to_strip_inclusion,10,32,177,65,5,19,3,C
C-95_crop_00.jpg,bg_to_strip_inclusion,11,7,186,90,2,6,3,C
C-95_crop_00.jpg,bg_to_strip_inclusion,12,2,384,102,1,2,1,A
C-95_crop_00.jpg,bg_to_strip_inclusion,15,2,382,111,1,2,1,A
C-95_crop_00.jpg,bg_to_strip_inclusion,16,10,167,112,3,10,3,C
C-95_crop_00.jpg,bg_to_strip_inclusion,17,4,166,124,1,4,3,C
C-95_crop_00.jpg,bg_to_strip_inclusion,18,4,165,130,1,4,3,C
C-95_crop_00.jpg,bg_to_strip_inclusion,19,3,260,134,3,2,3,C
C-95_crop_00.jpg,bg_to_strip_inclusion,24,3,167,151,1,3,3,C
C-95_crop_00.jpg,bg_to_strip_inclusion,27,4,251,168,2,4,3,C
C-95_crop_00.jpg,bg_to_strip_inclusion,29,3,254,206,1,3,3,C
C-95_crop_00.jpg,bg_to_strip_inclusion,30,14,952,510,6,11,1,A
C-95_crop_00.jpg,bg_to_strip_inclusion,32,3,951,522,1,3,1,A
C-95_crop_00.jpg,bg_to_strip_inclusion,33,2,956,539,1,2,1,A
C-95_crop_00.jpg,bg_to_strip_inclusion,34,4,950,554,1,4,1,A
C-95_crop_00.jpg,bg_to_strip_inclusion,35,2,951,560,1,2,1,A
C-95_crop_00.jpg,bg_to_strip_inclusion,36,2,952,563,2,2,1,A
C-95_crop_00.jpg,bg_to_strip_inclusion,38,7,1,721,4,3,1,A
C-95_crop_00.jpg,bg_to_strip_inclusion,39,3,0,730,1,3,1,A
C-95_crop_00.jpg,bg_to_strip_inclusion,40,5,1,738,1,5,1,A
C-95_crop_00.jpg,bg_to_strip_inclusion,41,12,2,744,2,11,1,A
C-95_crop_00.jpg,bg_to_strip_inclusion,42,5,9,765,3,3,1,A
C-95_crop_00.jpg,bg_to_strip_inclusion,43,70,958,773,5,18,1,A
C-95_crop_00.jpg,bg_to_strip_inclusion,44,8,20,973,7,7,1,A
C-95_crop_00.jpg,bg_to_strip_inclusion,45,7,23,1001,4,7,1,A
C-95_crop_00.jpg,bg_to_strip_inclusion,47,2,28,1011,1,2,1,A
C-95_crop_00.jpg,bg_to_strip_inclusion,48,5,33,1016,2,5,1,A
C-98_crop_02.jpg,bg_to_strip_inclusion,1,11,236,516,3,6,3,C
C-99_crop_00.jpg,bg_to_strip_inclusion,1,5,789,52,2,5,3,C
C-99_crop_00.jpg,bg_to_strip_inclusion,2,5,790,102,1,5,3,C
C-99_crop_00.jpg,bg_to_strip_inclusion,3,2,789,111,1,2,3,C
C-99_crop_00.jpg,bg_to_strip_inclusion,6,2,786,127,1,2,3,C
C-99_crop_00.jpg,bg_to_strip_inclusion,7,2,785,138,1,2,3,C
C-99_crop_00.jpg,bg_to_strip_inclusion,9,12,421,141,1,12,1,A
C-99_crop_00.jpg,bg_to_strip_inclusion,10,2,793,140,1,2,3,C
C-99_crop_00.jpg,bg_to_strip_inclusion,12,5,791,157,1,5,3,C
C-99_crop_00.jpg,bg_to_strip_inclusion,13,2,780,425,2,2,3,C
C-99_crop_00.jpg,bg_to_strip_inclusion,14,2,786,444,1,2,3,C
C-99_crop_00.jpg,bg_to_strip_inclusion,15,5,189,651,2,3,1,A
C-99_crop_00.jpg,bg_to_strip_inclusion,16,3,193,653,1,3,1,A
C-99_crop_00.jpg,bg_to_strip_inclusion,17,6,188,655,1,6,1,A
C-99_crop_00.jpg,bg_to_strip_inclusion,18,3,187,672,1,3,1,A
C-99_crop_00.jpg,bg_to_strip_inclusion,19,2,192,680,1,2,1,A
C-99_crop_00.jpg,bg_to_strip_inclusion,21,3,3,729,3,2,1,A
C-99_crop_00.jpg,bg_to_strip_inclusion,22,49,0,737,3,33,1,A
C-99_crop_00.jpg,bg_to_strip_inclusion,23,2,1,779,1,2,1,A
C-99_crop_00.jpg,bg_to_strip_inclusion,24,7,5,781,3,6,1,A
D-137_crop_01.jpg,bg_to_D,1,35,501,388,21,12,4,D
D-137_crop_01.jpg,bg_to_D,3,2,523,398,1,2,4,D
D-137_crop_01.jpg,bg_to_D,6,2,519,408,2,2,4,D
D-140_crop_01.jpg,bg_to_strip_inclusion,1,59,846,34,5,15,1,A
D-140_crop_01.jpg,bg_to_strip_inclusion,2,2,845,240,1,2,1,A
D-144_crop_00.jpg,bg_to_strip_inclusion,1,47,221,18,4,15,1,A
D-144_crop_00.jpg,bg_to_strip_inclusion,7,2,121,39,1,2,1,A
D-144_crop_00.jpg,bg_to_strip_inclusion,8,7,120,43,1,7,1,A
D-144_crop_00.jpg,bg_to_strip_inclusion,9,8,122,49,4,4,1,A
D-144_crop_00.jpg,bg_to_strip_inclusion,11,5,252,86,1,5,1,A
D-144_crop_00.jpg,bg_to_strip_inclusion,12,3,247,96,3,2,1,A
D-144_crop_00.jpg,bg_to_strip_inclusion,14,3,256,226,1,3,1,A
D-144_crop_00.jpg,bg_to_strip_inclusion,15,3,255,230,1,3,1,A
D-144_crop_00.jpg,bg_to_strip_inclusion,16,4,261,232,1,4,1,A
D-144_crop_00.jpg,bg_to_strip_inclusion,21,14,251,287,4,11,1,A
D-144_crop_00.jpg,bg_to_strip_inclusion,22,5,246,292,3,5,1,A
D-144_crop_00.jpg,bg_to_strip_inclusion,23,6,234,317,4,3,1,A
D-144_crop_00.jpg,bg_to_strip_inclusion,24,8,234,330,1,8,1,A
D-144_crop_00.jpg,bg_to_strip_inclusion,26,2,234,348,2,2,1,A
D-144_crop_00.jpg,bg_to_strip_inclusion,27,119,0,954,5,29,1,A
D-144_crop_00.jpg,bg_to_D,2,15,708,319,6,12,4,D
D-162_crop_00.jpg,bg_to_D,1,54,997,192,26,14,4,D
D-162_crop_00.jpg,bg_to_D,2,4,996,202,1,4,4,D
D-162_crop_00.jpg,bg_to_D,4,35,72,864,19,11,4,D
D-162_crop_00.jpg,bg_to_D,7,2,64,869,2,2,4,D
D-162_crop_00.jpg,bg_to_D,8,8,61,872,3,8,4,D
D-162_crop_00.jpg,bg_to_D,9,4,91,876,1,4,4,D
D-162_crop_00.jpg,bg_to_D,10,2,61,881,1,2,4,D
D-169_crop_00.jpg,bg_to_D,1,4,875,571,4,1,4,D
D-169_crop_00.jpg,bg_to_D,2,3,880,571,3,1,4,D
D-169_crop_00.jpg,bg_to_D,6,270,891,825,19,19,4,D
D-173_crop_00.jpg,bg_to_D,2,2,881,651,1,2,4,D
D-173_crop_00.jpg,bg_to_D,4,4,883,657,4,4,4,D
D-176_crop_00.jpg,bg_to_D,1,52,773,35,10,27,4,D
D-176_crop_00.jpg,bg_to_D,2,44,800,43,10,23,4,D
D-180_crop_00.jpg,bg_to_D,1,4,792,875,4,4,4,D
D-180_crop_00.jpg,bg_to_D,2,2,798,874,2,1,4,D
D-180_crop_00.jpg,bg_to_D,4,2,791,881,1,2,4,D
D-180_crop_00.jpg,bg_to_D,5,3,791,884,1,3,4,D
D-180_crop_00.jpg,bg_to_D,6,9,792,888,8,5,4,D
D-180_crop_00.jpg,bg_to_D,7,2,801,892,2,1,4,D
D-180_crop_01.jpg,bg_to_strip_inclusion,1,51,299,636,5,16,1,A
D-183_crop_01.jpg,bg_to_D,3,2,184,261,1,2,4,D
D-183_crop_01.jpg,bg_to_D,4,2,196,261,1,2,4,D
D-183_crop_01.jpg,bg_to_D,5,2,184,264,1,2,4,D
D-183_crop_01.jpg,bg_to_D,6,2,196,264,1,2,4,D
D-183_crop_01.jpg,bg_to_D,9,393,1005,625,19,28,4,D
D-183_crop_02.jpg,bg_to_D,1,8,1018,739,5,7,4,D
D-183_crop_02.jpg,bg_to_D,2,2,1015,746,2,1,4,D
D-183_crop_02.jpg,bg_to_D,3,15,141,755,4,13,4,D
D-186_crop_00.jpg,bg_to_D,1,5,546,0,5,3,4,D
D-186_crop_00.jpg,bg_to_D,2,6,552,0,5,3,4,D
D-186_crop_00.jpg,bg_to_D,3,2,545,4,1,2,4,D
D-186_crop_00.jpg,bg_to_D,4,2,557,4,1,2,4,D
D-186_crop_00.jpg,bg_to_D,5,10,137,543,8,2,4,D
D-186_crop_00.jpg,bg_to_D,7,20,150,548,6,15,4,D
D-186_crop_00.jpg,bg_to_D,8,2,126,559,1,2,4,D
D-186_crop_00.jpg,bg_to_D,10,4,129,567,4,4,4,D
D-186_crop_00.jpg,bg_to_D,11,23,134,567,18,7,4,D
D-186_crop_00.jpg,bg_to_D,16,13,320,724,9,8,4,D
D-186_crop_00.jpg,bg_to_D,17,2,354,724,2,2,4,D
D-186_crop_00.jpg,bg_to_D,20,4,342,773,4,1,4,D
D-186_crop_00.jpg,bg_to_D,21,8,379,991,4,7,4,D
D-186_crop_00.jpg,bg_to_D,23,2,361,999,1,2,4,D
D-186_crop_00.jpg,bg_to_D,24,2,381,999,1,2,4,D
D-187_crop_00.jpg,bg_to_strip_inclusion,1,2,452,134,1,2,2,B
D-187_crop_00.jpg,bg_to_strip_inclusion,2,4,453,138,1,4,2,B
D-187_crop_00.jpg,bg_to_strip_inclusion,3,2,453,143,1,2,2,B
D-187_crop_00.jpg,bg_to_strip_inclusion,6,3,448,154,3,3,2,B
D-187_crop_00.jpg,bg_to_strip_inclusion,7,422,421,159,25,41,2,B
D-187_crop_00.jpg,bg_to_strip_inclusion,8,176,921,329,8,28,3,C
D0624-11_crop_01.jpg,bg_to_D,1,24,466,245,6,5,4,D
D0624-11_crop_01.jpg,bg_to_D,2,50,588,733,8,9,4,D
D0624-13_crop_00.jpg,bg_to_D,1,2,856,22,2,1,4,D
D0624-13_crop_00.jpg,bg_to_D,2,2,859,23,2,2,4,D
D0624-13_crop_00.jpg,bg_to_D,3,2,861,26,1,2,4,D
D0624-13_crop_00.jpg,bg_to_D,4,2,861,29,1,2,4,D
D0624-13_crop_00.jpg,bg_to_D,7,3,936,223,3,2,4,D
D0624-13_crop_00.jpg,bg_to_D,8,2,933,224,2,1,4,D
D0624-13_crop_00.jpg,bg_to_D,9,3,781,834,3,3,4,D
D0624-13_crop_00.jpg,bg_to_D,10,2,780,838,1,2,4,D
D0624-13_crop_00.jpg,bg_to_D,16,39,226,906,7,7,4,D
D0624-21_crop_00.jpg,bg_to_D,1,2,366,111,2,1,4,D
D0624-21_crop_00.jpg,bg_to_D,2,2,369,111,2,1,4,D
D0624-21_crop_00.jpg,bg_to_D,3,5,362,112,3,5,4,D
D0624-21_crop_00.jpg,bg_to_D,4,6,372,112,3,5,4,D
D0624-21_crop_00.jpg,bg_to_D,5,2,362,118,1,2,4,D
D0624-21_crop_00.jpg,bg_to_D,6,2,823,210,2,1,4,D
D0624-21_crop_00.jpg,bg_to_D,7,2,826,210,2,1,4,D
D0624-21_crop_00.jpg,bg_to_D,8,2,830,213,1,2,4,D
D0624-21_crop_00.jpg,bg_to_D,12,44,77,400,8,8,4,D
D0624-21_crop_00.jpg,bg_to_D,13,59,305,559,9,9,4,D
D0624-21_crop_00.jpg,bg_to_D,14,42,207,946,14,14,4,D
D0624-21_crop_00.jpg,bg_to_D,15,5,207,954,3,5,4,D
D0624-21_crop_00.jpg,bg_to_D,16,2,211,959,2,1,4,D
D0624-21_crop_02.jpg,bg_to_D,1,17,554,797,9,5,4,D
D0624-21_crop_02.jpg,bg_to_D,2,5,554,803,4,4,4,D
D0624-21_crop_02.jpg,bg_to_D,6,28,31,995,6,6,4,D
D0624-22_crop_00.jpg,bg_to_D,1,5,930,17,4,4,4,D
D0624-22_crop_00.jpg,bg_to_D,2,5,935,17,4,4,4,D
D0624-22_crop_00.jpg,bg_to_D,3,15,930,22,9,5,4,D
D0624-22_crop_00.jpg,bg_to_D,5,7,810,213,5,5,4,D
D0624-22_crop_00.jpg,bg_to_D,8,2,518,417,1,2,4,D
D0624-22_crop_00.jpg,bg_to_D,9,2,516,420,2,2,4,D
D0624-22_crop_00.jpg,bg_to_D,11,2,513,422,2,1,4,D
D0624-22_crop_00.jpg,bg_to_D,12,4,258,949,2,4,4,D
D0624-22_crop_00.jpg,bg_to_D,13,2,261,948,2,1,4,D
D0624-22_crop_00.jpg,bg_to_D,15,2,258,954,1,2,4,D
D0624-22_crop_00.jpg,bg_to_D,17,2,261,958,2,1,4,D
D0624-22_crop_02.jpg,bg_to_D,1,8,368,375,6,6,4,D
D0624-22_crop_02.jpg,bg_to_D,2,2,375,375,2,1,4,D
D0624-22_crop_02.jpg,bg_to_D,3,2,378,376,2,2,4,D
D0624-22_crop_02.jpg,bg_to_D,4,2,380,379,1,2,4,D
D0624-22_crop_02.jpg,bg_to_D,5,24,368,382,13,7,4,D
D0624-23_crop_02.jpg,bg_to_D,1,48,336,800,7,9,4,D
D0624-24_crop_00.jpg,bg_to_D,9,2,76,510,2,1,4,D
D0624-24_crop_00.jpg,bg_to_D,10,2,79,510,2,1,4,D
D0624-24_crop_00.jpg,bg_to_D,11,2,73,513,1,2,4,D
D0624-24_crop_00.jpg,bg_to_D,12,2,83,513,1,2,4,D
D0624-24_crop_00.jpg,bg_to_D,13,2,73,516,1,2,4,D
D0624-24_crop_00.jpg,bg_to_D,15,62,708,527,8,9,4,D
D0624-24_crop_00.jpg,bg_to_D,16,41,654,545,6,8,4,D
D0624-24_crop_00.jpg,bg_to_D,17,2,792,549,2,2,4,D
D0624-24_crop_00.jpg,bg_to_D,18,14,804,551,4,9,4,D
D0624-24_crop_00.jpg,bg_to_D,20,4,792,563,2,3,4,D
D0624-24_crop_00.jpg,bg_to_D,24,7,13,834,5,5,4,D
D0624-24_crop_00.jpg,bg_to_D,26,43,815,882,8,7,4,D
D0624-25_crop_00.jpg,bg_to_D,1,2,761,535,2,1,4,D
D0624-25_crop_00.jpg,bg_to_D,2,2,764,535,2,1,4,D
D0624-25_crop_00.jpg,bg_to_D,6,2,768,541,1,2,4,D
D0624-25_crop_00.jpg,bg_to_D,7,2,761,545,2,1,4,D
D0624-25_crop_00.jpg,bg_to_D,8,4,764,544,4,2,4,D
D0624-25_crop_00.jpg,bg_to_D,9,4,17,733,2,4,4,D
D0624-25_crop_00.jpg,bg_to_D,10,2,20,732,2,1,4,D
D0624-25_crop_00.jpg,bg_to_D,12,2,27,735,1,2,4,D
D0624-25_crop_00.jpg,bg_to_D,13,20,17,738,11,6,4,D
D0624-25_crop_00.jpg,bg_to_D,15,2,572,839,2,1,4,D
D0624-25_crop_00.jpg,bg_to_D,16,2,575,839,2,1,4,D
D0624-26_crop_02.jpg,bg_to_D,1,19,106,320,5,9,4,D
D0624-26_crop_02.jpg,bg_to_D,2,3,112,320,3,2,4,D
D0624-27_crop_02.jpg,bg_to_D,1,36,850,380,7,7,4,D
D0624-27_crop_02.jpg,bg_to_D,5,2,393,466,1,2,4,D
D0624-27_crop_02.jpg,bg_to_D,6,2,393,469,1,2,4,D
D0624-27_crop_02.jpg,bg_to_D,7,40,586,548,13,8,4,D
D0624-27_crop_02.jpg,bg_to_D,8,2,599,554,1,2,4,D
D0624-27_crop_02.jpg,bg_to_D,10,2,637,930,2,1,4,D
D0624-30_crop_00.jpg,bg_to_D,1,19,229,17,6,4,4,D
D0624-30_crop_00.jpg,bg_to_D,3,2,93,88,2,1,4,D
D0624-30_crop_00.jpg,bg_to_D,6,3,85,95,1,3,4,D
D0624-30_crop_00.jpg,bg_to_D,7,3,85,99,1,3,4,D
D0624-30_crop_00.jpg,bg_to_D,9,41,763,252,11,10,4,D
D0624-30_crop_00.jpg,bg_to_D,10,42,456,300,7,8,4,D
D0624-30_crop_00.jpg,bg_to_D,13,50,213,578,8,8,4,D
D0624-30_crop_00.jpg,bg_to_D,15,2,581,592,2,1,4,D
D0624-30_crop_00.jpg,bg_to_D,16,43,154,608,12,13,4,D
D0624-30_crop_00.jpg,bg_to_D,17,2,27,659,1,2,4,D
D0624-30_crop_00.jpg,bg_to_D,18,2,27,662,1,2,4,D
D0624-30_crop_00.jpg,bg_to_D,19,4,23,665,4,2,4,D
D0624-30_crop_00.jpg,bg_to_D,21,14,495,920,8,5,4,D
D0624-30_crop_00.jpg,bg_to_D,28,2,641,1001,2,1,4,D
D0624-30_crop_02.jpg,bg_to_D,2,2,393,695,1,2,4,D
D0624-30_crop_02.jpg,bg_to_D,3,12,394,695,10,6,4,D
D0624-30_crop_02.jpg,bg_to_D,4,5,10,762,4,4,4,D
D0624-30_crop_02.jpg,bg_to_D,6,5,10,767,4,4,4,D
D0624-30_crop_02.jpg,bg_to_D,8,3,15,769,3,2,4,D
D0624-30_crop_02.jpg,bg_to_D,10,9,651,784,7,7,4,D
D0624-34_crop_03.jpg,bg_to_D,1,36,27,346,7,7,4,D
D0624-36_crop_01.jpg,bg_to_D,3,2,137,61,1,2,4,D
D0624-36_crop_01.jpg,bg_to_D,4,2,137,64,1,2,4,D
D0624-36_crop_01.jpg,bg_to_D,8,2,130,71,2,1,4,D
D0624-36_crop_01.jpg,bg_to_D,10,3,663,895,3,2,4,D
D0624-36_crop_01.jpg,bg_to_D,11,7,667,895,4,4,4,D
D0624-36_crop_01.jpg,bg_to_D,12,3,669,900,2,3,4,D
D0624-37_crop_01.jpg,bg_to_D,1,2,684,37,2,2,4,D
D0624-37_crop_01.jpg,bg_to_D,3,2,687,39,2,1,4,D
D0624-38_crop_00.jpg,bg_to_D,2,2,49,92,2,1,4,D
D0624-38_crop_00.jpg,bg_to_D,3,2,52,92,2,1,4,D
D0624-38_crop_00.jpg,bg_to_D,4,2,46,95,1,2,4,D
D0624-38_crop_00.jpg,bg_to_D,5,2,56,95,1,2,4,D
D0624-38_crop_00.jpg,bg_to_D,6,2,46,98,1,2,4,D
D0624-38_crop_00.jpg,bg_to_D,7,2,56,98,1,2,4,D
D0624-38_crop_00.jpg,bg_to_D,9,2,49,102,2,1,4,D
D0624-38_crop_00.jpg,bg_to_D,10,2,52,102,2,1,4,D
D0624-38_crop_00.jpg,bg_to_D,11,2,385,118,1,2,4,D
D0624-38_crop_00.jpg,bg_to_D,12,2,385,121,1,2,4,D
D0624-38_crop_00.jpg,bg_to_D,14,2,388,125,2,1,4,D
D0624-38_crop_00.jpg,bg_to_D,15,2,391,125,2,1,4,D
D0624-38_crop_00.jpg,bg_to_D,16,74,416,384,9,10,4,D
D0624-38_crop_00.jpg,bg_to_D,17,2,121,575,1,2,4,D
D0624-38_crop_00.jpg,bg_to_D,18,14,121,578,10,6,4,D
D0624-39_crop_00.jpg,bg_to_D,3,2,482,25,2,1,4,D
D0624-39_crop_00.jpg,bg_to_D,6,3,104,831,3,1,4,D
D0624-39_crop_00.jpg,bg_to_D,7,3,108,831,3,1,4,D
D0624-39_crop_00.jpg,bg_to_D,12,5,894,921,4,4,4,D
D0624-3_crop_02.jpg,bg_to_D,1,2,979,281,2,1,4,D
D0624-3_crop_02.jpg,bg_to_D,4,2,976,284,1,2,4,D
D0624-3_crop_02.jpg,bg_to_D,5,2,976,287,1,2,4,D
D0624-3_crop_02.jpg,bg_to_D,6,2,979,291,2,1,4,D
D0624-3_crop_02.jpg,bg_to_D,7,2,982,291,2,1,4,D
D0624-40_crop_01.jpg,bg_to_D,4,5,645,168,4,4,4,D
D0624-40_crop_01.jpg,bg_to_D,5,3,650,168,3,2,4,D
D0624-40_crop_01.jpg,bg_to_D,7,4,645,173,2,3,4,D
D0624-40_crop_01.jpg,bg_to_D,9,8,143,1004,6,6,4,D
D0624-40_crop_01.jpg,bg_to_D,11,2,155,1008,1,2,4,D
D0624-40_crop_01.jpg,bg_to_D,12,2,143,1011,1,2,4,D
D0624-40_crop_01.jpg,bg_to_D,13,2,155,1011,1,2,4,D
D0624-40_crop_01.jpg,bg_to_D,14,2,153,1014,2,2,4,D
D0624-42_crop_01.jpg,bg_to_D,2,2,780,444,2,2,4,D
D0624-42_crop_01.jpg,bg_to_D,3,2,782,447,1,2,4,D
D0624-42_crop_01.jpg,bg_to_D,4,5,780,450,3,5,4,D
D0624-42_crop_01.jpg,bg_to_D,6,2,777,455,2,1,4,D
D0624-42_crop_01.jpg,bg_to_D,7,8,1009,626,6,4,4,D
D0624-42_crop_01.jpg,bg_to_D,12,2,1013,633,2,1,4,D
D0624-42_crop_01.jpg,bg_to_D,13,49,820,885,8,8,4,D
D0624-42_crop_01.jpg,bg_to_D,14,66,746,966,9,9,4,D
D0624-48_crop_00.jpg,bg_to_D,3,2,275,135,2,1,4,D
D0624-48_crop_00.jpg,bg_to_D,4,2,939,163,2,1,4,D
D0624-48_crop_00.jpg,bg_to_D,5,8,942,163,6,6,4,D
D0624-48_crop_00.jpg,bg_to_D,6,2,936,164,2,2,4,D
D0624-48_crop_00.jpg,bg_to_D,7,2,935,167,1,2,4,D
D0624-48_crop_00.jpg,bg_to_D,8,2,71,171,2,2,4,D
D0624-48_crop_00.jpg,bg_to_D,9,2,74,170,2,1,4,D
D0624-48_crop_00.jpg,bg_to_D,12,2,947,170,1,2,4,D
D0624-48_crop_00.jpg,bg_to_D,13,2,70,174,1,2,4,D
D0624-48_crop_00.jpg,bg_to_D,14,15,70,177,12,7,4,D
D0624-48_crop_00.jpg,bg_to_D,17,2,157,242,2,1,4,D
D0624-48_crop_00.jpg,bg_to_D,20,6,1019,304,5,3,4,D
D0624-48_crop_00.jpg,bg_to_D,21,2,1016,306,2,1,4,D
D0624-48_crop_00.jpg,bg_to_D,22,11,605,664,8,5,4,D
D0624-48_crop_00.jpg,bg_to_D,24,5,605,670,4,4,4,D
D0624-48_crop_00.jpg,bg_to_D,28,5,513,680,4,4,4,D
D0624-48_crop_00.jpg,bg_to_D,29,3,515,685,2,3,4,D
D0624-48_crop_00.jpg,bg_to_D,31,2,496,906,2,1,4,D
D0624-48_crop_00.jpg,bg_to_D,32,7,499,906,5,5,4,D
D0624-48_crop_00.jpg,bg_to_D,33,2,493,909,1,2,4,D
D0624-48_crop_00.jpg,bg_to_D,34,2,493,912,1,2,4,D
D0624-48_crop_00.jpg,bg_to_D,35,10,496,912,8,6,4,D
D0624-4_crop_02.jpg,bg_to_D,1,42,667,145,8,7,4,D
D0624-4_crop_02.jpg,bg_to_D,2,8,442,230,6,6,4,D
D0624-4_crop_02.jpg,bg_to_D,3,5,449,230,5,3,4,D
D0624-4_crop_02.jpg,bg_to_D,4,2,454,234,1,2,4,D
D0624-4_crop_02.jpg,bg_to_D,5,2,442,237,1,2,4,D
D0624-50_crop_00.jpg,bg_to_D,4,18,223,33,5,9,4,D
D0624-50_crop_00.jpg,bg_to_D,5,3,229,33,3,2,4,D
D0624-50_crop_00.jpg,bg_to_D,8,3,229,40,3,2,4,D
D0624-50_crop_00.jpg,bg_to_D,9,6,950,122,4,6,4,D
D0624-50_crop_00.jpg,bg_to_D,10,23,940,129,14,8,4,D
D0624-50_crop_00.jpg,bg_to_D,11,8,850,266,6,5,4,D
D0624-50_crop_00.jpg,bg_to_D,12,2,857,266,2,1,4,D
D0624-50_crop_00.jpg,bg_to_D,13,2,851,272,1,2,4,D
D0624-52_crop_00.jpg,bg_to_D,1,13,391,280,8,6,4,D
D0624-52_crop_00.jpg,bg_to_D,5,2,443,470,1,2,4,D
D0624-52_crop_00.jpg,bg_to_D,6,2,443,473,1,2,4,D
D0624-52_crop_00.jpg,bg_to_D,10,50,919,1000,14,15,4,D
D0624-52_crop_00.jpg,bg_to_D,11,2,932,1008,1,2,4,D
D0624-54_crop_00.jpg,bg_to_D,1,44,226,115,7,8,4,D
D0624-54_crop_00.jpg,bg_to_D,2,63,879,129,8,9,4,D
D0624-54_crop_00.jpg,bg_to_D,7,33,326,712,10,11,4,D
D0624-54_crop_00.jpg,bg_to_D,8,56,826,965,9,8,4,D
D0624-54_crop_00.jpg,bg_to_D,12,2,1008,1001,1,2,4,D
D0624-54_crop_00.jpg,bg_to_D,13,2,1008,1004,1,2,4,D
D0624-54_crop_00.jpg,bg_to_D,17,2,1017,1011,2,1,4,D
D0624-58_crop_01.jpg,bg_to_D,1,6,954,163,4,6,4,D
D0624-58_crop_01.jpg,bg_to_D,2,2,954,170,1,2,4,D
D0624-58_crop_01.jpg,bg_to_D,4,2,57,919,1,2,4,D
D0624-58_crop_01.jpg,bg_to_D,5,2,58,922,2,2,4,D
D0624-58_crop_01.jpg,bg_to_D,6,2,61,924,2,1,4,D
D0624-58_crop_01.jpg,bg_to_D,7,2,64,924,2,1,4,D
D0624-58_crop_01.jpg,bg_to_D,8,2,441,966,1,2,4,D
D0624-58_crop_01.jpg,bg_to_D,10,7,441,969,5,5,4,D
D0624-58_crop_01.jpg,bg_to_D,11,2,451,969,1,2,4,D
D0624-58_crop_01.jpg,bg_to_D,12,2,447,973,2,1,4,D
D0624-60_crop_01.jpg,bg_to_D,4,2,759,306,1,2,4,D
D0624-60_crop_01.jpg,bg_to_D,5,2,759,309,1,2,4,D
D0624-60_crop_01.jpg,bg_to_D,9,25,83,1017,9,7,4,D
D0624-60_crop_02.jpg,bg_to_D,1,17,618,942,7,11,4,D
D0624-60_crop_02.jpg,bg_to_D,2,2,629,950,2,2,4,D
D0624-60_crop_02.jpg,bg_to_D,3,2,626,952,2,1,4,D
D0624-65_crop_00.jpg,bg_to_D,3,2,528,118,1,2,4,D
D0624-65_crop_00.jpg,bg_to_D,4,4,529,121,4,2,4,D
D0624-65_crop_00.jpg,bg_to_D,6,2,1007,541,2,1,4,D
D0624-65_crop_00.jpg,bg_to_D,7,3,1011,542,3,3,4,D
D0624-65_crop_00.jpg,bg_to_D,8,2,999,556,2,2,4,D
D0624-67_crop_00.jpg,bg_to_D,2,5,987,34,3,5,4,D
D0624-67_crop_00.jpg,bg_to_D,3,2,987,40,1,2,4,D
D0624-67_crop_00.jpg,bg_to_D,4,2,581,82,1,2,4,D
D0624-67_crop_00.jpg,bg_to_D,5,8,576,85,6,6,4,D
D0624-67_crop_00.jpg,bg_to_D,6,2,573,90,2,1,4,D
D0624-67_crop_00.jpg,bg_to_D,7,6,545,371,3,2,4,D
D0624-67_crop_00.jpg,bg_to_D,8,70,783,459,10,10,4,D
D0624-67_crop_00.jpg,bg_to_D,9,5,806,607,3,5,4,D
D0624-67_crop_00.jpg,bg_to_D,10,2,810,606,2,1,4,D
D0624-70_crop_02.jpg,bg_to_D,1,26,580,260,6,6,4,D
D0624-70_crop_02.jpg,bg_to_D,3,11,998,897,8,5,4,D
D0624-73_crop_02.jpg,bg_to_D,1,10,37,373,7,5,4,D
D0624-74_crop_01.jpg,bg_to_D,1,2,673,65,1,2,4,D
D0624-74_crop_01.jpg,bg_to_D,2,3,673,68,1,3,4,D
D0624-74_crop_01.jpg,bg_to_D,3,2,674,72,2,2,4,D
D0624-74_crop_01.jpg,bg_to_D,4,5,877,1001,4,4,4,D
D0624-74_crop_01.jpg,bg_to_D,5,3,879,1006,2,3,4,D
D0624-76_crop_00.jpg,bg_to_D,1,2,20,70,2,1,4,D
D0624-76_crop_00.jpg,bg_to_D,3,2,771,73,2,2,4,D
D0624-76_crop_00.jpg,bg_to_D,4,2,774,72,2,1,4,D
D0624-76_crop_00.jpg,bg_to_D,5,2,777,72,2,1,4,D
D0624-76_crop_00.jpg,bg_to_D,8,2,770,76,1,2,4,D
D0624-76_crop_00.jpg,bg_to_D,9,8,770,79,6,6,4,D
D0624-76_crop_00.jpg,bg_to_D,11,2,777,84,2,1,4,D
D0624-76_crop_00.jpg,bg_to_D,14,16,685,99,9,5,4,D
D0624-76_crop_00.jpg,bg_to_D,16,12,373,101,5,8,4,D
D0624-76_crop_00.jpg,bg_to_D,17,2,370,108,2,1,4,D
D0624-76_crop_00.jpg,bg_to_D,19,2,928,240,1,2,4,D
D0624-76_crop_00.jpg,bg_to_D,22,2,924,244,2,1,4,D
D0624-76_crop_00.jpg,bg_to_D,23,11,874,423,5,8,4,D
D0624-76_crop_00.jpg,bg_to_D,24,3,880,429,3,2,4,D
D0624-76_crop_00.jpg,bg_to_D,25,2,807,680,1,2,4,D
D0624-76_crop_00.jpg,bg_to_D,27,2,800,684,2,1,4,D
D0624-76_crop_00.jpg,bg_to_D,28,2,803,684,2,1,4,D
D0624-76_crop_00.jpg,bg_to_D,29,85,188,717,10,11,4,D
D0624-76_crop_00.jpg,bg_to_D,32,3,41,726,3,3,4,D
D0624-76_crop_00.jpg,bg_to_D,37,6,41,736,6,4,4,D
D0624-76_crop_00.jpg,bg_to_D,38,7,48,736,6,4,4,D
D0624-76_crop_00.jpg,bg_to_D,40,20,161,999,5,5,4,D
D0624-77_crop_01.jpg,bg_to_D,1,46,990,805,7,8,4,D
D0624-77_crop_01.jpg,bg_to_D,2,4,537,1008,4,2,4,D
D0624-77_crop_01.jpg,bg_to_D,3,4,542,1008,4,2,4,D
D0624-77_crop_01.jpg,bg_to_D,4,2,536,1011,1,2,4,D
D0624-77_crop_01.jpg,bg_to_D,5,2,546,1011,1,2,4,D
D0624-81_crop_01.jpg,bg_to_D,1,2,409,151,1,2,4,D
D0624-81_crop_01.jpg,bg_to_D,3,2,409,154,1,2,4,D
D0624-81_crop_01.jpg,bg_to_D,7,2,655,784,1,2,4,D
D0624-81_crop_01.jpg,bg_to_D,8,2,655,787,1,2,4,D
D0624-83_crop_02.jpg,bg_to_D,1,55,238,767,11,11,4,D
D0624-84_crop_00.jpg,bg_to_D,1,2,41,180,1,2,4,D
D0624-84_crop_00.jpg,bg_to_D,2,2,41,183,1,2,4,D
D0624-84_crop_00.jpg,bg_to_D,3,2,856,461,2,1,4,D
D0624-84_crop_00.jpg,bg_to_D,4,2,859,461,2,1,4,D
D0624-84_crop_00.jpg,bg_to_D,5,2,853,462,2,2,4,D
D0624-84_crop_00.jpg,bg_to_D,8,2,96,833,2,1,4,D
D0624-87_crop_00.jpg,bg_to_D,1,7,330,23,5,5,4,D
D0624-87_crop_00.jpg,bg_to_D,2,2,336,23,2,1,4,D
D0624-87_crop_00.jpg,bg_to_D,3,3,330,29,1,3,4,D
D0624-87_crop_00.jpg,bg_to_D,5,5,564,108,4,4,4,D
D0624-87_crop_00.jpg,bg_to_D,6,5,569,108,4,4,4,D
D0624-87_crop_00.jpg,bg_to_D,7,3,564,113,2,3,4,D
D0624-87_crop_00.jpg,bg_to_D,8,3,571,113,2,3,4,D
D0624-87_crop_00.jpg,bg_to_D,11,2,231,557,2,1,4,D
D0624-87_crop_00.jpg,bg_to_D,12,2,234,557,2,1,4,D
D0624-87_crop_00.jpg,bg_to_D,13,8,225,558,5,7,4,D
D0624-87_crop_00.jpg,bg_to_D,17,15,652,1011,9,8,4,D
D0624-90_crop_01.jpg,bg_to_D,2,2,941,454,1,2,4,D
D0624-90_crop_01.jpg,bg_to_D,3,3,938,457,3,3,4,D
D0624-90_crop_01.jpg,bg_to_D,5,2,935,460,2,1,4,D
D0624-90_crop_01.jpg,bg_to_D,6,9,30,813,5,7,4,D
D0624-90_crop_01.jpg,bg_to_D,7,3,41,813,3,3,4,D
D0624-92_crop_00.jpg,bg_to_D,8,3,954,612,2,3,4,D
D0624-92_crop_00.jpg,bg_to_D,9,3,961,612,2,3,4,D
D0624-92_crop_00.jpg,bg_to_D,10,15,954,616,9,5,4,D
D0624-92_crop_00.jpg,bg_to_D,15,2,871,978,1,2,4,D
D0624-92_crop_00.jpg,bg_to_D,16,2,871,981,1,2,4,D
D0624-92_crop_00.jpg,bg_to_D,17,2,869,984,2,2,4,D
D0624-93_crop_02.jpg,bg_to_D,1,21,275,25,11,6,4,D
D0624-93_crop_02.jpg,bg_to_D,3,4,284,32,2,4,4,D
D0624-93_crop_02.jpg,bg_to_D,4,2,278,36,2,1,4,D
D0624-93_crop_02.jpg,bg_to_D,5,2,281,36,2,1,4,D
HH-2-2_crop_00.jpg,bg_to_strip_inclusion,1,3,115,37,1,3,1,A
HH-2-2_crop_00.jpg,bg_to_strip_inclusion,2,6,119,43,1,6,1,A
HH-2-2_crop_00.jpg,bg_to_strip_inclusion,3,3,111,70,3,2,1,A
HH-2-2_crop_00.jpg,bg_to_strip_inclusion,4,11,109,78,1,11,1,A
HH-2-2_crop_00.jpg,bg_to_strip_inclusion,5,4,116,87,1,4,1,A
HH-2-2_crop_00.jpg,bg_to_strip_inclusion,6,8,116,98,1,8,1,A
HH-2-2_crop_00.jpg,bg_to_strip_inclusion,7,3,111,103,1,3,1,A
HH-2-2_crop_00.jpg,bg_to_strip_inclusion,8,5,117,113,1,5,1,A
HH-2-2_crop_00.jpg,bg_to_strip_inclusion,9,2,118,119,1,2,1,A
HH-2-2_crop_00.jpg,bg_to_strip_inclusion,11,9,114,124,2,8,1,A
HH-2-2_crop_00.jpg,bg_to_strip_inclusion,13,2,118,158,1,2,1,A
HH-2-2_crop_00.jpg,bg_to_strip_inclusion,14,121,110,238,6,28,1,A
HH-3-12_crop_00.jpg,bg_to_D,1,119,107,483,12,12,4,D
HH-3-14_crop_02.jpg,bg_to_D,1,2,13,722,1,2,4,D
HH-4-3_crop_01.jpg,bg_to_strip_inclusion,1,4,659,392,1,4,1,A
HH-4-3_crop_01.jpg,bg_to_strip_inclusion,3,9,656,411,2,7,1,A
HH-4-3_crop_01.jpg,bg_to_strip_inclusion,4,22,654,433,6,11,1,A
HH-4-5_crop_01.jpg,bg_to_strip_inclusion,1,17,824,9,6,6,1,A
HH-4-5_crop_01.jpg,bg_to_strip_inclusion,2,4,824,26,1,4,1,A
HH-4-5_crop_01.jpg,bg_to_strip_inclusion,3,6,825,31,3,5,1,A
HH-4-5_crop_01.jpg,bg_to_strip_inclusion,4,168,89,70,7,30,1,A
HH-4-5_crop_01.jpg,bg_to_strip_inclusion,6,225,91,109,13,34,1,A
HH-4-5_crop_01.jpg,bg_to_strip_inclusion,7,15,256,716,3,15,1,A
HH-4-5_crop_01.jpg,bg_to_strip_inclusion,8,5,250,722,1,5,1,A
HH-4-5_crop_01.jpg,bg_to_strip_inclusion,9,5,251,728,1,5,1,A
HH-4-5_crop_01.jpg,bg_to_strip_inclusion,10,10,262,769,2,10,1,A
HH-4-5_crop_01.jpg,bg_to_strip_inclusion,15,4,268,792,1,4,1,A
HH-4-5_crop_01.jpg,bg_to_strip_inclusion,17,17,269,797,3,15,1,A
HH-4-5_crop_01.jpg,bg_to_strip_inclusion,20,2,263,861,1,2,1,A
HH-4-5_crop_01.jpg,bg_to_strip_inclusion,21,2,256,863,1,2,1,A
HH-4-5_crop_01.jpg,bg_to_strip_inclusion,22,3,262,865,1,3,1,A
HH-4-5_crop_01.jpg,bg_to_strip_inclusion,23,3,255,868,1,3,1,A
HH-4-5_crop_01.jpg,bg_to_strip_inclusion,24,2,261,870,1,2,1,A
HH-4-5_crop_01.jpg,bg_to_strip_inclusion,25,5,254,873,1,5,1,A
HH-4-5_crop_01.jpg,bg_to_strip_inclusion,26,4,260,874,1,4,1,A
HH-4-5_crop_01.jpg,bg_to_strip_inclusion,27,5,253,879,1,5,1,A
HH-4-7_crop_00.jpg,bg_to_strip_inclusion,1,20,964,76,4,11,1,A
HH-4-7_crop_00.jpg,bg_to_strip_inclusion,2,36,961,91,3,20,1,A
HH-4-7_crop_00.jpg,bg_to_strip_inclusion,3,8,961,270,3,7,1,A
HH-4-7_crop_00.jpg,bg_to_strip_inclusion,5,17,959,283,2,14,1,A
HH-4-7_crop_00.jpg,bg_to_strip_inclusion,6,2,965,287,1,2,1,A
HH-4-8_crop_02.jpg,bg_to_strip_inclusion,1,19,524,96,4,10,1,A
HH-4-8_crop_02.jpg,bg_to_strip_inclusion,3,4,529,111,1,4,1,A
HH-4-8_crop_02.jpg,bg_to_strip_inclusion,4,8,522,115,1,8,1,A
HH-4-8_crop_02.jpg,bg_to_strip_inclusion,5,7,528,116,1,7,1,A
HH-4-8_crop_02.jpg,bg_to_strip_inclusion,7,7,523,134,3,6,1,A
HH-4-8_crop_02.jpg,bg_to_strip_inclusion,8,182,637,326,9,27,5,TINB/TINC
HH-4-8_crop_02.jpg,bg_to_strip_inclusion,9,19,592,516,3,9,1,A
HH-4-8_crop_02.jpg,bg_to_strip_inclusion,10,64,949,1009,6,15,1,A
HH-5-11_crop_01.jpg,bg_to_strip_inclusion,1,9,536,415,3,6,1,A
HH-5-11_crop_01.jpg,bg_to_strip_inclusion,2,12,536,424,2,11,1,A
HH-5-6_crop_02.jpg,bg_to_strip_inclusion,3,2,940,537,1,2,1,A
HH-5-6_crop_02.jpg,bg_to_strip_inclusion,4,2,942,556,2,2,1,A
HH-5-9_crop_00.jpg,bg_to_strip_inclusion,1,30,153,39,24,3,1,A
HH-5-9_crop_00.jpg,bg_to_strip_inclusion,2,47,104,41,22,12,1,A
HH-5-9_crop_00.jpg,bg_to_strip_inclusion,3,40,128,40,22,4,1,A
HH-5-9_crop_00.jpg,bg_to_strip_inclusion,5,22,178,44,14,5,1,A
HH-5-9_crop_00.jpg,bg_to_strip_inclusion,6,11,239,45,8,2,1,A
HH-5-9_crop_00.jpg,bg_to_strip_inclusion,7,2,206,47,2,1,1,A
HH-5-9_crop_00.jpg,bg_to_strip_inclusion,8,2,193,49,2,1,1,A
HH-5-9_crop_00.jpg,bg_to_strip_inclusion,9,8,209,48,7,2,1,A
HH-5-9_crop_00.jpg,bg_to_strip_inclusion,11,13,196,50,12,4,1,A
HH-5-9_crop_00.jpg,bg_to_strip_inclusion,12,10,224,50,7,2,1,A
HH-5-9_crop_00.jpg,bg_to_strip_inclusion,13,14,237,50,8,5,1,A
HH-5-9_crop_00.jpg,bg_to_strip_inclusion,14,2,89,52,2,1,1,A
HH-5-9_crop_00.jpg,bg_to_strip_inclusion,15,8,70,54,6,2,1,A
HH-5-9_crop_00.jpg,bg_to_strip_inclusion,16,13,90,57,13,1,1,A
HH-5-9_crop_00.jpg,bg_to_strip_inclusion,17,2,778,86,2,2,1,A
HH-5-9_crop_00.jpg,bg_to_strip_inclusion,18,16,683,117,6,6,1,A
HH-5-9_crop_00.jpg,bg_to_strip_inclusion,20,2,693,124,2,1,1,A
HH-5-9_crop_00.jpg,bg_to_strip_inclusion,23,45,721,126,30,9,1,A
HH-5-9_crop_00.jpg,bg_to_strip_inclusion,24,2,732,135,2,1,1,A
HH-5-9_crop_00.jpg,bg_to_strip_inclusion,25,3,736,136,3,1,1,A
HH-5-9_crop_00.jpg,bg_to_strip_inclusion,26,3,740,137,3,1,1,A
HH-5-9_crop_00.jpg,bg_to_strip_inclusion,27,75,294,713,19,6,1,A
JZW_HQL_0520-10_crop_01.jpg,bg_to_strip_inclusion,1,492,735,242,12,59,1,A
JZW_HQL_0520-10_crop_01.jpg,bg_to_strip_inclusion,2,13,2,752,1,13,1,A
JZW_HQL_0520-10_crop_01.jpg,bg_to_strip_inclusion,3,82,0,791,3,59,1,A
JZW_HQL_0520-10_crop_01.jpg,bg_to_strip_inclusion,5,10,20,937,6,6,1,A
JZW_HQL_0520-10_crop_01.jpg,bg_to_D,1,41,638,741,6,8,4,D
JZW_HQL_0520-11_crop_02.jpg,bg_to_D,1,2,61,176,2,1,4,D
JZW_HQL_0520-11_crop_02.jpg,bg_to_D,3,4,821,458,2,4,4,D
JZW_HQL_0520-11_crop_02.jpg,bg_to_D,5,5,828,460,2,5,4,D
JZW_HQL_0520-11_crop_02.jpg,bg_to_D,6,5,822,465,4,2,4,D
JZW_HQL_0520-11_crop_02.jpg,bg_to_D,7,2,252,943,2,2,4,D
JZW_HQL_0520-11_crop_02.jpg,bg_to_D,8,2,255,942,2,1,4,D
JZW_HQL_0520-11_crop_02.jpg,bg_to_D,9,2,258,943,2,2,4,D
JZW_HQL_0520-14_crop_02.jpg,bg_to_D,1,44,800,412,7,8,4,D
JZW_HQL_0520-14_crop_02.jpg,bg_to_D,4,2,666,522,2,2,4,D
JZW_HQL_0520-14_crop_02.jpg,bg_to_D,5,35,763,745,6,7,4,D
JZW_HQL_0520-23_crop_01.jpg,bg_to_D,1,2,481,252,2,1,4,D
JZW_HQL_0520-23_crop_01.jpg,bg_to_D,2,3,478,254,2,3,4,D
JZW_HQL_0520-23_crop_01.jpg,bg_to_D,3,7,479,259,6,2,4,D
JZW_HQL_0520-23_crop_01.jpg,bg_to_D,5,3,471,454,3,3,4,D
JZW_HQL_0520-23_crop_01.jpg,bg_to_D,6,3,471,460,3,3,4,D
JZW_HQL_0520-23_crop_01.jpg,bg_to_D,8,2,48,698,2,2,4,D
JZW_HQL_0520-23_crop_01.jpg,bg_to_D,9,2,735,1005,2,2,4,D
JZW_HQL_0520-25_crop_00.jpg,bg_to_D,1,3,48,524,2,3,4,D
JZW_HQL_0520-25_crop_00.jpg,bg_to_D,2,4,57,527,1,4,4,D
JZW_HQL_0520-25_crop_00.jpg,bg_to_D,5,3,317,764,3,3,4,D
JZW_HQL_0520-25_crop_00.jpg,bg_to_D,6,3,311,769,3,3,4,D
JZW_HQL_0520-25_crop_00.jpg,bg_to_D,7,2,318,770,2,2,4,D
JZW_HQL_0520-25_crop_01.jpg,bg_to_D,1,3,395,81,3,3,4,D
JZW_HQL_0520-25_crop_01.jpg,bg_to_D,3,2,133,94,2,2,4,D
JZW_HQL_0520-25_crop_01.jpg,bg_to_D,4,2,128,101,2,2,4,D
JZW_HQL_0520-25_crop_01.jpg,bg_to_D,5,3,133,100,3,3,4,D
JZW_HQL_0520-25_crop_01.jpg,bg_to_D,6,2,481,324,2,2,4,D
JZW_HQL_0520-25_crop_01.jpg,bg_to_D,7,2,481,330,2,2,4,D
JZW_HQL_0520-25_crop_01.jpg,bg_to_D,8,2,486,330,2,2,4,D
JZW_HQL_0520-25_crop_01.jpg,bg_to_D,9,61,49,836,10,8,4,D
JZW_HQL_0520-26_crop_02.jpg,bg_to_strip_inclusion,1,16,680,0,3,8,2,B
JZW_HQL_0520-26_crop_02.jpg,bg_to_strip_inclusion,2,109,657,4,8,38,2,B
JZW_HQL_0520-26_crop_02.jpg,bg_to_strip_inclusion,3,292,678,31,5,99,2,B
JZW_HQL_0520-26_crop_02.jpg,bg_to_strip_inclusion,4,26,656,88,2,20,2,B
JZW_HQL_0520-26_crop_02.jpg,bg_to_strip_inclusion,5,5,655,121,1,5,2,B
JZW_HQL_0520-26_crop_02.jpg,bg_to_strip_inclusion,6,11,654,141,1,11,2,B
JZW_HQL_0520-26_crop_02.jpg,bg_to_strip_inclusion,7,39,678,161,2,33,2,B
JZW_HQL_0520-26_crop_02.jpg,bg_to_strip_inclusion,8,2,655,175,1,2,2,B
JZW_HQL_0520-26_crop_02.jpg,bg_to_strip_inclusion,9,3,656,181,1,3,2,B
JZW_HQL_0520-26_crop_02.jpg,bg_to_strip_inclusion,11,7,680,203,1,7,2,B
JZW_HQL_0520-26_crop_02.jpg,bg_to_strip_inclusion,12,9,681,214,1,9,2,B
JZW_HQL_0520-26_crop_02.jpg,bg_to_strip_inclusion,15,5,675,293,4,3,2,B
JZW_HQL_0520-26_crop_02.jpg,bg_to_D,1,11,912,976,4,9,4,D
JZW_HQL_0520-26_crop_02.jpg,bg_to_D,2,2,919,976,2,2,4,D
JZW_HQL_0520-26_crop_02.jpg,bg_to_D,3,3,921,979,1,3,4,D
JZW_HQL_0520-27_crop_03.jpg,bg_to_D,1,5,238,740,4,4,4,D
JZW_HQL_0520-27_crop_03.jpg,bg_to_D,2,3,243,740,3,2,4,D
JZW_HQL_0520-27_crop_03.jpg,bg_to_D,3,4,238,745,3,4,4,D
JZW_HQL_0520-27_crop_03.jpg,bg_to_D,4,2,431,811,2,2,4,D
JZW_HQL_0520-28_crop_00.jpg,bg_to_strip_inclusion,1,218,371,121,9,44,1,A
JZW_HQL_0520-28_crop_00.jpg,bg_to_strip_inclusion,2,38,385,122,3,24,1,A
JZW_HQL_0520-28_crop_00.jpg,bg_to_strip_inclusion,3,6,48,750,1,6,1,A
JZW_HQL_0520-28_crop_00.jpg,bg_to_strip_inclusion,4,12,49,760,3,12,1,A
JZW_HQL_0520-28_crop_00.jpg,bg_to_D,1,6,305,126,2,5,4,D
JZW_HQL_0520-28_crop_00.jpg,bg_to_D,3,2,538,371,2,2,4,D
JZW_HQL_0520-28_crop_00.jpg,bg_to_D,5,11,795,595,4,8,4,D
JZW_HQL_0520-29_crop_01.jpg,bg_to_D,1,43,802,117,7,8,4,D
JZW_HQL_0520-29_crop_01.jpg,bg_to_D,5,3,758,514,3,3,4,D
JZW_HQL_0520-29_crop_01.jpg,bg_to_D,6,4,163,712,3,4,4,D
JZW_HQL_0520-29_crop_01.jpg,bg_to_D,7,4,163,717,3,4,4,D
JZW_HQL_0520-3_crop_02.jpg,bg_to_D,1,3,98,487,2,2,4,D
JZW_HQL_0520-3_crop_02.jpg,bg_to_D,3,7,98,494,5,5,4,D
JZW_HQL_0520-3_crop_02.jpg,bg_to_D,4,2,104,496,2,2,4,D
JZW_HQL_0520-3_crop_02.jpg,bg_to_D,5,62,476,803,9,9,4,D
JZW_HQL_0520-3_crop_02.jpg,bg_to_D,6,49,738,915,8,8,4,D
JZW_HQL_0520-3_crop_02.jpg,bg_to_D,7,16,16,953,6,12,4,D
JZW_HQL_0520-4_crop_00.jpg,bg_to_D,1,9,49,116,5,2,4,D
JZW_HQL_0520-4_crop_00.jpg,bg_to_D,2,11,428,159,5,4,4,D
JZW_HQL_0520-4_crop_00.jpg,bg_to_D,3,2,73,168,2,2,4,D
JZW_HQL_0520-4_crop_00.jpg,bg_to_D,4,4,78,168,3,3,4,D
JZW_HQL_0520-4_crop_00.jpg,bg_to_D,5,4,508,252,3,4,4,D
JZW_HQL_0520-4_crop_00.jpg,bg_to_D,6,2,509,257,2,2,4,D
JZW_HQL_0520-4_crop_00.jpg,bg_to_D,8,2,527,480,2,2,4,D
JZW_HQL_0520-4_crop_00.jpg,bg_to_D,10,2,526,483,1,2,4,D
JZW_HQL_0520-4_crop_00.jpg,bg_to_D,11,2,533,486,2,2,4,D
JZW_HQL_0520-4_crop_00.jpg,bg_to_D,14,2,956,548,2,2,4,D
JZW_HQL_0520-6_crop_01.jpg,bg_to_strip_inclusion,1,65,193,24,22,23,1,A
JZW_HQL_0520-6_crop_01.jpg,bg_to_strip_inclusion,2,2,194,39,1,2,1,A
JZW_HQL_0520-6_crop_01.jpg,bg_to_strip_inclusion,7,33,229,96,4,22,1,A
JZW_HQL_0520-8_crop_02.jpg,bg_to_D,1,37,427,24,7,7,4,D
JZW_HQL_0520-8_crop_02.jpg,bg_to_D,2,2,921,228,2,2,4,D
JZW_HQL_0520-8_crop_02.jpg,bg_to_D,3,34,640,253,7,6,4,D
JZW_HQL_0520-8_crop_02.jpg,bg_to_D,4,2,830,388,2,1,4,D
JZW_HQL_0520-8_crop_02.jpg,bg_to_D,5,2,918,515,2,2,4,D
JZW_HQL_0520-8_crop_02.jpg,bg_to_D,6,4,923,515,3,3,4,D
JZW_HQL_0520-8_crop_02.jpg,bg_to_D,7,68,847,527,10,10,4,D
JZW_HQL_0520-8_crop_02.jpg,bg_to_D,8,27,729,786,6,5,4,D
JZW_HQL_0520-G912-11_crop_03.jpg,bg_to_strip_inclusion,1,127,991,210,10,57,1,A
JZW_HQL_0520-G912-11_crop_03.jpg,bg_to_D,1,14,46,640,9,4,4,D
JZW_HQL_0520-G912-11_crop_03.jpg,bg_to_D,2,4,52,645,3,4,4,D
JZW_HQL_0520-G912-2_crop_00.jpg,bg_to_strip_inclusion,1,961,793,1,18,77,1,A
JZW_HQL_0520-G912-2_crop_00.jpg,bg_to_D,1,65,598,286,9,9,4,D
JZW_HQL_0520-G912-2_crop_00.jpg,bg_to_D,2,18,789,827,8,7,4,D
JZW_HQL_0520-G912-2_crop_00.jpg,bg_to_D,4,14,704,879,8,8,4,D
JZW_HQL_0520-G912-2_crop_00.jpg,bg_to_D,6,38,770,966,7,7,4,D
JZW_HQL_0520-G912-3_crop_00.jpg,bg_to_D,1,6,150,47,3,3,4,D
JZW_HQL_0520-G912-3_crop_00.jpg,bg_to_D,2,2,30,53,2,2,4,D
JZW_HQL_0520-G912-3_crop_00.jpg,bg_to_D,3,3,24,55,1,3,4,D
JZW_HQL_0520-G912-3_crop_00.jpg,bg_to_D,4,6,27,58,5,3,4,D
JZW_HQL_0520-G912-3_crop_00.jpg,bg_to_D,5,33,673,229,7,6,4,D
JZW_HQL_0520-G912-3_crop_00.jpg,bg_to_D,6,51,273,470,8,8,4,D
JZW_HQL_0520-G912-3_crop_00.jpg,bg_to_D,7,7,954,778,6,5,4,D
JZW_HQL_0520-G912-3_crop_00.jpg,bg_to_D,8,3,961,779,2,3,4,D
JZW_HQL_0520-G912-3_crop_00.jpg,bg_to_D,10,3,955,784,3,2,4,D
JZW_HQL_0520-G912-5_crop_02.jpg,bg_to_strip_inclusion,1,19,968,652,1,19,1,A
JZW_HQL_0520-G912-5_crop_02.jpg,bg_to_D,1,19,172,162,5,5,4,D
JZW_HQL_0520-G912-9_crop_03.jpg,bg_to_strip_inclusion,1,731,340,855,16,95,1,A
JZW_HQL_0520-G912-9_crop_03.jpg,bg_to_D,1,50,396,692,9,7,4,D
JZW_HQL_0520-G912-9_crop_03.jpg,bg_to_D,2,14,38,920,4,4,4,D
JZW_HQL_0520_A-12_crop_02.jpg,bg_to_strip_inclusion,1,41,931,42,8,8,1,A
JZW_HQL_0520_A-12_crop_02.jpg,bg_to_strip_inclusion,2,8,930,52,1,8,1,A
JZW_HQL_0520_A-12_crop_02.jpg,bg_to_strip_inclusion,3,189,939,86,7,78,1,A
JZW_HQL_0520_A-12_crop_02.jpg,bg_to_strip_inclusion,4,20,932,138,3,20,1,A
JZW_HQL_0520_A-12_crop_02.jpg,bg_to_strip_inclusion,6,22,936,170,2,17,1,A
JZW_HQL_0520_A-12_crop_02.jpg,bg_to_strip_inclusion,7,4,947,181,1,4,1,A
JZW_HQL_0520_A-12_crop_02.jpg,bg_to_strip_inclusion,9,213,948,191,8,107,1,A
JZW_HQL_0520_A-12_crop_02.jpg,bg_to_strip_inclusion,11,3,941,205,1,3,1,A
JZW_HQL_0520_A-12_crop_02.jpg,bg_to_strip_inclusion,12,57,942,209,3,53,1,A
JZW_HQL_0520_A-12_crop_02.jpg,bg_to_strip_inclusion,13,61,944,278,4,46,1,A
JZW_HQL_0520_A-12_crop_02.jpg,bg_to_strip_inclusion,14,7,956,303,1,7,1,A
JZW_HQL_0520_A-12_crop_02.jpg,bg_to_strip_inclusion,15,2,944,378,1,2,1,A
JZW_HQL_0520_A-12_crop_02.jpg,bg_to_strip_inclusion,16,3,946,397,3,2,1,A
JZW_HQL_0520_A-12_crop_02.jpg,bg_to_D,1,64,909,502,9,9,4,D
JZW_HQL_0520_A-12_crop_02.jpg,bg_to_D,2,65,252,534,9,9,4,D
JZW_HQL_0520_A-12_crop_02.jpg,bg_to_D,3,4,684,901,3,4,4,D
JZW_HQL_0520_A-12_crop_02.jpg,bg_to_D,4,2,678,907,2,2,4,D
JZW_HQL_0520_A-14_crop_01.jpg,bg_to_strip_inclusion,1,16,246,866,3,7,1,A
JZW_HQL_0520_A-14_crop_01.jpg,bg_to_D,1,34,195,230,7,6,4,D
JZW_HQL_0520_A-14_crop_01.jpg,bg_to_D,2,5,867,448,2,3,4,D
JZW_HQL_0520_A-14_crop_01.jpg,bg_to_D,3,3,653,495,3,3,4,D
JZW_HQL_0520_A-14_crop_01.jpg,bg_to_D,4,2,654,501,2,2,4,D
JZW_HQL_0520_A-16_crop_01.jpg,bg_to_D,4,2,357,874,1,2,4,D
JZW_HQL_0520_A-16_crop_01.jpg,bg_to_D,5,2,355,877,2,2,4,D
JZW_HQL_0520_A-17_crop_02.jpg,bg_to_strip_inclusion,1,60,607,74,9,15,3,C
JZW_HQL_0520_A-17_crop_02.jpg,bg_to_D,1,27,1009,49,6,6,4,D
JZW_HQL_0520_A-26_crop_01.jpg,bg_to_strip_inclusion,1,77,408,617,8,22,1,A
JZW_HQL_0520_A-26_crop_01.jpg,bg_to_strip_inclusion,2,959,385,776,21,104,1,A
JZW_HQL_0520_A-26_crop_01.jpg,bg_to_D,1,53,745,8,8,8,4,D
JZW_HQL_0520_A-26_crop_01.jpg,bg_to_D,2,49,464,194,8,8,4,D
JZW_HQL_0520_A-26_crop_01.jpg,bg_to_D,3,15,0,684,4,10,4,D
JZW_HQL_0520_A-26_crop_01.jpg,bg_to_D,6,2,803,728,2,2,4,D
JZW_HQL_0520_A-26_crop_01.jpg,bg_to_D,7,7,802,731,4,7,4,D
JZW_HQL_0520_A-26_crop_02.jpg,bg_to_D,1,27,539,548,5,7,4,D
JZW_HQL_0520_A-29_crop_00.jpg,bg_to_D,2,3,16,26,2,3,4,D
JZW_HQL_0520_A-29_crop_00.jpg,bg_to_D,3,2,298,341,1,2,4,D
JZW_HQL_0520_A-29_crop_00.jpg,bg_to_D,4,2,299,344,2,2,4,D
JZW_HQL_0520_A-29_crop_00.jpg,bg_to_D,6,7,475,669,5,4,4,D
JZW_HQL_0520_A-30_crop_00.jpg,bg_to_strip_inclusion,1,6,242,758,4,3,1,A
JZW_HQL_0520_A-30_crop_00.jpg,bg_to_strip_inclusion,2,5,241,765,1,5,1,A
JZW_HQL_0520_A-30_crop_00.jpg,bg_to_strip_inclusion,3,2,251,771,1,2,1,A
JZW_HQL_0520_A-30_crop_00.jpg,bg_to_strip_inclusion,4,3,252,776,1,3,1,A
JZW_HQL_0520_A-30_crop_00.jpg,bg_to_strip_inclusion,5,7,253,784,1,7,1,A
JZW_HQL_0520_A-30_crop_00.jpg,bg_to_strip_inclusion,6,18,254,793,1,18,1,A
JZW_HQL_0520_A-30_crop_00.jpg,bg_to_strip_inclusion,8,3,245,804,1,3,1,A
JZW_HQL_0520_A-30_crop_00.jpg,bg_to_strip_inclusion,9,4,245,835,1,4,1,A
JZW_HQL_0520_A-30_crop_00.jpg,bg_to_strip_inclusion,10,3,244,854,1,3,1,A
JZW_HQL_0520_A-30_crop_00.jpg,bg_to_strip_inclusion,12,8,252,870,1,8,1,A
JZW_HQL_0520_A-30_crop_00.jpg,bg_to_strip_inclusion,14,10,248,909,7,6,1,A
JZW_HQL_0520_A-30_crop_00.jpg,bg_to_D,1,3,896,1007,3,3,4,D
JZW_HQL_0520_A-30_crop_01.jpg,bg_to_D,1,7,47,15,7,3,4,D
JZW_HQL_0520_A-30_crop_01.jpg,bg_to_D,3,2,47,23,2,2,4,D
JZW_HQL_0520_A-30_crop_01.jpg,bg_to_D,4,3,51,22,3,3,4,D
JZW_HQL_0520_A-31_crop_01.jpg,bg_to_strip_inclusion,1,336,986,459,13,147,1,A
JZW_HQL_0520_A-31_crop_01.jpg,bg_to_strip_inclusion,2,139,996,464,7,75,1,A
JZW_HQL_0520_A-31_crop_01.jpg,bg_to_strip_inclusion,3,51,1000,545,4,33,1,A
JZW_HQL_0520_A-31_crop_01.jpg,bg_to_strip_inclusion,4,5,999,583,1,5,1,A
JZW_HQL_0520_A-31_crop_01.jpg,bg_to_D,1,25,430,431,6,6,4,D
JZW_HQL_0520_A-31_crop_01.jpg,bg_to_D,2,4,378,751,2,2,4,D
JZW_HQL_0520_A-32_crop_02.jpg,bg_to_strip_inclusion,1,58,21,0,11,44,1,A
JZW_HQL_0520_A-32_crop_02.jpg,bg_to_strip_inclusion,6,2,27,48,2,2,1,A
JZW_HQL_0520_A-32_crop_02.jpg,bg_to_strip_inclusion,7,8,24,187,5,2,1,A
JZW_HQL_0520_A-32_crop_02.jpg,bg_to_strip_inclusion,8,210,16,190,8,90,1,A
JZW_HQL_0520_A-32_crop_02.jpg,bg_to_strip_inclusion,9,8,30,191,1,8,1,A
JZW_HQL_0520_A-32_crop_02.jpg,bg_to_strip_inclusion,10,142,24,200,6,77,1,A
JZW_HQL_0520_A-38_crop_00.jpg,bg_to_strip_inclusion,1,90,13,204,4,29,1,A
JZW_HQL_0520_A-38_crop_00.jpg,bg_to_strip_inclusion,3,14,120,723,1,14,1,A
JZW_HQL_0520_A-38_crop_00.jpg,bg_to_strip_inclusion,4,47,112,725,4,38,1,A
JZW_HQL_0520_A-38_crop_00.jpg,bg_to_strip_inclusion,5,7,121,738,1,7,1,A
JZW_HQL_0520_A-38_crop_00.jpg,bg_to_strip_inclusion,6,5,122,747,1,5,1,A
JZW_HQL_0520_A-38_crop_00.jpg,bg_to_strip_inclusion,7,6,123,755,1,6,1,A
JZW_HQL_0520_A-38_crop_00.jpg,bg_to_strip_inclusion,8,8,116,765,1,8,1,A
JZW_HQL_0520_A-38_crop_00.jpg,bg_to_strip_inclusion,9,7,124,764,1,7,1,A
JZW_HQL_0520_A-38_crop_00.jpg,bg_to_strip_inclusion,10,41,125,772,2,36,1,A
JZW_HQL_0520_A-38_crop_00.jpg,bg_to_strip_inclusion,11,6,117,776,1,6,1,A
JZW_HQL_0520_A-38_crop_00.jpg,bg_to_strip_inclusion,12,40,115,787,4,31,1,A
JZW_HQL_0520_A-38_crop_00.jpg,bg_to_strip_inclusion,13,2,116,819,2,1,1,A
JZW_HQL_0520_A-38_crop_00.jpg,bg_to_D,1,73,666,125,9,10,4,D
JZW_HQL_0520_A-38_crop_00.jpg,bg_to_D,2,34,897,558,11,10,4,D
JZW_HQL_0520_A-38_crop_00.jpg,bg_to_D,3,3,897,564,2,3,4,D
JZW_HQL_0520_A-38_crop_00.jpg,bg_to_D,5,31,942,968,10,10,4,D
JZW_HQL_0520_A-39_crop_01.jpg,bg_to_strip_inclusion,1,55,86,106,7,29,1,A
JZW_HQL_0520_A-39_crop_01.jpg,bg_to_strip_inclusion,3,3,80,114,1,3,1,A
JZW_HQL_0520_A-39_crop_01.jpg,bg_to_strip_inclusion,4,9,81,118,2,9,1,A
JZW_HQL_0520_A-39_crop_01.jpg,bg_to_strip_inclusion,5,8,83,128,1,8,1,A
JZW_HQL_0520_A-39_crop_01.jpg,bg_to_strip_inclusion,6,8,84,137,3,7,1,A
JZW_HQL_0520_A-39_crop_01.jpg,bg_to_strip_inclusion,7,210,677,531,8,45,1,A
JZW_HQL_0520_A-39_crop_01.jpg,bg_to_strip_inclusion,8,41,681,587,4,13,1,A
JZW_HQL_0520_A-39_crop_01.jpg,bg_to_D,1,7,781,32,3,7,4,D
JZW_HQL_0520_A-39_crop_01.jpg,bg_to_D,2,2,478,221,2,2,4,D
JZW_HQL_0520_A-39_crop_01.jpg,bg_to_D,7,20,585,447,10,7,4,D
JZW_HQL_0520_A-39_crop_01.jpg,bg_to_D,9,8,465,581,8,3,4,D
JZW_HQL_0520_A-39_crop_01.jpg,bg_to_D,10,7,464,585,4,6,4,D
JZW_HQL_0520_A-39_crop_01.jpg,bg_to_D,11,2,473,585,1,2,4,D
JZW_HQL_0520_A-39_crop_01.jpg,bg_to_D,12,2,471,588,2,2,4,D
JZW_HQL_0520_A-39_crop_01.jpg,bg_to_D,13,8,845,988,3,8,4,D
JZW_HQL_0520_A-3_crop_01.jpg,bg_to_strip_inclusion,1,37,1013,60,5,9,1,A
JZW_HQL_0520_A-3_crop_01.jpg,bg_to_D,1,47,782,166,8,8,4,D
JZW_HQL_0520_A-3_crop_01.jpg,bg_to_D,2,2,526,360,2,2,4,D
JZW_HQL_0520_A-3_crop_01.jpg,bg_to_D,3,5,950,564,5,1,4,D
JZW_HQL_0520_A-40_crop_00.jpg,bg_to_strip_inclusion,1,163,538,502,13,40,1,A
JZW_HQL_0520_A-40_crop_00.jpg,bg_to_strip_inclusion,2,23,637,700,5,18,1,A
JZW_HQL_0520_A-40_crop_00.jpg,bg_to_strip_inclusion,3,2,634,704,1,2,1,A
JZW_HQL_0520_A-40_crop_00.jpg,bg_to_strip_inclusion,4,5,633,710,1,5,1,A
JZW_HQL_0520_A-40_crop_00.jpg,bg_to_strip_inclusion,5,15,635,723,7,3,1,A
JZW_HQL_0520_A-40_crop_00.jpg,bg_to_D,1,6,992,72,6,3,4,D
JZW_HQL_0520_A-40_crop_01.jpg,bg_to_strip_inclusion,1,126,1008,982,8,21,1,A
JZW_HQL_0520_A-40_crop_01.jpg,bg_to_D,1,48,678,245,7,8,4,D
JZW_HQL_0520_A-40_crop_01.jpg,bg_to_D,2,2,571,472,2,1,4,D
JZW_HQL_0520_A-40_crop_01.jpg,bg_to_D,3,46,798,982,7,8,4,D
JZW_HQL_0520_A-42_crop_00.jpg,bg_to_D,1,3,658,19,3,3,4,D
JZW_HQL_0520_A-42_crop_00.jpg,bg_to_D,3,2,12,349,2,2,4,D
JZW_HQL_0520_A-42_crop_00.jpg,bg_to_D,4,3,14,352,1,3,4,D
JZW_HQL_0520_A-42_crop_02.jpg,bg_to_strip_inclusion,1,3,378,61,1,3,1,A
JZW_HQL_0520_A-42_crop_02.jpg,bg_to_strip_inclusion,2,11,365,128,3,9,1,A
JZW_HQL_0520_A-42_crop_02.jpg,bg_to_strip_inclusion,3,17,368,159,3,16,1,A
JZW_HQL_0520_A-42_crop_02.jpg,bg_to_strip_inclusion,4,2,367,177,1,2,1,A
JZW_HQL_0520_A-42_crop_02.jpg,bg_to_D,1,6,890,740,6,3,4,D
JZW_HQL_0520_A-43_crop_02.jpg,bg_to_strip_inclusion,1,37,92,826,12,7,1,A
JZW_HQL_0520_A-43_crop_02.jpg,bg_to_strip_inclusion,2,27,103,838,2,20,1,A
JZW_HQL_0520_A-43_crop_02.jpg,bg_to_strip_inclusion,3,19,102,860,1,19,1,A
JZW_HQL_0520_A-43_crop_02.jpg,bg_to_strip_inclusion,4,2,90,868,1,2,1,A
JZW_HQL_0520_A-44_crop_00.jpg,bg_to_strip_inclusion,1,4,848,863,1,4,1,A
JZW_HQL_0520_A-44_crop_00.jpg,bg_to_strip_inclusion,2,3,849,868,1,3,1,A
JZW_HQL_0520_A-44_crop_00.jpg,bg_to_D,1,52,542,417,7,9,4,D
JZW_HQL_0520_A-44_crop_00.jpg,bg_to_D,2,3,383,998,3,3,4,D
JZW_HQL_0520_A-44_crop_00.jpg,bg_to_D,5,2,384,1006,2,2,4,D
JZW_HQL_0520_A-47_crop_01.jpg,bg_to_D,1,28,674,212,14,8,4,D
JZW_HQL_0520_A-47_crop_01.jpg,bg_to_D,2,2,688,218,1,2,4,D
JZW_HQL_0520_A-47_crop_01.jpg,bg_to_D,3,6,674,221,4,6,4,D
JZW_HQL_0520_A-47_crop_01.jpg,bg_to_D,4,11,682,221,7,7,4,D
JZW_HQL_0520_A-47_crop_01.jpg,bg_to_D,5,2,679,227,2,1,4,D
JZW_HQL_0520_A-47_crop_01.jpg,bg_to_D,6,46,602,425,8,7,4,D
JZW_HQL_0520_A-47_crop_02.jpg,bg_to_D,3,5,895,916,3,3,4,D
JZW_HQL_0520_A-48_crop_00.jpg,bg_to_strip_inclusion,1,143,901,237,8,44,1,A
JZW_HQL_0520_A-48_crop_00.jpg,bg_to_strip_inclusion,4,18,554,811,7,15,1,A
JZW_HQL_0520_A-48_crop_00.jpg,bg_to_strip_inclusion,6,230,560,821,8,80,1,A
JZW_HQL_0520_A-48_crop_00.jpg,bg_to_strip_inclusion,7,3,553,828,1,3,1,A
JZW_HQL_0520_A-48_crop_00.jpg,bg_to_strip_inclusion,8,11,551,832,2,11,1,A
JZW_HQL_0520_A-48_crop_00.jpg,bg_to_strip_inclusion,9,30,552,845,3,25,1,A
JZW_HQL_0520_A-48_crop_00.jpg,bg_to_strip_inclusion,10,32,553,873,3,27,1,A
JZW_HQL_0520_A-48_crop_00.jpg,bg_to_strip_inclusion,12,8,557,903,6,7,1,A
JZW_HQL_0520_A-50_crop_00.jpg,bg_to_D,1,2,341,31,2,2,4,D
JZW_HQL_0520_A-50_crop_00.jpg,bg_to_D,5,2,171,40,2,2,4,D
JZW_HQL_0520_A-50_crop_00.jpg,bg_to_D,11,3,811,760,3,3,4,D
JZW_HQL_0520_A-50_crop_00.jpg,bg_to_D,12,46,445,763,7,9,4,D
JZW_HQL_0520_A-50_crop_00.jpg,bg_to_D,13,28,971,780,6,7,4,D
JZW_HQL_0520_A-51_crop_01.jpg,bg_to_D,1,2,49,485,2,2,4,D
JZW_HQL_0520_A-51_crop_01.jpg,bg_to_D,2,3,55,485,3,3,4,D
JZW_HQL_0520_A-51_crop_01.jpg,bg_to_D,3,2,48,489,1,2,4,D
JZW_HQL_0520_A-51_crop_01.jpg,bg_to_D,7,5,928,640,5,3,4,D
JZW_HQL_0520_A-51_crop_01.jpg,bg_to_D,9,14,692,669,6,10,4,D
JZW_HQL_0520_A-51_crop_02.jpg,bg_to_strip_inclusion,1,6,838,475,5,3,1,A
JZW_HQL_0520_A-51_crop_02.jpg,bg_to_strip_inclusion,2,2,844,477,1,2,1,A
JZW_HQL_0520_A-51_crop_02.jpg,bg_to_strip_inclusion,3,2,843,507,1,2,1,A
JZW_HQL_0520_A-51_crop_02.jpg,bg_to_D,1,34,123,159,7,6,4,D
JZW_HQL_0520_A-56_crop_01.jpg,bg_to_strip_inclusion,1,16,56,133,4,8,1,A
JZW_HQL_0520_A-56_crop_01.jpg,bg_to_strip_inclusion,2,4,61,133,3,2,1,A
JZW_HQL_0520_A-56_crop_01.jpg,bg_to_strip_inclusion,3,99,50,716,7,19,1,A
JZW_HQL_0520_A-56_crop_01.jpg,bg_to_D,1,35,699,15,6,7,4,D
JZW_HQL_0520_A-56_crop_01.jpg,bg_to_D,2,62,628,202,9,9,4,D
JZW_HQL_0520_A-57_crop_02.jpg,bg_to_D,2,2,356,629,2,2,4,D
JZW_HQL_0520_A-59_crop_01.jpg,bg_to_strip_inclusion,1,36,347,792,7,23,1,A
JZW_HQL_0520_A-59_crop_01.jpg,bg_to_strip_inclusion,4,2,351,859,1,2,1,A
JZW_HQL_0520_A-59_crop_01.jpg,bg_to_strip_inclusion,5,213,348,864,7,62,1,A
JZW_HQL_0520_A-59_crop_01.jpg,bg_to_strip_inclusion,6,56,239,914,7,40,1,A
JZW_HQL_0520_A-59_crop_01.jpg,bg_to_strip_inclusion,7,2,250,925,1,2,1,A
JZW_HQL_0520_A-59_crop_01.jpg,bg_to_strip_inclusion,8,8,251,933,1,8,1,A
JZW_HQL_0520_A-59_crop_01.jpg,bg_to_strip_inclusion,9,5,247,949,4,5,1,A
JZW_HQL_0520_A-59_crop_01.jpg,bg_to_strip_inclusion,10,2,356,954,1,2,1,A
JZW_HQL_0520_A-59_crop_01.jpg,bg_to_strip_inclusion,11,3,355,958,1,3,1,A
JZW_HQL_0520_A-59_crop_01.jpg,bg_to_strip_inclusion,12,3,349,1016,3,1,1,A
JZW_HQL_0520_A-60_crop_00.jpg,bg_to_D,1,12,751,192,9,5,4,D
JZW_HQL_0520_A-60_crop_00.jpg,bg_to_D,2,2,342,584,2,2,4,D
JZW_HQL_0520_A-60_crop_00.jpg,bg_to_D,3,2,348,584,2,2,4,D
JZW_HQL_0520_A-60_crop_00.jpg,bg_to_D,4,3,350,587,1,3,4,D
JZW_HQL_0520_A-60_crop_00.jpg,bg_to_D,5,2,342,591,2,2,4,D
JZW_HQL_0520_A-60_crop_00.jpg,bg_to_D,6,2,348,591,2,2,4,D
JZW_HQL_0520_A-61_crop_00.jpg,bg_to_strip_inclusion,1,5,382,5,1,5,1,A
JZW_HQL_0520_A-61_crop_00.jpg,bg_to_strip_inclusion,2,3,390,4,1,3,1,A
JZW_HQL_0520_A-61_crop_00.jpg,bg_to_strip_inclusion,3,5,383,15,1,5,1,A
JZW_HQL_0520_A-61_crop_00.jpg,bg_to_strip_inclusion,5,3,384,24,1,3,1,A
JZW_HQL_0520_A-61_crop_00.jpg,bg_to_strip_inclusion,6,2,393,24,1,2,1,A
JZW_HQL_0520_A-61_crop_00.jpg,bg_to_strip_inclusion,7,3,394,29,1,3,1,A
JZW_HQL_0520_A-61_crop_00.jpg,bg_to_strip_inclusion,8,3,395,34,1,3,1,A
JZW_HQL_0520_A-61_crop_00.jpg,bg_to_strip_inclusion,9,2,396,40,1,2,1,A
JZW_HQL_0520_A-61_crop_00.jpg,bg_to_strip_inclusion,11,31,395,72,3,24,1,A
JZW_HQL_0520_A-61_crop_00.jpg,bg_to_strip_inclusion,13,2,685,101,1,2,1,A
JZW_HQL_0520_A-61_crop_00.jpg,bg_to_strip_inclusion,14,31,385,102,5,28,1,A
JZW_HQL_0520_A-61_crop_00.jpg,bg_to_strip_inclusion,16,84,686,105,6,50,1,A
JZW_HQL_0520_A-61_crop_00.jpg,bg_to_strip_inclusion,17,2,396,108,1,2,1,A
JZW_HQL_0520_A-61_crop_00.jpg,bg_to_strip_inclusion,20,2,398,116,1,2,1,A
JZW_HQL_0520_A-61_crop_00.jpg,bg_to_strip_inclusion,21,3,399,119,1,3,1,A
JZW_HQL_0520_A-61_crop_00.jpg,bg_to_strip_inclusion,22,11,400,123,3,11,1,A
JZW_HQL_0520_A-61_crop_00.jpg,bg_to_strip_inclusion,23,2,390,131,1,2,1,A
JZW_HQL_0520_A-61_crop_00.jpg,bg_to_strip_inclusion,24,12,403,136,1,12,1,A
JZW_HQL_0520_A-61_crop_00.jpg,bg_to_strip_inclusion,25,80,381,144,13,61,1,A
JZW_HQL_0520_A-61_crop_00.jpg,bg_to_strip_inclusion,27,162,390,164,12,59,1,A
JZW_HQL_0520_A-61_crop_00.jpg,bg_to_strip_inclusion,28,62,589,425,5,27,1,A
JZW_HQL_0520_A-61_crop_00.jpg,bg_to_strip_inclusion,29,34,594,454,2,30,1,A
JZW_HQL_0520_A-61_crop_00.jpg,bg_to_strip_inclusion,30,8,584,465,1,8,1,A
JZW_HQL_0520_A-61_crop_00.jpg,bg_to_strip_inclusion,32,5,593,485,1,5,1,A
JZW_HQL_0520_A-61_crop_00.jpg,bg_to_strip_inclusion,34,19,59,571,3,7,1,A
JZW_HQL_0520_A-61_crop_00.jpg,bg_to_D,2,7,897,451,6,4,4,D
JZW_HQL_0520_A-61_crop_00.jpg,bg_to_D,3,2,894,452,2,2,4,D
JZW_HQL_0520_A-61_crop_00.jpg,bg_to_D,5,13,0,992,4,9,4,D
JZW_HQL_0520_A-61_crop_00.jpg,bg_to_D,7,3,9,996,1,3,4,D
JZW_HQL_0520_A-62_crop_01.jpg,bg_to_strip_inclusion,1,336,903,577,10,40,1,A
JZW_HQL_0520_A-62_crop_01.jpg,bg_to_strip_inclusion,2,5,453,773,4,4,1,A
JZW_HQL_0520_A-62_crop_01.jpg,bg_to_strip_inclusion,4,3,463,783,1,3,1,A
JZW_HQL_0520_A-62_crop_01.jpg,bg_to_strip_inclusion,5,3,464,788,1,3,1,A
JZW_HQL_0520_A-62_crop_01.jpg,bg_to_strip_inclusion,6,3,465,793,1,3,1,A
JZW_HQL_0520_A-62_crop_01.jpg,bg_to_strip_inclusion,7,4,466,798,1,4,1,A
JZW_HQL_0520_A-62_crop_01.jpg,bg_to_strip_inclusion,8,29,454,802,4,16,1,A
JZW_HQL_0520_A-62_crop_01.jpg,bg_to_strip_inclusion,9,4,452,824,1,4,1,A
JZW_HQL_0520_A-62_crop_01.jpg,bg_to_strip_inclusion,10,2,451,832,1,2,1,A
JZW_HQL_0520_A-62_crop_01.jpg,bg_to_strip_inclusion,11,3,452,836,2,3,1,A
JZW_HQL_0520_A-62_crop_01.jpg,bg_to_strip_inclusion,12,4,944,962,4,1,1,A
JZW_HQL_0520_A-62_crop_01.jpg,bg_to_strip_inclusion,13,21,939,964,4,17,1,A
JZW_HQL_0520_A-62_crop_01.jpg,bg_to_strip_inclusion,14,4,949,965,1,4,1,A
JZW_HQL_0520_A-62_crop_01.jpg,bg_to_strip_inclusion,15,5,948,982,1,5,1,A
JZW_HQL_0520_A-62_crop_01.jpg,bg_to_strip_inclusion,16,3,938,984,1,3,1,A
JZW_HQL_0520_A-62_crop_01.jpg,bg_to_strip_inclusion,17,30,946,988,2,25,1,A
JZW_HQL_0520_A-62_crop_01.jpg,bg_to_strip_inclusion,18,4,938,1006,1,4,1,A
JZW_HQL_0520_A-62_crop_01.jpg,bg_to_strip_inclusion,19,24,939,1012,7,12,1,A
JZW_HQL_0520_A-62_crop_01.jpg,bg_to_strip_inclusion,20,2,946,1020,1,2,1,A
JZW_HQL_0520_A-62_crop_01.jpg,bg_to_D,1,63,1006,146,8,10,4,D
JZW_HQL_0520_A-62_crop_01.jpg,bg_to_D,2,2,626,609,2,2,4,D
JZW_HQL_0520_A-62_crop_01.jpg,bg_to_D,3,2,634,613,1,2,4,D
JZW_HQL_0520_A-63_crop_00.jpg,bg_to_strip_inclusion,1,13,990,177,7,4,1,A
JZW_HQL_0520_A-63_crop_00.jpg,bg_to_strip_inclusion,2,215,988,187,10,103,1,A
JZW_HQL_0520_A-63_crop_00.jpg,bg_to_strip_inclusion,3,2,1004,261,1,2,1,A
JZW_HQL_0520_A-63_crop_00.jpg,bg_to_strip_inclusion,4,6,1003,277,1,6,1,A
JZW_HQL_0520_A-63_crop_00.jpg,bg_to_strip_inclusion,5,17,995,314,1,17,1,A
JZW_HQL_0520_A-63_crop_00.jpg,bg_to_strip_inclusion,7,53,1008,350,4,41,1,A
JZW_HQL_0520_A-63_crop_00.jpg,bg_to_strip_inclusion,8,9,998,352,2,8,1,A
JZW_HQL_0520_A-63_crop_00.jpg,bg_to_strip_inclusion,9,2,1000,364,1,2,1,A
JZW_HQL_0520_A-63_crop_00.jpg,bg_to_strip_inclusion,10,4,1002,400,1,4,1,A
JZW_HQL_0520_A-63_crop_00.jpg,bg_to_strip_inclusion,11,152,1009,589,11,62,1,A
JZW_HQL_0520_A-63_crop_00.jpg,bg_to_strip_inclusion,12,82,1018,608,2,50,1,A
JZW_HQL_0520_A-63_crop_00.jpg,bg_to_strip_inclusion,13,33,1009,663,4,16,1,A
JZW_HQL_0520_A-63_crop_00.jpg,bg_to_strip_inclusion,15,54,1008,969,6,11,1,A
JZW_HQL_0520_A-63_crop_00.jpg,bg_to_D,1,52,452,533,8,8,4,D
JZW_HQL_0520_A-63_crop_00.jpg,bg_to_D,2,34,130,850,6,7,4,D
JZW_HQL_0520_A-6_crop_00.jpg,bg_to_strip_inclusion,1,5,112,524,3,5,1,A
JZW_HQL_0520_A-6_crop_00.jpg,bg_to_strip_inclusion,2,3,116,524,3,2,1,A
JZW_HQL_0520_A-6_crop_00.jpg,bg_to_strip_inclusion,3,2,121,531,1,2,1,A
JZW_HQL_0520_A-6_crop_00.jpg,bg_to_strip_inclusion,4,2,121,539,1,2,1,A
JZW_HQL_0520_A-6_crop_01.jpg,bg_to_D,1,16,1010,707,7,9,4,D
JZW_HQL_0520_A-9_crop_00.jpg,bg_to_strip_inclusion,3,5,74,244,2,5,1,A
JZW_HQL_0520_A-9_crop_00.jpg,bg_to_strip_inclusion,4,2,76,250,1,2,1,A
JZW_HQL_0520_A-9_crop_00.jpg,bg_to_strip_inclusion,8,2,77,259,1,2,1,A
JZW_HQL_0520_A-9_crop_00.jpg,bg_to_strip_inclusion,10,4,66,265,3,4,1,A
JZW_HQL_0520_A-9_crop_00.jpg,bg_to_strip_inclusion,14,9,764,812,7,6,1,A
JZW_HQL_0520_A-9_crop_00.jpg,bg_to_D,1,8,80,345,8,3,4,D
JZW_HQL_0520_A-9_crop_00.jpg,bg_to_D,2,2,611,1000,2,1,4,D
JZW_HQL_0520_A-9_crop_00.jpg,bg_to_D,3,2,614,1001,2,2,4,D
JZW_HQL_0520_A-9_crop_00.jpg,bg_to_D,4,3,613,1008,3,3,4,D
JZW_HQL_0520_C_W991-11_crop_01.jpg,bg_to_strip_inclusion,1,2102,189,536,39,207,3,C
JZW_HQL_0520_C_W991-11_crop_01.jpg,bg_to_strip_inclusion,2,1794,151,789,29,152,3,C
JZW_HQL_0520_C_W991-11_crop_01.jpg,bg_to_D,2,2,260,229,2,2,4,D
JZW_HQL_0520_C_W991-13_crop_00.jpg,bg_to_strip_inclusion,1,22,789,0,5,9,2,B
JZW_HQL_0520_C_W991-13_crop_00.jpg,bg_to_strip_inclusion,2,11,774,2,1,11,2,B
JZW_HQL_0520_C_W991-13_crop_00.jpg,bg_to_strip_inclusion,3,27,794,43,2,22,2,B
JZW_HQL_0520_C_W991-13_crop_00.jpg,bg_to_strip_inclusion,4,100,1008,51,4,48,3,C
JZW_HQL_0520_C_W991-13_crop_00.jpg,bg_to_strip_inclusion,5,46,996,64,3,29,3,C
JZW_HQL_0520_C_W991-13_crop_00.jpg,bg_to_strip_inclusion,6,1521,762,102,36,403,2,B
JZW_HQL_0520_C_W991-13_crop_00.jpg,bg_to_strip_inclusion,7,923,85,234,20,131,3,C
JZW_HQL_0520_C_W991-13_crop_00.jpg,bg_to_strip_inclusion,8,201,764,253,11,117,2,B
JZW_HQL_0520_C_W991-13_crop_00.jpg,bg_to_strip_inclusion,9,5,749,469,1,5,2,B
JZW_HQL_0520_C_W991-13_crop_00.jpg,bg_to_strip_inclusion,10,36,512,862,12,10,3,C
JZW_HQL_0520_C_W991-13_crop_00.jpg,bg_to_strip_inclusion,11,138,512,888,7,91,3,C
JZW_HQL_0520_C_W991-13_crop_00.jpg,bg_to_strip_inclusion,12,124,533,909,6,52,3,C
JZW_HQL_0520_C_W991-15_crop_03.jpg,bg_to_strip_inclusion,1,913,606,67,19,61,3,C
JZW_HQL_0520_C_W991-15_crop_03.jpg,bg_to_strip_inclusion,2,220,547,266,11,27,3,C
JZW_HQL_0520_C_W991-15_crop_03.jpg,bg_to_strip_inclusion,3,660,534,310,20,90,3,C
JZW_HQL_0520_C_W991-19_crop_01.jpg,bg_to_strip_inclusion,1,394,891,129,17,104,3,C
JZW_HQL_0520_C_W991-19_crop_01.jpg,bg_to_strip_inclusion,2,102,909,128,3,75,3,C
JZW_HQL_0520_C_W991-19_crop_01.jpg,bg_to_strip_inclusion,3,10,908,206,1,10,3,C
JZW_HQL_0520_C_W991-19_crop_01.jpg,bg_to_strip_inclusion,4,98,904,406,13,17,3,C
JZW_HQL_0520_C_W991-19_crop_01.jpg,bg_to_strip_inclusion,5,4,543,421,1,4,3,C
JZW_HQL_0520_C_W991-19_crop_01.jpg,bg_to_strip_inclusion,6,2,523,427,1,2,3,C
JZW_HQL_0520_C_W991-19_crop_01.jpg,bg_to_strip_inclusion,7,202,533,427,10,69,3,C
JZW_HQL_0520_C_W991-19_crop_01.jpg,bg_to_strip_inclusion,8,5,917,427,1,5,3,C
JZW_HQL_0520_C_W991-19_crop_01.jpg,bg_to_strip_inclusion,9,2,522,430,1,2,3,C
JZW_HQL_0520_C_W991-19_crop_01.jpg,bg_to_strip_inclusion,11,20,65,446,5,13,3,C
JZW_HQL_0520_C_W991-19_crop_01.jpg,bg_to_strip_inclusion,12,253,51,448,5,110,3,C
JZW_HQL_0520_C_W991-19_crop_01.jpg,bg_to_strip_inclusion,14,2,898,481,1,2,3,C
JZW_HQL_0520_C_W991-19_crop_01.jpg,bg_to_strip_inclusion,15,4,906,504,4,2,3,C
JZW_HQL_0520_C_W991-19_crop_01.jpg,bg_to_strip_inclusion,16,1170,71,519,12,258,3,C
JZW_HQL_0520_C_W991-19_crop_01.jpg,bg_to_strip_inclusion,17,646,50,570,10,224,3,C
JZW_HQL_0520_C_W991-19_crop_01.jpg,bg_to_strip_inclusion,18,219,269,632,21,54,3,C
JZW_HQL_0520_C_W991-19_crop_01.jpg,bg_to_strip_inclusion,20,24,277,712,7,15,3,C
JZW_HQL_0520_C_W991-19_crop_01.jpg,bg_to_strip_inclusion,21,9,270,723,6,5,3,C
JZW_HQL_0520_C_W991-19_crop_01.jpg,bg_to_strip_inclusion,22,4,79,793,1,4,3,C
JZW_HQL_0520_C_W991-19_crop_01.jpg,bg_to_strip_inclusion,23,406,59,807,20,129,3,C
JZW_HQL_0520_C_W991-19_crop_01.jpg,bg_to_strip_inclusion,24,209,55,821,5,91,3,C
JZW_HQL_0520_C_W991-1_crop_01.jpg,bg_to_strip_inclusion,1,332,113,0,16,61,2,B
JZW_HQL_0520_C_W991-1_crop_01.jpg,bg_to_strip_inclusion,2,3,925,50,3,1,3,C
JZW_HQL_0520_C_W991-1_crop_01.jpg,bg_to_strip_inclusion,3,2,929,51,2,2,3,C
JZW_HQL_0520_C_W991-1_crop_01.jpg,bg_to_strip_inclusion,5,10,926,121,7,4,3,C
JZW_HQL_0520_C_W991-1_crop_01.jpg,bg_to_strip_inclusion,6,1051,72,176,33,103,2,B
JZW_HQL_0520_C_W991-1_crop_01.jpg,bg_to_strip_inclusion,7,671,971,732,13,63,3,C
JZW_HQL_0520_C_W991-22_crop_00.jpg,bg_to_strip_inclusion,1,130,5,76,4,74,3,C
JZW_HQL_0520_C_W991-22_crop_00.jpg,bg_to_strip_inclusion,2,27,9,154,8,12,3,C
JZW_HQL_0520_C_W991-22_crop_00.jpg,bg_to_strip_inclusion,3,1448,688,257,33,208,3,C
JZW_HQL_0520_C_W991-22_crop_00.jpg,bg_to_strip_inclusion,4,236,171,513,19,39,3,C
JZW_HQL_0520_C_W991-22_crop_00.jpg,bg_to_strip_inclusion,5,59,169,520,3,37,3,C
JZW_HQL_0520_C_W991-22_crop_00.jpg,bg_to_strip_inclusion,6,6,172,558,1,6,3,C
JZW_HQL_0520_C_W991-22_crop_00.jpg,bg_to_strip_inclusion,7,3,191,561,1,3,2,B
JZW_HQL_0520_C_W991-22_crop_00.jpg,bg_to_strip_inclusion,8,5,173,565,1,5,3,C
JZW_HQL_0520_C_W991-22_crop_00.jpg,bg_to_strip_inclusion,9,40,174,571,8,38,3,C
JZW_HQL_0520_C_W991-22_crop_00.jpg,bg_to_strip_inclusion,10,7,192,571,1,7,2,B
JZW_HQL_0520_C_W991-23_crop_00.jpg,bg_to_strip_inclusion,1,152,151,124,16,18,3,C
JZW_HQL_0520_C_W991-23_crop_00.jpg,bg_to_strip_inclusion,2,50,158,170,10,14,3,C
JZW_HQL_0520_C_W991-23_crop_00.jpg,bg_to_strip_inclusion,3,12,829,314,7,2,3,C
JZW_HQL_0520_C_W991-23_crop_00.jpg,bg_to_strip_inclusion,5,380,822,326,8,155,3,C
JZW_HQL_0520_C_W991-23_crop_00.jpg,bg_to_strip_inclusion,7,327,841,420,8,91,3,C
JZW_HQL_0520_C_W991-23_crop_00.jpg,bg_to_strip_inclusion,8,45,823,496,7,23,3,C
JZW_HQL_0520_C_W991-23_crop_00.jpg,bg_to_strip_inclusion,9,275,476,645,14,90,3,C
JZW_HQL_0520_C_W991-23_crop_00.jpg,bg_to_strip_inclusion,10,4,460,705,1,4,3,C
JZW_HQL_0520_C_W991-23_crop_00.jpg,bg_to_strip_inclusion,11,3,459,710,1,3,3,C
JZW_HQL_0520_C_W991-23_crop_00.jpg,bg_to_strip_inclusion,12,78,243,737,10,21,2,B
JZW_HQL_0520_C_W991-23_crop_00.jpg,bg_to_strip_inclusion,13,49,469,754,12,15,3,C
JZW_HQL_0520_C_W991-23_crop_00.jpg,bg_to_strip_inclusion,14,871,212,833,39,180,2,B
JZW_HQL_0520_C_W991-23_crop_00.jpg,bg_to_strip_inclusion,15,318,212,847,14,110,2,B
JZW_HQL_0520_C_W991-27_crop_00.jpg,bg_to_strip_inclusion,1,3,298,3,1,3,2,B
JZW_HQL_0520_C_W991-27_crop_00.jpg,bg_to_strip_inclusion,2,4,297,8,1,4,2,B
JZW_HQL_0520_C_W991-27_crop_00.jpg,bg_to_strip_inclusion,3,10,962,22,3,4,3,C
JZW_HQL_0520_C_W991-27_crop_00.jpg,bg_to_strip_inclusion,4,113,570,65,5,82,2,B
JZW_HQL_0520_C_W991-27_crop_00.jpg,bg_to_strip_inclusion,5,4,569,148,1,4,2,B
JZW_HQL_0520_C_W991-27_crop_00.jpg,bg_to_strip_inclusion,6,6,568,155,1,6,2,B
JZW_HQL_0520_C_W991-27_crop_00.jpg,bg_to_strip_inclusion,7,536,542,162,26,87,3,C
JZW_HQL_0520_C_W991-27_crop_00.jpg,bg_to_strip_inclusion,8,63,287,178,5,28,2,B
JZW_HQL_0520_C_W991-27_crop_00.jpg,bg_to_strip_inclusion,9,107,537,274,15,16,3,C
JZW_HQL_0520_C_W991-27_crop_00.jpg,bg_to_strip_inclusion,10,2,429,578,1,2,3,C
JZW_HQL_0520_C_W991-27_crop_00.jpg,bg_to_strip_inclusion,11,17,430,582,2,17,3,C
JZW_HQL_0520_C_W991-27_crop_00.jpg,bg_to_strip_inclusion,12,4,432,604,1,4,3,C
JZW_HQL_0520_C_W991-27_crop_00.jpg,bg_to_strip_inclusion,13,3,433,615,1,3,3,C
JZW_HQL_0520_C_W991-27_crop_00.jpg,bg_to_strip_inclusion,14,131,995,634,21,16,2,B
JZW_HQL_0520_C_W991-27_crop_00.jpg,bg_to_strip_inclusion,15,281,1021,666,3,142,2,B
JZW_HQL_0520_C_W991-27_crop_00.jpg,bg_to_strip_inclusion,16,155,439,672,8,58,3,C
JZW_HQL_0520_C_W991-27_crop_00.jpg,bg_to_strip_inclusion,17,24,149,686,10,8,3,C
JZW_HQL_0520_C_W991-27_crop_00.jpg,bg_to_strip_inclusion,18,484,153,687,17,87,3,C
JZW_HQL_0520_C_W991-27_crop_00.jpg,bg_to_strip_inclusion,19,81,146,703,2,55,3,C
JZW_HQL_0520_C_W991-27_crop_00.jpg,bg_to_strip_inclusion,20,8,446,732,1,8,3,C
JZW_HQL_0520_C_W991-27_crop_00.jpg,bg_to_strip_inclusion,21,71,182,795,17,9,3,C
JZW_HQL_0520_C_W991-27_crop_00.jpg,bg_to_strip_inclusion,22,6,457,871,1,6,3,C
JZW_HQL_0520_C_W991-27_crop_00.jpg,bg_to_strip_inclusion,23,3,458,889,1,3,3,C
JZW_HQL_0520_C_W991-27_crop_00.jpg,bg_to_strip_inclusion,25,80,436,897,3,39,3,C
JZW_HQL_0520_C_W991-27_crop_00.jpg,bg_to_strip_inclusion,26,47,459,901,3,38,3,C
JZW_HQL_0520_C_W991-27_crop_00.jpg,bg_to_strip_inclusion,27,11,462,943,1,11,2,B
JZW_HQL_0520_C_W991-27_crop_00.jpg,bg_to_strip_inclusion,28,30,173,946,6,16,2,B
JZW_HQL_0520_C_W991-27_crop_00.jpg,bg_to_strip_inclusion,29,15,463,955,1,15,2,B
JZW_HQL_0520_C_W991-27_crop_00.jpg,bg_to_strip_inclusion,31,16,438,960,1,16,3,C
JZW_HQL_0520_C_W991-27_crop_00.jpg,bg_to_strip_inclusion,32,2,181,962,2,1,2,B
JZW_HQL_0520_C_W991-2_crop_02.jpg,bg_to_strip_inclusion,1,2,746,629,1,2,3,C
JZW_HQL_0520_C_W991-30_crop_01.jpg,bg_to_strip_inclusion,1,189,85,0,38,52,2,B
JZW_HQL_0520_C_W991-30_crop_01.jpg,bg_to_strip_inclusion,2,159,112,23,7,62,2,B
JZW_HQL_0520_C_W991-30_crop_01.jpg,bg_to_strip_inclusion,3,7,86,59,1,7,2,B
JZW_HQL_0520_C_W991-30_crop_01.jpg,bg_to_strip_inclusion,4,155,87,67,7,74,2,B
JZW_HQL_0520_C_W991-30_crop_01.jpg,bg_to_strip_inclusion,5,2,99,168,1,2,2,B
JZW_HQL_0520_C_W991-30_crop_01.jpg,bg_to_strip_inclusion,6,86,100,171,16,30,2,B
JZW_HQL_0520_C_W991-30_crop_01.jpg,bg_to_D,1,3,452,355,3,3,4,D
JZW_HQL_0520_C_W991-30_crop_03.jpg,bg_to_strip_inclusion,1,16,384,11,8,4,3,C
JZW_HQL_0520_C_W991-30_crop_03.jpg,bg_to_strip_inclusion,2,6,393,12,6,6,3,C
JZW_HQL_0520_C_W991-30_crop_03.jpg,bg_to_strip_inclusion,3,323,378,44,8,128,3,C
JZW_HQL_0520_C_W991-30_crop_03.jpg,bg_to_strip_inclusion,5,8,411,189,1,8,3,C
JZW_HQL_0520_C_W991-30_crop_03.jpg,bg_to_strip_inclusion,6,38,412,198,2,33,3,C
JZW_HQL_0520_C_W991-30_crop_03.jpg,bg_to_strip_inclusion,7,336,372,229,17,152,3,C
JZW_HQL_0520_C_W991-30_crop_03.jpg,bg_to_strip_inclusion,8,3,371,386,1,3,3,C
JZW_HQL_0520_C_W991-30_crop_03.jpg,bg_to_strip_inclusion,9,2,370,395,1,2,3,C
JZW_HQL_0520_C_W991-30_crop_03.jpg,bg_to_strip_inclusion,11,3,368,410,1,3,2,B
JZW_HQL_0520_C_W991-30_crop_03.jpg,bg_to_strip_inclusion,13,2,366,429,1,2,2,B
JZW_HQL_0520_C_W991-30_crop_03.jpg,bg_to_strip_inclusion,14,17,364,434,2,17,2,B
JZW_HQL_0520_C_W991-30_crop_03.jpg,bg_to_strip_inclusion,16,39,359,575,8,11,3,C
JZW_HQL_0520_C_W991-30_crop_03.jpg,bg_to_strip_inclusion,19,2,372,582,2,2,3,C
JZW_HQL_0520_C_W991-31_crop_01.jpg,bg_to_strip_inclusion,1,38,266,44,2,31,3,C
JZW_HQL_0520_C_W991-31_crop_01.jpg,bg_to_strip_inclusion,2,2,252,67,1,2,3,C
JZW_HQL_0520_C_W991-31_crop_01.jpg,bg_to_strip_inclusion,3,2,253,70,1,2,3,C
JZW_HQL_0520_C_W991-31_crop_01.jpg,bg_to_strip_inclusion,5,103,358,232,18,45,3,C
JZW_HQL_0520_C_W991-31_crop_01.jpg,bg_to_strip_inclusion,6,78,358,245,7,34,3,C
JZW_HQL_0520_C_W991-31_crop_01.jpg,bg_to_strip_inclusion,7,12,366,278,7,3,3,C
JZW_HQL_0520_C_W991-31_crop_01.jpg,bg_to_strip_inclusion,8,10,850,293,6,3,3,C
JZW_HQL_0520_C_W991-31_crop_01.jpg,bg_to_strip_inclusion,9,65,848,297,5,36,3,C
JZW_HQL_0520_C_W991-31_crop_01.jpg,bg_to_strip_inclusion,10,2,857,332,2,2,3,C
JZW_HQL_0520_C_W991-31_crop_01.jpg,bg_to_strip_inclusion,13,3,875,413,1,3,3,C
JZW_HQL_0520_C_W991-32_crop_02.jpg,bg_to_strip_inclusion,1,482,829,259,6,163,3,C
JZW_HQL_0520_C_W991-32_crop_02.jpg,bg_to_strip_inclusion,2,25,850,265,2,22,3,C
JZW_HQL_0520_C_W991-32_crop_02.jpg,bg_to_strip_inclusion,3,3,852,297,1,3,3,C
JZW_HQL_0520_C_W991-32_crop_02.jpg,bg_to_strip_inclusion,4,4,853,310,1,4,3,C
JZW_HQL_0520_C_W991-32_crop_02.jpg,bg_to_strip_inclusion,5,180,828,431,7,74,2,B
JZW_HQL_0520_C_W991-32_crop_02.jpg,bg_to_strip_inclusion,7,15,832,723,9,8,3,C
JZW_HQL_0520_C_W991-33_crop_01.jpg,bg_to_strip_inclusion,1,146,79,159,12,66,3,C
JZW_HQL_0520_C_W991-33_crop_01.jpg,bg_to_strip_inclusion,2,418,971,222,13,69,3,C
JZW_HQL_0520_C_W991-33_crop_01.jpg,bg_to_strip_inclusion,3,70,958,246,11,32,3,C
JZW_HQL_0520_C_W991-33_crop_01.jpg,bg_to_strip_inclusion,4,502,1006,338,10,70,3,C
JZW_HQL_0520_C_W991-33_crop_01.jpg,bg_to_strip_inclusion,5,209,459,378,5,74,3,C
JZW_HQL_0520_C_W991-33_crop_01.jpg,bg_to_strip_inclusion,6,57,431,457,2,49,2,B
JZW_HQL_0520_C_W991-33_crop_01.jpg,bg_to_strip_inclusion,7,17,461,466,2,16,2,B
JZW_HQL_0520_C_W991-33_crop_01.jpg,bg_to_strip_inclusion,8,5,424,555,1,5,3,C
JZW_HQL_0520_C_W991-33_crop_01.jpg,bg_to_strip_inclusion,9,11,423,564,1,11,3,C
JZW_HQL_0520_C_W991-33_crop_01.jpg,bg_to_strip_inclusion,11,2,457,575,1,2,3,C
JZW_HQL_0520_C_W991-33_crop_01.jpg,bg_to_strip_inclusion,12,29,452,578,5,19,3,C
JZW_HQL_0520_C_W991-33_crop_01.jpg,bg_to_strip_inclusion,13,24,200,624,9,6,3,C
JZW_HQL_0520_C_W991-33_crop_01.jpg,bg_to_strip_inclusion,14,184,192,633,5,74,3,C
JZW_HQL_0520_C_W991-33_crop_01.jpg,bg_to_strip_inclusion,15,179,210,644,5,89,3,C
JZW_HQL_0520_C_W991-33_crop_01.jpg,bg_to_strip_inclusion,16,238,445,682,5,127,3,C
JZW_HQL_0520_C_W991-33_crop_01.jpg,bg_to_strip_inclusion,17,630,144,702,19,79,3,C
JZW_HQL_0520_C_W991-33_crop_01.jpg,bg_to_strip_inclusion,18,6,195,713,1,6,3,C
JZW_HQL_0520_C_W991-33_crop_01.jpg,bg_to_strip_inclusion,19,437,418,750,10,124,3,C
JZW_HQL_0520_C_W991-33_crop_01.jpg,bg_to_strip_inclusion,20,4,444,815,1,4,3,C
JZW_HQL_0520_C_W991-33_crop_01.jpg,bg_to_strip_inclusion,21,325,1004,915,13,95,2,B
JZW_HQL_0520_C_W991-33_crop_01.jpg,bg_to_strip_inclusion,22,59,994,937,2,32,2,B
JZW_HQL_0520_C_W991-33_crop_01.jpg,bg_to_strip_inclusion,23,2,995,991,1,2,2,B
JZW_HQL_0520_C_W991-36_crop_01.jpg,bg_to_strip_inclusion,1,21,966,35,10,5,3,C
JZW_HQL_0520_C_W991-36_crop_01.jpg,bg_to_strip_inclusion,2,37,963,42,1,37,3,C
JZW_HQL_0520_C_W991-36_crop_01.jpg,bg_to_strip_inclusion,3,8,964,83,1,8,3,C
JZW_HQL_0520_C_W991-36_crop_01.jpg,bg_to_strip_inclusion,4,97,981,113,7,44,3,C
JZW_HQL_0520_C_W991-36_crop_01.jpg,bg_to_strip_inclusion,5,22,970,135,5,17,3,C
JZW_HQL_0520_C_W991-36_crop_01.jpg,bg_to_strip_inclusion,6,551,643,286,21,68,3,C
JZW_HQL_0520_C_W991-36_crop_01.jpg,bg_to_strip_inclusion,7,13,491,549,4,4,3,C
JZW_HQL_0520_C_W991-36_crop_01.jpg,bg_to_strip_inclusion,8,197,105,593,6,60,2,B
JZW_HQL_0520_C_W991-36_crop_01.jpg,bg_to_strip_inclusion,9,114,87,782,7,34,2,B
JZW_HQL_0520_C_W991-36_crop_01.jpg,bg_to_strip_inclusion,10,1427,636,789,19,89,3,C
JZW_HQL_0520_C_W991-36_crop_01.jpg,bg_to_strip_inclusion,11,380,103,792,26,91,2,B
JZW_HQL_0520_C_W991-36_crop_01.jpg,bg_to_strip_inclusion,13,2,92,874,1,2,2,B
JZW_HQL_0520_C_W991-37_crop_01.jpg,bg_to_strip_inclusion,1,17,15,126,9,6,3,C
JZW_HQL_0520_C_W991-37_crop_01.jpg,bg_to_strip_inclusion,2,177,9,140,11,64,3,C
JZW_HQL_0520_C_W991-37_crop_01.jpg,bg_to_strip_inclusion,5,77,758,406,16,20,3,C
JZW_HQL_0520_C_W991-37_crop_01.jpg,bg_to_strip_inclusion,6,5,774,427,1,5,3,C
JZW_HQL_0520_C_W991-37_crop_01.jpg,bg_to_strip_inclusion,7,3,757,446,1,3,3,C
JZW_HQL_0520_C_W991-37_crop_01.jpg,bg_to_strip_inclusion,8,82,770,450,8,32,3,C
JZW_HQL_0520_C_W991-37_crop_01.jpg,bg_to_strip_inclusion,9,193,913,623,18,64,3,C
JZW_HQL_0520_C_W991-37_crop_01.jpg,bg_to_strip_inclusion,10,423,118,643,5,127,3,C
JZW_HQL_0520_C_W991-38_crop_00.jpg,bg_to_strip_inclusion,1,77,42,270,15,15,3,C
JZW_HQL_0520_C_W991-38_crop_00.jpg,bg_to_strip_inclusion,2,51,37,298,3,30,2,B
JZW_HQL_0520_C_W991-38_crop_00.jpg,bg_to_strip_inclusion,3,30,60,310,1,30,2,B
JZW_HQL_0520_C_W991-38_crop_00.jpg,bg_to_strip_inclusion,4,523,52,344,14,128,2,B
JZW_HQL_0520_C_W991-38_crop_00.jpg,bg_to_strip_inclusion,5,405,19,403,10,138,2,B
JZW_HQL_0520_C_W991-38_crop_00.jpg,bg_to_strip_inclusion,6,143,495,408,23,35,3,C
JZW_HQL_0520_C_W991-38_crop_00.jpg,bg_to_strip_inclusion,7,3,518,444,1,3,2,B
JZW_HQL_0520_C_W991-38_crop_00.jpg,bg_to_strip_inclusion,8,2,519,449,1,2,2,B
JZW_HQL_0520_C_W991-38_crop_00.jpg,bg_to_strip_inclusion,9,3,520,453,1,3,2,B
JZW_HQL_0520_C_W991-38_crop_00.jpg,bg_to_strip_inclusion,10,3,521,457,1,3,2,B
JZW_HQL_0520_C_W991-38_crop_00.jpg,bg_to_strip_inclusion,11,3,522,462,1,3,2,B
JZW_HQL_0520_C_W991-38_crop_00.jpg,bg_to_strip_inclusion,12,3,523,466,1,3,2,B
JZW_HQL_0520_C_W991-38_crop_00.jpg,bg_to_strip_inclusion,13,2,524,471,1,2,2,B
JZW_HQL_0520_C_W991-38_crop_00.jpg,bg_to_strip_inclusion,14,2,47,496,1,2,2,B
JZW_HQL_0520_C_W991-38_crop_00.jpg,bg_to_strip_inclusion,16,91,32,500,15,43,3,C
JZW_HQL_0520_C_W991-38_crop_00.jpg,bg_to_strip_inclusion,17,5,793,505,1,5,2,B
JZW_HQL_0520_C_W991-38_crop_00.jpg,bg_to_strip_inclusion,18,3,490,508,1,3,2,B
JZW_HQL_0520_C_W991-38_crop_00.jpg,bg_to_strip_inclusion,19,6,489,514,1,6,2,B
JZW_HQL_0520_C_W991-38_crop_00.jpg,bg_to_strip_inclusion,20,9,488,521,1,9,2,B
JZW_HQL_0520_C_W991-38_crop_00.jpg,bg_to_strip_inclusion,21,6,794,548,1,6,2,B
JZW_HQL_0520_C_W991-38_crop_00.jpg,bg_to_strip_inclusion,22,1172,771,556,25,278,2,B
JZW_HQL_0520_C_W991-38_crop_00.jpg,bg_to_strip_inclusion,23,963,358,565,16,76,3,C
JZW_HQL_0520_C_W991-38_crop_00.jpg,bg_to_strip_inclusion,24,54,484,568,2,53,2,B
JZW_HQL_0520_C_W991-38_crop_00.jpg,bg_to_strip_inclusion,25,34,485,625,6,24,2,B
JZW_HQL_0520_C_W991-38_crop_00.jpg,bg_to_strip_inclusion,26,2,1005,670,1,2,3,C
JZW_HQL_0520_C_W991-38_crop_00.jpg,bg_to_strip_inclusion,27,2,1006,676,1,2,3,C
JZW_HQL_0520_C_W991-38_crop_00.jpg,bg_to_strip_inclusion,28,122,989,678,3,62,3,C
JZW_HQL_0520_C_W991-38_crop_00.jpg,bg_to_strip_inclusion,29,2524,205,681,34,90,2,B
JZW_HQL_0520_C_W991-38_crop_00.jpg,bg_to_strip_inclusion,30,2,756,685,1,2,2,B
JZW_HQL_0520_C_W991-38_crop_00.jpg,bg_to_strip_inclusion,31,4,757,688,1,4,2,B
JZW_HQL_0520_C_W991-38_crop_00.jpg,bg_to_strip_inclusion,32,46,758,693,4,28,2,B
JZW_HQL_0520_C_W991-38_crop_00.jpg,bg_to_strip_inclusion,33,374,504,719,31,67,2,B
JZW_HQL_0520_C_W991-38_crop_00.jpg,bg_to_strip_inclusion,34,2,758,722,1,2,2,B
JZW_HQL_0520_C_W991-38_crop_00.jpg,bg_to_strip_inclusion,38,177,741,738,12,85,2,B
JZW_HQL_0520_C_W991-38_crop_00.jpg,bg_to_strip_inclusion,39,2,992,744,1,2,3,C
JZW_HQL_0520_C_W991-38_crop_00.jpg,bg_to_strip_inclusion,41,362,759,835,12,122,2,B
JZW_HQL_0520_C_W991-38_crop_00.jpg,bg_to_strip_inclusion,42,183,742,863,5,78,2,B
JZW_HQL_0520_C_W991-39_crop_00.jpg,bg_to_strip_inclusion,1,776,533,723,14,78,3,C
JZW_HQL_0520_C_W991-39_crop_00.jpg,bg_to_strip_inclusion,2,449,549,903,18,92,3,C
JZW_HQL_0520_C_W991-39_crop_00.jpg,bg_to_strip_inclusion,3,92,301,947,15,16,3,C
JZW_HQL_0520_C_W991-39_crop_00.jpg,bg_to_strip_inclusion,4,67,567,960,3,34,3,C
JZW_HQL_0520_C_W991-39_crop_00.jpg,bg_to_strip_inclusion,5,9,559,996,6,2,3,C
JZW_HQL_0520_C_W991-39_crop_01.jpg,bg_to_strip_inclusion,1,41,802,577,12,10,3,C
JZW_HQL_0520_C_W991-39_crop_01.jpg,bg_to_strip_inclusion,2,247,797,585,12,74,3,C
JZW_HQL_0520_C_W991-39_crop_01.jpg,bg_to_strip_inclusion,3,37,810,636,5,22,3,C
JZW_HQL_0520_C_W991-3_crop_01.jpg,bg_to_strip_inclusion,1,1233,190,52,28,166,3,C
JZW_HQL_0520_C_W991-3_crop_01.jpg,bg_to_strip_inclusion,2,95,721,555,12,17,3,C
JZW_HQL_0520_C_W991-3_crop_01.jpg,bg_to_strip_inclusion,3,3,727,609,2,3,3,C
JZW_HQL_0520_C_W991-3_crop_02.jpg,bg_to_strip_inclusion,1,140,164,1,10,20,3,C
JZW_HQL_0520_C_W991-3_crop_02.jpg,bg_to_strip_inclusion,2,126,167,29,8,23,3,C
JZW_HQL_0520_C_W991-3_crop_02.jpg,bg_to_strip_inclusion,3,1228,501,317,23,115,3,C
JZW_HQL_0520_C_W991-3_crop_02.jpg,bg_to_strip_inclusion,4,2,672,874,2,2,3,C
JZW_HQL_0520_C_W991-3_crop_02.jpg,bg_to_strip_inclusion,5,79,670,883,6,39,3,C
JZW_HQL_0520_C_W991-3_crop_02.jpg,bg_to_strip_inclusion,6,10,683,892,1,10,3,C
JZW_HQL_0520_C_W991-40_crop_02.jpg,bg_to_strip_inclusion,1,380,589,172,13,121,3,C
JZW_HQL_0520_C_W991-40_crop_02.jpg,bg_to_strip_inclusion,2,414,607,181,8,115,3,C
JZW_HQL_0520_C_W991-40_crop_02.jpg,bg_to_strip_inclusion,3,120,244,261,16,33,3,C
JZW_HQL_0520_C_W991-40_crop_02.jpg,bg_to_strip_inclusion,4,4,260,300,1,4,3,C
JZW_HQL_0520_C_W991-40_crop_02.jpg,bg_to_strip_inclusion,5,22,594,305,3,16,3,C
JZW_HQL_0520_C_W991-40_crop_02.jpg,bg_to_strip_inclusion,6,17,261,306,2,13,3,C
JZW_HQL_0520_C_W991-40_crop_02.jpg,bg_to_strip_inclusion,7,112,159,309,8,18,3,C
JZW_HQL_0520_C_W991-40_crop_02.jpg,bg_to_strip_inclusion,8,2207,740,793,24,127,3,C
JZW_HQL_0520_C_W991-44_crop_00.jpg,bg_to_strip_inclusion,1,49,63,0,18,9,2,B
JZW_HQL_0520_C_W991-44_crop_00.jpg,bg_to_strip_inclusion,2,200,722,0,20,74,3,C
JZW_HQL_0520_C_W991-44_crop_00.jpg,bg_to_strip_inclusion,3,256,720,14,6,84,3,C
JZW_HQL_0520_C_W991-44_crop_00.jpg,bg_to_strip_inclusion,4,53,63,58,15,10,2,B
JZW_HQL_0520_C_W991-44_crop_00.jpg,bg_to_strip_inclusion,5,36,561,58,11,7,3,C
JZW_HQL_0520_C_W991-44_crop_00.jpg,bg_to_strip_inclusion,6,44,410,81,13,8,2,B
JZW_HQL_0520_C_W991-44_crop_00.jpg,bg_to_strip_inclusion,7,4,404,96,1,4,2,B
JZW_HQL_0520_C_W991-44_crop_00.jpg,bg_to_strip_inclusion,8,3,723,101,1,3,3,C
JZW_HQL_0520_C_W991-44_crop_00.jpg,bg_to_strip_inclusion,9,139,398,102,6,68,2,B
JZW_HQL_0520_C_W991-44_crop_00.jpg,bg_to_strip_inclusion,10,10,724,105,3,10,3,C
JZW_HQL_0520_C_W991-44_crop_00.jpg,bg_to_strip_inclusion,11,3,730,114,3,3,3,C
JZW_HQL_0520_C_W991-44_crop_00.jpg,bg_to_strip_inclusion,12,9,571,121,1,9,3,C
JZW_HQL_0520_C_W991-44_crop_00.jpg,bg_to_strip_inclusion,13,9,397,173,1,9,2,B
JZW_HQL_0520_C_W991-44_crop_00.jpg,bg_to_strip_inclusion,14,7,397,194,1,7,2,B
JZW_HQL_0520_C_W991-44_crop_00.jpg,bg_to_strip_inclusion,15,10,398,206,1,10,2,B
JZW_HQL_0520_C_W991-44_crop_00.jpg,bg_to_strip_inclusion,16,8,399,218,1,8,2,B
JZW_HQL_0520_C_W991-44_crop_00.jpg,bg_to_strip_inclusion,17,9,400,231,1,9,2,B
JZW_HQL_0520_C_W991-44_crop_00.jpg,bg_to_strip_inclusion,18,238,401,243,9,92,2,B
JZW_HQL_0520_C_W991-44_crop_00.jpg,bg_to_strip_inclusion,19,5,432,243,1,5,2,B
JZW_HQL_0520_C_W991-44_crop_00.jpg,bg_to_strip_inclusion,20,89,433,258,3,48,2,B
JZW_HQL_0520_C_W991-44_crop_00.jpg,bg_to_strip_inclusion,21,44,928,291,16,13,2,B
JZW_HQL_0520_C_W991-44_crop_00.jpg,bg_to_strip_inclusion,23,297,410,307,24,35,2,B
JZW_HQL_0520_C_W991-44_crop_00.jpg,bg_to_strip_inclusion,25,3,924,389,1,3,2,B
JZW_HQL_0520_C_W991-44_crop_00.jpg,bg_to_strip_inclusion,26,73,925,393,20,24,2,B
JZW_HQL_0520_C_W991-44_crop_00.jpg,bg_to_strip_inclusion,27,110,913,662,8,17,3,C
JZW_HQL_0520_C_W991-44_crop_00.jpg,bg_to_strip_inclusion,28,960,783,793,17,77,3,C
JZW_HQL_0520_C_W991-44_crop_00.jpg,bg_to_strip_inclusion,29,21,364,860,8,5,3,C
JZW_HQL_0520_C_W991-44_crop_00.jpg,bg_to_strip_inclusion,30,31,373,863,5,23,3,C
JZW_HQL_0520_C_W991-44_crop_00.jpg,bg_to_strip_inclusion,31,3,844,912,1,3,2,B
JZW_HQL_0520_C_W991-44_crop_00.jpg,bg_to_strip_inclusion,32,237,576,923,20,29,2,B
JZW_HQL_0520_C_W991-44_crop_00.jpg,bg_to_strip_inclusion,33,4,373,925,3,4,3,C
JZW_HQL_0520_C_W991-44_crop_00.jpg,bg_to_strip_inclusion,34,72,866,948,4,35,2,B
JZW_HQL_0520_C_W991-44_crop_00.jpg,bg_to_strip_inclusion,35,4,567,971,1,4,2,B
JZW_HQL_0520_C_W991-44_crop_00.jpg,bg_to_strip_inclusion,36,5,566,980,1,5,2,B
JZW_HQL_0520_C_W991-44_crop_00.jpg,bg_to_strip_inclusion,37,5,865,999,1,5,2,B
JZW_HQL_0520_C_W991-44_crop_00.jpg,bg_to_strip_inclusion,38,16,594,1017,4,7,2,B
JZW_HQL_0520_C_W991-44_crop_00.jpg,bg_to_strip_inclusion,39,12,862,1018,3,6,2,B
JZW_HQL_0520_C_W991-45_crop_00.jpg,bg_to_strip_inclusion,1,9,519,272,5,8,3,C
JZW_HQL_0520_C_W991-45_crop_00.jpg,bg_to_strip_inclusion,2,80,989,293,14,11,3,C
JZW_HQL_0520_C_W991-45_crop_00.jpg,bg_to_strip_inclusion,3,658,228,303,17,53,3,C
JZW_HQL_0520_C_W991-45_crop_00.jpg,bg_to_strip_inclusion,4,335,553,444,5,137,2,B
JZW_HQL_0520_C_W991-45_crop_00.jpg,bg_to_strip_inclusion,5,45,523,448,3,37,2,B
JZW_HQL_0520_C_W991-45_crop_00.jpg,bg_to_strip_inclusion,6,12,519,566,1,12,2,B
JZW_HQL_0520_C_W991-45_crop_00.jpg,bg_to_strip_inclusion,7,127,193,671,16,18,3,C
JZW_HQL_0520_C_W991-45_crop_00.jpg,bg_to_strip_inclusion,8,40,557,672,2,29,2,B
JZW_HQL_0520_C_W991-45_crop_00.jpg,bg_to_strip_inclusion,9,29,1015,682,1,29,3,C
JZW_HQL_0520_C_W991-45_crop_00.jpg,bg_to_strip_inclusion,10,3,209,690,1,3,3,C
JZW_HQL_0520_C_W991-45_crop_00.jpg,bg_to_strip_inclusion,11,2,210,694,1,2,3,C
JZW_HQL_0520_C_W991-45_crop_00.jpg,bg_to_strip_inclusion,12,13,554,736,3,12,2,B
JZW_HQL_0520_C_W991-45_crop_00.jpg,bg_to_strip_inclusion,13,1127,894,737,25,113,3,C
JZW_HQL_0520_C_W991-45_crop_00.jpg,bg_to_strip_inclusion,14,28,997,754,9,12,3,C
JZW_HQL_0520_C_W991-45_crop_00.jpg,bg_to_strip_inclusion,15,26,201,817,4,14,3,C
JZW_HQL_0520_C_W991-46_crop_00.jpg,bg_to_strip_inclusion,1,1280,75,10,37,224,3,C
JZW_HQL_0520_C_W991-46_crop_00.jpg,bg_to_strip_inclusion,2,6,84,75,1,6,3,C
JZW_HQL_0520_C_W991-46_crop_00.jpg,bg_to_strip_inclusion,3,8,85,84,1,8,3,C
JZW_HQL_0520_C_W991-46_crop_00.jpg,bg_to_strip_inclusion,4,8,86,94,1,8,3,C
JZW_HQL_0520_C_W991-46_crop_00.jpg,bg_to_strip_inclusion,5,484,83,103,9,211,3,C
JZW_HQL_0520_C_W991-46_crop_00.jpg,bg_to_strip_inclusion,6,4,104,236,1,4,3,C
JZW_HQL_0520_C_W991-46_crop_00.jpg,bg_to_strip_inclusion,7,4,102,259,1,4,3,C
JZW_HQL_0520_C_W991-46_crop_00.jpg,bg_to_strip_inclusion,8,7,101,271,1,7,3,C
JZW_HQL_0520_C_W991-46_crop_00.jpg,bg_to_strip_inclusion,9,6,100,282,1,6,3,C
JZW_HQL_0520_C_W991-46_crop_00.jpg,bg_to_strip_inclusion,10,3,99,294,1,3,3,C
JZW_HQL_0520_C_W991-46_crop_00.jpg,bg_to_strip_inclusion,11,1825,753,757,35,267,3,C
JZW_HQL_0520_C_W991-46_crop_00.jpg,bg_to_strip_inclusion,12,72,389,774,20,7,2,B
JZW_HQL_0520_C_W991-46_crop_00.jpg,bg_to_strip_inclusion,13,3,388,782,1,3,2,B
JZW_HQL_0520_C_W991-46_crop_00.jpg,bg_to_strip_inclusion,14,5,387,786,1,5,2,B
JZW_HQL_0520_C_W991-46_crop_00.jpg,bg_to_strip_inclusion,19,11,897,806,8,2,3,C
JZW_HQL_0520_C_W991-46_crop_00.jpg,bg_to_strip_inclusion,20,98,760,810,6,54,3,C
JZW_HQL_0520_C_W991-46_crop_00.jpg,bg_to_strip_inclusion,21,22,894,813,1,22,3,C
JZW_HQL_0520_C_W991-46_crop_00.jpg,bg_to_strip_inclusion,22,1348,396,826,29,193,2,B
JZW_HQL_0520_C_W991-46_crop_00.jpg,bg_to_strip_inclusion,23,8,896,872,6,3,3,C
JZW_HQL_0520_C_W991-46_crop_00.jpg,bg_to_strip_inclusion,24,2,394,876,1,2,2,B
JZW_HQL_0520_C_W991-46_crop_00.jpg,bg_to_strip_inclusion,25,11,756,880,2,10,3,C
JZW_HQL_0520_C_W991-46_crop_00.jpg,bg_to_strip_inclusion,26,3,755,891,1,3,3,C
JZW_HQL_0520_C_W991-46_crop_00.jpg,bg_to_strip_inclusion,27,7,394,897,1,7,2,B
JZW_HQL_0520_C_W991-46_crop_00.jpg,bg_to_strip_inclusion,28,51,389,906,5,40,2,B
JZW_HQL_0520_C_W991-46_crop_00.jpg,bg_to_strip_inclusion,29,140,754,911,2,89,3,C
JZW_HQL_0520_C_W991-46_crop_03.jpg,bg_to_strip_inclusion,1,13,667,54,1,13,3,C
JZW_HQL_0520_C_W991-46_crop_03.jpg,bg_to_strip_inclusion,3,161,268,387,11,17,3,C
JZW_HQL_0520_C_W991-46_crop_03.jpg,bg_to_strip_inclusion,4,2,274,425,1,2,3,C
JZW_HQL_0520_C_W991-48_crop_01.jpg,bg_to_strip_inclusion,1,586,933,0,12,71,3,C
JZW_HQL_0520_C_W991-48_crop_01.jpg,bg_to_strip_inclusion,2,441,242,41,9,114,2,B
JZW_HQL_0520_C_W991-48_crop_01.jpg,bg_to_strip_inclusion,3,220,280,40,11,59,2,B
JZW_HQL_0520_C_W991-48_crop_01.jpg,bg_to_strip_inclusion,4,3,251,156,1,3,2,B
JZW_HQL_0520_C_W991-48_crop_01.jpg,bg_to_strip_inclusion,6,3,257,184,1,3,2,B
JZW_HQL_0520_C_W991-48_crop_01.jpg,bg_to_strip_inclusion,7,484,258,188,30,41,2,B
JZW_HQL_0520_C_W991-48_crop_01.jpg,bg_to_strip_inclusion,8,95,928,255,15,10,3,C
JZW_HQL_0520_C_W991-48_crop_01.jpg,bg_to_strip_inclusion,9,5,927,266,1,5,3,C
JZW_HQL_0520_C_W991-48_crop_01.jpg,bg_to_strip_inclusion,10,150,922,272,5,86,3,C
JZW_HQL_0520_C_W991-48_crop_01.jpg,bg_to_strip_inclusion,11,13,942,350,1,13,3,C
JZW_HQL_0520_C_W991-48_crop_01.jpg,bg_to_strip_inclusion,12,2,926,359,1,2,3,C
JZW_HQL_0520_C_W991-48_crop_01.jpg,bg_to_strip_inclusion,13,19,658,761,10,5,2,B
JZW_HQL_0520_C_W991-48_crop_01.jpg,bg_to_strip_inclusion,15,30,668,767,5,25,2,B
JZW_HQL_0520_C_W991-48_crop_01.jpg,bg_to_strip_inclusion,16,738,641,768,27,256,2,B
JZW_HQL_0520_C_W991-48_crop_01.jpg,bg_to_strip_inclusion,17,543,673,793,14,182,2,B
JZW_HQL_0520_C_W991-48_crop_01.jpg,bg_to_strip_inclusion,18,18,934,834,8,4,2,B
JZW_HQL_0520_C_W991-48_crop_01.jpg,bg_to_strip_inclusion,20,113,448,903,9,64,3,C
JZW_HQL_0520_C_W991-48_crop_01.jpg,bg_to_strip_inclusion,21,5,953,930,1,5,2,B
JZW_HQL_0520_C_W991-48_crop_01.jpg,bg_to_strip_inclusion,22,296,919,996,32,28,2,B
JZW_HQL_0520_C_W991-49_crop_01.jpg,bg_to_strip_inclusion,1,34,664,0,15,6,3,C
JZW_HQL_0520_C_W991-49_crop_01.jpg,bg_to_strip_inclusion,2,56,660,8,3,53,3,C
JZW_HQL_0520_C_W991-49_crop_01.jpg,bg_to_strip_inclusion,3,6,993,40,6,1,3,C
JZW_HQL_0520_C_W991-49_crop_01.jpg,bg_to_strip_inclusion,4,1088,665,74,22,93,3,C
JZW_HQL_0520_C_W991-49_crop_01.jpg,bg_to_strip_inclusion,5,155,986,84,5,71,3,C
JZW_HQL_0520_C_W991-49_crop_01.jpg,bg_to_strip_inclusion,6,2,664,93,1,2,3,C
JZW_HQL_0520_C_W991-49_crop_01.jpg,bg_to_strip_inclusion,7,64,989,158,8,30,3,C
JZW_HQL_0520_C_W991-49_crop_01.jpg,bg_to_strip_inclusion,8,226,905,349,18,76,3,C
JZW_HQL_0520_C_W991-49_crop_01.jpg,bg_to_strip_inclusion,9,627,542,359,10,235,3,C
JZW_HQL_0520_C_W991-49_crop_01.jpg,bg_to_strip_inclusion,10,597,661,380,40,93,2,B
JZW_HQL_0520_C_W991-49_crop_01.jpg,bg_to_strip_inclusion,11,756,562,407,13,217,3,C
JZW_HQL_0520_C_W991-49_crop_01.jpg,bg_to_strip_inclusion,12,219,65,425,18,52,3,C
JZW_HQL_0520_C_W991-49_crop_01.jpg,bg_to_strip_inclusion,13,28,691,426,9,21,2,B
JZW_HQL_0520_C_W991-49_crop_01.jpg,bg_to_strip_inclusion,14,28,82,441,2,23,3,C
JZW_HQL_0520_C_W991-49_crop_01.jpg,bg_to_strip_inclusion,15,15,78,465,4,14,3,C
JZW_HQL_0520_C_W991-49_crop_01.jpg,bg_to_strip_inclusion,16,302,674,469,13,126,3,C
JZW_HQL_0520_C_W991-49_crop_01.jpg,bg_to_strip_inclusion,17,2,660,478,1,2,3,C
JZW_HQL_0520_C_W991-49_crop_01.jpg,bg_to_strip_inclusion,19,5,550,597,1,5,3,C
JZW_HQL_0520_C_W991-49_crop_01.jpg,bg_to_strip_inclusion,20,6,673,597,1,6,2,B
JZW_HQL_0520_C_W991-49_crop_01.jpg,bg_to_strip_inclusion,21,4,551,605,1,4,3,C
JZW_HQL_0520_C_W991-49_crop_01.jpg,bg_to_strip_inclusion,22,4,552,612,1,4,3,C
JZW_HQL_0520_C_W991-49_crop_01.jpg,bg_to_strip_inclusion,24,9,556,624,6,3,3,C
JZW_HQL_0520_C_W991-49_crop_01.jpg,bg_to_strip_inclusion,25,649,664,712,6,209,3,C
JZW_HQL_0520_C_W991-49_crop_01.jpg,bg_to_strip_inclusion,26,108,645,902,6,52,2,B
JZW_HQL_0520_C_W991-49_crop_01.jpg,bg_to_strip_inclusion,27,86,9,975,5,21,3,C
JZW_HQL_0520_C_W991-50_crop_00.jpg,bg_to_strip_inclusion,1,97,320,48,9,13,2,B
JZW_HQL_0520_C_W991-50_crop_00.jpg,bg_to_strip_inclusion,2,36,874,73,12,5,3,C
JZW_HQL_0520_C_W991-50_crop_00.jpg,bg_to_strip_inclusion,3,38,324,83,6,8,2,B
JZW_HQL_0520_C_W991-50_crop_00.jpg,bg_to_strip_inclusion,4,81,916,102,7,28,2,B
JZW_HQL_0520_C_W991-50_crop_00.jpg,bg_to_strip_inclusion,5,211,902,112,8,53,2,B
JZW_HQL_0520_C_W991-50_crop_00.jpg,bg_to_strip_inclusion,6,12,872,301,7,2,3,C
JZW_HQL_0520_C_W991-50_crop_00.jpg,bg_to_strip_inclusion,7,2,104,433,1,2,3,C
JZW_HQL_0520_C_W991-50_crop_00.jpg,bg_to_strip_inclusion,8,19,999,441,9,4,3,C
JZW_HQL_0520_C_W991-50_crop_00.jpg,bg_to_strip_inclusion,9,188,104,465,10,61,3,C
JZW_HQL_0520_C_W991-50_crop_00.jpg,bg_to_strip_inclusion,10,56,161,649,12,8,3,C
JZW_HQL_0520_C_W991-50_crop_00.jpg,bg_to_strip_inclusion,11,2,1000,652,1,2,3,C
JZW_HQL_0520_C_W991-50_crop_00.jpg,bg_to_strip_inclusion,12,3,999,656,1,3,3,C
JZW_HQL_0520_C_W991-50_crop_00.jpg,bg_to_strip_inclusion,13,2,998,660,1,2,3,C
JZW_HQL_0520_C_W991-50_crop_00.jpg,bg_to_strip_inclusion,14,212,157,797,6,75,3,C
JZW_HQL_0520_C_W991-50_crop_00.jpg,bg_to_strip_inclusion,15,9,156,873,1,9,3,C
JZW_HQL_0520_C_W991-50_crop_00.jpg,bg_to_strip_inclusion,16,46,169,937,7,20,3,C
JZW_HQL_0520_C_W991-50_crop_00.jpg,bg_to_strip_inclusion,17,48,155,944,9,15,3,C
JZW_HQL_0520_C_W991-51_crop_00.jpg,bg_to_strip_inclusion,1,75,467,0,25,6,2,B
JZW_HQL_0520_C_W991-51_crop_00.jpg,bg_to_strip_inclusion,2,1527,435,25,38,191,2,B
JZW_HQL_0520_C_W991-51_crop_00.jpg,bg_to_strip_inclusion,3,250,479,44,15,101,2,B
JZW_HQL_0520_C_W991-51_crop_00.jpg,bg_to_strip_inclusion,4,2,478,153,1,2,2,B
JZW_HQL_0520_C_W991-51_crop_00.jpg,bg_to_strip_inclusion,5,215,355,287,27,13,2,B
JZW_HQL_0520_C_W991-51_crop_00.jpg,bg_to_strip_inclusion,6,32,865,297,9,7,3,C
JZW_HQL_0520_C_W991-51_crop_00.jpg,bg_to_strip_inclusion,8,23,868,354,6,18,3,C
JZW_HQL_0520_C_W991-52_crop_00.jpg,bg_to_strip_inclusion,1,32,259,136,10,4,3,C
JZW_HQL_0520_C_W991-52_crop_00.jpg,bg_to_strip_inclusion,3,357,242,166,11,174,3,C
JZW_HQL_0520_C_W991-52_crop_00.jpg,bg_to_strip_inclusion,4,1028,242,194,35,187,3,C
JZW_HQL_0520_C_W991-52_crop_00.jpg,bg_to_strip_inclusion,5,3,603,288,1,3,2,B
JZW_HQL_0520_C_W991-52_crop_00.jpg,bg_to_strip_inclusion,6,145,604,292,8,51,2,B
JZW_HQL_0520_C_W991-52_crop_00.jpg,bg_to_strip_inclusion,7,167,651,358,15,81,2,B
JZW_HQL_0520_C_W991-52_crop_00.jpg,bg_to_strip_inclusion,8,93,666,441,7,50,2,B
JZW_HQL_0520_C_W991-52_crop_00.jpg,bg_to_strip_inclusion,9,2,638,449,1,2,2,B
JZW_HQL_0520_C_W991-52_crop_00.jpg,bg_to_strip_inclusion,11,32,282,464,5,26,3,C
JZW_HQL_0520_C_W991-52_crop_00.jpg,bg_to_strip_inclusion,13,57,273,519,5,37,3,C
JZW_HQL_0520_C_W991-52_crop_00.jpg,bg_to_strip_inclusion,14,870,50,532,27,114,3,C
JZW_HQL_0520_C_W991-52_crop_00.jpg,bg_to_strip_inclusion,15,6,985,532,5,2,3,C
JZW_HQL_0520_C_W991-52_crop_00.jpg,bg_to_strip_inclusion,16,37,49,556,1,37,3,C
JZW_HQL_0520_C_W991-52_crop_00.jpg,bg_to_strip_inclusion,17,7,47,628,1,7,3,C
JZW_HQL_0520_C_W991-52_crop_00.jpg,bg_to_strip_inclusion,18,3,652,645,1,3,3,C
JZW_HQL_0520_C_W991-52_crop_00.jpg,bg_to_strip_inclusion,19,33,67,647,6,21,3,C
JZW_HQL_0520_C_W991-52_crop_00.jpg,bg_to_strip_inclusion,20,75,653,650,8,32,3,C
JZW_HQL_0520_C_W991-52_crop_00.jpg,bg_to_strip_inclusion,21,71,47,656,14,27,3,C
JZW_HQL_0520_C_W991-52_crop_02.jpg,bg_to_strip_inclusion,1,1071,227,26,17,82,3,C
JZW_HQL_0520_C_W991-52_crop_02.jpg,bg_to_strip_inclusion,2,64,31,518,6,32,2,B
JZW_HQL_0520_C_W991-52_crop_02.jpg,bg_to_strip_inclusion,3,4,30,563,1,4,2,B
JZW_HQL_0520_C_W991-52_crop_02.jpg,bg_to_strip_inclusion,4,2,24,576,2,2,2,B
JZW_HQL_0520_C_W991-52_crop_02.jpg,bg_to_strip_inclusion,5,9,903,758,7,2,3,C
JZW_HQL_0520_C_W991-52_crop_02.jpg,bg_to_strip_inclusion,6,107,902,888,7,44,3,C
JZW_HQL_0520_C_W991-53_crop_00.jpg,bg_to_strip_inclusion,1,34,401,672,12,10,3,C
JZW_HQL_0520_C_W991-53_crop_00.jpg,bg_to_strip_inclusion,2,645,705,896,13,65,3,C
JZW_HQL_0520_C_W991-53_crop_00.jpg,bg_to_strip_inclusion,3,32,434,952,10,10,2,B
JZW_HQL_0520_C_W991-55_crop_01.jpg,bg_to_strip_inclusion,1,370,327,81,15,176,3,C
JZW_HQL_0520_C_W991-55_crop_01.jpg,bg_to_strip_inclusion,2,79,352,128,4,37,3,C
JZW_HQL_0520_C_W991-55_crop_01.jpg,bg_to_strip_inclusion,3,2,367,256,1,2,2,B
JZW_HQL_0520_C_W991-55_crop_01.jpg,bg_to_strip_inclusion,6,142,349,299,6,71,3,C
JZW_HQL_0520_C_W991-55_crop_01.jpg,bg_to_strip_inclusion,7,132,328,301,5,61,3,C
JZW_HQL_0520_C_W991-55_crop_01.jpg,bg_to_strip_inclusion,9,2,322,404,1,2,2,B
JZW_HQL_0520_C_W991-55_crop_01.jpg,bg_to_strip_inclusion,10,182,330,406,18,81,2,B
JZW_HQL_0520_C_W991-55_crop_01.jpg,bg_to_strip_inclusion,11,2,321,409,1,2,2,B
JZW_HQL_0520_C_W991-55_crop_01.jpg,bg_to_strip_inclusion,12,24,317,413,4,20,2,B
JZW_HQL_0520_C_W991-55_crop_01.jpg,bg_to_strip_inclusion,13,32,875,456,11,12,3,C
JZW_HQL_0520_C_W991-55_crop_01.jpg,bg_to_strip_inclusion,14,201,871,459,6,70,3,C
JZW_HQL_0520_C_W991-55_crop_01.jpg,bg_to_strip_inclusion,15,15,983,466,4,10,3,C
JZW_HQL_0520_C_W991-55_crop_01.jpg,bg_to_strip_inclusion,17,2,329,488,1,2,3,C
JZW_HQL_0520_C_W991-55_crop_01.jpg,bg_to_strip_inclusion,18,42,318,492,11,18,3,C
JZW_HQL_0520_C_W991-55_crop_01.jpg,bg_to_strip_inclusion,19,214,735,628,11,26,3,C
JZW_HQL_0520_C_W991-55_crop_01.jpg,bg_to_strip_inclusion,20,906,730,672,19,76,3,C
JZW_HQL_0520_C_W991-55_crop_01.jpg,bg_to_strip_inclusion,21,385,628,704,25,62,3,C
JZW_HQL_0520_C_W991-55_crop_01.jpg,bg_to_strip_inclusion,22,149,628,773,5,65,3,C
JZW_HQL_0520_C_W991-55_crop_01.jpg,bg_to_strip_inclusion,23,212,641,812,15,105,3,C
JZW_HQL_0520_C_W991-55_crop_01.jpg,bg_to_strip_inclusion,24,5,628,839,1,5,3,C
JZW_HQL_0520_C_W991-55_crop_01.jpg,bg_to_strip_inclusion,25,367,623,846,16,91,3,C
JZW_HQL_0520_C_W991-55_crop_01.jpg,bg_to_strip_inclusion,26,70,416,916,12,22,3,C
JZW_HQL_0520_C_W991-55_crop_01.jpg,bg_to_strip_inclusion,27,208,411,919,11,51,3,C
JZW_HQL_0520_C_W991-55_crop_01.jpg,bg_to_strip_inclusion,28,2,428,940,1,2,3,C
JZW_HQL_0520_C_W991-55_crop_01.jpg,bg_to_strip_inclusion,29,10,429,949,1,10,3,C
JZW_HQL_0520_C_W991-55_crop_01.jpg,bg_to_strip_inclusion,30,12,423,961,6,9,3,C
JZW_HQL_0520_C_W991-55_crop_02.jpg,bg_to_strip_inclusion,1,250,569,396,27,60,3,C
JZW_HQL_0520_C_W991-55_crop_02.jpg,bg_to_strip_inclusion,2,2,596,459,1,2,3,C
JZW_HQL_0520_C_W991-55_crop_02.jpg,bg_to_strip_inclusion,3,179,574,490,9,81,3,C
JZW_HQL_0520_C_W991-55_crop_02.jpg,bg_to_strip_inclusion,4,4,603,505,1,4,3,C
JZW_HQL_0520_C_W991-55_crop_02.jpg,bg_to_strip_inclusion,5,140,599,510,8,60,3,C
JZW_HQL_0520_C_W991-55_crop_02.jpg,bg_to_strip_inclusion,6,17,585,574,10,2,3,C
JZW_HQL_0520_C_W991-55_crop_02.jpg,bg_to_strip_inclusion,7,10,133,948,7,4,2,B
JZW_HQL_0520_C_W991-55_crop_03.jpg,bg_to_strip_inclusion,1,5,251,628,2,3,3,C
JZW_HQL_0520_C_W991-55_crop_03.jpg,bg_to_strip_inclusion,4,129,697,730,3,77,2,B
JZW_HQL_0520_C_W991-55_crop_03.jpg,bg_to_strip_inclusion,5,37,670,734,3,22,3,C
JZW_HQL_0520_C_W991-55_crop_03.jpg,bg_to_strip_inclusion,6,21,697,822,1,21,3,C
JZW_HQL_0520_C_W991-55_crop_03.jpg,bg_to_strip_inclusion,7,12,673,863,1,12,3,C
JZW_HQL_0520_C_W991-55_crop_03.jpg,bg_to_strip_inclusion,8,133,696,906,4,50,3,C
JZW_HQL_0520_C_W991-55_crop_03.jpg,bg_to_strip_inclusion,9,47,672,977,11,24,3,C
JZW_HQL_0520_C_W991-59_crop_00.jpg,bg_to_strip_inclusion,1,881,235,0,37,176,3,C
JZW_HQL_0520_C_W991-59_crop_00.jpg,bg_to_strip_inclusion,2,42,264,156,2,37,3,C
JZW_HQL_0520_C_W991-59_crop_00.jpg,bg_to_strip_inclusion,3,8,263,195,1,8,3,C
JZW_HQL_0520_C_W991-59_crop_00.jpg,bg_to_strip_inclusion,5,6,259,209,3,6,3,C
JZW_HQL_0520_C_W991-59_crop_00.jpg,bg_to_strip_inclusion,6,9,931,245,3,9,3,C
JZW_HQL_0520_C_W991-59_crop_00.jpg,bg_to_strip_inclusion,7,20,918,253,1,20,3,C
JZW_HQL_0520_C_W991-59_crop_00.jpg,bg_to_strip_inclusion,8,181,931,255,7,81,3,C
JZW_HQL_0520_C_W991-59_crop_00.jpg,bg_to_strip_inclusion,9,132,918,275,5,58,3,C
JZW_HQL_0520_C_W991-59_crop_00.jpg,bg_to_strip_inclusion,10,224,888,347,10,61,3,C
JZW_HQL_0520_C_W991-59_crop_00.jpg,bg_to_strip_inclusion,11,28,881,359,2,19,3,C
JZW_HQL_0520_C_W991-59_crop_00.jpg,bg_to_strip_inclusion,12,105,427,381,11,61,3,C
JZW_HQL_0520_C_W991-59_crop_00.jpg,bg_to_strip_inclusion,13,61,880,385,8,26,3,C
JZW_HQL_0520_C_W991-59_crop_00.jpg,bg_to_strip_inclusion,14,209,426,472,21,79,3,C
JZW_HQL_0520_C_W991-59_crop_00.jpg,bg_to_strip_inclusion,15,33,453,509,3,24,3,C
JZW_HQL_0520_C_W991-59_crop_00.jpg,bg_to_strip_inclusion,16,36,724,699,7,24,3,C
JZW_HQL_0520_C_W991-59_crop_00.jpg,bg_to_strip_inclusion,17,3,715,762,1,3,3,C
JZW_HQL_0520_C_W991-59_crop_00.jpg,bg_to_strip_inclusion,18,2,716,766,1,2,3,C
JZW_HQL_0520_C_W991-59_crop_00.jpg,bg_to_strip_inclusion,19,14,325,803,7,6,3,C
JZW_HQL_0520_C_W991-59_crop_00.jpg,bg_to_strip_inclusion,20,4,322,818,1,4,3,C
JZW_HQL_0520_C_W991-59_crop_00.jpg,bg_to_strip_inclusion,21,104,969,864,6,41,3,C
JZW_HQL_0520_C_W991-59_crop_00.jpg,bg_to_strip_inclusion,22,79,979,864,6,40,3,C
JZW_HQL_0520_C_W991-59_crop_00.jpg,bg_to_strip_inclusion,23,73,323,882,13,30,3,C
JZW_HQL_0520_C_W991-59_crop_02.jpg,bg_to_strip_inclusion,1,902,897,18,32,69,2,B
JZW_HQL_0520_C_W991-59_crop_02.jpg,bg_to_strip_inclusion,2,9,927,133,1,9,2,B
JZW_HQL_0520_C_W991-59_crop_02.jpg,bg_to_strip_inclusion,3,4,787,536,1,4,2,B
JZW_HQL_0520_C_W991-59_crop_02.jpg,bg_to_strip_inclusion,4,29,788,541,2,27,2,B
JZW_HQL_0520_C_W991-59_crop_02.jpg,bg_to_strip_inclusion,5,68,757,550,4,60,2,B
JZW_HQL_0520_C_W991-59_crop_02.jpg,bg_to_strip_inclusion,6,20,790,588,1,20,2,B
JZW_HQL_0520_C_W991-59_crop_02.jpg,bg_to_strip_inclusion,7,2126,748,611,46,413,2,B
JZW_HQL_0520_C_W991-59_crop_02.jpg,bg_to_strip_inclusion,8,134,747,669,6,70,2,B
JZW_HQL_0520_C_W991-59_crop_02.jpg,bg_to_strip_inclusion,9,5,747,886,1,5,2,B
JZW_HQL_0520_C_W991-60_crop_02.jpg,bg_to_strip_inclusion,1,159,551,178,10,21,3,C
JZW_HQL_0520_C_W991-60_crop_02.jpg,bg_to_strip_inclusion,2,138,71,233,6,47,3,C
JZW_HQL_0520_C_W991-60_crop_02.jpg,bg_to_strip_inclusion,3,6,81,232,5,3,3,C
JZW_HQL_0520_C_W991-60_crop_02.jpg,bg_to_strip_inclusion,4,15,89,244,1,15,3,C
JZW_HQL_0520_C_W991-60_crop_02.jpg,bg_to_strip_inclusion,5,61,80,517,11,9,3,C
JZW_HQL_0520_C_W991-60_crop_02.jpg,bg_to_strip_inclusion,6,139,91,526,6,64,3,C
JZW_HQL_0520_C_W991-60_crop_02.jpg,bg_to_strip_inclusion,7,86,79,546,7,44,3,C
JZW_HQL_0520_C_W991-60_crop_02.jpg,bg_to_strip_inclusion,8,1328,129,726,20,106,3,C
JZW_HQL_0520_C_W991-60_crop_02.jpg,bg_to_strip_inclusion,9,42,112,869,13,8,3,C
JZW_HQL_0520_C_W991-60_crop_02.jpg,bg_to_D,1,50,27,626,8,8,4,D
JZW_HQL_0520_C_W991-62_crop_01.jpg,bg_to_strip_inclusion,1,193,401,0,35,23,2,B
JZW_HQL_0520_C_W991-62_crop_01.jpg,bg_to_strip_inclusion,2,2555,459,0,45,254,2,B
JZW_HQL_0520_C_W991-62_crop_01.jpg,bg_to_strip_inclusion,9,2,435,94,1,2,2,B
JZW_HQL_0520_C_W991-62_crop_01.jpg,bg_to_strip_inclusion,10,2,436,97,1,2,2,B
JZW_HQL_0520_C_W991-62_crop_01.jpg,bg_to_strip_inclusion,12,2,440,112,1,2,2,B
JZW_HQL_0520_C_W991-62_crop_01.jpg,bg_to_strip_inclusion,13,531,440,115,12,188,2,B
JZW_HQL_0520_C_W991-62_crop_01.jpg,bg_to_strip_inclusion,14,3,450,304,1,3,2,B
JZW_HQL_0520_C_W991-62_crop_01.jpg,bg_to_strip_inclusion,15,317,470,308,6,78,2,B
JZW_HQL_0520_C_W991-62_crop_01.jpg,bg_to_strip_inclusion,16,2,451,311,1,2,2,B
JZW_HQL_0520_C_W991-62_crop_01.jpg,bg_to_strip_inclusion,17,5,452,317,1,5,2,B
JZW_HQL_0520_C_W991-62_crop_01.jpg,bg_to_strip_inclusion,18,16,453,368,1,16,2,B
JZW_HQL_0520_C_W991-62_crop_01.jpg,bg_to_strip_inclusion,19,365,103,587,8,122,3,C
JZW_HQL_0520_C_W991-62_crop_01.jpg,bg_to_strip_inclusion,20,50,83,623,4,41,2,B
JZW_HQL_0520_C_W991-64_crop_01.jpg,bg_to_strip_inclusion,1,35,135,0,10,13,3,C
JZW_HQL_0520_C_W991-64_crop_01.jpg,bg_to_strip_inclusion,2,3,129,15,1,3,3,C
JZW_HQL_0520_C_W991-64_crop_01.jpg,bg_to_strip_inclusion,4,5,130,24,1,5,3,C
JZW_HQL_0520_C_W991-64_crop_01.jpg,bg_to_strip_inclusion,5,8,617,162,4,4,3,C
JZW_HQL_0520_C_W991-64_crop_01.jpg,bg_to_strip_inclusion,6,57,673,173,5,34,3,C
JZW_HQL_0520_C_W991-64_crop_01.jpg,bg_to_strip_inclusion,7,1212,646,182,25,247,3,C
JZW_HQL_0520_C_W991-64_crop_01.jpg,bg_to_strip_inclusion,8,2,673,208,1,2,3,C
JZW_HQL_0520_C_W991-64_crop_01.jpg,bg_to_strip_inclusion,9,7,672,274,1,7,3,C
JZW_HQL_0520_C_W991-64_crop_01.jpg,bg_to_strip_inclusion,10,359,631,309,5,154,3,C
JZW_HQL_0520_C_W991-64_crop_01.jpg,bg_to_strip_inclusion,11,347,667,408,14,31,3,C
JZW_HQL_0520_C_W991-64_crop_01.jpg,bg_to_strip_inclusion,12,313,653,445,7,81,3,C
JZW_HQL_0520_C_W991-64_crop_01.jpg,bg_to_strip_inclusion,13,3,636,467,1,3,3,C
JZW_HQL_0520_C_W991-64_crop_01.jpg,bg_to_strip_inclusion,14,6,867,504,6,4,3,C
JZW_HQL_0520_C_W991-64_crop_01.jpg,bg_to_strip_inclusion,15,224,857,507,7,113,3,C
JZW_HQL_0520_C_W991-64_crop_01.jpg,bg_to_strip_inclusion,16,13,639,513,2,12,3,C
JZW_HQL_0520_C_W991-64_crop_01.jpg,bg_to_strip_inclusion,17,240,871,571,14,76,3,C
JZW_HQL_0520_C_W991-64_crop_01.jpg,bg_to_strip_inclusion,18,353,312,955,20,65,3,C
JZW_HQL_0520_C_W991-64_crop_01.jpg,bg_to_D,3,2,50,362,2,2,4,D
JZW_HQL_0520_C_W991-64_crop_01.jpg,bg_to_D,5,6,43,370,6,2,4,D
JZW_HQL_0520_C_W991-66_crop_02.jpg,bg_to_strip_inclusion,1,70,957,494,5,36,3,C
JZW_HQL_0520_C_W991-66_crop_02.jpg,bg_to_strip_inclusion,2,3,979,553,1,3,3,C
JZW_HQL_0520_C_W991-66_crop_02.jpg,bg_to_strip_inclusion,3,16,976,558,3,13,3,C
JZW_HQL_0520_C_W991-66_crop_02.jpg,bg_to_strip_inclusion,4,32,961,562,9,16,3,C
JZW_HQL_0520_C_W991-66_crop_02.jpg,bg_to_strip_inclusion,6,1899,980,752,21,136,3,C
JZW_HQL_0520_C_W991-66_crop_02.jpg,bg_to_strip_inclusion,7,50,926,895,3,35,3,C
JZW_HQL_0520_C_W991-66_crop_02.jpg,bg_to_D,1,49,1003,582,8,8,4,D
JZW_HQL_0520_C_W991-67_crop_01.jpg,bg_to_strip_inclusion,1,8,882,260,4,7,3,C
JZW_HQL_0520_C_W991-67_crop_01.jpg,bg_to_strip_inclusion,2,34,952,360,2,27,3,C
JZW_HQL_0520_C_W991-67_crop_01.jpg,bg_to_strip_inclusion,4,88,43,558,22,13,2,B
JZW_HQL_0520_C_W991-67_crop_01.jpg,bg_to_strip_inclusion,6,534,46,685,14,108,3,C
JZW_HQL_0520_C_W991-67_crop_01.jpg,bg_to_strip_inclusion,7,2,794,729,2,1,3,C
JZW_HQL_0520_C_W991-67_crop_01.jpg,bg_to_strip_inclusion,9,14,30,730,1,14,3,C
JZW_HQL_0520_C_W991-67_crop_01.jpg,bg_to_strip_inclusion,10,121,802,731,8,42,3,C
JZW_HQL_0520_C_W991-67_crop_01.jpg,bg_to_strip_inclusion,11,5,29,746,1,5,3,C
JZW_HQL_0520_C_W991-67_crop_01.jpg,bg_to_strip_inclusion,12,175,791,746,17,55,3,C
JZW_HQL_0520_C_W991-67_crop_01.jpg,bg_to_strip_inclusion,13,22,26,752,3,19,3,C
JZW_HQL_0520_C_W991-67_crop_01.jpg,bg_to_strip_inclusion,14,6,25,772,1,6,3,C
JZW_HQL_0520_C_W991-67_crop_01.jpg,bg_to_strip_inclusion,15,4,809,785,1,4,3,C
JZW_HQL_0520_C_W991-67_crop_01.jpg,bg_to_strip_inclusion,16,2,45,794,1,2,3,C
JZW_HQL_0520_C_W991-67_crop_02.jpg,bg_to_strip_inclusion,1,32,850,261,6,18,2,B
JZW_HQL_0520_C_W991-67_crop_02.jpg,bg_to_strip_inclusion,2,549,857,305,11,114,2,B
JZW_HQL_0520_C_W991-67_crop_02.jpg,bg_to_strip_inclusion,3,244,838,315,5,97,2,B
JZW_HQL_0520_C_W991-67_crop_02.jpg,bg_to_strip_inclusion,4,160,555,345,3,74,2,B
JZW_HQL_0520_C_W991-67_crop_02.jpg,bg_to_strip_inclusion,5,472,497,454,10,119,2,B
JZW_HQL_0520_C_W991-67_crop_02.jpg,bg_to_strip_inclusion,6,362,875,482,10,106,2,B
JZW_HQL_0520_C_W991-67_crop_02.jpg,bg_to_strip_inclusion,8,2,559,559,1,2,2,B
JZW_HQL_0520_C_W991-67_crop_02.jpg,bg_to_strip_inclusion,9,2,560,568,1,2,2,B
JZW_HQL_0520_C_W991-67_crop_02.jpg,bg_to_strip_inclusion,10,427,556,574,13,118,2,B
JZW_HQL_0520_C_W991-67_crop_02.jpg,bg_to_strip_inclusion,11,195,494,582,10,93,2,B
JZW_HQL_0520_C_W991-67_crop_02.jpg,bg_to_strip_inclusion,12,711,845,599,28,101,2,B
JZW_HQL_0520_C_W991-67_crop_02.jpg,bg_to_strip_inclusion,16,3,483,751,1,3,2,B
JZW_HQL_0520_C_W991-67_crop_02.jpg,bg_to_strip_inclusion,17,5,482,756,1,5,2,B
JZW_HQL_0520_C_W991-67_crop_02.jpg,bg_to_strip_inclusion,18,13,480,762,2,13,2,B
JZW_HQL_0520_C_W991-67_crop_02.jpg,bg_to_strip_inclusion,19,181,479,778,6,81,2,B
JZW_HQL_0520_C_W991-69_crop_00.jpg,bg_to_strip_inclusion,1,54,137,29,14,6,3,C
JZW_HQL_0520_C_W991-69_crop_00.jpg,bg_to_strip_inclusion,2,83,134,70,21,31,3,C
JZW_HQL_0520_C_W991-69_crop_00.jpg,bg_to_strip_inclusion,3,134,580,71,10,18,3,C
JZW_HQL_0520_C_W991-69_crop_00.jpg,bg_to_strip_inclusion,4,126,105,117,19,48,3,C
JZW_HQL_0520_C_W991-69_crop_00.jpg,bg_to_strip_inclusion,5,4,252,120,1,4,3,C
JZW_HQL_0520_C_W991-69_crop_00.jpg,bg_to_strip_inclusion,6,6,253,126,1,6,3,C
JZW_HQL_0520_C_W991-69_crop_00.jpg,bg_to_strip_inclusion,7,7,254,135,1,7,3,C
JZW_HQL_0520_C_W991-69_crop_00.jpg,bg_to_strip_inclusion,8,10,255,143,1,10,3,C
JZW_HQL_0520_C_W991-69_crop_00.jpg,bg_to_strip_inclusion,9,76,104,150,6,30,3,C
JZW_HQL_0520_C_W991-69_crop_00.jpg,bg_to_strip_inclusion,10,9,256,154,1,9,3,C
JZW_HQL_0520_C_W991-69_crop_00.jpg,bg_to_strip_inclusion,11,991,226,308,17,79,3,C
JZW_HQL_0520_C_W991-69_crop_00.jpg,bg_to_D,1,2,307,635,2,1,4,D
JZW_HQL_0520_C_W991-69_crop_00.jpg,bg_to_D,2,4,310,635,4,2,4,D
JZW_HQL_0520_C_W991-69_crop_00.jpg,bg_to_D,3,2,304,638,1,2,4,D
JZW_HQL_0520_C_W991-69_crop_00.jpg,bg_to_D,4,2,314,638,1,2,4,D
JZW_HQL_0520_C_W991-69_crop_00.jpg,bg_to_D,5,12,304,641,8,6,4,D
JZW_HQL_0520_C_W991-69_crop_01.jpg,bg_to_strip_inclusion,1,1206,228,1,36,104,2,B
JZW_HQL_0520_C_W991-69_crop_01.jpg,bg_to_strip_inclusion,2,423,505,91,9,165,3,C
JZW_HQL_0520_C_W991-69_crop_01.jpg,bg_to_strip_inclusion,4,53,229,141,4,23,2,B
JZW_HQL_0520_C_W991-69_crop_01.jpg,bg_to_strip_inclusion,8,3,266,293,1,3,2,B
JZW_HQL_0520_C_W991-69_crop_01.jpg,bg_to_strip_inclusion,10,3,265,298,1,3,2,B
JZW_HQL_0520_C_W991-69_crop_01.jpg,bg_to_strip_inclusion,11,90,258,303,7,47,2,B
JZW_HQL_0520_C_W991-69_crop_01.jpg,bg_to_strip_inclusion,12,20,548,302,2,19,3,C
JZW_HQL_0520_C_W991-69_crop_01.jpg,bg_to_strip_inclusion,13,43,942,328,9,11,3,C
JZW_HQL_0520_C_W991-69_crop_01.jpg,bg_to_strip_inclusion,14,6,549,335,1,6,3,C
JZW_HQL_0520_C_W991-69_crop_01.jpg,bg_to_strip_inclusion,15,21,550,343,1,21,3,C
JZW_HQL_0520_C_W991-69_crop_01.jpg,bg_to_strip_inclusion,16,65,366,346,13,16,2,B
JZW_HQL_0520_C_W991-69_crop_01.jpg,bg_to_strip_inclusion,17,5,257,355,1,5,2,B
JZW_HQL_0520_C_W991-69_crop_01.jpg,bg_to_strip_inclusion,18,21,379,366,1,21,2,B
JZW_HQL_0520_C_W991-69_crop_01.jpg,bg_to_strip_inclusion,19,3,922,389,1,3,2,B
JZW_HQL_0520_C_W991-69_crop_01.jpg,bg_to_strip_inclusion,20,53,379,391,1,53,2,B
JZW_HQL_0520_C_W991-69_crop_01.jpg,bg_to_strip_inclusion,21,154,551,390,8,85,3,C
JZW_HQL_0520_C_W991-69_crop_01.jpg,bg_to_strip_inclusion,22,5,921,397,1,5,2,B
JZW_HQL_0520_C_W991-69_crop_01.jpg,bg_to_strip_inclusion,23,4,920,407,1,4,2,B
JZW_HQL_0520_C_W991-69_crop_01.jpg,bg_to_strip_inclusion,29,12,379,481,1,12,2,B
JZW_HQL_0520_C_W991-69_crop_01.jpg,bg_to_strip_inclusion,30,4,522,488,1,4,3,C
JZW_HQL_0520_C_W991-69_crop_01.jpg,bg_to_strip_inclusion,31,2,523,498,1,2,3,C
JZW_HQL_0520_C_W991-69_crop_01.jpg,bg_to_strip_inclusion,32,82,524,505,7,34,3,C
JZW_HQL_0520_C_W991-69_crop_01.jpg,bg_to_strip_inclusion,33,19,916,519,7,9,2,B
JZW_HQL_0520_C_W991-69_crop_01.jpg,bg_to_strip_inclusion,35,2,565,578,1,2,3,C
JZW_HQL_0520_C_W991-69_crop_01.jpg,bg_to_strip_inclusion,36,3,539,581,1,3,3,C
JZW_HQL_0520_C_W991-69_crop_01.jpg,bg_to_strip_inclusion,37,27,566,583,2,24,3,C
JZW_HQL_0520_C_W991-69_crop_01.jpg,bg_to_strip_inclusion,38,3,540,591,1,3,3,C
JZW_HQL_0520_C_W991-69_crop_01.jpg,bg_to_strip_inclusion,40,7,569,627,1,7,3,C
JZW_HQL_0520_C_W991-69_crop_03.jpg,bg_to_strip_inclusion,1,187,506,879,17,22,3,C
JZW_HQL_0520_C_W991-69_crop_03.jpg,bg_to_strip_inclusion,2,4,523,902,1,4,3,C
JZW_HQL_0520_C_W991-69_crop_03.jpg,bg_to_strip_inclusion,3,10,504,958,1,10,3,C
JZW_HQL_0520_C_W991-69_crop_03.jpg,bg_to_strip_inclusion,4,5,505,972,1,5,3,C
JZW_HQL_0520_C_W991-6_crop_01.jpg,bg_to_strip_inclusion,1,140,841,32,4,87,2,B
JZW_HQL_0520_C_W991-6_crop_01.jpg,bg_to_strip_inclusion,2,3,858,67,1,3,2,B
JZW_HQL_0520_C_W991-6_crop_01.jpg,bg_to_strip_inclusion,3,475,859,72,9,152,2,B
JZW_HQL_0520_C_W991-6_crop_01.jpg,bg_to_strip_inclusion,4,4,842,123,1,4,3,C
JZW_HQL_0520_C_W991-6_crop_01.jpg,bg_to_strip_inclusion,5,233,841,129,11,96,2,B
JZW_HQL_0520_C_W991-6_crop_01.jpg,bg_to_strip_inclusion,6,9,870,603,1,9,2,B
JZW_HQL_0520_C_W991-6_crop_01.jpg,bg_to_strip_inclusion,7,4,871,617,1,4,2,B
JZW_HQL_0520_C_W991-6_crop_01.jpg,bg_to_strip_inclusion,8,22,873,625,8,5,2,B
JZW_HQL_0520_C_W991-70_crop_00.jpg,bg_to_strip_inclusion,1,10,911,51,2,10,3,C
JZW_HQL_0520_C_W991-70_crop_00.jpg,bg_to_strip_inclusion,3,14,895,61,2,12,2,B
JZW_HQL_0520_C_W991-70_crop_00.jpg,bg_to_strip_inclusion,4,39,908,68,5,33,3,C
JZW_HQL_0520_C_W991-70_crop_00.jpg,bg_to_strip_inclusion,5,2,907,102,1,2,3,C
JZW_HQL_0520_C_W991-70_crop_00.jpg,bg_to_strip_inclusion,7,38,895,106,12,7,3,C
JZW_HQL_0520_C_W991-70_crop_00.jpg,bg_to_strip_inclusion,8,90,786,114,4,48,2,B
JZW_HQL_0520_C_W991-70_crop_00.jpg,bg_to_strip_inclusion,10,100,816,136,8,49,2,B
JZW_HQL_0520_C_W991-70_crop_00.jpg,bg_to_strip_inclusion,11,4,966,179,1,4,3,C
JZW_HQL_0520_C_W991-70_crop_00.jpg,bg_to_strip_inclusion,12,479,969,202,12,130,3,C
JZW_HQL_0520_C_W991-70_crop_00.jpg,bg_to_strip_inclusion,13,505,959,214,7,117,3,C
JZW_HQL_0520_C_W991-70_crop_00.jpg,bg_to_strip_inclusion,14,3,819,277,1,3,2,B
JZW_HQL_0520_C_W991-70_crop_00.jpg,bg_to_strip_inclusion,15,3,818,287,1,3,2,B
JZW_HQL_0520_C_W991-70_crop_00.jpg,bg_to_strip_inclusion,16,4,806,383,1,4,2,B
JZW_HQL_0520_C_W991-70_crop_00.jpg,bg_to_strip_inclusion,17,68,799,390,7,49,2,B
JZW_HQL_0520_C_W991-70_crop_00.jpg,bg_to_strip_inclusion,18,3,798,441,1,3,2,B
JZW_HQL_0520_C_W991-71_crop_03.jpg,bg_to_strip_inclusion,1,3,467,34,1,3,3,C
JZW_HQL_0520_C_W991-71_crop_03.jpg,bg_to_strip_inclusion,2,6,466,41,1,6,3,C
JZW_HQL_0520_C_W991-71_crop_03.jpg,bg_to_strip_inclusion,3,3,464,63,1,3,3,C
JZW_HQL_0520_C_W991-71_crop_03.jpg,bg_to_strip_inclusion,4,4,463,71,1,4,3,C
JZW_HQL_0520_C_W991-71_crop_03.jpg,bg_to_strip_inclusion,5,41,485,131,1,41,3,C
JZW_HQL_0520_C_W991-71_crop_03.jpg,bg_to_strip_inclusion,6,34,459,180,12,13,3,C
JZW_HQL_0520_C_W991-71_crop_03.jpg,bg_to_D,1,67,310,106,10,9,4,D
JZW_HQL_0520_C_W991-74_crop_00.jpg,bg_to_strip_inclusion,1,15,817,136,6,9,3,C
JZW_HQL_0520_C_W991-74_crop_00.jpg,bg_to_strip_inclusion,2,2,829,173,1,2,3,C
JZW_HQL_0520_C_W991-74_crop_00.jpg,bg_to_strip_inclusion,3,3,830,179,1,3,3,C
JZW_HQL_0520_C_W991-74_crop_00.jpg,bg_to_strip_inclusion,4,2,814,201,1,2,3,C
JZW_HQL_0520_C_W991-74_crop_00.jpg,bg_to_strip_inclusion,6,2,829,211,1,2,3,C
JZW_HQL_0520_C_W991-74_crop_00.jpg,bg_to_strip_inclusion,7,2,828,214,1,2,3,C
JZW_HQL_0520_C_W991-74_crop_00.jpg,bg_to_strip_inclusion,8,19,772,745,2,13,3,C
JZW_HQL_0520_C_W991-74_crop_00.jpg,bg_to_strip_inclusion,9,6,668,786,5,4,2,B
JZW_HQL_0520_C_W991-74_crop_00.jpg,bg_to_strip_inclusion,12,603,664,844,36,100,2,B
JZW_HQL_0520_C_W991-74_crop_00.jpg,bg_to_strip_inclusion,13,25,661,875,6,16,2,B
JZW_HQL_0520_C_W991-74_crop_00.jpg,bg_to_strip_inclusion,14,599,64,959,27,36,2,B
JZW_HQL_0520_C_W991-75_crop_00.jpg,bg_to_strip_inclusion,1,756,223,82,24,57,2,B
JZW_HQL_0520_C_W991-75_crop_00.jpg,bg_to_strip_inclusion,2,317,223,120,21,46,2,B
JZW_HQL_0520_C_W991-75_crop_00.jpg,bg_to_strip_inclusion,3,1558,305,201,24,311,3,C
JZW_HQL_0520_C_W991-75_crop_00.jpg,bg_to_strip_inclusion,4,83,208,210,10,18,2,B
JZW_HQL_0520_C_W991-75_crop_00.jpg,bg_to_strip_inclusion,5,40,513,213,11,12,3,C
JZW_HQL_0520_C_W991-75_crop_00.jpg,bg_to_strip_inclusion,6,541,190,218,22,59,2,B
JZW_HQL_0520_C_W991-75_crop_00.jpg,bg_to_strip_inclusion,7,457,505,226,21,89,3,C
JZW_HQL_0520_C_W991-75_crop_00.jpg,bg_to_strip_inclusion,8,7,301,287,7,1,3,C
JZW_HQL_0520_C_W991-75_crop_00.jpg,bg_to_strip_inclusion,12,10,299,346,5,7,3,C
JZW_HQL_0520_C_W991-75_crop_00.jpg,bg_to_strip_inclusion,13,2,450,503,1,2,3,C
JZW_HQL_0520_C_W991-75_crop_00.jpg,bg_to_strip_inclusion,15,171,444,534,18,26,3,C
JZW_HQL_0520_C_W991-75_crop_00.jpg,bg_to_strip_inclusion,16,13,453,597,7,6,3,C
JZW_HQL_0520_C_W991-75_crop_00.jpg,bg_to_strip_inclusion,17,82,430,702,12,17,3,C
JZW_HQL_0520_C_W991-75_crop_00.jpg,bg_to_strip_inclusion,18,3,442,720,1,3,3,C
JZW_HQL_0520_C_W991-75_crop_00.jpg,bg_to_strip_inclusion,19,138,126,873,8,52,2,B
JZW_HQL_0520_C_W991-75_crop_00.jpg,bg_to_strip_inclusion,20,3,152,902,1,3,2,B
JZW_HQL_0520_C_W991-75_crop_00.jpg,bg_to_strip_inclusion,21,92,120,986,18,25,3,C
JZW_HQL_0520_C_W991-75_crop_01.jpg,bg_to_strip_inclusion,1,29,551,50,7,11,3,C
JZW_HQL_0520_C_W991-75_crop_01.jpg,bg_to_strip_inclusion,2,308,716,311,12,40,3,C
JZW_HQL_0520_C_W991-75_crop_01.jpg,bg_to_strip_inclusion,3,1235,658,474,22,140,3,C
JZW_HQL_0520_C_W991-75_crop_01.jpg,bg_to_strip_inclusion,4,25,639,537,3,24,3,C
JZW_HQL_0520_C_W991-75_crop_01.jpg,bg_to_strip_inclusion,5,2,638,567,1,2,3,C
JZW_HQL_0520_C_W991-75_crop_01.jpg,bg_to_strip_inclusion,6,245,827,735,9,48,3,C
JZW_HQL_0520_C_W991-75_crop_01.jpg,bg_to_strip_inclusion,7,28,24,943,2,20,3,C
JZW_HQL_0520_C_W991-77_crop_02.jpg,bg_to_strip_inclusion,1,312,598,256,15,99,3,C
JZW_HQL_0520_C_W991-77_crop_02.jpg,bg_to_strip_inclusion,2,6,473,443,5,3,3,C
JZW_HQL_0520_C_W991-77_crop_02.jpg,bg_to_strip_inclusion,3,195,480,455,4,71,3,C
JZW_HQL_0520_C_W991-77_crop_02.jpg,bg_to_strip_inclusion,4,47,612,473,3,30,3,C
JZW_HQL_0520_C_W991-77_crop_02.jpg,bg_to_strip_inclusion,5,384,583,483,9,85,3,C
JZW_HQL_0520_C_W991-77_crop_02.jpg,bg_to_strip_inclusion,6,40,613,508,2,35,3,C
JZW_HQL_0520_C_W991-77_crop_02.jpg,bg_to_strip_inclusion,7,348,594,595,24,129,3,C
JZW_HQL_0520_C_W991-77_crop_02.jpg,bg_to_strip_inclusion,8,17,145,706,4,5,3,C
JZW_HQL_0520_C_W991-77_crop_02.jpg,bg_to_strip_inclusion,9,44,458,745,2,43,3,C
JZW_HQL_0520_C_W991-77_crop_02.jpg,bg_to_strip_inclusion,10,179,606,747,14,17,3,C
JZW_HQL_0520_C_W991-77_crop_02.jpg,bg_to_strip_inclusion,11,205,473,766,4,111,3,C
JZW_HQL_0520_C_W991-77_crop_02.jpg,bg_to_strip_inclusion,12,6,472,888,1,6,2,B
JZW_HQL_0520_C_W991-77_crop_02.jpg,bg_to_strip_inclusion,13,6,471,898,1,6,2,B
JZW_HQL_0520_C_W991-77_crop_02.jpg,bg_to_strip_inclusion,14,6,470,907,1,6,2,B
JZW_HQL_0520_C_W991-77_crop_02.jpg,bg_to_strip_inclusion,15,3,469,917,1,3,2,B
JZW_HQL_0520_C_W991-77_crop_02.jpg,bg_to_D,2,3,816,805,3,3,4,D
JZW_HQL_0520_C_W991-77_crop_02.jpg,bg_to_D,3,5,822,804,4,4,4,D
JZW_HQL_0520_C_W991-79_crop_00.jpg,bg_to_strip_inclusion,1,275,553,113,22,69,3,C
JZW_HQL_0520_C_W991-79_crop_00.jpg,bg_to_strip_inclusion,2,308,549,119,23,99,3,C
JZW_HQL_0520_C_W991-79_crop_00.jpg,bg_to_strip_inclusion,4,32,193,303,11,16,3,C
JZW_HQL_0520_C_W991-79_crop_00.jpg,bg_to_strip_inclusion,5,53,188,307,3,34,3,C
JZW_HQL_0520_C_W991-79_crop_00.jpg,bg_to_strip_inclusion,6,685,774,341,18,46,3,C
JZW_HQL_0520_C_W991-79_crop_00.jpg,bg_to_strip_inclusion,7,1270,147,429,23,116,3,C
JZW_HQL_0520_C_W991-79_crop_00.jpg,bg_to_strip_inclusion,8,5,494,466,5,2,3,C
JZW_HQL_0520_C_W991-79_crop_00.jpg,bg_to_strip_inclusion,9,5,501,470,1,5,3,C
JZW_HQL_0520_C_W991-79_crop_00.jpg,bg_to_strip_inclusion,10,428,487,477,16,152,3,C
JZW_HQL_0520_C_W991-79_crop_00.jpg,bg_to_strip_inclusion,11,731,465,483,24,186,3,C
JZW_HQL_0520_C_W991-79_crop_00.jpg,bg_to_strip_inclusion,12,195,108,706,13,67,3,C
JZW_HQL_0520_C_W991-79_crop_00.jpg,bg_to_strip_inclusion,14,658,861,792,22,150,2,B
JZW_HQL_0520_C_W991-79_crop_00.jpg,bg_to_strip_inclusion,15,1004,873,794,29,191,2,B
JZW_HQL_0520_C_W991-79_crop_00.jpg,bg_to_strip_inclusion,16,28,889,1014,4,8,2,B
JZW_HQL_0520_C_W991-79_crop_02.jpg,bg_to_strip_inclusion,1,598,537,62,16,57,3,C
JZW_HQL_0520_C_W991-79_crop_02.jpg,bg_to_strip_inclusion,2,103,1008,142,9,15,3,C
JZW_HQL_0520_C_W991-79_crop_02.jpg,bg_to_strip_inclusion,3,30,1011,175,5,8,3,C
JZW_HQL_0520_C_W991-79_crop_02.jpg,bg_to_strip_inclusion,4,107,8,268,12,36,3,C
JZW_HQL_0520_C_W991-79_crop_02.jpg,bg_to_strip_inclusion,5,3,5,287,1,3,3,C
JZW_HQL_0520_C_W991-79_crop_02.jpg,bg_to_strip_inclusion,6,23,5,297,1,23,3,C
JZW_HQL_0520_C_W991-79_crop_02.jpg,bg_to_strip_inclusion,7,7,80,326,3,3,3,C
JZW_HQL_0520_C_W991-80_crop_01.jpg,bg_to_strip_inclusion,2,28,868,101,6,23,3,C
JZW_HQL_0520_C_W991-80_crop_01.jpg,bg_to_strip_inclusion,3,314,610,105,17,70,3,C
JZW_HQL_0520_C_W991-80_crop_01.jpg,bg_to_strip_inclusion,4,25,854,104,2,20,3,C
JZW_HQL_0520_C_W991-80_crop_01.jpg,bg_to_strip_inclusion,5,73,606,115,4,47,3,C
JZW_HQL_0520_C_W991-80_crop_01.jpg,bg_to_strip_inclusion,6,78,854,134,5,41,3,C
JZW_HQL_0520_C_W991-80_crop_01.jpg,bg_to_strip_inclusion,7,118,7,136,9,55,3,C
JZW_HQL_0520_C_W991-80_crop_01.jpg,bg_to_strip_inclusion,8,3,859,176,1,3,3,C
JZW_HQL_0520_C_W991-80_crop_01.jpg,bg_to_strip_inclusion,9,30,861,201,4,21,3,C
JZW_HQL_0520_C_W991-80_crop_01.jpg,bg_to_strip_inclusion,11,2,24,223,1,2,3,C
JZW_HQL_0520_C_W991-80_crop_01.jpg,bg_to_strip_inclusion,12,2,25,226,1,2,3,C
JZW_HQL_0520_C_W991-80_crop_01.jpg,bg_to_strip_inclusion,13,2,26,230,1,2,3,C
JZW_HQL_0520_C_W991-80_crop_01.jpg,bg_to_strip_inclusion,14,2,27,234,1,2,3,C
JZW_HQL_0520_C_W991-80_crop_01.jpg,bg_to_strip_inclusion,15,6,28,238,2,6,3,C
JZW_HQL_0520_C_W991-80_crop_01.jpg,bg_to_strip_inclusion,16,20,30,245,6,20,3,C
JZW_HQL_0520_C_W991-80_crop_01.jpg,bg_to_strip_inclusion,17,17,866,244,1,17,3,C
JZW_HQL_0520_C_W991-80_crop_01.jpg,bg_to_strip_inclusion,19,150,847,265,19,69,3,C
JZW_HQL_0520_C_W991-80_crop_01.jpg,bg_to_strip_inclusion,21,41,886,271,2,38,3,C
JZW_HQL_0520_C_W991-80_crop_01.jpg,bg_to_strip_inclusion,22,3,884,324,1,3,3,C
JZW_HQL_0520_C_W991-80_crop_01.jpg,bg_to_strip_inclusion,23,7,882,328,2,7,3,C
JZW_HQL_0520_C_W991-80_crop_01.jpg,bg_to_strip_inclusion,24,2,846,335,1,2,3,C
JZW_HQL_0520_C_W991-80_crop_01.jpg,bg_to_strip_inclusion,26,2,845,339,1,2,3,C
JZW_HQL_0520_C_W991-80_crop_01.jpg,bg_to_strip_inclusion,27,302,857,341,22,74,3,C
JZW_HQL_0520_C_W991-80_crop_01.jpg,bg_to_strip_inclusion,28,3,844,342,1,3,3,C
JZW_HQL_0520_C_W991-80_crop_01.jpg,bg_to_strip_inclusion,29,6,842,346,2,6,3,C
JZW_HQL_0520_C_W991-80_crop_01.jpg,bg_to_strip_inclusion,30,3,841,353,1,3,3,C
JZW_HQL_0520_C_W991-80_crop_01.jpg,bg_to_strip_inclusion,31,3,840,357,1,3,3,C
JZW_HQL_0520_C_W991-80_crop_01.jpg,bg_to_strip_inclusion,33,8,856,417,1,8,3,C
JZW_HQL_0520_C_W991-80_crop_01.jpg,bg_to_strip_inclusion,34,6,855,427,1,6,3,C
JZW_HQL_0520_C_W991-80_crop_01.jpg,bg_to_strip_inclusion,35,4,854,437,1,4,3,C
JZW_HQL_0520_C_W991-80_crop_01.jpg,bg_to_strip_inclusion,36,28,836,473,14,5,3,C
JZW_HQL_0520_C_W991-80_crop_01.jpg,bg_to_strip_inclusion,39,669,562,622,20,100,3,C
JZW_HQL_0520_C_W991-83_crop_00.jpg,bg_to_strip_inclusion,1,48,254,37,7,9,2,B
JZW_HQL_0520_C_W991-83_crop_00.jpg,bg_to_strip_inclusion,3,17,84,154,4,15,2,B
JZW_HQL_0520_C_W991-83_crop_00.jpg,bg_to_strip_inclusion,4,1372,245,165,22,74,3,C
JZW_HQL_0520_C_W991-83_crop_00.jpg,bg_to_strip_inclusion,7,31,620,273,6,14,3,C
JZW_HQL_0520_C_W991-83_crop_00.jpg,bg_to_strip_inclusion,8,215,608,283,18,64,3,C
JZW_HQL_0520_C_W991-83_crop_00.jpg,bg_to_strip_inclusion,9,15,82,313,2,15,2,B
JZW_HQL_0520_C_W991-83_crop_00.jpg,bg_to_strip_inclusion,10,24,40,323,8,6,3,C
JZW_HQL_0520_C_W991-83_crop_00.jpg,bg_to_strip_inclusion,11,5,84,330,1,5,2,B
JZW_HQL_0520_C_W991-83_crop_00.jpg,bg_to_strip_inclusion,12,20,35,335,2,20,3,C
JZW_HQL_0520_C_W991-83_crop_00.jpg,bg_to_strip_inclusion,13,5,85,338,1,5,2,B
JZW_HQL_0520_C_W991-83_crop_00.jpg,bg_to_strip_inclusion,14,289,85,346,6,74,2,B
JZW_HQL_0520_C_W991-83_crop_00.jpg,bg_to_strip_inclusion,15,2,120,389,1,2,2,B
JZW_HQL_0520_C_W991-83_crop_00.jpg,bg_to_strip_inclusion,16,102,121,394,3,71,2,B
JZW_HQL_0520_C_W991-83_crop_00.jpg,bg_to_strip_inclusion,17,184,98,471,23,16,2,B
JZW_HQL_0520_C_W991-83_crop_00.jpg,bg_to_strip_inclusion,18,124,832,563,10,15,3,C
JZW_HQL_0520_C_W991-83_crop_00.jpg,bg_to_strip_inclusion,19,2,872,563,1,2,3,C
JZW_HQL_0520_C_W991-83_crop_00.jpg,bg_to_strip_inclusion,20,155,867,567,5,61,3,C
JZW_HQL_0520_C_W991-83_crop_00.jpg,bg_to_strip_inclusion,21,117,53,588,3,57,3,C
JZW_HQL_0520_C_W991-83_crop_00.jpg,bg_to_strip_inclusion,22,83,71,593,3,72,3,C
JZW_HQL_0520_C_W991-83_crop_00.jpg,bg_to_strip_inclusion,23,18,894,611,1,18,3,C
JZW_HQL_0520_C_W991-83_crop_00.jpg,bg_to_strip_inclusion,24,7,893,635,1,7,3,C
JZW_HQL_0520_C_W991-83_crop_00.jpg,bg_to_strip_inclusion,25,269,883,652,10,72,3,C
JZW_HQL_0520_C_W991-83_crop_00.jpg,bg_to_strip_inclusion,26,24,677,662,8,7,3,C
JZW_HQL_0520_C_W991-83_crop_00.jpg,bg_to_strip_inclusion,28,2,672,669,1,2,3,C
JZW_HQL_0520_C_W991-83_crop_00.jpg,bg_to_strip_inclusion,29,3,671,673,1,3,3,C
JZW_HQL_0520_C_W991-83_crop_00.jpg,bg_to_strip_inclusion,30,3,670,678,1,3,3,C
JZW_HQL_0520_C_W991-83_crop_02.jpg,bg_to_strip_inclusion,1,533,688,23,31,92,2,B
JZW_HQL_0520_C_W991-83_crop_02.jpg,bg_to_strip_inclusion,2,608,707,57,12,149,2,B
JZW_HQL_0520_C_W991-83_crop_02.jpg,bg_to_strip_inclusion,3,37,690,205,13,13,3,C
JZW_HQL_0520_C_W991-83_crop_02.jpg,bg_to_strip_inclusion,4,133,313,471,11,15,3,C
JZW_HQL_0520_C_W991-83_crop_02.jpg,bg_to_D,1,24,18,587,5,6,4,D
JZW_HQL_0520_C_W991-84_crop_00.jpg,bg_to_strip_inclusion,1,6,883,0,3,5,3,C
JZW_HQL_0520_C_W991-84_crop_00.jpg,bg_to_strip_inclusion,2,30,957,295,10,11,3,C
JZW_HQL_0520_C_W991-84_crop_00.jpg,bg_to_strip_inclusion,3,4,947,323,1,4,3,C
JZW_HQL_0520_C_W991-84_crop_00.jpg,bg_to_strip_inclusion,4,4,952,412,1,4,3,C
JZW_HQL_0520_C_W991-84_crop_00.jpg,bg_to_strip_inclusion,5,11,953,418,1,11,3,C
JZW_HQL_0520_C_W991-84_crop_00.jpg,bg_to_strip_inclusion,7,3,979,527,1,3,3,C
JZW_HQL_0520_C_W991-84_crop_00.jpg,bg_to_strip_inclusion,8,4,978,532,1,4,3,C
JZW_HQL_0520_C_W991-84_crop_00.jpg,bg_to_strip_inclusion,9,3,977,537,1,3,3,C
JZW_HQL_0520_C_W991-84_crop_00.jpg,bg_to_strip_inclusion,10,1312,926,543,34,79,3,C
JZW_HQL_0520_C_W991-84_crop_00.jpg,bg_to_strip_inclusion,11,4,551,919,1,4,3,C
JZW_HQL_0520_C_W991-84_crop_00.jpg,bg_to_strip_inclusion,12,3,552,926,1,3,3,C
JZW_HQL_0520_C_W991-85_crop_00.jpg,bg_to_strip_inclusion,1,584,946,0,11,114,2,B
JZW_HQL_0520_C_W991-85_crop_00.jpg,bg_to_strip_inclusion,2,253,926,21,6,134,3,C
JZW_HQL_0520_C_W991-85_crop_00.jpg,bg_to_strip_inclusion,3,95,666,22,19,29,3,C
JZW_HQL_0520_C_W991-85_crop_00.jpg,bg_to_strip_inclusion,4,3,955,187,1,3,3,C
JZW_HQL_0520_C_W991-85_crop_00.jpg,bg_to_strip_inclusion,5,6,954,193,1,6,3,C
JZW_HQL_0520_C_W991-85_crop_00.jpg,bg_to_strip_inclusion,6,27,950,200,4,24,3,C
JZW_HQL_0520_C_W991-85_crop_00.jpg,bg_to_strip_inclusion,7,303,904,285,20,139,3,C
JZW_HQL_0520_C_W991-85_crop_00.jpg,bg_to_strip_inclusion,8,2,943,335,1,2,3,C
JZW_HQL_0520_C_W991-85_crop_00.jpg,bg_to_strip_inclusion,9,4,942,341,1,4,3,C
JZW_HQL_0520_C_W991-85_crop_00.jpg,bg_to_strip_inclusion,10,5,941,348,1,5,3,C
JZW_HQL_0520_C_W991-85_crop_00.jpg,bg_to_strip_inclusion,11,270,934,355,7,127,3,C
JZW_HQL_0520_C_W991-85_crop_00.jpg,bg_to_strip_inclusion,12,3,903,425,1,3,2,B
JZW_HQL_0520_C_W991-85_crop_00.jpg,bg_to_strip_inclusion,13,3,936,490,1,3,2,B
JZW_HQL_0520_C_W991-85_crop_00.jpg,bg_to_strip_inclusion,14,6,937,498,1,6,2,B
JZW_HQL_0520_C_W991-85_crop_00.jpg,bg_to_strip_inclusion,15,8,938,506,1,8,2,B
JZW_HQL_0520_C_W991-85_crop_00.jpg,bg_to_strip_inclusion,16,10,939,515,1,10,2,B
JZW_HQL_0520_C_W991-85_crop_00.jpg,bg_to_strip_inclusion,17,6,908,518,1,6,2,B
JZW_HQL_0520_C_W991-85_crop_00.jpg,bg_to_strip_inclusion,18,512,909,525,12,158,2,B
JZW_HQL_0520_C_W991-85_crop_00.jpg,bg_to_strip_inclusion,20,1162,840,574,20,286,3,C
JZW_HQL_0520_C_W991-85_crop_00.jpg,bg_to_strip_inclusion,21,4,824,580,1,4,3,C
JZW_HQL_0520_C_W991-85_crop_00.jpg,bg_to_strip_inclusion,22,2,825,586,1,2,3,C
JZW_HQL_0520_C_W991-85_crop_00.jpg,bg_to_strip_inclusion,23,622,828,610,9,251,3,C
JZW_HQL_0520_C_W991-85_crop_00.jpg,bg_to_strip_inclusion,24,25,942,638,2,23,2,B
JZW_HQL_0520_C_W991-85_crop_00.jpg,bg_to_strip_inclusion,25,12,942,670,1,12,2,B
JZW_HQL_0520_C_W991-85_crop_00.jpg,bg_to_strip_inclusion,26,55,59,682,14,22,3,C
JZW_HQL_0520_C_W991-85_crop_00.jpg,bg_to_strip_inclusion,28,237,56,705,18,74,3,C
JZW_HQL_0520_C_W991-85_crop_00.jpg,bg_to_strip_inclusion,29,119,53,709,3,62,3,C
JZW_HQL_0520_C_W991-85_crop_00.jpg,bg_to_strip_inclusion,30,41,928,814,11,7,3,C
JZW_HQL_0520_C_W991-85_crop_00.jpg,bg_to_strip_inclusion,31,293,927,833,11,122,3,C
JZW_HQL_0520_C_W991-85_crop_00.jpg,bg_to_strip_inclusion,32,6,945,847,1,6,3,C
JZW_HQL_0520_C_W991-85_crop_00.jpg,bg_to_strip_inclusion,33,225,946,855,6,91,3,C
JZW_HQL_0520_C_W991-85_crop_00.jpg,bg_to_strip_inclusion,34,421,474,865,13,45,3,C
JZW_HQL_0520_C_W991-85_crop_00.jpg,bg_to_strip_inclusion,35,205,84,917,19,42,3,C
JZW_HQL_0520_C_W991-85_crop_00.jpg,bg_to_strip_inclusion,36,2,940,956,2,1,3,C
JZW_HQL_0520_C_W991-85_crop_00.jpg,bg_to_strip_inclusion,37,18,103,963,1,18,3,C
JZW_HQL_0520_C_W991-85_crop_01.jpg,bg_to_strip_inclusion,1,292,848,0,52,24,2,B
JZW_HQL_0520_C_W991-85_crop_01.jpg,bg_to_strip_inclusion,2,2,847,6,1,2,2,B
JZW_HQL_0520_C_W991-85_crop_01.jpg,bg_to_strip_inclusion,3,65,940,139,18,10,2,B
JZW_HQL_0520_C_W991-85_crop_01.jpg,bg_to_strip_inclusion,5,2,959,154,1,2,2,B
JZW_HQL_0520_C_W991-85_crop_01.jpg,bg_to_strip_inclusion,6,2,960,158,1,2,2,B
JZW_HQL_0520_C_W991-85_crop_01.jpg,bg_to_strip_inclusion,7,477,936,160,13,137,2,B
JZW_HQL_0520_C_W991-85_crop_01.jpg,bg_to_strip_inclusion,8,127,961,195,4,73,2,B
JZW_HQL_0520_C_W991-85_crop_01.jpg,bg_to_strip_inclusion,9,41,955,288,5,22,2,B
JZW_HQL_0520_C_W991-85_crop_01.jpg,bg_to_strip_inclusion,10,131,869,302,3,63,2,B
JZW_HQL_0520_C_W991-85_crop_01.jpg,bg_to_strip_inclusion,12,9,267,379,1,9,3,C
JZW_HQL_0520_C_W991-85_crop_01.jpg,bg_to_strip_inclusion,13,3,255,380,1,3,3,C
JZW_HQL_0520_C_W991-85_crop_01.jpg,bg_to_strip_inclusion,14,2,266,414,1,2,3,C
JZW_HQL_0520_C_W991-85_crop_01.jpg,bg_to_strip_inclusion,15,134,903,664,5,77,3,C
JZW_HQL_0520_C_W991-85_crop_01.jpg,bg_to_strip_inclusion,16,149,52,719,4,57,3,C
JZW_HQL_0520_C_W991-85_crop_01.jpg,bg_to_strip_inclusion,17,178,36,726,4,85,3,C
JZW_HQL_0520_C_W991-85_crop_01.jpg,bg_to_strip_inclusion,18,2,902,742,1,2,3,C
JZW_HQL_0520_C_W991-85_crop_01.jpg,bg_to_strip_inclusion,19,18,232,988,2,13,3,C
JZW_HQL_0520_C_W991-86_crop_02.jpg,bg_to_strip_inclusion,1,375,274,0,13,63,3,C
JZW_HQL_0520_C_W991-86_crop_02.jpg,bg_to_strip_inclusion,2,2,261,2,1,2,3,C
JZW_HQL_0520_C_W991-86_crop_02.jpg,bg_to_strip_inclusion,3,23,262,55,10,10,3,C
JZW_HQL_0520_C_W991-86_crop_02.jpg,bg_to_strip_inclusion,5,2,519,162,1,2,2,B
JZW_HQL_0520_C_W991-86_crop_02.jpg,bg_to_strip_inclusion,6,119,542,191,4,49,3,C
JZW_HQL_0520_C_W991-86_crop_02.jpg,bg_to_strip_inclusion,7,626,263,244,22,95,3,C
JZW_HQL_0520_C_W991-86_crop_02.jpg,bg_to_strip_inclusion,8,10,513,255,3,7,2,B
JZW_HQL_0520_C_W991-86_crop_02.jpg,bg_to_strip_inclusion,10,327,506,327,11,121,3,C
JZW_HQL_0520_C_W991-86_crop_02.jpg,bg_to_strip_inclusion,13,5,276,342,4,3,3,C
JZW_HQL_0520_C_W991-86_crop_02.jpg,bg_to_strip_inclusion,14,396,479,447,24,70,3,C
JZW_HQL_0520_C_W991-86_crop_02.jpg,bg_to_strip_inclusion,15,1069,780,473,21,67,3,C
JZW_HQL_0520_C_W991-86_crop_02.jpg,bg_to_strip_inclusion,16,97,472,485,4,45,3,C
JZW_HQL_0520_C_W991-86_crop_02.jpg,bg_to_strip_inclusion,17,37,492,525,3,30,3,C
JZW_HQL_0520_C_W991-87_crop_02.jpg,bg_to_strip_inclusion,1,60,760,150,3,45,3,C
JZW_HQL_0520_C_W991-87_crop_02.jpg,bg_to_strip_inclusion,2,24,748,221,6,11,3,C
JZW_HQL_0520_C_W991-87_crop_02.jpg,bg_to_strip_inclusion,3,1164,792,474,23,67,3,C
JZW_HQL_0520_C_W991-87_crop_02.jpg,bg_to_strip_inclusion,4,1236,132,691,14,162,3,C
JZW_HQL_0520_C_W991-87_crop_02.jpg,bg_to_strip_inclusion,5,2706,918,848,42,175,2,B
JZW_HQL_0520_C_W991-87_crop_02.jpg,bg_to_strip_inclusion,6,3,108,949,1,3,3,C
JZW_HQL_0520_C_W991-87_crop_02.jpg,bg_to_strip_inclusion,8,127,111,986,28,38,3,C
JZW_HQL_0520_Q750-17_crop_00.jpg,bg_to_D,1,2,253,346,2,2,4,D
JZW_HQL_0520_Q750-18_crop_01.jpg,bg_to_strip_inclusion,1,5,915,27,4,4,1,A
JZW_HQL_0520_Q750-18_crop_01.jpg,bg_to_strip_inclusion,2,4,919,36,1,4,1,A
JZW_HQL_0520_Q750-18_crop_01.jpg,bg_to_strip_inclusion,3,23,909,41,7,17,1,A
JZW_HQL_0520_Q750-18_crop_01.jpg,bg_to_strip_inclusion,4,13,916,41,3,12,1,A
JZW_HQL_0520_Q750-18_crop_01.jpg,bg_to_strip_inclusion,5,68,908,71,5,17,1,A
JZW_HQL_0520_Q750-18_crop_01.jpg,bg_to_strip_inclusion,6,82,832,677,5,19,1,A
JZW_HQL_0520_Q750-19_crop_02.jpg,bg_to_D,1,2,1017,198,2,2,4,D
JZW_HQL_0520_Q750-25_crop_01.jpg,bg_to_D,1,67,382,633,10,9,4,D
JZW_HQL_0520_Q750-2_crop_02.jpg,bg_to_D,5,3,69,694,3,2,4,D
JZW_HQL_0520_Q750-2_crop_02.jpg,bg_to_D,6,2,66,696,2,1,4,D
JZW_HQL_0520_Q750-31_crop_00.jpg,bg_to_strip_inclusion,1,6,168,734,2,6,1,A
JZW_HQL_0520_Q750-31_crop_00.jpg,bg_to_strip_inclusion,2,393,187,896,21,68,1,A
JZW_HQL_0520_Q750-32_crop_01.jpg,bg_to_strip_inclusion,1,40,817,614,7,10,2,B
JZW_HQL_0520_Q750-32_crop_01.jpg,bg_to_strip_inclusion,2,5,813,622,5,3,2,B
JZW_HQL_0520_Q750-32_crop_01.jpg,bg_to_strip_inclusion,3,240,811,646,9,41,2,B
JZW_HQL_0520_Q750-32_crop_01.jpg,bg_to_D,1,42,752,545,8,7,4,D
JZW_HQL_0520_Q750-32_crop_01.jpg,bg_to_D,2,19,748,773,4,6,4,D
JZW_HQL_0520_Q750-35_crop_00.jpg,bg_to_D,1,4,581,774,3,3,4,D
JZW_HQL_0520_Q750-35_crop_00.jpg,bg_to_D,2,2,582,779,2,2,4,D
JZW_HQL_0520_Q750-35_crop_01.jpg,bg_to_D,1,5,32,197,2,3,4,D
JZW_HQL_0520_Q750-36_crop_00.jpg,bg_to_D,1,5,508,977,4,4,4,D
JZW_HQL_0520_Q750-37_crop_00.jpg,bg_to_D,2,43,877,13,7,7,4,D
JZW_HQL_0520_Q750-37_crop_00.jpg,bg_to_D,3,54,442,864,8,9,4,D
JZW_HQL_0520_Q750-41_crop_00.jpg,bg_to_D,1,60,611,116,8,9,4,D
JZW_HQL_0520_Q750-44_crop_01.jpg,bg_to_strip_inclusion,1,3,670,931,3,2,1,A
JZW_HQL_0520_Q750-44_crop_01.jpg,bg_to_strip_inclusion,2,2,674,934,1,2,1,A
JZW_HQL_0520_Q750-44_crop_01.jpg,bg_to_strip_inclusion,3,6,675,937,2,6,1,A
JZW_HQL_0520_Q750-44_crop_01.jpg,bg_to_strip_inclusion,7,8,670,954,7,3,1,A
JZW_HQL_0520_Q750-45_crop_01.jpg,bg_to_strip_inclusion,1,55,446,39,6,14,2,B
JZW_HQL_0520_Q750-45_crop_01.jpg,bg_to_strip_inclusion,2,6,448,59,4,4,2,B
JZW_HQL_0520_Q750-45_crop_01.jpg,bg_to_strip_inclusion,3,7,790,60,3,6,1,A
JZW_HQL_0520_Q750-45_crop_01.jpg,bg_to_strip_inclusion,5,4,789,68,1,4,1,A
JZW_HQL_0520_Q750-45_crop_01.jpg,bg_to_strip_inclusion,6,4,789,79,3,3,1,A
JZW_HQL_0520_Q750-45_crop_01.jpg,bg_to_D,2,2,978,874,2,2,4,D
JZW_HQL_0520_Q750-45_crop_01.jpg,bg_to_D,6,2,66,962,2,2,4,D
JZW_HQL_0520_Q750-47_crop_01.jpg,bg_to_D,1,4,429,78,4,3,4,D
JZW_HQL_0520_Q750-48_crop_02.jpg,bg_to_strip_inclusion,1,6,852,832,4,3,1,A
JZW_HQL_0520_Q750-48_crop_02.jpg,bg_to_strip_inclusion,2,38,848,837,1,38,1,A
JZW_HQL_0520_Q750-48_crop_02.jpg,bg_to_strip_inclusion,3,50,857,840,3,44,1,A
JZW_HQL_0520_Q750-48_crop_02.jpg,bg_to_strip_inclusion,4,8,849,881,1,8,1,A
JZW_HQL_0520_Q750-48_crop_02.jpg,bg_to_strip_inclusion,5,7,850,891,1,7,1,A
JZW_HQL_0520_Q750-48_crop_02.jpg,bg_to_strip_inclusion,6,2,860,892,1,2,1,A
JZW_HQL_0520_Q750-48_crop_02.jpg,bg_to_strip_inclusion,7,26,851,901,5,16,1,A
JZW_HQL_0520_Q750-48_crop_02.jpg,bg_to_D,1,45,398,702,7,7,4,D
JZW_HQL_0520_Q750-5_crop_00.jpg,bg_to_strip_inclusion,1,3,931,937,1,3,1,A
JZW_HQL_0520_Q750-5_crop_00.jpg,bg_to_strip_inclusion,3,35,942,945,3,32,1,A
JZW_HQL_0520_Q750-5_crop_00.jpg,bg_to_strip_inclusion,4,2,932,951,1,2,1,A
JZW_HQL_0520_Q750-5_crop_00.jpg,bg_to_strip_inclusion,5,3,933,964,1,3,1,A
JZW_HQL_0520_Q750-5_crop_00.jpg,bg_to_strip_inclusion,6,6,934,976,1,6,1,A
JZW_HQL_0520_Q750-5_crop_00.jpg,bg_to_strip_inclusion,7,8,945,979,1,8,1,A
JZW_HQL_0520_Q750-5_crop_00.jpg,bg_to_strip_inclusion,8,9,941,1009,4,3,1,A
JZW_HQL_0520_Q750-7_crop_00.jpg,bg_to_strip_inclusion,1,3,235,650,3,2,1,A
JZW_HQL_0520_Q750-7_crop_00.jpg,bg_to_strip_inclusion,3,3,240,654,1,3,1,A
JZW_HQL_0520_Q750-7_crop_00.jpg,bg_to_strip_inclusion,6,2,236,679,1,2,1,A
JZW_HQL_0520_Q750-7_crop_00.jpg,bg_to_strip_inclusion,7,11,237,683,2,10,1,A
JZW_HQL_0520_Q750-7_crop_00.jpg,bg_to_strip_inclusion,8,2,239,694,1,2,1,A
JZW_HQL_0520_Q750-7_crop_00.jpg,bg_to_strip_inclusion,9,3,967,899,2,3,1,A
JZW_HQL_0520_Q750-7_crop_00.jpg,bg_to_strip_inclusion,10,4,969,903,1,4,1,A
JZW_HQL_0520_Q750-7_crop_00.jpg,bg_to_strip_inclusion,12,9,960,914,1,9,1,A
JZW_HQL_0520_Q750-7_crop_00.jpg,bg_to_strip_inclusion,13,3,960,932,1,3,1,A
JZW_HQL_0520_Q750-7_crop_00.jpg,bg_to_strip_inclusion,14,4,961,937,1,4,1,A
JZW_HQL_0520_Q750-7_crop_00.jpg,bg_to_strip_inclusion,15,10,969,937,2,10,1,A
JZW_HQL_0520_Q750-7_crop_00.jpg,bg_to_strip_inclusion,16,2,962,943,1,2,1,A
JZW_HQL_0520_Q750-7_crop_00.jpg,bg_to_strip_inclusion,17,6,963,946,4,4,1,A
JZW_HQL_0520_Q750-9_crop_00.jpg,bg_to_strip_inclusion,1,3,567,422,3,1,2,B
JZW_HQL_0520_Q750-9_crop_00.jpg,bg_to_strip_inclusion,2,1424,555,424,20,294,2,B
JZW_HQL_0520_Q750-9_crop_00.jpg,bg_to_strip_inclusion,4,39,577,490,2,25,2,B
JZW_HQL_0520_Q750-9_crop_00.jpg,bg_to_strip_inclusion,5,90,588,620,4,53,2,B
JZW_HQL_0520_Q750-9_crop_00.jpg,bg_to_strip_inclusion,6,2,592,679,1,2,2,B
JZW_HQL_0520_Q750-9_crop_00.jpg,bg_to_strip_inclusion,7,2,593,687,1,2,2,B
JZW_HQL_0520_Q750-9_crop_00.jpg,bg_to_strip_inclusion,8,4,594,693,1,4,2,B
JZW_HQL_0520_Q750-9_crop_00.jpg,bg_to_strip_inclusion,9,4,595,701,1,4,2,B
JZW_HQL_0520_Q750-9_crop_00.jpg,bg_to_strip_inclusion,10,3,596,710,1,3,2,B
JZW_HQL_0520_Q750-9_crop_00.jpg,bg_to_strip_inclusion,11,127,596,717,4,56,2,B
JZW_HQL_0520_Q750-9_crop_00.jpg,bg_to_strip_inclusion,12,3,575,721,1,3,2,B
JZW_HQL_0520_Q750-9_crop_00.jpg,bg_to_strip_inclusion,13,100,576,725,7,48,2,B
JZW_HQL_0520_Q750-9_crop_00.jpg,bg_to_D,1,58,179,501,8,9,4,D
SZ0529_1-12_crop_02.jpg,bg_to_strip_inclusion,1,73,104,1001,5,19,1,A
SZ0529_1-14_crop_00.jpg,bg_to_strip_inclusion,1,7,56,880,1,7,1,A
SZ0529_1-24_crop_00.jpg,bg_to_D,1,68,169,426,9,9,4,D
SZ0529_1-27_crop_00.jpg,bg_to_strip_inclusion,1,3,190,121,1,3,1,A
SZ0529_1-27_crop_00.jpg,bg_to_strip_inclusion,2,6,196,144,1,6,1,A
SZ0529_1-28_crop_01.jpg,bg_to_strip_inclusion,1,2,794,321,2,2,1,A
SZ0529_1-28_crop_01.jpg,bg_to_strip_inclusion,3,12,795,332,2,11,1,A
SZ0529_1-28_crop_01.jpg,bg_to_strip_inclusion,5,2,802,350,1,2,1,A
SZ0529_1-28_crop_01.jpg,bg_to_strip_inclusion,6,4,797,353,1,4,1,A
SZ0529_1-3_crop_00.jpg,bg_to_strip_inclusion,1,18,732,6,5,7,1,A
SZ0529_1-3_crop_00.jpg,bg_to_strip_inclusion,2,16,732,34,2,14,1,A
SZ0529_1-6_crop_00.jpg,bg_to_strip_inclusion,1,71,355,398,5,19,1,A
SZ0529_1-8_crop_01.jpg,bg_to_strip_inclusion,1,11,772,785,3,8,1,A
SZ0529_1-8_crop_01.jpg,bg_to_strip_inclusion,3,2,769,792,1,2,1,A
SZ0529_1-8_crop_01.jpg,bg_to_strip_inclusion,4,3,777,806,1,3,1,A
SZ0529_2-12_crop_00.jpg,bg_to_strip_inclusion,1,2,941,903,2,1,1,A
SZ0529_2-12_crop_00.jpg,bg_to_strip_inclusion,2,35,939,904,5,29,1,A
SZ0529_2-12_crop_00.jpg,bg_to_strip_inclusion,3,5,944,934,2,5,1,A
SZ0529_2-12_crop_00.jpg,bg_to_D,1,3,488,490,2,2,4,D
SZ0529_2-14_crop_00.jpg,bg_to_strip_inclusion,1,180,566,977,9,41,1,A
SZ0529_2-15_crop_01.jpg,bg_to_strip_inclusion,1,161,892,97,7,36,1,A
SZ0529_2-16_crop_00.jpg,bg_to_D,1,51,592,963,8,8,4,D
SZ0529_2-22_crop_02.jpg,bg_to_D,1,15,320,184,5,7,4,D
SZ0529_2-24_crop_00.jpg,bg_to_strip_inclusion,2,4,514,149,1,4,1,A
SZ0529_2-24_crop_00.jpg,bg_to_strip_inclusion,3,6,513,155,1,6,1,A
SZ0529_2-24_crop_02.jpg,bg_to_strip_inclusion,1,2,619,777,1,2,1,A
SZ0529_2-24_crop_02.jpg,bg_to_strip_inclusion,2,5,620,781,2,5,1,A
SZ0529_2-4_crop_02.jpg,bg_to_strip_inclusion,1,94,424,867,6,20,1,A
SZ0529_2-4_crop_02.jpg,bg_to_D,1,2,500,779,2,1,4,D
SZ0529_2-7_crop_01.jpg,bg_to_strip_inclusion,1,110,228,817,7,24,1,A
SZ0529_2-7_crop_01.jpg,bg_to_D,2,2,810,899,2,2,4,D
SZ0529_3-13_crop_00.jpg,bg_to_strip_inclusion,1,18,296,419,5,6,1,A
SZ0529_3-13_crop_00.jpg,bg_to_strip_inclusion,2,4,297,428,1,4,1,A
SZ0529_3-13_crop_00.jpg,bg_to_strip_inclusion,3,5,298,433,1,5,1,A
SZ0529_3-13_crop_00.jpg,bg_to_strip_inclusion,4,7,299,439,1,7,1,A
SZ0529_3-13_crop_00.jpg,bg_to_D,1,71,475,319,9,10,4,D
SZ0529_4-12_crop_00.jpg,bg_to_strip_inclusion,1,4,355,0,4,1,1,A
SZ0529_4-12_crop_00.jpg,bg_to_strip_inclusion,2,8,354,2,1,8,1,A
SZ0529_4-12_crop_00.jpg,bg_to_strip_inclusion,3,2,361,17,1,2,1,A
SZ0529_4-12_crop_00.jpg,bg_to_strip_inclusion,7,73,368,784,5,18,1,A
SZ0529_4-12_crop_00.jpg,bg_to_strip_inclusion,8,65,368,810,5,19,1,A
SZ0529_4-16_crop_00.jpg,bg_to_strip_inclusion,1,5,766,628,4,3,1,A
SZ0529_4-16_crop_00.jpg,bg_to_strip_inclusion,2,4,766,638,2,4,1,A
SZ0529_4-16_crop_00.jpg,bg_to_strip_inclusion,3,61,378,847,5,15,1,A
SZ0529_4-16_crop_00.jpg,bg_to_strip_inclusion,4,3,339,868,1,3,1,A
SZ0529_4-16_crop_00.jpg,bg_to_strip_inclusion,5,50,341,887,5,17,1,A
SZ0529_4-16_crop_00.jpg,bg_to_strip_inclusion,6,143,342,897,8,56,1,A
SZ0529_4-23_crop_00.jpg,bg_to_strip_inclusion,3,2,75,908,1,2,1,A
SZ0529_4-23_crop_00.jpg,bg_to_strip_inclusion,4,10,76,913,1,10,1,A
SZ0529_4-23_crop_00.jpg,bg_to_strip_inclusion,5,37,75,924,3,29,1,A
SZ0529_4-23_crop_00.jpg,bg_to_strip_inclusion,6,2,74,956,1,2,1,A
SZ0529_4-23_crop_00.jpg,bg_to_strip_inclusion,8,3,79,963,1,3,1,A
SZ0529_4-23_crop_00.jpg,bg_to_strip_inclusion,9,6,79,969,1,6,1,A
SZ0529_4-23_crop_00.jpg,bg_to_strip_inclusion,10,2,74,970,1,2,1,A
SZ0529_4-23_crop_00.jpg,bg_to_strip_inclusion,11,4,80,977,1,4,1,A
SZ0529_4-23_crop_00.jpg,bg_to_strip_inclusion,12,5,81,984,1,5,1,A
SZ0529_4-23_crop_00.jpg,bg_to_strip_inclusion,13,2,79,990,2,2,1,A
SZ0529_4-24_crop_00.jpg,bg_to_strip_inclusion,1,59,622,746,4,16,1,A
SZ0529_4-3_crop_02.jpg,bg_to_strip_inclusion,1,7,348,937,5,3,1,A
SZ0529_4-3_crop_02.jpg,bg_to_strip_inclusion,3,2,357,947,1,2,1,A
SZ0529_4-3_crop_02.jpg,bg_to_strip_inclusion,4,11,349,948,3,6,1,A
SZ0529_4-3_crop_02.jpg,bg_to_strip_inclusion,5,2,357,956,1,2,1,A
tin436_01-06_crop_00.jpg,bg_to_strip_inclusion,1,51,497,76,5,13,1,A
tin436_01-06_crop_00.jpg,bg_to_strip_inclusion,2,13,118,113,2,8,5,TINB/TINC
tin436_01-06_crop_00.jpg,bg_to_strip_inclusion,3,4,135,112,1,4,5,TINB/TINC
tin436_01-06_crop_00.jpg,bg_to_strip_inclusion,4,6,37,117,3,5,1,A
tin436_01-06_crop_00.jpg,bg_to_strip_inclusion,5,2,134,119,1,2,5,TINB/TINC
tin436_01-06_crop_00.jpg,bg_to_strip_inclusion,6,7,132,122,2,7,5,TINB/TINC
tin436_01-06_crop_00.jpg,bg_to_strip_inclusion,7,2,36,124,1,2,1,A
tin436_01-06_crop_00.jpg,bg_to_strip_inclusion,8,6,41,125,1,6,1,A
tin436_01-06_crop_00.jpg,bg_to_strip_inclusion,9,2,131,131,1,2,5,TINB/TINC
tin436_01-06_crop_00.jpg,bg_to_strip_inclusion,10,3,975,167,1,3,1,A
tin436_01-06_crop_00.jpg,bg_to_strip_inclusion,11,2,973,202,1,2,1,A
tin436_01-06_crop_00.jpg,bg_to_strip_inclusion,12,6,971,265,3,6,1,A
tin436_01-06_crop_00.jpg,bg_to_strip_inclusion,13,5,974,272,1,5,1,A
tin436_01-06_crop_00.jpg,bg_to_strip_inclusion,14,5,975,285,1,5,1,A
tin436_01-06_crop_00.jpg,bg_to_strip_inclusion,15,3,973,293,2,3,1,A
tin436_01-06_crop_00.jpg,bg_to_strip_inclusion,18,3,121,339,2,3,5,TINB/TINC
tin436_01-06_crop_00.jpg,bg_to_strip_inclusion,19,131,115,343,12,31,5,TINB/TINC
tin436_01-06_crop_00.jpg,bg_to_strip_inclusion,20,5,123,343,1,5,5,TINB/TINC
tin436_01-06_crop_00.jpg,bg_to_strip_inclusion,21,13,127,369,2,7,5,TINB/TINC
tin436_01-06_crop_00.jpg,bg_to_strip_inclusion,24,3,921,382,2,3,1,A
tin436_01-06_crop_00.jpg,bg_to_strip_inclusion,26,38,622,998,4,12,1,A
tin436_01-06_crop_01.jpg,bg_to_strip_inclusion,2,17,883,55,3,10,1,A
tin436_01-06_crop_01.jpg,bg_to_strip_inclusion,5,8,100,69,1,8,1,A
tin436_01-06_crop_01.jpg,bg_to_strip_inclusion,7,4,99,88,1,4,1,A
tin436_01-06_crop_01.jpg,bg_to_strip_inclusion,8,11,491,88,1,11,1,A
tin436_01-06_crop_01.jpg,bg_to_strip_inclusion,9,7,93,96,1,7,1,A
tin436_01-06_crop_01.jpg,bg_to_strip_inclusion,11,3,95,103,3,2,1,A
tin436_01-06_crop_01.jpg,bg_to_strip_inclusion,12,14,490,105,1,14,1,A
tin436_01-06_crop_01.jpg,bg_to_strip_inclusion,13,6,491,125,1,6,1,A
tin436_01-06_crop_01.jpg,bg_to_strip_inclusion,14,9,492,135,1,9,1,A
tin436_01-06_crop_01.jpg,bg_to_strip_inclusion,16,9,485,158,1,9,1,A
tin436_01-06_crop_01.jpg,bg_to_strip_inclusion,20,4,96,463,1,4,1,A
tin436_01-06_crop_01.jpg,bg_to_strip_inclusion,21,8,622,968,4,8,6,TIND
tin436_01-06_crop_01.jpg,bg_to_strip_inclusion,22,5,613,981,1,5,5,TINB/TINC
tin436_01-06_crop_01.jpg,bg_to_strip_inclusion,23,13,189,1000,2,7,1,A
tin436_01-08_crop_03.jpg,bg_to_strip_inclusion,1,3,364,935,3,3,1,A
tin436_01-08_crop_03.jpg,bg_to_strip_inclusion,3,48,360,945,2,40,1,A
tin436_02-04_crop_01.jpg,bg_to_strip_inclusion,2,2,685,82,1,2,1,A
tin436_02-04_crop_01.jpg,bg_to_strip_inclusion,3,25,698,201,2,15,1,A
tin436_02-04_crop_01.jpg,bg_to_strip_inclusion,5,7,704,220,1,7,1,A
tin436_02-04_crop_01.jpg,bg_to_strip_inclusion,6,4,699,228,1,4,1,A
tin436_02-04_crop_01.jpg,bg_to_strip_inclusion,7,4,703,233,2,4,1,A
tin436_02-04_crop_01.jpg,bg_to_strip_inclusion,10,14,301,395,3,10,6,TIND
tin436_02-04_crop_01.jpg,bg_to_strip_inclusion,13,3,937,457,1,3,6,TIND
tin436_02-04_crop_01.jpg,bg_to_strip_inclusion,15,12,171,463,4,4,1,A
tin436_02-04_crop_01.jpg,bg_to_strip_inclusion,16,4,938,462,3,4,6,TIND
tin436_02-04_crop_01.jpg,bg_to_strip_inclusion,17,4,947,462,2,4,6,TIND
tin436_02-04_crop_01.jpg,bg_to_strip_inclusion,18,52,171,477,6,37,1,A
tin436_02-04_crop_01.jpg,bg_to_strip_inclusion,19,11,139,529,2,6,6,TIND
tin436_02-04_crop_01.jpg,bg_to_strip_inclusion,20,5,133,534,5,2,6,TIND
tin436_02-04_crop_01.jpg,bg_to_strip_inclusion,23,5,853,562,3,4,1,A
tin436_02-04_crop_01.jpg,bg_to_strip_inclusion,25,6,435,723,3,5,1,A
tin436_02-04_crop_01.jpg,bg_to_strip_inclusion,26,5,438,729,1,5,1,A
tin436_02-04_crop_01.jpg,bg_to_strip_inclusion,27,10,392,1002,2,10,1,A
tin436_02-06_crop_02.jpg,bg_to_strip_inclusion,1,4,19,1021,2,3,1,A
tin436_02-06_crop_02.jpg,bg_to_strip_inclusion,2,2,15,1023,2,1,1,A
tin436_02-09_crop_00.jpg,bg_to_strip_inclusion,1,16,242,37,2,12,1,A
tin436_02-09_crop_00.jpg,bg_to_strip_inclusion,2,5,244,51,1,5,1,A
tin436_02-09_crop_00.jpg,bg_to_strip_inclusion,3,6,245,61,1,6,1,A
tin436_02-09_crop_00.jpg,bg_to_strip_inclusion,4,2,245,75,1,2,1,A
tin436_02-09_crop_00.jpg,bg_to_strip_inclusion,5,13,991,453,1,13,1,A
tin436_02-09_crop_00.jpg,bg_to_strip_inclusion,6,15,995,452,3,14,1,A
tin436_02-09_crop_00.jpg,bg_to_strip_inclusion,7,18,690,454,1,18,1,A
tin436_02-09_crop_00.jpg,bg_to_strip_inclusion,8,25,997,472,2,21,1,A
tin436_02-09_crop_00.jpg,bg_to_strip_inclusion,9,11,685,477,5,4,1,A
tin436_02-09_crop_00.jpg,bg_to_strip_inclusion,10,2,73,480,1,2,1,A
tin436_02-09_crop_00.jpg,bg_to_strip_inclusion,11,5,72,485,1,5,1,A
tin436_02-09_crop_00.jpg,bg_to_strip_inclusion,12,4,991,489,1,4,1,A
tin436_02-09_crop_00.jpg,bg_to_strip_inclusion,13,4,71,491,1,4,1,A
tin436_02-09_crop_00.jpg,bg_to_strip_inclusion,15,5,70,497,1,5,1,A
tin436_02-09_crop_00.jpg,bg_to_strip_inclusion,16,4,992,497,4,2,1,A
tin436_02-09_crop_00.jpg,bg_to_strip_inclusion,17,3,69,505,1,3,1,A
tin436_02-09_crop_00.jpg,bg_to_strip_inclusion,18,24,63,510,6,22,1,A
tin436_02-09_crop_00.jpg,bg_to_strip_inclusion,19,21,685,510,5,13,1,A
tin436_02-09_crop_00.jpg,bg_to_strip_inclusion,20,6,683,524,1,6,1,A
tin436_02-09_crop_00.jpg,bg_to_strip_inclusion,21,3,684,531,1,3,1,A
tin436_02-09_crop_00.jpg,bg_to_strip_inclusion,22,75,687,535,6,19,1,A
tin436_02-09_crop_00.jpg,bg_to_strip_inclusion,24,7,460,597,3,5,1,A
tin436_02-09_crop_00.jpg,bg_to_strip_inclusion,25,14,488,605,8,3,6,TIND
tin436_02-09_crop_00.jpg,bg_to_strip_inclusion,28,6,496,614,6,3,6,TIND
tin436_02-09_crop_00.jpg,bg_to_strip_inclusion,29,27,75,633,7,10,6,TIND
tin436_02-09_crop_00.jpg,bg_to_strip_inclusion,30,26,69,635,5,11,6,TIND
tin436_02-09_crop_00.jpg,bg_to_strip_inclusion,31,25,76,667,5,13,6,TIND
tin436_02-09_crop_00.jpg,bg_to_strip_inclusion,32,63,85,666,5,26,1,A
tin436_02-09_crop_00.jpg,bg_to_strip_inclusion,33,12,96,693,1,12,1,A
tin436_02-09_crop_00.jpg,bg_to_strip_inclusion,34,31,97,719,2,24,1,A
tin436_02-09_crop_00.jpg,bg_to_strip_inclusion,36,2,98,760,1,2,1,A
tin436_02-09_crop_00.jpg,bg_to_strip_inclusion,37,12,99,763,2,12,1,A
tin436_02-09_crop_00.jpg,bg_to_strip_inclusion,38,5,101,776,1,5,1,A
tin436_02-09_crop_00.jpg,bg_to_strip_inclusion,41,7,102,786,1,7,1,A
tin436_02-09_crop_00.jpg,bg_to_strip_inclusion,44,2,860,798,1,2,1,A
tin436_02-09_crop_00.jpg,bg_to_strip_inclusion,45,2,861,806,1,2,1,A
tin436_02-09_crop_00.jpg,bg_to_strip_inclusion,48,2,93,887,2,1,6,TIND
tin436_02-09_crop_00.jpg,bg_to_strip_inclusion,49,9,98,887,6,4,6,TIND
tin436_02-09_crop_00.jpg,bg_to_strip_inclusion,50,14,88,888,4,10,6,TIND
tin436_02-09_crop_00.jpg,bg_to_strip_inclusion,51,4,104,892,1,4,6,TIND
tin436_02-09_crop_00.jpg,bg_to_strip_inclusion,54,5,684,964,4,5,6,TIND
tin436_03-03_crop_01.jpg,bg_to_strip_inclusion,1,11,884,0,2,11,6,TIND
tin436_03-03_crop_01.jpg,bg_to_strip_inclusion,2,48,639,241,11,29,5,TINB/TINC
tin436_03-03_crop_01.jpg,bg_to_strip_inclusion,5,8,646,249,3,8,5,TINB/TINC
tin436_03-03_crop_01.jpg,bg_to_strip_inclusion,6,11,885,256,1,11,1,A
tin436_03-03_crop_01.jpg,bg_to_strip_inclusion,7,45,643,259,4,24,5,TINB/TINC
tin436_03-03_crop_01.jpg,bg_to_strip_inclusion,8,13,635,285,8,8,5,TINB/TINC
tin436_03-03_crop_01.jpg,bg_to_strip_inclusion,10,6,594,339,1,6,1,A
tin436_03-03_crop_01.jpg,bg_to_strip_inclusion,11,4,593,347,1,4,1,A
tin436_03-03_crop_01.jpg,bg_to_strip_inclusion,12,14,941,735,4,9,1,A
tin436_03-03_crop_01.jpg,bg_to_strip_inclusion,13,24,936,768,1,24,1,A
tin436_03-03_crop_01.jpg,bg_to_strip_inclusion,14,5,943,800,1,5,1,A
tin436_03-03_crop_01.jpg,bg_to_strip_inclusion,15,16,939,808,2,11,1,A
tin436_03-03_crop_01.jpg,bg_to_strip_inclusion,16,5,944,808,1,5,1,A
tin436_03-03_crop_01.jpg,bg_to_strip_inclusion,17,8,945,815,1,8,1,A
tin436_03-03_crop_01.jpg,bg_to_strip_inclusion,19,6,943,849,1,6,1,A
tin436_03-03_crop_01.jpg,bg_to_strip_inclusion,20,2,948,850,1,2,1,A
tin436_03-03_crop_01.jpg,bg_to_strip_inclusion,21,8,944,857,1,8,1,A
tin436_03-03_crop_01.jpg,bg_to_strip_inclusion,22,30,949,858,2,29,1,A
tin436_03-03_crop_01.jpg,bg_to_strip_inclusion,23,9,949,893,1,9,1,A
tin436_03-03_crop_01.jpg,bg_to_strip_inclusion,24,4,948,907,1,4,1,A
tin436_03-06_crop_00.jpg,bg_to_strip_inclusion,1,8,738,33,1,8,5,TINB/TINC
tin436_03-06_crop_00.jpg,bg_to_strip_inclusion,3,2,985,172,1,2,1,A
tin436_03-06_crop_00.jpg,bg_to_strip_inclusion,4,4,732,178,3,3,1,A
tin436_03-06_crop_00.jpg,bg_to_strip_inclusion,5,4,736,181,1,4,1,A
tin436_03-06_crop_00.jpg,bg_to_strip_inclusion,6,3,985,184,1,3,1,A
tin436_03-06_crop_00.jpg,bg_to_strip_inclusion,7,4,737,191,1,4,1,A
tin436_03-06_crop_00.jpg,bg_to_strip_inclusion,8,46,983,190,2,35,1,A
tin436_03-06_crop_00.jpg,bg_to_strip_inclusion,9,2,732,196,1,2,1,A
tin436_03-06_crop_00.jpg,bg_to_strip_inclusion,10,4,738,200,1,4,1,A
tin436_03-06_crop_00.jpg,bg_to_strip_inclusion,11,4,739,207,1,4,1,A
tin436_03-06_crop_00.jpg,bg_to_strip_inclusion,12,5,740,214,1,5,1,A
tin436_03-06_crop_00.jpg,bg_to_strip_inclusion,13,4,741,222,1,4,1,A
tin436_03-06_crop_00.jpg,bg_to_strip_inclusion,14,33,742,229,4,26,1,A
tin436_03-06_crop_00.jpg,bg_to_strip_inclusion,15,4,746,257,1,4,1,A
tin436_03-06_crop_00.jpg,bg_to_strip_inclusion,17,13,744,274,4,8,1,A
tin436_03-06_crop_00.jpg,bg_to_strip_inclusion,18,2,743,276,1,2,1,A
tin436_03-06_crop_00.jpg,bg_to_strip_inclusion,19,25,219,340,5,11,1,A
tin436_03-06_crop_00.jpg,bg_to_strip_inclusion,20,7,219,355,1,7,1,A
tin436_03-06_crop_00.jpg,bg_to_strip_inclusion,21,23,220,363,3,20,1,A
tin436_03-06_crop_00.jpg,bg_to_strip_inclusion,22,39,57,370,10,10,6,TIND
tin436_03-06_crop_00.jpg,bg_to_strip_inclusion,23,2,8,387,1,2,1,A
tin436_03-06_crop_00.jpg,bg_to_strip_inclusion,25,8,7,391,1,8,1,A
tin436_03-06_crop_00.jpg,bg_to_strip_inclusion,29,28,4,535,7,8,6,TIND
tin436_03-06_crop_00.jpg,bg_to_strip_inclusion,30,2,657,548,2,2,2,B
tin436_03-06_crop_00.jpg,bg_to_strip_inclusion,31,12,661,548,4,11,2,B
tin436_03-06_crop_00.jpg,bg_to_strip_inclusion,32,17,657,553,2,12,2,B
tin436_03-06_crop_00.jpg,bg_to_strip_inclusion,33,100,5,564,14,40,5,TINB/TINC
tin436_03-06_crop_00.jpg,bg_to_strip_inclusion,34,7,13,576,1,7,5,TINB/TINC
tin436_03-06_crop_00.jpg,bg_to_strip_inclusion,35,17,662,581,4,10,5,TINB/TINC
tin436_03-06_crop_00.jpg,bg_to_strip_inclusion,36,25,18,594,7,10,5,TINB/TINC
tin436_03-06_crop_00.jpg,bg_to_strip_inclusion,37,32,10,792,6,11,6,TIND
tin436_03-06_crop_00.jpg,bg_to_strip_inclusion,39,7,253,905,1,7,1,A
tin436_03-06_crop_00.jpg,bg_to_strip_inclusion,40,7,732,906,4,3,1,A
tin436_03-06_crop_00.jpg,bg_to_strip_inclusion,41,4,254,914,1,4,1,A
tin436_03-06_crop_00.jpg,bg_to_strip_inclusion,42,17,732,917,4,14,1,A
tin436_03-06_crop_00.jpg,bg_to_strip_inclusion,43,3,255,919,2,2,1,A
tin436_04-06_crop_01.jpg,bg_to_strip_inclusion,1,259,452,2,9,51,1,A
tin436_04-06_crop_01.jpg,bg_to_strip_inclusion,2,33,580,182,5,16,1,A
tin436_04-06_crop_01.jpg,bg_to_strip_inclusion,3,62,528,273,5,15,1,A
tin436_04-06_crop_01.jpg,bg_to_strip_inclusion,4,17,719,334,1,17,1,A
tin436_04-06_crop_01.jpg,bg_to_strip_inclusion,5,63,715,374,6,23,1,A
tin436_04-06_crop_01.jpg,bg_to_strip_inclusion,6,20,709,413,1,20,1,A
tin436_04-06_crop_01.jpg,bg_to_strip_inclusion,7,6,926,979,1,6,6,TIND
tin436_04-06_crop_01.jpg,bg_to_strip_inclusion,8,2,941,981,2,2,6,TIND
tin436_04-06_crop_01.jpg,bg_to_strip_inclusion,10,4,931,989,4,1,6,TIND
tin436_04-08_crop_03.jpg,bg_to_strip_inclusion,2,27,478,1009,4,10,1,A
tin436_05-04_crop_00.jpg,bg_to_strip_inclusion,1,56,263,65,2,52,1,A
tin436_05-04_crop_00.jpg,bg_to_strip_inclusion,2,4,958,198,3,2,1,A
tin436_05-04_crop_00.jpg,bg_to_strip_inclusion,3,3,962,203,1,3,1,A
tin436_05-04_crop_00.jpg,bg_to_strip_inclusion,4,8,957,209,1,8,1,A
tin436_05-04_crop_00.jpg,bg_to_strip_inclusion,5,5,958,225,1,5,1,A
tin436_05-04_crop_00.jpg,bg_to_strip_inclusion,6,2,964,232,1,2,1,A
tin436_05-04_crop_00.jpg,bg_to_strip_inclusion,7,4,965,239,1,4,1,A
tin436_05-04_crop_00.jpg,bg_to_strip_inclusion,8,3,966,246,1,3,1,A
tin436_05-04_crop_00.jpg,bg_to_strip_inclusion,9,3,967,252,1,3,1,A
tin436_05-04_crop_00.jpg,bg_to_strip_inclusion,10,3,968,258,1,3,1,A
tin436_05-04_crop_00.jpg,bg_to_strip_inclusion,11,4,969,263,1,4,1,A
tin436_05-04_crop_00.jpg,bg_to_strip_inclusion,12,4,970,271,1,4,1,A
tin436_05-04_crop_00.jpg,bg_to_strip_inclusion,13,5,971,281,1,5,1,A
tin436_05-04_crop_00.jpg,bg_to_strip_inclusion,14,7,545,297,3,4,1,A
tin436_05-04_crop_00.jpg,bg_to_strip_inclusion,15,2,972,296,1,2,1,A
tin436_05-04_crop_00.jpg,bg_to_strip_inclusion,16,18,543,306,1,18,1,A
tin436_05-04_crop_00.jpg,bg_to_strip_inclusion,17,20,544,328,1,20,1,A
tin436_05-04_crop_00.jpg,bg_to_strip_inclusion,18,9,967,352,1,9,1,A
tin436_05-04_crop_00.jpg,bg_to_strip_inclusion,19,2,547,379,1,2,1,A
tin436_05-04_crop_00.jpg,bg_to_strip_inclusion,20,166,40,381,8,28,1,A
tin436_05-04_crop_00.jpg,bg_to_strip_inclusion,21,8,553,384,1,8,1,A
tin436_05-04_crop_00.jpg,bg_to_strip_inclusion,22,4,548,387,1,4,1,A
tin436_05-04_crop_00.jpg,bg_to_strip_inclusion,23,3,549,395,1,3,1,A
tin436_05-04_crop_00.jpg,bg_to_strip_inclusion,24,9,972,402,5,3,1,A
tin436_05-04_crop_00.jpg,bg_to_strip_inclusion,25,35,977,411,2,31,1,A
tin436_05-04_crop_00.jpg,bg_to_strip_inclusion,27,10,972,432,1,10,1,A
tin436_05-04_crop_00.jpg,bg_to_strip_inclusion,28,45,973,444,3,41,1,A
tin436_05-04_crop_00.jpg,bg_to_strip_inclusion,29,5,979,448,1,5,1,A
tin436_05-04_crop_00.jpg,bg_to_strip_inclusion,30,6,976,487,1,6,1,A
tin436_05-04_crop_00.jpg,bg_to_strip_inclusion,31,7,1007,747,2,7,6,TIND
tin436_05-04_crop_00.jpg,bg_to_strip_inclusion,35,77,80,890,12,13,6,TIND
tin436_05-04_crop_00.jpg,bg_to_strip_inclusion,38,73,95,913,6,15,1,A
tin_0731_01-04_crop_00.jpg,bg_to_strip_inclusion,1,69,5,121,6,35,5,TINB/TINC
tin_0731_01-04_crop_00.jpg,bg_to_strip_inclusion,2,2,11,158,1,2,5,TINB/TINC
tin_0731_01-04_crop_00.jpg,bg_to_strip_inclusion,4,9,25,183,1,9,5,TINB/TINC
tin_0731_01-04_crop_00.jpg,bg_to_strip_inclusion,5,5,39,504,5,1,6,TIND
tin_0731_01-04_crop_00.jpg,bg_to_strip_inclusion,6,13,33,506,4,11,6,TIND
tin_0731_01-04_crop_00.jpg,bg_to_strip_inclusion,7,21,48,507,10,11,6,TIND
tin_0731_01-04_crop_00.jpg,bg_to_strip_inclusion,8,29,51,523,12,5,6,TIND
tin_0731_01-04_crop_00.jpg,bg_to_strip_inclusion,10,2,48,528,2,1,6,TIND
tin_0731_01-04_crop_00.jpg,bg_to_strip_inclusion,11,3,30,537,3,1,6,TIND
tin_0731_01-04_crop_00.jpg,bg_to_strip_inclusion,12,21,34,698,7,12,5,TINB/TINC
tin_0731_01-04_crop_00.jpg,bg_to_strip_inclusion,15,5,33,711,1,5,5,TINB/TINC
tin_0731_01-04_crop_00.jpg,bg_to_strip_inclusion,16,2,32,719,1,2,5,TINB/TINC
tin_0731_01-04_crop_00.jpg,bg_to_strip_inclusion,17,2,32,734,1,2,5,TINB/TINC
tin_0731_01-10_crop_00.jpg,bg_to_strip_inclusion,1,3,18,122,1,3,6,TIND
tin_0731_01-10_crop_00.jpg,bg_to_strip_inclusion,3,36,1002,450,6,14,5,TINB/TINC
tin_0731_01-10_crop_00.jpg,bg_to_strip_inclusion,5,391,974,456,29,35,5,TINB/TINC
tin_0731_01-10_crop_00.jpg,bg_to_strip_inclusion,6,9,971,466,5,5,5,TINB/TINC
tin_0731_01-10_crop_00.jpg,bg_to_strip_inclusion,7,11,1005,475,2,8,5,TINB/TINC
tin_0731_01-10_crop_00.jpg,bg_to_strip_inclusion,8,47,975,485,3,22,5,TINB/TINC
tin_0731_01-10_crop_00.jpg,bg_to_strip_inclusion,9,150,981,502,7,40,5,TINB/TINC
tin_0731_01-10_crop_00.jpg,bg_to_strip_inclusion,10,38,985,553,4,17,5,TINB/TINC
tin_0731_01-10_crop_00.jpg,bg_to_strip_inclusion,11,14,975,559,3,10,5,TINB/TINC
tin_0731_01-10_crop_00.jpg,bg_to_strip_inclusion,12,14,375,569,10,3,6,TIND
tin_0731_01-10_crop_00.jpg,bg_to_strip_inclusion,13,76,972,577,9,39,5,TINB/TINC
tin_0731_01-10_crop_00.jpg,bg_to_strip_inclusion,14,11,389,579,3,6,6,TIND
tin_0731_01-10_crop_00.jpg,bg_to_strip_inclusion,15,15,378,581,9,3,6,TIND
tin_0731_01-10_crop_00.jpg,bg_to_strip_inclusion,16,106,982,581,7,39,5,TINB/TINC
tin_0731_01-10_crop_00.jpg,bg_to_strip_inclusion,18,31,361,623,8,9,6,TIND
tin_0731_01-10_crop_00.jpg,bg_to_strip_inclusion,20,373,986,623,13,94,5,TINB/TINC
tin_0731_01-10_crop_00.jpg,bg_to_strip_inclusion,21,5,980,625,2,5,5,TINB/TINC
tin_0731_01-10_crop_00.jpg,bg_to_strip_inclusion,23,9,983,645,1,9,5,TINB/TINC
tin_0731_01-10_crop_00.jpg,bg_to_strip_inclusion,24,2,984,657,1,2,5,TINB/TINC
tin_0731_01-10_crop_00.jpg,bg_to_strip_inclusion,25,7,997,721,2,7,5,TINB/TINC
tin_0731_01-10_crop_00.jpg,bg_to_strip_inclusion,26,88,991,722,10,25,5,TINB/TINC
tin_0731_01-10_crop_00.jpg,bg_to_strip_inclusion,27,58,1016,762,8,18,5,TINB/TINC
tin_0731_01-10_crop_00.jpg,bg_to_strip_inclusion,28,75,1016,782,8,15,5,TINB/TINC
tin_0731_01-10_crop_00.jpg,bg_to_strip_inclusion,29,565,1001,869,15,93,5,TINB/TINC
tin_0731_01-19_crop_00.jpg,bg_to_strip_inclusion,1,3,360,65,1,3,6,TIND
tin_0731_01-19_crop_00.jpg,bg_to_strip_inclusion,2,4,349,67,1,4,6,TIND
tin_0731_01-19_crop_00.jpg,bg_to_strip_inclusion,3,2,350,72,2,2,6,TIND
tin_0731_01-19_crop_00.jpg,bg_to_strip_inclusion,4,7,897,486,1,7,6,TIND
tin_0731_01-19_crop_00.jpg,bg_to_strip_inclusion,5,2,895,501,1,2,6,TIND
tin_0731_01-19_crop_00.jpg,bg_to_strip_inclusion,6,22,884,606,2,15,6,TIND
tin_0731_01-19_crop_00.jpg,bg_to_strip_inclusion,7,3,256,696,3,1,6,TIND
tin_0731_01-19_crop_00.jpg,bg_to_strip_inclusion,8,91,263,727,7,25,5,TINB/TINC
tin_0731_01-19_crop_00.jpg,bg_to_strip_inclusion,9,3,275,751,1,3,5,TINB/TINC
tin_0731_01-19_crop_00.jpg,bg_to_strip_inclusion,10,2,276,756,1,2,5,TINB/TINC
tin_0731_01-19_crop_00.jpg,bg_to_strip_inclusion,11,17,275,759,1,17,5,TINB/TINC
tin_0731_01-19_crop_00.jpg,bg_to_strip_inclusion,12,95,266,760,6,27,5,TINB/TINC
tin_0731_01-19_crop_00.jpg,bg_to_strip_inclusion,13,11,276,780,4,11,5,TINB/TINC
tin_0731_01-19_crop_00.jpg,bg_to_strip_inclusion,14,16,233,827,7,4,6,TIND
tin_0731_01-25_crop_00.jpg,bg_to_strip_inclusion,1,37,535,72,13,16,6,TIND
tin_0731_01-25_crop_00.jpg,bg_to_strip_inclusion,2,2,553,81,1,2,6,TIND
tin_0731_01-25_crop_00.jpg,bg_to_strip_inclusion,3,4,554,85,1,4,6,TIND
tin_0731_01-25_crop_00.jpg,bg_to_strip_inclusion,4,6,535,89,3,5,6,TIND
tin_0731_01-25_crop_00.jpg,bg_to_strip_inclusion,5,17,543,90,11,5,6,TIND
tin_0731_01-25_crop_00.jpg,bg_to_strip_inclusion,6,2,348,996,2,2,6,TIND
tin_0731_01-25_crop_00.jpg,bg_to_strip_inclusion,8,14,344,1005,5,6,6,TIND
tin_0731_01-25_crop_00.jpg,bg_to_strip_inclusion,9,4,350,1006,2,2,6,TIND
tin_0731_01-26_crop_00.jpg,bg_to_strip_inclusion,1,47,614,70,8,8,5,TINB/TINC
tin_0731_01-26_crop_00.jpg,bg_to_strip_inclusion,3,278,596,92,23,59,5,TINB/TINC
tin_0731_01-26_crop_00.jpg,bg_to_strip_inclusion,4,24,595,104,5,16,5,TINB/TINC
tin_0731_01-26_crop_00.jpg,bg_to_strip_inclusion,5,2,591,175,1,2,5,TINB/TINC
tin_0731_01-26_crop_00.jpg,bg_to_strip_inclusion,6,2,590,179,1,2,5,TINB/TINC
tin_0731_01-26_crop_00.jpg,bg_to_strip_inclusion,7,78,574,187,6,45,5,TINB/TINC
tin_0731_01-26_crop_00.jpg,bg_to_strip_inclusion,8,2,573,236,1,2,5,TINB/TINC
tin_0731_01-26_crop_00.jpg,bg_to_strip_inclusion,10,2,567,296,1,2,5,TINB/TINC
tin_0731_01-26_crop_00.jpg,bg_to_strip_inclusion,12,155,557,322,17,46,5,TINB/TINC
tin_0731_01-26_crop_00.jpg,bg_to_strip_inclusion,13,4,446,366,4,2,5,TINB/TINC
tin_0731_01-26_crop_00.jpg,bg_to_strip_inclusion,14,8,451,367,3,7,5,TINB/TINC
tin_0731_01-26_crop_00.jpg,bg_to_strip_inclusion,15,6,443,369,2,6,5,TINB/TINC
tin_0731_01-26_crop_00.jpg,bg_to_strip_inclusion,16,1079,552,371,26,150,5,TINB/TINC
tin_0731_01-26_crop_00.jpg,bg_to_strip_inclusion,17,2,550,379,2,2,5,TINB/TINC
tin_0731_01-26_crop_00.jpg,bg_to_strip_inclusion,19,14,436,390,4,12,5,TINB/TINC
tin_0731_01-26_crop_00.jpg,bg_to_strip_inclusion,21,3,415,459,1,3,6,TIND
tin_0731_01-26_crop_00.jpg,bg_to_strip_inclusion,22,6,557,618,4,2,5,TINB/TINC
tin_0731_01-26_crop_00.jpg,bg_to_strip_inclusion,23,41,555,635,6,16,5,TINB/TINC
tin_0731_01-26_crop_00.jpg,bg_to_strip_inclusion,24,46,17,702,29,13,5,TINB/TINC
tin_0731_01-26_crop_00.jpg,bg_to_strip_inclusion,25,262,7,712,11,84,5,TINB/TINC
tin_0731_01-26_crop_00.jpg,bg_to_strip_inclusion,27,93,25,719,17,33,5,TINB/TINC
tin_0731_01-26_crop_00.jpg,bg_to_strip_inclusion,28,65,536,724,3,34,5,TINB/TINC
tin_0731_01-26_crop_00.jpg,bg_to_strip_inclusion,30,37,530,765,3,26,5,TINB/TINC
tin_0731_01-26_crop_00.jpg,bg_to_strip_inclusion,32,2,7,803,1,2,5,TINB/TINC
tin_0731_01-26_crop_00.jpg,bg_to_strip_inclusion,33,14,5,806,2,10,5,TINB/TINC
tin_0731_01-26_crop_00.jpg,bg_to_strip_inclusion,34,31,18,821,7,24,5,TINB/TINC
tin_0731_01-26_crop_00.jpg,bg_to_strip_inclusion,35,5,8,825,2,5,5,TINB/TINC
tin_0731_01-26_crop_00.jpg,bg_to_strip_inclusion,38,2,34,861,1,2,5,TINB/TINC
tin_0731_01-26_crop_00.jpg,bg_to_strip_inclusion,40,3,35,864,1,3,5,TINB/TINC
tin_0731_01-26_crop_00.jpg,bg_to_strip_inclusion,41,3,36,868,1,3,5,TINB/TINC
tin_0731_01-26_crop_00.jpg,bg_to_strip_inclusion,42,6,30,878,1,6,5,TINB/TINC
tin_0731_01-26_crop_00.jpg,bg_to_strip_inclusion,44,3,28,930,1,3,5,TINB/TINC
tin_0731_01-26_crop_00.jpg,bg_to_strip_inclusion,45,69,537,930,14,21,6,TIND
tin_0731_01-26_crop_00.jpg,bg_to_strip_inclusion,46,2,92,975,2,2,5,TINB/TINC
tin_0731_01-26_crop_00.jpg,bg_to_strip_inclusion,47,17,96,986,3,12,6,TIND
tin_0731_01-26_crop_00.jpg,bg_to_strip_inclusion,48,8,88,992,1,8,6,TIND
tin_0731_01-26_crop_00.jpg,bg_to_strip_inclusion,49,10,90,1002,8,4,6,TIND
tin_0731_01-27_crop_00.jpg,bg_to_strip_inclusion,1,16,383,275,4,10,5,TINB/TINC
tin_0731_01-27_crop_00.jpg,bg_to_strip_inclusion,3,505,370,285,16,62,5,TINB/TINC
tin_0731_01-27_crop_00.jpg,bg_to_strip_inclusion,4,103,199,360,24,32,6,TIND
tin_0731_01-27_crop_00.jpg,bg_to_strip_inclusion,5,73,200,365,24,32,6,TIND
tin_0731_01-27_crop_00.jpg,bg_to_strip_inclusion,6,52,274,484,8,14,5,TINB/TINC
tin_0731_01-27_crop_00.jpg,bg_to_strip_inclusion,7,3,273,499,1,3,5,TINB/TINC
tin_0731_01-27_crop_00.jpg,bg_to_strip_inclusion,8,28,272,504,3,23,5,TINB/TINC
tin_0731_01-27_crop_00.jpg,bg_to_strip_inclusion,9,24,275,529,2,18,5,TINB/TINC
tin_0731_01-27_crop_00.jpg,bg_to_strip_inclusion,10,62,323,545,5,25,5,TINB/TINC
tin_0731_01-27_crop_00.jpg,bg_to_strip_inclusion,11,66,254,562,21,16,5,TINB/TINC
tin_0731_01-27_crop_00.jpg,bg_to_strip_inclusion,12,7,278,575,5,5,5,TINB/TINC
tin_0731_01-27_crop_00.jpg,bg_to_strip_inclusion,13,16,328,578,9,6,5,TINB/TINC
tin_0731_01-27_crop_00.jpg,bg_to_strip_inclusion,16,9,256,583,3,9,5,TINB/TINC
tin_0731_01-27_crop_00.jpg,bg_to_strip_inclusion,18,53,320,603,15,9,5,TINB/TINC
tin_0731_01-27_crop_00.jpg,bg_to_strip_inclusion,20,6,183,774,4,2,5,TINB/TINC
tin_0731_01-27_crop_00.jpg,bg_to_strip_inclusion,22,2,177,786,1,2,5,TINB/TINC
tin_0731_01-27_crop_00.jpg,bg_to_strip_inclusion,23,2,175,846,1,2,5,TINB/TINC
tin_0731_01-30_crop_02.jpg,bg_to_strip_inclusion,1,191,995,860,13,25,5,TINB/TINC
tin_0731_01-30_crop_02.jpg,bg_to_strip_inclusion,2,25,998,886,5,19,5,TINB/TINC
tin_0731_01-31_crop_00.jpg,bg_to_strip_inclusion,1,28,119,576,6,21,5,TINB/TINC
tin_0731_01-31_crop_00.jpg,bg_to_strip_inclusion,2,32,108,583,6,12,5,TINB/TINC
tin_0731_01-31_crop_00.jpg,bg_to_strip_inclusion,3,23,106,607,5,11,6,TIND
tin_0731_01-31_crop_00.jpg,bg_to_strip_inclusion,4,162,107,628,5,41,5,TINB/TINC
tin_0731_01-31_crop_00.jpg,bg_to_strip_inclusion,5,51,382,658,20,20,6,TIND
tin_0731_01-31_crop_00.jpg,bg_to_strip_inclusion,6,3,381,669,1,3,6,TIND
tin_0731_01-31_crop_00.jpg,bg_to_strip_inclusion,7,46,382,673,7,33,6,TIND
tin_0731_01-31_crop_00.jpg,bg_to_strip_inclusion,8,2,396,680,2,2,6,TIND
tin_0731_01-31_crop_00.jpg,bg_to_strip_inclusion,9,29,390,683,6,15,6,TIND
tin_0731_01-31_crop_00.jpg,bg_to_strip_inclusion,10,33,107,687,6,7,5,TINB/TINC
tin_0731_01-31_crop_00.jpg,bg_to_strip_inclusion,12,446,352,936,18,40,5,TINB/TINC
tin_0731_01-31_crop_00.jpg,bg_to_strip_inclusion,13,211,64,941,20,45,5,TINB/TINC
tin_0731_01-31_crop_00.jpg,bg_to_strip_inclusion,14,2,84,969,1,2,5,TINB/TINC
tin_0731_01-31_crop_00.jpg,bg_to_strip_inclusion,15,13,79,976,7,11,5,TINB/TINC
tin_0731_01-31_crop_00.jpg,bg_to_strip_inclusion,16,9,64,987,4,5,5,TINB/TINC
tin_0731_01-31_crop_00.jpg,bg_to_strip_inclusion,17,3,75,987,3,3,5,TINB/TINC
tin_0731_01-31_crop_00.jpg,bg_to_strip_inclusion,18,2,70,991,2,1,5,TINB/TINC
tin_0731_02-04_crop_00.jpg,bg_to_strip_inclusion,1,108,502,60,8,23,5,TINB/TINC
tin_0731_02-04_crop_00.jpg,bg_to_strip_inclusion,2,24,507,89,2,21,5,TINB/TINC
tin_0731_02-04_crop_00.jpg,bg_to_strip_inclusion,3,98,500,95,4,58,5,TINB/TINC
tin_0731_02-04_crop_00.jpg,bg_to_strip_inclusion,4,112,504,160,5,55,5,TINB/TINC
tin_0731_02-04_crop_00.jpg,bg_to_strip_inclusion,6,119,503,233,7,47,5,TINB/TINC
tin_0731_02-04_crop_00.jpg,bg_to_strip_inclusion,7,3,515,233,1,3,5,TINB/TINC
tin_0731_02-04_crop_00.jpg,bg_to_strip_inclusion,8,6,512,279,1,6,5,TINB/TINC
tin_0731_02-04_crop_00.jpg,bg_to_strip_inclusion,9,71,506,293,6,27,5,TINB/TINC
tin_0731_02-04_crop_00.jpg,bg_to_strip_inclusion,10,58,509,340,5,45,5,TINB/TINC
tin_0731_02-04_crop_00.jpg,bg_to_strip_inclusion,11,10,513,391,2,9,5,TINB/TINC
tin_0731_02-04_crop_00.jpg,bg_to_strip_inclusion,12,2,511,415,1,2,5,TINB/TINC
tin_0731_02-05_crop_01.jpg,bg_to_strip_inclusion,2,2,746,169,1,2,6,TIND
tin_0731_02-05_crop_01.jpg,bg_to_strip_inclusion,3,33,632,208,7,10,5,TINB/TINC
tin_0731_02-05_crop_01.jpg,bg_to_strip_inclusion,4,3,630,217,1,3,5,TINB/TINC
tin_0731_02-05_crop_01.jpg,bg_to_strip_inclusion,5,7,637,227,1,7,5,TINB/TINC
tin_0731_02-05_crop_01.jpg,bg_to_strip_inclusion,6,47,630,251,4,34,5,TINB/TINC
tin_0731_02-05_crop_01.jpg,bg_to_strip_inclusion,7,6,638,259,1,6,5,TINB/TINC
tin_0731_02-05_crop_01.jpg,bg_to_strip_inclusion,8,3,639,266,1,3,5,TINB/TINC
tin_0731_02-05_crop_01.jpg,bg_to_strip_inclusion,9,7,634,286,2,6,5,TINB/TINC
tin_0731_02-05_crop_01.jpg,bg_to_strip_inclusion,10,2,636,293,1,2,5,TINB/TINC
tin_0731_02-05_crop_01.jpg,bg_to_strip_inclusion,12,62,639,302,9,23,5,TINB/TINC
tin_0731_02-05_crop_01.jpg,bg_to_strip_inclusion,13,200,603,381,9,39,5,TINB/TINC
tin_0731_02-05_crop_01.jpg,bg_to_strip_inclusion,14,170,599,417,7,80,5,TINB/TINC
tin_0731_02-05_crop_01.jpg,bg_to_strip_inclusion,16,167,594,531,5,61,5,TINB/TINC
tin_0731_02-05_crop_01.jpg,bg_to_strip_inclusion,17,11,601,587,1,11,5,TINB/TINC
tin_0731_02-05_crop_01.jpg,bg_to_strip_inclusion,19,14,595,604,2,13,5,TINB/TINC
tin_0731_02-05_crop_01.jpg,bg_to_strip_inclusion,20,25,613,750,2,17,5,TINB/TINC
tin_0731_02-05_crop_01.jpg,bg_to_strip_inclusion,21,211,605,782,8,48,5,TINB/TINC
tin_0731_02-05_crop_01.jpg,bg_to_strip_inclusion,22,17,593,1002,7,4,5,TINB/TINC
tin_0731_02-05_crop_01.jpg,bg_to_strip_inclusion,23,7,589,1013,1,7,5,TINB/TINC
tin_0731_02-05_crop_01.jpg,bg_to_strip_inclusion,25,28,590,1015,9,9,5,TINB/TINC
tin_0731_02-12_crop_00.jpg,bg_to_strip_inclusion,1,7,983,218,6,5,6,TIND
tin_0731_02-12_crop_00.jpg,bg_to_strip_inclusion,2,2,981,229,1,2,6,TIND
tin_0731_02-12_crop_00.jpg,bg_to_strip_inclusion,4,9,954,928,9,2,6,TIND
tin_0731_02-16_crop_01.jpg,bg_to_strip_inclusion,1,2,251,70,1,2,6,TIND
tin_0731_02-16_crop_01.jpg,bg_to_strip_inclusion,2,28,252,73,6,11,6,TIND
tin_0731_02-16_crop_01.jpg,bg_to_strip_inclusion,4,2,261,97,2,1,6,TIND
tin_0731_02-23_crop_00.jpg,bg_to_strip_inclusion,1,2,54,15,1,2,6,TIND
tin_0731_02-23_crop_00.jpg,bg_to_strip_inclusion,2,12,40,41,4,7,6,TIND
tin_0731_02-23_crop_00.jpg,bg_to_strip_inclusion,3,6,63,41,2,6,6,TIND
tin_0731_02-23_crop_00.jpg,bg_to_strip_inclusion,6,8,936,609,5,6,6,TIND
tin_0731_02-27_crop_02.jpg,bg_to_strip_inclusion,1,5,87,337,1,5,6,TIND
tin_0731_02-28_crop_02.jpg,bg_to_strip_inclusion,1,5,1010,626,5,2,6,TIND
tin_0731_02-28_crop_02.jpg,bg_to_strip_inclusion,4,5,930,985,2,4,6,TIND
tin_0731_02-28_crop_02.jpg,bg_to_strip_inclusion,5,18,933,996,5,7,6,TIND
tin_0731_03-03_crop_01.jpg,bg_to_strip_inclusion,1,8,963,48,5,5,5,TINB/TINC
tin_0731_03-03_crop_01.jpg,bg_to_strip_inclusion,2,29,947,62,13,14,5,TINB/TINC
tin_0731_03-03_crop_01.jpg,bg_to_strip_inclusion,3,4,965,74,2,4,5,TINB/TINC
tin_0731_03-03_crop_01.jpg,bg_to_strip_inclusion,4,24,948,77,10,10,5,TINB/TINC
tin_0731_03-03_crop_01.jpg,bg_to_strip_inclusion,6,23,972,128,4,18,5,TINB/TINC
tin_0731_03-03_crop_01.jpg,bg_to_strip_inclusion,9,11,976,147,2,11,5,TINB/TINC
tin_0731_03-03_crop_01.jpg,bg_to_strip_inclusion,10,3,978,159,1,3,5,TINB/TINC
tin_0731_03-03_crop_01.jpg,bg_to_strip_inclusion,11,97,984,160,18,46,5,TINB/TINC
tin_0731_03-03_crop_01.jpg,bg_to_strip_inclusion,13,3,980,171,1,3,5,TINB/TINC
tin_0731_03-03_crop_01.jpg,bg_to_strip_inclusion,14,14,981,177,3,13,5,TINB/TINC
tin_0731_03-03_crop_01.jpg,bg_to_strip_inclusion,16,2,986,194,2,2,5,TINB/TINC
tin_0731_03-03_crop_01.jpg,bg_to_strip_inclusion,17,33,994,205,6,21,5,TINB/TINC
tin_0731_03-03_crop_01.jpg,bg_to_strip_inclusion,18,2,1002,207,1,2,5,TINB/TINC
tin_0731_03-03_crop_01.jpg,bg_to_strip_inclusion,21,19,1009,225,7,10,5,TINB/TINC
tin_0731_03-03_crop_01.jpg,bg_to_strip_inclusion,24,9,1007,239,7,6,5,TINB/TINC
tin_0731_03-08_crop_00.jpg,bg_to_strip_inclusion,1,97,111,66,20,51,5,TINB/TINC
tin_0731_03-08_crop_00.jpg,bg_to_strip_inclusion,2,126,105,118,15,37,5,TINB/TINC
tin_0731_03-08_crop_00.jpg,bg_to_strip_inclusion,3,3,120,127,1,3,5,TINB/TINC
tin_0731_03-08_crop_00.jpg,bg_to_strip_inclusion,4,8,158,276,6,2,5,TINB/TINC
tin_0731_03-08_crop_00.jpg,bg_to_strip_inclusion,6,20,148,283,7,8,5,TINB/TINC
tin_0731_03-08_crop_00.jpg,bg_to_strip_inclusion,7,7,168,282,4,5,5,TINB/TINC
tin_0731_03-08_crop_00.jpg,bg_to_strip_inclusion,8,46,138,296,9,14,5,TINB/TINC
tin_0731_03-08_crop_00.jpg,bg_to_strip_inclusion,9,3,160,306,2,3,5,TINB/TINC
tin_0731_03-08_crop_00.jpg,bg_to_strip_inclusion,10,9,131,313,5,9,5,TINB/TINC
tin_0731_03-08_crop_00.jpg,bg_to_strip_inclusion,15,2,125,369,1,2,5,TINB/TINC
tin_0731_03-08_crop_00.jpg,bg_to_strip_inclusion,16,15,122,373,3,14,5,TINB/TINC
tin_0731_03-08_crop_00.jpg,bg_to_strip_inclusion,18,2,115,380,1,2,5,TINB/TINC
tin_0731_03-08_crop_00.jpg,bg_to_strip_inclusion,19,31,110,384,5,23,5,TINB/TINC
tin_0731_03-08_crop_00.jpg,bg_to_strip_inclusion,20,3,121,388,1,3,5,TINB/TINC
tin_0731_03-08_crop_00.jpg,bg_to_strip_inclusion,21,158,107,407,10,27,5,TINB/TINC
tin_0731_03-08_crop_00.jpg,bg_to_strip_inclusion,22,44,85,432,9,19,5,TINB/TINC
tin_0731_03-08_crop_00.jpg,bg_to_strip_inclusion,23,203,106,447,10,34,5,TINB/TINC
tin_0731_03-08_crop_00.jpg,bg_to_strip_inclusion,24,24,105,483,2,14,5,TINB/TINC
tin_0731_03-08_crop_00.jpg,bg_to_strip_inclusion,25,5,116,488,1,5,5,TINB/TINC
tin_0731_03-08_crop_00.jpg,bg_to_strip_inclusion,26,5,115,496,1,5,5,TINB/TINC
tin_0731_03-08_crop_00.jpg,bg_to_strip_inclusion,27,144,142,574,8,31,5,TINB/TINC
tin_0731_03-08_crop_00.jpg,bg_to_strip_inclusion,28,2,143,617,1,2,5,TINB/TINC
tin_0731_03-08_crop_00.jpg,bg_to_strip_inclusion,29,7,144,620,2,7,5,TINB/TINC
tin_0731_03-09_crop_01.jpg,bg_to_strip_inclusion,2,30,310,509,3,11,5,TINB/TINC
tin_0731_03-09_crop_01.jpg,bg_to_strip_inclusion,3,26,337,508,5,10,5,TINB/TINC
tin_0731_03-09_crop_01.jpg,bg_to_strip_inclusion,4,25,346,508,6,15,5,TINB/TINC
tin_0731_03-13_crop_02.jpg,bg_to_strip_inclusion,1,17,522,31,3,11,5,TINB/TINC
tin_0731_03-13_crop_02.jpg,bg_to_strip_inclusion,3,108,518,38,20,36,5,TINB/TINC
tin_0731_03-13_crop_02.jpg,bg_to_strip_inclusion,4,3,522,43,1,3,5,TINB/TINC
tin_0731_03-13_crop_02.jpg,bg_to_strip_inclusion,5,4,520,47,2,4,5,TINB/TINC
tin_0731_03-13_crop_02.jpg,bg_to_strip_inclusion,14,86,510,82,6,28,5,TINB/TINC
tin_0731_03-13_crop_02.jpg,bg_to_strip_inclusion,15,2,503,117,1,2,5,TINB/TINC
tin_0731_03-13_crop_02.jpg,bg_to_strip_inclusion,16,117,503,128,7,51,5,TINB/TINC
tin_0731_03-13_crop_02.jpg,bg_to_strip_inclusion,17,2,501,143,1,2,5,TINB/TINC
tin_0731_03-13_crop_02.jpg,bg_to_strip_inclusion,18,8,500,150,1,8,5,TINB/TINC
tin_0731_03-13_crop_02.jpg,bg_to_strip_inclusion,19,21,498,160,2,19,5,TINB/TINC
tin_0731_03-13_crop_02.jpg,bg_to_strip_inclusion,21,274,505,185,21,51,5,TINB/TINC
tin_0731_03-13_crop_02.jpg,bg_to_strip_inclusion,22,12,525,243,1,12,5,TINB/TINC
tin_0731_03-13_crop_02.jpg,bg_to_strip_inclusion,23,5,516,265,1,5,5,TINB/TINC
tin_0731_03-13_crop_02.jpg,bg_to_strip_inclusion,24,322,511,276,12,84,5,TINB/TINC
tin_0731_03-13_crop_02.jpg,bg_to_strip_inclusion,27,7,276,295,2,5,6,TIND
tin_0731_03-13_crop_02.jpg,bg_to_strip_inclusion,29,6,510,373,2,5,5,TINB/TINC
tin_0731_03-13_crop_02.jpg,bg_to_strip_inclusion,30,48,510,379,5,21,5,TINB/TINC
tin_0731_03-13_crop_02.jpg,bg_to_strip_inclusion,31,4,504,400,1,4,5,TINB/TINC
tin_0731_03-13_crop_02.jpg,bg_to_strip_inclusion,32,10,505,406,3,10,5,TINB/TINC
tin_0731_03-13_crop_02.jpg,bg_to_strip_inclusion,33,11,516,412,3,6,5,TINB/TINC
tin_0731_03-13_crop_02.jpg,bg_to_strip_inclusion,36,10,511,422,3,9,5,TINB/TINC
tin_0731_03-13_crop_02.jpg,bg_to_strip_inclusion,37,303,518,443,4,127,5,TINB/TINC
tin_0731_03-13_crop_02.jpg,bg_to_strip_inclusion,38,13,512,569,1,13,5,TINB/TINC
tin_0731_03-13_crop_02.jpg,bg_to_strip_inclusion,42,10,513,583,1,10,5,TINB/TINC
tin_0731_03-27_crop_02.jpg,bg_to_strip_inclusion,1,24,36,571,3,12,6,TIND
tin_0731_03-27_crop_02.jpg,bg_to_strip_inclusion,2,6,29,588,6,2,6,TIND
tin_0731_03-29_crop_03.jpg,bg_to_strip_inclusion,3,2,375,665,1,2,6,TIND
tin_0731_03-32_crop_00.jpg,bg_to_strip_inclusion,1,23,510,268,3,9,6,TIND
tin_0731_04-02_crop_00.jpg,bg_to_strip_inclusion,1,66,103,637,7,12,6,TIND
tin_0731_04-02_crop_00.jpg,bg_to_strip_inclusion,2,486,869,835,24,81,5,TINB/TINC
tin_0731_04-08_crop_02.jpg,bg_to_strip_inclusion,1,2,505,712,1,2,5,TINB/TINC
tin_0731_04-08_crop_02.jpg,bg_to_strip_inclusion,2,2,504,715,1,2,5,TINB/TINC
tin_0731_04-08_crop_02.jpg,bg_to_strip_inclusion,4,4,503,722,1,4,5,TINB/TINC
tin_0731_04-08_crop_02.jpg,bg_to_strip_inclusion,6,2,517,729,2,2,5,TINB/TINC
tin_0731_04-08_crop_02.jpg,bg_to_strip_inclusion,7,4,502,735,1,4,5,TINB/TINC
tin_0731_04-08_crop_02.jpg,bg_to_strip_inclusion,8,377,498,743,17,67,5,TINB/TINC
tin_0731_04-08_crop_02.jpg,bg_to_strip_inclusion,10,5,493,812,4,5,5,TINB/TINC
tin_0731_04-08_crop_02.jpg,bg_to_strip_inclusion,11,3,504,822,3,3,5,TINB/TINC
tin_0731_04-08_crop_02.jpg,bg_to_strip_inclusion,12,4,490,850,1,4,5,TINB/TINC
tin_0731_04-08_crop_02.jpg,bg_to_strip_inclusion,14,13,491,860,3,6,5,TINB/TINC
tin_0731_04-08_crop_02.jpg,bg_to_strip_inclusion,15,27,482,876,6,14,5,TINB/TINC
tin_0731_04-08_crop_02.jpg,bg_to_strip_inclusion,16,3,489,890,1,3,5,TINB/TINC
tin_0731_04-08_crop_02.jpg,bg_to_strip_inclusion,17,2,484,899,2,1,5,TINB/TINC
tin_0731_04-10_crop_01.jpg,bg_to_strip_inclusion,1,62,536,256,16,32,6,TIND
tin_0731_04-10_crop_01.jpg,bg_to_strip_inclusion,2,3,556,259,1,3,6,TIND
tin_0731_04-10_crop_01.jpg,bg_to_strip_inclusion,3,2,555,263,1,2,6,TIND
tin_0731_04-10_crop_01.jpg,bg_to_strip_inclusion,4,2,557,303,1,2,6,TIND
tin_0731_04-10_crop_01.jpg,bg_to_strip_inclusion,6,20,531,307,7,13,6,TIND
tin_0731_04-10_crop_01.jpg,bg_to_strip_inclusion,10,3,562,324,1,3,6,TIND
tin_0731_04-10_crop_01.jpg,bg_to_strip_inclusion,12,2,541,327,2,1,6,TIND
tin_0731_04-10_crop_01.jpg,bg_to_strip_inclusion,13,2,553,335,2,1,6,TIND
tin_0731_04-17_crop_00.jpg,bg_to_strip_inclusion,1,12,358,229,3,6,5,TINB/TINC
tin_0731_04-17_crop_00.jpg,bg_to_strip_inclusion,3,16,348,479,9,3,6,TIND
tin_0731_04-17_crop_00.jpg,bg_to_strip_inclusion,4,4,58,886,3,2,6,TIND
tin_0731_04-17_crop_00.jpg,bg_to_strip_inclusion,5,39,59,893,10,8,6,TIND
tin_0731_04-17_crop_00.jpg,bg_to_strip_inclusion,7,2,64,906,1,2,6,TIND
tin_0731_04-17_crop_00.jpg,bg_to_strip_inclusion,8,17,65,909,3,14,6,TIND
tin_0731_04-22_crop_03.jpg,bg_to_strip_inclusion,1,2,194,668,2,1,5,TINB/TINC
tin_0731_04-22_crop_03.jpg,bg_to_strip_inclusion,2,4,198,668,3,4,5,TINB/TINC
tin_0731_04-22_crop_03.jpg,bg_to_strip_inclusion,3,2,201,673,1,2,5,TINB/TINC
tin_0731_04-22_crop_03.jpg,bg_to_strip_inclusion,5,3,203,697,1,3,5,TINB/TINC
tin_0731_04-22_crop_03.jpg,bg_to_strip_inclusion,6,3,202,705,1,3,5,TINB/TINC
tin_0731_04-22_crop_03.jpg,bg_to_strip_inclusion,7,3,201,713,1,3,5,TINB/TINC
tin_0731_04-22_crop_03.jpg,bg_to_strip_inclusion,8,2,192,719,1,2,5,TINB/TINC
tin_0731_04-22_crop_03.jpg,bg_to_strip_inclusion,9,2,200,721,1,2,5,TINB/TINC
tin_0731_04-22_crop_03.jpg,bg_to_strip_inclusion,12,2,198,731,1,2,5,TINB/TINC
tin_0731_04-22_crop_03.jpg,bg_to_strip_inclusion,13,3,191,733,1,3,5,TINB/TINC
tin_0731_04-22_crop_03.jpg,bg_to_strip_inclusion,15,126,189,742,8,34,5,TINB/TINC
tin_0731_04-22_crop_03.jpg,bg_to_strip_inclusion,16,45,167,795,8,26,5,TINB/TINC
tin_0731_04-22_crop_03.jpg,bg_to_strip_inclusion,17,2,174,822,1,2,5,TINB/TINC
tin_0731_04-22_crop_03.jpg,bg_to_strip_inclusion,18,14,166,825,3,11,5,TINB/TINC
tin_0731_04-22_crop_03.jpg,bg_to_strip_inclusion,19,10,207,861,5,4,5,TINB/TINC
tin_0731_04-22_crop_03.jpg,bg_to_strip_inclusion,20,3,200,873,1,3,5,TINB/TINC
tin_0731_04-22_crop_03.jpg,bg_to_strip_inclusion,26,2,206,887,1,2,5,TINB/TINC
tin_0731_04-22_crop_03.jpg,bg_to_strip_inclusion,28,9,208,893,7,5,5,TINB/TINC
tin_0731_04-25_crop_02.jpg,bg_to_strip_inclusion,1,124,300,68,12,12,6,TIND
tin_0731_04-25_crop_02.jpg,bg_to_strip_inclusion,3,13,763,199,5,11,6,TIND
tin_0731_04-25_crop_02.jpg,bg_to_strip_inclusion,4,2,762,211,1,2,6,TIND
tin_0731_04-29_crop_01.jpg,bg_to_strip_inclusion,1,2,285,429,1,2,6,TIND
tin_0731_04-29_crop_01.jpg,bg_to_strip_inclusion,4,28,375,623,6,28,5,TINB/TINC
tin_0731_04-29_crop_01.jpg,bg_to_strip_inclusion,8,45,377,642,8,30,5,TINB/TINC
tin_0731_04-29_crop_01.jpg,bg_to_strip_inclusion,9,2,374,652,1,2,5,TINB/TINC
tin_0731_04-29_crop_01.jpg,bg_to_strip_inclusion,13,21,375,675,4,13,5,TINB/TINC
tin_0731_04-29_crop_01.jpg,bg_to_strip_inclusion,15,2,367,689,1,2,5,TINB/TINC
tin_0731_04-29_crop_01.jpg,bg_to_strip_inclusion,17,4,382,704,1,4,5,TINB/TINC
tin_0731_04-29_crop_01.jpg,bg_to_strip_inclusion,19,11,376,727,3,8,5,TINB/TINC
tin_0731_04-29_crop_01.jpg,bg_to_strip_inclusion,20,48,364,735,5,33,5,TINB/TINC
tin_0731_04-29_crop_01.jpg,bg_to_strip_inclusion,21,4,371,752,2,4,5,TINB/TINC
tin_0731_04-29_crop_01.jpg,bg_to_strip_inclusion,22,6,370,760,1,6,5,TINB/TINC
tin_0731_04-29_crop_01.jpg,bg_to_strip_inclusion,23,4,369,773,1,4,5,TINB/TINC
tin_0731_04-29_crop_01.jpg,bg_to_strip_inclusion,24,40,352,835,4,30,5,TINB/TINC
tin_0731_04-29_crop_01.jpg,bg_to_strip_inclusion,25,6,362,853,1,6,5,TINB/TINC
tin_0731_04-30_crop_00.jpg,bg_to_strip_inclusion,2,9,759,508,1,9,6,TIND
tin_0731_04-30_crop_00.jpg,bg_to_strip_inclusion,3,3,760,518,1,3,6,TIND
tin_0731_04-30_crop_00.jpg,bg_to_strip_inclusion,4,2,761,522,1,2,6,TIND
tin_0731_05-01_crop_01.jpg,bg_to_strip_inclusion,1,3,876,36,3,2,6,TIND
tin_0731_05-01_crop_01.jpg,bg_to_strip_inclusion,2,3,879,43,1,3,6,TIND
tin_0731_05-01_crop_01.jpg,bg_to_strip_inclusion,3,2,885,64,2,2,6,TIND
tin_0731_05-01_crop_01.jpg,bg_to_strip_inclusion,5,2,883,73,2,1,6,TIND
tin_0731_05-01_crop_01.jpg,bg_to_strip_inclusion,6,18,871,293,10,10,6,TIND
tin_0731_05-01_crop_01.jpg,bg_to_strip_inclusion,7,103,878,307,15,13,6,TIND
tin_0731_05-01_crop_01.jpg,bg_to_strip_inclusion,8,5,979,728,1,5,5,TINB/TINC
tin_0731_05-01_crop_01.jpg,bg_to_strip_inclusion,9,129,1008,747,10,17,5,TINB/TINC
tin_0731_05-01_crop_01.jpg,bg_to_strip_inclusion,11,56,994,815,6,27,5,TINB/TINC
tin_0731_05-01_crop_01.jpg,bg_to_strip_inclusion,12,2,999,861,1,2,5,TINB/TINC
tin_0731_05-01_crop_01.jpg,bg_to_strip_inclusion,13,18,993,906,2,11,5,TINB/TINC
tin_0731_05-05_crop_00.jpg,bg_to_strip_inclusion,1,679,54,6,10,97,5,TINB/TINC
tin_0731_05-05_crop_00.jpg,bg_to_strip_inclusion,2,15,30,320,10,3,2,B
tin_0731_05-05_crop_00.jpg,bg_to_strip_inclusion,4,16,768,329,3,12,6,TIND
tin_0731_05-05_crop_00.jpg,bg_to_strip_inclusion,6,2,46,333,1,2,2,B
tin_0731_05-05_crop_00.jpg,bg_to_strip_inclusion,8,180,21,342,31,21,2,B
tin_0731_05-05_crop_00.jpg,bg_to_strip_inclusion,9,47,752,354,10,11,6,TIND
tin_0731_05-05_crop_00.jpg,bg_to_strip_inclusion,11,10,773,360,6,8,6,TIND
tin_0731_05-05_crop_00.jpg,bg_to_strip_inclusion,14,2,55,367,1,2,2,B
tin_0731_05-05_crop_00.jpg,bg_to_strip_inclusion,16,5,56,373,1,5,2,B
tin_0731_05-05_crop_00.jpg,bg_to_strip_inclusion,19,11,20,376,3,5,2,B
tin_0731_05-05_crop_00.jpg,bg_to_strip_inclusion,20,96,24,388,28,8,2,B
tin_0731_05-05_crop_01.jpg,bg_to_strip_inclusion,1,24,793,307,13,6,6,TIND
tin_0731_05-05_crop_01.jpg,bg_to_strip_inclusion,2,6,807,307,2,4,6,TIND
tin_0731_05-05_crop_01.jpg,bg_to_strip_inclusion,3,25,803,312,5,13,6,TIND
tin_0731_05-05_crop_01.jpg,bg_to_strip_inclusion,7,5,796,328,5,5,6,TIND
tin_0731_05-05_crop_01.jpg,bg_to_strip_inclusion,8,7,776,749,7,1,6,TIND
tin_0731_05-05_crop_01.jpg,bg_to_strip_inclusion,10,2,792,771,1,2,6,TIND
tin_0731_05-05_crop_01.jpg,bg_to_strip_inclusion,12,3,775,785,2,3,6,TIND
tin_0731_05-05_crop_01.jpg,bg_to_strip_inclusion,14,82,486,962,7,18,5,TINB/TINC
tin_0731_05-05_crop_01.jpg,bg_to_strip_inclusion,15,26,512,969,8,17,5,TINB/TINC
tin_0731_05-05_crop_01.jpg,bg_to_strip_inclusion,16,18,489,987,6,6,5,TINB/TINC
tin_0731_05-05_crop_01.jpg,bg_to_strip_inclusion,17,45,505,995,5,15,5,TINB/TINC
tin_0731_05-05_crop_01.jpg,bg_to_strip_inclusion,18,13,530,1003,7,3,6,TIND
tin_0731_05-05_crop_01.jpg,bg_to_strip_inclusion,19,41,516,1007,8,8,5,TINB/TINC
tin_0731_05-07_crop_01.jpg,bg_to_strip_inclusion,1,137,880,0,23,8,5,TINB/TINC
tin_0731_05-07_crop_01.jpg,bg_to_strip_inclusion,2,26,870,28,11,11,5,TINB/TINC
tin_0731_05-07_crop_01.jpg,bg_to_strip_inclusion,3,2,933,28,2,1,6,TIND
tin_0731_05-07_crop_01.jpg,bg_to_strip_inclusion,4,2,873,43,2,1,5,TINB/TINC
tin_0731_05-09_crop_01.jpg,bg_to_strip_inclusion,1,41,827,335,15,16,6,TIND
tin_0731_05-09_crop_02.jpg,bg_to_strip_inclusion,1,4,609,967,1,4,6,TIND
tin_0731_05-10_crop_01.jpg,bg_to_strip_inclusion,3,2,750,6,1,2,5,TINB/TINC
tin_0731_05-10_crop_01.jpg,bg_to_strip_inclusion,5,5,750,9,1,5,5,TINB/TINC
tin_0731_05-10_crop_01.jpg,bg_to_strip_inclusion,6,2,162,832,2,2,6,TIND
tin_0731_05-10_crop_01.jpg,bg_to_strip_inclusion,7,68,149,851,7,12,5,TINB/TINC
tin_0731_05-10_crop_01.jpg,bg_to_strip_inclusion,8,2,149,902,2,1,5,TINB/TINC
tin_0731_05-10_crop_01.jpg,bg_to_strip_inclusion,10,19,141,931,8,6,6,TIND
tin_0731_05-11_crop_00.jpg,bg_to_strip_inclusion,1,5,908,149,3,5,5,TINB/TINC
tin_0731_05-11_crop_00.jpg,bg_to_strip_inclusion,2,3,912,149,2,3,5,TINB/TINC
tin_0731_05-11_crop_00.jpg,bg_to_strip_inclusion,4,5,906,158,1,5,5,TINB/TINC
tin_0731_05-11_crop_00.jpg,bg_to_strip_inclusion,5,28,904,164,2,23,5,TINB/TINC
tin_0731_05-11_crop_00.jpg,bg_to_strip_inclusion,7,7,903,232,1,7,5,TINB/TINC
tin_0731_05-11_crop_00.jpg,bg_to_strip_inclusion,8,2,904,243,1,2,5,TINB/TINC
tin_0731_05-11_crop_00.jpg,bg_to_strip_inclusion,9,72,912,302,6,39,5,TINB/TINC
tin_0731_05-11_crop_00.jpg,bg_to_strip_inclusion,10,3,927,356,1,3,5,TINB/TINC
tin_0731_05-11_crop_00.jpg,bg_to_strip_inclusion,11,13,928,360,2,9,5,TINB/TINC
tin_0731_05-11_crop_00.jpg,bg_to_strip_inclusion,12,9,935,395,4,7,5,TINB/TINC
tin_0731_05-11_crop_00.jpg,bg_to_strip_inclusion,13,124,936,403,8,58,5,TINB/TINC
tin_0731_05-11_crop_00.jpg,bg_to_strip_inclusion,14,14,926,407,2,13,5,TINB/TINC
tin_0731_05-11_crop_00.jpg,bg_to_strip_inclusion,16,5,932,452,1,5,5,TINB/TINC
tin_0731_05-11_crop_00.jpg,bg_to_strip_inclusion,17,15,933,465,7,8,5,TINB/TINC
tin_0731_05-11_crop_00.jpg,bg_to_strip_inclusion,18,122,944,470,15,28,5,TINB/TINC
tin_0731_05-11_crop_00.jpg,bg_to_strip_inclusion,19,15,948,505,2,15,5,TINB/TINC
tin_0731_05-11_crop_00.jpg,bg_to_strip_inclusion,21,5,947,804,5,3,6,TIND
tin_0731_05-11_crop_00.jpg,bg_to_strip_inclusion,22,23,940,806,13,11,6,TIND
tin_0731_05-13_crop_01.jpg,bg_to_strip_inclusion,1,12,53,86,5,7,5,TINB/TINC
tin_0731_05-13_crop_01.jpg,bg_to_strip_inclusion,2,2,52,94,1,2,5,TINB/TINC
tin_0731_05-13_crop_01.jpg,bg_to_strip_inclusion,3,19,60,96,3,11,5,TINB/TINC
tin_0731_05-13_crop_01.jpg,bg_to_strip_inclusion,4,12,53,122,2,11,5,TINB/TINC
tin_0731_05-13_crop_01.jpg,bg_to_strip_inclusion,6,10,59,126,2,10,5,TINB/TINC
tin_0731_05-13_crop_01.jpg,bg_to_strip_inclusion,7,115,48,134,6,45,5,TINB/TINC
tin_0731_05-13_crop_01.jpg,bg_to_strip_inclusion,8,4,59,146,1,4,5,TINB/TINC
tin_0731_05-20_crop_00.jpg,bg_to_strip_inclusion,1,161,819,0,8,69,5,TINB/TINC
tin_0731_05-20_crop_00.jpg,bg_to_strip_inclusion,2,36,831,73,1,36,5,TINB/TINC
tin_0731_05-20_crop_00.jpg,bg_to_strip_inclusion,3,2,824,128,1,2,5,TINB/TINC
tin_0731_05-20_crop_00.jpg,bg_to_strip_inclusion,4,4,825,133,1,4,5,TINB/TINC
tin_0731_05-20_crop_00.jpg,bg_to_strip_inclusion,5,100,826,139,8,70,5,TINB/TINC
tin_0731_05-20_crop_00.jpg,bg_to_strip_inclusion,6,2,836,146,1,2,5,TINB/TINC
tin_0731_05-20_crop_00.jpg,bg_to_strip_inclusion,7,12,837,154,1,12,5,TINB/TINC
tin_0731_05-20_crop_00.jpg,bg_to_strip_inclusion,8,62,841,210,4,47,5,TINB/TINC
tin_0731_05-20_crop_00.jpg,bg_to_strip_inclusion,9,3,834,212,1,3,5,TINB/TINC
tin_0731_05-20_crop_00.jpg,bg_to_strip_inclusion,10,2,838,260,1,2,5,TINB/TINC
tin_0731_05-20_crop_00.jpg,bg_to_strip_inclusion,11,5,845,261,1,5,5,TINB/TINC
tin_0731_05-20_crop_00.jpg,bg_to_strip_inclusion,12,2,846,270,1,2,5,TINB/TINC
tin_0731_05-20_crop_00.jpg,bg_to_strip_inclusion,13,66,847,274,7,38,5,TINB/TINC
tin_0731_05-20_crop_00.jpg,bg_to_strip_inclusion,15,2,848,335,1,2,5,TINB/TINC
tin_0731_05-20_crop_00.jpg,bg_to_strip_inclusion,17,9,900,339,3,7,5,TINB/TINC
tin_0731_05-20_crop_00.jpg,bg_to_strip_inclusion,18,41,900,340,17,22,6,TIND
tin_0731_05-20_crop_00.jpg,bg_to_strip_inclusion,19,2,899,347,1,2,5,TINB/TINC
tin_0731_05-20_crop_00.jpg,bg_to_strip_inclusion,21,2,897,352,1,2,5,TINB/TINC
tin_0731_05-20_crop_00.jpg,bg_to_strip_inclusion,22,4,895,355,2,4,5,TINB/TINC
tin_0731_05-20_crop_00.jpg,bg_to_strip_inclusion,23,2,894,360,1,2,5,TINB/TINC
tin_0731_05-20_crop_00.jpg,bg_to_strip_inclusion,25,7,894,364,4,2,5,TINB/TINC
tin_0731_05-20_crop_00.jpg,bg_to_strip_inclusion,26,107,879,410,10,14,6,TIND
tin_0731_05-20_crop_00.jpg,bg_to_strip_inclusion,27,27,868,818,11,8,5,TINB/TINC
tin_0731_05-20_crop_00.jpg,bg_to_strip_inclusion,28,24,868,826,5,11,5,TINB/TINC
tin_0731_05-20_crop_00.jpg,bg_to_strip_inclusion,29,6,879,827,1,6,5,TINB/TINC
tin_0731_05-20_crop_00.jpg,bg_to_strip_inclusion,30,194,904,827,20,20,5,TINB/TINC
tin_0731_05-20_crop_00.jpg,bg_to_strip_inclusion,31,13,425,840,9,5,6,TIND
tin_0731_05-20_crop_00.jpg,bg_to_strip_inclusion,32,32,870,843,7,14,5,TINB/TINC
tin_0731_05-20_crop_00.jpg,bg_to_strip_inclusion,33,6,431,846,2,6,6,TIND
tin_0731_05-20_crop_00.jpg,bg_to_strip_inclusion,34,22,421,850,9,5,6,TIND
tin_0731_05-20_crop_00.jpg,bg_to_strip_inclusion,35,181,871,859,6,41,5,TINB/TINC
tin_0731_05-20_crop_00.jpg,bg_to_strip_inclusion,36,120,869,956,6,27,5,TINB/TINC
tin_0731_05-20_crop_00.jpg,bg_to_strip_inclusion,37,116,866,992,10,32,5,TINB/TINC
tin_0731_05-20_crop_00.jpg,bg_to_strip_inclusion,38,6,867,1003,1,6,5,TINB/TINC
tin_0731_05-20_crop_00.jpg,bg_to_strip_inclusion,39,9,961,1008,7,5,5,TINB/TINC
tin_0731_05-20_crop_00.jpg,bg_to_strip_inclusion,40,8,969,1008,3,5,5,TINB/TINC
tin_0731_05-20_crop_00.jpg,bg_to_strip_inclusion,41,3,866,1011,1,3,5,TINB/TINC
tin_0731_05-20_crop_00.jpg,bg_to_strip_inclusion,42,10,963,1015,8,5,5,TINB/TINC
tin_0731_05-22_crop_01.jpg,bg_to_strip_inclusion,1,104,88,0,7,17,5,TINB/TINC
tin_0731_05-22_crop_01.jpg,bg_to_strip_inclusion,2,62,121,45,17,22,5,TINB/TINC
tin_0731_05-22_crop_01.jpg,bg_to_strip_inclusion,5,5,128,72,3,5,5,TINB/TINC
tin_0731_05-22_crop_01.jpg,bg_to_strip_inclusion,6,272,153,372,14,65,5,TINB/TINC
tin_0731_05-22_crop_01.jpg,bg_to_strip_inclusion,7,326,115,552,16,54,5,TINB/TINC
tin_0731_05-22_crop_01.jpg,bg_to_strip_inclusion,8,5,119,610,5,3,5,TINB/TINC
tin_0731_05-22_crop_01.jpg,bg_to_strip_inclusion,9,6,125,610,5,3,5,TINB/TINC
tin_0731_05-22_crop_01.jpg,bg_to_strip_inclusion,10,64,85,629,12,18,5,TINB/TINC
tin_0731_05-22_crop_01.jpg,bg_to_strip_inclusion,11,31,84,641,5,11,5,TINB/TINC
tin_0731_05-22_crop_01.jpg,bg_to_strip_inclusion,12,522,86,659,11,96,5,TINB/TINC
tin_0731_05-23_crop_00.jpg,bg_to_strip_inclusion,1,104,387,0,16,22,5,TINB/TINC
tin_0731_05-23_crop_00.jpg,bg_to_strip_inclusion,2,7,399,25,1,7,5,TINB/TINC
tin_0731_05-23_crop_00.jpg,bg_to_strip_inclusion,3,2,389,27,1,2,5,TINB/TINC
tin_0731_05-23_crop_00.jpg,bg_to_strip_inclusion,4,33,389,39,6,12,5,TINB/TINC
tin_0731_05-23_crop_00.jpg,bg_to_strip_inclusion,5,32,388,65,5,8,5,TINB/TINC
tin_0731_05-23_crop_00.jpg,bg_to_strip_inclusion,6,95,379,84,10,13,6,TIND
tin_0731_05-23_crop_00.jpg,bg_to_strip_inclusion,7,92,1006,642,16,21,6,TIND
tin_0731_05-23_crop_00.jpg,bg_to_strip_inclusion,8,2,1012,664,2,1,6,TIND
tin_0731_05-23_crop_00.jpg,bg_to_strip_inclusion,9,20,678,797,5,6,5,TINB/TINC
tin_0731_05-23_crop_00.jpg,bg_to_strip_inclusion,10,21,676,812,2,11,5,TINB/TINC
tin_0731_05-23_crop_00.jpg,bg_to_strip_inclusion,11,105,673,868,12,38,5,TINB/TINC
tin_0731_05-23_crop_00.jpg,bg_to_strip_inclusion,14,10,673,882,2,9,5,TINB/TINC
tin_0731_05-23_crop_00.jpg,bg_to_strip_inclusion,15,6,673,896,1,6,5,TINB/TINC
tin_0731_05-23_crop_00.jpg,bg_to_strip_inclusion,16,519,675,927,10,68,5,TINB/TINC
tin_0731_05-25_crop_00.jpg,bg_to_strip_inclusion,1,5,870,83,1,5,5,TINB/TINC
tin_0731_05-25_crop_00.jpg,bg_to_strip_inclusion,2,17,876,82,1,17,5,TINB/TINC
tin_0731_05-25_crop_00.jpg,bg_to_strip_inclusion,3,12,870,96,1,12,5,TINB/TINC
tin_0731_05-25_crop_00.jpg,bg_to_strip_inclusion,5,76,562,296,7,35,6,TIND
tin_0731_05-25_crop_00.jpg,bg_to_strip_inclusion,6,15,570,297,5,15,6,TIND
tin_0731_05-25_crop_00.jpg,bg_to_strip_inclusion,7,7,572,327,7,4,6,TIND
tin_0731_05-25_crop_00.jpg,bg_to_strip_inclusion,11,64,155,636,14,11,6,TIND
tin_0731_05-25_crop_00.jpg,bg_to_strip_inclusion,13,3,146,658,3,3,6,TIND
tin_0731_05-25_crop_00.jpg,bg_to_strip_inclusion,15,13,144,666,5,5,5,TINB/TINC
tin_0731_05-25_crop_00.jpg,bg_to_strip_inclusion,17,463,118,828,19,80,5,TINB/TINC
tin_0731_05-25_crop_00.jpg,bg_to_strip_inclusion,18,3,137,837,1,3,5,TINB/TINC
tin_0731_05-25_crop_00.jpg,bg_to_strip_inclusion,19,30,138,842,3,19,5,TINB/TINC
tin_0731_05-25_crop_00.jpg,bg_to_strip_inclusion,20,72,159,971,6,21,5,TINB/TINC
tin_0731_05-25_crop_00.jpg,bg_to_strip_inclusion,22,4,164,1002,3,4,6,TIND
tin_0731_05-25_crop_00.jpg,bg_to_strip_inclusion,23,9,157,1008,4,6,6,TIND
tin_0731_05-27_crop_02.jpg,bg_to_strip_inclusion,1,143,12,994,9,27,5,TINB/TINC
tin_0731_05-31_crop_01.jpg,bg_to_strip_inclusion,1,26,909,456,10,14,6,TIND
tin_0731_05-31_crop_01.jpg,bg_to_strip_inclusion,2,28,895,461,9,13,6,TIND
tin_0731_06-01_crop_01.jpg,bg_to_strip_inclusion,1,5,352,987,5,1,6,TIND
tin_0731_06-01_crop_01.jpg,bg_to_strip_inclusion,2,2,350,990,1,2,6,TIND
tin_0731_06-01_crop_01.jpg,bg_to_strip_inclusion,4,11,352,996,4,11,6,TIND
tin_0731_06-03_crop_00.jpg,bg_to_strip_inclusion,2,33,904,32,10,13,6,TIND
tin_0731_06-03_crop_00.jpg,bg_to_strip_inclusion,4,8,699,424,4,5,5,TINB/TINC
tin_0731_06-03_crop_00.jpg,bg_to_strip_inclusion,6,11,705,547,3,11,5,TINB/TINC
tin_0731_06-03_crop_00.jpg,bg_to_strip_inclusion,7,9,708,559,2,8,5,TINB/TINC
tin_0731_06-03_crop_00.jpg,bg_to_strip_inclusion,8,25,710,569,4,19,5,TINB/TINC
tin_0731_06-03_crop_00.jpg,bg_to_strip_inclusion,9,4,726,596,3,3,5,TINB/TINC
tin_0731_06-03_crop_00.jpg,bg_to_strip_inclusion,12,12,728,620,7,10,5,TINB/TINC
tin_0731_06-03_crop_00.jpg,bg_to_strip_inclusion,14,121,740,654,12,53,5,TINB/TINC
tin_0731_06-05_crop_01.jpg,bg_to_strip_inclusion,1,146,315,29,9,22,5,TINB/TINC
tin_0731_06-05_crop_01.jpg,bg_to_strip_inclusion,3,6,310,53,4,6,5,TINB/TINC
tin_0731_06-05_crop_01.jpg,bg_to_strip_inclusion,6,3,316,61,3,3,5,TINB/TINC
tin_0731_06-05_crop_01.jpg,bg_to_strip_inclusion,8,3,313,65,3,3,5,TINB/TINC
tin_0731_06-05_crop_01.jpg,bg_to_strip_inclusion,9,18,295,67,10,14,5,TINB/TINC
tin_0731_06-05_crop_01.jpg,bg_to_strip_inclusion,10,4,308,70,4,4,5,TINB/TINC
tin_0731_06-05_crop_01.jpg,bg_to_strip_inclusion,11,4,303,76,4,4,5,TINB/TINC
tin_0731_06-05_crop_01.jpg,bg_to_strip_inclusion,12,6,295,82,4,3,5,TINB/TINC
tin_0731_06-05_crop_01.jpg,bg_to_strip_inclusion,14,132,919,287,8,51,5,TINB/TINC
tin_0731_06-05_crop_01.jpg,bg_to_strip_inclusion,15,491,903,353,13,73,5,TINB/TINC
tin_0731_06-05_crop_01.jpg,bg_to_strip_inclusion,16,80,918,435,6,36,5,TINB/TINC
tin_0731_06-05_crop_01.jpg,bg_to_strip_inclusion,19,26,900,466,6,11,5,TINB/TINC
tin_0731_06-05_crop_01.jpg,bg_to_strip_inclusion,20,69,901,486,9,45,5,TINB/TINC
tin_0731_06-05_crop_01.jpg,bg_to_strip_inclusion,21,14,921,492,3,9,5,TINB/TINC
tin_0731_06-05_crop_01.jpg,bg_to_strip_inclusion,22,33,801,496,8,19,5,TINB/TINC
tin_0731_06-05_crop_01.jpg,bg_to_strip_inclusion,23,3,798,508,1,3,5,TINB/TINC
tin_0731_06-05_crop_01.jpg,bg_to_strip_inclusion,24,6,797,512,1,6,5,TINB/TINC
tin_0731_06-05_crop_01.jpg,bg_to_strip_inclusion,25,3,798,519,1,3,5,TINB/TINC
tin_0731_06-05_crop_01.jpg,bg_to_strip_inclusion,26,7,900,536,1,7,5,TINB/TINC
tin_0731_06-05_crop_01.jpg,bg_to_strip_inclusion,27,15,801,544,1,15,5,TINB/TINC
tin_0731_06-05_crop_01.jpg,bg_to_strip_inclusion,29,4,899,552,1,4,5,TINB/TINC
tin_0731_06-05_crop_01.jpg,bg_to_strip_inclusion,30,72,887,557,12,23,5,TINB/TINC
tin_0731_06-05_crop_01.jpg,bg_to_strip_inclusion,31,68,809,562,5,25,5,TINB/TINC
tin_0731_06-05_crop_01.jpg,bg_to_strip_inclusion,34,48,794,594,6,33,5,TINB/TINC
tin_0731_06-05_crop_01.jpg,bg_to_strip_inclusion,37,31,793,628,8,13,5,TINB/TINC
tin_0731_06-05_crop_01.jpg,bg_to_strip_inclusion,38,90,864,629,8,55,5,TINB/TINC
tin_0731_06-05_crop_01.jpg,bg_to_strip_inclusion,40,2,863,719,1,2,5,TINB/TINC
tin_0731_06-05_crop_01.jpg,bg_to_strip_inclusion,41,4,862,726,1,4,5,TINB/TINC
tin_0731_06-05_crop_01.jpg,bg_to_strip_inclusion,42,3,860,737,1,3,5,TINB/TINC
tin_0731_06-05_crop_01.jpg,bg_to_strip_inclusion,44,7,866,739,1,7,5,TINB/TINC
tin_0731_06-05_crop_01.jpg,bg_to_strip_inclusion,45,4,859,744,1,4,5,TINB/TINC
tin_0731_06-05_crop_01.jpg,bg_to_strip_inclusion,47,6,856,760,1,6,5,TINB/TINC
tin_0731_06-05_crop_01.jpg,bg_to_strip_inclusion,48,23,853,770,3,23,5,TINB/TINC
tin_0731_06-05_crop_01.jpg,bg_to_strip_inclusion,49,3,861,790,1,3,5,TINB/TINC
tin_0731_06-05_crop_01.jpg,bg_to_strip_inclusion,50,12,860,797,1,12,5,TINB/TINC
tin_0731_06-05_crop_01.jpg,bg_to_strip_inclusion,52,4,851,805,1,4,5,TINB/TINC
tin_0731_06-08_crop_00.jpg,bg_to_strip_inclusion,1,30,457,2,7,14,5,TINB/TINC
tin_0731_06-08_crop_00.jpg,bg_to_strip_inclusion,3,8,560,176,2,7,5,TINB/TINC
tin_0731_06-08_crop_00.jpg,bg_to_strip_inclusion,4,3,459,231,2,3,5,TINB/TINC
tin_0731_06-08_crop_00.jpg,bg_to_strip_inclusion,5,20,476,247,3,11,5,TINB/TINC
tin_0731_06-08_crop_00.jpg,bg_to_strip_inclusion,6,3,479,259,1,3,5,TINB/TINC
tin_0731_06-08_crop_00.jpg,bg_to_strip_inclusion,8,3,480,300,1,3,5,TINB/TINC
tin_0731_06-08_crop_00.jpg,bg_to_strip_inclusion,10,3,556,368,1,3,5,TINB/TINC
tin_0731_06-08_crop_00.jpg,bg_to_strip_inclusion,11,117,544,372,12,45,5,TINB/TINC
tin_0731_06-08_crop_00.jpg,bg_to_strip_inclusion,12,11,550,418,6,7,5,TINB/TINC
tin_0731_06-08_crop_00.jpg,bg_to_strip_inclusion,13,2,549,426,1,2,5,TINB/TINC
tin_0731_06-08_crop_00.jpg,bg_to_strip_inclusion,15,3,538,444,1,3,5,TINB/TINC
tin_0731_06-08_crop_00.jpg,bg_to_strip_inclusion,16,146,532,451,6,62,5,TINB/TINC
tin_0731_06-08_crop_00.jpg,bg_to_strip_inclusion,18,2,530,518,1,2,5,TINB/TINC
tin_0731_06-08_crop_00.jpg,bg_to_strip_inclusion,19,23,530,536,8,11,5,TINB/TINC
tin_0731_06-08_crop_00.jpg,bg_to_strip_inclusion,20,105,508,538,15,30,5,TINB/TINC
tin_0731_06-08_crop_00.jpg,bg_to_strip_inclusion,21,6,508,575,1,6,5,TINB/TINC
tin_0731_06-08_crop_00.jpg,bg_to_strip_inclusion,22,2,516,578,1,2,5,TINB/TINC
tin_0731_06-08_crop_00.jpg,bg_to_strip_inclusion,23,3,509,586,1,3,5,TINB/TINC
tin_0731_06-08_crop_00.jpg,bg_to_strip_inclusion,24,2,510,597,1,2,5,TINB/TINC
tin_0731_06-08_crop_00.jpg,bg_to_strip_inclusion,26,6,513,629,1,6,5,TINB/TINC
tin_0731_06-08_crop_00.jpg,bg_to_strip_inclusion,27,205,496,643,20,30,5,TINB/TINC
tin_0731_06-08_crop_00.jpg,bg_to_strip_inclusion,28,97,516,676,6,58,5,TINB/TINC
tin_0731_06-08_crop_00.jpg,bg_to_strip_inclusion,29,7,526,738,1,7,5,TINB/TINC
tin_0731_06-08_crop_00.jpg,bg_to_strip_inclusion,30,5,519,744,1,5,5,TINB/TINC
tin_0731_06-08_crop_00.jpg,bg_to_strip_inclusion,31,160,521,746,5,92,5,TINB/TINC
tin_0731_06-08_crop_00.jpg,bg_to_strip_inclusion,32,84,516,756,3,65,5,TINB/TINC
tin_0731_06-08_crop_00.jpg,bg_to_strip_inclusion,33,132,413,808,10,23,5,TINB/TINC
tin_0731_06-08_crop_00.jpg,bg_to_strip_inclusion,34,3,424,833,2,3,5,TINB/TINC
tin_0731_06-08_crop_00.jpg,bg_to_strip_inclusion,36,2,420,837,2,1,5,TINB/TINC
tin_0731_06-08_crop_00.jpg,bg_to_strip_inclusion,37,123,519,856,8,38,5,TINB/TINC
tin_0731_06-08_crop_00.jpg,bg_to_strip_inclusion,38,2,510,903,2,2,5,TINB/TINC
tin_0731_06-08_crop_00.jpg,bg_to_strip_inclusion,39,2,513,905,2,2,5,TINB/TINC
tin_0731_06-08_crop_00.jpg,bg_to_strip_inclusion,40,2,517,914,1,2,5,TINB/TINC
tin_0731_06-08_crop_00.jpg,bg_to_strip_inclusion,42,25,520,919,8,9,5,TINB/TINC
tin_0731_06-08_crop_00.jpg,bg_to_strip_inclusion,43,9,453,962,6,4,5,TINB/TINC
tin_0731_06-08_crop_00.jpg,bg_to_strip_inclusion,45,2,452,975,1,2,5,TINB/TINC
tin_0731_06-08_crop_00.jpg,bg_to_strip_inclusion,46,229,453,978,10,43,5,TINB/TINC
tin_0731_06-09_crop_01.jpg,bg_to_strip_inclusion,1,5,510,140,5,1,6,TIND
tin_0731_06-09_crop_01.jpg,bg_to_strip_inclusion,3,3,518,145,1,3,6,TIND
tin_0731_06-09_crop_01.jpg,bg_to_strip_inclusion,4,7,515,150,4,4,6,TIND
tin_0731_06-09_crop_01.jpg,bg_to_strip_inclusion,5,12,745,302,6,8,6,TIND
tin_0731_06-10_crop_01.jpg,bg_to_strip_inclusion,1,24,218,33,11,7,5,TINB/TINC
tin_0731_06-10_crop_01.jpg,bg_to_strip_inclusion,2,133,216,41,6,58,5,TINB/TINC
tin_0731_06-10_crop_01.jpg,bg_to_strip_inclusion,3,62,219,100,6,28,5,TINB/TINC
tin_0731_06-10_crop_01.jpg,bg_to_strip_inclusion,4,54,759,130,8,8,6,TIND
tin_0731_06-10_crop_01.jpg,bg_to_strip_inclusion,5,2,185,281,1,2,5,TINB/TINC
tin_0731_06-10_crop_01.jpg,bg_to_strip_inclusion,6,11,182,284,3,11,5,TINB/TINC
tin_0731_06-10_crop_01.jpg,bg_to_strip_inclusion,7,11,181,304,1,11,5,TINB/TINC
tin_0731_06-10_crop_01.jpg,bg_to_strip_inclusion,8,5,187,327,1,5,5,TINB/TINC
tin_0731_06-10_crop_01.jpg,bg_to_strip_inclusion,9,5,180,328,1,5,5,TINB/TINC
tin_0731_06-10_crop_01.jpg,bg_to_strip_inclusion,10,5,179,340,1,5,5,TINB/TINC
tin_0731_06-10_crop_01.jpg,bg_to_strip_inclusion,12,3,178,346,1,3,5,TINB/TINC
tin_0731_06-10_crop_01.jpg,bg_to_strip_inclusion,13,3,177,352,1,3,5,TINB/TINC
tin_0731_06-10_crop_01.jpg,bg_to_strip_inclusion,14,3,176,366,1,3,5,TINB/TINC
tin_0731_06-10_crop_01.jpg,bg_to_strip_inclusion,15,3,175,387,1,3,5,TINB/TINC
tin_0731_06-10_crop_01.jpg,bg_to_strip_inclusion,16,40,172,394,3,25,5,TINB/TINC
tin_0731_06-10_crop_01.jpg,bg_to_strip_inclusion,17,14,168,423,4,13,5,TINB/TINC
tin_0731_06-10_crop_01.jpg,bg_to_strip_inclusion,18,3,180,436,1,3,5,TINB/TINC
tin_0731_06-10_crop_01.jpg,bg_to_strip_inclusion,19,7,153,456,6,4,5,TINB/TINC
tin_0731_06-10_crop_01.jpg,bg_to_strip_inclusion,21,2,172,466,1,2,5,TINB/TINC
tin_0731_06-10_crop_01.jpg,bg_to_strip_inclusion,22,26,167,469,5,19,5,TINB/TINC
tin_0731_06-10_crop_01.jpg,bg_to_strip_inclusion,23,52,148,472,8,34,5,TINB/TINC
tin_0731_06-10_crop_01.jpg,bg_to_strip_inclusion,24,3,147,507,1,3,5,TINB/TINC
tin_0731_06-10_crop_01.jpg,bg_to_strip_inclusion,26,25,151,524,4,14,5,TINB/TINC
tin_0731_06-10_crop_01.jpg,bg_to_strip_inclusion,27,8,171,524,5,7,5,TINB/TINC
tin_0731_06-10_crop_01.jpg,bg_to_strip_inclusion,28,5,170,543,3,5,5,TINB/TINC
tin_0731_06-10_crop_01.jpg,bg_to_strip_inclusion,29,2,169,549,1,2,5,TINB/TINC
tin_0731_06-16_crop_01.jpg,bg_to_strip_inclusion,1,50,829,454,10,12,5,TINB/TINC
tin_0731_06-16_crop_01.jpg,bg_to_strip_inclusion,2,89,830,468,7,50,5,TINB/TINC
tin_0731_06-16_crop_01.jpg,bg_to_strip_inclusion,3,26,834,543,5,14,5,TINB/TINC
tin_0731_06-16_crop_01.jpg,bg_to_strip_inclusion,4,50,834,559,4,34,5,TINB/TINC
tin_0731_06-16_crop_01.jpg,bg_to_strip_inclusion,5,7,835,600,1,7,5,TINB/TINC
tin_0731_06-16_crop_01.jpg,bg_to_strip_inclusion,6,97,833,609,4,67,5,TINB/TINC
tin_0731_06-16_crop_01.jpg,bg_to_strip_inclusion,7,44,839,634,4,27,5,TINB/TINC
tin_0731_06-16_crop_01.jpg,bg_to_strip_inclusion,10,75,844,700,12,39,5,TINB/TINC
tin_0731_06-16_crop_01.jpg,bg_to_strip_inclusion,12,2,856,740,1,2,5,TINB/TINC
tin_0731_06-16_crop_01.jpg,bg_to_strip_inclusion,13,66,863,742,6,35,5,TINB/TINC
tin_0731_06-16_crop_01.jpg,bg_to_strip_inclusion,14,54,862,772,3,29,5,TINB/TINC
tin_0731_06-16_crop_01.jpg,bg_to_strip_inclusion,15,3,870,793,1,3,5,TINB/TINC
tin_0731_06-16_crop_01.jpg,bg_to_strip_inclusion,16,2,871,797,1,2,5,TINB/TINC
tin_0731_06-16_crop_01.jpg,bg_to_strip_inclusion,19,2,874,805,1,2,5,TINB/TINC
tin_0731_06-16_crop_01.jpg,bg_to_strip_inclusion,20,5,864,807,1,5,5,TINB/TINC
tin_0731_06-16_crop_01.jpg,bg_to_strip_inclusion,23,4,876,811,1,4,5,TINB/TINC
tin_0731_06-16_crop_01.jpg,bg_to_strip_inclusion,24,27,865,813,7,19,5,TINB/TINC
tin_0731_06-16_crop_01.jpg,bg_to_strip_inclusion,25,4,877,822,1,4,5,TINB/TINC
tin_0731_06-16_crop_01.jpg,bg_to_strip_inclusion,26,8,510,945,6,4,5,TINB/TINC
tin_0731_06-16_crop_01.jpg,bg_to_strip_inclusion,27,11,916,984,7,3,5,TINB/TINC
tin_0731_06-16_crop_01.jpg,bg_to_strip_inclusion,28,4,908,1002,4,2,5,TINB/TINC
tin_0731_06-16_crop_01.jpg,bg_to_strip_inclusion,29,13,901,1009,4,5,5,TINB/TINC
tin_0731_06-16_crop_01.jpg,bg_to_strip_inclusion,30,3,912,1013,3,3,5,TINB/TINC
tin_0731_06-17_crop_00.jpg,bg_to_strip_inclusion,1,33,46,578,7,16,5,TINB/TINC
tin_0731_06-17_crop_00.jpg,bg_to_strip_inclusion,3,14,45,590,3,11,5,TINB/TINC
tin_0731_06-17_crop_00.jpg,bg_to_strip_inclusion,4,2,52,596,1,2,5,TINB/TINC
tin_0731_06-17_crop_00.jpg,bg_to_strip_inclusion,5,4,48,603,1,4,5,TINB/TINC
tin_0731_06-17_crop_00.jpg,bg_to_strip_inclusion,6,7,48,611,2,6,5,TINB/TINC
tin_0731_06-17_crop_00.jpg,bg_to_strip_inclusion,8,10,49,619,1,10,5,TINB/TINC
tin_0731_06-17_crop_00.jpg,bg_to_strip_inclusion,9,7,54,624,1,7,5,TINB/TINC
tin_0731_06-17_crop_00.jpg,bg_to_strip_inclusion,10,6,50,630,1,6,5,TINB/TINC
tin_0731_06-17_crop_00.jpg,bg_to_strip_inclusion,11,11,55,634,1,11,5,TINB/TINC
tin_0731_06-17_crop_00.jpg,bg_to_strip_inclusion,12,45,56,659,5,23,5,TINB/TINC
tin_0731_06-17_crop_00.jpg,bg_to_strip_inclusion,13,349,48,673,7,137,5,TINB/TINC
tin_0731_06-17_crop_00.jpg,bg_to_strip_inclusion,14,17,55,764,2,14,5,TINB/TINC
tin_0731_06-17_crop_00.jpg,bg_to_strip_inclusion,15,4,57,779,1,4,5,TINB/TINC
tin_0731_06-17_crop_00.jpg,bg_to_strip_inclusion,16,187,62,827,12,49,5,TINB/TINC
tin_0731_06-17_crop_00.jpg,bg_to_strip_inclusion,17,25,81,879,4,23,5,TINB/TINC
tin_0731_06-17_crop_00.jpg,bg_to_strip_inclusion,18,23,78,905,2,19,5,TINB/TINC
tin_0731_06-17_crop_00.jpg,bg_to_strip_inclusion,19,2,85,908,1,2,5,TINB/TINC
tin_0731_06-17_crop_00.jpg,bg_to_strip_inclusion,27,4,93,935,1,4,5,TINB/TINC
tin_0731_06-17_crop_00.jpg,bg_to_strip_inclusion,28,6,82,940,1,6,5,TINB/TINC
tin_0731_06-17_crop_00.jpg,bg_to_strip_inclusion,29,6,94,941,1,6,5,TINB/TINC
tin_0731_06-19_crop_02.jpg,bg_to_strip_inclusion,1,29,731,64,7,25,6,TIND
tin_0731_06-19_crop_02.jpg,bg_to_strip_inclusion,2,2,729,90,2,2,6,TIND
tin_0731_06-19_crop_02.jpg,bg_to_strip_inclusion,3,6,726,101,3,5,6,TIND
tin_0731_06-19_crop_02.jpg,bg_to_strip_inclusion,5,137,672,684,10,27,6,TIND
tin_0731_06-20_crop_01.jpg,bg_to_strip_inclusion,3,12,76,849,4,8,6,TIND
tin_0731_06-20_crop_01.jpg,bg_to_strip_inclusion,6,5,48,858,1,5,5,TINB/TINC
tin_0731_06-20_crop_01.jpg,bg_to_strip_inclusion,7,8,48,872,1,8,5,TINB/TINC
tin_0731_06-20_crop_01.jpg,bg_to_strip_inclusion,8,280,48,887,9,42,5,TINB/TINC
tin_0731_06-20_crop_01.jpg,bg_to_strip_inclusion,10,9,46,937,1,9,5,TINB/TINC
tin_0731_06-21_crop_01.jpg,bg_to_strip_inclusion,4,3,658,166,1,3,5,TINB/TINC
tin_0731_06-21_crop_01.jpg,bg_to_strip_inclusion,5,4,659,171,1,4,5,TINB/TINC
tin_0731_06-21_crop_01.jpg,bg_to_strip_inclusion,6,2,660,180,1,2,5,TINB/TINC
tin_0731_06-21_crop_01.jpg,bg_to_strip_inclusion,7,12,661,185,5,3,5,TINB/TINC
tin_0731_06-21_crop_01.jpg,bg_to_strip_inclusion,8,17,659,507,6,7,5,TINB/TINC
tin_0731_06-24_crop_01.jpg,bg_to_strip_inclusion,1,2,100,595,2,1,6,TIND
tin_0731_06-27_crop_01.jpg,bg_to_strip_inclusion,1,25,758,8,2,18,5,TINB/TINC
tin_0731_06-27_crop_01.jpg,bg_to_strip_inclusion,2,2,764,9,1,2,5,TINB/TINC
tin_0731_06-27_crop_01.jpg,bg_to_strip_inclusion,3,8,764,21,1,8,5,TINB/TINC
tin_0731_06-27_crop_01.jpg,bg_to_strip_inclusion,4,169,758,30,7,70,5,TINB/TINC
tin_0731_06-27_crop_01.jpg,bg_to_strip_inclusion,6,24,768,93,3,16,5,TINB/TINC
tin_0731_06-27_crop_01.jpg,bg_to_strip_inclusion,7,91,763,106,7,47,5,TINB/TINC
tin_0731_06-27_crop_01.jpg,bg_to_strip_inclusion,8,3,771,110,1,3,5,TINB/TINC
tin_0731_06-27_crop_01.jpg,bg_to_strip_inclusion,9,2,772,115,1,2,5,TINB/TINC
tin_0731_06-27_crop_01.jpg,bg_to_strip_inclusion,11,3,775,156,1,3,5,TINB/TINC
tin_0731_06-27_crop_01.jpg,bg_to_strip_inclusion,12,2,1011,501,2,2,6,TIND
tin_0731_06-27_crop_01.jpg,bg_to_strip_inclusion,13,12,1004,502,4,8,6,TIND
tin_0731_06-27_crop_01.jpg,bg_to_strip_inclusion,14,6,31,797,3,4,6,TIND
tin_0731_06-27_crop_01.jpg,bg_to_strip_inclusion,15,4,34,816,2,3,6,TIND
tin_0731_07-01_crop_00.jpg,bg_to_strip_inclusion,1,14,383,131,6,3,5,TINB/TINC
tin_0731_07-01_crop_00.jpg,bg_to_strip_inclusion,3,84,391,149,12,38,5,TINB/TINC
tin_0731_07-01_crop_00.jpg,bg_to_strip_inclusion,4,18,374,164,6,13,5,TINB/TINC
tin_0731_07-01_crop_00.jpg,bg_to_strip_inclusion,6,5,374,196,1,5,5,TINB/TINC
tin_0731_07-01_crop_00.jpg,bg_to_strip_inclusion,7,20,367,202,7,14,5,TINB/TINC
tin_0731_07-01_crop_00.jpg,bg_to_strip_inclusion,8,56,391,205,14,18,5,TINB/TINC
tin_0731_07-01_crop_00.jpg,bg_to_strip_inclusion,9,3,366,220,1,3,5,TINB/TINC
tin_0731_07-01_crop_00.jpg,bg_to_strip_inclusion,10,16,367,226,2,12,5,TINB/TINC
tin_0731_07-01_crop_00.jpg,bg_to_strip_inclusion,11,103,357,239,22,42,5,TINB/TINC
tin_0731_07-01_crop_00.jpg,bg_to_strip_inclusion,14,10,358,252,4,10,5,TINB/TINC
tin_0731_07-01_crop_00.jpg,bg_to_strip_inclusion,15,17,352,263,6,16,5,TINB/TINC
tin_0731_07-01_crop_00.jpg,bg_to_strip_inclusion,16,2,204,632,2,1,6,TIND
tin_0731_07-01_crop_00.jpg,bg_to_strip_inclusion,17,6,209,635,1,6,6,TIND
tin_0731_07-01_crop_00.jpg,bg_to_strip_inclusion,18,2,202,640,1,2,6,TIND
tin_0731_07-01_crop_00.jpg,bg_to_strip_inclusion,19,2,203,653,1,2,6,TIND
tin_0731_07-01_crop_00.jpg,bg_to_strip_inclusion,20,16,351,668,3,9,6,TIND
tin_0731_07-01_crop_00.jpg,bg_to_strip_inclusion,21,173,27,938,14,27,5,TINB/TINC
tin_0731_07-01_crop_00.jpg,bg_to_strip_inclusion,22,7,44,957,3,7,5,TINB/TINC
tin_0731_07-01_crop_00.jpg,bg_to_strip_inclusion,24,98,33,977,9,17,5,TINB/TINC
tin_0731_07-01_crop_00.jpg,bg_to_strip_inclusion,25,163,25,1000,11,24,5,TINB/TINC
tin_0731_07-03_crop_03.jpg,bg_to_strip_inclusion,1,308,122,742,20,37,5,TINB/TINC
tin_0731_07-03_crop_03.jpg,bg_to_strip_inclusion,2,17,132,983,8,10,5,TINB/TINC
tin_0731_07-03_crop_03.jpg,bg_to_strip_inclusion,3,18,131,986,2,17,5,TINB/TINC
tin_0731_07-03_crop_03.jpg,bg_to_strip_inclusion,4,2,140,999,1,2,5,TINB/TINC
tin_0731_07-03_crop_03.jpg,bg_to_strip_inclusion,5,3,141,1006,1,3,5,TINB/TINC
tin_0731_07-03_crop_03.jpg,bg_to_strip_inclusion,6,4,133,1009,1,4,5,TINB/TINC
tin_0731_07-03_crop_03.jpg,bg_to_strip_inclusion,7,7,142,1010,1,7,5,TINB/TINC
tin_0731_07-05_crop_00.jpg,bg_to_strip_inclusion,1,42,653,483,11,13,5,TINB/TINC
tin_0731_07-05_crop_00.jpg,bg_to_strip_inclusion,2,20,653,496,5,19,5,TINB/TINC
tin_0731_07-05_crop_00.jpg,bg_to_strip_inclusion,3,137,660,511,4,53,5,TINB/TINC
tin_0731_07-05_crop_00.jpg,bg_to_strip_inclusion,5,60,659,582,4,56,5,TINB/TINC
tin_0731_07-05_crop_00.jpg,bg_to_strip_inclusion,7,40,652,625,3,36,5,TINB/TINC
tin_0731_07-05_crop_00.jpg,bg_to_strip_inclusion,9,31,664,643,12,18,5,TINB/TINC
tin_0731_07-05_crop_00.jpg,bg_to_strip_inclusion,10,22,649,662,3,18,5,TINB/TINC
tin_0731_07-05_crop_00.jpg,bg_to_strip_inclusion,11,9,670,667,6,5,5,TINB/TINC
tin_0731_07-05_crop_00.jpg,bg_to_strip_inclusion,12,21,658,678,4,10,5,TINB/TINC
tin_0731_07-05_crop_00.jpg,bg_to_strip_inclusion,13,62,659,928,9,20,5,TINB/TINC
tin_0731_07-05_crop_00.jpg,bg_to_strip_inclusion,14,13,668,935,3,10,5,TINB/TINC
tin_0731_07-05_crop_02.jpg,bg_to_strip_inclusion,1,20,87,298,8,11,6,TIND
tin_0731_07-05_crop_02.jpg,bg_to_strip_inclusion,3,26,90,301,12,10,6,TIND
tin_0731_07-08_crop_01.jpg,bg_to_strip_inclusion,4,2,396,480,1,2,6,TIND
tin_0731_07-08_crop_01.jpg,bg_to_strip_inclusion,6,3,399,490,3,2,6,TIND
tin_0731_07-12_crop_00.jpg,bg_to_strip_inclusion,1,2,538,70,2,2,6,TIND
tin_0731_07-12_crop_00.jpg,bg_to_strip_inclusion,5,14,315,164,5,10,5,TINB/TINC
tin_0731_07-12_crop_00.jpg,bg_to_strip_inclusion,6,14,321,188,1,14,5,TINB/TINC
tin_0731_07-12_crop_00.jpg,bg_to_strip_inclusion,7,35,310,253,1,35,5,TINB/TINC
tin_0731_07-12_crop_00.jpg,bg_to_strip_inclusion,8,2,494,328,1,2,5,TINB/TINC
tin_0731_07-12_crop_00.jpg,bg_to_strip_inclusion,9,467,319,352,15,46,5,TINB/TINC
tin_0731_07-12_crop_00.jpg,bg_to_strip_inclusion,10,27,356,355,10,11,5,TINB/TINC
tin_0731_07-12_crop_00.jpg,bg_to_strip_inclusion,11,4,351,356,4,2,5,TINB/TINC
tin_0731_07-12_crop_00.jpg,bg_to_strip_inclusion,12,3,309,365,1,3,5,TINB/TINC
tin_0731_07-12_crop_00.jpg,bg_to_strip_inclusion,17,3,355,385,3,2,5,TINB/TINC
tin_0731_07-12_crop_00.jpg,bg_to_strip_inclusion,18,5,369,384,4,4,6,TIND
tin_0731_07-12_crop_00.jpg,bg_to_strip_inclusion,19,2,516,384,1,2,5,TINB/TINC
tin_0731_07-12_crop_00.jpg,bg_to_strip_inclusion,20,18,311,387,5,8,5,TINB/TINC
tin_0731_07-12_crop_00.jpg,bg_to_strip_inclusion,21,23,347,390,7,8,5,TINB/TINC
tin_0731_07-12_crop_00.jpg,bg_to_strip_inclusion,22,6,311,398,5,6,5,TINB/TINC
tin_0731_07-12_crop_00.jpg,bg_to_strip_inclusion,23,2,317,404,2,1,5,TINB/TINC
tin_0731_07-12_crop_00.jpg,bg_to_strip_inclusion,24,13,347,408,7,6,5,TINB/TINC
tin_0731_07-12_crop_00.jpg,bg_to_strip_inclusion,25,3,517,418,1,3,5,TINB/TINC
tin_0731_07-12_crop_00.jpg,bg_to_strip_inclusion,26,2,518,423,1,2,5,TINB/TINC
tin_0731_07-12_crop_00.jpg,bg_to_strip_inclusion,27,3,519,426,1,3,5,TINB/TINC
tin_0731_07-12_crop_00.jpg,bg_to_strip_inclusion,28,3,520,430,1,3,5,TINB/TINC
tin_0731_07-12_crop_00.jpg,bg_to_strip_inclusion,29,2,521,434,1,2,5,TINB/TINC
tin_0731_07-12_crop_00.jpg,bg_to_strip_inclusion,31,4,524,450,1,4,5,TINB/TINC
tin_0731_07-12_crop_00.jpg,bg_to_strip_inclusion,32,204,504,452,15,69,5,TINB/TINC
tin_0731_07-12_crop_00.jpg,bg_to_strip_inclusion,33,2,503,523,1,2,5,TINB/TINC
tin_0731_07-12_crop_00.jpg,bg_to_strip_inclusion,34,21,510,524,1,21,5,TINB/TINC
tin_0731_07-12_crop_00.jpg,bg_to_strip_inclusion,35,199,504,546,7,65,5,TINB/TINC
tin_0731_07-12_crop_00.jpg,bg_to_strip_inclusion,39,132,352,764,9,71,5,TINB/TINC
tin_0731_07-12_crop_00.jpg,bg_to_strip_inclusion,40,2,362,793,1,2,5,TINB/TINC
tin_0731_07-12_crop_00.jpg,bg_to_strip_inclusion,41,6,363,800,1,6,5,TINB/TINC
tin_0731_07-12_crop_00.jpg,bg_to_strip_inclusion,42,9,364,808,1,9,5,TINB/TINC
tin_0731_07-12_crop_00.jpg,bg_to_strip_inclusion,43,9,365,818,2,8,5,TINB/TINC
tin_0731_07-12_crop_00.jpg,bg_to_strip_inclusion,46,5,369,831,3,5,5,TINB/TINC
tin_0731_07-12_crop_00.jpg,bg_to_strip_inclusion,48,2,363,842,1,2,5,TINB/TINC
tin_0731_07-12_crop_00.jpg,bg_to_strip_inclusion,49,6,364,845,1,6,5,TINB/TINC
tin_0731_07-12_crop_00.jpg,bg_to_strip_inclusion,50,5,372,850,1,5,5,TINB/TINC
tin_0731_07-12_crop_00.jpg,bg_to_strip_inclusion,53,3,520,887,1,3,5,TINB/TINC
tin_0731_07-12_crop_00.jpg,bg_to_strip_inclusion,54,3,355,921,1,3,5,TINB/TINC
tin_0731_07-12_crop_00.jpg,bg_to_strip_inclusion,56,15,353,925,2,14,5,TINB/TINC
tin_0731_07-12_crop_00.jpg,bg_to_strip_inclusion,57,2,508,944,1,2,5,TINB/TINC
tin_0731_07-12_crop_00.jpg,bg_to_strip_inclusion,59,9,508,956,1,9,5,TINB/TINC
tin_0731_07-12_crop_00.jpg,bg_to_strip_inclusion,60,32,353,961,11,7,5,TINB/TINC
tin_0731_07-12_crop_00.jpg,bg_to_strip_inclusion,61,27,373,964,17,11,5,TINB/TINC
tin_0731_07-12_crop_00.jpg,bg_to_strip_inclusion,62,3,509,967,1,3,5,TINB/TINC
tin_0731_07-12_crop_00.jpg,bg_to_strip_inclusion,63,3,516,967,1,3,5,TINB/TINC
tin_0731_07-12_crop_00.jpg,bg_to_strip_inclusion,64,2,377,1023,2,1,5,TINB/TINC
tin_0731_07-13_crop_00.jpg,bg_to_strip_inclusion,1,10,891,590,7,7,6,TIND
tin_0731_07-13_crop_00.jpg,bg_to_strip_inclusion,2,9,901,590,3,8,6,TIND
tin_0731_07-13_crop_00.jpg,bg_to_strip_inclusion,3,6,895,599,6,2,6,TIND
tin_0731_07-13_crop_00.jpg,bg_to_strip_inclusion,4,30,931,818,6,13,6,TIND
tin_0731_07-13_crop_01.jpg,bg_to_strip_inclusion,1,19,763,878,12,7,2,B
tin_0731_07-13_crop_01.jpg,bg_to_strip_inclusion,2,2,775,883,1,2,2,B
tin_0731_07-13_crop_01.jpg,bg_to_strip_inclusion,3,26,764,886,12,8,2,B
tin_0731_07-17_crop_00.jpg,bg_to_strip_inclusion,1,2,877,116,2,2,6,TIND
tin_0731_07-17_crop_00.jpg,bg_to_strip_inclusion,4,15,903,281,3,12,5,TINB/TINC
tin_0731_07-17_crop_00.jpg,bg_to_strip_inclusion,5,3,906,296,1,3,5,TINB/TINC
tin_0731_07-17_crop_00.jpg,bg_to_strip_inclusion,6,15,899,324,2,15,5,TINB/TINC
tin_0731_07-17_crop_00.jpg,bg_to_strip_inclusion,7,31,907,324,2,19,5,TINB/TINC
tin_0731_07-17_crop_00.jpg,bg_to_strip_inclusion,8,50,922,596,3,28,5,TINB/TINC
tin_0731_07-17_crop_00.jpg,bg_to_strip_inclusion,9,12,48,873,7,7,6,TIND
tin_0731_07-17_crop_00.jpg,bg_to_strip_inclusion,10,10,41,874,4,9,6,TIND
tin_0731_07-17_crop_00.jpg,bg_to_strip_inclusion,11,33,52,881,4,11,6,TIND
tin_0731_07-17_crop_00.jpg,bg_to_strip_inclusion,13,12,46,898,9,4,6,TIND
tin_0731_07-19_crop_00.jpg,bg_to_strip_inclusion,2,13,957,32,3,8,6,TIND
tin_0731_07-19_crop_00.jpg,bg_to_strip_inclusion,3,2,952,35,1,2,5,TINB/TINC
tin_0731_07-19_crop_00.jpg,bg_to_strip_inclusion,4,2,952,57,1,2,6,TIND
tin_0731_07-19_crop_00.jpg,bg_to_strip_inclusion,5,7,955,82,2,4,5,TINB/TINC
tin_0731_07-19_crop_00.jpg,bg_to_strip_inclusion,7,7,950,108,2,7,6,TIND
tin_0731_07-19_crop_00.jpg,bg_to_strip_inclusion,8,16,961,111,2,11,6,TIND
tin_0731_07-19_crop_00.jpg,bg_to_strip_inclusion,9,2,949,116,1,2,6,TIND
tin_0731_07-19_crop_00.jpg,bg_to_strip_inclusion,10,8,951,124,7,2,6,TIND
tin_0731_07-19_crop_00.jpg,bg_to_strip_inclusion,11,6,706,442,6,2,5,TINB/TINC
tin_0731_07-19_crop_00.jpg,bg_to_strip_inclusion,12,9,702,445,1,9,5,TINB/TINC
tin_0731_07-19_crop_00.jpg,bg_to_strip_inclusion,13,49,711,446,3,30,5,TINB/TINC
tin_0731_07-19_crop_00.jpg,bg_to_strip_inclusion,14,3,703,457,1,3,5,TINB/TINC
tin_0731_07-19_crop_00.jpg,bg_to_strip_inclusion,15,2,714,479,1,2,5,TINB/TINC
tin_0731_07-19_crop_00.jpg,bg_to_strip_inclusion,16,21,706,490,2,16,5,TINB/TINC
tin_0731_07-19_crop_00.jpg,bg_to_strip_inclusion,17,3,708,507,1,3,5,TINB/TINC
tin_0731_07-19_crop_00.jpg,bg_to_strip_inclusion,18,26,716,510,4,20,5,TINB/TINC
tin_0731_07-19_crop_00.jpg,bg_to_strip_inclusion,19,19,710,559,1,19,5,TINB/TINC
tin_0731_07-19_crop_00.jpg,bg_to_strip_inclusion,20,2,169,607,2,1,5,TINB/TINC
tin_0731_07-19_crop_00.jpg,bg_to_strip_inclusion,21,16,174,610,11,12,6,TIND
tin_0731_07-19_crop_00.jpg,bg_to_strip_inclusion,23,72,697,620,7,35,5,TINB/TINC
tin_0731_07-19_crop_00.jpg,bg_to_strip_inclusion,25,9,175,625,8,3,6,TIND
tin_0731_07-19_crop_00.jpg,bg_to_strip_inclusion,26,2,721,652,1,2,5,TINB/TINC
tin_0731_07-19_crop_00.jpg,bg_to_strip_inclusion,27,39,437,674,7,25,5,TINB/TINC
tin_0731_07-19_crop_00.jpg,bg_to_strip_inclusion,30,2,445,690,1,2,5,TINB/TINC
tin_0731_07-19_crop_00.jpg,bg_to_strip_inclusion,32,2,444,695,1,2,5,TINB/TINC
tin_0731_07-19_crop_00.jpg,bg_to_strip_inclusion,33,2,443,700,1,2,5,TINB/TINC
tin_0731_07-19_crop_00.jpg,bg_to_strip_inclusion,34,3,436,702,1,3,5,TINB/TINC
tin_0731_07-19_crop_00.jpg,bg_to_strip_inclusion,35,2,442,704,1,2,5,TINB/TINC
tin_0731_07-19_crop_00.jpg,bg_to_strip_inclusion,36,86,426,708,10,57,5,TINB/TINC
tin_0731_07-19_crop_00.jpg,bg_to_strip_inclusion,37,3,441,708,1,3,5,TINB/TINC
tin_0731_07-19_crop_00.jpg,bg_to_strip_inclusion,38,11,439,712,2,10,5,TINB/TINC
tin_0731_07-19_crop_00.jpg,bg_to_strip_inclusion,39,6,438,723,1,6,5,TINB/TINC
tin_0731_07-19_crop_00.jpg,bg_to_strip_inclusion,40,4,437,732,1,4,5,TINB/TINC
tin_0731_07-19_crop_00.jpg,bg_to_strip_inclusion,41,55,422,763,11,31,5,TINB/TINC
tin_0731_07-19_crop_00.jpg,bg_to_strip_inclusion,42,2,425,766,1,2,5,TINB/TINC
tin_0731_07-19_crop_00.jpg,bg_to_strip_inclusion,43,115,399,786,21,58,5,TINB/TINC
tin_0731_07-19_crop_00.jpg,bg_to_strip_inclusion,44,2,421,795,1,2,5,TINB/TINC
tin_0731_07-19_crop_00.jpg,bg_to_strip_inclusion,45,2,420,798,1,2,5,TINB/TINC
tin_0731_07-19_crop_00.jpg,bg_to_strip_inclusion,46,6,418,801,2,6,5,TINB/TINC
tin_0731_07-19_crop_00.jpg,bg_to_strip_inclusion,47,2,417,808,1,2,5,TINB/TINC
tin_0731_07-19_crop_00.jpg,bg_to_strip_inclusion,48,3,416,811,1,3,5,TINB/TINC
tin_0731_07-19_crop_00.jpg,bg_to_strip_inclusion,49,6,414,815,2,6,5,TINB/TINC
tin_0731_07-19_crop_00.jpg,bg_to_strip_inclusion,50,2,413,822,1,2,5,TINB/TINC
tin_0731_07-19_crop_00.jpg,bg_to_strip_inclusion,51,2,398,845,1,2,5,TINB/TINC
tin_0731_07-19_crop_00.jpg,bg_to_strip_inclusion,52,2,397,849,1,2,5,TINB/TINC
tin_0731_07-19_crop_00.jpg,bg_to_strip_inclusion,54,2,396,852,1,2,5,TINB/TINC
tin_0731_07-19_crop_00.jpg,bg_to_strip_inclusion,55,2,404,853,1,2,5,TINB/TINC
tin_0731_07-19_crop_00.jpg,bg_to_strip_inclusion,56,2,395,855,1,2,5,TINB/TINC
tin_0731_07-19_crop_00.jpg,bg_to_strip_inclusion,57,2,403,857,1,2,5,TINB/TINC
tin_0731_07-19_crop_00.jpg,bg_to_strip_inclusion,59,2,393,860,1,2,5,TINB/TINC
tin_0731_07-19_crop_00.jpg,bg_to_strip_inclusion,60,2,392,863,1,2,5,TINB/TINC
tin_0731_07-19_crop_00.jpg,bg_to_strip_inclusion,61,30,392,869,9,9,5,TINB/TINC
tin_0731_07-19_crop_00.jpg,bg_to_strip_inclusion,62,60,165,939,10,25,5,TINB/TINC
tin_0731_07-19_crop_00.jpg,bg_to_strip_inclusion,63,183,172,951,12,60,5,TINB/TINC
tin_0731_07-19_crop_00.jpg,bg_to_strip_inclusion,64,3,182,1004,1,3,5,TINB/TINC
tin_0731_07-22_crop_02.jpg,bg_to_strip_inclusion,2,3,930,62,2,3,6,TIND
tin_0731_07-22_crop_02.jpg,bg_to_strip_inclusion,5,3,921,68,3,3,6,TIND
tin_0731_07-22_crop_02.jpg,bg_to_strip_inclusion,6,3,925,71,3,2,6,TIND
tin_0731_07-22_crop_03.jpg,bg_to_strip_inclusion,2,2,447,384,2,1,6,TIND
tin_0731_07-26_crop_01.jpg,bg_to_strip_inclusion,1,3,686,175,1,3,6,TIND
tin_0731_07-26_crop_01.jpg,bg_to_strip_inclusion,2,24,484,274,17,11,6,TIND
tin_0731_07-26_crop_01.jpg,bg_to_strip_inclusion,4,10,497,281,3,6,6,TIND
tin_0731_07-26_crop_01.jpg,bg_to_strip_inclusion,5,5,479,289,2,3,6,TIND
tin_0731_07-26_crop_01.jpg,bg_to_strip_inclusion,6,6,489,291,6,3,6,TIND
tin_0731_07-26_crop_01.jpg,bg_to_strip_inclusion,7,11,348,943,4,7,6,TIND
tin_0731_07-30_crop_01.jpg,bg_to_strip_inclusion,1,43,349,401,12,23,5,TINB/TINC
tin_0731_07-30_crop_01.jpg,bg_to_strip_inclusion,2,21,362,403,2,18,5,TINB/TINC
tin_0731_07-30_crop_01.jpg,bg_to_strip_inclusion,3,5,352,425,1,5,6,TIND
tin_0731_07-30_crop_01.jpg,bg_to_strip_inclusion,4,27,353,431,7,13,5,TINB/TINC
tin_0731_07-30_crop_01.jpg,bg_to_strip_inclusion,5,4,361,441,3,3,5,TINB/TINC
tin_0731_07-30_crop_01.jpg,bg_to_strip_inclusion,6,2,365,529,1,2,5,TINB/TINC
tin_0731_07-30_crop_01.jpg,bg_to_strip_inclusion,7,7,369,528,3,7,5,TINB/TINC
tin_0731_07-30_crop_01.jpg,bg_to_strip_inclusion,8,3,372,537,1,3,5,TINB/TINC
tin_0731_07-30_crop_01.jpg,bg_to_strip_inclusion,9,4,364,546,1,4,6,TIND
tin_0731_07-30_crop_01.jpg,bg_to_strip_inclusion,10,18,361,551,3,14,6,TIND
tin_0731_07-30_crop_01.jpg,bg_to_strip_inclusion,11,6,372,558,2,6,6,TIND
tin_0731_08-01_crop_00.jpg,bg_to_strip_inclusion,1,6,132,287,5,2,5,TINB/TINC
tin_0731_08-01_crop_00.jpg,bg_to_strip_inclusion,2,9,132,293,2,9,5,TINB/TINC
tin_0731_08-01_crop_00.jpg,bg_to_strip_inclusion,3,10,141,298,1,10,5,TINB/TINC
tin_0731_08-01_crop_00.jpg,bg_to_strip_inclusion,4,2,132,306,1,2,5,TINB/TINC
tin_0731_08-01_crop_00.jpg,bg_to_strip_inclusion,6,6,142,311,1,6,5,TINB/TINC
tin_0731_08-01_crop_00.jpg,bg_to_strip_inclusion,8,3,129,318,1,3,5,TINB/TINC
tin_0731_08-01_crop_00.jpg,bg_to_strip_inclusion,9,15,139,320,3,8,5,TINB/TINC
tin_0731_08-01_crop_00.jpg,bg_to_strip_inclusion,10,59,130,322,6,23,5,TINB/TINC
tin_0731_08-01_crop_00.jpg,bg_to_strip_inclusion,11,40,130,346,8,18,5,TINB/TINC
tin_0731_08-01_crop_00.jpg,bg_to_strip_inclusion,12,3,596,725,2,3,6,TIND
tin_0731_08-03_crop_00.jpg,bg_to_strip_inclusion,2,3,530,11,3,1,5,TINB/TINC
tin_0731_08-03_crop_00.jpg,bg_to_strip_inclusion,6,12,501,98,3,12,5,TINB/TINC
tin_0731_08-03_crop_00.jpg,bg_to_strip_inclusion,7,4,540,155,4,1,5,TINB/TINC
tin_0731_08-03_crop_00.jpg,bg_to_strip_inclusion,8,4,918,252,1,4,5,TINB/TINC
tin_0731_08-03_crop_00.jpg,bg_to_strip_inclusion,9,8,915,287,3,5,5,TINB/TINC
tin_0731_08-03_crop_00.jpg,bg_to_strip_inclusion,10,10,927,292,8,2,5,TINB/TINC
tin_0731_08-03_crop_00.jpg,bg_to_strip_inclusion,11,5,918,302,3,4,5,TINB/TINC
tin_0731_08-03_crop_00.jpg,bg_to_strip_inclusion,12,2,925,317,2,1,6,TIND
tin_0731_08-03_crop_00.jpg,bg_to_strip_inclusion,13,111,918,381,8,28,5,TINB/TINC
tin_0731_08-14_crop_01.jpg,bg_to_strip_inclusion,2,3,900,0,2,2,5,TINB/TINC
tin_0731_08-14_crop_01.jpg,bg_to_strip_inclusion,3,5,894,3,1,5,5,TINB/TINC
tin_0731_08-14_crop_01.jpg,bg_to_strip_inclusion,5,5,900,24,4,3,5,TINB/TINC
tin_0731_08-14_crop_01.jpg,bg_to_strip_inclusion,6,238,904,380,10,88,5,TINB/TINC
tin_0731_08-14_crop_01.jpg,bg_to_strip_inclusion,7,8,913,405,1,8,5,TINB/TINC
tin_0731_08-14_crop_01.jpg,bg_to_strip_inclusion,8,2,515,414,1,2,5,TINB/TINC
tin_0731_08-14_crop_01.jpg,bg_to_strip_inclusion,9,244,501,427,5,96,5,TINB/TINC
tin_0731_08-14_crop_01.jpg,bg_to_strip_inclusion,11,9,906,469,7,7,5,TINB/TINC
tin_0731_08-14_crop_01.jpg,bg_to_strip_inclusion,12,2,502,524,1,2,5,TINB/TINC
tin_0731_08-14_crop_01.jpg,bg_to_strip_inclusion,13,2,509,531,1,2,5,TINB/TINC
tin_0731_08-14_crop_01.jpg,bg_to_strip_inclusion,14,7,938,679,1,7,5,TINB/TINC
tin_0731_08-14_crop_01.jpg,bg_to_strip_inclusion,15,15,939,687,2,14,5,TINB/TINC
tin_0731_08-14_crop_01.jpg,bg_to_strip_inclusion,16,2,931,700,1,2,5,TINB/TINC
tin_0731_08-14_crop_01.jpg,bg_to_strip_inclusion,17,3,932,704,1,3,5,TINB/TINC
tin_0731_08-14_crop_01.jpg,bg_to_strip_inclusion,18,20,942,707,7,19,5,TINB/TINC
tin_0731_08-14_crop_01.jpg,bg_to_strip_inclusion,19,264,936,715,17,72,5,TINB/TINC
tin_0731_08-14_crop_01.jpg,bg_to_strip_inclusion,20,2,949,727,1,2,5,TINB/TINC
tin_0731_08-14_crop_01.jpg,bg_to_strip_inclusion,23,8,953,802,7,3,5,TINB/TINC
tin_0731_08-29_crop_00.jpg,bg_to_strip_inclusion,1,25,820,99,8,18,5,TINB/TINC
tin_0731_08-29_crop_00.jpg,bg_to_strip_inclusion,2,123,819,101,6,69,5,TINB/TINC
tin_0731_08-29_crop_00.jpg,bg_to_strip_inclusion,4,3,829,121,1,3,5,TINB/TINC
tin_0731_08-29_crop_00.jpg,bg_to_strip_inclusion,5,5,830,126,1,5,5,TINB/TINC
tin_0731_08-29_crop_00.jpg,bg_to_strip_inclusion,6,2,829,140,1,2,5,TINB/TINC
tin_0731_08-29_crop_00.jpg,bg_to_strip_inclusion,7,2,828,146,1,2,5,TINB/TINC
tin_0731_08-29_crop_00.jpg,bg_to_strip_inclusion,8,4,827,153,1,4,5,TINB/TINC
tin_0731_08-29_crop_00.jpg,bg_to_strip_inclusion,9,7,826,160,1,7,5,TINB/TINC
tin_0731_08-29_crop_00.jpg,bg_to_strip_inclusion,10,53,822,168,4,26,5,TINB/TINC
tin_0731_08-29_crop_00.jpg,bg_to_strip_inclusion,11,8,811,196,3,7,5,TINB/TINC
tin_0731_08-29_crop_00.jpg,bg_to_strip_inclusion,12,11,421,256,7,5,5,TINB/TINC
tin_0731_08-29_crop_00.jpg,bg_to_strip_inclusion,13,4,810,267,1,4,5,TINB/TINC
tin_0731_08-29_crop_00.jpg,bg_to_strip_inclusion,14,2,424,269,2,2,5,TINB/TINC
tin_0731_08-29_crop_00.jpg,bg_to_strip_inclusion,15,18,803,278,7,13,5,TINB/TINC
tin_0731_08-29_crop_00.jpg,bg_to_strip_inclusion,16,2,813,294,2,2,5,TINB/TINC
tin_0731_08-29_crop_00.jpg,bg_to_strip_inclusion,17,54,796,296,3,36,5,TINB/TINC
tin_0731_08-29_crop_00.jpg,bg_to_strip_inclusion,19,5,795,338,1,5,5,TINB/TINC
tin_0731_08-29_crop_00.jpg,bg_to_strip_inclusion,20,2,794,351,1,2,5,TINB/TINC
tin_0731_08-29_crop_00.jpg,bg_to_strip_inclusion,22,70,788,368,5,39,5,TINB/TINC
tin_0731_08-29_crop_00.jpg,bg_to_strip_inclusion,25,4,783,427,1,4,5,TINB/TINC
tin_0731_08-29_crop_00.jpg,bg_to_strip_inclusion,26,2,782,433,1,2,5,TINB/TINC
tin_0731_08-29_crop_00.jpg,bg_to_strip_inclusion,29,7,780,458,2,7,5,TINB/TINC
tin_0731_08-29_crop_00.jpg,bg_to_strip_inclusion,34,16,761,570,11,2,6,TIND
tin_0731_08-29_crop_00.jpg,bg_to_strip_inclusion,35,52,787,621,3,33,5,TINB/TINC
tin_0731_08-29_crop_00.jpg,bg_to_strip_inclusion,36,2,789,674,1,2,5,TINB/TINC
tin_0731_08-29_crop_00.jpg,bg_to_strip_inclusion,37,5,789,681,1,5,5,TINB/TINC
tin_0731_08-29_crop_00.jpg,bg_to_strip_inclusion,38,6,790,694,1,6,5,TINB/TINC
tin_0731_08-29_crop_00.jpg,bg_to_strip_inclusion,39,8,797,710,1,8,5,TINB/TINC
tin_0731_08-29_crop_00.jpg,bg_to_strip_inclusion,40,6,798,728,1,6,5,TINB/TINC
tin_0731_08-29_crop_00.jpg,bg_to_strip_inclusion,41,57,793,749,2,42,5,TINB/TINC
tin_0731_08-29_crop_00.jpg,bg_to_strip_inclusion,42,10,799,791,1,10,5,TINB/TINC
tin_0731_08-29_crop_00.jpg,bg_to_strip_inclusion,43,46,792,800,2,37,5,TINB/TINC
tin_0731_08-29_crop_00.jpg,bg_to_strip_inclusion,44,42,798,805,2,41,5,TINB/TINC
tin_0731_08-29_crop_00.jpg,bg_to_strip_inclusion,45,2,793,843,1,2,5,TINB/TINC
tin_0731_08-29_crop_00.jpg,bg_to_strip_inclusion,46,18,794,849,2,14,5,TINB/TINC
tin_0731_08-29_crop_00.jpg,bg_to_strip_inclusion,47,2,800,849,1,2,5,TINB/TINC
tin_0731_08-29_crop_00.jpg,bg_to_strip_inclusion,49,21,795,870,4,17,5,TINB/TINC
tin_0731_08-29_crop_01.jpg,bg_to_strip_inclusion,1,6,820,120,5,2,6,TIND
tin_0731_08-29_crop_01.jpg,bg_to_strip_inclusion,2,3,819,123,1,3,6,TIND
tin_0731_08-29_crop_01.jpg,bg_to_strip_inclusion,3,2,819,141,1,2,6,TIND
tin_0731_08-29_crop_01.jpg,bg_to_strip_inclusion,5,3,824,357,3,2,6,TIND
tin_0731_08-29_crop_01.jpg,bg_to_strip_inclusion,6,8,233,372,8,3,5,TINB/TINC
tin_0731_08-29_crop_01.jpg,bg_to_strip_inclusion,7,2,241,378,1,2,5,TINB/TINC
tin_0731_08-29_crop_01.jpg,bg_to_strip_inclusion,9,2,219,460,1,2,5,TINB/TINC
tin_0731_08-29_crop_01.jpg,bg_to_strip_inclusion,10,2,218,463,1,2,5,TINB/TINC
tin_0731_08-29_crop_01.jpg,bg_to_strip_inclusion,13,3,209,563,1,3,5,TINB/TINC
tin_0731_08-29_crop_01.jpg,bg_to_strip_inclusion,14,2,208,570,1,2,5,TINB/TINC
tin_0731_09-02_crop_00.jpg,bg_to_strip_inclusion,1,44,589,475,9,27,6,TIND
tin_0731_09-02_crop_00.jpg,bg_to_strip_inclusion,2,6,591,505,5,2,6,TIND
tin_0731_09-04_crop_01.jpg,bg_to_strip_inclusion,1,20,826,211,11,7,6,TIND
tin_0731_09-04_crop_01.jpg,bg_to_strip_inclusion,3,26,827,221,9,17,6,TIND
tin_0731_09-04_crop_01.jpg,bg_to_strip_inclusion,4,23,818,230,9,11,6,TIND
tin_0731_09-04_crop_01.jpg,bg_to_strip_inclusion,5,25,842,564,5,14,6,TIND
tin_0731_09-04_crop_01.jpg,bg_to_strip_inclusion,8,5,820,861,5,3,6,TIND
tin_0731_09-04_crop_01.jpg,bg_to_strip_inclusion,10,2,813,864,1,2,6,TIND
tin_0731_09-04_crop_01.jpg,bg_to_strip_inclusion,11,5,812,867,1,5,6,TIND
tin_0731_09-04_crop_01.jpg,bg_to_strip_inclusion,12,15,826,885,4,13,6,TIND
tin_0731_09-04_crop_01.jpg,bg_to_strip_inclusion,13,5,811,894,1,5,6,TIND
tin_0731_09-04_crop_01.jpg,bg_to_strip_inclusion,15,12,814,900,10,4,6,TIND
tin_0731_09-08_crop_00.jpg,bg_to_strip_inclusion,2,5,185,557,3,4,5,TINB/TINC
tin_0731_09-08_crop_00.jpg,bg_to_strip_inclusion,4,3,178,560,2,3,6,TIND
tin_0731_09-08_crop_00.jpg,bg_to_strip_inclusion,5,4,188,562,1,4,6,TIND
tin_0731_09-08_crop_00.jpg,bg_to_strip_inclusion,6,265,178,565,18,54,5,TINB/TINC
tin_0731_09-08_crop_00.jpg,bg_to_strip_inclusion,8,3,184,634,3,3,6,TIND
tin_0731_09-08_crop_00.jpg,bg_to_strip_inclusion,9,2,188,637,2,2,6,TIND
tin_0731_09-09_crop_02.jpg,bg_to_strip_inclusion,1,9,974,518,5,3,5,TINB/TINC
tin_0731_09-13_crop_01.jpg,bg_to_strip_inclusion,1,17,985,738,4,13,5,TINB/TINC
tin_0731_09-13_crop_01.jpg,bg_to_strip_inclusion,2,36,976,742,7,28,5,TINB/TINC
tin_0731_09-13_crop_01.jpg,bg_to_strip_inclusion,3,12,971,842,7,5,5,TINB/TINC
tin_0731_09-13_crop_01.jpg,bg_to_strip_inclusion,4,5,966,859,1,5,6,TIND
tin_0731_09-14_crop_02.jpg,bg_to_strip_inclusion,1,9,694,210,6,5,6,TIND
tin_0731_09-14_crop_02.jpg,bg_to_strip_inclusion,2,13,691,225,2,13,6,TIND
tin_0731_09-14_crop_02.jpg,bg_to_strip_inclusion,4,2,695,241,2,1,6,TIND
tin_0731_09-18_crop_00.jpg,bg_to_strip_inclusion,1,28,359,38,9,13,5,TINB/TINC
tin_0731_09-18_crop_00.jpg,bg_to_strip_inclusion,2,25,358,58,3,24,5,TINB/TINC
tin_0731_09-18_crop_00.jpg,bg_to_strip_inclusion,4,2,882,337,2,2,6,TIND
tin_0731_09-18_crop_00.jpg,bg_to_strip_inclusion,6,19,154,441,8,4,5,TINB/TINC
tin_0731_09-18_crop_00.jpg,bg_to_strip_inclusion,7,122,154,446,9,44,5,TINB/TINC
tin_0731_09-18_crop_00.jpg,bg_to_strip_inclusion,8,24,163,467,1,24,5,TINB/TINC
tin_0731_09-18_crop_00.jpg,bg_to_strip_inclusion,9,10,156,491,5,6,5,TINB/TINC
tin_0731_09-18_crop_00.jpg,bg_to_strip_inclusion,14,7,136,600,2,7,6,TIND
tin_0731_09-18_crop_00.jpg,bg_to_strip_inclusion,15,2,136,618,2,1,6,TIND
tin_0731_09-18_crop_00.jpg,bg_to_strip_inclusion,16,14,339,696,9,4,6,TIND
tin_0731_09-18_crop_00.jpg,bg_to_strip_inclusion,17,8,338,701,1,8,6,TIND
tin_0731_09-18_crop_00.jpg,bg_to_strip_inclusion,18,17,348,703,2,10,6,TIND
tin_0731_09-18_crop_00.jpg,bg_to_strip_inclusion,19,7,337,712,1,7,6,TIND
tin_0731_09-18_crop_00.jpg,bg_to_strip_inclusion,21,32,920,819,11,8,5,TINB/TINC
tin_0731_09-18_crop_00.jpg,bg_to_strip_inclusion,22,305,918,828,13,43,5,TINB/TINC
tin_0731_09-18_crop_00.jpg,bg_to_strip_inclusion,23,86,840,907,23,22,5,TINB/TINC
tin_0731_09-18_crop_00.jpg,bg_to_strip_inclusion,24,431,852,925,16,50,5,TINB/TINC
tin_0731_09-18_crop_00.jpg,bg_to_strip_inclusion,25,25,865,983,3,12,5,TINB/TINC
tin_0731_09-18_crop_00.jpg,bg_to_strip_inclusion,26,9,852,988,3,5,5,TINB/TINC
tin_0731_09-18_crop_00.jpg,bg_to_strip_inclusion,27,11,852,1000,5,6,5,TINB/TINC
tin_0731_09-18_crop_00.jpg,bg_to_strip_inclusion,28,11,862,1001,6,6,5,TINB/TINC
tin_0731_09-21_crop_02.jpg,bg_to_strip_inclusion,1,2,181,670,1,2,5,TINB/TINC
tin_0731_09-22_crop_00.jpg,bg_to_strip_inclusion,1,207,899,87,9,32,5,TINB/TINC
tin_0731_09-22_crop_00.jpg,bg_to_strip_inclusion,2,195,911,177,11,36,5,TINB/TINC
tin_0731_09-22_crop_00.jpg,bg_to_strip_inclusion,3,3,606,351,3,1,6,TIND
tin_0731_09-22_crop_00.jpg,bg_to_strip_inclusion,4,3,610,350,3,1,6,TIND
tin_0731_09-22_crop_00.jpg,bg_to_strip_inclusion,7,5,183,670,5,3,6,TIND
tin_0731_09-22_crop_00.jpg,bg_to_strip_inclusion,9,14,178,676,9,11,6,TIND
tin_0731_09-22_crop_00.jpg,bg_to_strip_inclusion,10,11,172,681,3,7,6,TIND
tin_0731_09-22_crop_00.jpg,bg_to_strip_inclusion,11,65,828,816,30,9,6,TIND
tin_0731_09-22_crop_00.jpg,bg_to_strip_inclusion,12,33,848,826,7,10,6,TIND
tin_0731_09-22_crop_00.jpg,bg_to_strip_inclusion,15,27,834,846,7,12,6,TIND
tin_0731_09-22_crop_00.jpg,bg_to_strip_inclusion,16,22,846,848,9,7,6,TIND
tin_0731_09-26_crop_02.jpg,bg_to_strip_inclusion,1,72,234,360,8,17,5,TINB/TINC
tin_0731_09-26_crop_02.jpg,bg_to_strip_inclusion,2,25,225,365,3,17,5,TINB/TINC
tin_0731_09-26_crop_02.jpg,bg_to_strip_inclusion,5,3,229,388,1,3,5,TINB/TINC
tin_0731_09-26_crop_02.jpg,bg_to_strip_inclusion,7,2,224,427,1,2,5,TINB/TINC
tin_0731_09-26_crop_02.jpg,bg_to_strip_inclusion,8,3,229,473,1,3,5,TINB/TINC
tin_0731_09-26_crop_02.jpg,bg_to_strip_inclusion,9,2,228,480,1,2,5,TINB/TINC
tin_0731_09-26_crop_02.jpg,bg_to_strip_inclusion,10,14,227,533,2,12,5,TINB/TINC
tin_0731_09-26_crop_02.jpg,bg_to_strip_inclusion,11,3,229,546,1,3,5,TINB/TINC
tin_0731_09-26_crop_02.jpg,bg_to_strip_inclusion,12,5,231,552,1,5,5,TINB/TINC
tin_0731_09-26_crop_02.jpg,bg_to_strip_inclusion,13,15,225,577,2,13,5,TINB/TINC
tin_0731_09-26_crop_02.jpg,bg_to_strip_inclusion,14,6,234,579,2,6,5,TINB/TINC
tin_0731_09-26_crop_02.jpg,bg_to_strip_inclusion,15,7,234,599,1,7,5,TINB/TINC
tin_0731_09-26_crop_02.jpg,bg_to_strip_inclusion,16,4,247,733,1,4,5,TINB/TINC
tin_0731_09-26_crop_02.jpg,bg_to_strip_inclusion,17,5,249,742,1,5,5,TINB/TINC
tin_0731_09-26_crop_02.jpg,bg_to_strip_inclusion,18,32,249,749,3,22,5,TINB/TINC
tin_0731_09-26_crop_02.jpg,bg_to_strip_inclusion,21,2,229,787,1,2,5,TINB/TINC
tin_0731_09-26_crop_02.jpg,bg_to_strip_inclusion,22,4,228,791,1,4,5,TINB/TINC
tin_0731_09-26_crop_02.jpg,bg_to_strip_inclusion,23,2,234,806,1,2,5,TINB/TINC
tin_0731_09-26_crop_02.jpg,bg_to_strip_inclusion,24,13,232,809,2,11,5,TINB/TINC
tin_0731_09-26_crop_02.jpg,bg_to_strip_inclusion,25,2,231,842,1,2,5,TINB/TINC
tin_0731_09-26_crop_02.jpg,bg_to_strip_inclusion,27,293,219,854,12,85,5,TINB/TINC
tin_0731_09-29_crop_01.jpg,bg_to_strip_inclusion,3,3,830,854,3,2,6,TIND
tin_0731_09-29_crop_01.jpg,bg_to_strip_inclusion,4,6,839,855,2,6,6,TIND
tin_0731_09-29_crop_01.jpg,bg_to_strip_inclusion,5,2,826,857,2,2,6,TIND
tin_0731_09-29_crop_01.jpg,bg_to_strip_inclusion,6,7,839,864,2,6,6,TIND
tin_0731_09-29_crop_01.jpg,bg_to_strip_inclusion,8,2,833,876,2,1,6,TIND
tin_0731_09-31_crop_01.jpg,bg_to_strip_inclusion,1,8,925,22,1,8,5,TINB/TINC
tin_0731_09-31_crop_01.jpg,bg_to_strip_inclusion,2,22,918,26,1,22,5,TINB/TINC
tin_0731_09-31_crop_01.jpg,bg_to_strip_inclusion,3,4,926,35,1,4,5,TINB/TINC
tin_0731_09-31_crop_01.jpg,bg_to_strip_inclusion,4,21,926,43,4,9,5,TINB/TINC
tin_0731_09-31_crop_01.jpg,bg_to_strip_inclusion,5,25,917,58,3,20,5,TINB/TINC
tin_0731_09-31_crop_01.jpg,bg_to_strip_inclusion,6,2,916,80,1,2,5,TINB/TINC
tin_0731_09-31_crop_01.jpg,bg_to_strip_inclusion,7,10,920,123,2,10,5,TINB/TINC
tin_0731_09-31_crop_01.jpg,bg_to_strip_inclusion,8,2,913,135,1,2,5,TINB/TINC
tin_0731_09-31_crop_01.jpg,bg_to_strip_inclusion,10,64,914,140,7,23,5,TINB/TINC
tin_0731_09-31_crop_01.jpg,bg_to_strip_inclusion,11,32,14,356,9,17,6,TIND
tin_0731_09-31_crop_01.jpg,bg_to_strip_inclusion,12,308,11,377,12,59,5,TINB/TINC
tin_0731_09-31_crop_01.jpg,bg_to_strip_inclusion,13,4,14,449,4,3,6,TIND
tin_0731_09-32_crop_00.jpg,bg_to_strip_inclusion,1,12,435,506,6,4,6,TIND
tin_0731_09-32_crop_00.jpg,bg_to_strip_inclusion,3,354,428,538,10,60,5,TINB/TINC
tin_0731_09-32_crop_00.jpg,bg_to_strip_inclusion,6,155,74,691,12,75,5,TINB/TINC
tin_0731_09-32_crop_00.jpg,bg_to_strip_inclusion,10,16,75,782,4,12,5,TINB/TINC
tin_0731_09-32_crop_00.jpg,bg_to_strip_inclusion,11,2,62,796,1,2,5,TINB/TINC
tin_0731_09-32_crop_00.jpg,bg_to_strip_inclusion,12,10,70,800,4,7,5,TINB/TINC
tin_0731_09-32_crop_00.jpg,bg_to_strip_inclusion,13,3,66,827,1,3,5,TINB/TINC
tin_0731_09-32_crop_00.jpg,bg_to_strip_inclusion,14,4,65,834,1,4,5,TINB/TINC
tin_0731_09-32_crop_00.jpg,bg_to_strip_inclusion,15,38,63,840,2,33,5,TINB/TINC
tin_0731_10-02_crop_00.jpg,bg_to_strip_inclusion,1,30,419,666,7,17,5,TINB/TINC
tin_0731_10-02_crop_00.jpg,bg_to_strip_inclusion,2,2,123,751,2,1,6,TIND
tin_0731_10-02_crop_00.jpg,bg_to_strip_inclusion,3,2,120,754,1,2,6,TIND
tin_0731_10-04_crop_00.jpg,bg_to_strip_inclusion,1,20,699,35,5,8,5,TINB/TINC
tin_0731_10-04_crop_00.jpg,bg_to_strip_inclusion,2,40,701,45,4,31,5,TINB/TINC
tin_0731_10-04_crop_00.jpg,bg_to_strip_inclusion,3,2,700,82,1,2,5,TINB/TINC
tin_0731_10-04_crop_00.jpg,bg_to_strip_inclusion,4,4,693,95,1,4,5,TINB/TINC
tin_0731_10-04_crop_00.jpg,bg_to_strip_inclusion,5,12,699,94,1,12,5,TINB/TINC
tin_0731_10-04_crop_00.jpg,bg_to_strip_inclusion,6,90,686,103,7,57,5,TINB/TINC
tin_0731_10-04_crop_00.jpg,bg_to_strip_inclusion,9,2,696,131,1,2,5,TINB/TINC
tin_0731_10-04_crop_00.jpg,bg_to_strip_inclusion,10,3,695,136,1,3,5,TINB/TINC
tin_0731_10-04_crop_00.jpg,bg_to_strip_inclusion,11,3,694,141,1,3,5,TINB/TINC
tin_0731_10-04_crop_00.jpg,bg_to_strip_inclusion,12,3,693,146,1,3,5,TINB/TINC
tin_0731_10-04_crop_00.jpg,bg_to_strip_inclusion,13,3,692,150,1,3,5,TINB/TINC
tin_0731_10-04_crop_00.jpg,bg_to_strip_inclusion,14,5,691,154,1,5,5,TINB/TINC
tin_0731_10-04_crop_00.jpg,bg_to_strip_inclusion,15,8,685,162,1,8,5,TINB/TINC
tin_0731_10-04_crop_00.jpg,bg_to_strip_inclusion,16,13,690,168,1,13,5,TINB/TINC
tin_0731_10-04_crop_00.jpg,bg_to_strip_inclusion,17,76,683,272,3,42,5,TINB/TINC
tin_0731_10-04_crop_00.jpg,bg_to_strip_inclusion,18,43,684,318,3,23,5,TINB/TINC
tin_0731_10-04_crop_00.jpg,bg_to_strip_inclusion,19,7,691,343,1,7,5,TINB/TINC
tin_0731_10-04_crop_00.jpg,bg_to_strip_inclusion,20,85,680,344,7,40,5,TINB/TINC
tin_0731_10-04_crop_00.jpg,bg_to_strip_inclusion,21,2,685,396,1,2,5,TINB/TINC
tin_0731_10-04_crop_00.jpg,bg_to_strip_inclusion,22,250,676,399,4,84,5,TINB/TINC
tin_0731_10-04_crop_00.jpg,bg_to_strip_inclusion,23,22,683,426,2,20,5,TINB/TINC
tin_0731_10-04_crop_00.jpg,bg_to_strip_inclusion,24,58,671,491,7,34,5,TINB/TINC
tin_0731_10-04_crop_00.jpg,bg_to_strip_inclusion,26,11,678,528,2,9,5,TINB/TINC
tin_0731_10-04_crop_00.jpg,bg_to_strip_inclusion,27,8,677,538,1,8,5,TINB/TINC
tin_0731_10-04_crop_00.jpg,bg_to_strip_inclusion,28,21,672,541,1,21,5,TINB/TINC
tin_0731_10-04_crop_00.jpg,bg_to_strip_inclusion,29,138,667,565,5,57,5,TINB/TINC
tin_0731_10-04_crop_00.jpg,bg_to_strip_inclusion,30,66,668,620,6,16,5,TINB/TINC
tin_0731_10-04_crop_00.jpg,bg_to_strip_inclusion,33,2,661,941,1,2,6,TIND
tin_0731_10-05_crop_01.jpg,bg_to_strip_inclusion,1,41,837,119,2,27,5,TINB/TINC
tin_0731_10-05_crop_01.jpg,bg_to_strip_inclusion,2,13,846,173,3,12,5,TINB/TINC
tin_0731_10-05_crop_01.jpg,bg_to_strip_inclusion,3,6,849,188,1,6,5,TINB/TINC
tin_0731_10-05_crop_01.jpg,bg_to_strip_inclusion,4,8,842,220,2,6,5,TINB/TINC
tin_0731_10-05_crop_01.jpg,bg_to_strip_inclusion,5,2,841,239,2,2,5,TINB/TINC
tin_0731_10-05_crop_01.jpg,bg_to_strip_inclusion,7,7,830,260,6,3,6,TIND
tin_0731_10-05_crop_01.jpg,bg_to_strip_inclusion,8,2,78,718,2,1,6,TIND
tin_0731_10-05_crop_01.jpg,bg_to_strip_inclusion,11,3,85,726,1,3,6,TIND
tin_0731_10-06_crop_00.jpg,bg_to_strip_inclusion,1,10,52,4,1,10,5,TINB/TINC
tin_0731_10-07_crop_01.jpg,bg_to_strip_inclusion,1,136,541,40,15,13,6,TIND
tin_0731_10-07_crop_01.jpg,bg_to_strip_inclusion,2,49,578,59,5,13,5,TINB/TINC
tin_0731_10-07_crop_01.jpg,bg_to_strip_inclusion,3,361,578,79,11,51,5,TINB/TINC
tin_0731_10-07_crop_01.jpg,bg_to_strip_inclusion,4,50,567,400,4,17,5,TINB/TINC
tin_0731_10-07_crop_01.jpg,bg_to_strip_inclusion,5,92,569,429,6,21,5,TINB/TINC
tin_0731_10-07_crop_01.jpg,bg_to_strip_inclusion,6,176,566,467,9,28,5,TINB/TINC
tin_0731_10-07_crop_01.jpg,bg_to_strip_inclusion,7,14,574,501,3,8,5,TINB/TINC
tin_0731_10-07_crop_01.jpg,bg_to_strip_inclusion,8,17,558,515,5,10,5,TINB/TINC
tin_0731_10-07_crop_01.jpg,bg_to_strip_inclusion,9,30,564,514,14,10,5,TINB/TINC
tin_0731_10-07_crop_02.jpg,bg_to_strip_inclusion,1,17,775,693,1,17,6,TIND
tin_0731_10-07_crop_02.jpg,bg_to_strip_inclusion,4,3,776,716,2,2,6,TIND
tin_0731_10-07_crop_02.jpg,bg_to_strip_inclusion,5,5,766,786,4,5,6,TIND
tin_0731_10-07_crop_02.jpg,bg_to_strip_inclusion,6,2,401,966,2,2,6,TIND
tin_0731_10-07_crop_02.jpg,bg_to_strip_inclusion,9,8,397,982,6,2,6,TIND
tin_0731_10-08_crop_00.jpg,bg_to_strip_inclusion,1,3,921,36,2,2,5,TINB/TINC
tin_0731_10-08_crop_00.jpg,bg_to_strip_inclusion,2,2,926,195,1,2,6,TIND
tin_0731_10-08_crop_00.jpg,bg_to_strip_inclusion,4,67,277,205,6,15,5,TINB/TINC
tin_0731_10-08_crop_00.jpg,bg_to_strip_inclusion,5,54,280,258,7,32,5,TINB/TINC
tin_0731_10-08_crop_00.jpg,bg_to_strip_inclusion,7,2,904,451,1,2,6,TIND
tin_0731_10-08_crop_00.jpg,bg_to_strip_inclusion,8,4,903,454,1,4,6,TIND
tin_0731_10-08_crop_00.jpg,bg_to_strip_inclusion,9,8,902,459,3,7,6,TIND
tin_0731_10-09_crop_00.jpg,bg_to_strip_inclusion,1,18,404,18,7,6,5,TINB/TINC
tin_0731_10-09_crop_00.jpg,bg_to_strip_inclusion,3,4,403,27,1,4,5,TINB/TINC
tin_0731_10-09_crop_00.jpg,bg_to_strip_inclusion,5,15,401,42,2,11,5,TINB/TINC
tin_0731_10-09_crop_00.jpg,bg_to_strip_inclusion,6,2,400,54,1,2,5,TINB/TINC
tin_0731_10-09_crop_00.jpg,bg_to_strip_inclusion,7,5,395,65,3,4,5,TINB/TINC
tin_0731_10-09_crop_00.jpg,bg_to_strip_inclusion,8,5,407,69,1,5,5,TINB/TINC
tin_0731_10-09_crop_00.jpg,bg_to_strip_inclusion,9,29,401,79,4,10,5,TINB/TINC
tin_0731_10-09_crop_00.jpg,bg_to_strip_inclusion,10,9,390,81,1,9,5,TINB/TINC
tin_0731_10-09_crop_00.jpg,bg_to_strip_inclusion,11,4,391,91,1,4,5,TINB/TINC
tin_0731_10-09_crop_00.jpg,bg_to_strip_inclusion,12,3,392,96,1,3,5,TINB/TINC
tin_0731_10-09_crop_00.jpg,bg_to_strip_inclusion,13,2,393,100,1,2,5,TINB/TINC
tin_0731_10-09_crop_00.jpg,bg_to_strip_inclusion,17,2,397,112,1,2,5,TINB/TINC
tin_0731_10-09_crop_00.jpg,bg_to_strip_inclusion,20,2,400,121,1,2,5,TINB/TINC
tin_0731_10-09_crop_00.jpg,bg_to_strip_inclusion,21,145,401,124,5,67,5,TINB/TINC
tin_0731_10-09_crop_00.jpg,bg_to_strip_inclusion,22,2,408,142,1,2,5,TINB/TINC
tin_0731_10-09_crop_00.jpg,bg_to_strip_inclusion,23,2,411,178,1,2,5,TINB/TINC
tin_0731_10-09_crop_00.jpg,bg_to_strip_inclusion,24,6,412,184,1,6,5,TINB/TINC
tin_0731_10-09_crop_00.jpg,bg_to_strip_inclusion,25,33,413,191,2,29,5,TINB/TINC
tin_0731_10-09_crop_00.jpg,bg_to_strip_inclusion,26,3,415,223,1,3,5,TINB/TINC
tin_0731_10-09_crop_00.jpg,bg_to_strip_inclusion,27,4,407,231,1,4,5,TINB/TINC
tin_0731_10-09_crop_00.jpg,bg_to_strip_inclusion,29,5,304,251,1,5,6,TIND
tin_0731_10-09_crop_00.jpg,bg_to_strip_inclusion,30,3,303,259,1,3,6,TIND
tin_0731_10-09_crop_00.jpg,bg_to_strip_inclusion,31,2,302,264,1,2,6,TIND
tin_0731_10-09_crop_00.jpg,bg_to_strip_inclusion,32,2,418,264,1,2,5,TINB/TINC
tin_0731_10-09_crop_00.jpg,bg_to_strip_inclusion,33,3,301,269,1,3,6,TIND
tin_0731_10-09_crop_00.jpg,bg_to_strip_inclusion,35,2,532,722,1,2,5,TINB/TINC
tin_0731_10-09_crop_00.jpg,bg_to_strip_inclusion,36,6,524,726,1,6,5,TINB/TINC
tin_0731_10-09_crop_00.jpg,bg_to_strip_inclusion,38,3,526,741,1,3,5,TINB/TINC
tin_0731_10-09_crop_00.jpg,bg_to_strip_inclusion,39,2,527,745,1,2,5,TINB/TINC
tin_0731_10-14_crop_00.jpg,bg_to_strip_inclusion,1,2,983,246,2,2,6,TIND
tin_0731_10-16_crop_00.jpg,bg_to_strip_inclusion,1,6,995,715,2,6,5,TINB/TINC
tin_0731_10-16_crop_00.jpg,bg_to_strip_inclusion,2,7,987,716,3,5,5,TINB/TINC
tin_0731_10-16_crop_00.jpg,bg_to_strip_inclusion,3,22,985,727,3,18,5,TINB/TINC
tin_0731_10-16_crop_00.jpg,bg_to_strip_inclusion,5,10,989,763,3,7,5,TINB/TINC
tin_0731_10-16_crop_00.jpg,bg_to_strip_inclusion,6,3,977,767,1,3,5,TINB/TINC
tin_0731_10-16_crop_00.jpg,bg_to_strip_inclusion,7,2,979,782,2,2,5,TINB/TINC
tin_0731_10-16_crop_00.jpg,bg_to_strip_inclusion,8,49,977,788,5,13,5,TINB/TINC
tin_0731_10-17_crop_01.jpg,bg_to_strip_inclusion,1,493,45,614,20,59,5,TINB/TINC
tin_0731_10-17_crop_01.jpg,bg_to_strip_inclusion,2,25,45,678,8,6,5,TINB/TINC
tin_0731_10-18_crop_00.jpg,bg_to_strip_inclusion,2,2,344,288,2,1,6,TIND
tin_0731_10-18_crop_00.jpg,bg_to_strip_inclusion,3,5,340,295,1,5,6,TIND
tin_0731_10-18_crop_00.jpg,bg_to_strip_inclusion,4,2,340,308,1,2,6,TIND
tin_0731_10-18_crop_00.jpg,bg_to_strip_inclusion,5,2,341,312,2,2,6,TIND
tin_0731_10-18_crop_00.jpg,bg_to_strip_inclusion,6,2,380,662,2,2,6,TIND
tin_0731_10-18_crop_00.jpg,bg_to_strip_inclusion,7,6,379,670,2,6,6,TIND
tin_0731_10-18_crop_01.jpg,bg_to_strip_inclusion,1,10,494,147,8,5,6,TIND
tin_0731_10-18_crop_01.jpg,bg_to_strip_inclusion,2,6,489,151,2,4,6,TIND
tin_0731_10-18_crop_01.jpg,bg_to_strip_inclusion,3,2,476,174,1,2,6,TIND
tin_0731_10-18_crop_01.jpg,bg_to_strip_inclusion,4,6,474,177,2,6,6,TIND
tin_0731_10-24_crop_02.jpg,bg_to_strip_inclusion,2,27,837,483,11,11,5,TINB/TINC
tin_0731_10-24_crop_02.jpg,bg_to_strip_inclusion,5,2,854,487,2,2,5,TINB/TINC
tin_0731_10-24_crop_02.jpg,bg_to_strip_inclusion,6,26,842,492,8,18,5,TINB/TINC
tin_0731_10-24_crop_02.jpg,bg_to_strip_inclusion,7,294,824,497,13,111,5,TINB/TINC
tin_0731_10-24_crop_02.jpg,bg_to_strip_inclusion,8,4,837,556,1,4,5,TINB/TINC
tin_0731_10-24_crop_02.jpg,bg_to_strip_inclusion,9,27,832,561,5,22,5,TINB/TINC
tin_0731_10-24_crop_02.jpg,bg_to_strip_inclusion,10,3,66,578,1,3,6,TIND
tin_0731_10-24_crop_02.jpg,bg_to_strip_inclusion,17,8,80,600,7,3,6,TIND
tin_0731_10-24_crop_02.jpg,bg_to_strip_inclusion,18,551,810,705,18,169,5,TINB/TINC
tin_0731_10-25_crop_02.jpg,bg_to_strip_inclusion,1,19,220,531,9,4,5,TINB/TINC
tin_0731_10-25_crop_02.jpg,bg_to_strip_inclusion,2,2,229,537,1,2,5,TINB/TINC
tin_0731_10-25_crop_02.jpg,bg_to_strip_inclusion,3,41,223,549,8,17,5,TINB/TINC
tin_0731_10-25_crop_02.jpg,bg_to_strip_inclusion,4,2,240,585,1,2,5,TINB/TINC
tin_0731_10-25_crop_02.jpg,bg_to_strip_inclusion,6,29,252,640,2,28,5,TINB/TINC
tin_0731_10-25_crop_02.jpg,bg_to_strip_inclusion,7,18,242,665,2,14,5,TINB/TINC
tin_0731_10-25_crop_02.jpg,bg_to_strip_inclusion,8,5,251,671,1,5,5,TINB/TINC
tin_0731_10-25_crop_02.jpg,bg_to_strip_inclusion,9,33,238,696,5,32,5,TINB/TINC
tin_0731_10-25_crop_02.jpg,bg_to_strip_inclusion,10,3,249,709,1,3,5,TINB/TINC
tin_0731_10-25_crop_02.jpg,bg_to_strip_inclusion,11,3,248,716,1,3,5,TINB/TINC
tin_0731_10-25_crop_02.jpg,bg_to_strip_inclusion,13,4,235,729,3,4,5,TINB/TINC
tin_0731_10-25_crop_02.jpg,bg_to_strip_inclusion,14,3,226,754,1,3,5,TINB/TINC
tin_0731_10-25_crop_02.jpg,bg_to_strip_inclusion,16,2,234,759,1,2,5,TINB/TINC
tin_0731_10-25_crop_02.jpg,bg_to_strip_inclusion,17,29,224,763,1,29,5,TINB/TINC
tin_0731_10-25_crop_02.jpg,bg_to_strip_inclusion,18,7,231,775,1,7,5,TINB/TINC
tin_0731_10-25_crop_02.jpg,bg_to_strip_inclusion,19,48,229,786,3,32,5,TINB/TINC
tin_0731_10-25_crop_02.jpg,bg_to_strip_inclusion,20,5,223,807,1,5,5,TINB/TINC
tin_0731_10-25_crop_02.jpg,bg_to_strip_inclusion,21,8,340,812,3,3,6,TIND
tin_0731_10-25_crop_02.jpg,bg_to_strip_inclusion,22,10,223,821,1,10,5,TINB/TINC
tin_0731_10-25_crop_02.jpg,bg_to_strip_inclusion,23,7,224,832,1,7,5,TINB/TINC
tin_0731_10-25_crop_02.jpg,bg_to_strip_inclusion,25,55,232,847,7,37,5,TINB/TINC
tin_0731_10-25_crop_02.jpg,bg_to_strip_inclusion,26,6,232,882,1,6,5,TINB/TINC
tin_0731_10-25_crop_02.jpg,bg_to_strip_inclusion,27,7,239,886,1,7,5,TINB/TINC
tin_0731_10-25_crop_02.jpg,bg_to_strip_inclusion,28,5,233,889,1,5,5,TINB/TINC
tin_0731_10-25_crop_02.jpg,bg_to_strip_inclusion,29,178,231,896,7,91,5,TINB/TINC
tin_0731_10-25_crop_02.jpg,bg_to_strip_inclusion,30,10,240,897,1,10,5,TINB/TINC
tin_0731_10-30_crop_00.jpg,bg_to_strip_inclusion,2,5,985,873,3,5,5,TINB/TINC
tin_0731_10-30_crop_00.jpg,bg_to_strip_inclusion,5,2,982,884,1,2,5,TINB/TINC
tin_0731_10-30_crop_00.jpg,bg_to_strip_inclusion,6,16,982,895,3,12,5,TINB/TINC
tin_0731_10-30_crop_00.jpg,bg_to_strip_inclusion,8,2,989,901,1,2,5,TINB/TINC
tin_0731_10-30_crop_00.jpg,bg_to_strip_inclusion,9,3,988,906,1,3,5,TINB/TINC
tin_0731_10-30_crop_00.jpg,bg_to_strip_inclusion,10,3,987,911,1,3,5,TINB/TINC
tin_0731_10-30_crop_00.jpg,bg_to_strip_inclusion,11,3,228,941,3,2,6,TIND
tin_0731_10-30_crop_00.jpg,bg_to_strip_inclusion,12,12,221,944,2,9,6,TIND
tin_0731_10-30_crop_00.jpg,bg_to_strip_inclusion,13,7,967,955,5,4,5,TINB/TINC
tin_0731_10-30_crop_00.jpg,bg_to_strip_inclusion,15,7,219,961,1,7,6,TIND
tin_0731_10-30_crop_00.jpg,bg_to_strip_inclusion,17,19,964,998,14,4,5,TINB/TINC
tin_0731_10-30_crop_01.jpg,bg_to_strip_inclusion,1,22,80,324,2,18,5,TINB/TINC
tin_0731_10-30_crop_01.jpg,bg_to_strip_inclusion,2,6,81,380,1,6,5,TINB/TINC
tin_0731_10-30_crop_01.jpg,bg_to_strip_inclusion,3,6,80,394,1,6,5,TINB/TINC
tin_0731_10-30_crop_01.jpg,bg_to_strip_inclusion,4,14,80,413,1,14,5,TINB/TINC
tin_0731_10-30_crop_01.jpg,bg_to_strip_inclusion,5,4,79,428,1,4,5,TINB/TINC
tin_0731_10-30_crop_01.jpg,bg_to_strip_inclusion,6,2,88,431,1,2,5,TINB/TINC
tin_0731_10-30_crop_01.jpg,bg_to_strip_inclusion,7,3,89,435,1,3,5,TINB/TINC
tin_0731_10-30_crop_01.jpg,bg_to_strip_inclusion,8,189,74,453,8,47,5,TINB/TINC
tin_0731_10-30_crop_01.jpg,bg_to_strip_inclusion,9,2,82,506,1,2,5,TINB/TINC
tin_0731_10-30_crop_01.jpg,bg_to_strip_inclusion,10,162,69,522,8,64,5,TINB/TINC
tin_0731_10-30_crop_01.jpg,bg_to_strip_inclusion,11,4,69,590,1,4,5,TINB/TINC
tin_0731_10-30_crop_01.jpg,bg_to_strip_inclusion,12,3,68,599,1,3,5,TINB/TINC
tin_0731_10-30_crop_01.jpg,bg_to_strip_inclusion,13,27,65,604,3,22,5,TINB/TINC
tin_0731_10-30_crop_01.jpg,bg_to_strip_inclusion,15,4,56,649,1,4,5,TINB/TINC
tin_0731_10-30_crop_01.jpg,bg_to_strip_inclusion,17,2,57,674,1,2,5,TINB/TINC
