image,component_id,area_px,eq_diameter_px,eq_diameter_um,size_group,d_class_coverage,detected
0506tin1_1_45_crop_01.jpg,1,49,7.898654169668588,4.303186791635446,small_<=5um,0.0,0
0506tin1_1_45_crop_01.jpg,2,49,7.898654169668588,4.303186791635446,small_<=5um,0.0,0
0506tin1_1_50_crop_03.jpg,1,29,6.076507779746499,3.3104814384058923,small_<=5um,0.0,0
0506tin1_1_69_crop_02.jpg,1,113,11.994835078277376,6.534786150645513,medium_5-10um,0.8230088495575221,1
0506tin2_09-13_crop_01.jpg,1,272,18.609705966725112,10.13856781067184,large_>10um,0.8198529411764706,1
0506tin2_11-03_crop_01.jpg,1,117,12.205286835384658,6.649440267917561,medium_5-10um,0.0,0
0506tin2_11-07_crop_01.jpg,1,124,12.565098628628435,6.845465732876771,medium_5-10um,1.0,1
0506tin2_11-07_crop_01.jpg,2,145,13.58748446131949,7.402461534526857,medium_5-10um,0.0,0
0506tin2_11-07_crop_01.jpg,3,151,13.86575534383214,7.554063511319749,medium_5-10um,0.9668874172185431,1
0506tin2_12-06_crop_00.jpg,1,184,15.306079714651624,8.338752228542203,medium_5-10um,1.0,1
0506tin2_14-10_crop_00.jpg,1,131,12.914889870235298,7.036032001304189,medium_5-10um,1.0,1
0506tin2_15-04_crop_01.jpg,1,78,9.965574970333758,5.429245243837831,medium_5-10um,0.0,0
0506tin2_15-04_crop_02.jpg,1,96,11.055812783082736,6.023206804223474,medium_5-10um,0.3645833333333333,1
0506tin2_15-04_crop_02.jpg,2,98,11.170383851240114,6.085625122155614,medium_5-10um,0.9285714285714286,1
0528_1-10_crop_00.jpg,1,116,12.153015559492998,6.6209628768117845,medium_5-10um,0.0,0
0528_1-10_crop_00.jpg,2,118,12.257335203001883,6.677796218595425,medium_5-10um,0.0,0
0528_1-10_crop_00.jpg,3,49,7.898654169668588,4.303186791635446,small_<=5um,0.0,0
0528_1-10_crop_00.jpg,4,87,10.524820207108489,5.733922048832704,medium_5-10um,0.0,0
0528_1-10_crop_00.jpg,5,69,9.373021315815206,5.106422012856124,medium_5-10um,0.0,0
0528_1-10_crop_00.jpg,6,42,7.312732791431452,3.983976824771855,small_<=5um,0.0,0
0528_1-10_crop_00.jpg,7,108,11.726460285670077,6.388575563633058,medium_5-10um,0.9259259259259259,1
0528_1-10_crop_00.jpg,8,107,11.67204486311899,6.358930041427225,medium_5-10um,0.0,0
0528_1-10_crop_00.jpg,9,67,9.23618154310838,5.031871704685445,medium_5-10um,0.9402985074626866,1
0528_1-10_crop_00.jpg,10,86,10.464157913908982,5.700873231497613,medium_5-10um,0.36046511627906974,1
0528_1-10_crop_00.jpg,11,62,8.884866446580956,4.840475240097304,small_<=5um,1.0,1
0528_1-10_crop_00.jpg,12,64,9.0270333367641,4.917927761869081,small_<=5um,0.984375,1
0528_1-10_crop_00.jpg,13,81,10.155412503859614,5.532668732102717,medium_5-10um,0.0,0
0528_1-10_crop_00.jpg,14,72,9.574614729634384,5.2162501047048115,medium_5-10um,0.7777777777777778,1
0528_1-10_crop_00.jpg,15,153,13.957279475043833,7.60392585800388,medium_5-10um,0.0,0
0528_1-10_crop_00.jpg,16,64,9.0270333367641,4.917927761869081,small_<=5um,0.203125,0
0528_1-10_crop_00.jpg,17,43,7.399277020331919,4.031126120676829,small_<=5um,0.0,0
0528_1-12_crop_00.jpg,1,66,9.166995688475081,4.994179251081224,small_<=5um,0.9696969696969697,1
0528_1-12_crop_00.jpg,2,49,7.898654169668588,4.303186791635446,small_<=5um,0.0,0
0528_1-12_crop_00.jpg,3,69,9.373021315815206,5.106422012856124,medium_5-10um,0.8695652173913043,1
0528_1-12_crop_00.jpg,4,64,9.0270333367641,4.917927761869081,small_<=5um,0.671875,1
0528_1-12_crop_00.jpg,5,97,11.11324596323283,6.054496400769245,medium_5-10um,0.0,0
0528_1-12_crop_00.jpg,6,69,9.373021315815206,5.106422012856124,medium_5-10um,0.9855072463768116,1
0528_1-12_crop_00.jpg,7,81,10.155412503859614,5.532668732102717,medium_5-10um,0.0,0
0528_1-12_crop_00.jpg,8,81,10.155412503859614,5.532668732102717,medium_5-10um,0.0,0
0528_1-12_crop_00.jpg,9,86,10.464157913908982,5.700873231497613,medium_5-10um,0.27906976744186046,0
0528_1-12_crop_00.jpg,10,102,11.396070970426017,6.208579464688094,medium_5-10um,0.0,0
0528_1-12_crop_00.jpg,11,67,9.23618154310838,5.031871704685445,medium_5-10um,0.0,0
0528_1-12_crop_00.jpg,12,84,10.341765891652821,5.634194057772457,medium_5-10um,0.5357142857142857,1
0528_1-12_crop_00.jpg,13,75,9.772050238058398,5.323812969694215,medium_5-10um,0.7466666666666667,1
0528_1-15_crop_00.jpg,1,52,8.136857890256438,4.432960178611707,small_<=5um,0.0,0
0528_1-15_crop_00.jpg,2,91,10.764051215546116,5.8642551022295235,medium_5-10um,0.8351648351648352,1
0528_1-15_crop_00.jpg,3,119,12.309163489997376,6.70603226935057,medium_5-10um,0.0,0
0528_1-15_crop_00.jpg,4,85,10.403141895720198,5.667631704788364,medium_5-10um,0.7058823529411765,1
0528_1-15_crop_00.jpg,5,49,7.898654169668588,4.303186791635446,small_<=5um,0.0,0
0528_1-15_crop_00.jpg,6,61,8.812923024107548,4.801280463533791,small_<=5um,0.7540983606557377,1
0528_1-15_crop_00.jpg,7,41,7.225151993843567,3.936262806245975,small_<=5um,0.0,0
0528_1-15_crop_00.jpg,8,58,8.593479713983122,4.681727748178004,small_<=5um,0.7586206896551724,1
0528_1-15_crop_00.jpg,9,74,9.706684619910241,5.288201780927099,medium_5-10um,0.6621621621621622,1
0528_1-15_crop_02.jpg,1,99,11.227230955528665,6.116595424572016,medium_5-10um,0.8484848484848485,1
0528_1-17_crop_01.jpg,1,75,9.772050238058398,5.323812969694215,medium_5-10um,0.8266666666666667,1
0528_1-17_crop_01.jpg,2,57,8.51907589177983,4.64119254584165,small_<=5um,0.0,0
0528_1-17_crop_01.jpg,3,102,11.396070970426017,6.208579464688094,medium_5-10um,0.0,0
0528_1-17_crop_01.jpg,4,62,8.884866446580956,4.840475240097304,small_<=5um,0.0,0
0528_1-17_crop_01.jpg,5,41,7.225151993843567,3.936262806245975,small_<=5um,0.0,0
0528_1-17_crop_01.jpg,6,64,9.0270333367641,4.917927761869081,small_<=5um,0.0,0
0528_1-17_crop_01.jpg,7,80,10.092530088080641,5.498410391986333,medium_5-10um,0.6375,1
0528_1-19_crop_00.jpg,1,51,8.058239062071396,4.390128641016496,small_<=5um,0.9607843137254902,1
0528_1-19_crop_00.jpg,2,84,10.341765891652821,5.634194057772457,medium_5-10um,0.9047619047619048,1
0528_1-19_crop_00.jpg,3,81,10.155412503859614,5.532668732102717,medium_5-10um,0.9506172839506173,1
0528_1-19_crop_00.jpg,4,76,9.83698151873187,5.359187531405122,medium_5-10um,0.0,0
0528_1-19_crop_00.jpg,5,72,9.574614729634384,5.2162501047048115,medium_5-10um,0.0,0
0528_1-21_crop_01.jpg,1,88,10.585134856802455,5.766781469985977,medium_5-10um,0.8068181818181818,1
0528_1-21_crop_02.jpg,1,67,9.23618154310838,5.031871704685445,medium_5-10um,0.8955223880597015,1
0528_1-21_crop_02.jpg,2,49,7.898654169668588,4.303186791635446,small_<=5um,0.9795918367346939,1
0528_1-4_crop_01.jpg,1,116,12.153015559492998,6.6209628768117845,medium_5-10um,0.0,0
0528_1-4_crop_01.jpg,2,78,9.965574970333758,5.429245243837831,medium_5-10um,0.0,0
0528_1-4_crop_01.jpg,3,85,10.403141895720198,5.667631704788364,medium_5-10um,0.9764705882352941,1
0528_1-4_crop_01.jpg,4,80,10.092530088080641,5.498410391986333,medium_5-10um,0.8625,1
0528_1-4_crop_01.jpg,5,127,12.716187407449045,6.9277788995782394,medium_5-10um,0.7007874015748031,1
0528_1-6_crop_01.jpg,1,81,10.155412503859614,5.532668732102717,medium_5-10um,0.9382716049382716,1
0528_1-6_crop_01.jpg,2,54,8.291859587312052,4.517405103167605,small_<=5um,0.16666666666666666,0
0528_1-6_crop_01.jpg,3,81,10.155412503859614,5.532668732102717,medium_5-10um,0.9259259259259259,1
0528_1-7_crop_00.jpg,1,50,7.978845608028654,4.34687508725401,small_<=5um,0.0,0
0528_1-7_crop_00.jpg,2,64,9.0270333367641,4.917927761869081,small_<=5um,0.0,0
0528_1-7_crop_00.jpg,3,197,15.837556323903858,8.62830068526282,medium_5-10um,0.0,0
0528_2-10_crop_01.jpg,1,216,16.583719174624104,9.03481020633521,medium_5-10um,0.9027777777777778,1
0528_2-20_crop_00.jpg,1,29,6.076507779746499,3.3104814384058923,small_<=5um,1.0,1
0711-48_crop_01.jpg,1,29,6.076507779746499,3.3104814384058923,small_<=5um,1.0,1
0711-48_crop_01.jpg,2,29,6.076507779746499,3.3104814384058923,small_<=5um,0.8275862068965517,1
0711-49_crop_01.jpg,1,29,6.076507779746499,3.3104814384058923,small_<=5um,0.0,0
0711-52_crop_00.jpg,1,49,7.898654169668588,4.303186791635446,small_<=5um,0.8571428571428571,1
0711-52_crop_00.jpg,2,113,11.994835078277376,6.534786150645513,medium_5-10um,0.21238938053097345,0
0711-52_crop_00.jpg,3,29,6.076507779746499,3.3104814384058923,small_<=5um,0.034482758620689655,0
0711-52_crop_00.jpg,4,29,6.076507779746499,3.3104814384058923,small_<=5um,0.8275862068965517,1
0711-58_crop_00.jpg,1,113,11.994835078277376,6.534786150645513,medium_5-10um,1.0,1
0711-71_crop_01.jpg,1,49,7.898654169668588,4.303186791635446,small_<=5um,0.16326530612244897,0
0726-15_crop_00.jpg,1,60,8.740387444736633,4.761763079892518,small_<=5um,0.0,0
0726-15_crop_00.jpg,2,81,10.155412503859614,5.532668732102717,medium_5-10um,0.0,0
0726-18_crop_00.jpg,1,29,6.076507779746499,3.3104814384058923,small_<=5um,0.0,0
0726-28_crop_00.jpg,1,96,11.055812783082736,6.023206804223474,medium_5-10um,0.0,0
0726-28_crop_00.jpg,2,29,6.076507779746499,3.3104814384058923,small_<=5um,0.0,0
0726-30_crop_02.jpg,1,97,11.11324596323283,6.054496400769245,medium_5-10um,0.845360824742268,1
0726-6_crop_01.jpg,1,49,7.898654169668588,4.303186791635446,small_<=5um,1.0,1
0726-7_crop_01.jpg,1,81,10.155412503859614,5.532668732102717,medium_5-10um,1.0,1
0822-2_crop_01.jpg,1,81,10.155412503859614,5.532668732102717,medium_5-10um,0.7407407407407407,1
0822-30_crop_01.jpg,1,731,30.508000708034015,16.62075878573693,large_>10um,0.5170998632010944,1
0826_D-11_crop_00.jpg,1,873,33.33973788969849,18.163489202307737,large_>10um,0.0,0
0826_D-11_crop_00.jpg,2,113,11.994835078277376,6.534786150645513,medium_5-10um,0.8141592920353983,1
0826_D-11_crop_02.jpg,1,81,10.155412503859614,5.532668732102717,medium_5-10um,0.7777777777777778,1
0826_D-11_crop_02.jpg,2,49,7.898654169668588,4.303186791635446,small_<=5um,0.9795918367346939,1
0826_D-14_crop_01.jpg,1,81,10.155412503859614,5.532668732102717,medium_5-10um,0.9506172839506173,1
0826_D-16_crop_02.jpg,1,49,7.898654169668588,4.303186791635446,small_<=5um,0.40816326530612246,1
0826_D-16_crop_02.jpg,2,81,10.155412503859614,5.532668732102717,medium_5-10um,0.9382716049382716,1
0826_D-16_crop_02.jpg,3,49,7.898654169668588,4.303186791635446,small_<=5um,0.0,0
0826_D-17_crop_01.jpg,1,113,11.994835078277376,6.534786150645513,medium_5-10um,0.2743362831858407,0
0826_D-17_crop_01.jpg,2,49,7.898654169668588,4.303186791635446,small_<=5um,0.0,0
0826_D-17_crop_01.jpg,3,81,10.155412503859614,5.532668732102717,medium_5-10um,0.9012345679012346,1
0826_D-17_crop_01.jpg,4,149,13.773623058786647,7.5038698424269645,medium_5-10um,1.0,1
0826_D-17_crop_01.jpg,5,81,10.155412503859614,5.532668732102717,medium_5-10um,1.0,1
0826_D-17_crop_01.jpg,6,49,7.898654169668588,4.303186791635446,small_<=5um,0.5918367346938775,1
0826_D-17_crop_01.jpg,7,197,15.837556323903858,8.62830068526282,medium_5-10um,1.0,1
0826_D-19_crop_01.jpg,1,113,11.994835078277376,6.534786150645513,medium_5-10um,0.9911504424778761,1
0826_D-19_crop_01.jpg,2,81,10.155412503859614,5.532668732102717,medium_5-10um,0.8765432098765432,1
0826_D-20_crop_00.jpg,1,49,7.898654169668588,4.303186791635446,small_<=5um,0.9387755102040817,1
0826_D-20_crop_00.jpg,2,81,10.155412503859614,5.532668732102717,medium_5-10um,0.9259259259259259,1
0826_D-20_crop_00.jpg,3,49,7.898654169668588,4.303186791635446,small_<=5um,0.14285714285714285,0
0826_D-20_crop_00.jpg,4,463,24.279825147895533,13.227648740573485,large_>10um,0.9308855291576674,1
0826_D-20_crop_00.jpg,5,81,10.155412503859614,5.532668732102717,medium_5-10um,0.9876543209876543,1
0826_D-20_crop_00.jpg,6,81,10.155412503859614,5.532668732102717,medium_5-10um,0.9506172839506173,1
0826_D-20_crop_00.jpg,7,209,16.312788383647018,8.887207111410895,medium_5-10um,0.9425837320574163,1
0826_D-20_crop_01.jpg,1,49,7.898654169668588,4.303186791635446,small_<=5um,0.0,0
0826_D-20_crop_01.jpg,2,81,10.155412503859614,5.532668732102717,medium_5-10um,0.8024691358024691,1
0826_D-20_crop_01.jpg,3,49,7.898654169668588,4.303186791635446,small_<=5um,0.8367346938775511,1
0826_D-25_crop_00.jpg,1,113,11.994835078277376,6.534786150645513,medium_5-10um,0.9469026548672567,1
0826_D-25_crop_00.jpg,2,113,11.994835078277376,6.534786150645513,medium_5-10um,0.9646017699115044,1
0826_D-25_crop_00.jpg,3,99,11.227230955528665,6.116595424572016,medium_5-10um,0.9797979797979798,1
0826_D-25_crop_00.jpg,4,49,7.898654169668588,4.303186791635446,small_<=5um,0.0,0
0826_D-25_crop_00.jpg,5,49,7.898654169668588,4.303186791635446,small_<=5um,1.0,1
0826_D-25_crop_00.jpg,6,81,10.155412503859614,5.532668732102717,medium_5-10um,0.0,0
0826_D-32_crop_02.jpg,1,149,13.773623058786647,7.5038698424269645,medium_5-10um,0.9798657718120806,1
0826_D-33_crop_00.jpg,1,107,11.67204486311899,6.358930041427225,medium_5-10um,0.0,0
0826_D-33_crop_00.jpg,2,29,6.076507779746499,3.3104814384058923,small_<=5um,0.0,0
0826_D-33_crop_00.jpg,3,29,6.076507779746499,3.3104814384058923,small_<=5um,0.0,0
0826_D-33_crop_00.jpg,4,81,10.155412503859614,5.532668732102717,medium_5-10um,0.7160493827160493,1
0826_D-33_crop_00.jpg,5,49,7.898654169668588,4.303186791635446,small_<=5um,0.0,0
0826_D-33_crop_00.jpg,6,49,7.898654169668588,4.303186791635446,small_<=5um,0.0,0
0826_D-33_crop_00.jpg,7,49,7.898654169668588,4.303186791635446,small_<=5um,1.0,1
0826_D-33_crop_00.jpg,8,49,7.898654169668588,4.303186791635446,small_<=5um,0.20408163265306123,0
0826_D-33_crop_01.jpg,1,149,13.773623058786647,7.5038698424269645,medium_5-10um,1.0,1
0826_D-33_crop_01.jpg,2,81,10.155412503859614,5.532668732102717,medium_5-10um,0.4444444444444444,1
0826_D-33_crop_01.jpg,3,81,10.155412503859614,5.532668732102717,medium_5-10um,0.9753086419753086,1
0826_D-33_crop_01.jpg,4,317,20.090219901261573,10.945151802207304,large_>10um,0.7981072555205048,1
0826_D-33_crop_01.jpg,5,113,11.994835078277376,6.534786150645513,medium_5-10um,0.9557522123893806,1
0826_D-37_crop_02.jpg,1,81,10.155412503859614,5.532668732102717,medium_5-10um,0.9382716049382716,1
0826_D-37_crop_02.jpg,2,113,11.994835078277376,6.534786150645513,medium_5-10um,0.9469026548672567,1
0826_D-3_crop_01.jpg,1,149,13.773623058786647,7.5038698424269645,medium_5-10um,0.8657718120805369,1
0826_D-3_crop_01.jpg,2,149,13.773623058786647,7.5038698424269645,medium_5-10um,0.825503355704698,1
0826_D-42_crop_02.jpg,1,113,11.994835078277376,6.534786150645513,medium_5-10um,0.9469026548672567,1
0826_D-43_crop_01.jpg,1,149,13.773623058786647,7.5038698424269645,medium_5-10um,0.9463087248322147,1
0826_D-43_crop_01.jpg,2,49,7.898654169668588,4.303186791635446,small_<=5um,1.0,1
0826_D-43_crop_01.jpg,3,81,10.155412503859614,5.532668732102717,medium_5-10um,0.8148148148148148,1
0826_D-45_crop_01.jpg,1,253,17.94796937867892,9.778053717504275,medium_5-10um,0.9525691699604744,1
0826_D-45_crop_01.jpg,2,81,10.155412503859614,5.532668732102717,medium_5-10um,0.7530864197530864,1
0826_D-45_crop_01.jpg,3,81,10.155412503859614,5.532668732102717,medium_5-10um,0.9629629629629629,1
0826_D-45_crop_01.jpg,4,81,10.155412503859614,5.532668732102717,medium_5-10um,0.9135802469135802,1
0826_D-4_crop_01.jpg,1,81,10.155412503859614,5.532668732102717,medium_5-10um,0.8395061728395061,1
0826_D-4_crop_01.jpg,2,29,6.076507779746499,3.3104814384058923,small_<=5um,0.7586206896551724,1
0826_D-4_crop_01.jpg,3,81,10.155412503859614,5.532668732102717,medium_5-10um,0.654320987654321,1
0826_D-4_crop_01.jpg,4,81,10.155412503859614,5.532668732102717,medium_5-10um,0.9506172839506173,1
0826_D-56_crop_00.jpg,1,29,6.076507779746499,3.3104814384058923,small_<=5um,0.0,0
0826_D-56_crop_00.jpg,2,81,10.155412503859614,5.532668732102717,medium_5-10um,0.8148148148148148,1
0826_D-56_crop_00.jpg,3,49,7.898654169668588,4.303186791635446,small_<=5um,0.9591836734693877,1
0826_D-56_crop_00.jpg,4,49,7.898654169668588,4.303186791635446,small_<=5um,0.6938775510204082,1
0826_D-56_crop_00.jpg,5,113,11.994835078277376,6.534786150645513,medium_5-10um,1.0,1
0826_D-57_crop_00.jpg,1,158,14.183506197980657,7.727174176659862,medium_5-10um,0.9240506329113924,1
0826_D-57_crop_00.jpg,2,81,10.155412503859614,5.532668732102717,medium_5-10um,0.7283950617283951,1
0826_D-57_crop_00.jpg,3,253,17.94796937867892,9.778053717504275,medium_5-10um,0.8023715415019763,1
0826_D-5_crop_01.jpg,1,49,7.898654169668588,4.303186791635446,small_<=5um,0.7959183673469388,1
0826_D-5_crop_01.jpg,2,317,20.090219901261573,10.945151802207304,large_>10um,0.8138801261829653,1
0826_D-63_crop_00.jpg,1,149,13.773623058786647,7.5038698424269645,medium_5-10um,0.9664429530201343,1
0826_D-63_crop_00.jpg,2,29,6.076507779746499,3.3104814384058923,small_<=5um,0.0,0
0826_D-63_crop_00.jpg,3,49,7.898654169668588,4.303186791635446,small_<=5um,1.0,1
0826_D-63_crop_00.jpg,4,113,11.994835078277376,6.534786150645513,medium_5-10um,0.9823008849557522,1
0826_D-66_crop_02.jpg,1,49,7.898654169668588,4.303186791635446,small_<=5um,0.8163265306122449,1
0826_D-69_crop_01.jpg,1,81,10.155412503859614,5.532668732102717,medium_5-10um,0.9382716049382716,1
0826_D-69_crop_01.jpg,2,81,10.155412503859614,5.532668732102717,medium_5-10um,0.9012345679012346,1
0826_D-69_crop_01.jpg,3,113,11.994835078277376,6.534786150645513,medium_5-10um,0.8584070796460177,1
0826_D-70_crop_00.jpg,1,29,6.076507779746499,3.3104814384058923,small_<=5um,0.0,0
0826_D-70_crop_00.jpg,2,81,10.155412503859614,5.532668732102717,medium_5-10um,1.0,1
0826_D-70_crop_00.jpg,3,149,13.773623058786647,7.5038698424269645,medium_5-10um,0.912751677852349,1
0826_D-70_crop_00.jpg,4,81,10.155412503859614,5.532668732102717,medium_5-10um,0.9629629629629629,1
0826_D-89_crop_01.jpg,1,81,10.155412503859614,5.532668732102717,medium_5-10um,0.9629629629629629,1
0826_D-89_crop_01.jpg,2,197,15.837556323903858,8.62830068526282,medium_5-10um,0.8730964467005076,1
0826_D-8_crop_00.jpg,1,49,7.898654169668588,4.303186791635446,small_<=5um,0.9183673469387755,1
0826_D-8_crop_00.jpg,2,81,10.155412503859614,5.532668732102717,medium_5-10um,0.9876543209876543,1
0826_D-8_crop_00.jpg,3,113,11.994835078277376,6.534786150645513,medium_5-10um,1.0,1
0826_D-8_crop_00.jpg,4,113,11.994835078277376,6.534786150645513,medium_5-10um,0.9292035398230089,1
0826_D-8_crop_00.jpg,5,113,11.994835078277376,6.534786150645513,medium_5-10um,0.8849557522123894,1
0826_D-8_crop_00.jpg,6,49,7.898654169668588,4.303186791635446,small_<=5um,0.0,0
0826_D-91_crop_02.jpg,1,49,7.898654169668588,4.303186791635446,small_<=5um,0.9591836734693877,1
0826_D-94_crop_00.jpg,1,49,7.898654169668588,4.303186791635446,small_<=5um,0.7959183673469388,1
0826_D-94_crop_00.jpg,2,49,7.898654169668588,4.303186791635446,small_<=5um,0.7959183673469388,1
0826_D-94_crop_00.jpg,3,261,18.229523339239496,9.931444315217677,medium_5-10um,0.0,0
0826_D-94_crop_00.jpg,4,149,13.773623058786647,7.5038698424269645,medium_5-10um,0.912751677852349,1
0826_D-94_crop_00.jpg,5,29,6.076507779746499,3.3104814384058923,small_<=5um,0.0,0
0826_D-94_crop_01.jpg,1,29,6.076507779746499,3.3104814384058923,small_<=5um,0.0,0
0826_D-94_crop_01.jpg,2,29,6.076507779746499,3.3104814384058923,small_<=5um,0.9310344827586207,1
0826_D-95_crop_00.jpg,1,113,11.994835078277376,6.534786150645513,medium_5-10um,0.9911504424778761,1
0826_D-95_crop_00.jpg,2,81,10.155412503859614,5.532668732102717,medium_5-10um,0.16049382716049382,0
0826_D-95_crop_00.jpg,3,197,15.837556323903858,8.62830068526282,medium_5-10um,0.9949238578680203,1
0826_D-95_crop_00.jpg,4,49,7.898654169668588,4.303186791635446,small_<=5um,1.0,1
2025_3011_D_AWM-103_crop_00.jpg,1,50,7.978845608028654,4.34687508725401,small_<=5um,0.26,0
2025_3011_D_AWM-103_crop_00.jpg,2,34,6.579524642479541,3.5845250252228533,small_<=5um,0.7941176470588235,1
2025_3011_D_AWM-103_crop_00.jpg,3,26,5.753627391751592,3.134576203026267,small_<=5um,0.0,0
2025_3011_D_AWM-103_crop_00.jpg,4,19,4.918490759365935,2.679593765702561,small_<=5um,0.0,0
2025_3011_D_AWM-103_crop_00.jpg,5,187,15.430353037616328,8.406456334893376,medium_5-10um,0.7700534759358288,1
2025_3011_D_AWM-103_crop_00.jpg,6,27,5.863230142835039,3.194287781816529,small_<=5um,0.0,0
2025_3011_D_AWM-103_crop_00.jpg,7,60,8.740387444736633,4.761763079892518,small_<=5um,0.8166666666666667,1
2025_3011_D_AWM-103_crop_00.jpg,8,29,6.076507779746499,3.3104814384058923,small_<=5um,0.896551724137931,1
2025_3011_D_AWM-103_crop_00.jpg,9,91,10.764051215546116,5.8642551022295235,medium_5-10um,0.7472527472527473,1
2025_3011_D_AWM-103_crop_00.jpg,10,46,7.653039857325812,4.169376114271102,small_<=5um,0.0,0
2025_3011_D_AWM-103_crop_00.jpg,11,32,6.383076486422923,3.477500069803208,small_<=5um,0.8125,1
2025_3011_D_AWM-103_crop_00.jpg,12,33,6.4820448144285745,3.531418014900687,small_<=5um,0.8787878787878788,1
2025_3011_D_AWM-10_crop_00.jpg,1,29,6.076507779746499,3.3104814384058923,small_<=5um,0.0,0
2025_3011_D_AWM-10_crop_00.jpg,2,29,6.076507779746499,3.3104814384058923,small_<=5um,0.0,0
2025_3011_D_AWM-10_crop_00.jpg,3,29,6.076507779746499,3.3104814384058923,small_<=5um,0.5862068965517241,1
2025_3011_D_AWM-10_crop_00.jpg,4,29,6.076507779746499,3.3104814384058923,small_<=5um,0.5517241379310345,1
2025_3011_D_AWM-10_crop_00.jpg,5,29,6.076507779746499,3.3104814384058923,small_<=5um,0.7241379310344828,1
2025_3011_D_AWM-10_crop_00.jpg,6,29,6.076507779746499,3.3104814384058923,small_<=5um,0.8275862068965517,1
2025_3011_D_AWM-10_crop_00.jpg,7,13,4.068428945128219,2.2164800893058536,small_<=5um,1.0,1
2025_3011_D_AWM-116_crop_00.jpg,1,27,5.863230142835039,3.194287781816529,small_<=5um,0.8518518518518519,1
2025_3011_D_AWM-116_crop_00.jpg,2,56,8.444016491289505,4.600300184454522,small_<=5um,0.8392857142857143,1
2025_3011_D_AWM-116_crop_00.jpg,3,24,5.527906391541368,3.011603402111737,small_<=5um,0.625,1
2025_3011_D_AWM-116_crop_00.jpg,4,57,8.51907589177983,4.64119254584165,small_<=5um,0.8947368421052632,1
2025_3011_D_AWM-116_crop_00.jpg,5,58,8.593479713983122,4.681727748178004,small_<=5um,0.8793103448275862,1
2025_3011_D_AWM-116_crop_00.jpg,6,57,8.51907589177983,4.64119254584165,small_<=5um,0.8947368421052632,1
2025_3011_D_AWM-119_crop_00.jpg,1,40,7.136496464611085,3.8879632739201186,small_<=5um,0.7,1
2025_3011_D_AWM-119_crop_00.jpg,2,52,8.136857890256438,4.432960178611707,small_<=5um,0.4423076923076923,1
2025_3011_D_AWM-119_crop_00.jpg,3,33,6.4820448144285745,3.531418014900687,small_<=5um,0.8181818181818182,1
2025_3011_D_AWM-119_crop_00.jpg,4,47,7.735777827895049,4.214451760637222,small_<=5um,0.9361702127659575,1
2025_3011_D_AWM-119_crop_00.jpg,5,37,6.863662517577698,3.7393233395763295,small_<=5um,0.9459459459459459,1
2025_3011_D_AWM-119_crop_00.jpg,6,17,4.652426491681278,2.53464195266796,small_<=5um,0.8235294117647058,1
2025_3011_D_AWM-119_crop_00.jpg,7,66,9.166995688475081,4.994179251081224,small_<=5um,0.9393939393939394,1
2025_3011_D_AWM-11_crop_00.jpg,1,29,6.076507779746499,3.3104814384058923,small_<=5um,1.0,1
2025_3011_D_AWM-11_crop_00.jpg,2,13,4.068428945128219,2.2164800893058536,small_<=5um,0.0,0
2025_3011_D_AWM-11_crop_00.jpg,3,29,6.076507779746499,3.3104814384058923,small_<=5um,0.8275862068965517,1
2025_3011_D_AWM-11_crop_00.jpg,4,13,4.068428945128219,2.2164800893058536,small_<=5um,0.6923076923076923,1
2025_3011_D_AWM-11_crop_00.jpg,5,49,7.898654169668588,4.303186791635446,small_<=5um,0.6530612244897959,1
2025_3011_D_AWM-120_crop_00.jpg,1,37,6.863662517577698,3.7393233395763295,small_<=5um,0.8648648648648649,1
2025_3011_D_AWM-120_crop_00.jpg,2,31,6.282549314314218,3.4227328664383854,small_<=5um,0.8709677419354839,1
2025_3011_D_AWM-120_crop_00.jpg,3,125,12.6156626101008,6.873012989982915,medium_5-10um,0.808,1
2025_3011_D_AWM-120_crop_00.jpg,4,21,5.170882945826411,2.8170970288862285,small_<=5um,0.8571428571428571,1
2025_3011_D_AWM-120_crop_00.jpg,5,49,7.898654169668588,4.303186791635446,small_<=5um,0.6530612244897959,1
2025_3011_D_AWM-120_crop_00.jpg,6,25,5.641895835477563,3.0737048511681757,small_<=5um,0.92,1
2025_3011_D_AWM-120_crop_00.jpg,7,14,4.222008245644752,2.300150092227261,small_<=5um,0.0,0
2025_3011_D_AWM-120_crop_00.jpg,8,26,5.753627391751592,3.134576203026267,small_<=5um,0.7307692307692307,1
2025_3011_D_AWM-12_crop_00.jpg,1,113,11.994835078277376,6.534786150645513,medium_5-10um,0.0,0
2025_3011_D_AWM-12_crop_00.jpg,2,49,7.898654169668588,4.303186791635446,small_<=5um,0.6530612244897959,1
2025_3011_D_AWM-12_crop_00.jpg,3,29,6.076507779746499,3.3104814384058923,small_<=5um,0.0,0
2025_3011_D_AWM-12_crop_00.jpg,4,49,7.898654169668588,4.303186791635446,small_<=5um,0.0,0
2025_3011_D_AWM-12_crop_00.jpg,5,49,7.898654169668588,4.303186791635446,small_<=5um,0.9795918367346939,1
2025_3011_D_AWM-12_crop_00.jpg,6,29,6.076507779746499,3.3104814384058923,small_<=5um,0.6551724137931034,1
2025_3011_D_AWM-12_crop_00.jpg,7,29,6.076507779746499,3.3104814384058923,small_<=5um,0.2413793103448276,0
2025_3011_D_AWM-12_crop_00.jpg,8,99,11.227230955528665,6.116595424572016,medium_5-10um,0.0,0
2025_3011_D_AWM-12_crop_00.jpg,9,29,6.076507779746499,3.3104814384058923,small_<=5um,0.5862068965517241,1
2025_3011_D_AWM-12_crop_00.jpg,10,29,6.076507779746499,3.3104814384058923,small_<=5um,0.9655172413793104,1
2025_3011_D_AWM-134_crop_00.jpg,1,37,6.863662517577698,3.7393233395763295,small_<=5um,0.7567567567567568,1
2025_3011_D_AWM-134_crop_00.jpg,2,18,4.787307364817192,2.6081250523524058,small_<=5um,0.6666666666666666,1
2025_3011_D_AWM-134_crop_00.jpg,3,63,8.95623198216277,4.879355183882277,small_<=5um,0.7619047619047619,1
2025_3011_D_AWM-134_crop_00.jpg,4,52,8.136857890256438,4.432960178611707,small_<=5um,0.0,0
2025_3011_D_AWM-136_crop_00.jpg,1,30,6.180387232371033,3.3670749641957385,small_<=5um,0.6,1
2025_3011_D_AWM-136_crop_00.jpg,2,38,6.955796338302048,3.7895178451069556,small_<=5um,0.9473684210526315,1
2025_3011_D_AWM-140_crop_00.jpg,1,42,7.312732791431452,3.983976824771855,small_<=5um,0.8809523809523809,1
2025_3011_D_AWM-140_crop_00.jpg,2,49,7.898654169668588,4.303186791635446,small_<=5um,0.8775510204081632,1
2025_3011_D_AWM-175_crop_00.jpg,1,85,10.403141895720198,5.667631704788364,medium_5-10um,0.8705882352941177,1
2025_3011_D_AWM-1_crop_00.jpg,1,29,6.076507779746499,3.3104814384058923,small_<=5um,0.7241379310344828,1
2025_3011_D_AWM-1_crop_00.jpg,2,13,4.068428945128219,2.2164800893058536,small_<=5um,0.0,0
2025_3011_D_AWM-1_crop_00.jpg,3,29,6.076507779746499,3.3104814384058923,small_<=5um,0.8620689655172413,1
2025_3011_D_AWM-1_crop_00.jpg,4,29,6.076507779746499,3.3104814384058923,small_<=5um,0.7931034482758621,1
2025_3011_D_AWM-22_crop_00.jpg,1,29,6.076507779746499,3.3104814384058923,small_<=5um,0.896551724137931,1
2025_3011_D_AWM-22_crop_00.jpg,2,29,6.076507779746499,3.3104814384058923,small_<=5um,0.6896551724137931,1
2025_3011_D_AWM-22_crop_00.jpg,3,49,7.898654169668588,4.303186791635446,small_<=5um,0.8775510204081632,1
2025_3011_D_AWM-22_crop_00.jpg,4,29,6.076507779746499,3.3104814384058923,small_<=5um,0.7586206896551724,1
2025_3011_D_AWM-22_crop_00.jpg,5,81,10.155412503859614,5.532668732102717,medium_5-10um,0.7901234567901234,1
2025_3011_D_AWM-22_crop_00.jpg,6,49,7.898654169668588,4.303186791635446,small_<=5um,0.7142857142857143,1
2025_3011_D_AWM-22_crop_00.jpg,7,81,10.155412503859614,5.532668732102717,medium_5-10um,0.8148148148148148,1
2025_3011_D_AWM-22_crop_00.jpg,8,49,7.898654169668588,4.303186791635446,small_<=5um,0.9795918367346939,1
2025_3011_D_AWM-25_crop_00.jpg,1,29,6.076507779746499,3.3104814384058923,small_<=5um,1.0,1
2025_3011_D_AWM-25_crop_00.jpg,2,13,4.068428945128219,2.2164800893058536,small_<=5um,0.5384615384615384,1
2025_3011_D_AWM-25_crop_00.jpg,3,49,7.898654169668588,4.303186791635446,small_<=5um,0.9387755102040817,1
2025_3011_D_AWM-25_crop_00.jpg,4,113,11.994835078277376,6.534786150645513,medium_5-10um,0.9646017699115044,1
2025_3011_D_AWM-25_crop_00.jpg,5,13,4.068428945128219,2.2164800893058536,small_<=5um,0.9230769230769231,1
2025_3011_D_AWM-28_crop_00.jpg,1,13,4.068428945128219,2.2164800893058536,small_<=5um,0.0,0
2025_3011_D_AWM-28_crop_00.jpg,2,29,6.076507779746499,3.3104814384058923,small_<=5um,0.8275862068965517,1
2025_3011_D_AWM-28_crop_00.jpg,3,29,6.076507779746499,3.3104814384058923,small_<=5um,0.8620689655172413,1
2025_3011_D_AWM-28_crop_00.jpg,4,13,4.068428945128219,2.2164800893058536,small_<=5um,0.0,0
2025_3011_D_AWM-28_crop_00.jpg,5,13,4.068428945128219,2.2164800893058536,small_<=5um,0.0,0
2025_3011_D_AWM-28_crop_00.jpg,6,13,4.068428945128219,2.2164800893058536,small_<=5um,0.8461538461538461,1
2025_3011_D_AWM-28_crop_00.jpg,7,29,6.076507779746499,3.3104814384058923,small_<=5um,0.8620689655172413,1
2025_3011_D_AWM-28_crop_00.jpg,8,29,6.076507779746499,3.3104814384058923,small_<=5um,0.896551724137931,1
2025_3011_D_AWM-28_crop_00.jpg,9,29,6.076507779746499,3.3104814384058923,small_<=5um,0.896551724137931,1
2025_3011_D_AWM-2_crop_00.jpg,1,13,4.068428945128219,2.2164800893058536,small_<=5um,0.0,0
2025_3011_D_AWM-2_crop_00.jpg,2,13,4.068428945128219,2.2164800893058536,small_<=5um,0.0,0
2025_3011_D_AWM-2_crop_00.jpg,3,13,4.068428945128219,2.2164800893058536,small_<=5um,0.0,0
2025_3011_D_AWM-2_crop_00.jpg,4,13,4.068428945128219,2.2164800893058536,small_<=5um,0.0,0
2025_3011_D_AWM-2_crop_00.jpg,5,13,4.068428945128219,2.2164800893058536,small_<=5um,1.0,1
2025_3011_D_AWM-2_crop_00.jpg,6,13,4.068428945128219,2.2164800893058536,small_<=5um,1.0,1
2025_3011_D_AWM-2_crop_00.jpg,7,29,6.076507779746499,3.3104814384058923,small_<=5um,1.0,1
2025_3011_D_AWM-2_crop_00.jpg,8,29,6.076507779746499,3.3104814384058923,small_<=5um,0.0,0
2025_3011_D_AWM-2_crop_00.jpg,9,29,6.076507779746499,3.3104814384058923,small_<=5um,0.896551724137931,1
2025_3011_D_AWM-2_crop_00.jpg,10,29,6.076507779746499,3.3104814384058923,small_<=5um,0.9655172413793104,1
2025_3011_D_AWM-2_crop_00.jpg,11,29,6.076507779746499,3.3104814384058923,small_<=5um,0.7931034482758621,1
2025_3011_D_AWM-35_crop_00.jpg,1,29,6.076507779746499,3.3104814384058923,small_<=5um,0.9310344827586207,1
2025_3011_D_AWM-35_crop_00.jpg,2,29,6.076507779746499,3.3104814384058923,small_<=5um,0.0,0
2025_3011_D_AWM-35_crop_00.jpg,3,49,7.898654169668588,4.303186791635446,small_<=5um,0.8163265306122449,1
2025_3011_D_AWM-35_crop_00.jpg,4,81,10.155412503859614,5.532668732102717,medium_5-10um,0.9135802469135802,1
2025_3011_D_AWM-35_crop_00.jpg,5,29,6.076507779746499,3.3104814384058923,small_<=5um,0.5862068965517241,1
2025_3011_D_AWM-35_crop_00.jpg,6,13,4.068428945128219,2.2164800893058536,small_<=5um,0.6923076923076923,1
2025_3011_D_AWM-35_crop_00.jpg,7,49,7.898654169668588,4.303186791635446,small_<=5um,0.5306122448979592,1
2025_3011_D_AWM-36_crop_00.jpg,1,47,7.735777827895049,4.214451760637222,small_<=5um,0.8723404255319149,1
2025_3011_D_AWM-36_crop_00.jpg,2,13,4.068428945128219,2.2164800893058536,small_<=5um,1.0,1
2025_3011_D_AWM-36_crop_00.jpg,3,13,4.068428945128219,2.2164800893058536,small_<=5um,0.0,0
2025_3011_D_AWM-36_crop_00.jpg,4,29,6.076507779746499,3.3104814384058923,small_<=5um,1.0,1
2025_3011_D_AWM-3_crop_00.jpg,1,49,7.898654169668588,4.303186791635446,small_<=5um,0.0,0
2025_3011_D_AWM-3_crop_00.jpg,2,29,6.076507779746499,3.3104814384058923,small_<=5um,0.0,0
2025_3011_D_AWM-3_crop_00.jpg,3,49,7.898654169668588,4.303186791635446,small_<=5um,0.5918367346938775,1
2025_3011_D_AWM-3_crop_00.jpg,4,29,6.076507779746499,3.3104814384058923,small_<=5um,0.7586206896551724,1
2025_3011_D_AWM-3_crop_00.jpg,5,13,4.068428945128219,2.2164800893058536,small_<=5um,0.46153846153846156,1
2025_3011_D_AWM-42_crop_00.jpg,1,42,7.312732791431452,3.983976824771855,small_<=5um,0.7142857142857143,1
2025_3011_D_AWM-42_crop_00.jpg,2,29,6.076507779746499,3.3104814384058923,small_<=5um,1.0,1
2025_3011_D_AWM-42_crop_00.jpg,3,13,4.068428945128219,2.2164800893058536,small_<=5um,0.9230769230769231,1
2025_3011_D_AWM-42_crop_00.jpg,4,51,8.058239062071396,4.390128641016496,small_<=5um,0.7450980392156863,1
2025_3011_D_AWM-42_crop_00.jpg,5,29,6.076507779746499,3.3104814384058923,small_<=5um,0.0,0
2025_3011_D_AWM-42_crop_00.jpg,6,13,4.068428945128219,2.2164800893058536,small_<=5um,0.0,0
2025_3011_D_AWM-42_crop_00.jpg,7,45,7.569397566060481,4.12380779398975,small_<=5um,0.8666666666666667,1
2025_3011_D_AWM-42_crop_00.jpg,8,13,4.068428945128219,2.2164800893058536,small_<=5um,0.5384615384615384,1
2025_3011_D_AWM-42_crop_00.jpg,9,29,6.076507779746499,3.3104814384058923,small_<=5um,0.5517241379310345,1
2025_3011_D_AWM-49_crop_00.jpg,1,29,6.076507779746499,3.3104814384058923,small_<=5um,0.896551724137931,1
2025_3011_D_AWM-49_crop_00.jpg,2,13,4.068428945128219,2.2164800893058536,small_<=5um,1.0,1
2025_3011_D_AWM-49_crop_00.jpg,3,29,6.076507779746499,3.3104814384058923,small_<=5um,0.7241379310344828,1
2025_3011_D_AWM-49_crop_00.jpg,4,13,4.068428945128219,2.2164800893058536,small_<=5um,0.0,0
2025_3011_D_AWM-49_crop_00.jpg,5,29,6.076507779746499,3.3104814384058923,small_<=5um,0.9310344827586207,1
2025_3011_D_AWM-4_crop_00.jpg,1,29,6.076507779746499,3.3104814384058923,small_<=5um,0.6896551724137931,1
2025_3011_D_AWM-4_crop_00.jpg,2,29,6.076507779746499,3.3104814384058923,small_<=5um,0.5172413793103449,1
2025_3011_D_AWM-4_crop_00.jpg,3,29,6.076507779746499,3.3104814384058923,small_<=5um,0.896551724137931,1
2025_3011_D_AWM-4_crop_00.jpg,4,49,7.898654169668588,4.303186791635446,small_<=5um,0.7959183673469388,1
2025_3011_D_AWM-4_crop_00.jpg,5,29,6.076507779746499,3.3104814384058923,small_<=5um,0.8620689655172413,1
2025_3011_D_AWM-54_crop_00.jpg,1,29,6.076507779746499,3.3104814384058923,small_<=5um,0.7241379310344828,1
2025_3011_D_AWM-54_crop_00.jpg,2,29,6.076507779746499,3.3104814384058923,small_<=5um,0.8275862068965517,1
2025_3011_D_AWM-54_crop_00.jpg,3,29,6.076507779746499,3.3104814384058923,small_<=5um,0.896551724137931,1
2025_3011_D_AWM-54_crop_00.jpg,4,29,6.076507779746499,3.3104814384058923,small_<=5um,0.0,0
2025_3011_D_AWM-54_crop_00.jpg,5,29,6.076507779746499,3.3104814384058923,small_<=5um,0.896551724137931,1
2025_3011_D_AWM-54_crop_00.jpg,6,29,6.076507779746499,3.3104814384058923,small_<=5um,0.9310344827586207,1
2025_3011_D_AWM-62_crop_00.jpg,1,29,6.076507779746499,3.3104814384058923,small_<=5um,0.7241379310344828,1
2025_3011_D_AWM-62_crop_00.jpg,2,13,4.068428945128219,2.2164800893058536,small_<=5um,0.46153846153846156,1
2025_3011_D_AWM-62_crop_00.jpg,3,13,4.068428945128219,2.2164800893058536,small_<=5um,0.7692307692307693,1
2025_3011_D_AWM-62_crop_00.jpg,4,13,4.068428945128219,2.2164800893058536,small_<=5um,0.0,0
2025_3011_D_AWM-62_crop_00.jpg,5,29,6.076507779746499,3.3104814384058923,small_<=5um,0.8620689655172413,1
2025_3011_D_AWM-62_crop_00.jpg,6,29,6.076507779746499,3.3104814384058923,small_<=5um,0.8620689655172413,1
2025_3011_D_AWM-62_crop_00.jpg,7,29,6.076507779746499,3.3104814384058923,small_<=5um,0.896551724137931,1
2025_3011_D_AWM-62_crop_00.jpg,8,49,7.898654169668588,4.303186791635446,small_<=5um,0.9183673469387755,1
2025_3011_D_AWM-63_crop_00.jpg,1,49,7.898654169668588,4.303186791635446,small_<=5um,0.6938775510204082,1
2025_3011_D_AWM-63_crop_00.jpg,2,49,7.898654169668588,4.303186791635446,small_<=5um,0.7551020408163265,1
2025_3011_D_AWM-63_crop_00.jpg,3,49,7.898654169668588,4.303186791635446,small_<=5um,0.6326530612244898,1
2025_3011_D_AWM-63_crop_00.jpg,4,49,7.898654169668588,4.303186791635446,small_<=5um,0.9183673469387755,1
2025_3011_D_AWM-63_crop_00.jpg,5,29,6.076507779746499,3.3104814384058923,small_<=5um,0.0,0
2025_3011_D_AWM-69_crop_00.jpg,1,13,4.068428945128219,2.2164800893058536,small_<=5um,0.0,0
2025_3011_D_AWM-69_crop_00.jpg,2,13,4.068428945128219,2.2164800893058536,small_<=5um,0.0,0
2025_3011_D_AWM-69_crop_00.jpg,3,13,4.068428945128219,2.2164800893058536,small_<=5um,0.0,0
2025_3011_D_AWM-69_crop_00.jpg,4,49,7.898654169668588,4.303186791635446,small_<=5um,0.8979591836734694,1
2025_3011_D_AWM-72_crop_00.jpg,1,29,6.076507779746499,3.3104814384058923,small_<=5um,0.20689655172413793,0
2025_3011_D_AWM-72_crop_00.jpg,2,81,10.155412503859614,5.532668732102717,medium_5-10um,0.9506172839506173,1
2025_3011_D_AWM-9_crop_00.jpg,1,29,6.076507779746499,3.3104814384058923,small_<=5um,0.7586206896551724,1
2025_3011_D_AWM-9_crop_00.jpg,2,29,6.076507779746499,3.3104814384058923,small_<=5um,0.0,0
2025_3011_D_AWM-9_crop_00.jpg,3,29,6.076507779746499,3.3104814384058923,small_<=5um,0.6896551724137931,1
2025_3011_D_AWM-9_crop_00.jpg,4,47,7.735777827895049,4.214451760637222,small_<=5um,0.0,0
2025_3011_D_AWM-9_crop_00.jpg,5,13,4.068428945128219,2.2164800893058536,small_<=5um,0.0,0
2025_3011_D_AWM-9_crop_00.jpg,6,29,6.076507779746499,3.3104814384058923,small_<=5um,0.0,0
2025_3011_D_AWM-9_crop_00.jpg,7,29,6.076507779746499,3.3104814384058923,small_<=5um,0.0,0
2025_3011_D_AWM-9_crop_00.jpg,8,49,7.898654169668588,4.303186791635446,small_<=5um,0.6326530612244898,1
2025_3011_D_AWM-9_crop_00.jpg,9,29,6.076507779746499,3.3104814384058923,small_<=5um,0.0,0
2025_3011_D_AWM-9_crop_00.jpg,10,13,4.068428945128219,2.2164800893058536,small_<=5um,0.0,0
2025_3011_D_SHW-1_crop_00.jpg,1,49,7.898654169668588,4.303186791635446,small_<=5um,0.7551020408163265,1
2025_3011_D_SHW-1_crop_00.jpg,2,29,6.076507779746499,3.3104814384058923,small_<=5um,1.0,1
2025_3011_D_SHW-1_crop_00.jpg,3,29,6.076507779746499,3.3104814384058923,small_<=5um,0.896551724137931,1
2025_3011_D_SHW-1_crop_00.jpg,4,49,7.898654169668588,4.303186791635446,small_<=5um,0.9795918367346939,1
2025_3011_D_SHW-5_crop_00.jpg,1,81,10.155412503859614,5.532668732102717,medium_5-10um,0.9135802469135802,1
2025_3011_D_SHW-5_crop_00.jpg,2,29,6.076507779746499,3.3104814384058923,small_<=5um,0.9310344827586207,1
2025_3011_D_TS-102_crop_00.jpg,1,13,4.068428945128219,2.2164800893058536,small_<=5um,0.7692307692307693,1
2025_3011_D_TS-102_crop_00.jpg,2,13,4.068428945128219,2.2164800893058536,small_<=5um,1.0,1
2025_3011_D_TS-102_crop_00.jpg,3,13,4.068428945128219,2.2164800893058536,small_<=5um,0.6923076923076923,1
2025_3011_D_TS-104_crop_00.jpg,1,13,4.068428945128219,2.2164800893058536,small_<=5um,0.5384615384615384,1
2025_3011_D_TS-104_crop_00.jpg,2,13,4.068428945128219,2.2164800893058536,small_<=5um,0.8461538461538461,1
2025_3011_D_TS-104_crop_00.jpg,3,13,4.068428945128219,2.2164800893058536,small_<=5um,1.0,1
2025_3011_D_TS-104_crop_00.jpg,4,29,6.076507779746499,3.3104814384058923,small_<=5um,0.6551724137931034,1
2025_3011_D_TS-105_crop_00.jpg,1,13,4.068428945128219,2.2164800893058536,small_<=5um,0.0,0
2025_3011_D_TS-105_crop_00.jpg,2,19,4.918490759365935,2.679593765702561,small_<=5um,0.0,0
2025_3011_D_TS-105_crop_00.jpg,3,13,4.068428945128219,2.2164800893058536,small_<=5um,0.6923076923076923,1
2025_3011_D_TS-105_crop_00.jpg,4,13,4.068428945128219,2.2164800893058536,small_<=5um,0.7692307692307693,1
2025_3011_D_TS-105_crop_00.jpg,5,13,4.068428945128219,2.2164800893058536,small_<=5um,0.7692307692307693,1
2025_3011_D_TS-105_crop_00.jpg,6,13,4.068428945128219,2.2164800893058536,small_<=5um,0.6923076923076923,1
2025_3011_D_TS-105_crop_00.jpg,7,13,4.068428945128219,2.2164800893058536,small_<=5um,0.9230769230769231,1
2025_3011_D_TS-118_crop_00.jpg,1,13,4.068428945128219,2.2164800893058536,small_<=5um,0.8461538461538461,1
2025_3011_D_TS-118_crop_00.jpg,2,13,4.068428945128219,2.2164800893058536,small_<=5um,0.3076923076923077,1
2025_3011_D_TS-118_crop_00.jpg,3,13,4.068428945128219,2.2164800893058536,small_<=5um,0.7692307692307693,1
2025_3011_D_TS-118_crop_00.jpg,4,13,4.068428945128219,2.2164800893058536,small_<=5um,0.7692307692307693,1
2025_3011_D_TS-118_crop_00.jpg,5,13,4.068428945128219,2.2164800893058536,small_<=5um,0.9230769230769231,1
2025_3011_D_TS-131_crop_00.jpg,1,13,4.068428945128219,2.2164800893058536,small_<=5um,0.9230769230769231,1
2025_3011_D_TS-131_crop_00.jpg,2,5,2.5231325220201604,1.3746025979965832,small_<=5um,0.0,0
2025_3011_D_TS-131_crop_00.jpg,3,29,6.076507779746499,3.3104814384058923,small_<=5um,0.6206896551724138,1
2025_3011_D_TS-136_crop_00.jpg,1,13,4.068428945128219,2.2164800893058536,small_<=5um,0.6153846153846154,1
2025_3011_D_TS-136_crop_00.jpg,2,13,4.068428945128219,2.2164800893058536,small_<=5um,0.9230769230769231,1
2025_3011_D_TS-136_crop_00.jpg,3,5,2.5231325220201604,1.3746025979965832,small_<=5um,0.8,1
2025_3011_D_TS-136_crop_00.jpg,4,29,6.076507779746499,3.3104814384058923,small_<=5um,0.896551724137931,1
2025_3011_D_TS-136_crop_00.jpg,5,29,6.076507779746499,3.3104814384058923,small_<=5um,0.7241379310344828,1
2025_3011_D_TS-138_crop_00.jpg,1,13,4.068428945128219,2.2164800893058536,small_<=5um,1.0,1
2025_3011_D_TS-138_crop_00.jpg,2,13,4.068428945128219,2.2164800893058536,small_<=5um,0.6153846153846154,1
2025_3011_D_TS-138_crop_00.jpg,3,29,6.076507779746499,3.3104814384058923,small_<=5um,0.0,0
2025_3011_D_TS-138_crop_00.jpg,4,13,4.068428945128219,2.2164800893058536,small_<=5um,0.7692307692307693,1
2025_3011_D_TS-138_crop_00.jpg,5,13,4.068428945128219,2.2164800893058536,small_<=5um,0.0,0
2025_3011_D_TS-138_crop_00.jpg,6,13,4.068428945128219,2.2164800893058536,small_<=5um,0.9230769230769231,1
2025_3011_D_TS-147_crop_00.jpg,1,13,4.068428945128219,2.2164800893058536,small_<=5um,0.0,0
2025_3011_D_TS-147_crop_00.jpg,2,29,6.076507779746499,3.3104814384058923,small_<=5um,0.8620689655172413,1
2025_3011_D_TS-15_crop_00.jpg,1,29,6.076507779746499,3.3104814384058923,small_<=5um,0.8275862068965517,1
2025_3011_D_TS-15_crop_00.jpg,2,29,6.076507779746499,3.3104814384058923,small_<=5um,0.6896551724137931,1
2025_3011_D_TS-15_crop_00.jpg,3,29,6.076507779746499,3.3104814384058923,small_<=5um,0.8620689655172413,1
2025_3011_D_TS-15_crop_00.jpg,4,29,6.076507779746499,3.3104814384058923,small_<=5um,0.41379310344827586,1
2025_3011_D_TS-15_crop_00.jpg,5,13,4.068428945128219,2.2164800893058536,small_<=5um,0.6923076923076923,1
2025_3011_D_TS-15_crop_00.jpg,6,29,6.076507779746499,3.3104814384058923,small_<=5um,0.896551724137931,1
2025_3011_D_TS-16_crop_00.jpg,1,13,4.068428945128219,2.2164800893058536,small_<=5um,1.0,1
2025_3011_D_TS-16_crop_00.jpg,2,29,6.076507779746499,3.3104814384058923,small_<=5um,0.4827586206896552,1
2025_3011_D_TS-16_crop_00.jpg,3,29,6.076507779746499,3.3104814384058923,small_<=5um,0.6206896551724138,1
2025_3011_D_TS-182_crop_00.jpg,1,13,4.068428945128219,2.2164800893058536,small_<=5um,0.9230769230769231,1
2025_3011_D_TS-187_crop_00.jpg,1,29,6.076507779746499,3.3104814384058923,small_<=5um,0.9310344827586207,1
2025_3011_D_TS-187_crop_00.jpg,2,13,4.068428945128219,2.2164800893058536,small_<=5um,0.7692307692307693,1
2025_3011_D_TS-187_crop_00.jpg,3,13,4.068428945128219,2.2164800893058536,small_<=5um,0.7692307692307693,1
2025_3011_D_TS-189_crop_00.jpg,1,13,4.068428945128219,2.2164800893058536,small_<=5um,0.8461538461538461,1
2025_3011_D_TS-189_crop_00.jpg,2,5,2.5231325220201604,1.3746025979965832,small_<=5um,1.0,1
2025_3011_D_TS-189_crop_00.jpg,3,81,10.155412503859614,5.532668732102717,medium_5-10um,0.9012345679012346,1
2025_3011_D_TS-189_crop_00.jpg,4,13,4.068428945128219,2.2164800893058536,small_<=5um,1.0,1
2025_3011_D_TS-189_crop_00.jpg,5,13,4.068428945128219,2.2164800893058536,small_<=5um,0.9230769230769231,1
2025_3011_D_TS-197_crop_00.jpg,1,13,4.068428945128219,2.2164800893058536,small_<=5um,0.9230769230769231,1
2025_3011_D_TS-197_crop_00.jpg,2,13,4.068428945128219,2.2164800893058536,small_<=5um,1.0,1
2025_3011_D_TS-197_crop_00.jpg,3,13,4.068428945128219,2.2164800893058536,small_<=5um,1.0,1
2025_3011_D_TS-197_crop_00.jpg,4,13,4.068428945128219,2.2164800893058536,small_<=5um,0.9230769230769231,1
2025_3011_D_TS-209_crop_00.jpg,1,13,4.068428945128219,2.2164800893058536,small_<=5um,0.8461538461538461,1
2025_3011_D_TS-209_crop_00.jpg,2,13,4.068428945128219,2.2164800893058536,small_<=5um,0.9230769230769231,1
2025_3011_D_TS-209_crop_00.jpg,3,13,4.068428945128219,2.2164800893058536,small_<=5um,0.8461538461538461,1
2025_3011_D_TS-209_crop_00.jpg,4,29,6.076507779746499,3.3104814384058923,small_<=5um,0.5517241379310345,1
2025_3011_D_TS-209_crop_00.jpg,5,13,4.068428945128219,2.2164800893058536,small_<=5um,0.9230769230769231,1
2025_3011_D_TS-209_crop_00.jpg,6,29,6.076507779746499,3.3104814384058923,small_<=5um,0.7241379310344828,1
2025_3011_D_TS-20_crop_00.jpg,1,81,10.155412503859614,5.532668732102717,medium_5-10um,0.0,0
2025_3011_D_TS-20_crop_00.jpg,2,49,7.898654169668588,4.303186791635446,small_<=5um,0.3877551020408163,1
2025_3011_D_TS-20_crop_00.jpg,3,29,6.076507779746499,3.3104814384058923,small_<=5um,0.6206896551724138,1
2025_3011_D_TS-216_crop_00.jpg,1,49,7.898654169668588,4.303186791635446,small_<=5um,0.0,0
2025_3011_D_TS-216_crop_00.jpg,2,13,4.068428945128219,2.2164800893058536,small_<=5um,0.6153846153846154,1
2025_3011_D_TS-216_crop_00.jpg,3,5,2.5231325220201604,1.3746025979965832,small_<=5um,0.0,0
2025_3011_D_TS-216_crop_00.jpg,4,13,4.068428945128219,2.2164800893058536,small_<=5um,0.5384615384615384,1
2025_3011_D_TS-216_crop_00.jpg,5,13,4.068428945128219,2.2164800893058536,small_<=5um,0.9230769230769231,1
2025_3011_D_TS-216_crop_00.jpg,6,13,4.068428945128219,2.2164800893058536,small_<=5um,0.7692307692307693,1
2025_3011_D_TS-216_crop_00.jpg,7,13,4.068428945128219,2.2164800893058536,small_<=5um,0.7692307692307693,1
2025_3011_D_TS-216_crop_00.jpg,8,13,4.068428945128219,2.2164800893058536,small_<=5um,0.7692307692307693,1
2025_3011_D_TS-233_crop_00.jpg,1,13,4.068428945128219,2.2164800893058536,small_<=5um,0.0,0
2025_3011_D_TS-233_crop_00.jpg,2,13,4.068428945128219,2.2164800893058536,small_<=5um,0.0,0
2025_3011_D_TS-233_crop_00.jpg,3,13,4.068428945128219,2.2164800893058536,small_<=5um,0.7692307692307693,1
2025_3011_D_TS-233_crop_00.jpg,4,13,4.068428945128219,2.2164800893058536,small_<=5um,0.8461538461538461,1
2025_3011_D_TS-233_crop_00.jpg,5,13,4.068428945128219,2.2164800893058536,small_<=5um,0.0,0
2025_3011_D_TS-235_crop_00.jpg,1,29,6.076507779746499,3.3104814384058923,small_<=5um,0.7241379310344828,1
2025_3011_D_TS-235_crop_00.jpg,2,13,4.068428945128219,2.2164800893058536,small_<=5um,0.7692307692307693,1
2025_3011_D_TS-235_crop_00.jpg,3,13,4.068428945128219,2.2164800893058536,small_<=5um,0.6923076923076923,1
2025_3011_D_TS-235_crop_00.jpg,4,12,3.9088200952233594,2.129525187877686,small_<=5um,1.0,1
2025_3011_D_TS-236_crop_00.jpg,1,13,4.068428945128219,2.2164800893058536,small_<=5um,0.0,0
2025_3011_D_TS-236_crop_00.jpg,2,5,2.5231325220201604,1.3746025979965832,small_<=5um,1.0,1
2025_3011_D_TS-236_crop_00.jpg,3,49,7.898654169668588,4.303186791635446,small_<=5um,0.5918367346938775,1
2025_3011_D_TS-236_crop_00.jpg,4,49,7.898654169668588,4.303186791635446,small_<=5um,0.8163265306122449,1
2025_3011_D_TS-236_crop_00.jpg,5,13,4.068428945128219,2.2164800893058536,small_<=5um,1.0,1
2025_3011_D_TS-236_crop_00.jpg,6,13,4.068428945128219,2.2164800893058536,small_<=5um,0.8461538461538461,1
2025_3011_D_TS-24_crop_00.jpg,1,49,7.898654169668588,4.303186791635446,small_<=5um,0.5918367346938775,1
2025_3011_D_TS-24_crop_00.jpg,2,49,7.898654169668588,4.303186791635446,small_<=5um,0.6326530612244898,1
2025_3011_D_TS-24_crop_00.jpg,3,13,4.068428945128219,2.2164800893058536,small_<=5um,0.7692307692307693,1
2025_3011_D_TS-259_crop_00.jpg,1,13,4.068428945128219,2.2164800893058536,small_<=5um,0.46153846153846156,1
2025_3011_D_TS-259_crop_00.jpg,2,5,2.5231325220201604,1.3746025979965832,small_<=5um,0.6,1
2025_3011_D_TS-265_crop_00.jpg,1,13,4.068428945128219,2.2164800893058536,small_<=5um,1.0,1
2025_3011_D_TS-265_crop_00.jpg,2,13,4.068428945128219,2.2164800893058536,small_<=5um,0.0,0
2025_3011_D_TS-265_crop_00.jpg,3,13,4.068428945128219,2.2164800893058536,small_<=5um,0.5384615384615384,1
2025_3011_D_TS-265_crop_00.jpg,4,5,2.5231325220201604,1.3746025979965832,small_<=5um,0.0,0
2025_3011_D_TS-271_crop_00.jpg,1,13,4.068428945128219,2.2164800893058536,small_<=5um,0.7692307692307693,1
2025_3011_D_TS-271_crop_00.jpg,2,13,4.068428945128219,2.2164800893058536,small_<=5um,0.0,0
2025_3011_D_TS-271_crop_00.jpg,3,13,4.068428945128219,2.2164800893058536,small_<=5um,1.0,1
2025_3011_D_TS-271_crop_00.jpg,4,13,4.068428945128219,2.2164800893058536,small_<=5um,0.6153846153846154,1
2025_3011_D_TS-271_crop_00.jpg,5,13,4.068428945128219,2.2164800893058536,small_<=5um,0.5384615384615384,1
2025_3011_D_TS-286_crop_00.jpg,1,13,4.068428945128219,2.2164800893058536,small_<=5um,0.7692307692307693,1
2025_3011_D_TS-286_crop_00.jpg,2,29,6.076507779746499,3.3104814384058923,small_<=5um,0.6551724137931034,1
2025_3011_D_TS-286_crop_00.jpg,3,13,4.068428945128219,2.2164800893058536,small_<=5um,0.0,0
2025_3011_D_TS-286_crop_00.jpg,4,13,4.068428945128219,2.2164800893058536,small_<=5um,0.9230769230769231,1
2025_3011_D_TS-286_crop_00.jpg,5,13,4.068428945128219,2.2164800893058536,small_<=5um,0.0,0
2025_3011_D_TS-286_crop_00.jpg,6,29,6.076507779746499,3.3104814384058923,small_<=5um,0.7586206896551724,1
2025_3011_D_TS-286_crop_00.jpg,7,29,6.076507779746499,3.3104814384058923,small_<=5um,0.10344827586206896,0
2025_3011_D_TS-286_crop_00.jpg,8,13,4.068428945128219,2.2164800893058536,small_<=5um,0.0,0
2025_3011_D_TS-294_crop_00.jpg,1,13,4.068428945128219,2.2164800893058536,small_<=5um,1.0,1
2025_3011_D_TS-294_crop_00.jpg,2,13,4.068428945128219,2.2164800893058536,small_<=5um,0.5384615384615384,1
2025_3011_D_TS-294_crop_00.jpg,3,5,2.5231325220201604,1.3746025979965832,small_<=5um,0.6,1
2025_3011_D_TS-294_crop_00.jpg,4,13,4.068428945128219,2.2164800893058536,small_<=5um,1.0,1
2025_3011_D_TS-302_crop_00.jpg,1,13,4.068428945128219,2.2164800893058536,small_<=5um,0.38461538461538464,1
2025_3011_D_TS-302_crop_00.jpg,2,29,6.076507779746499,3.3104814384058923,small_<=5um,0.0,0
2025_3011_D_TS-303_crop_00.jpg,1,49,7.898654169668588,4.303186791635446,small_<=5um,0.7142857142857143,1
2025_3011_D_TS-303_crop_00.jpg,2,5,2.5231325220201604,1.3746025979965832,small_<=5um,0.0,0
2025_3011_D_TS-303_crop_00.jpg,3,29,6.076507779746499,3.3104814384058923,small_<=5um,0.6551724137931034,1
2025_3011_D_TS-304_crop_00.jpg,1,5,2.5231325220201604,1.3746025979965832,small_<=5um,0.0,0
2025_3011_D_TS-304_crop_00.jpg,2,29,6.076507779746499,3.3104814384058923,small_<=5um,0.0,0
2025_3011_D_TS-304_crop_00.jpg,3,13,4.068428945128219,2.2164800893058536,small_<=5um,0.8461538461538461,1
2025_3011_D_TS-304_crop_00.jpg,4,13,4.068428945128219,2.2164800893058536,small_<=5um,0.0,0
2025_3011_D_TS-304_crop_00.jpg,5,29,6.076507779746499,3.3104814384058923,small_<=5um,0.5862068965517241,1
2025_3011_D_TS-305_crop_00.jpg,1,49,7.898654169668588,4.303186791635446,small_<=5um,0.8367346938775511,1
2025_3011_D_TS-306_crop_00.jpg,1,29,6.076507779746499,3.3104814384058923,small_<=5um,0.8275862068965517,1
2025_3011_D_TS-306_crop_00.jpg,2,49,7.898654169668588,4.303186791635446,small_<=5um,0.8367346938775511,1
2025_3011_D_TS-306_crop_00.jpg,3,13,4.068428945128219,2.2164800893058536,small_<=5um,0.6923076923076923,1
2025_3011_D_TS-308_crop_00.jpg,1,13,4.068428945128219,2.2164800893058536,small_<=5um,0.38461538461538464,1
2025_3011_D_TS-308_crop_00.jpg,2,13,4.068428945128219,2.2164800893058536,small_<=5um,1.0,1
2025_3011_D_TS-308_crop_00.jpg,3,29,6.076507779746499,3.3104814384058923,small_<=5um,0.7586206896551724,1
2025_3011_D_TS-308_crop_00.jpg,4,29,6.076507779746499,3.3104814384058923,small_<=5um,0.2413793103448276,0
2025_3011_D_TS-311_crop_00.jpg,1,13,4.068428945128219,2.2164800893058536,small_<=5um,1.0,1
2025_3011_D_TS-311_crop_00.jpg,2,13,4.068428945128219,2.2164800893058536,small_<=5um,0.9230769230769231,1
2025_3011_D_TS-311_crop_00.jpg,3,5,2.5231325220201604,1.3746025979965832,small_<=5um,0.0,0
2025_3011_D_TS-311_crop_00.jpg,4,13,4.068428945128219,2.2164800893058536,small_<=5um,0.8461538461538461,1
2025_3011_D_TS-311_crop_00.jpg,5,13,4.068428945128219,2.2164800893058536,small_<=5um,0.3076923076923077,1
2025_3011_D_TS-311_crop_00.jpg,6,13,4.068428945128219,2.2164800893058536,small_<=5um,1.0,1
2025_3011_D_TS-314_crop_00.jpg,1,13,4.068428945128219,2.2164800893058536,small_<=5um,1.0,1
2025_3011_D_TS-314_crop_00.jpg,2,13,4.068428945128219,2.2164800893058536,small_<=5um,0.5384615384615384,1
2025_3011_D_TS-314_crop_00.jpg,3,49,7.898654169668588,4.303186791635446,small_<=5um,0.0,0
2025_3011_D_TS-314_crop_00.jpg,4,13,4.068428945128219,2.2164800893058536,small_<=5um,0.8461538461538461,1
2025_3011_D_TS-315_crop_00.jpg,1,13,4.068428945128219,2.2164800893058536,small_<=5um,0.8461538461538461,1
2025_3011_D_TS-315_crop_00.jpg,2,49,7.898654169668588,4.303186791635446,small_<=5um,0.6938775510204082,1
2025_3011_D_TS-315_crop_00.jpg,3,29,6.076507779746499,3.3104814384058923,small_<=5um,0.0,0
2025_3011_D_TS-315_crop_00.jpg,4,13,4.068428945128219,2.2164800893058536,small_<=5um,0.5384615384615384,1
2025_3011_D_TS-315_crop_00.jpg,5,13,4.068428945128219,2.2164800893058536,small_<=5um,0.0,0
2025_3011_D_TS-317_crop_00.jpg,1,13,4.068428945128219,2.2164800893058536,small_<=5um,0.0,0
2025_3011_D_TS-317_crop_00.jpg,2,49,7.898654169668588,4.303186791635446,small_<=5um,0.9591836734693877,1
2025_3011_D_TS-323_crop_00.jpg,1,29,6.076507779746499,3.3104814384058923,small_<=5um,0.9655172413793104,1
2025_3011_D_TS-323_crop_00.jpg,2,13,4.068428945128219,2.2164800893058536,small_<=5um,0.8461538461538461,1
2025_3011_D_TS-323_crop_00.jpg,3,13,4.068428945128219,2.2164800893058536,small_<=5um,0.8461538461538461,1
2025_3011_D_TS-323_crop_00.jpg,4,13,4.068428945128219,2.2164800893058536,small_<=5um,0.6153846153846154,1
2025_3011_D_TS-323_crop_00.jpg,5,29,6.076507779746499,3.3104814384058923,small_<=5um,0.8620689655172413,1
2025_3011_D_TS-323_crop_00.jpg,6,13,4.068428945128219,2.2164800893058536,small_<=5um,0.8461538461538461,1
2025_3011_D_TS-323_crop_00.jpg,7,13,4.068428945128219,2.2164800893058536,small_<=5um,0.0,0
2025_3011_D_TS-323_crop_00.jpg,8,29,6.076507779746499,3.3104814384058923,small_<=5um,0.7586206896551724,1
2025_3011_D_TS-325_crop_00.jpg,1,13,4.068428945128219,2.2164800893058536,small_<=5um,0.7692307692307693,1
2025_3011_D_TS-325_crop_00.jpg,2,13,4.068428945128219,2.2164800893058536,small_<=5um,0.9230769230769231,1
2025_3011_D_TS-325_crop_00.jpg,3,13,4.068428945128219,2.2164800893058536,small_<=5um,0.7692307692307693,1
2025_3011_D_TS-32_crop_00.jpg,1,149,13.773623058786647,7.5038698424269645,medium_5-10um,0.8859060402684564,1
2025_3011_D_TS-32_crop_00.jpg,2,29,6.076507779746499,3.3104814384058923,small_<=5um,0.9655172413793104,1
2025_3011_D_TS-32_crop_00.jpg,3,29,6.076507779746499,3.3104814384058923,small_<=5um,0.9655172413793104,1
2025_3011_D_TS-330_crop_00.jpg,1,29,6.076507779746499,3.3104814384058923,small_<=5um,0.0,0
2025_3011_D_TS-330_crop_00.jpg,2,13,4.068428945128219,2.2164800893058536,small_<=5um,0.8461538461538461,1
2025_3011_D_TS-330_crop_00.jpg,3,13,4.068428945128219,2.2164800893058536,small_<=5um,1.0,1
2025_3011_D_TS-330_crop_00.jpg,4,13,4.068428945128219,2.2164800893058536,small_<=5um,0.46153846153846156,1
2025_3011_D_TS-330_crop_00.jpg,5,29,6.076507779746499,3.3104814384058923,small_<=5um,0.6206896551724138,1
2025_3011_D_TS-330_crop_00.jpg,6,13,4.068428945128219,2.2164800893058536,small_<=5um,0.5384615384615384,1
2025_3011_D_TS-339_crop_00.jpg,1,13,4.068428945128219,2.2164800893058536,small_<=5um,0.8461538461538461,1
2025_3011_D_TS-339_crop_00.jpg,2,13,4.068428945128219,2.2164800893058536,small_<=5um,0.3076923076923077,1
2025_3011_D_TS-339_crop_00.jpg,3,29,6.076507779746499,3.3104814384058923,small_<=5um,0.9310344827586207,1
2025_3011_D_TS-340_crop_00.jpg,1,13,4.068428945128219,2.2164800893058536,small_<=5um,0.07692307692307693,0
2025_3011_D_TS-340_crop_00.jpg,2,49,7.898654169668588,4.303186791635446,small_<=5um,0.8163265306122449,1
2025_3011_D_TS-340_crop_00.jpg,3,13,4.068428945128219,2.2164800893058536,small_<=5um,0.0,0
2025_3011_D_TS-340_crop_00.jpg,4,13,4.068428945128219,2.2164800893058536,small_<=5um,0.5384615384615384,1
2025_3011_D_TS-340_crop_00.jpg,5,29,6.076507779746499,3.3104814384058923,small_<=5um,0.6896551724137931,1
2025_3011_D_TS-340_crop_00.jpg,6,13,4.068428945128219,2.2164800893058536,small_<=5um,0.9230769230769231,1
2025_3011_D_TS-340_crop_00.jpg,7,13,4.068428945128219,2.2164800893058536,small_<=5um,0.7692307692307693,1
2025_3011_D_TS-363_crop_00.jpg,1,49,7.898654169668588,4.303186791635446,small_<=5um,0.20408163265306123,0
2025_3011_D_TS-363_crop_00.jpg,2,5,2.5231325220201604,1.3746025979965832,small_<=5um,1.0,1
2025_3011_D_TS-363_crop_00.jpg,3,13,4.068428945128219,2.2164800893058536,small_<=5um,0.0,0
2025_3011_D_TS-363_crop_00.jpg,4,13,4.068428945128219,2.2164800893058536,small_<=5um,0.9230769230769231,1
2025_3011_D_TS-363_crop_00.jpg,5,13,4.068428945128219,2.2164800893058536,small_<=5um,0.0,0
2025_3011_D_TS-363_crop_00.jpg,6,13,4.068428945128219,2.2164800893058536,small_<=5um,0.0,0
2025_3011_D_TS-363_crop_00.jpg,7,29,6.076507779746499,3.3104814384058923,small_<=5um,0.8275862068965517,1
2025_3011_D_TS-36_crop_00.jpg,1,113,11.994835078277376,6.534786150645513,medium_5-10um,0.0,0
2025_3011_D_TS-36_crop_00.jpg,2,13,4.068428945128219,2.2164800893058536,small_<=5um,0.0,0
2025_3011_D_TS-36_crop_00.jpg,3,29,6.076507779746499,3.3104814384058923,small_<=5um,0.6551724137931034,1
2025_3011_D_TS-374_crop_00.jpg,1,13,4.068428945128219,2.2164800893058536,small_<=5um,0.9230769230769231,1
2025_3011_D_TS-374_crop_00.jpg,2,29,6.076507779746499,3.3104814384058923,small_<=5um,0.6896551724137931,1
2025_3011_D_TS-378_crop_00.jpg,1,13,4.068428945128219,2.2164800893058536,small_<=5um,0.6153846153846154,1
2025_3011_D_TS-37_crop_00.jpg,1,29,6.076507779746499,3.3104814384058923,small_<=5um,0.0,0
2025_3011_D_TS-37_crop_00.jpg,2,29,6.076507779746499,3.3104814384058923,small_<=5um,0.6896551724137931,1
2025_3011_D_TS-37_crop_00.jpg,3,13,4.068428945128219,2.2164800893058536,small_<=5um,1.0,1
2025_3011_D_TS-37_crop_00.jpg,4,29,6.076507779746499,3.3104814384058923,small_<=5um,0.8275862068965517,1
2025_3011_D_TS-37_crop_00.jpg,5,5,2.5231325220201604,1.3746025979965832,small_<=5um,1.0,1
2025_3011_D_TS-37_crop_00.jpg,6,13,4.068428945128219,2.2164800893058536,small_<=5um,0.0,0
2025_3011_D_TS-381_crop_00.jpg,1,29,6.076507779746499,3.3104814384058923,small_<=5um,0.5517241379310345,1
2025_3011_D_TS-381_crop_00.jpg,2,13,4.068428945128219,2.2164800893058536,small_<=5um,0.46153846153846156,1
2025_3011_D_TS-381_crop_00.jpg,3,13,4.068428945128219,2.2164800893058536,small_<=5um,0.0,0
2025_3011_D_TS-381_crop_00.jpg,4,29,6.076507779746499,3.3104814384058923,small_<=5um,0.9310344827586207,1
2025_3011_D_TS-381_crop_00.jpg,5,13,4.068428945128219,2.2164800893058536,small_<=5um,0.6153846153846154,1
2025_3011_D_TS-381_crop_00.jpg,6,5,2.5231325220201604,1.3746025979965832,small_<=5um,0.0,0
2025_3011_D_TS-381_crop_00.jpg,7,13,4.068428945128219,2.2164800893058536,small_<=5um,0.0,0
2025_3011_D_TS-381_crop_00.jpg,8,13,4.068428945128219,2.2164800893058536,small_<=5um,0.8461538461538461,1
2025_3011_D_TS-381_crop_00.jpg,9,13,4.068428945128219,2.2164800893058536,small_<=5um,0.3076923076923077,1
2025_3011_D_TS-383_crop_00.jpg,1,13,4.068428945128219,2.2164800893058536,small_<=5um,0.8461538461538461,1
2025_3011_D_TS-383_crop_00.jpg,2,113,11.994835078277376,6.534786150645513,medium_5-10um,0.8761061946902655,1
2025_3011_D_TS-384_crop_00.jpg,1,13,4.068428945128219,2.2164800893058536,small_<=5um,0.0,0
2025_3011_D_TS-384_crop_00.jpg,2,49,7.898654169668588,4.303186791635446,small_<=5um,0.673469387755102,1
2025_3011_D_TS-3_crop_00.jpg,1,29,6.076507779746499,3.3104814384058923,small_<=5um,0.8275862068965517,1
2025_3011_D_TS-3_crop_00.jpg,2,13,4.068428945128219,2.2164800893058536,small_<=5um,0.0,0
2025_3011_D_TS-3_crop_00.jpg,3,29,6.076507779746499,3.3104814384058923,small_<=5um,0.0,0
2025_3011_D_TS-3_crop_00.jpg,4,13,4.068428945128219,2.2164800893058536,small_<=5um,0.0,0
2025_3011_D_TS-3_crop_00.jpg,5,29,6.076507779746499,3.3104814384058923,small_<=5um,0.0,0
2025_3011_D_TS-51_crop_00.jpg,1,13,4.068428945128219,2.2164800893058536,small_<=5um,0.7692307692307693,1
2025_3011_D_TS-51_crop_00.jpg,2,13,4.068428945128219,2.2164800893058536,small_<=5um,0.0,0
2025_3011_D_TS-51_crop_00.jpg,3,13,4.068428945128219,2.2164800893058536,small_<=5um,0.07692307692307693,0
2025_3011_D_TS-59_crop_00.jpg,1,29,6.076507779746499,3.3104814384058923,small_<=5um,0.896551724137931,1
2025_3011_D_TS-59_crop_00.jpg,2,13,4.068428945128219,2.2164800893058536,small_<=5um,0.7692307692307693,1
2025_3011_D_TS-59_crop_00.jpg,3,13,4.068428945128219,2.2164800893058536,small_<=5um,0.5384615384615384,1
2025_3011_D_TS-59_crop_00.jpg,4,29,6.076507779746499,3.3104814384058923,small_<=5um,0.6551724137931034,1
2025_3011_D_TS-68_crop_00.jpg,1,13,4.068428945128219,2.2164800893058536,small_<=5um,1.0,1
2025_3011_D_TS-68_crop_00.jpg,2,13,4.068428945128219,2.2164800893058536,small_<=5um,0.6923076923076923,1
2025_3011_D_TS-68_crop_00.jpg,3,13,4.068428945128219,2.2164800893058536,small_<=5um,0.0,0
2025_3011_D_TS-71_crop_00.jpg,1,13,4.068428945128219,2.2164800893058536,small_<=5um,0.8461538461538461,1
2025_3011_D_TS-71_crop_00.jpg,2,29,6.076507779746499,3.3104814384058923,small_<=5um,0.7586206896551724,1
2025_3011_D_TS-71_crop_00.jpg,3,81,10.155412503859614,5.532668732102717,medium_5-10um,0.7901234567901234,1
2025_3011_D_TS-71_crop_00.jpg,4,29,6.076507779746499,3.3104814384058923,small_<=5um,0.5172413793103449,1
2025_3011_D_TS-83_crop_00.jpg,1,81,10.155412503859614,5.532668732102717,medium_5-10um,0.8271604938271605,1
2025_3011_D_TS-83_crop_00.jpg,2,13,4.068428945128219,2.2164800893058536,small_<=5um,0.7692307692307693,1
2025_3011_D_TS-83_crop_00.jpg,3,29,6.076507779746499,3.3104814384058923,small_<=5um,0.896551724137931,1
2025_3011_D_TS-83_crop_00.jpg,4,13,4.068428945128219,2.2164800893058536,small_<=5um,0.9230769230769231,1
2025_3011_D_TS-83_crop_00.jpg,5,13,4.068428945128219,2.2164800893058536,small_<=5um,1.0,1
2025_3011_D_TS-83_crop_00.jpg,6,13,4.068428945128219,2.2164800893058536,small_<=5um,0.9230769230769231,1
2025_3011_D_TS-83_crop_00.jpg,7,29,6.076507779746499,3.3104814384058923,small_<=5um,0.6551724137931034,1
2025_3011_D_TS-8_crop_00.jpg,1,29,6.076507779746499,3.3104814384058923,small_<=5um,0.8620689655172413,1
2025_3011_D_TS-8_crop_00.jpg,2,13,4.068428945128219,2.2164800893058536,small_<=5um,0.5384615384615384,1
2025_3011_D_TS-8_crop_00.jpg,3,13,4.068428945128219,2.2164800893058536,small_<=5um,0.15384615384615385,0
2025_3011_D_TS-8_crop_00.jpg,4,29,6.076507779746499,3.3104814384058923,small_<=5um,0.896551724137931,1
2025_3011_D_TS-91_crop_00.jpg,1,13,4.068428945128219,2.2164800893058536,small_<=5um,0.7692307692307693,1
2025_3011_D_TS-91_crop_00.jpg,2,29,6.076507779746499,3.3104814384058923,small_<=5um,0.5517241379310345,1
2025_3011_D_TS-91_crop_00.jpg,3,13,4.068428945128219,2.2164800893058536,small_<=5um,0.7692307692307693,1
2025_3011_D_TS-91_crop_00.jpg,4,13,4.068428945128219,2.2164800893058536,small_<=5um,0.9230769230769231,1
2025_3011_D_TS-91_crop_00.jpg,5,13,4.068428945128219,2.2164800893058536,small_<=5um,0.6153846153846154,1
2025_3011_D_TS-91_crop_00.jpg,6,29,6.076507779746499,3.3104814384058923,small_<=5um,0.5517241379310345,1
2025_3011_D_TS-91_crop_00.jpg,7,29,6.076507779746499,3.3104814384058923,small_<=5um,0.896551724137931,1
2025_3011_D_TS-92_crop_00.jpg,1,13,4.068428945128219,2.2164800893058536,small_<=5um,0.5384615384615384,1
2025_3011_D_TS-92_crop_00.jpg,2,13,4.068428945128219,2.2164800893058536,small_<=5um,0.9230769230769231,1
2025_3011_D_TS-92_crop_00.jpg,3,13,4.068428945128219,2.2164800893058536,small_<=5um,1.0,1
2025_3011_D_TS-92_crop_00.jpg,4,13,4.068428945128219,2.2164800893058536,small_<=5um,0.0,0
2025_3011_D_TS-92_crop_00.jpg,5,13,4.068428945128219,2.2164800893058536,small_<=5um,0.0,0
2025_3011_D_TS-92_crop_00.jpg,6,13,4.068428945128219,2.2164800893058536,small_<=5um,0.0,0
2025_3011_D_TS-92_crop_00.jpg,7,29,6.076507779746499,3.3104814384058923,small_<=5um,0.0,0
2025_3011_D_TS-92_crop_00.jpg,8,13,4.068428945128219,2.2164800893058536,small_<=5um,0.5384615384615384,1
2025_3011_D_TS-92_crop_00.jpg,9,29,6.076507779746499,3.3104814384058923,small_<=5um,0.7586206896551724,1
240115-A-666_crop_00.jpg,1,57,8.51907589177983,4.64119254584165,small_<=5um,0.0,0
240115-A-678_crop_00.jpg,1,317,20.090219901261573,10.945151802207304,large_>10um,0.0,0
240115-B-157_crop_00.jpg,1,113,11.994835078277376,6.534786150645513,medium_5-10um,0.1592920353982301,0
240115-B-157_crop_00.jpg,2,197,15.837556323903858,8.62830068526282,medium_5-10um,0.817258883248731,1
240115-B-157_crop_00.jpg,3,113,11.994835078277376,6.534786150645513,medium_5-10um,0.4336283185840708,1
240115-B-157_crop_00.jpg,4,81,10.155412503859614,5.532668732102717,medium_5-10um,0.5432098765432098,1
240115-B-162_crop_00.jpg,1,194,15.716503163191918,8.562350923306957,medium_5-10um,0.0,0
240124-B-176_crop_00.jpg,1,755,31.004771508189638,16.891399517661714,large_>10um,0.6781456953642384,1
240124-B-183_crop_01.jpg,1,113,11.994835078277376,6.534786150645513,medium_5-10um,0.9292035398230089,1
240124-B-28_crop_00.jpg,1,253,17.94796937867892,9.778053717504275,medium_5-10um,0.857707509881423,1
240124-B-32_crop_00.jpg,1,72,9.574614729634384,5.2162501047048115,medium_5-10um,0.8333333333333334,1
240124-B-32_crop_00.jpg,2,72,9.574614729634384,5.2162501047048115,medium_5-10um,0.0,0
240124-B-37_crop_01.jpg,1,106,11.617374563210365,6.329145662037006,medium_5-10um,0.24528301886792453,0
240124-B-37_crop_01.jpg,2,99,11.227230955528665,6.116595424572016,medium_5-10um,0.2727272727272727,0
240508_2-13_crop_01.jpg,1,49,7.898654169668588,4.303186791635446,small_<=5um,0.0,0
240508_2-13_crop_01.jpg,2,49,7.898654169668588,4.303186791635446,small_<=5um,0.0,0
240508_2-16_crop_00.jpg,1,30,6.180387232371033,3.3670749641957385,small_<=5um,0.0,0
240508_2-38_crop_01.jpg,1,113,11.994835078277376,6.534786150645513,medium_5-10um,0.8141592920353983,1
240508_2-39_crop_01.jpg,1,49,7.898654169668588,4.303186791635446,small_<=5um,0.0,0
240508_2-3_crop_00.jpg,1,81,10.155412503859614,5.532668732102717,medium_5-10um,0.9382716049382716,1
240508_4-2_crop_00.jpg,1,49,7.898654169668588,4.303186791635446,small_<=5um,0.7346938775510204,1
240508_4-2_crop_00.jpg,2,29,6.076507779746499,3.3104814384058923,small_<=5um,0.0,0
240508_4-3_crop_00.jpg,1,113,11.994835078277376,6.534786150645513,medium_5-10um,0.9823008849557522,1
240508_4-3_crop_00.jpg,2,49,7.898654169668588,4.303186791635446,small_<=5um,0.0,0
240508_4-3_crop_00.jpg,3,81,10.155412503859614,5.532668732102717,medium_5-10um,0.9753086419753086,1
240508_4-3_crop_00.jpg,4,81,10.155412503859614,5.532668732102717,medium_5-10um,0.8888888888888888,1
240508_4-9_crop_00.jpg,1,113,11.994835078277376,6.534786150645513,medium_5-10um,0.0,0
240508_4-9_crop_02.jpg,1,113,11.994835078277376,6.534786150645513,medium_5-10um,0.8672566371681416,1
240508_5-11_crop_01.jpg,1,113,11.994835078277376,6.534786150645513,medium_5-10um,0.7079646017699115,1
240508_5-11_crop_01.jpg,2,1009,35.84269382507095,19.527099595898655,large_>10um,0.7542120911793855,1
240508_5-11_crop_01.jpg,3,49,7.898654169668588,4.303186791635446,small_<=5um,0.0,0
240508_5-11_crop_01.jpg,4,49,7.898654169668588,4.303186791635446,small_<=5um,0.0,0
240508_5-18_crop_00.jpg,1,49,7.898654169668588,4.303186791635446,small_<=5um,0.8775510204081632,1
240508_5-18_crop_00.jpg,2,149,13.773623058786647,7.5038698424269645,medium_5-10um,0.8926174496644296,1
240508_5-18_crop_00.jpg,3,113,11.994835078277376,6.534786150645513,medium_5-10um,0.8053097345132744,1
240508_5-4_crop_02.jpg,1,49,7.898654169668588,4.303186791635446,small_<=5um,0.3469387755102041,1
240508_5-7_crop_01.jpg,1,81,10.155412503859614,5.532668732102717,medium_5-10um,0.6790123456790124,1
240508_5-7_crop_01.jpg,2,49,7.898654169668588,4.303186791635446,small_<=5um,0.0,0
240508_5-7_crop_01.jpg,3,49,7.898654169668588,4.303186791635446,small_<=5um,0.0,0
2408_C-84_crop_00.jpg,1,49,7.898654169668588,4.303186791635446,small_<=5um,0.0,0
2408_C-84_crop_00.jpg,2,29,6.076507779746499,3.3104814384058923,small_<=5um,0.0,0
744_03-01_crop_02.jpg,1,135,13.110581167104948,7.142644619838776,medium_5-10um,0.0,0
744_03-01_crop_02.jpg,2,186,15.389040103942165,8.38394904862769,medium_5-10um,0.0,0
744_03-03_crop_02.jpg,1,77,9.901487006738307,5.394330121271029,medium_5-10um,0.0,0
744_04-04_crop_00.jpg,1,81,10.155412503859614,5.532668732102717,medium_5-10um,0.5925925925925926,1
744_06-03_crop_00.jpg,1,39,7.046725639945928,3.839056128642541,small_<=5um,0.0,0
A-27_crop_00.jpg,1,113,11.994835078277376,6.534786150645513,medium_5-10um,0.0,0
B-15_crop_00.jpg,1,187,15.430353037616328,8.406456334893376,medium_5-10um,0.0,0
C-60_crop_01.jpg,1,253,17.94796937867892,9.778053717504275,medium_5-10um,0.0,0
C-88_crop_01.jpg,1,113,11.994835078277376,6.534786150645513,medium_5-10um,0.0,0
D-137_crop_01.jpg,1,377,21.909160375631842,11.936110572644226,large_>10um,0.9655172413793104,1
D-144_crop_00.jpg,1,377,21.909160375631842,11.936110572644226,large_>10um,0.6153846153846154,1
D-149_crop_00.jpg,1,477,24.64417299969047,13.426145450231365,large_>10um,0.8553459119496856,1
D-162_crop_00.jpg,1,529,25.95272084319679,14.13904231537361,large_>10um,0.9584120982986768,1
D-162_crop_00.jpg,2,709,30.045412914740087,16.368740955950397,large_>10um,0.9746121297602257,1
D-169_crop_00.jpg,1,81,10.155412503859614,5.532668732102717,medium_5-10um,0.6666666666666666,1
D-169_crop_00.jpg,2,149,13.773623058786647,7.5038698424269645,medium_5-10um,0.87248322147651,1
D-169_crop_00.jpg,3,113,11.994835078277376,6.534786150645513,medium_5-10um,0.21238938053097345,0
D-169_crop_00.jpg,4,1961,49.968217370901414,27.222684823667088,large_>10um,0.9229984701682815,1
D-169_crop_00.jpg,5,1129,37.91421166272614,20.655662513853198,large_>10um,0.8379096545615589,1
D-169_crop_00.jpg,6,81,10.155412503859614,5.532668732102717,medium_5-10um,0.0,0
D-173_crop_00.jpg,1,441,23.695962509005764,12.90956037490634,large_>10um,0.9795918367346939,1
D-176_crop_00.jpg,1,901,33.87017611123954,18.4524719454033,large_>10um,0.9633740288568258,1
D-176_crop_00.jpg,2,113,11.994835078277376,6.534786150645513,medium_5-10um,0.0,0
D-176_crop_00.jpg,3,317,20.090219901261573,10.945151802207304,large_>10um,0.6656151419558359,1
D-176_crop_00.jpg,4,253,17.94796937867892,9.778053717504275,medium_5-10um,0.7865612648221344,1
D-180_crop_00.jpg,1,197,15.837556323903858,8.62830068526282,medium_5-10um,0.9390862944162437,1
D-180_crop_00.jpg,2,81,10.155412503859614,5.532668732102717,medium_5-10um,0.0,0
D-180_crop_00.jpg,3,317,20.090219901261573,10.945151802207304,large_>10um,0.8138801261829653,1
D-180_crop_00.jpg,4,253,17.94796937867892,9.778053717504275,medium_5-10um,0.9802371541501976,1
D-180_crop_01.jpg,1,81,10.155412503859614,5.532668732102717,medium_5-10um,0.0,0
D-180_crop_01.jpg,2,81,10.155412503859614,5.532668732102717,medium_5-10um,0.0,0
D-183_crop_01.jpg,1,149,13.773623058786647,7.5038698424269645,medium_5-10um,0.9664429530201343,1
D-183_crop_01.jpg,2,113,11.994835078277376,6.534786150645513,medium_5-10um,1.0,1
D-183_crop_01.jpg,3,377,21.909160375631842,11.936110572644226,large_>10um,0.8726790450928382,1
D-183_crop_01.jpg,4,81,10.155412503859614,5.532668732102717,medium_5-10um,0.5802469135802469,1
D-183_crop_02.jpg,1,529,25.95272084319679,14.13904231537361,large_>10um,0.7353497164461248,1
D-183_crop_02.jpg,2,81,10.155412503859614,5.532668732102717,medium_5-10um,0.0,0
D-183_crop_02.jpg,3,197,15.837556323903858,8.62830068526282,medium_5-10um,0.8121827411167513,1
D-183_crop_02.jpg,4,797,31.85548488335917,17.354868164454075,large_>10um,0.9485570890840652,1
D-186_crop_00.jpg,1,113,11.994835078277376,6.534786150645513,medium_5-10um,0.9203539823008849,1
D-186_crop_00.jpg,2,613,27.937355653723827,15.22027136014874,large_>10um,0.9853181076672104,1
D-186_crop_00.jpg,3,2121,51.96673045693062,28.311474752935798,large_>10um,0.9660537482319661,1
D-186_crop_00.jpg,4,81,10.155412503859614,5.532668732102717,medium_5-10um,0.8395061728395061,1
D-186_crop_00.jpg,5,317,20.090219901261573,10.945151802207304,large_>10um,0.8958990536277602,1
D-187_crop_00.jpg,1,1517,43.948883823861124,23.94335190723954,large_>10um,0.22017139090309823,0
D-187_crop_00.jpg,2,113,11.994835078277376,6.534786150645513,medium_5-10um,0.0,0
D-187_crop_00.jpg,3,81,10.155412503859614,5.532668732102717,medium_5-10um,0.9259259259259259,1
D-187_crop_00.jpg,4,113,11.994835078277376,6.534786150645513,medium_5-10um,0.0,0
D-187_crop_00.jpg,5,253,17.94796937867892,9.778053717504275,medium_5-10um,0.0,0
D0624-11_crop_01.jpg,1,49,7.898654169668588,4.303186791635446,small_<=5um,0.0,0
D0624-13_crop_00.jpg,1,113,11.994835078277376,6.534786150645513,medium_5-10um,0.9557522123893806,1
D0624-13_crop_00.jpg,2,113,11.994835078277376,6.534786150645513,medium_5-10um,0.9646017699115044,1
D0624-13_crop_00.jpg,3,49,7.898654169668588,4.303186791635446,small_<=5um,0.9387755102040817,1
D0624-13_crop_00.jpg,4,149,13.773623058786647,7.5038698424269645,medium_5-10um,0.9060402684563759,1
D0624-13_crop_00.jpg,5,49,7.898654169668588,4.303186791635446,small_<=5um,0.8979591836734694,1
D0624-16_crop_02.jpg,1,81,10.155412503859614,5.532668732102717,medium_5-10um,0.7654320987654321,1
D0624-21_crop_00.jpg,1,113,11.994835078277376,6.534786150645513,medium_5-10um,0.9557522123893806,1
D0624-21_crop_00.jpg,2,81,10.155412503859614,5.532668732102717,medium_5-10um,0.9753086419753086,1
D0624-21_crop_00.jpg,3,197,15.837556323903858,8.62830068526282,medium_5-10um,0.868020304568528,1
D0624-21_crop_00.jpg,4,113,11.994835078277376,6.534786150645513,medium_5-10um,1.0,1
D0624-21_crop_02.jpg,1,49,7.898654169668588,4.303186791635446,small_<=5um,1.0,1
D0624-22_crop_00.jpg,1,49,7.898654169668588,4.303186791635446,small_<=5um,1.0,1
D0624-22_crop_00.jpg,2,81,10.155412503859614,5.532668732102717,medium_5-10um,0.7654320987654321,1
D0624-22_crop_00.jpg,3,113,11.994835078277376,6.534786150645513,medium_5-10um,0.9557522123893806,1
D0624-22_crop_00.jpg,4,81,10.155412503859614,5.532668732102717,medium_5-10um,0.9012345679012346,1
D0624-22_crop_00.jpg,5,149,13.773623058786647,7.5038698424269645,medium_5-10um,0.8657718120805369,1
D0624-22_crop_02.jpg,1,113,11.994835078277376,6.534786150645513,medium_5-10um,1.0,1
D0624-23_crop_02.jpg,1,49,7.898654169668588,4.303186791635446,small_<=5um,0.04081632653061224,0
D0624-24_crop_00.jpg,1,49,7.898654169668588,4.303186791635446,small_<=5um,0.9795918367346939,1
D0624-24_crop_00.jpg,2,81,10.155412503859614,5.532668732102717,medium_5-10um,0.9876543209876543,1
D0624-24_crop_00.jpg,3,286,19.08262324195121,10.396213142215018,large_>10um,0.9230769230769231,1
D0624-24_crop_00.jpg,4,81,10.155412503859614,5.532668732102717,medium_5-10um,0.8888888888888888,1
D0624-25_crop_00.jpg,1,81,10.155412503859614,5.532668732102717,medium_5-10um,1.0,1
D0624-25_crop_00.jpg,2,81,10.155412503859614,5.532668732102717,medium_5-10um,1.0,1
D0624-25_crop_00.jpg,3,81,10.155412503859614,5.532668732102717,medium_5-10um,0.9135802469135802,1
D0624-26_crop_02.jpg,1,49,7.898654169668588,4.303186791635446,small_<=5um,1.0,1
D0624-27_crop_02.jpg,1,81,10.155412503859614,5.532668732102717,medium_5-10um,0.9259259259259259,1
D0624-27_crop_02.jpg,2,113,11.994835078277376,6.534786150645513,medium_5-10um,0.8761061946902655,1
D0624-30_crop_00.jpg,1,317,20.090219901261573,10.945151802207304,large_>10um,0.8517350157728707,1
D0624-30_crop_00.jpg,2,49,7.898654169668588,4.303186791635446,small_<=5um,1.0,1
D0624-30_crop_00.jpg,3,49,7.898654169668588,4.303186791635446,small_<=5um,0.9795918367346939,1
D0624-30_crop_00.jpg,4,81,10.155412503859614,5.532668732102717,medium_5-10um,0.8888888888888888,1
D0624-30_crop_00.jpg,5,81,10.155412503859614,5.532668732102717,medium_5-10um,1.0,1
D0624-30_crop_00.jpg,6,81,10.155412503859614,5.532668732102717,medium_5-10um,0.9012345679012346,1
D0624-30_crop_00.jpg,7,29,6.076507779746499,3.3104814384058923,small_<=5um,0.0,0
D0624-30_crop_00.jpg,8,29,6.076507779746499,3.3104814384058923,small_<=5um,0.0,0
D0624-30_crop_00.jpg,9,49,7.898654169668588,4.303186791635446,small_<=5um,0.9183673469387755,1
D0624-30_crop_00.jpg,10,81,10.155412503859614,5.532668732102717,medium_5-10um,0.9753086419753086,1
D0624-30_crop_00.jpg,11,81,10.155412503859614,5.532668732102717,medium_5-10um,0.7654320987654321,1
D0624-30_crop_02.jpg,1,81,10.155412503859614,5.532668732102717,medium_5-10um,0.9259259259259259,1
D0624-30_crop_02.jpg,2,49,7.898654169668588,4.303186791635446,small_<=5um,1.0,1
D0624-30_crop_02.jpg,3,149,13.773623058786647,7.5038698424269645,medium_5-10um,0.8657718120805369,1
D0624-34_crop_03.jpg,1,49,7.898654169668588,4.303186791635446,small_<=5um,0.8571428571428571,1
D0624-36_crop_01.jpg,1,197,15.837556323903858,8.62830068526282,medium_5-10um,0.9898477157360406,1
D0624-36_crop_01.jpg,2,49,7.898654169668588,4.303186791635446,small_<=5um,0.0,0
D0624-36_crop_01.jpg,3,49,7.898654169668588,4.303186791635446,small_<=5um,0.9387755102040817,1
D0624-37_crop_01.jpg,1,149,13.773623058786647,7.5038698424269645,medium_5-10um,0.87248322147651,1
D0624-37_crop_01.jpg,2,113,11.994835078277376,6.534786150645513,medium_5-10um,0.9292035398230089,1
D0624-38_crop_00.jpg,1,81,10.155412503859614,5.532668732102717,medium_5-10um,1.0,1
D0624-38_crop_00.jpg,2,81,10.155412503859614,5.532668732102717,medium_5-10um,0.9506172839506173,1
D0624-38_crop_00.jpg,3,81,10.155412503859614,5.532668732102717,medium_5-10um,0.5802469135802469,1
D0624-38_crop_00.jpg,4,81,10.155412503859614,5.532668732102717,medium_5-10um,0.9382716049382716,1
D0624-39_crop_00.jpg,1,81,10.155412503859614,5.532668732102717,medium_5-10um,0.8641975308641975,1
D0624-39_crop_00.jpg,2,113,11.994835078277376,6.534786150645513,medium_5-10um,0.8584070796460177,1
D0624-39_crop_00.jpg,3,81,10.155412503859614,5.532668732102717,medium_5-10um,0.8888888888888888,1
D0624-39_crop_00.jpg,4,49,7.898654169668588,4.303186791635446,small_<=5um,0.0,0
D0624-39_crop_00.jpg,5,81,10.155412503859614,5.532668732102717,medium_5-10um,0.7901234567901234,1
D0624-39_crop_00.jpg,6,49,7.898654169668588,4.303186791635446,small_<=5um,0.0,0
D0624-39_crop_00.jpg,7,49,7.898654169668588,4.303186791635446,small_<=5um,0.7551020408163265,1
D0624-39_crop_00.jpg,8,797,31.85548488335917,17.354868164454075,large_>10um,0.9686323713927227,1
D0624-39_crop_00.jpg,9,49,7.898654169668588,4.303186791635446,small_<=5um,0.9795918367346939,1
D0624-3_crop_02.jpg,1,81,10.155412503859614,5.532668732102717,medium_5-10um,0.9753086419753086,1
D0624-3_crop_02.jpg,2,113,11.994835078277376,6.534786150645513,medium_5-10um,0.9557522123893806,1
D0624-40_crop_01.jpg,1,49,7.898654169668588,4.303186791635446,small_<=5um,0.7551020408163265,1
D0624-40_crop_01.jpg,2,49,7.898654169668588,4.303186791635446,small_<=5um,0.9795918367346939,1
D0624-40_crop_01.jpg,3,81,10.155412503859614,5.532668732102717,medium_5-10um,0.7283950617283951,1
D0624-40_crop_01.jpg,4,49,7.898654169668588,4.303186791635446,small_<=5um,0.0,0
D0624-40_crop_01.jpg,5,113,11.994835078277376,6.534786150645513,medium_5-10um,1.0,1
D0624-42_crop_01.jpg,1,113,11.994835078277376,6.534786150645513,medium_5-10um,0.9557522123893806,1
D0624-42_crop_01.jpg,2,29,6.076507779746499,3.3104814384058923,small_<=5um,1.0,1
D0624-42_crop_01.jpg,3,49,7.898654169668588,4.303186791635446,small_<=5um,0.0,0
D0624-48_crop_00.jpg,1,81,10.155412503859614,5.532668732102717,medium_5-10um,0.8148148148148148,1
D0624-48_crop_00.jpg,2,113,11.994835078277376,6.534786150645513,medium_5-10um,0.9911504424778761,1
D0624-48_crop_00.jpg,3,113,11.994835078277376,6.534786150645513,medium_5-10um,1.0,1
D0624-48_crop_00.jpg,4,81,10.155412503859614,5.532668732102717,medium_5-10um,0.9629629629629629,1
D0624-48_crop_00.jpg,5,112,11.941642642883693,6.5058069118430355,medium_5-10um,0.8303571428571429,1
D0624-48_crop_00.jpg,6,49,7.898654169668588,4.303186791635446,small_<=5um,1.0,1
D0624-48_crop_00.jpg,7,49,7.898654169668588,4.303186791635446,small_<=5um,0.9795918367346939,1
D0624-48_crop_00.jpg,8,81,10.155412503859614,5.532668732102717,medium_5-10um,1.0,1
D0624-4_crop_01.jpg,1,149,13.773623058786647,7.5038698424269645,medium_5-10um,0.8993288590604027,1
D0624-4_crop_02.jpg,1,113,11.994835078277376,6.534786150645513,medium_5-10um,1.0,1
D0624-50_crop_00.jpg,1,49,7.898654169668588,4.303186791635446,small_<=5um,0.8571428571428571,1
D0624-50_crop_00.jpg,2,49,7.898654169668588,4.303186791635446,small_<=5um,1.0,1
D0624-50_crop_00.jpg,3,149,13.773623058786647,7.5038698424269645,medium_5-10um,0.9731543624161074,1
D0624-50_crop_00.jpg,4,81,10.155412503859614,5.532668732102717,medium_5-10um,0.9629629629629629,1
D0624-50_crop_00.jpg,5,81,10.155412503859614,5.532668732102717,medium_5-10um,0.7037037037037037,1
D0624-52_crop_00.jpg,1,113,11.994835078277376,6.534786150645513,medium_5-10um,0.6814159292035398,1
D0624-52_crop_00.jpg,2,81,10.155412503859614,5.532668732102717,medium_5-10um,0.8641975308641975,1
D0624-52_crop_00.jpg,3,81,10.155412503859614,5.532668732102717,medium_5-10um,0.8765432098765432,1
D0624-52_crop_00.jpg,4,197,15.837556323903858,8.62830068526282,medium_5-10um,0.9593908629441624,1
D0624-52_crop_00.jpg,5,81,10.155412503859614,5.532668732102717,medium_5-10um,0.8765432098765432,1
D0624-52_crop_00.jpg,6,113,11.994835078277376,6.534786150645513,medium_5-10um,1.0,1
D0624-54_crop_00.jpg,1,49,7.898654169668588,4.303186791635446,small_<=5um,0.5306122448979592,1
D0624-54_crop_00.jpg,2,81,10.155412503859614,5.532668732102717,medium_5-10um,0.9259259259259259,1
D0624-54_crop_00.jpg,3,81,10.155412503859614,5.532668732102717,medium_5-10um,0.6049382716049383,1
D0624-54_crop_00.jpg,4,81,10.155412503859614,5.532668732102717,medium_5-10um,0.654320987654321,1
D0624-54_crop_00.jpg,5,49,7.898654169668588,4.303186791635446,small_<=5um,1.0,1
D0624-54_crop_00.jpg,6,196,15.797308339337176,8.606373583270893,medium_5-10um,0.9795918367346939,1
D0624-58_crop_01.jpg,1,149,13.773623058786647,7.5038698424269645,medium_5-10um,0.825503355704698,1
D0624-58_crop_01.jpg,2,113,11.994835078277376,6.534786150645513,medium_5-10um,0.9646017699115044,1
D0624-58_crop_01.jpg,3,81,10.155412503859614,5.532668732102717,medium_5-10um,0.9876543209876543,1
D0624-60_crop_01.jpg,1,49,7.898654169668588,4.303186791635446,small_<=5um,0.0,0
D0624-60_crop_01.jpg,2,81,10.155412503859614,5.532668732102717,medium_5-10um,0.9753086419753086,1
D0624-60_crop_01.jpg,3,49,7.898654169668588,4.303186791635446,small_<=5um,0.6938775510204082,1
D0624-60_crop_01.jpg,4,81,10.155412503859614,5.532668732102717,medium_5-10um,0.48148148148148145,1
D0624-60_crop_01.jpg,5,81,10.155412503859614,5.532668732102717,medium_5-10um,0.8271604938271605,1
D0624-60_crop_01.jpg,6,81,10.155412503859614,5.532668732102717,medium_5-10um,0.8148148148148148,1
D0624-60_crop_02.jpg,1,81,10.155412503859614,5.532668732102717,medium_5-10um,0.7777777777777778,1
D0624-60_crop_02.jpg,2,113,11.994835078277376,6.534786150645513,medium_5-10um,0.9557522123893806,1
D0624-60_crop_02.jpg,3,49,7.898654169668588,4.303186791635446,small_<=5um,0.2653061224489796,0
D0624-65_crop_00.jpg,1,81,10.155412503859614,5.532668732102717,medium_5-10um,0.9753086419753086,1
D0624-65_crop_00.jpg,2,253,17.94796937867892,9.778053717504275,medium_5-10um,0.9565217391304348,1
D0624-65_crop_00.jpg,3,113,11.994835078277376,6.534786150645513,medium_5-10um,0.8938053097345132,1
D0624-67_crop_00.jpg,1,113,11.994835078277376,6.534786150645513,medium_5-10um,0.9734513274336283,1
D0624-67_crop_00.jpg,2,113,11.994835078277376,6.534786150645513,medium_5-10um,0.9380530973451328,1
D0624-67_crop_00.jpg,3,149,13.773623058786647,7.5038698424269645,medium_5-10um,0.8926174496644296,1
D0624-67_crop_00.jpg,4,149,13.773623058786647,7.5038698424269645,medium_5-10um,0.8187919463087249,1
D0624-67_crop_00.jpg,5,113,11.994835078277376,6.534786150645513,medium_5-10um,0.8672566371681416,1
D0624-67_crop_00.jpg,6,49,7.898654169668588,4.303186791635446,small_<=5um,0.7959183673469388,1
D0624-69_crop_01.jpg,1,81,10.155412503859614,5.532668732102717,medium_5-10um,0.8395061728395061,1
D0624-69_crop_01.jpg,2,81,10.155412503859614,5.532668732102717,medium_5-10um,0.0,0
D0624-69_crop_01.jpg,3,81,10.155412503859614,5.532668732102717,medium_5-10um,0.08641975308641975,0
D0624-70_crop_02.jpg,1,49,7.898654169668588,4.303186791635446,small_<=5um,0.46938775510204084,1
D0624-70_crop_02.jpg,2,80,10.092530088080641,5.498410391986333,medium_5-10um,0.9375,1
D0624-70_crop_02.jpg,3,49,7.898654169668588,4.303186791635446,small_<=5um,1.0,1
D0624-73_crop_02.jpg,1,49,7.898654169668588,4.303186791635446,small_<=5um,0.9183673469387755,1
D0624-73_crop_02.jpg,2,49,7.898654169668588,4.303186791635446,small_<=5um,0.0,0
D0624-74_crop_01.jpg,1,253,17.94796937867892,9.778053717504275,medium_5-10um,0.8814229249011858,1
D0624-74_crop_01.jpg,2,49,7.898654169668588,4.303186791635446,small_<=5um,0.8775510204081632,1
D0624-76_crop_00.jpg,1,81,10.155412503859614,5.532668732102717,medium_5-10um,0.9382716049382716,1
D0624-76_crop_00.jpg,2,113,11.994835078277376,6.534786150645513,medium_5-10um,0.9911504424778761,1
D0624-76_crop_00.jpg,3,49,7.898654169668588,4.303186791635446,small_<=5um,0.9795918367346939,1
D0624-76_crop_00.jpg,4,49,7.898654169668588,4.303186791635446,small_<=5um,0.9795918367346939,1
D0624-76_crop_00.jpg,5,49,7.898654169668588,4.303186791635446,small_<=5um,0.0,0
D0624-76_crop_00.jpg,6,81,10.155412503859614,5.532668732102717,medium_5-10um,0.9876543209876543,1
D0624-76_crop_00.jpg,7,113,11.994835078277376,6.534786150645513,medium_5-10um,0.7256637168141593,1
D0624-76_crop_00.jpg,8,49,7.898654169668588,4.303186791635446,small_<=5um,0.9183673469387755,1
D0624-76_crop_00.jpg,9,113,11.994835078277376,6.534786150645513,medium_5-10um,0.7787610619469026,1
D0624-76_crop_00.jpg,10,81,10.155412503859614,5.532668732102717,medium_5-10um,0.8888888888888888,1
D0624-76_crop_00.jpg,11,149,13.773623058786647,7.5038698424269645,medium_5-10um,1.0,1
D0624-76_crop_00.jpg,12,113,11.994835078277376,6.534786150645513,medium_5-10um,0.911504424778761,1
D0624-77_crop_01.jpg,1,253,17.94796937867892,9.778053717504275,medium_5-10um,0.782608695652174,1
D0624-77_crop_01.jpg,2,81,10.155412503859614,5.532668732102717,medium_5-10um,0.9629629629629629,1
D0624-81_crop_01.jpg,1,81,10.155412503859614,5.532668732102717,medium_5-10um,0.9753086419753086,1
D0624-81_crop_01.jpg,2,81,10.155412503859614,5.532668732102717,medium_5-10um,0.8395061728395061,1
D0624-81_crop_01.jpg,3,81,10.155412503859614,5.532668732102717,medium_5-10um,0.9876543209876543,1
D0624-83_crop_02.jpg,1,81,10.155412503859614,5.532668732102717,medium_5-10um,0.9629629629629629,1
D0624-84_crop_00.jpg,1,81,10.155412503859614,5.532668732102717,medium_5-10um,0.8395061728395061,1
D0624-84_crop_00.jpg,2,113,11.994835078277376,6.534786150645513,medium_5-10um,0.911504424778761,1
D0624-84_crop_00.jpg,3,49,7.898654169668588,4.303186791635446,small_<=5um,0.0,0
D0624-84_crop_00.jpg,4,49,7.898654169668588,4.303186791635446,small_<=5um,0.8775510204081632,1
D0624-84_crop_00.jpg,5,253,17.94796937867892,9.778053717504275,medium_5-10um,0.9367588932806324,1
D0624-87_crop_00.jpg,1,81,10.155412503859614,5.532668732102717,medium_5-10um,0.9876543209876543,1
D0624-87_crop_00.jpg,2,49,7.898654169668588,4.303186791635446,small_<=5um,1.0,1
D0624-87_crop_00.jpg,3,197,15.837556323903858,8.62830068526282,medium_5-10um,0.9137055837563451,1
D0624-87_crop_00.jpg,4,49,7.898654169668588,4.303186791635446,small_<=5um,0.9183673469387755,1
D0624-89_crop_02.jpg,1,81,10.155412503859614,5.532668732102717,medium_5-10um,0.9629629629629629,1
D0624-90_crop_01.jpg,1,149,13.773623058786647,7.5038698424269645,medium_5-10um,0.9463087248322147,1
D0624-90_crop_01.jpg,2,152,13.911592676604096,7.579035690213911,medium_5-10um,0.9802631578947368,1
D0624-92_crop_00.jpg,1,81,10.155412503859614,5.532668732102717,medium_5-10um,0.7777777777777778,1
D0624-92_crop_00.jpg,2,49,7.898654169668588,4.303186791635446,small_<=5um,0.8775510204081632,1
D0624-92_crop_00.jpg,3,81,10.155412503859614,5.532668732102717,medium_5-10um,0.8395061728395061,1
D0624-92_crop_00.jpg,4,197,15.837556323903858,8.62830068526282,medium_5-10um,0.9137055837563451,1
D0624-92_crop_00.jpg,5,49,7.898654169668588,4.303186791635446,small_<=5um,1.0,1
D0624-92_crop_00.jpg,6,113,11.994835078277376,6.534786150645513,medium_5-10um,0.9380530973451328,1
D0624-92_crop_00.jpg,7,113,11.994835078277376,6.534786150645513,medium_5-10um,0.9557522123893806,1
D0624-92_crop_00.jpg,8,49,7.898654169668588,4.303186791635446,small_<=5um,0.0,0
D0624-93_crop_02.jpg,1,81,10.155412503859614,5.532668732102717,medium_5-10um,1.0,1
JZW_HQL_0520-10_crop_01.jpg,1,73,9.640875829802336,5.252349152076312,medium_5-10um,0.0,0
JZW_HQL_0520-10_crop_01.jpg,2,91,10.764051215546116,5.8642551022295235,medium_5-10um,0.0,0
JZW_HQL_0520-10_crop_01.jpg,3,51,8.058239062071396,4.390128641016496,small_<=5um,0.6078431372549019,1
JZW_HQL_0520-10_crop_01.jpg,4,58,8.593479713983122,4.681727748178004,small_<=5um,0.7241379310344828,1
JZW_HQL_0520-10_crop_01.jpg,5,84,10.341765891652821,5.634194057772457,medium_5-10um,0.9166666666666666,1
JZW_HQL_0520-10_crop_01.jpg,6,62,8.884866446580956,4.840475240097304,small_<=5um,0.0,0
JZW_HQL_0520-11_crop_02.jpg,1,118,12.257335203001883,6.677796218595425,medium_5-10um,0.8389830508474576,1
JZW_HQL_0520-11_crop_02.jpg,2,83,10.280023453913834,5.6005567776922565,medium_5-10um,0.0,0
JZW_HQL_0520-11_crop_02.jpg,3,52,8.136857890256438,4.432960178611707,small_<=5um,1.0,1
JZW_HQL_0520-11_crop_02.jpg,4,92,10.823032759612019,5.896388247436628,medium_5-10um,0.0,0
JZW_HQL_0520-14_crop_02.jpg,1,70,9.440697438826296,5.143291964672565,medium_5-10um,0.9,1
JZW_HQL_0520-23_crop_01.jpg,1,56,8.444016491289505,4.600300184454522,small_<=5um,0.0,0
JZW_HQL_0520-23_crop_01.jpg,2,66,9.166995688475081,4.994179251081224,small_<=5um,0.9545454545454546,1
JZW_HQL_0520-23_crop_01.jpg,3,99,11.227230955528665,6.116595424572016,medium_5-10um,0.0,0
JZW_HQL_0520-23_crop_01.jpg,4,46,7.653039857325812,4.169376114271102,small_<=5um,1.0,1
JZW_HQL_0520-23_crop_01.jpg,5,73,9.640875829802336,5.252349152076312,medium_5-10um,0.9726027397260274,1
JZW_HQL_0520-25_crop_00.jpg,1,38,6.955796338302048,3.7895178451069556,small_<=5um,0.0,0
JZW_HQL_0520-25_crop_00.jpg,2,52,8.136857890256438,4.432960178611707,small_<=5um,0.46153846153846156,1
JZW_HQL_0520-25_crop_00.jpg,3,51,8.058239062071396,4.390128641016496,small_<=5um,0.37254901960784315,1
JZW_HQL_0520-25_crop_00.jpg,4,54,8.291859587312052,4.517405103167605,small_<=5um,1.0,1
JZW_HQL_0520-25_crop_00.jpg,5,43,7.399277020331919,4.031126120676829,small_<=5um,0.0,0
JZW_HQL_0520-25_crop_00.jpg,6,55,8.368283871884005,4.559041053402406,small_<=5um,0.7636363636363637,1
JZW_HQL_0520-25_crop_01.jpg,1,63,8.95623198216277,4.879355183882277,small_<=5um,0.9206349206349206,1
JZW_HQL_0520-25_crop_01.jpg,2,62,8.884866446580956,4.840475240097304,small_<=5um,1.0,1
JZW_HQL_0520-25_crop_01.jpg,3,51,8.058239062071396,4.390128641016496,small_<=5um,0.0,0
JZW_HQL_0520-25_crop_01.jpg,4,46,7.653039857325812,4.169376114271102,small_<=5um,0.9565217391304348,1
JZW_HQL_0520-25_crop_01.jpg,5,311,19.899183360445615,10.84107509477077,large_>10um,0.0,0
JZW_HQL_0520-26_crop_02.jpg,1,132,12.964089628857149,7.062836029801374,medium_5-10um,0.7045454545454546,1
JZW_HQL_0520-26_crop_02.jpg,2,87,10.524820207108489,5.733922048832704,medium_5-10um,0.25287356321839083,0
JZW_HQL_0520-26_crop_02.jpg,3,53,8.214724333230155,4.475381816743788,small_<=5um,0.39622641509433965,1
JZW_HQL_0520-26_crop_02.jpg,4,41,7.225151993843567,3.936262806245975,small_<=5um,0.0,0
JZW_HQL_0520-26_crop_02.jpg,5,54,8.291859587312052,4.517405103167605,small_<=5um,1.0,1
JZW_HQL_0520-27_crop_03.jpg,1,53,8.214724333230155,4.475381816743788,small_<=5um,0.0,0
JZW_HQL_0520-27_crop_03.jpg,2,53,8.214724333230155,4.475381816743788,small_<=5um,0.9433962264150944,1
JZW_HQL_0520-27_crop_03.jpg,3,73,9.640875829802336,5.252349152076312,medium_5-10um,0.6027397260273972,1
JZW_HQL_0520-28_crop_00.jpg,1,86,10.464157913908982,5.700873231497613,medium_5-10um,0.0,0
JZW_HQL_0520-28_crop_00.jpg,2,65,9.09728368293446,4.956200150462694,small_<=5um,0.8923076923076924,1
JZW_HQL_0520-28_crop_00.jpg,3,48,7.817640190446719,4.259050375755372,small_<=5um,0.0,0
JZW_HQL_0520-28_crop_00.jpg,4,83,10.280023453913834,5.6005567776922565,medium_5-10um,0.6024096385542169,1
JZW_HQL_0520-28_crop_00.jpg,5,78,9.965574970333758,5.429245243837831,medium_5-10um,0.8974358974358975,1
JZW_HQL_0520-28_crop_00.jpg,6,110,11.834540545406394,6.447457689137403,medium_5-10um,0.6454545454545455,1
JZW_HQL_0520-28_crop_00.jpg,7,88,10.585134856802455,5.766781469985977,medium_5-10um,0.9659090909090909,1
JZW_HQL_0520-28_crop_00.jpg,8,234,17.26088217525478,9.403728609078803,medium_5-10um,0.0,0
JZW_HQL_0520-29_crop_01.jpg,1,55,8.368283871884005,4.559041053402406,small_<=5um,0.5818181818181818,1
JZW_HQL_0520-29_crop_01.jpg,2,55,8.368283871884005,4.559041053402406,small_<=5um,0.0,0
JZW_HQL_0520-29_crop_01.jpg,3,53,8.214724333230155,4.475381816743788,small_<=5um,0.0,0
JZW_HQL_0520-29_crop_01.jpg,4,81,10.155412503859614,5.532668732102717,medium_5-10um,0.9012345679012346,1
JZW_HQL_0520-29_crop_01.jpg,5,50,7.978845608028654,4.34687508725401,small_<=5um,0.88,1
JZW_HQL_0520-29_crop_01.jpg,6,57,8.51907589177983,4.64119254584165,small_<=5um,0.8596491228070176,1
JZW_HQL_0520-29_crop_01.jpg,7,66,9.166995688475081,4.994179251081224,small_<=5um,0.0,0
JZW_HQL_0520-29_crop_01.jpg,8,72,9.574614729634384,5.2162501047048115,medium_5-10um,0.9583333333333334,1
JZW_HQL_0520-29_crop_01.jpg,9,71,9.507891862878783,5.17989948689636,medium_5-10um,0.8732394366197183,1
JZW_HQL_0520-29_crop_01.jpg,10,88,10.585134856802455,5.766781469985977,medium_5-10um,0.9431818181818182,1
JZW_HQL_0520-3_crop_02.jpg,1,55,8.368283871884005,4.559041053402406,small_<=5um,0.0,0
JZW_HQL_0520-3_crop_02.jpg,2,72,9.574614729634384,5.2162501047048115,medium_5-10um,0.8888888888888888,1
JZW_HQL_0520-3_crop_02.jpg,3,98,11.170383851240114,6.085625122155614,medium_5-10um,0.826530612244898,1
JZW_HQL_0520-4_crop_00.jpg,1,68,9.304852983362556,5.06928390533592,medium_5-10um,0.4411764705882353,1
JZW_HQL_0520-4_crop_00.jpg,2,65,9.09728368293446,4.956200150462694,small_<=5um,0.6615384615384615,1
JZW_HQL_0520-4_crop_00.jpg,3,59,8.667244841319219,4.72191498955071,small_<=5um,0.9152542372881356,1
JZW_HQL_0520-4_crop_00.jpg,4,84,10.341765891652821,5.634194057772457,medium_5-10um,0.9047619047619048,1
JZW_HQL_0520-4_crop_00.jpg,5,49,7.898654169668588,4.303186791635446,small_<=5um,0.8367346938775511,1
JZW_HQL_0520-4_crop_00.jpg,6,53,8.214724333230155,4.475381816743788,small_<=5um,0.8113207547169812,1
JZW_HQL_0520-4_crop_00.jpg,7,56,8.444016491289505,4.600300184454522,small_<=5um,1.0,1
JZW_HQL_0520-4_crop_00.jpg,8,103,11.451797811161432,6.238939447520748,medium_5-10um,0.8932038834951457,1
JZW_HQL_0520-4_crop_00.jpg,9,58,8.593479713983122,4.681727748178004,small_<=5um,0.896551724137931,1
JZW_HQL_0520-4_crop_00.jpg,10,53,8.214724333230155,4.475381816743788,small_<=5um,0.0,0
JZW_HQL_0520-4_crop_00.jpg,11,54,8.291859587312052,4.517405103167605,small_<=5um,0.0,0
JZW_HQL_0520-6_crop_01.jpg,1,53,8.214724333230155,4.475381816743788,small_<=5um,0.0,0
JZW_HQL_0520-6_crop_01.jpg,2,62,8.884866446580956,4.840475240097304,small_<=5um,0.0,0
JZW_HQL_0520-6_crop_01.jpg,3,113,11.994835078277376,6.534786150645513,medium_5-10um,0.0,0
JZW_HQL_0520-8_crop_02.jpg,1,91,10.764051215546116,5.8642551022295235,medium_5-10um,0.5274725274725275,1
JZW_HQL_0520-8_crop_02.jpg,2,73,9.640875829802336,5.252349152076312,medium_5-10um,0.8904109589041096,1
JZW_HQL_0520-8_crop_02.jpg,3,57,8.51907589177983,4.64119254584165,small_<=5um,0.7894736842105263,1
JZW_HQL_0520-8_crop_02.jpg,4,64,9.0270333367641,4.917927761869081,small_<=5um,0.859375,1
JZW_HQL_0520-G912-11_crop_03.jpg,1,113,11.994835078277376,6.534786150645513,medium_5-10um,0.6548672566371682,1
JZW_HQL_0520-G912-11_crop_03.jpg,2,48,7.817640190446719,4.259050375755372,small_<=5um,1.0,1
JZW_HQL_0520-G912-11_crop_03.jpg,3,149,13.773623058786647,7.5038698424269645,medium_5-10um,0.0,0
JZW_HQL_0520-G912-11_crop_03.jpg,4,54,8.291859587312052,4.517405103167605,small_<=5um,0.0,0
JZW_HQL_0520-G912-11_crop_03.jpg,5,56,8.444016491289505,4.600300184454522,small_<=5um,0.0,0
JZW_HQL_0520-G912-2_crop_00.jpg,1,28,5.970821321441846,3.2529034559215178,small_<=5um,1.0,1
JZW_HQL_0520-G912-2_crop_00.jpg,2,37,6.863662517577698,3.7393233395763295,small_<=5um,1.0,1
JZW_HQL_0520-G912-3_crop_00.jpg,1,41,7.225151993843567,3.936262806245975,small_<=5um,1.0,1
JZW_HQL_0520-G912-3_crop_00.jpg,2,51,8.058239062071396,4.390128641016496,small_<=5um,0.0,0
JZW_HQL_0520-G912-3_crop_00.jpg,3,77,9.901487006738307,5.394330121271029,medium_5-10um,0.0,0
JZW_HQL_0520-G912-3_crop_00.jpg,4,40,7.136496464611085,3.8879632739201186,small_<=5um,1.0,1
JZW_HQL_0520-G912-3_crop_00.jpg,5,113,11.994835078277376,6.534786150645513,medium_5-10um,0.0,0
JZW_HQL_0520-G912-3_crop_00.jpg,6,57,8.51907589177983,4.64119254584165,small_<=5um,0.0,0
JZW_HQL_0520-G912-5_crop_02.jpg,1,47,7.735777827895049,4.214451760637222,small_<=5um,0.06382978723404255,0
JZW_HQL_0520-G912-9_crop_03.jpg,1,56,8.444016491289505,4.600300184454522,small_<=5um,0.0,0
JZW_HQL_0520_A-12_crop_02.jpg,1,59,8.667244841319219,4.72191498955071,small_<=5um,1.0,1
JZW_HQL_0520_A-14_crop_01.jpg,1,58,8.593479713983122,4.681727748178004,small_<=5um,0.9655172413793104,1
JZW_HQL_0520_A-14_crop_01.jpg,2,52,8.136857890256438,4.432960178611707,small_<=5um,0.0,0
JZW_HQL_0520_A-16_crop_01.jpg,1,64,9.0270333367641,4.917927761869081,small_<=5um,0.984375,1
JZW_HQL_0520_A-17_crop_02.jpg,1,49,7.898654169668588,4.303186791635446,small_<=5um,0.0,0
JZW_HQL_0520_A-18_crop_01.jpg,1,87,10.524820207108489,5.733922048832704,medium_5-10um,0.7011494252873564,1
JZW_HQL_0520_A-26_crop_01.jpg,1,80,10.092530088080641,5.498410391986333,medium_5-10um,0.95,1
JZW_HQL_0520_A-26_crop_01.jpg,2,90,10.704744696916627,5.831944910880178,medium_5-10um,0.9777777777777777,1
JZW_HQL_0520_A-26_crop_02.jpg,1,69,9.373021315815206,5.106422012856124,medium_5-10um,0.7681159420289855,1
JZW_HQL_0520_A-29_crop_00.jpg,1,53,8.214724333230155,4.475381816743788,small_<=5um,0.9433962264150944,1
JZW_HQL_0520_A-29_crop_00.jpg,2,55,8.368283871884005,4.559041053402406,small_<=5um,0.45454545454545453,1
JZW_HQL_0520_A-29_crop_00.jpg,3,529,25.95272084319679,14.13904231537361,large_>10um,0.8733459357277883,1
JZW_HQL_0520_A-29_crop_00.jpg,4,75,9.772050238058398,5.323812969694215,medium_5-10um,0.8933333333333333,1
JZW_HQL_0520_A-29_crop_00.jpg,5,103,11.451797811161432,6.238939447520748,medium_5-10um,0.9320388349514563,1
JZW_HQL_0520_A-29_crop_00.jpg,6,71,9.507891862878783,5.17989948689636,medium_5-10um,0.7887323943661971,1
JZW_HQL_0520_A-30_crop_00.jpg,1,48,7.817640190446719,4.259050375755372,small_<=5um,0.0,0
JZW_HQL_0520_A-30_crop_00.jpg,2,88,10.585134856802455,5.766781469985977,medium_5-10um,0.8636363636363636,1
JZW_HQL_0520_A-30_crop_00.jpg,3,49,7.898654169668588,4.303186791635446,small_<=5um,0.9795918367346939,1
JZW_HQL_0520_A-30_crop_01.jpg,1,50,7.978845608028654,4.34687508725401,small_<=5um,1.0,1
JZW_HQL_0520_A-30_crop_01.jpg,2,62,8.884866446580956,4.840475240097304,small_<=5um,0.0,0
JZW_HQL_0520_A-38_crop_00.jpg,1,49,7.898654169668588,4.303186791635446,small_<=5um,1.0,1
JZW_HQL_0520_A-38_crop_00.jpg,2,49,7.898654169668588,4.303186791635446,small_<=5um,1.0,1
JZW_HQL_0520_A-39_crop_01.jpg,1,45,7.569397566060481,4.12380779398975,small_<=5um,0.8222222222222222,1
JZW_HQL_0520_A-39_crop_01.jpg,2,51,8.058239062071396,4.390128641016496,small_<=5um,0.9607843137254902,1
JZW_HQL_0520_A-39_crop_01.jpg,3,57,8.51907589177983,4.64119254584165,small_<=5um,1.0,1
JZW_HQL_0520_A-39_crop_01.jpg,4,54,8.291859587312052,4.517405103167605,small_<=5um,1.0,1
JZW_HQL_0520_A-39_crop_01.jpg,5,52,8.136857890256438,4.432960178611707,small_<=5um,0.8653846153846154,1
JZW_HQL_0520_A-3_crop_01.jpg,1,69,9.373021315815206,5.106422012856124,medium_5-10um,0.0,0
JZW_HQL_0520_A-3_crop_01.jpg,2,70,9.440697438826296,5.143291964672565,medium_5-10um,0.8428571428571429,1
JZW_HQL_0520_A-3_crop_01.jpg,3,83,10.280023453913834,5.6005567776922565,medium_5-10um,0.0,0
JZW_HQL_0520_A-3_crop_01.jpg,4,67,9.23618154310838,5.031871704685445,medium_5-10um,0.8955223880597015,1
JZW_HQL_0520_A-3_crop_01.jpg,5,53,8.214724333230155,4.475381816743788,small_<=5um,0.09433962264150944,0
JZW_HQL_0520_A-3_crop_01.jpg,6,78,9.965574970333758,5.429245243837831,medium_5-10um,0.5128205128205128,1
JZW_HQL_0520_A-40_crop_00.jpg,1,58,8.593479713983122,4.681727748178004,small_<=5um,0.896551724137931,1
JZW_HQL_0520_A-40_crop_01.jpg,1,81,10.155412503859614,5.532668732102717,medium_5-10um,0.6419753086419753,1
JZW_HQL_0520_A-42_crop_00.jpg,1,55,8.368283871884005,4.559041053402406,small_<=5um,0.9636363636363636,1
JZW_HQL_0520_A-42_crop_00.jpg,2,71,9.507891862878783,5.17989948689636,medium_5-10um,0.9154929577464789,1
JZW_HQL_0520_A-42_crop_00.jpg,3,65,9.09728368293446,4.956200150462694,small_<=5um,0.9538461538461539,1
JZW_HQL_0520_A-42_crop_00.jpg,4,46,7.653039857325812,4.169376114271102,small_<=5um,0.8913043478260869,1
JZW_HQL_0520_A-42_crop_02.jpg,1,71,9.507891862878783,5.17989948689636,medium_5-10um,0.971830985915493,1
JZW_HQL_0520_A-43_crop_02.jpg,1,68,9.304852983362556,5.06928390533592,medium_5-10um,0.8529411764705882,1
JZW_HQL_0520_A-44_crop_00.jpg,1,155,14.048207338801282,7.6534633581789375,medium_5-10um,0.0,0
JZW_HQL_0520_A-44_crop_00.jpg,2,61,8.812923024107548,4.801280463533791,small_<=5um,0.6885245901639344,1
JZW_HQL_0520_A-44_crop_00.jpg,3,64,9.0270333367641,4.917927761869081,small_<=5um,1.0,1
JZW_HQL_0520_A-47_crop_01.jpg,1,149,13.773623058786647,7.5038698424269645,medium_5-10um,1.0,1
JZW_HQL_0520_A-47_crop_01.jpg,2,93,10.881694613449236,5.928347225407143,medium_5-10um,0.0,0
JZW_HQL_0520_A-47_crop_02.jpg,1,55,8.368283871884005,4.559041053402406,small_<=5um,0.9454545454545454,1
JZW_HQL_0520_A-47_crop_02.jpg,2,48,7.817640190446719,4.259050375755372,small_<=5um,0.9583333333333334,1
JZW_HQL_0520_A-48_crop_00.jpg,1,44,7.48482063701911,4.077730283048011,small_<=5um,0.06818181818181818,0
JZW_HQL_0520_A-50_crop_00.jpg,1,47,7.735777827895049,4.214451760637222,small_<=5um,0.19148936170212766,0
JZW_HQL_0520_A-50_crop_00.jpg,2,56,8.444016491289505,4.600300184454522,small_<=5um,0.9285714285714286,1
JZW_HQL_0520_A-50_crop_00.jpg,3,76,9.83698151873187,5.359187531405122,medium_5-10um,0.9473684210526315,1
JZW_HQL_0520_A-50_crop_00.jpg,4,52,8.136857890256438,4.432960178611707,small_<=5um,1.0,1
JZW_HQL_0520_A-50_crop_00.jpg,5,68,9.304852983362556,5.06928390533592,medium_5-10um,0.9264705882352942,1
JZW_HQL_0520_A-50_crop_00.jpg,6,45,7.569397566060481,4.12380779398975,small_<=5um,0.0,0
JZW_HQL_0520_A-51_crop_01.jpg,1,75,9.772050238058398,5.323812969694215,medium_5-10um,0.9866666666666667,1
JZW_HQL_0520_A-51_crop_01.jpg,2,62,8.884866446580956,4.840475240097304,small_<=5um,1.0,1
JZW_HQL_0520_A-51_crop_01.jpg,3,67,9.23618154310838,5.031871704685445,medium_5-10um,0.9701492537313433,1
JZW_HQL_0520_A-51_crop_01.jpg,4,108,11.726460285670077,6.388575563633058,medium_5-10um,0.0,0
JZW_HQL_0520_A-55_crop_01.jpg,1,50,7.978845608028654,4.34687508725401,small_<=5um,0.0,0
JZW_HQL_0520_A-55_crop_01.jpg,2,73,9.640875829802336,5.252349152076312,medium_5-10um,0.1917808219178082,0
JZW_HQL_0520_A-55_crop_01.jpg,3,51,8.058239062071396,4.390128641016496,small_<=5um,0.0,0
JZW_HQL_0520_A-57_crop_02.jpg,1,75,9.772050238058398,5.323812969694215,medium_5-10um,0.9333333333333333,1
JZW_HQL_0520_A-60_crop_00.jpg,1,57,8.51907589177983,4.64119254584165,small_<=5um,0.10526315789473684,0
JZW_HQL_0520_A-60_crop_00.jpg,2,45,7.569397566060481,4.12380779398975,small_<=5um,0.0,0
JZW_HQL_0520_A-60_crop_00.jpg,3,51,8.058239062071396,4.390128641016496,small_<=5um,0.9019607843137255,1
JZW_HQL_0520_A-60_crop_00.jpg,4,38,6.955796338302048,3.7895178451069556,small_<=5um,0.0,0
JZW_HQL_0520_A-60_crop_00.jpg,5,33,6.4820448144285745,3.531418014900687,small_<=5um,0.0,0
JZW_HQL_0520_A-60_crop_00.jpg,6,54,8.291859587312052,4.517405103167605,small_<=5um,0.14814814814814814,0
JZW_HQL_0520_A-60_crop_00.jpg,7,63,8.95623198216277,4.879355183882277,small_<=5um,0.9841269841269841,1
JZW_HQL_0520_A-60_crop_00.jpg,8,49,7.898654169668588,4.303186791635446,small_<=5um,0.0,0
JZW_HQL_0520_A-61_crop_00.jpg,1,46,7.653039857325812,4.169376114271102,small_<=5um,0.0,0
JZW_HQL_0520_A-61_crop_00.jpg,2,38,6.955796338302048,3.7895178451069556,small_<=5um,0.0,0
JZW_HQL_0520_A-61_crop_00.jpg,3,72,9.574614729634384,5.2162501047048115,medium_5-10um,0.9722222222222222,1
JZW_HQL_0520_A-61_crop_00.jpg,4,44,7.48482063701911,4.077730283048011,small_<=5um,0.0,0
JZW_HQL_0520_A-61_crop_00.jpg,5,43,7.399277020331919,4.031126120676829,small_<=5um,0.37209302325581395,1
JZW_HQL_0520_A-61_crop_00.jpg,6,46,7.653039857325812,4.169376114271102,small_<=5um,0.0,0
JZW_HQL_0520_A-61_crop_00.jpg,7,36,6.770275002573076,3.688445821401811,small_<=5um,0.0,0
JZW_HQL_0520_A-61_crop_00.jpg,8,41,7.225151993843567,3.936262806245975,small_<=5um,0.0,0
JZW_HQL_0520_A-61_crop_00.jpg,9,57,8.51907589177983,4.64119254584165,small_<=5um,0.40350877192982454,1
JZW_HQL_0520_A-61_crop_00.jpg,10,54,8.291859587312052,4.517405103167605,small_<=5um,0.0,0
JZW_HQL_0520_A-61_crop_00.jpg,11,44,7.48482063701911,4.077730283048011,small_<=5um,0.8863636363636364,1
JZW_HQL_0520_A-61_crop_00.jpg,12,50,7.978845608028654,4.34687508725401,small_<=5um,0.0,0
JZW_HQL_0520_A-61_crop_00.jpg,13,59,8.667244841319219,4.72191498955071,small_<=5um,0.9830508474576272,1
JZW_HQL_0520_A-62_crop_01.jpg,1,44,7.48482063701911,4.077730283048011,small_<=5um,0.0,0
JZW_HQL_0520_A-62_crop_01.jpg,2,70,9.440697438826296,5.143291964672565,medium_5-10um,0.9714285714285714,1
JZW_HQL_0520_A-6_crop_00.jpg,1,55,8.368283871884005,4.559041053402406,small_<=5um,0.0,0
JZW_HQL_0520_A-6_crop_00.jpg,2,51,8.058239062071396,4.390128641016496,small_<=5um,0.0,0
JZW_HQL_0520_A-6_crop_00.jpg,3,38,6.955796338302048,3.7895178451069556,small_<=5um,0.0,0
JZW_HQL_0520_A-6_crop_00.jpg,4,42,7.312732791431452,3.983976824771855,small_<=5um,0.0,0
JZW_HQL_0520_A-6_crop_00.jpg,5,48,7.817640190446719,4.259050375755372,small_<=5um,0.14583333333333334,0
JZW_HQL_0520_A-6_crop_00.jpg,6,43,7.399277020331919,4.031126120676829,small_<=5um,0.0,0
JZW_HQL_0520_A-6_crop_00.jpg,7,46,7.653039857325812,4.169376114271102,small_<=5um,0.0,0
JZW_HQL_0520_A-6_crop_00.jpg,8,57,8.51907589177983,4.64119254584165,small_<=5um,0.0,0
JZW_HQL_0520_A-6_crop_00.jpg,9,44,7.48482063701911,4.077730283048011,small_<=5um,0.0,0
JZW_HQL_0520_A-6_crop_00.jpg,10,37,6.863662517577698,3.7393233395763295,small_<=5um,0.0,0
JZW_HQL_0520_A-6_crop_00.jpg,11,36,6.770275002573076,3.688445821401811,small_<=5um,0.0,0
JZW_HQL_0520_A-6_crop_00.jpg,12,52,8.136857890256438,4.432960178611707,small_<=5um,0.0,0
JZW_HQL_0520_A-6_crop_00.jpg,13,65,9.09728368293446,4.956200150462694,small_<=5um,0.0,0
JZW_HQL_0520_A-6_crop_00.jpg,14,57,8.51907589177983,4.64119254584165,small_<=5um,0.0,0
JZW_HQL_0520_A-6_crop_00.jpg,15,43,7.399277020331919,4.031126120676829,small_<=5um,0.0,0
JZW_HQL_0520_A-6_crop_01.jpg,1,53,8.214724333230155,4.475381816743788,small_<=5um,0.0,0
JZW_HQL_0520_A-6_crop_01.jpg,2,131,12.914889870235298,7.036032001304189,medium_5-10um,0.0,0
JZW_HQL_0520_A-6_crop_01.jpg,3,31,6.282549314314218,3.4227328664383854,small_<=5um,0.0,0
JZW_HQL_0520_A-6_crop_01.jpg,4,66,9.166995688475081,4.994179251081224,small_<=5um,0.0,0
JZW_HQL_0520_A-6_crop_01.jpg,5,47,7.735777827895049,4.214451760637222,small_<=5um,0.0,0
JZW_HQL_0520_A-9_crop_00.jpg,1,53,8.214724333230155,4.475381816743788,small_<=5um,0.9245283018867925,1
JZW_HQL_0520_A-9_crop_00.jpg,2,52,8.136857890256438,4.432960178611707,small_<=5um,0.0,0
JZW_HQL_0520_A-9_crop_00.jpg,3,77,9.901487006738307,5.394330121271029,medium_5-10um,0.974025974025974,1
JZW_HQL_0520_C_W991-11_crop_01.jpg,1,126,12.666024736934256,6.900450276681782,medium_5-10um,0.7222222222222222,1
JZW_HQL_0520_C_W991-13_crop_00.jpg,1,52,8.136857890256438,4.432960178611707,small_<=5um,0.0,0
JZW_HQL_0520_C_W991-23_crop_00.jpg,1,132,12.964089628857149,7.062836029801374,medium_5-10um,0.0,0
JZW_HQL_0520_C_W991-23_crop_00.jpg,2,154,14.002817212590296,7.6287348174191925,medium_5-10um,0.0,0
JZW_HQL_0520_C_W991-30_crop_01.jpg,1,48,7.817640190446719,4.259050375755372,small_<=5um,0.0,0
JZW_HQL_0520_C_W991-30_crop_01.jpg,2,68,9.304852983362556,5.06928390533592,medium_5-10um,0.9411764705882353,1
JZW_HQL_0520_C_W991-45_crop_00.jpg,1,76,9.83698151873187,5.359187531405122,medium_5-10um,0.0,0
JZW_HQL_0520_C_W991-62_crop_01.jpg,1,82,10.217907939900583,5.566716245657837,medium_5-10um,0.0,0
JZW_HQL_0520_C_W991-64_crop_01.jpg,1,80,10.092530088080641,5.498410391986333,medium_5-10um,1.0,1
JZW_HQL_0520_C_W991-69_crop_00.jpg,1,81,10.155412503859614,5.532668732102717,medium_5-10um,1.0,1
JZW_HQL_0520_C_W991-77_crop_02.jpg,1,82,10.217907939900583,5.566716245657837,medium_5-10um,0.926829268292683,1
JZW_HQL_0520_C_W991-79_crop_02.jpg,1,80,10.092530088080641,5.498410391986333,medium_5-10um,0.0,0
JZW_HQL_0520_C_W991-84_crop_00.jpg,1,73,9.640875829802336,5.252349152076312,medium_5-10um,0.0,0
JZW_HQL_0520_C_W991-85_crop_00.jpg,1,47,7.735777827895049,4.214451760637222,small_<=5um,0.0,0
JZW_HQL_0520_C_W991-85_crop_00.jpg,2,59,8.667244841319219,4.72191498955071,small_<=5um,0.0,0
JZW_HQL_0520_C_W991-85_crop_01.jpg,1,78,9.965574970333758,5.429245243837831,medium_5-10um,0.0,0
JZW_HQL_0520_C_W991-87_crop_02.jpg,1,49,7.898654169668588,4.303186791635446,small_<=5um,0.0,0
JZW_HQL_0520_Q750-17_crop_00.jpg,1,44,7.48482063701911,4.077730283048011,small_<=5um,0.6136363636363636,1
JZW_HQL_0520_Q750-17_crop_00.jpg,2,48,7.817640190446719,4.259050375755372,small_<=5um,1.0,1
JZW_HQL_0520_Q750-17_crop_00.jpg,3,51,8.058239062071396,4.390128641016496,small_<=5um,0.0,0
JZW_HQL_0520_Q750-17_crop_00.jpg,4,53,8.214724333230155,4.475381816743788,small_<=5um,0.0,0
JZW_HQL_0520_Q750-17_crop_00.jpg,5,49,7.898654169668588,4.303186791635446,small_<=5um,0.0,0
JZW_HQL_0520_Q750-18_crop_01.jpg,1,54,8.291859587312052,4.517405103167605,small_<=5um,0.8888888888888888,1
JZW_HQL_0520_Q750-18_crop_01.jpg,2,58,8.593479713983122,4.681727748178004,small_<=5um,0.0,0
JZW_HQL_0520_Q750-18_crop_01.jpg,3,36,6.770275002573076,3.688445821401811,small_<=5um,0.0,0
JZW_HQL_0520_Q750-19_crop_02.jpg,1,36,6.770275002573076,3.688445821401811,small_<=5um,0.0,0
JZW_HQL_0520_Q750-19_crop_02.jpg,2,56,8.444016491289505,4.600300184454522,small_<=5um,0.9285714285714286,1
JZW_HQL_0520_Q750-21_crop_01.jpg,1,45,7.569397566060481,4.12380779398975,small_<=5um,0.0,0
JZW_HQL_0520_Q750-21_crop_01.jpg,2,39,7.046725639945928,3.839056128642541,small_<=5um,0.0,0
JZW_HQL_0520_Q750-21_crop_01.jpg,3,40,7.136496464611085,3.8879632739201186,small_<=5um,0.0,0
JZW_HQL_0520_Q750-21_crop_01.jpg,4,35,6.6755811781245455,3.636856625842252,small_<=5um,0.0,0
JZW_HQL_0520_Q750-23_crop_00.jpg,1,53,8.214724333230155,4.475381816743788,small_<=5um,0.0,0
JZW_HQL_0520_Q750-23_crop_00.jpg,2,30,6.180387232371033,3.3670749641957385,small_<=5um,0.0,0
JZW_HQL_0520_Q750-23_crop_00.jpg,3,41,7.225151993843567,3.936262806245975,small_<=5um,0.0,0
JZW_HQL_0520_Q750-23_crop_00.jpg,4,66,9.166995688475081,4.994179251081224,small_<=5um,0.0,0
JZW_HQL_0520_Q750-23_crop_02.jpg,1,30,6.180387232371033,3.3670749641957385,small_<=5um,0.0,0
JZW_HQL_0520_Q750-2_crop_02.jpg,1,55,8.368283871884005,4.559041053402406,small_<=5um,0.0,0
JZW_HQL_0520_Q750-2_crop_02.jpg,2,42,7.312732791431452,3.983976824771855,small_<=5um,0.0,0
JZW_HQL_0520_Q750-2_crop_02.jpg,3,97,11.11324596323283,6.054496400769245,medium_5-10um,0.9896907216494846,1
JZW_HQL_0520_Q750-2_crop_02.jpg,4,40,7.136496464611085,3.8879632739201186,small_<=5um,0.0,0
JZW_HQL_0520_Q750-2_crop_02.jpg,5,56,8.444016491289505,4.600300184454522,small_<=5um,0.0,0
JZW_HQL_0520_Q750-31_crop_00.jpg,1,87,10.524820207108489,5.733922048832704,medium_5-10um,0.0,0
JZW_HQL_0520_Q750-31_crop_01.jpg,1,53,8.214724333230155,4.475381816743788,small_<=5um,0.9811320754716981,1
JZW_HQL_0520_Q750-35_crop_00.jpg,1,45,7.569397566060481,4.12380779398975,small_<=5um,0.0,0
JZW_HQL_0520_Q750-35_crop_00.jpg,2,40,7.136496464611085,3.8879632739201186,small_<=5um,0.0,0
JZW_HQL_0520_Q750-35_crop_00.jpg,3,46,7.653039857325812,4.169376114271102,small_<=5um,1.0,1
JZW_HQL_0520_Q750-36_crop_00.jpg,1,59,8.667244841319219,4.72191498955071,small_<=5um,0.0,0
JZW_HQL_0520_Q750-36_crop_02.jpg,1,58,8.593479713983122,4.681727748178004,small_<=5um,0.0,0
JZW_HQL_0520_Q750-37_crop_00.jpg,1,66,9.166995688475081,4.994179251081224,small_<=5um,0.8484848484848485,1
JZW_HQL_0520_Q750-37_crop_00.jpg,2,44,7.48482063701911,4.077730283048011,small_<=5um,0.3409090909090909,1
JZW_HQL_0520_Q750-37_crop_00.jpg,3,38,6.955796338302048,3.7895178451069556,small_<=5um,0.0,0
JZW_HQL_0520_Q750-3_crop_00.jpg,1,51,8.058239062071396,4.390128641016496,small_<=5um,0.0,0
JZW_HQL_0520_Q750-3_crop_00.jpg,2,128,12.766152972845846,6.955000139606416,medium_5-10um,0.7890625,1
JZW_HQL_0520_Q750-3_crop_02.jpg,1,63,8.95623198216277,4.879355183882277,small_<=5um,0.0,0
JZW_HQL_0520_Q750-45_crop_01.jpg,1,60,8.740387444736633,4.761763079892518,small_<=5um,0.75,1
JZW_HQL_0520_Q750-45_crop_01.jpg,2,60,8.740387444736633,4.761763079892518,small_<=5um,0.0,0
JZW_HQL_0520_Q750-45_crop_01.jpg,3,44,7.48482063701911,4.077730283048011,small_<=5um,0.9545454545454546,1
JZW_HQL_0520_Q750-45_crop_01.jpg,4,51,8.058239062071396,4.390128641016496,small_<=5um,1.0,1
JZW_HQL_0520_Q750-47_crop_01.jpg,1,55,8.368283871884005,4.559041053402406,small_<=5um,0.8727272727272727,1
JZW_HQL_0520_Q750-47_crop_01.jpg,2,320,20.185060176161283,10.996820783972666,large_>10um,0.6625,1
JZW_HQL_0520_Q750-5_crop_00.jpg,1,49,7.898654169668588,4.303186791635446,small_<=5um,0.0,0
JZW_HQL_0520_Q750-7_crop_00.jpg,1,77,9.901487006738307,5.394330121271029,medium_5-10um,0.7142857142857143,1
SZ0529_1-14_crop_00.jpg,1,49,7.898654169668588,4.303186791635446,small_<=5um,0.10204081632653061,0
SZ0529_1-23_crop_00.jpg,1,253,17.94796937867892,9.778053717504275,medium_5-10um,0.8774703557312253,1
SZ0529_1-30_crop_01.jpg,1,113,11.994835078277376,6.534786150645513,medium_5-10um,0.0,0
SZ0529_2-4_crop_02.jpg,1,113,11.994835078277376,6.534786150645513,medium_5-10um,0.0,0
SZ0529_2-5_crop_00.jpg,1,294,19.347672370394786,10.540611907391078,large_>10um,0.0,0
SZ0529_2-5_crop_00.jpg,2,81,10.155412503859614,5.532668732102717,medium_5-10um,0.0,0
tin436_01-06_crop_00.jpg,1,75,9.772050238058398,5.323812969694215,medium_5-10um,0.0,0
tin436_01-06_crop_01.jpg,1,89,10.645107772184812,5.799454714286285,medium_5-10um,0.7528089887640449,1
tin436_03-06_crop_00.jpg,1,38,6.955796338302048,3.7895178451069556,small_<=5um,0.0,0
tin_0731_01-10_crop_00.jpg,1,146,13.63425735166143,7.427943405185147,medium_5-10um,0.0,0
tin_0731_01-31_crop_00.jpg,1,113,11.994835078277376,6.534786150645513,medium_5-10um,0.0,0
tin_0731_01-32_crop_00.jpg,1,81,10.155412503859614,5.532668732102717,medium_5-10um,0.0,0
tin_0731_07-13_crop_01.jpg,1,113,11.994835078277376,6.534786150645513,medium_5-10um,0.0,0
tin_0731_07-26_crop_01.jpg,1,253,17.94796937867892,9.778053717504275,medium_5-10um,0.0,0
tin_0731_09-21_crop_02.jpg,1,81,10.155412503859614,5.532668732102717,medium_5-10um,0.0,0
tin_0731_09-31_crop_01.jpg,1,81,10.155412503859614,5.532668732102717,medium_5-10um,0.0,0
