image,gt_class_id,gt_class_name,gt_component_id,gt_area_px,inclusion_coverage,correct_class_coverage,dominant_pred_class_id,dominant_pred_class_name,dominant_ratio,correct_class_ratio,fragment_class_count,fragment_classes,matched_pred_component_id,matched_intersection_px,matched_pred_area_px,purity
0506tin1_1_30_crop_00.jpg,5,TINB/TINC,1,281,0.5516014234875445,0.5516014234875445,5,TINB/TINC,1.0,1.0,1,TINB/TINC,13,79,82,0.9634146341463414
0506tin1_1_30_crop_00.jpg,6,TIND,1,60,0.75,0.65,6,TIND,0.8666666666666667,0.8666666666666667,2,TINB/TINC|TIND,1,45,47,0.9574468085106383
0506tin1_1_30_crop_00.jpg,6,TIND,2,99,0.7474747474747475,0.7474747474747475,6,TIND,1.0,1.0,1,TIND,2,74,79,0.9367088607594937
0506tin1_1_30_crop_00.jpg,6,TIND,3,157,0.802547770700637,0.802547770700637,6,TIND,1.0,1.0,1,TIND,3,126,133,0.9473684210526315
0506tin1_1_30_crop_00.jpg,6,TIND,4,61,0.9836065573770492,0.9836065573770492,6,TIND,1.0,1.0,1,TIND,4,60,89,0.6741573033707865
0506tin1_1_30_crop_00.jpg,6,TIND,5,143,0.8111888111888111,0.8111888111888111,6,TIND,1.0,1.0,1,TIND,5,116,122,0.9508196721311475
0506tin1_1_30_crop_00.jpg,6,TIND,6,98,0.6020408163265306,0.4897959183673469,6,TIND,0.8135593220338984,0.8135593220338984,2,TINB/TINC|TIND,6,59,86,0.686046511627907
0506tin1_1_30_crop_00.jpg,6,TIND,7,72,0.8888888888888888,0.8888888888888888,6,TIND,1.0,1.0,1,TIND,7,64,74,0.8648648648648649
0506tin1_1_30_crop_00.jpg,6,TIND,8,39,0.8205128205128205,0.8205128205128205,6,TIND,1.0,1.0,1,TIND,8,32,65,0.49230769230769234
0506tin1_1_30_crop_00.jpg,6,TIND,9,112,0.8392857142857143,0.8392857142857143,6,TIND,1.0,1.0,1,TIND,9,94,127,0.7401574803149606
0506tin1_1_30_crop_00.jpg,6,TIND,10,80,0.65,0.65,6,TIND,1.0,1.0,1,TIND,14,52,59,0.8813559322033898
0506tin1_1_30_crop_00.jpg,6,TIND,11,87,0.9885057471264368,0.0,5,TINB/TINC,1.0,0.0,1,TINB/TINC,15,86,125,0.688
0506tin1_1_30_crop_01.jpg,5,TINB/TINC,1,908,0.32819383259911894,0.31277533039647576,5,TINB/TINC,0.9530201342281879,0.9530201342281879,1,TINB/TINC,1,284,291,0.9759450171821306
0506tin1_1_30_crop_01.jpg,5,TINB/TINC,2,1050,0.01619047619047619,0.01619047619047619,5,TINB/TINC,1.0,1.0,1,TINB/TINC,2,17,17,1.0
0506tin1_1_30_crop_01.jpg,5,TINB/TINC,3,539,0.20408163265306123,0.0,6,TIND,1.0,0.0,1,TIND,4,110,110,1.0
0506tin1_1_32_crop_01.jpg,5,TINB/TINC,1,335,0.08358208955223881,0.08358208955223881,5,TINB/TINC,1.0,1.0,1,TINB/TINC,1,28,28,1.0
0506tin1_1_32_crop_01.jpg,5,TINB/TINC,2,400,0.775,0.775,5,TINB/TINC,1.0,1.0,1,TINB/TINC,2,310,362,0.856353591160221
0506tin1_1_32_crop_01.jpg,5,TINB/TINC,3,828,0.8079710144927537,0.8079710144927537,5,TINB/TINC,1.0,1.0,1,TINB/TINC,3,669,748,0.8943850267379679
0506tin1_1_32_crop_01.jpg,5,TINB/TINC,4,875,0.0,0.0,0,bg,0.0,0.0,0,,0,0,0,0.0
0506tin1_1_32_crop_02.jpg,5,TINB/TINC,1,291,0.8247422680412371,0.8247422680412371,5,TINB/TINC,1.0,1.0,1,TINB/TINC,1,240,322,0.7453416149068323
0506tin1_1_32_crop_02.jpg,5,TINB/TINC,2,1385,0.0,0.0,0,bg,0.0,0.0,0,,0,0,0,0.0
0506tin1_1_32_crop_02.jpg,5,TINB/TINC,3,1279,0.2642689601250977,0.2642689601250977,5,TINB/TINC,1.0,1.0,1,TINB/TINC,6,338,407,0.8304668304668305
0506tin1_1_33_crop_02.jpg,5,TINB/TINC,1,276,0.6521739130434783,0.6521739130434783,5,TINB/TINC,1.0,1.0,1,TINB/TINC,1,180,188,0.9574468085106383
0506tin1_1_33_crop_02.jpg,5,TINB/TINC,2,960,0.8677083333333333,0.8677083333333333,5,TINB/TINC,1.0,1.0,1,TINB/TINC,2,833,1038,0.802504816955684
0506tin1_1_33_crop_02.jpg,6,TIND,1,96,0.0,0.0,0,bg,0.0,0.0,0,,0,0,0,0.0
0506tin1_1_35_crop_01.jpg,5,TINB/TINC,1,854,0.7786885245901639,0.7786885245901639,5,TINB/TINC,1.0,1.0,1,TINB/TINC,2,665,675,0.9851851851851852
0506tin1_1_35_crop_01.jpg,5,TINB/TINC,2,315,0.01904761904761905,0.01904761904761905,5,TINB/TINC,1.0,1.0,1,TINB/TINC,3,6,6,1.0
0506tin1_1_35_crop_01.jpg,5,TINB/TINC,3,237,0.6286919831223629,0.6286919831223629,5,TINB/TINC,1.0,1.0,1,TINB/TINC,4,149,159,0.9371069182389937
0506tin1_1_35_crop_01.jpg,5,TINB/TINC,4,265,0.3283018867924528,0.3283018867924528,5,TINB/TINC,1.0,1.0,1,TINB/TINC,6,87,93,0.9354838709677419
0506tin1_1_35_crop_01.jpg,5,TINB/TINC,5,687,0.6593886462882096,0.6593886462882096,5,TINB/TINC,1.0,1.0,1,TINB/TINC,7,453,520,0.8711538461538462
0506tin1_1_35_crop_01.jpg,5,TINB/TINC,6,213,0.0,0.0,0,bg,0.0,0.0,0,,0,0,0,0.0
0506tin1_1_35_crop_01.jpg,5,TINB/TINC,7,403,0.0,0.0,0,bg,0.0,0.0,0,,0,0,0,0.0
0506tin1_1_35_crop_01.jpg,6,TIND,1,90,0.0,0.0,0,bg,0.0,0.0,0,,0,0,0,0.0
0506tin1_1_35_crop_01.jpg,6,TIND,2,83,0.0,0.0,0,bg,0.0,0.0,0,,0,0,0,0.0
0506tin1_1_37_crop_01.jpg,5,TINB/TINC,1,314,0.60828025477707,0.60828025477707,5,TINB/TINC,1.0,1.0,1,TINB/TINC,3,191,246,0.7764227642276422
0506tin1_1_37_crop_01.jpg,5,TINB/TINC,2,308,0.14935064935064934,0.14935064935064934,5,TINB/TINC,1.0,1.0,1,TINB/TINC,5,28,28,1.0
0506tin1_1_37_crop_01.jpg,6,TIND,1,110,0.9181818181818182,0.03636363636363636,5,TINB/TINC,0.9603960396039604,0.039603960396039604,1,TINB/TINC,1,101,539,0.18738404452690166
0506tin1_1_37_crop_01.jpg,6,TIND,2,157,0.9299363057324841,0.0,5,TINB/TINC,1.0,0.0,1,TINB/TINC,1,146,539,0.27087198515769945
0506tin1_1_37_crop_01.jpg,6,TIND,3,190,0.7157894736842105,0.7157894736842105,6,TIND,1.0,1.0,1,TIND,4,136,162,0.8395061728395061
0506tin1_1_37_crop_01.jpg,6,TIND,4,51,0.0196078431372549,0.0196078431372549,6,TIND,1.0,1.0,1,TIND,4,1,162,0.006172839506172839
0506tin1_1_39_crop_01.jpg,6,TIND,1,72,0.8333333333333334,0.8333333333333334,6,TIND,1.0,1.0,1,TIND,1,60,74,0.8108108108108109
0506tin1_1_39_crop_01.jpg,6,TIND,2,37,0.0,0.0,0,bg,0.0,0.0,0,,0,0,0,0.0
0506tin1_1_39_crop_01.jpg,6,TIND,3,75,0.76,0.76,6,TIND,1.0,1.0,1,TIND,4,57,62,0.9193548387096774
0506tin1_1_39_crop_01.jpg,6,TIND,4,45,0.9333333333333333,0.9333333333333333,6,TIND,1.0,1.0,1,TIND,5,42,69,0.6086956521739131
0506tin1_1_39_crop_01.jpg,6,TIND,5,85,0.8235294117647058,0.8235294117647058,6,TIND,1.0,1.0,1,TIND,7,70,81,0.8641975308641975
0506tin1_1_40_crop_01.jpg,5,TINB/TINC,1,536,0.47201492537313433,0.47201492537313433,5,TINB/TINC,1.0,1.0,1,TINB/TINC,3,253,377,0.6710875331564987
0506tin1_1_40_crop_01.jpg,6,TIND,1,96,0.78125,0.0,5,TINB/TINC,1.0,0.0,1,TINB/TINC,1,75,91,0.8241758241758241
0506tin1_1_40_crop_01.jpg,6,TIND,2,109,0.8807339449541285,0.8807339449541285,6,TIND,1.0,1.0,1,TIND,2,96,107,0.897196261682243
0506tin1_1_40_crop_01.jpg,6,TIND,3,281,0.9715302491103203,0.9715302491103203,6,TIND,1.0,1.0,1,TIND,4,273,323,0.8452012383900929
0506tin1_1_40_crop_01.jpg,6,TIND,4,44,0.0,0.0,0,bg,0.0,0.0,0,,0,0,0,0.0
0506tin1_1_40_crop_01.jpg,6,TIND,5,59,0.0,0.0,0,bg,0.0,0.0,0,,0,0,0,0.0
0506tin1_1_40_crop_01.jpg,6,TIND,6,136,0.7573529411764706,0.7573529411764706,6,TIND,1.0,1.0,1,TIND,5,103,126,0.8174603174603174
0506tin1_1_40_crop_01.jpg,6,TIND,7,26,0.6923076923076923,0.6923076923076923,6,TIND,1.0,1.0,1,TIND,6,18,18,1.0
0506tin1_1_40_crop_01.jpg,6,TIND,8,172,0.8488372093023255,0.8488372093023255,6,TIND,1.0,1.0,1,TIND,7,146,168,0.8690476190476191
0506tin1_1_40_crop_01.jpg,6,TIND,9,101,0.8217821782178217,0.7821782178217822,6,TIND,0.9518072289156626,0.9518072289156626,1,TIND,8,83,106,0.7830188679245284
0506tin1_1_40_crop_01.jpg,6,TIND,10,90,0.6222222222222222,0.6222222222222222,6,TIND,1.0,1.0,1,TIND,10,56,64,0.875
0506tin1_1_40_crop_01.jpg,6,TIND,11,100,0.66,0.66,6,TIND,1.0,1.0,1,TIND,11,66,71,0.9295774647887324
0506tin1_1_45_crop_01.jpg,4,D,1,49,0.0,0.0,0,bg,0.0,0.0,0,,0,0,0,0.0
0506tin1_1_45_crop_01.jpg,4,D,2,49,0.0,0.0,0,bg,0.0,0.0,0,,0,0,0,0.0
0506tin1_1_45_crop_01.jpg,6,TIND,1,68,0.0,0.0,0,bg,0.0,0.0,0,,0,0,0,0.0
0506tin1_1_45_crop_01.jpg,6,TIND,2,107,0.794392523364486,0.794392523364486,6,TIND,1.0,1.0,1,TIND,2,85,111,0.7657657657657657
0506tin1_1_46_crop_02.jpg,5,TINB/TINC,1,1011,0.6607319485657764,0.6607319485657764,5,TINB/TINC,1.0,1.0,1,TINB/TINC,3,581,756,0.7685185185185185
0506tin1_1_46_crop_02.jpg,6,TIND,1,339,0.9587020648967551,0.9587020648967551,6,TIND,1.0,1.0,1,TIND,1,325,363,0.8953168044077136
0506tin1_1_46_crop_02.jpg,6,TIND,2,65,0.0,0.0,0,bg,0.0,0.0,0,,0,0,0,0.0
0506tin1_1_46_crop_02.jpg,6,TIND,3,131,0.7251908396946565,0.7251908396946565,6,TIND,1.0,1.0,1,TIND,5,95,109,0.8715596330275229
0506tin1_1_47_crop_03.jpg,6,TIND,1,65,0.0,0.0,0,bg,0.0,0.0,0,,0,0,0,0.0
0506tin1_1_49_crop_00.jpg,5,TINB/TINC,1,1046,0.7103250478011472,0.7103250478011472,5,TINB/TINC,1.0,1.0,1,TINB/TINC,14,743,1035,0.7178743961352657
0506tin1_1_49_crop_00.jpg,5,TINB/TINC,2,425,0.44,0.4329411764705882,5,TINB/TINC,0.983957219251337,0.983957219251337,1,TINB/TINC,13,187,193,0.9689119170984456
0506tin1_1_49_crop_00.jpg,5,TINB/TINC,3,225,0.19555555555555557,0.0,6,TIND,1.0,0.0,1,TIND,26,44,47,0.9361702127659575
0506tin1_1_49_crop_00.jpg,6,TIND,1,135,0.9703703703703703,0.9703703703703703,6,TIND,1.0,1.0,1,TIND,1,131,179,0.7318435754189944
0506tin1_1_49_crop_00.jpg,6,TIND,2,93,0.989247311827957,0.989247311827957,6,TIND,1.0,1.0,1,TIND,3,92,112,0.8214285714285714
0506tin1_1_49_crop_00.jpg,6,TIND,3,176,0.9715909090909091,0.9715909090909091,6,TIND,1.0,1.0,1,TIND,4,171,229,0.7467248908296943
0506tin1_1_49_crop_00.jpg,6,TIND,4,31,0.8709677419354839,0.8709677419354839,6,TIND,1.0,1.0,1,TIND,5,27,51,0.5294117647058824
0506tin1_1_49_crop_00.jpg,6,TIND,5,217,0.7880184331797235,0.7880184331797235,6,TIND,1.0,1.0,1,TIND,6,171,180,0.95
0506tin1_1_49_crop_00.jpg,6,TIND,6,182,0.7252747252747253,0.7252747252747253,6,TIND,1.0,1.0,1,TIND,7,132,139,0.9496402877697842
0506tin1_1_49_crop_00.jpg,6,TIND,7,58,0.9137931034482759,0.9137931034482759,6,TIND,1.0,1.0,1,TIND,8,53,69,0.7681159420289855
0506tin1_1_49_crop_00.jpg,6,TIND,8,126,0.9603174603174603,0.9603174603174603,6,TIND,1.0,1.0,1,TIND,10,121,139,0.8705035971223022
0506tin1_1_49_crop_00.jpg,6,TIND,9,112,0.6607142857142857,0.6607142857142857,6,TIND,1.0,1.0,1,TIND,11,74,96,0.7708333333333334
0506tin1_1_49_crop_00.jpg,6,TIND,10,77,0.8831168831168831,0.8831168831168831,6,TIND,1.0,1.0,1,TIND,12,68,89,0.7640449438202247
0506tin1_1_49_crop_00.jpg,6,TIND,11,55,0.8727272727272727,0.8727272727272727,6,TIND,1.0,1.0,1,TIND,15,48,74,0.6486486486486487
0506tin1_1_49_crop_00.jpg,6,TIND,12,182,0.9010989010989011,0.9010989010989011,6,TIND,1.0,1.0,1,TIND,16,164,202,0.8118811881188119
0506tin1_1_49_crop_00.jpg,6,TIND,13,109,0.8899082568807339,0.8899082568807339,6,TIND,1.0,1.0,1,TIND,17,97,117,0.8290598290598291
0506tin1_1_49_crop_00.jpg,6,TIND,14,71,0.7887323943661971,0.7887323943661971,6,TIND,1.0,1.0,1,TIND,18,56,64,0.875
0506tin1_1_49_crop_00.jpg,6,TIND,15,176,0.7272727272727273,0.7272727272727273,6,TIND,1.0,1.0,1,TIND,19,128,136,0.9411764705882353
0506tin1_1_49_crop_00.jpg,6,TIND,16,171,0.8187134502923976,0.8187134502923976,6,TIND,1.0,1.0,1,TIND,20,140,148,0.9459459459459459
0506tin1_1_49_crop_00.jpg,6,TIND,17,114,0.8508771929824561,0.8508771929824561,6,TIND,1.0,1.0,1,TIND,21,97,120,0.8083333333333333
0506tin1_1_49_crop_00.jpg,6,TIND,18,128,0.71875,0.71875,6,TIND,1.0,1.0,1,TIND,24,92,98,0.9387755102040817
0506tin1_1_49_crop_00.jpg,6,TIND,19,215,0.8,0.8,6,TIND,1.0,1.0,1,TIND,25,172,205,0.8390243902439024
0506tin1_1_49_crop_00.jpg,6,TIND,20,144,0.4652777777777778,0.4652777777777778,6,TIND,1.0,1.0,1,TIND,27,67,75,0.8933333333333333
0506tin1_1_49_crop_00.jpg,6,TIND,21,198,0.8232323232323232,0.8232323232323232,6,TIND,1.0,1.0,1,TIND,28,163,168,0.9702380952380952
0506tin1_1_50_crop_01.jpg,6,TIND,1,29,0.0,0.0,0,bg,0.0,0.0,0,,0,0,0,0.0
0506tin1_1_50_crop_01.jpg,6,TIND,2,16,1.0,0.0,5,TINB/TINC,1.0,0.0,1,TINB/TINC,1,16,210,0.0761904761904762
0506tin1_1_50_crop_01.jpg,6,TIND,3,20,0.95,0.0,5,TINB/TINC,1.0,0.0,1,TINB/TINC,1,19,210,0.09047619047619047
0506tin1_1_50_crop_01.jpg,6,TIND,4,109,0.8990825688073395,0.8990825688073395,6,TIND,1.0,1.0,1,TIND,2,98,114,0.8596491228070176
0506tin1_1_50_crop_03.jpg,4,D,1,29,0.0,0.0,0,bg,0.0,0.0,0,,0,0,0,0.0
0506tin1_1_50_crop_03.jpg,6,TIND,1,58,0.0,0.0,0,bg,0.0,0.0,0,,0,0,0,0.0
0506tin1_1_50_crop_03.jpg,6,TIND,2,132,0.8787878787878788,0.8787878787878788,6,TIND,1.0,1.0,1,TIND,1,116,143,0.8111888111888111
0506tin1_1_55_crop_02.jpg,5,TINB/TINC,1,796,0.13316582914572864,0.13316582914572864,5,TINB/TINC,1.0,1.0,1,TINB/TINC,4,66,67,0.9850746268656716
0506tin1_1_55_crop_02.jpg,5,TINB/TINC,2,212,0.0,0.0,0,bg,0.0,0.0,0,,0,0,0,0.0
0506tin1_1_55_crop_02.jpg,6,TIND,1,51,0.0,0.0,0,bg,0.0,0.0,0,,0,0,0,0.0
0506tin1_1_55_crop_02.jpg,6,TIND,2,51,0.0,0.0,0,bg,0.0,0.0,0,,0,0,0,0.0
0506tin1_1_55_crop_02.jpg,6,TIND,3,44,0.0,0.0,0,bg,0.0,0.0,0,,0,0,0,0.0
0506tin1_1_55_crop_02.jpg,6,TIND,4,170,0.7470588235294118,0.7470588235294118,6,TIND,1.0,1.0,1,TIND,9,127,139,0.9136690647482014
0506tin1_1_56_crop_02.jpg,6,TIND,1,141,0.8794326241134752,0.8794326241134752,6,TIND,1.0,1.0,1,TIND,1,124,134,0.9253731343283582
0506tin1_1_56_crop_02.jpg,6,TIND,2,131,0.8320610687022901,0.8320610687022901,6,TIND,1.0,1.0,1,TIND,2,109,123,0.8861788617886179
0506tin1_1_58_crop_00.jpg,5,TINB/TINC,1,874,0.14302059496567507,0.003432494279176201,6,TIND,0.976,0.024,1,TIND,1,122,123,0.991869918699187
0506tin1_1_58_crop_00.jpg,5,TINB/TINC,2,1040,0.07019230769230769,0.07019230769230769,5,TINB/TINC,1.0,1.0,1,TINB/TINC,4,73,80,0.9125
0506tin1_1_58_crop_00.jpg,5,TINB/TINC,3,701,0.7346647646219686,0.7346647646219686,5,TINB/TINC,1.0,1.0,1,TINB/TINC,5,515,594,0.867003367003367
0506tin1_1_58_crop_00.jpg,6,TIND,1,61,0.7868852459016393,0.7868852459016393,6,TIND,1.0,1.0,1,TIND,2,48,70,0.6857142857142857
0506tin1_1_58_crop_00.jpg,6,TIND,2,47,0.8723404255319149,0.8723404255319149,6,TIND,1.0,1.0,1,TIND,8,41,68,0.6029411764705882
0506tin1_1_58_crop_00.jpg,6,TIND,3,62,1.0,0.0,5,TINB/TINC,1.0,0.0,1,TINB/TINC,10,62,133,0.46616541353383456
0506tin1_1_62_crop_02.jpg,6,TIND,1,95,0.9052631578947369,0.9052631578947369,6,TIND,1.0,1.0,1,TIND,1,86,99,0.8686868686868687
0506tin1_1_64_crop_01.jpg,5,TINB/TINC,1,682,0.9017595307917888,0.9017595307917888,5,TINB/TINC,1.0,1.0,1,TINB/TINC,2,615,691,0.8900144717800289
0506tin1_1_64_crop_01.jpg,6,TIND,1,42,0.7142857142857143,0.7142857142857143,6,TIND,1.0,1.0,1,TIND,1,30,38,0.7894736842105263
0506tin1_1_64_crop_01.jpg,6,TIND,2,153,0.803921568627451,0.803921568627451,6,TIND,1.0,1.0,1,TIND,4,123,134,0.917910447761194
0506tin1_1_65_crop_01.jpg,5,TINB/TINC,1,629,0.178060413354531,0.178060413354531,5,TINB/TINC,1.0,1.0,1,TINB/TINC,1,112,112,1.0
0506tin1_1_65_crop_01.jpg,6,TIND,1,45,0.0,0.0,0,bg,0.0,0.0,0,,0,0,0,0.0
0506tin1_1_65_crop_01.jpg,6,TIND,2,152,0.7828947368421053,0.7828947368421053,6,TIND,1.0,1.0,1,TIND,2,119,137,0.8686131386861314
0506tin1_1_65_crop_01.jpg,6,TIND,3,73,0.7123287671232876,0.6301369863013698,6,TIND,0.8846153846153846,0.8846153846153846,2,TINB/TINC|TIND,3,52,71,0.7323943661971831
0506tin1_1_65_crop_01.jpg,6,TIND,4,78,0.7435897435897436,0.7435897435897436,6,TIND,1.0,1.0,1,TIND,4,58,68,0.8529411764705882
0506tin1_1_65_crop_01.jpg,6,TIND,5,186,0.956989247311828,0.956989247311828,6,TIND,1.0,1.0,1,TIND,5,178,211,0.8436018957345972
0506tin1_1_65_crop_01.jpg,6,TIND,6,191,0.9685863874345549,0.9685863874345549,6,TIND,1.0,1.0,1,TIND,6,185,237,0.7805907172995781
0506tin1_1_68_crop_01.jpg,6,TIND,1,93,0.946236559139785,0.946236559139785,6,TIND,1.0,1.0,1,TIND,1,88,134,0.6567164179104478
0506tin1_1_69_crop_02.jpg,4,D,1,113,0.8230088495575221,0.8230088495575221,4,D,1.0,1.0,1,D,1,93,94,0.9893617021276596
0506tin1_1_69_crop_02.jpg,6,TIND,1,81,0.9506172839506173,0.0,5,TINB/TINC,1.0,0.0,1,TINB/TINC,3,77,303,0.25412541254125415
0506tin1_1_69_crop_02.jpg,6,TIND,2,66,0.9393939393939394,0.9393939393939394,6,TIND,1.0,1.0,1,TIND,4,62,82,0.7560975609756098
0506tin1_1_69_crop_02.jpg,6,TIND,3,118,0.864406779661017,0.864406779661017,6,TIND,1.0,1.0,1,TIND,5,102,108,0.9444444444444444
0506tin1_1_71_crop_01.jpg,6,TIND,1,91,0.7692307692307693,0.7692307692307693,6,TIND,1.0,1.0,1,TIND,1,70,124,0.5645161290322581
0506tin1_1_71_crop_01.jpg,6,TIND,2,105,0.8571428571428571,0.8571428571428571,6,TIND,1.0,1.0,1,TIND,2,90,99,0.9090909090909091
0506tin1_1_71_crop_01.jpg,6,TIND,3,31,0.0,0.0,0,bg,0.0,0.0,0,,0,0,0,0.0
0506tin1_1_71_crop_01.jpg,6,TIND,4,45,0.0,0.0,0,bg,0.0,0.0,0,,0,0,0,0.0
0506tin1_1_71_crop_01.jpg,6,TIND,5,149,0.6711409395973155,0.6711409395973155,6,TIND,1.0,1.0,1,TIND,3,100,103,0.970873786407767
0506tin2_01-03_crop_01.jpg,5,TINB/TINC,1,6783,0.6924664602683178,0.6924664602683178,5,TINB/TINC,1.0,1.0,1,TINB/TINC,1,2106,2262,0.9310344827586207
0506tin2_01-03_crop_01.jpg,6,TIND,1,163,0.9263803680981595,0.0,5,TINB/TINC,1.0,0.0,1,TINB/TINC,5,151,671,0.22503725782414308
0506tin2_01-10_crop_00.jpg,5,TINB/TINC,1,848,0.3561320754716981,0.0695754716981132,6,TIND,0.804635761589404,0.19536423841059603,2,TINB/TINC|TIND,2,121,121,1.0
0506tin2_01-10_crop_00.jpg,5,TINB/TINC,2,1591,0.7039597737272156,0.7039597737272156,5,TINB/TINC,1.0,1.0,1,TINB/TINC,5,1120,1173,0.9548167092924126
0506tin2_01-10_crop_00.jpg,5,TINB/TINC,3,437,0.28832951945080093,0.0,6,TIND,1.0,0.0,1,TIND,7,106,106,1.0
0506tin2_01-10_crop_00.jpg,5,TINB/TINC,4,408,0.4730392156862745,0.4730392156862745,5,TINB/TINC,1.0,1.0,1,TINB/TINC,8,193,302,0.6390728476821192
0506tin2_01-10_crop_00.jpg,6,TIND,1,154,0.935064935064935,0.935064935064935,6,TIND,1.0,1.0,1,TIND,4,144,145,0.993103448275862
0506tin2_01-10_crop_00.jpg,6,TIND,2,50,0.0,0.0,0,bg,0.0,0.0,0,,0,0,0,0.0
0506tin2_01-10_crop_00.jpg,6,TIND,3,36,0.6388888888888888,0.6388888888888888,6,TIND,1.0,1.0,1,TIND,9,23,24,0.9583333333333334
0506tin2_01-10_crop_00.jpg,6,TIND,4,138,0.8405797101449275,0.8405797101449275,6,TIND,1.0,1.0,1,TIND,10,116,124,0.9354838709677419
0506tin2_01-10_crop_00.jpg,6,TIND,5,57,0.8070175438596491,0.8070175438596491,6,TIND,1.0,1.0,1,TIND,11,46,54,0.8518518518518519
0506tin2_01-10_crop_00.jpg,6,TIND,6,59,0.9830508474576272,0.9830508474576272,6,TIND,1.0,1.0,1,TIND,12,58,75,0.7733333333333333
0506tin2_01-10_crop_00.jpg,6,TIND,7,54,0.9814814814814815,0.9814814814814815,6,TIND,1.0,1.0,1,TIND,13,53,74,0.7162162162162162
0506tin2_01-10_crop_00.jpg,6,TIND,8,201,1.0,0.0,5,TINB/TINC,1.0,0.0,1,TINB/TINC,15,201,405,0.4962962962962963
0506tin2_01-10_crop_00.jpg,6,TIND,9,118,0.8559322033898306,0.8559322033898306,6,TIND,1.0,1.0,1,TIND,16,101,126,0.8015873015873016
0506tin2_01-10_crop_00.jpg,6,TIND,10,64,0.859375,0.859375,6,TIND,1.0,1.0,1,TIND,18,55,112,0.49107142857142855
0506tin2_01-10_crop_00.jpg,6,TIND,11,42,0.7142857142857143,0.7142857142857143,6,TIND,1.0,1.0,1,TIND,18,30,112,0.26785714285714285
0506tin2_01-15_crop_01.jpg,6,TIND,1,289,0.5847750865051903,0.5847750865051903,6,TIND,1.0,1.0,1,TIND,1,169,173,0.976878612716763
0506tin2_01-16_crop_00.jpg,5,TINB/TINC,1,2031,0.0,0.0,0,bg,0.0,0.0,0,,0,0,0,0.0
0506tin2_01-16_crop_00.jpg,5,TINB/TINC,2,859,0.7857974388824214,0.7857974388824214,5,TINB/TINC,1.0,1.0,1,TINB/TINC,8,675,742,0.9097035040431267
0506tin2_01-16_crop_00.jpg,5,TINB/TINC,3,573,0.806282722513089,0.806282722513089,5,TINB/TINC,1.0,1.0,1,TINB/TINC,9,462,496,0.9314516129032258
0506tin2_01-16_crop_00.jpg,6,TIND,1,166,0.8554216867469879,0.8554216867469879,6,TIND,1.0,1.0,1,TIND,1,142,163,0.8711656441717791
0506tin2_01-16_crop_00.jpg,6,TIND,2,91,0.8021978021978022,0.8021978021978022,6,TIND,1.0,1.0,1,TIND,2,73,80,0.9125
0506tin2_01-16_crop_00.jpg,6,TIND,3,83,0.8674698795180723,0.8674698795180723,6,TIND,1.0,1.0,1,TIND,3,72,85,0.8470588235294118
0506tin2_01-16_crop_00.jpg,6,TIND,4,79,0.10126582278481013,0.10126582278481013,6,TIND,1.0,1.0,1,TIND,4,8,8,1.0
0506tin2_01-16_crop_00.jpg,6,TIND,5,216,0.8888888888888888,0.8888888888888888,6,TIND,1.0,1.0,1,TIND,5,192,221,0.8687782805429864
0506tin2_01-16_crop_00.jpg,6,TIND,6,56,0.0,0.0,0,bg,0.0,0.0,0,,0,0,0,0.0
0506tin2_01-16_crop_00.jpg,6,TIND,7,44,0.8863636363636364,0.8863636363636364,6,TIND,1.0,1.0,1,TIND,6,39,69,0.5652173913043478
0506tin2_01-16_crop_00.jpg,6,TIND,8,315,0.9047619047619048,0.9047619047619048,6,TIND,1.0,1.0,1,TIND,7,285,313,0.9105431309904153
0506tin2_01-16_crop_00.jpg,6,TIND,9,276,0.9855072463768116,0.9855072463768116,6,TIND,1.0,1.0,1,TIND,10,272,343,0.793002915451895
0506tin2_01-16_crop_00.jpg,6,TIND,10,155,0.967741935483871,0.0,5,TINB/TINC,1.0,0.0,1,TINB/TINC,11,150,347,0.4322766570605187
0506tin2_01-16_crop_00.jpg,6,TIND,11,67,0.7313432835820896,0.7313432835820896,6,TIND,1.0,1.0,1,TIND,12,49,191,0.25654450261780104
0506tin2_01-16_crop_00.jpg,6,TIND,12,132,0.803030303030303,0.803030303030303,6,TIND,1.0,1.0,1,TIND,12,106,191,0.5549738219895288
0506tin2_01-16_crop_00.jpg,6,TIND,13,119,0.8571428571428571,0.8571428571428571,6,TIND,1.0,1.0,1,TIND,13,102,381,0.2677165354330709
0506tin2_01-16_crop_00.jpg,6,TIND,14,232,0.9396551724137931,0.9396551724137931,6,TIND,1.0,1.0,1,TIND,13,218,381,0.5721784776902887
0506tin2_01-16_crop_00.jpg,6,TIND,15,134,0.9402985074626866,0.9402985074626866,6,TIND,1.0,1.0,1,TIND,14,126,382,0.3298429319371728
0506tin2_01-16_crop_00.jpg,6,TIND,16,57,0.9649122807017544,0.9649122807017544,6,TIND,1.0,1.0,1,TIND,14,55,382,0.14397905759162305
0506tin2_01-16_crop_00.jpg,6,TIND,17,92,0.8260869565217391,0.8260869565217391,6,TIND,1.0,1.0,1,TIND,14,76,382,0.19895287958115182
0506tin2_01-16_crop_01.jpg,5,TINB/TINC,1,1030,0.6621359223300971,0.5213592233009708,5,TINB/TINC,0.7873900293255132,0.7873900293255132,2,TINB/TINC|TIND,4,537,697,0.7704447632711621
0506tin2_01-16_crop_01.jpg,6,TIND,1,154,0.935064935064935,0.935064935064935,6,TIND,1.0,1.0,1,TIND,3,144,165,0.8727272727272727
0506tin2_01-21_crop_02.jpg,6,TIND,1,148,0.8648648648648649,0.8648648648648649,6,TIND,1.0,1.0,1,TIND,1,128,163,0.7852760736196319
0506tin2_02-01_crop_01.jpg,5,TINB/TINC,1,650,0.7984615384615384,0.7984615384615384,5,TINB/TINC,1.0,1.0,1,TINB/TINC,1,519,639,0.812206572769953
0506tin2_02-01_crop_01.jpg,5,TINB/TINC,2,406,0.9433497536945813,0.9433497536945813,5,TINB/TINC,1.0,1.0,1,TINB/TINC,6,383,557,0.6876122082585279
0506tin2_02-01_crop_01.jpg,5,TINB/TINC,3,531,0.7269303201506592,0.7269303201506592,5,TINB/TINC,1.0,1.0,1,TINB/TINC,9,386,476,0.8109243697478992
0506tin2_02-01_crop_01.jpg,6,TIND,1,89,0.651685393258427,0.651685393258427,6,TIND,1.0,1.0,1,TIND,2,58,62,0.9354838709677419
0506tin2_02-01_crop_01.jpg,6,TIND,2,118,0.9576271186440678,0.6864406779661016,6,TIND,0.7168141592920354,0.7168141592920354,2,TINB/TINC|TIND,3,113,150,0.7533333333333333
0506tin2_02-01_crop_01.jpg,6,TIND,3,54,0.6111111111111112,0.6111111111111112,6,TIND,1.0,1.0,1,TIND,4,33,46,0.717391304347826
0506tin2_02-01_crop_01.jpg,6,TIND,4,68,1.0,0.0,5,TINB/TINC,1.0,0.0,1,TINB/TINC,8,68,359,0.1894150417827298
0506tin2_02-01_crop_01.jpg,6,TIND,5,73,0.6986301369863014,0.0,5,TINB/TINC,1.0,0.0,1,TINB/TINC,8,51,359,0.14206128133704735
0506tin2_02-01_crop_01.jpg,6,TIND,6,62,0.8387096774193549,0.4838709677419355,6,TIND,0.5769230769230769,0.5769230769230769,2,TINB/TINC|TIND,8,52,359,0.14484679665738162
0506tin2_02-02_crop_00.jpg,6,TIND,1,109,0.7706422018348624,0.7706422018348624,6,TIND,1.0,1.0,1,TIND,1,84,102,0.8235294117647058
0506tin2_02-02_crop_00.jpg,6,TIND,2,86,0.8837209302325582,0.8837209302325582,6,TIND,1.0,1.0,1,TIND,3,76,112,0.6785714285714286
0506tin2_02-02_crop_00.jpg,6,TIND,3,113,0.9026548672566371,0.9026548672566371,6,TIND,1.0,1.0,1,TIND,4,102,128,0.796875
0506tin2_02-02_crop_00.jpg,6,TIND,4,184,0.8804347826086957,0.8804347826086957,6,TIND,1.0,1.0,1,TIND,7,162,182,0.8901098901098901
0506tin2_02-04_crop_03.jpg,6,TIND,1,65,0.9538461538461539,0.9538461538461539,6,TIND,1.0,1.0,1,TIND,1,62,83,0.7469879518072289
0506tin2_02-14_crop_02.jpg,6,TIND,1,84,0.8571428571428571,0.8571428571428571,6,TIND,1.0,1.0,1,TIND,1,72,96,0.75
0506tin2_02-16_crop_02.jpg,6,TIND,1,69,0.0,0.0,0,bg,0.0,0.0,0,,0,0,0,0.0
0506tin2_02-18_crop_01.jpg,6,TIND,1,68,0.9852941176470589,0.9852941176470589,6,TIND,1.0,1.0,1,TIND,1,67,86,0.7790697674418605
0506tin2_02-18_crop_01.jpg,6,TIND,2,258,0.9108527131782945,0.9108527131782945,6,TIND,1.0,1.0,1,TIND,3,235,275,0.8545454545454545
0506tin2_02-18_crop_02.jpg,6,TIND,1,48,0.0,0.0,0,bg,0.0,0.0,0,,0,0,0,0.0
0506tin2_02-21_crop_00.jpg,5,TINB/TINC,1,2714,0.2789240972733972,0.2789240972733972,5,TINB/TINC,1.0,1.0,1,TINB/TINC,3,312,312,1.0
0506tin2_02-21_crop_00.jpg,6,TIND,1,353,0.9461756373937678,0.9461756373937678,6,TIND,1.0,1.0,1,TIND,5,334,372,0.8978494623655914
0506tin2_02-21_crop_01.jpg,6,TIND,1,139,0.0,0.0,0,bg,0.0,0.0,0,,0,0,0,0.0
0506tin2_03-02_crop_02.jpg,6,TIND,1,110,0.7727272727272727,0.7727272727272727,6,TIND,1.0,1.0,1,TIND,2,85,180,0.4722222222222222
0506tin2_03-03_crop_02.jpg,5,TINB/TINC,1,1165,0.6334763948497855,0.6334763948497855,5,TINB/TINC,1.0,1.0,1,TINB/TINC,4,738,754,0.9787798408488063
0506tin2_03-03_crop_02.jpg,6,TIND,1,55,0.2727272727272727,0.0,5,TINB/TINC,1.0,0.0,1,TINB/TINC,1,15,65,0.23076923076923078
0506tin2_03-03_crop_02.jpg,6,TIND,2,39,0.7948717948717948,0.28205128205128205,5,TINB/TINC,0.6451612903225806,0.3548387096774194,2,TINB/TINC|TIND,1,31,65,0.47692307692307695
0506tin2_03-03_crop_02.jpg,6,TIND,3,70,0.7571428571428571,0.7,6,TIND,0.9245283018867925,0.9245283018867925,2,TINB/TINC|TIND,2,53,83,0.6385542168674698
0506tin2_03-03_crop_02.jpg,6,TIND,4,32,0.71875,0.71875,6,TIND,1.0,1.0,1,TIND,3,23,27,0.8518518518518519
0506tin2_03-03_crop_02.jpg,6,TIND,5,54,0.7222222222222222,0.7222222222222222,6,TIND,1.0,1.0,1,TIND,5,39,54,0.7222222222222222
0506tin2_03-03_crop_02.jpg,6,TIND,6,92,0.717391304347826,0.6847826086956522,6,TIND,0.9545454545454546,0.9545454545454546,1,TIND,6,66,83,0.7951807228915663
0506tin2_03-04_crop_01.jpg,6,TIND,1,99,0.7676767676767676,0.7676767676767676,6,TIND,1.0,1.0,1,TIND,1,76,113,0.672566371681416
0506tin2_03-04_crop_01.jpg,6,TIND,2,69,0.9420289855072463,0.9420289855072463,6,TIND,1.0,1.0,1,TIND,2,65,269,0.241635687732342
0506tin2_03-04_crop_01.jpg,6,TIND,3,76,0.9868421052631579,0.9868421052631579,6,TIND,1.0,1.0,1,TIND,2,75,269,0.2788104089219331
0506tin2_03-04_crop_01.jpg,6,TIND,4,70,0.5857142857142857,0.5857142857142857,6,TIND,1.0,1.0,1,TIND,2,41,269,0.1524163568773234
0506tin2_03-04_crop_01.jpg,6,TIND,5,43,0.0,0.0,0,bg,0.0,0.0,0,,0,0,0,0.0
0506tin2_03-04_crop_01.jpg,6,TIND,6,46,0.0,0.0,0,bg,0.0,0.0,0,,0,0,0,0.0
0506tin2_03-04_crop_01.jpg,6,TIND,7,63,0.0,0.0,0,bg,0.0,0.0,0,,0,0,0,0.0
0506tin2_03-04_crop_01.jpg,6,TIND,8,59,0.864406779661017,0.864406779661017,6,TIND,1.0,1.0,1,TIND,3,51,69,0.7391304347826086
0506tin2_03-04_crop_01.jpg,6,TIND,9,79,0.810126582278481,0.810126582278481,6,TIND,1.0,1.0,1,TIND,4,64,84,0.7619047619047619
0506tin2_03-07_crop_00.jpg,5,TINB/TINC,1,1678,0.6823599523241954,0.6823599523241954,5,TINB/TINC,1.0,1.0,1,TINB/TINC,1,1076,1169,0.9204448246364414
0506tin2_03-07_crop_00.jpg,5,TINB/TINC,2,2733,0.21368459568240028,0.21258690084156603,5,TINB/TINC,0.9948630136986302,0.9948630136986302,1,TINB/TINC,5,377,377,1.0
0506tin2_03-07_crop_00.jpg,5,TINB/TINC,3,2086,0.6553211888782359,0.637104506232023,5,TINB/TINC,0.972201901975128,0.972201901975128,1,TINB/TINC,4,1367,1384,0.9877167630057804
0506tin2_03-07_crop_00.jpg,5,TINB/TINC,4,4704,0.07886904761904762,0.07886904761904762,5,TINB/TINC,1.0,1.0,1,TINB/TINC,7,158,158,1.0
0506tin2_03-07_crop_00.jpg,5,TINB/TINC,5,4741,0.49757435140265766,0.49757435140265766,5,TINB/TINC,1.0,1.0,1,TINB/TINC,9,1151,1295,0.8888030888030888
0506tin2_03-07_crop_00.jpg,5,TINB/TINC,6,406,0.9014778325123153,0.9014778325123153,5,TINB/TINC,1.0,1.0,1,TINB/TINC,11,366,431,0.8491879350348028
0506tin2_03-07_crop_00.jpg,6,TIND,1,193,0.927461139896373,0.927461139896373,6,TIND,1.0,1.0,1,TIND,10,179,214,0.8364485981308412
0506tin2_03-07_crop_00.jpg,6,TIND,2,95,0.6526315789473685,0.6526315789473685,6,TIND,1.0,1.0,1,TIND,14,62,67,0.9253731343283582
0506tin2_03-07_crop_00.jpg,6,TIND,3,279,0.8279569892473119,0.8279569892473119,6,TIND,1.0,1.0,1,TIND,16,231,274,0.843065693430657
0506tin2_03-07_crop_00.jpg,6,TIND,4,215,0.8093023255813954,0.8093023255813954,6,TIND,1.0,1.0,1,TIND,17,174,233,0.7467811158798283
0506tin2_03-10_crop_01.jpg,5,TINB/TINC,1,3151,0.5033322754681053,0.5033322754681053,5,TINB/TINC,1.0,1.0,1,TINB/TINC,2,1111,1478,0.7516914749661705
0506tin2_03-10_crop_01.jpg,5,TINB/TINC,2,2989,0.1883573101371696,0.1883573101371696,5,TINB/TINC,1.0,1.0,1,TINB/TINC,6,283,283,1.0
0506tin2_03-10_crop_01.jpg,6,TIND,1,231,0.8701298701298701,0.8701298701298701,6,TIND,1.0,1.0,1,TIND,1,201,220,0.9136363636363637
0506tin2_03-10_crop_01.jpg,6,TIND,2,123,0.0,0.0,0,bg,0.0,0.0,0,,0,0,0,0.0
0506tin2_03-10_crop_01.jpg,6,TIND,3,183,0.9234972677595629,0.9234972677595629,6,TIND,1.0,1.0,1,TIND,4,169,224,0.7544642857142857
0506tin2_03-11_crop_00.jpg,5,TINB/TINC,1,1037,0.40405014464802314,0.40405014464802314,5,TINB/TINC,1.0,1.0,1,TINB/TINC,10,419,437,0.9588100686498856
0506tin2_03-11_crop_00.jpg,5,TINB/TINC,2,629,0.44038155802861684,0.44038155802861684,5,TINB/TINC,1.0,1.0,1,TINB/TINC,12,277,291,0.9518900343642611
0506tin2_03-11_crop_00.jpg,6,TIND,1,86,0.7674418604651163,0.7674418604651163,6,TIND,1.0,1.0,1,TIND,1,66,174,0.3793103448275862
0506tin2_03-11_crop_00.jpg,6,TIND,2,205,0.9560975609756097,0.9560975609756097,6,TIND,1.0,1.0,1,TIND,2,196,242,0.8099173553719008
0506tin2_03-11_crop_00.jpg,6,TIND,3,88,0.8863636363636364,0.8863636363636364,6,TIND,1.0,1.0,1,TIND,1,78,174,0.4482758620689655
0506tin2_03-11_crop_00.jpg,6,TIND,4,45,0.4888888888888889,0.4888888888888889,6,TIND,1.0,1.0,1,TIND,3,22,22,1.0
0506tin2_03-11_crop_00.jpg,6,TIND,5,169,0.8875739644970414,0.8875739644970414,6,TIND,1.0,1.0,1,TIND,4,150,183,0.819672131147541
0506tin2_03-11_crop_00.jpg,6,TIND,6,69,0.8115942028985508,0.8115942028985508,6,TIND,1.0,1.0,1,TIND,5,56,75,0.7466666666666667
0506tin2_03-11_crop_00.jpg,6,TIND,7,67,0.8059701492537313,0.8059701492537313,6,TIND,1.0,1.0,1,TIND,6,54,64,0.84375
0506tin2_03-11_crop_00.jpg,6,TIND,8,207,0.893719806763285,0.893719806763285,6,TIND,1.0,1.0,1,TIND,7,185,239,0.7740585774058577
0506tin2_03-11_crop_00.jpg,6,TIND,9,64,0.75,0.75,6,TIND,1.0,1.0,1,TIND,8,48,111,0.43243243243243246
0506tin2_03-11_crop_00.jpg,6,TIND,10,33,0.42424242424242425,0.42424242424242425,6,TIND,1.0,1.0,1,TIND,8,14,111,0.12612612612612611
0506tin2_03-11_crop_00.jpg,6,TIND,11,86,0.9418604651162791,0.9418604651162791,6,TIND,1.0,1.0,1,TIND,9,81,94,0.8617021276595744
0506tin2_03-11_crop_00.jpg,6,TIND,12,98,0.9489795918367347,0.9489795918367347,6,TIND,1.0,1.0,1,TIND,11,93,101,0.9207920792079208
0506tin2_03-11_crop_01.jpg,5,TINB/TINC,1,401,0.6758104738154613,0.6758104738154613,5,TINB/TINC,1.0,1.0,1,TINB/TINC,1,271,304,0.8914473684210527
0506tin2_03-11_crop_01.jpg,5,TINB/TINC,2,489,0.7648261758691206,0.7648261758691206,5,TINB/TINC,1.0,1.0,1,TINB/TINC,2,374,450,0.8311111111111111
0506tin2_03-11_crop_01.jpg,5,TINB/TINC,3,1443,0.9002079002079002,0.9002079002079002,5,TINB/TINC,1.0,1.0,1,TINB/TINC,3,1299,1586,0.8190416141235813
0506tin2_03-11_crop_01.jpg,6,TIND,1,94,0.851063829787234,0.851063829787234,6,TIND,1.0,1.0,1,TIND,4,80,256,0.3125
0506tin2_03-11_crop_01.jpg,6,TIND,2,175,0.7085714285714285,0.7085714285714285,6,TIND,1.0,1.0,1,TIND,4,124,256,0.484375
0506tin2_03-11_crop_01.jpg,6,TIND,3,66,0.0,0.0,0,bg,0.0,0.0,0,,0,0,0,0.0
0506tin2_03-14_crop_01.jpg,5,TINB/TINC,1,1567,0.190810465858328,0.13975749840459475,5,TINB/TINC,0.7324414715719063,0.7324414715719063,2,TINB/TINC|TIND,9,152,168,0.9047619047619048
0506tin2_03-14_crop_01.jpg,5,TINB/TINC,2,3000,0.8706666666666667,0.8706666666666667,5,TINB/TINC,1.0,1.0,1,TINB/TINC,6,2612,2908,0.8982118294360385
0506tin2_03-14_crop_01.jpg,6,TIND,1,205,0.9463414634146341,0.4878048780487805,6,TIND,0.5154639175257731,0.5154639175257731,2,TINB/TINC|TIND,1,194,210,0.9238095238095239
0506tin2_03-14_crop_01.jpg,6,TIND,2,78,0.782051282051282,0.782051282051282,6,TIND,1.0,1.0,1,TIND,2,61,82,0.7439024390243902
0506tin2_03-14_crop_01.jpg,6,TIND,3,77,0.8961038961038961,0.8961038961038961,6,TIND,1.0,1.0,1,TIND,3,69,89,0.7752808988764045
0506tin2_03-14_crop_01.jpg,6,TIND,4,42,0.6428571428571429,0.6428571428571429,6,TIND,1.0,1.0,1,TIND,4,27,27,1.0
0506tin2_03-14_crop_01.jpg,6,TIND,5,116,0.9655172413793104,0.9655172413793104,6,TIND,1.0,1.0,1,TIND,8,112,161,0.6956521739130435
0506tin2_03-14_crop_01.jpg,6,TIND,6,65,0.8923076923076924,0.8923076923076924,6,TIND,1.0,1.0,1,TIND,11,58,72,0.8055555555555556
0506tin2_03-14_crop_01.jpg,6,TIND,7,98,0.7857142857142857,0.7857142857142857,6,TIND,1.0,1.0,1,TIND,12,77,86,0.8953488372093024
0506tin2_03-14_crop_01.jpg,6,TIND,8,99,0.9797979797979798,0.9797979797979798,6,TIND,1.0,1.0,1,TIND,13,97,132,0.7348484848484849
0506tin2_03-19_crop_02.jpg,6,TIND,1,111,0.9369369369369369,0.9369369369369369,6,TIND,1.0,1.0,1,TIND,1,104,114,0.9122807017543859
0506tin2_03-19_crop_02.jpg,6,TIND,2,68,0.0,0.0,0,bg,0.0,0.0,0,,0,0,0,0.0
0506tin2_03-21_crop_00.jpg,5,TINB/TINC,1,1337,0.47943156320119673,0.47943156320119673,5,TINB/TINC,1.0,1.0,1,TINB/TINC,2,581,621,0.9355877616747182
0506tin2_03-21_crop_00.jpg,5,TINB/TINC,2,119,0.008403361344537815,0.008403361344537815,5,TINB/TINC,1.0,1.0,1,TINB/TINC,8,1,185,0.005405405405405406
0506tin2_03-21_crop_00.jpg,5,TINB/TINC,3,417,0.46522781774580335,0.46522781774580335,5,TINB/TINC,1.0,1.0,1,TINB/TINC,9,194,233,0.8326180257510729
0506tin2_03-21_crop_00.jpg,6,TIND,1,37,0.0,0.0,0,bg,0.0,0.0,0,,0,0,0,0.0
0506tin2_03-21_crop_00.jpg,6,TIND,2,48,0.25,0.25,6,TIND,1.0,1.0,1,TIND,3,12,302,0.039735099337748346
0506tin2_03-21_crop_00.jpg,6,TIND,3,212,0.9622641509433962,0.9622641509433962,6,TIND,1.0,1.0,1,TIND,3,204,302,0.6754966887417219
0506tin2_03-21_crop_00.jpg,6,TIND,4,399,0.9799498746867168,0.9799498746867168,6,TIND,1.0,1.0,1,TIND,5,391,578,0.6764705882352942
0506tin2_03-21_crop_00.jpg,6,TIND,5,84,0.8214285714285714,0.8214285714285714,6,TIND,1.0,1.0,1,TIND,6,69,72,0.9583333333333334
0506tin2_03-21_crop_00.jpg,6,TIND,6,68,0.0,0.0,0,bg,0.0,0.0,0,,0,0,0,0.0
0506tin2_03-21_crop_00.jpg,6,TIND,7,373,0.9597855227882037,0.002680965147453083,5,TINB/TINC,0.9972067039106145,0.002793296089385475,1,TINB/TINC,7,358,769,0.46553966189856955
0506tin2_03-21_crop_00.jpg,6,TIND,8,65,0.9076923076923077,0.4461538461538462,5,TINB/TINC,0.5084745762711864,0.4915254237288136,2,TINB/TINC|TIND,7,59,769,0.07672301690507152
0506tin2_03-21_crop_00.jpg,6,TIND,9,124,0.8467741935483871,0.0,5,TINB/TINC,1.0,0.0,1,TINB/TINC,8,105,185,0.5675675675675675
0506tin2_03-21_crop_00.jpg,6,TIND,10,119,0.9831932773109243,0.9831932773109243,6,TIND,1.0,1.0,1,TIND,10,117,165,0.7090909090909091
0506tin2_03-21_crop_00.jpg,6,TIND,11,93,0.6451612903225806,0.6451612903225806,6,TIND,1.0,1.0,1,TIND,11,60,61,0.9836065573770492
0506tin2_03-21_crop_03.jpg,5,TINB/TINC,1,2068,0.10251450676982592,0.0,6,TIND,1.0,0.0,1,TIND,1,108,108,1.0
0506tin2_04-01_crop_01.jpg,5,TINB/TINC,1,1322,0.8320726172465961,0.8320726172465961,5,TINB/TINC,1.0,1.0,1,TINB/TINC,4,840,1041,0.8069164265129684
0506tin2_04-01_crop_01.jpg,5,TINB/TINC,2,431,0.5081206496519721,0.5081206496519721,5,TINB/TINC,1.0,1.0,1,TINB/TINC,5,188,196,0.9591836734693877
0506tin2_04-01_crop_01.jpg,5,TINB/TINC,3,727,0.048143053645116916,0.048143053645116916,5,TINB/TINC,1.0,1.0,1,TINB/TINC,7,35,35,1.0
0506tin2_04-01_crop_01.jpg,5,TINB/TINC,4,819,0.7008547008547008,0.7008547008547008,5,TINB/TINC,1.0,1.0,1,TINB/TINC,8,574,700,0.82
0506tin2_04-01_crop_01.jpg,5,TINB/TINC,5,546,0.5989010989010989,0.07509157509157509,6,TIND,0.8746177370030581,0.12538226299694188,2,TINB/TINC|TIND,12,265,294,0.9013605442176871
0506tin2_04-01_crop_01.jpg,6,TIND,1,71,0.5070422535211268,0.5070422535211268,6,TIND,1.0,1.0,1,TIND,1,36,36,1.0
0506tin2_04-03_crop_00.jpg,6,TIND,1,60,0.75,0.75,6,TIND,1.0,1.0,1,TIND,1,45,188,0.2393617021276596
0506tin2_04-03_crop_00.jpg,6,TIND,2,107,0.8691588785046729,0.8691588785046729,6,TIND,1.0,1.0,1,TIND,1,93,188,0.4946808510638298
0506tin2_04-03_crop_00.jpg,6,TIND,3,62,0.967741935483871,0.967741935483871,6,TIND,1.0,1.0,1,TIND,2,60,73,0.821917808219178
0506tin2_04-03_crop_00.jpg,6,TIND,4,48,0.6041666666666666,0.6041666666666666,6,TIND,1.0,1.0,1,TIND,3,29,34,0.8529411764705882
0506tin2_04-03_crop_00.jpg,6,TIND,5,57,0.7368421052631579,0.7368421052631579,6,TIND,1.0,1.0,1,TIND,4,42,59,0.711864406779661
0506tin2_04-10_crop_02.jpg,6,TIND,1,90,0.9777777777777777,0.9777777777777777,6,TIND,1.0,1.0,1,TIND,2,88,113,0.7787610619469026
0506tin2_04-10_crop_02.jpg,6,TIND,2,117,0.9487179487179487,0.9487179487179487,6,TIND,1.0,1.0,1,TIND,3,111,129,0.8604651162790697
0506tin2_04-10_crop_02.jpg,6,TIND,3,68,0.8676470588235294,0.8676470588235294,6,TIND,1.0,1.0,1,TIND,4,59,70,0.8428571428571429
0506tin2_04-20_crop_02.jpg,6,TIND,1,83,0.891566265060241,0.891566265060241,6,TIND,1.0,1.0,1,TIND,1,74,108,0.6851851851851852
0506tin2_04-20_crop_02.jpg,6,TIND,2,73,0.958904109589041,0.958904109589041,6,TIND,1.0,1.0,1,TIND,2,70,80,0.875
0506tin2_05-01_crop_02.jpg,6,TIND,1,89,0.9662921348314607,0.9662921348314607,6,TIND,1.0,1.0,1,TIND,5,86,98,0.8775510204081632
0506tin2_05-01_crop_02.jpg,6,TIND,2,91,0.8681318681318682,0.8681318681318682,6,TIND,1.0,1.0,1,TIND,6,79,92,0.8586956521739131
0506tin2_05-06_crop_03.jpg,6,TIND,1,222,0.9234234234234234,0.9234234234234234,6,TIND,1.0,1.0,1,TIND,1,205,214,0.9579439252336449
0506tin2_05-09_crop_00.jpg,5,TINB/TINC,1,365,0.09863013698630137,0.0,6,TIND,1.0,0.0,1,TIND,2,36,36,1.0
0506tin2_05-09_crop_00.jpg,6,TIND,1,212,0.8773584905660378,0.8773584905660378,6,TIND,1.0,1.0,1,TIND,1,186,192,0.96875
0506tin2_05-09_crop_00.jpg,6,TIND,2,145,0.7310344827586207,0.7310344827586207,6,TIND,1.0,1.0,1,TIND,3,106,107,0.9906542056074766
0506tin2_05-09_crop_00.jpg,6,TIND,3,238,0.9411764705882353,0.9411764705882353,6,TIND,1.0,1.0,1,TIND,4,224,244,0.9180327868852459
0506tin2_05-09_crop_00.jpg,6,TIND,4,60,0.7833333333333333,0.7833333333333333,6,TIND,1.0,1.0,1,TIND,6,47,48,0.9791666666666666
0506tin2_05-09_crop_00.jpg,6,TIND,5,196,0.9081632653061225,0.9081632653061225,6,TIND,1.0,1.0,1,TIND,7,178,198,0.898989898989899
0506tin2_05-09_crop_00.jpg,6,TIND,6,110,0.8909090909090909,0.8909090909090909,6,TIND,1.0,1.0,1,TIND,8,98,105,0.9333333333333333
0506tin2_05-14_crop_00.jpg,6,TIND,1,80,0.85,0.85,6,TIND,1.0,1.0,1,TIND,1,68,109,0.6238532110091743
0506tin2_05-14_crop_00.jpg,6,TIND,2,418,0.9210526315789473,0.9210526315789473,6,TIND,1.0,1.0,1,TIND,2,385,400,0.9625
0506tin2_05-14_crop_00.jpg,6,TIND,3,84,0.8809523809523809,0.8809523809523809,6,TIND,1.0,1.0,1,TIND,4,74,84,0.8809523809523809
0506tin2_05-14_crop_00.jpg,6,TIND,4,274,0.9854014598540146,0.9854014598540146,6,TIND,1.0,1.0,1,TIND,5,270,294,0.9183673469387755
0506tin2_05-14_crop_00.jpg,6,TIND,5,204,0.8872549019607843,0.8872549019607843,6,TIND,1.0,1.0,1,TIND,6,181,184,0.9836956521739131
0506tin2_05-14_crop_00.jpg,6,TIND,6,249,0.8192771084337349,0.8192771084337349,6,TIND,1.0,1.0,1,TIND,7,204,210,0.9714285714285714
0506tin2_05-14_crop_00.jpg,6,TIND,7,117,0.9487179487179487,0.9487179487179487,6,TIND,1.0,1.0,1,TIND,8,111,122,0.9098360655737705
0506tin2_05-14_crop_00.jpg,6,TIND,8,233,0.9313304721030042,0.9313304721030042,6,TIND,1.0,1.0,1,TIND,10,217,219,0.9908675799086758
0506tin2_05-14_crop_00.jpg,6,TIND,9,154,0.8181818181818182,0.8181818181818182,6,TIND,1.0,1.0,1,TIND,11,126,139,0.9064748201438849
0506tin2_05-14_crop_00.jpg,6,TIND,10,154,0.9285714285714286,0.9285714285714286,6,TIND,1.0,1.0,1,TIND,12,143,150,0.9533333333333334
0506tin2_05-14_crop_00.jpg,6,TIND,11,367,0.9318801089918256,0.9318801089918256,6,TIND,1.0,1.0,1,TIND,13,342,353,0.9688385269121813
0506tin2_05-14_crop_00.jpg,6,TIND,12,133,0.9624060150375939,0.9624060150375939,6,TIND,1.0,1.0,1,TIND,14,128,141,0.9078014184397163
0506tin2_05-18_crop_00.jpg,6,TIND,1,56,0.5535714285714286,0.5535714285714286,6,TIND,1.0,1.0,1,TIND,1,31,252,0.12301587301587301
0506tin2_05-18_crop_00.jpg,6,TIND,2,178,0.9438202247191011,0.9438202247191011,6,TIND,1.0,1.0,1,TIND,1,168,252,0.6666666666666666
0506tin2_05-18_crop_00.jpg,6,TIND,3,27,1.0,0.0,5,TINB/TINC,1.0,0.0,1,TINB/TINC,2,27,99,0.2727272727272727
0506tin2_05-18_crop_00.jpg,6,TIND,4,21,0.0,0.0,0,bg,0.0,0.0,0,,0,0,0,0.0
0506tin2_05-18_crop_00.jpg,6,TIND,5,57,0.0,0.0,0,bg,0.0,0.0,0,,0,0,0,0.0
0506tin2_05-18_crop_00.jpg,6,TIND,6,61,0.5245901639344263,0.5245901639344263,6,TIND,1.0,1.0,1,TIND,3,32,44,0.7272727272727273
0506tin2_05-18_crop_00.jpg,6,TIND,7,285,0.9333333333333333,0.9333333333333333,6,TIND,1.0,1.0,1,TIND,4,266,359,0.7409470752089137
0506tin2_05-18_crop_01.jpg,6,TIND,1,313,0.939297124600639,0.939297124600639,6,TIND,1.0,1.0,1,TIND,1,294,314,0.9363057324840764
0506tin2_05-18_crop_01.jpg,6,TIND,2,87,0.9195402298850575,0.9195402298850575,6,TIND,1.0,1.0,1,TIND,2,80,88,0.9090909090909091
0506tin2_05-18_crop_01.jpg,6,TIND,3,118,0.8728813559322034,0.8728813559322034,6,TIND,1.0,1.0,1,TIND,3,103,376,0.27393617021276595
0506tin2_05-18_crop_01.jpg,6,TIND,4,254,0.9724409448818898,0.9724409448818898,6,TIND,1.0,1.0,1,TIND,3,247,376,0.6569148936170213
0506tin2_05-19_crop_00.jpg,6,TIND,1,66,0.0,0.0,0,bg,0.0,0.0,0,,0,0,0,0.0
0506tin2_05-19_crop_00.jpg,6,TIND,2,79,0.9493670886075949,0.9493670886075949,6,TIND,1.0,1.0,1,TIND,1,75,78,0.9615384615384616
0506tin2_05-19_crop_00.jpg,6,TIND,3,47,1.0,1.0,6,TIND,1.0,1.0,1,TIND,2,47,93,0.5053763440860215
0506tin2_05-19_crop_00.jpg,6,TIND,4,34,0.8529411764705882,0.8529411764705882,6,TIND,1.0,1.0,1,TIND,2,29,93,0.3118279569892473
0506tin2_05-19_crop_00.jpg,6,TIND,5,33,0.0,0.0,0,bg,0.0,0.0,0,,0,0,0,0.0
0506tin2_05-19_crop_00.jpg,6,TIND,6,39,0.0,0.0,0,bg,0.0,0.0,0,,0,0,0,0.0
0506tin2_05-19_crop_00.jpg,6,TIND,7,125,0.904,0.904,6,TIND,1.0,1.0,1,TIND,3,113,119,0.9495798319327731
0506tin2_05-19_crop_01.jpg,5,TINB/TINC,1,2489,0.8565689031739655,0.8565689031739655,5,TINB/TINC,1.0,1.0,1,TINB/TINC,3,2132,3115,0.684430176565008
0506tin2_05-19_crop_01.jpg,6,TIND,1,31,0.7096774193548387,0.0,5,TINB/TINC,1.0,0.0,1,TINB/TINC,1,22,31,0.7096774193548387
0506tin2_05-19_crop_01.jpg,6,TIND,2,70,0.8714285714285714,0.8142857142857143,6,TIND,0.9344262295081968,0.9344262295081968,2,TINB/TINC|TIND,2,61,61,1.0
0506tin2_06-06_crop_00.jpg,6,TIND,1,148,0.30405405405405406,0.30405405405405406,6,TIND,1.0,1.0,1,TIND,1,45,60,0.75
0506tin2_06-06_crop_00.jpg,6,TIND,2,106,0.9716981132075472,0.9716981132075472,6,TIND,1.0,1.0,1,TIND,2,103,114,0.9035087719298246
0506tin2_06-06_crop_00.jpg,6,TIND,3,196,0.8163265306122449,0.8163265306122449,6,TIND,1.0,1.0,1,TIND,3,160,162,0.9876543209876543
0506tin2_06-06_crop_00.jpg,6,TIND,4,64,0.34375,0.34375,6,TIND,1.0,1.0,1,TIND,4,22,22,1.0
0506tin2_06-06_crop_00.jpg,6,TIND,5,141,0.8368794326241135,0.8368794326241135,6,TIND,1.0,1.0,1,TIND,5,118,125,0.944
0506tin2_06-06_crop_00.jpg,6,TIND,6,149,0.9530201342281879,0.0,5,TINB/TINC,1.0,0.0,1,TINB/TINC,6,142,507,0.28007889546351084
0506tin2_06-06_crop_00.jpg,6,TIND,7,102,0.0,0.0,0,bg,0.0,0.0,0,,0,0,0,0.0
0506tin2_06-06_crop_00.jpg,6,TIND,8,89,0.9325842696629213,0.0,5,TINB/TINC,1.0,0.0,1,TINB/TINC,6,83,507,0.16370808678500987
0506tin2_06-08_crop_00.jpg,6,TIND,1,79,0.8607594936708861,0.8607594936708861,6,TIND,1.0,1.0,1,TIND,1,68,68,1.0
0506tin2_06-08_crop_00.jpg,6,TIND,2,139,0.920863309352518,0.920863309352518,6,TIND,1.0,1.0,1,TIND,2,128,137,0.9343065693430657
0506tin2_06-08_crop_00.jpg,6,TIND,3,125,0.896,0.896,6,TIND,1.0,1.0,1,TIND,3,112,114,0.9824561403508771
0506tin2_06-08_crop_00.jpg,6,TIND,4,45,1.0,0.0,5,TINB/TINC,1.0,0.0,1,TINB/TINC,4,45,480,0.09375
0506tin2_06-08_crop_00.jpg,6,TIND,5,51,1.0,0.0,5,TINB/TINC,1.0,0.0,1,TINB/TINC,4,51,480,0.10625
0506tin2_06-08_crop_00.jpg,6,TIND,6,230,0.8956521739130435,0.8956521739130435,6,TIND,1.0,1.0,1,TIND,5,206,215,0.958139534883721
0506tin2_06-08_crop_00.jpg,6,TIND,7,183,0.8306010928961749,0.8306010928961749,6,TIND,1.0,1.0,1,TIND,6,152,528,0.2878787878787879
0506tin2_06-08_crop_00.jpg,6,TIND,8,325,0.8707692307692307,0.8707692307692307,6,TIND,1.0,1.0,1,TIND,6,283,528,0.5359848484848485
0506tin2_06-13_crop_02.jpg,6,TIND,1,51,0.6862745098039216,0.6862745098039216,6,TIND,1.0,1.0,1,TIND,1,35,35,1.0
0506tin2_06-13_crop_02.jpg,6,TIND,2,69,0.855072463768116,0.855072463768116,6,TIND,1.0,1.0,1,TIND,2,59,67,0.8805970149253731
0506tin2_06-13_crop_02.jpg,6,TIND,3,40,0.0,0.0,0,bg,0.0,0.0,0,,0,0,0,0.0
0506tin2_06-13_crop_02.jpg,6,TIND,4,99,0.9494949494949495,0.9494949494949495,6,TIND,1.0,1.0,1,TIND,3,94,97,0.9690721649484536
0506tin2_06-13_crop_02.jpg,6,TIND,5,55,0.0,0.0,0,bg,0.0,0.0,0,,0,0,0,0.0
0506tin2_06-13_crop_02.jpg,6,TIND,6,117,0.8974358974358975,0.8974358974358975,6,TIND,1.0,1.0,1,TIND,4,105,111,0.9459459459459459
0506tin2_06-18_crop_00.jpg,6,TIND,1,77,0.948051948051948,0.948051948051948,6,TIND,1.0,1.0,1,TIND,1,73,74,0.9864864864864865
0506tin2_06-18_crop_00.jpg,6,TIND,2,383,0.9138381201044387,0.9138381201044387,6,TIND,1.0,1.0,1,TIND,2,350,364,0.9615384615384616
0506tin2_06-18_crop_00.jpg,6,TIND,3,123,0.9349593495934959,0.9349593495934959,6,TIND,1.0,1.0,1,TIND,3,115,117,0.9829059829059829
0506tin2_06-18_crop_00.jpg,6,TIND,4,53,0.0,0.0,0,bg,0.0,0.0,0,,0,0,0,0.0
0506tin2_06-18_crop_00.jpg,6,TIND,5,48,0.0,0.0,0,bg,0.0,0.0,0,,0,0,0,0.0
0506tin2_06-18_crop_00.jpg,6,TIND,6,77,0.9090909090909091,0.9090909090909091,6,TIND,1.0,1.0,1,TIND,4,70,72,0.9722222222222222
0506tin2_06-19_crop_00.jpg,6,TIND,1,55,0.0,0.0,0,bg,0.0,0.0,0,,0,0,0,0.0
0506tin2_06-19_crop_00.jpg,6,TIND,2,100,0.84,0.8,6,TIND,0.9523809523809523,0.9523809523809523,1,TIND,1,84,87,0.9655172413793104
0506tin2_06-19_crop_00.jpg,6,TIND,3,72,0.6805555555555556,0.6805555555555556,6,TIND,1.0,1.0,1,TIND,2,49,56,0.875
0506tin2_06-19_crop_00.jpg,6,TIND,4,67,0.835820895522388,0.835820895522388,6,TIND,1.0,1.0,1,TIND,3,56,56,1.0
0506tin2_06-19_crop_00.jpg,6,TIND,5,60,0.95,0.95,6,TIND,1.0,1.0,1,TIND,4,57,434,0.1313364055299539
0506tin2_06-19_crop_00.jpg,6,TIND,6,398,0.907035175879397,0.8618090452261307,6,TIND,0.9501385041551247,0.9501385041551247,1,TIND,4,361,434,0.8317972350230415
0506tin2_06-19_crop_00.jpg,6,TIND,7,29,0.0,0.0,0,bg,0.0,0.0,0,,0,0,0,0.0
0506tin2_06-19_crop_00.jpg,6,TIND,8,46,0.0,0.0,0,bg,0.0,0.0,0,,0,0,0,0.0
0506tin2_06-19_crop_00.jpg,6,TIND,9,80,0.925,0.925,6,TIND,1.0,1.0,1,TIND,5,74,80,0.925
0506tin2_06-19_crop_00.jpg,6,TIND,10,48,0.0,0.0,0,bg,0.0,0.0,0,,0,0,0,0.0
0506tin2_06-19_crop_00.jpg,6,TIND,11,60,0.0,0.0,0,bg,0.0,0.0,0,,0,0,0,0.0
0506tin2_06-19_crop_00.jpg,6,TIND,12,25,0.88,0.0,5,TINB/TINC,1.0,0.0,1,TINB/TINC,6,22,176,0.125
0506tin2_06-19_crop_00.jpg,6,TIND,13,43,1.0,0.0,5,TINB/TINC,1.0,0.0,1,TINB/TINC,6,43,176,0.24431818181818182
0506tin2_07-05_crop_02.jpg,5,TINB/TINC,1,2173,0.41141279337321673,0.41141279337321673,5,TINB/TINC,1.0,1.0,1,TINB/TINC,3,396,408,0.9705882352941176
0506tin2_07-05_crop_02.jpg,6,TIND,1,64,0.9375,0.9375,6,TIND,1.0,1.0,1,TIND,4,60,79,0.759493670886076
0506tin2_07-09_crop_00.jpg,6,TIND,1,72,0.9166666666666666,0.9166666666666666,6,TIND,1.0,1.0,1,TIND,1,66,77,0.8571428571428571
0506tin2_07-09_crop_00.jpg,6,TIND,2,27,0.18518518518518517,0.18518518518518517,6,TIND,1.0,1.0,1,TIND,2,5,62,0.08064516129032258
0506tin2_07-09_crop_00.jpg,6,TIND,3,42,0.9047619047619048,0.9047619047619048,6,TIND,1.0,1.0,1,TIND,2,38,62,0.6129032258064516
0506tin2_07-09_crop_00.jpg,6,TIND,4,50,0.58,0.58,6,TIND,1.0,1.0,1,TIND,3,29,29,1.0
0506tin2_07-11_crop_01.jpg,6,TIND,1,168,0.8035714285714286,0.8035714285714286,6,TIND,1.0,1.0,1,TIND,1,135,135,1.0
0506tin2_07-11_crop_01.jpg,6,TIND,2,136,0.9338235294117647,0.9338235294117647,6,TIND,1.0,1.0,1,TIND,2,127,132,0.9621212121212122
0506tin2_07-11_crop_01.jpg,6,TIND,3,159,0.9182389937106918,0.9182389937106918,6,TIND,1.0,1.0,1,TIND,3,146,165,0.8848484848484849
0506tin2_07-11_crop_01.jpg,6,TIND,4,251,0.4900398406374502,0.4900398406374502,6,TIND,1.0,1.0,1,TIND,4,123,123,1.0
0506tin2_07-16_crop_01.jpg,5,TINB/TINC,1,1646,0.47023086269744835,0.3043742405832321,5,TINB/TINC,0.6472868217054264,0.6472868217054264,2,TINB/TINC|TIND,2,515,520,0.9903846153846154
0506tin2_07-16_crop_01.jpg,5,TINB/TINC,2,392,0.0,0.0,0,bg,0.0,0.0,0,,0,0,0,0.0
0506tin2_07-16_crop_01.jpg,6,TIND,1,73,0.7945205479452054,0.7945205479452054,6,TIND,1.0,1.0,1,TIND,1,58,59,0.9830508474576272
0506tin2_07-16_crop_01.jpg,6,TIND,2,62,0.0,0.0,0,bg,0.0,0.0,0,,0,0,0,0.0
0506tin2_07-16_crop_01.jpg,6,TIND,3,96,0.90625,0.90625,6,TIND,1.0,1.0,1,TIND,4,87,95,0.9157894736842105
0506tin2_07-16_crop_01.jpg,6,TIND,4,121,0.9338842975206612,0.9338842975206612,6,TIND,1.0,1.0,1,TIND,5,113,116,0.9741379310344828
0506tin2_08-08_crop_02.jpg,6,TIND,1,133,0.6917293233082706,0.6917293233082706,6,TIND,1.0,1.0,1,TIND,1,92,92,1.0
0506tin2_08-11_crop_01.jpg,6,TIND,1,71,0.0,0.0,0,bg,0.0,0.0,0,,0,0,0,0.0
0506tin2_08-12_crop_00.jpg,5,TINB/TINC,1,1663,0.5099218280216476,0.5099218280216476,5,TINB/TINC,1.0,1.0,1,TINB/TINC,4,360,393,0.916030534351145
0506tin2_08-12_crop_00.jpg,6,TIND,1,63,0.0,0.0,0,bg,0.0,0.0,0,,0,0,0,0.0
0506tin2_08-12_crop_00.jpg,6,TIND,2,71,0.5633802816901409,0.5633802816901409,6,TIND,1.0,1.0,1,TIND,1,40,40,1.0
0506tin2_08-12_crop_00.jpg,6,TIND,3,55,0.0,0.0,0,bg,0.0,0.0,0,,0,0,0,0.0
0506tin2_08-12_crop_00.jpg,6,TIND,4,52,0.0,0.0,0,bg,0.0,0.0,0,,0,0,0,0.0
0506tin2_08-12_crop_00.jpg,6,TIND,5,72,0.0,0.0,0,bg,0.0,0.0,0,,0,0,0,0.0
0506tin2_08-12_crop_00.jpg,6,TIND,6,115,0.8347826086956521,0.8347826086956521,6,TIND,1.0,1.0,1,TIND,3,96,100,0.96
0506tin2_08-12_crop_00.jpg,6,TIND,7,73,0.0,0.0,0,bg,0.0,0.0,0,,0,0,0,0.0
0506tin2_08-12_crop_00.jpg,6,TIND,8,74,0.0,0.0,0,bg,0.0,0.0,0,,0,0,0,0.0
0506tin2_08-15_crop_00.jpg,5,TINB/TINC,1,1249,0.5500400320256205,0.33386709367493994,5,TINB/TINC,0.6069868995633187,0.6069868995633187,2,TINB/TINC|TIND,6,417,451,0.9246119733924612
0506tin2_08-15_crop_00.jpg,5,TINB/TINC,2,814,0.542997542997543,0.2542997542997543,6,TIND,0.5316742081447964,0.4683257918552036,2,TINB/TINC|TIND,10,258,292,0.8835616438356164
0506tin2_08-15_crop_00.jpg,6,TIND,1,264,0.7840909090909091,0.7840909090909091,6,TIND,1.0,1.0,1,TIND,1,207,207,1.0
0506tin2_08-15_crop_00.jpg,6,TIND,2,176,0.7329545454545454,0.7329545454545454,6,TIND,1.0,1.0,1,TIND,2,129,129,1.0
0506tin2_08-15_crop_00.jpg,6,TIND,3,65,0.2,0.2,6,TIND,1.0,1.0,1,TIND,4,13,13,1.0
0506tin2_08-15_crop_00.jpg,6,TIND,4,152,0.881578947368421,0.881578947368421,6,TIND,1.0,1.0,1,TIND,3,134,135,0.9925925925925926
0506tin2_08-15_crop_00.jpg,6,TIND,5,101,0.5148514851485149,0.5148514851485149,6,TIND,1.0,1.0,1,TIND,5,52,52,1.0
0506tin2_08-15_crop_00.jpg,6,TIND,6,74,0.0,0.0,0,bg,0.0,0.0,0,,0,0,0,0.0
0506tin2_08-15_crop_00.jpg,6,TIND,7,66,0.6060606060606061,0.6060606060606061,6,TIND,1.0,1.0,1,TIND,11,40,40,1.0
0506tin2_08-15_crop_00.jpg,6,TIND,8,85,0.7058823529411765,0.7058823529411765,6,TIND,1.0,1.0,1,TIND,12,60,60,1.0
0506tin2_08-16_crop_01.jpg,6,TIND,1,129,0.0,0.0,0,bg,0.0,0.0,0,,0,0,0,0.0
0506tin2_08-16_crop_01.jpg,6,TIND,2,109,0.0,0.0,0,bg,0.0,0.0,0,,0,0,0,0.0
0506tin2_08-16_crop_01.jpg,6,TIND,3,95,0.0,0.0,0,bg,0.0,0.0,0,,0,0,0,0.0
0506tin2_08-16_crop_01.jpg,6,TIND,4,740,0.6783783783783783,0.6783783783783783,6,TIND,1.0,1.0,1,TIND,1,502,502,1.0
0506tin2_08-17_crop_02.jpg,5,TINB/TINC,1,2723,0.4278369445464561,0.4278369445464561,5,TINB/TINC,1.0,1.0,1,TINB/TINC,2,1038,1124,0.9234875444839857
0506tin2_08-18_crop_01.jpg,6,TIND,1,166,0.6927710843373494,0.6927710843373494,6,TIND,1.0,1.0,1,TIND,1,115,115,1.0
0506tin2_09-03_crop_01.jpg,5,TINB/TINC,1,267,0.7640449438202247,0.7640449438202247,5,TINB/TINC,1.0,1.0,1,TINB/TINC,1,204,204,1.0
0506tin2_09-03_crop_01.jpg,6,TIND,1,102,0.0,0.0,0,bg,0.0,0.0,0,,0,0,0,0.0
0506tin2_09-11_crop_00.jpg,6,TIND,1,209,0.6985645933014354,0.6985645933014354,6,TIND,1.0,1.0,1,TIND,1,146,151,0.9668874172185431
0506tin2_09-11_crop_00.jpg,6,TIND,2,255,0.6901960784313725,0.6901960784313725,6,TIND,1.0,1.0,1,TIND,2,176,181,0.9723756906077348
0506tin2_09-11_crop_00.jpg,6,TIND,3,75,0.6133333333333333,0.6133333333333333,6,TIND,1.0,1.0,1,TIND,3,46,46,1.0
0506tin2_09-11_crop_00.jpg,6,TIND,4,250,0.672,0.672,6,TIND,1.0,1.0,1,TIND,4,168,184,0.9130434782608695
0506tin2_09-11_crop_00.jpg,6,TIND,5,75,0.8266666666666667,0.8266666666666667,6,TIND,1.0,1.0,1,TIND,5,62,69,0.8985507246376812
0506tin2_09-11_crop_00.jpg,6,TIND,6,165,0.7575757575757576,0.7575757575757576,6,TIND,1.0,1.0,1,TIND,6,125,127,0.984251968503937
0506tin2_09-11_crop_00.jpg,6,TIND,7,21,0.0,0.0,0,bg,0.0,0.0,0,,0,0,0,0.0
0506tin2_09-11_crop_00.jpg,6,TIND,8,215,0.786046511627907,0.786046511627907,6,TIND,1.0,1.0,1,TIND,7,169,169,1.0
0506tin2_09-11_crop_00.jpg,6,TIND,9,114,0.7631578947368421,0.7631578947368421,6,TIND,1.0,1.0,1,TIND,8,87,87,1.0
0506tin2_09-11_crop_00.jpg,6,TIND,10,145,0.7379310344827587,0.7379310344827587,6,TIND,1.0,1.0,1,TIND,9,107,107,1.0
0506tin2_09-11_crop_00.jpg,6,TIND,11,306,0.8562091503267973,0.8562091503267973,6,TIND,1.0,1.0,1,TIND,10,262,262,1.0
0506tin2_09-13_crop_01.jpg,4,D,1,272,0.8198529411764706,0.8198529411764706,4,D,1.0,1.0,1,D,1,223,223,1.0
0506tin2_09-13_crop_01.jpg,6,TIND,1,259,0.6254826254826255,0.6254826254826255,6,TIND,1.0,1.0,1,TIND,2,162,162,1.0
0506tin2_09-13_crop_01.jpg,6,TIND,2,209,0.45454545454545453,0.215311004784689,5,TINB/TINC,0.5263157894736842,0.47368421052631576,2,TINB/TINC|TIND,3,95,96,0.9895833333333334
0506tin2_09-13_crop_01.jpg,6,TIND,3,208,0.6153846153846154,0.6153846153846154,6,TIND,1.0,1.0,1,TIND,4,128,128,1.0
0506tin2_09-13_crop_01.jpg,6,TIND,4,289,0.6228373702422145,0.6228373702422145,6,TIND,1.0,1.0,1,TIND,5,180,180,1.0
0506tin2_09-14_crop_00.jpg,6,TIND,1,124,0.6854838709677419,0.6854838709677419,6,TIND,1.0,1.0,1,TIND,1,85,85,1.0
0506tin2_09-14_crop_00.jpg,6,TIND,2,241,0.8049792531120332,0.8049792531120332,6,TIND,1.0,1.0,1,TIND,2,194,194,1.0
0506tin2_09-14_crop_00.jpg,6,TIND,3,44,0.0,0.0,0,bg,0.0,0.0,0,,0,0,0,0.0
0506tin2_09-14_crop_00.jpg,6,TIND,4,28,0.0,0.0,0,bg,0.0,0.0,0,,0,0,0,0.0
0506tin2_09-14_crop_00.jpg,6,TIND,5,39,0.0,0.0,0,bg,0.0,0.0,0,,0,0,0,0.0
0506tin2_09-14_crop_02.jpg,6,TIND,1,140,0.0,0.0,0,bg,0.0,0.0,0,,0,0,0,0.0
0506tin2_10-01_crop_00.jpg,6,TIND,1,273,0.9120879120879121,0.9120879120879121,6,TIND,1.0,1.0,1,TIND,1,249,260,0.9576923076923077
0506tin2_10-01_crop_00.jpg,6,TIND,2,176,0.8409090909090909,0.8409090909090909,6,TIND,1.0,1.0,1,TIND,2,148,213,0.6948356807511737
0506tin2_10-01_crop_00.jpg,6,TIND,3,69,0.9420289855072463,0.9420289855072463,6,TIND,1.0,1.0,1,TIND,3,65,68,0.9558823529411765
0506tin2_10-01_crop_00.jpg,6,TIND,4,72,0.6805555555555556,0.6805555555555556,6,TIND,1.0,1.0,1,TIND,2,49,213,0.2300469483568075
0506tin2_10-01_crop_00.jpg,6,TIND,5,84,0.5952380952380952,0.5952380952380952,6,TIND,1.0,1.0,1,TIND,4,50,50,1.0
0506tin2_10-01_crop_00.jpg,6,TIND,6,65,0.0,0.0,0,bg,0.0,0.0,0,,0,0,0,0.0
0506tin2_10-01_crop_00.jpg,6,TIND,7,104,0.0,0.0,0,bg,0.0,0.0,0,,0,0,0,0.0
0506tin2_10-01_crop_00.jpg,6,TIND,8,51,0.6274509803921569,0.6274509803921569,6,TIND,1.0,1.0,1,TIND,5,32,60,0.5333333333333333
0506tin2_10-01_crop_00.jpg,6,TIND,9,60,0.36666666666666664,0.36666666666666664,6,TIND,1.0,1.0,1,TIND,5,22,60,0.36666666666666664
0506tin2_10-01_crop_00.jpg,6,TIND,10,186,0.8225806451612904,0.8225806451612904,6,TIND,1.0,1.0,1,TIND,6,153,153,1.0
0506tin2_10-01_crop_00.jpg,6,TIND,11,177,0.8531073446327684,0.8531073446327684,6,TIND,1.0,1.0,1,TIND,7,151,158,0.9556962025316456
0506tin2_10-01_crop_00.jpg,6,TIND,12,179,0.8268156424581006,0.8268156424581006,6,TIND,1.0,1.0,1,TIND,8,148,150,0.9866666666666667
0506tin2_10-01_crop_00.jpg,6,TIND,13,129,0.8527131782945736,0.8527131782945736,6,TIND,1.0,1.0,1,TIND,9,110,116,0.9482758620689655
0506tin2_10-01_crop_00.jpg,6,TIND,14,115,0.7478260869565218,0.7478260869565218,6,TIND,1.0,1.0,1,TIND,10,86,88,0.9772727272727273
0506tin2_10-01_crop_00.jpg,6,TIND,15,261,0.896551724137931,0.896551724137931,6,TIND,1.0,1.0,1,TIND,11,234,237,0.9873417721518988
0506tin2_10-01_crop_00.jpg,6,TIND,16,111,0.9459459459459459,0.46846846846846846,5,TINB/TINC,0.5047619047619047,0.49523809523809526,2,TINB/TINC|TIND,12,105,253,0.4150197628458498
0506tin2_10-01_crop_00.jpg,6,TIND,17,72,0.5833333333333334,0.5833333333333334,6,TIND,1.0,1.0,1,TIND,13,42,163,0.25766871165644173
0506tin2_10-01_crop_00.jpg,6,TIND,18,102,0.9019607843137255,0.9019607843137255,6,TIND,1.0,1.0,1,TIND,13,92,163,0.5644171779141104
0506tin2_10-01_crop_00.jpg,6,TIND,19,102,0.9019607843137255,0.0,5,TINB/TINC,1.0,0.0,1,TINB/TINC,14,92,117,0.7863247863247863
0506tin2_10-01_crop_00.jpg,6,TIND,20,69,0.2028985507246377,0.2028985507246377,6,TIND,1.0,1.0,1,TIND,15,14,14,1.0
0506tin2_10-01_crop_00.jpg,6,TIND,21,238,0.7605042016806722,0.7605042016806722,6,TIND,1.0,1.0,1,TIND,16,181,190,0.9526315789473684
0506tin2_10-01_crop_00.jpg,6,TIND,22,65,0.0,0.0,0,bg,0.0,0.0,0,,0,0,0,0.0
0506tin2_10-07_crop_01.jpg,6,TIND,1,163,0.9693251533742331,0.9693251533742331,6,TIND,1.0,1.0,1,TIND,1,158,163,0.9693251533742331
0506tin2_10-07_crop_01.jpg,6,TIND,2,221,0.9502262443438914,0.9502262443438914,6,TIND,1.0,1.0,1,TIND,2,210,317,0.6624605678233438
0506tin2_10-07_crop_01.jpg,6,TIND,3,69,0.9855072463768116,0.9855072463768116,6,TIND,1.0,1.0,1,TIND,2,68,317,0.21451104100946372
0506tin2_10-07_crop_01.jpg,6,TIND,4,48,0.0,0.0,0,bg,0.0,0.0,0,,0,0,0,0.0
0506tin2_10-07_crop_01.jpg,6,TIND,5,78,0.4358974358974359,0.4358974358974359,6,TIND,1.0,1.0,1,TIND,3,34,34,1.0
0506tin2_10-07_crop_01.jpg,6,TIND,6,120,0.8583333333333333,0.8583333333333333,6,TIND,1.0,1.0,1,TIND,4,103,109,0.944954128440367
0506tin2_10-07_crop_01.jpg,6,TIND,7,50,0.84,0.84,6,TIND,1.0,1.0,1,TIND,5,42,52,0.8076923076923077
0506tin2_10-07_crop_01.jpg,6,TIND,8,38,0.0,0.0,0,bg,0.0,0.0,0,,0,0,0,0.0
0506tin2_10-07_crop_01.jpg,6,TIND,9,37,0.0,0.0,0,bg,0.0,0.0,0,,0,0,0,0.0
0506tin2_10-07_crop_01.jpg,6,TIND,10,37,0.0,0.0,0,bg,0.0,0.0,0,,0,0,0,0.0
0506tin2_10-08_crop_01.jpg,6,TIND,1,122,0.9918032786885246,0.9918032786885246,6,TIND,1.0,1.0,1,TIND,1,121,134,0.9029850746268657
0506tin2_10-08_crop_01.jpg,6,TIND,2,156,0.8910256410256411,0.8910256410256411,6,TIND,1.0,1.0,1,TIND,2,139,157,0.8853503184713376
0506tin2_10-08_crop_01.jpg,6,TIND,3,62,0.967741935483871,0.967741935483871,6,TIND,1.0,1.0,1,TIND,3,60,70,0.8571428571428571
0506tin2_10-08_crop_01.jpg,6,TIND,4,59,0.7457627118644068,0.7457627118644068,6,TIND,1.0,1.0,1,TIND,4,44,111,0.3963963963963964
0506tin2_10-08_crop_01.jpg,6,TIND,5,36,0.8611111111111112,0.8611111111111112,6,TIND,1.0,1.0,1,TIND,4,31,111,0.27927927927927926
0506tin2_10-08_crop_01.jpg,6,TIND,6,65,1.0,0.0,5,TINB/TINC,1.0,0.0,1,TINB/TINC,5,65,599,0.10851419031719532
0506tin2_10-08_crop_01.jpg,6,TIND,7,119,0.8571428571428571,0.8571428571428571,6,TIND,1.0,1.0,1,TIND,6,102,107,0.9532710280373832
0506tin2_10-08_crop_01.jpg,6,TIND,8,46,0.0,0.0,0,bg,0.0,0.0,0,,0,0,0,0.0
0506tin2_10-08_crop_01.jpg,6,TIND,9,114,0.9210526315789473,0.9210526315789473,6,TIND,1.0,1.0,1,TIND,7,105,131,0.8015267175572519
0506tin2_10-08_crop_01.jpg,6,TIND,10,53,0.9245283018867925,0.9245283018867925,6,TIND,1.0,1.0,1,TIND,8,49,68,0.7205882352941176
0506tin2_10-08_crop_01.jpg,6,TIND,11,57,0.0,0.0,0,bg,0.0,0.0,0,,0,0,0,0.0
0506tin2_10-10_crop_03.jpg,5,TINB/TINC,1,1114,0.5098743267504489,0.1229802513464991,6,TIND,0.7588028169014085,0.24119718309859156,2,TINB/TINC|TIND,5,382,386,0.9896373056994818
0506tin2_10-10_crop_03.jpg,6,TIND,1,74,0.9459459459459459,0.9459459459459459,6,TIND,1.0,1.0,1,TIND,1,70,76,0.9210526315789473
0506tin2_10-10_crop_03.jpg,6,TIND,2,45,0.7333333333333333,0.7333333333333333,6,TIND,1.0,1.0,1,TIND,2,33,122,0.27049180327868855
0506tin2_10-10_crop_03.jpg,6,TIND,3,65,0.9846153846153847,0.9846153846153847,6,TIND,1.0,1.0,1,TIND,2,64,122,0.5245901639344263
0506tin2_10-10_crop_03.jpg,6,TIND,4,51,0.7450980392156863,0.7450980392156863,6,TIND,1.0,1.0,1,TIND,6,38,38,1.0
0506tin2_10-14_crop_01.jpg,5,TINB/TINC,1,666,0.9579579579579579,0.9579579579579579,5,TINB/TINC,1.0,1.0,1,TINB/TINC,2,638,828,0.7705314009661836
0506tin2_10-14_crop_01.jpg,6,TIND,1,102,0.9607843137254902,0.9607843137254902,6,TIND,1.0,1.0,1,TIND,1,98,106,0.9245283018867925
0506tin2_10-14_crop_02.jpg,5,TINB/TINC,1,434,0.3387096774193548,0.0,6,TIND,1.0,0.0,1,TIND,1,147,151,0.9735099337748344
0506tin2_10-16_crop_01.jpg,5,TINB/TINC,1,1641,0.28031687995124926,0.24558196221815967,5,TINB/TINC,0.8760869565217392,0.8760869565217392,2,TINB/TINC|TIND,4,347,401,0.8653366583541147
0506tin2_10-16_crop_01.jpg,6,TIND,1,233,0.8497854077253219,0.8497854077253219,6,TIND,1.0,1.0,1,TIND,1,198,214,0.9252336448598131
0506tin2_10-16_crop_01.jpg,6,TIND,2,203,0.8374384236453202,0.8374384236453202,6,TIND,1.0,1.0,1,TIND,2,170,172,0.9883720930232558
0506tin2_10-16_crop_01.jpg,6,TIND,3,111,0.8648648648648649,0.8648648648648649,6,TIND,1.0,1.0,1,TIND,3,96,99,0.9696969696969697
0506tin2_10-21_crop_02.jpg,5,TINB/TINC,1,1517,0.8536585365853658,0.8536585365853658,5,TINB/TINC,1.0,1.0,1,TINB/TINC,3,1295,1582,0.8185840707964602
0506tin2_10-21_crop_02.jpg,6,TIND,1,122,0.9754098360655737,0.9754098360655737,6,TIND,1.0,1.0,1,TIND,1,119,135,0.8814814814814815
0506tin2_10-21_crop_02.jpg,6,TIND,2,102,0.9901960784313726,0.9901960784313726,6,TIND,1.0,1.0,1,TIND,2,101,121,0.8347107438016529
0506tin2_11-03_crop_01.jpg,4,D,1,117,0.0,0.0,0,bg,0.0,0.0,0,,0,0,0,0.0
0506tin2_11-03_crop_01.jpg,5,TINB/TINC,1,919,0.8117519042437432,0.8117519042437432,5,TINB/TINC,1.0,1.0,1,TINB/TINC,1,746,785,0.9503184713375796
0506tin2_11-03_crop_01.jpg,5,TINB/TINC,2,496,0.36693548387096775,0.0,6,TIND,1.0,0.0,1,TIND,4,91,93,0.978494623655914
0506tin2_11-03_crop_01.jpg,5,TINB/TINC,3,2591,0.7205712080277885,0.7101505210343497,5,TINB/TINC,0.9855382967327263,0.9855382967327263,1,TINB/TINC,9,1840,2086,0.8820709491850431
0506tin2_11-03_crop_01.jpg,6,TIND,1,76,1.0,1.0,6,TIND,1.0,1.0,1,TIND,5,76,94,0.8085106382978723
0506tin2_11-03_crop_01.jpg,6,TIND,2,129,0.8527131782945736,0.7131782945736435,6,TIND,0.8363636363636363,0.8363636363636363,2,TINB/TINC|TIND,6,110,122,0.9016393442622951
0506tin2_11-03_crop_01.jpg,6,TIND,3,84,0.39285714285714285,0.39285714285714285,6,TIND,1.0,1.0,1,TIND,7,33,42,0.7857142857142857
0506tin2_11-03_crop_01.jpg,6,TIND,4,313,0.8434504792332268,0.8434504792332268,6,TIND,1.0,1.0,1,TIND,10,264,272,0.9705882352941176
0506tin2_11-07_crop_01.jpg,4,D,1,124,1.0,1.0,4,D,1.0,1.0,1,D,1,124,136,0.9117647058823529
0506tin2_11-07_crop_01.jpg,4,D,2,145,0.9655172413793104,0.0,6,TIND,1.0,0.0,1,TIND,2,140,146,0.958904109589041
0506tin2_11-07_crop_01.jpg,4,D,3,151,0.9668874172185431,0.9668874172185431,4,D,1.0,1.0,1,D,3,146,146,1.0
0506tin2_11-07_crop_01.jpg,5,TINB/TINC,1,2545,0.5866404715127701,0.5866404715127701,5,TINB/TINC,1.0,1.0,1,TINB/TINC,7,1086,1168,0.9297945205479452
0506tin2_11-07_crop_01.jpg,6,TIND,1,154,0.935064935064935,0.935064935064935,6,TIND,1.0,1.0,1,TIND,4,144,162,0.8888888888888888
0506tin2_11-07_crop_01.jpg,6,TIND,2,142,1.0,0.6901408450704225,6,TIND,0.6901408450704225,0.6901408450704225,2,TINB/TINC|TIND,6,142,172,0.8255813953488372
0506tin2_11-07_crop_01.jpg,6,TIND,3,61,0.9180327868852459,0.9180327868852459,6,TIND,1.0,1.0,1,TIND,8,56,72,0.7777777777777778
0506tin2_11-10_crop_02.jpg,5,TINB/TINC,1,1512,0.453042328042328,0.453042328042328,5,TINB/TINC,1.0,1.0,1,TINB/TINC,1,685,685,1.0
0506tin2_11-19_crop_00.jpg,6,TIND,1,46,0.0,0.0,0,bg,0.0,0.0,0,,0,0,0,0.0
0506tin2_11-19_crop_00.jpg,6,TIND,2,61,0.9016393442622951,0.9016393442622951,6,TIND,1.0,1.0,1,TIND,1,55,56,0.9821428571428571
0506tin2_11-19_crop_00.jpg,6,TIND,3,241,0.7593360995850622,0.7593360995850622,6,TIND,1.0,1.0,1,TIND,2,183,184,0.9945652173913043
0506tin2_11-21_crop_01.jpg,6,TIND,1,513,0.8908382066276803,0.8908382066276803,6,TIND,1.0,1.0,1,TIND,1,457,457,1.0
0506tin2_11-21_crop_01.jpg,6,TIND,2,104,0.9326923076923077,0.9326923076923077,6,TIND,1.0,1.0,1,TIND,2,97,107,0.9065420560747663
0506tin2_11-21_crop_01.jpg,6,TIND,3,97,0.4639175257731959,0.4639175257731959,6,TIND,1.0,1.0,1,TIND,3,45,45,1.0
0506tin2_11-21_crop_01.jpg,6,TIND,4,86,0.9186046511627907,0.0,5,TINB/TINC,1.0,0.0,1,TINB/TINC,4,79,520,0.1519230769230769
0506tin2_11-21_crop_01.jpg,6,TIND,5,62,0.8870967741935484,0.0,5,TINB/TINC,1.0,0.0,1,TINB/TINC,4,55,520,0.10576923076923077
0506tin2_11-21_crop_01.jpg,6,TIND,6,84,1.0,0.0,5,TINB/TINC,1.0,0.0,1,TINB/TINC,5,84,414,0.2028985507246377
0506tin2_11-21_crop_01.jpg,6,TIND,7,81,1.0,0.0,5,TINB/TINC,1.0,0.0,1,TINB/TINC,5,81,414,0.1956521739130435
0506tin2_11-21_crop_01.jpg,6,TIND,8,81,0.5925925925925926,0.5925925925925926,6,TIND,1.0,1.0,1,TIND,6,48,48,1.0
0506tin2_12-06_crop_00.jpg,4,D,1,184,1.0,1.0,4,D,1.0,1.0,1,D,12,184,196,0.9387755102040817
0506tin2_12-06_crop_00.jpg,5,TINB/TINC,1,1642,0.39585870889159563,0.0,6,TIND,1.0,0.0,1,TIND,2,311,311,1.0
0506tin2_12-06_crop_00.jpg,6,TIND,1,119,0.8907563025210085,0.8907563025210085,6,TIND,1.0,1.0,1,TIND,5,106,175,0.6057142857142858
0506tin2_12-06_crop_00.jpg,6,TIND,2,49,0.32653061224489793,0.32653061224489793,6,TIND,1.0,1.0,1,TIND,5,16,175,0.09142857142857143
0506tin2_12-06_crop_00.jpg,6,TIND,3,22,0.0,0.0,0,bg,0.0,0.0,0,,0,0,0,0.0
0506tin2_12-06_crop_00.jpg,6,TIND,4,156,0.9358974358974359,0.9358974358974359,6,TIND,1.0,1.0,1,TIND,6,146,191,0.7643979057591623
0506tin2_12-06_crop_00.jpg,6,TIND,5,40,0.225,0.225,6,TIND,1.0,1.0,1,TIND,6,9,191,0.04712041884816754
0506tin2_12-06_crop_00.jpg,6,TIND,6,132,0.9545454545454546,0.9545454545454546,6,TIND,1.0,1.0,1,TIND,7,126,136,0.9264705882352942
0506tin2_12-06_crop_00.jpg,6,TIND,7,58,0.8448275862068966,0.8275862068965517,6,TIND,0.9795918367346939,0.9795918367346939,1,TIND,8,49,57,0.8596491228070176
0506tin2_12-06_crop_00.jpg,6,TIND,8,100,0.98,0.0,5,TINB/TINC,1.0,0.0,1,TINB/TINC,9,98,200,0.49
0506tin2_12-06_crop_00.jpg,6,TIND,9,59,0.9322033898305084,0.9322033898305084,6,TIND,1.0,1.0,1,TIND,10,55,64,0.859375
0506tin2_12-06_crop_00.jpg,6,TIND,10,34,0.5588235294117647,0.0,5,TINB/TINC,1.0,0.0,1,TINB/TINC,11,19,145,0.1310344827586207
0506tin2_12-06_crop_00.jpg,6,TIND,11,55,0.9818181818181818,0.0,5,TINB/TINC,1.0,0.0,1,TINB/TINC,11,54,145,0.3724137931034483
0506tin2_12-06_crop_00.jpg,6,TIND,12,57,0.9649122807017544,0.9649122807017544,6,TIND,1.0,1.0,1,TIND,13,55,63,0.873015873015873
0506tin2_12-07_crop_00.jpg,6,TIND,1,83,0.9156626506024096,0.9156626506024096,6,TIND,1.0,1.0,1,TIND,1,76,88,0.8636363636363636
0506tin2_12-07_crop_00.jpg,6,TIND,2,51,0.9019607843137255,0.9019607843137255,6,TIND,1.0,1.0,1,TIND,2,46,53,0.8679245283018868
0506tin2_12-07_crop_00.jpg,6,TIND,3,119,0.226890756302521,0.0,5,TINB/TINC,1.0,0.0,1,TINB/TINC,3,27,27,1.0
0506tin2_12-07_crop_00.jpg,6,TIND,4,75,0.8266666666666667,0.8266666666666667,6,TIND,1.0,1.0,1,TIND,4,62,66,0.9393939393939394
0506tin2_12-07_crop_00.jpg,6,TIND,5,128,0.765625,0.765625,6,TIND,1.0,1.0,1,TIND,6,98,101,0.9702970297029703
0506tin2_12-07_crop_00.jpg,6,TIND,6,71,0.8591549295774648,0.8591549295774648,6,TIND,1.0,1.0,1,TIND,9,61,64,0.953125
0506tin2_12-07_crop_02.jpg,6,TIND,1,100,1.0,0.0,5,TINB/TINC,1.0,0.0,1,TINB/TINC,1,100,486,0.205761316872428
0506tin2_12-07_crop_02.jpg,6,TIND,2,129,0.9689922480620154,0.0,5,TINB/TINC,1.0,0.0,1,TINB/TINC,1,125,486,0.257201646090535
0506tin2_12-07_crop_02.jpg,6,TIND,3,98,0.0,0.0,0,bg,0.0,0.0,0,,0,0,0,0.0
0506tin2_12-07_crop_02.jpg,6,TIND,4,211,0.981042654028436,0.981042654028436,6,TIND,1.0,1.0,1,TIND,2,207,229,0.9039301310043668
0506tin2_12-07_crop_02.jpg,6,TIND,5,111,0.8558558558558559,0.8558558558558559,6,TIND,1.0,1.0,1,TIND,3,95,96,0.9895833333333334
0506tin2_12-17_crop_00.jpg,6,TIND,1,92,0.8695652173913043,0.8695652173913043,6,TIND,1.0,1.0,1,TIND,1,80,96,0.8333333333333334
0506tin2_12-17_crop_00.jpg,6,TIND,2,183,0.8142076502732241,0.8142076502732241,6,TIND,1.0,1.0,1,TIND,2,149,170,0.8764705882352941
0506tin2_12-17_crop_00.jpg,6,TIND,3,93,0.7956989247311828,0.7956989247311828,6,TIND,1.0,1.0,1,TIND,3,74,80,0.925
0506tin2_12-17_crop_00.jpg,6,TIND,4,220,0.9181818181818182,0.9181818181818182,6,TIND,1.0,1.0,1,TIND,4,202,232,0.8706896551724138
0506tin2_12-17_crop_00.jpg,6,TIND,5,210,0.9142857142857143,0.9142857142857143,6,TIND,1.0,1.0,1,TIND,5,192,194,0.9896907216494846
0506tin2_12-17_crop_00.jpg,6,TIND,6,49,0.9795918367346939,0.9795918367346939,6,TIND,1.0,1.0,1,TIND,6,48,60,0.8
0506tin2_12-17_crop_00.jpg,6,TIND,7,65,0.9230769230769231,0.9230769230769231,6,TIND,1.0,1.0,1,TIND,7,60,65,0.9230769230769231
0506tin2_12-17_crop_00.jpg,6,TIND,8,108,0.9814814814814815,0.9814814814814815,6,TIND,1.0,1.0,1,TIND,8,106,124,0.8548387096774194
0506tin2_12-17_crop_00.jpg,6,TIND,9,283,0.9151943462897526,0.9151943462897526,6,TIND,1.0,1.0,1,TIND,9,259,290,0.8931034482758621
0506tin2_12-17_crop_00.jpg,6,TIND,10,110,0.9727272727272728,0.9727272727272728,6,TIND,1.0,1.0,1,TIND,10,107,129,0.8294573643410853
0506tin2_13-05_crop_02.jpg,6,TIND,1,62,0.7258064516129032,0.7258064516129032,6,TIND,1.0,1.0,1,TIND,1,45,51,0.8823529411764706
0506tin2_13-05_crop_02.jpg,6,TIND,2,46,0.0,0.0,0,bg,0.0,0.0,0,,0,0,0,0.0
0506tin2_13-05_crop_02.jpg,6,TIND,3,48,0.0,0.0,0,bg,0.0,0.0,0,,0,0,0,0.0
0506tin2_13-05_crop_02.jpg,6,TIND,4,61,0.8524590163934426,0.8524590163934426,6,TIND,1.0,1.0,1,TIND,2,52,53,0.9811320754716981
0506tin2_13-05_crop_02.jpg,6,TIND,5,29,0.0,0.0,0,bg,0.0,0.0,0,,0,0,0,0.0
0506tin2_14-04_crop_00.jpg,6,TIND,1,132,0.9393939393939394,0.9393939393939394,6,TIND,1.0,1.0,1,TIND,1,124,131,0.9465648854961832
0506tin2_14-04_crop_00.jpg,6,TIND,2,54,0.9629629629629629,0.0,5,TINB/TINC,1.0,0.0,1,TINB/TINC,2,52,414,0.12560386473429952
0506tin2_14-04_crop_00.jpg,6,TIND,3,61,0.9672131147540983,0.3114754098360656,5,TINB/TINC,0.6779661016949152,0.3220338983050847,2,TINB/TINC|TIND,2,59,414,0.14251207729468598
0506tin2_14-04_crop_00.jpg,6,TIND,4,71,0.8591549295774648,0.8591549295774648,6,TIND,1.0,1.0,1,TIND,3,61,67,0.9104477611940298
0506tin2_14-04_crop_00.jpg,6,TIND,5,65,1.0,0.0,5,TINB/TINC,1.0,0.0,1,TINB/TINC,4,65,435,0.14942528735632185
0506tin2_14-04_crop_00.jpg,6,TIND,6,35,0.11428571428571428,0.0,5,TINB/TINC,1.0,0.0,1,TINB/TINC,2,4,414,0.00966183574879227
0506tin2_14-04_crop_00.jpg,6,TIND,7,96,0.875,0.0,5,TINB/TINC,1.0,0.0,1,TINB/TINC,4,84,435,0.19310344827586207
0506tin2_14-04_crop_00.jpg,6,TIND,8,77,0.961038961038961,0.961038961038961,6,TIND,1.0,1.0,1,TIND,5,74,82,0.9024390243902439
0506tin2_14-04_crop_00.jpg,6,TIND,9,83,0.7951807228915663,0.7951807228915663,6,TIND,1.0,1.0,1,TIND,6,66,87,0.7586206896551724
0506tin2_14-04_crop_00.jpg,6,TIND,10,71,0.9859154929577465,0.9859154929577465,6,TIND,1.0,1.0,1,TIND,7,70,74,0.9459459459459459
0506tin2_14-04_crop_00.jpg,6,TIND,11,105,1.0,1.0,6,TIND,1.0,1.0,1,TIND,8,105,117,0.8974358974358975
0506tin2_14-04_crop_00.jpg,6,TIND,12,68,0.9852941176470589,0.9852941176470589,6,TIND,1.0,1.0,1,TIND,9,67,73,0.9178082191780822
0506tin2_14-04_crop_00.jpg,6,TIND,13,87,0.0,0.0,0,bg,0.0,0.0,0,,0,0,0,0.0
0506tin2_14-04_crop_00.jpg,6,TIND,14,33,0.5757575757575758,0.5757575757575758,6,TIND,1.0,1.0,1,TIND,10,19,76,0.25
0506tin2_14-04_crop_00.jpg,6,TIND,15,44,0.8863636363636364,0.8863636363636364,6,TIND,1.0,1.0,1,TIND,10,39,76,0.5131578947368421
0506tin2_14-04_crop_00.jpg,6,TIND,16,114,1.0,1.0,6,TIND,1.0,1.0,1,TIND,11,114,120,0.95
0506tin2_14-04_crop_00.jpg,6,TIND,17,24,0.0,0.0,0,bg,0.0,0.0,0,,0,0,0,0.0
0506tin2_14-04_crop_00.jpg,6,TIND,18,34,0.0,0.0,0,bg,0.0,0.0,0,,0,0,0,0.0
0506tin2_14-05_crop_01.jpg,5,TINB/TINC,1,1502,0.8288948069241012,0.6924101198402131,5,TINB/TINC,0.8353413654618473,0.8353413654618473,2,TINB/TINC|TIND,3,1245,1277,0.9749412685982772
0506tin2_14-05_crop_01.jpg,5,TINB/TINC,2,1844,0.5460954446854663,0.4891540130151844,5,TINB/TINC,0.8957298907646475,0.8957298907646475,2,TINB/TINC|TIND,4,925,1094,0.8455210237659964
0506tin2_14-05_crop_01.jpg,5,TINB/TINC,3,511,0.5596868884540117,0.5596868884540117,5,TINB/TINC,1.0,1.0,1,TINB/TINC,5,203,217,0.9354838709677419
0506tin2_14-05_crop_01.jpg,6,TIND,1,85,0.9647058823529412,0.9647058823529412,6,TIND,1.0,1.0,1,TIND,8,82,94,0.8723404255319149
0506tin2_14-05_crop_01.jpg,6,TIND,2,39,0.0,0.0,0,bg,0.0,0.0,0,,0,0,0,0.0
0506tin2_14-05_crop_01.jpg,6,TIND,3,102,0.9901960784313726,0.9901960784313726,6,TIND,1.0,1.0,1,TIND,9,101,120,0.8416666666666667
0506tin2_14-05_crop_01.jpg,6,TIND,4,72,0.0,0.0,0,bg,0.0,0.0,0,,0,0,0,0.0
0506tin2_14-05_crop_01.jpg,6,TIND,5,60,0.7833333333333333,0.7833333333333333,6,TIND,1.0,1.0,1,TIND,10,47,49,0.9591836734693877
0506tin2_14-05_crop_01.jpg,6,TIND,6,92,0.358695652173913,0.358695652173913,6,TIND,1.0,1.0,1,TIND,12,33,35,0.9428571428571428
0506tin2_14-08_crop_00.jpg,5,TINB/TINC,1,1565,0.8964856230031949,0.8792332268370607,5,TINB/TINC,0.9807555238774056,0.9807555238774056,1,TINB/TINC,5,1403,1621,0.865515114127082
0506tin2_14-08_crop_00.jpg,6,TIND,1,183,0.8907103825136612,0.8907103825136612,6,TIND,1.0,1.0,1,TIND,1,163,172,0.9476744186046512
0506tin2_14-08_crop_00.jpg,6,TIND,2,37,0.7837837837837838,0.7837837837837838,6,TIND,1.0,1.0,1,TIND,2,29,29,1.0
0506tin2_14-08_crop_00.jpg,6,TIND,3,208,0.8990384615384616,0.8990384615384616,6,TIND,1.0,1.0,1,TIND,3,187,190,0.9842105263157894
0506tin2_14-08_crop_00.jpg,6,TIND,4,94,0.9680851063829787,0.9680851063829787,6,TIND,1.0,1.0,1,TIND,4,91,103,0.883495145631068
0506tin2_14-08_crop_00.jpg,6,TIND,5,224,0.9285714285714286,0.9285714285714286,6,TIND,1.0,1.0,1,TIND,6,208,221,0.9411764705882353
0506tin2_14-08_crop_00.jpg,6,TIND,6,131,0.9236641221374046,0.0,5,TINB/TINC,1.0,0.0,1,TINB/TINC,7,121,169,0.7159763313609467
0506tin2_14-08_crop_00.jpg,6,TIND,7,27,0.0,0.0,0,bg,0.0,0.0,0,,0,0,0,0.0
0506tin2_14-08_crop_00.jpg,6,TIND,8,130,1.0,0.16923076923076924,5,TINB/TINC,0.8307692307692308,0.16923076923076924,2,TINB/TINC|TIND,8,130,406,0.32019704433497537
0506tin2_14-08_crop_00.jpg,6,TIND,9,95,0.8210526315789474,0.0,5,TINB/TINC,1.0,0.0,1,TINB/TINC,8,78,406,0.1921182266009852
0506tin2_14-08_crop_00.jpg,6,TIND,10,125,0.936,0.936,6,TIND,1.0,1.0,1,TIND,9,117,138,0.8478260869565217
0506tin2_14-08_crop_02.jpg,5,TINB/TINC,1,623,0.18298555377207062,0.03210272873194221,6,TIND,0.8245614035087719,0.17543859649122806,2,TINB/TINC|TIND,1,94,94,1.0
0506tin2_14-08_crop_02.jpg,5,TINB/TINC,2,612,0.3349673202614379,0.0,6,TIND,1.0,0.0,1,TIND,3,205,205,1.0
0506tin2_14-08_crop_02.jpg,6,TIND,1,50,0.0,0.0,0,bg,0.0,0.0,0,,0,0,0,0.0
0506tin2_14-08_crop_02.jpg,6,TIND,2,19,0.21052631578947367,0.21052631578947367,6,TIND,1.0,1.0,1,TIND,4,4,106,0.03773584905660377
0506tin2_14-08_crop_02.jpg,6,TIND,3,79,0.9493670886075949,0.9493670886075949,6,TIND,1.0,1.0,1,TIND,4,75,106,0.7075471698113207
0506tin2_14-08_crop_02.jpg,6,TIND,4,87,0.9655172413793104,0.9655172413793104,6,TIND,1.0,1.0,1,TIND,5,84,89,0.9438202247191011
0506tin2_14-09_crop_00.jpg,5,TINB/TINC,1,757,0.6974900924702774,0.6591809775429326,5,TINB/TINC,0.9450757575757576,0.9450757575757576,2,TINB/TINC|TIND,3,452,509,0.888015717092338
0506tin2_14-09_crop_00.jpg,5,TINB/TINC,2,1350,0.7444444444444445,0.7444444444444445,5,TINB/TINC,1.0,1.0,1,TINB/TINC,8,1005,1150,0.8739130434782608
0506tin2_14-09_crop_00.jpg,6,TIND,1,51,0.6078431372549019,0.6078431372549019,6,TIND,1.0,1.0,1,TIND,1,31,226,0.13716814159292035
0506tin2_14-09_crop_00.jpg,6,TIND,2,184,0.7934782608695652,0.7445652173913043,6,TIND,0.9383561643835616,0.9383561643835616,2,TINB/TINC|TIND,1,146,226,0.6460176991150443
0506tin2_14-09_crop_00.jpg,6,TIND,3,33,0.0,0.0,0,bg,0.0,0.0,0,,0,0,0,0.0
0506tin2_14-09_crop_00.jpg,6,TIND,4,42,0.5476190476190477,0.5476190476190477,6,TIND,1.0,1.0,1,TIND,4,23,28,0.8214285714285714
0506tin2_14-09_crop_00.jpg,6,TIND,5,50,0.88,0.88,6,TIND,1.0,1.0,1,TIND,5,44,52,0.8461538461538461
0506tin2_14-09_crop_00.jpg,6,TIND,6,98,0.826530612244898,0.826530612244898,6,TIND,1.0,1.0,1,TIND,6,81,107,0.7570093457943925
0506tin2_14-09_crop_00.jpg,6,TIND,7,46,1.0,1.0,6,TIND,1.0,1.0,1,TIND,7,46,58,0.7931034482758621
0506tin2_14-09_crop_00.jpg,6,TIND,8,84,0.7976190476190477,0.7976190476190477,6,TIND,1.0,1.0,1,TIND,9,67,67,1.0
0506tin2_14-09_crop_00.jpg,6,TIND,9,111,0.9099099099099099,0.9099099099099099,6,TIND,1.0,1.0,1,TIND,10,101,109,0.926605504587156
0506tin2_14-09_crop_01.jpg,6,TIND,1,97,0.30927835051546393,0.30927835051546393,6,TIND,1.0,1.0,1,TIND,1,30,31,0.967741935483871
0506tin2_14-10_crop_00.jpg,4,D,1,131,1.0,1.0,4,D,1.0,1.0,1,D,4,131,140,0.9357142857142857
0506tin2_14-10_crop_00.jpg,5,TINB/TINC,1,2123,0.5468676401318888,0.5407442298634009,5,TINB/TINC,0.9888027562446167,0.9888027562446167,1,TINB/TINC,3,839,936,0.8963675213675214
0506tin2_14-10_crop_00.jpg,6,TIND,1,66,0.7272727272727273,0.0,5,TINB/TINC,1.0,0.0,1,TINB/TINC,1,48,55,0.8727272727272727
0506tin2_14-10_crop_00.jpg,6,TIND,2,62,0.0,0.0,0,bg,0.0,0.0,0,,0,0,0,0.0
0506tin2_14-10_crop_00.jpg,6,TIND,3,77,0.0,0.0,0,bg,0.0,0.0,0,,0,0,0,0.0
0506tin2_14-10_crop_00.jpg,6,TIND,4,67,0.6865671641791045,0.014925373134328358,5,TINB/TINC,0.9782608695652174,0.021739130434782608,1,TINB/TINC,5,46,51,0.9019607843137255
0506tin2_14-10_crop_00.jpg,6,TIND,5,30,0.0,0.0,0,bg,0.0,0.0,0,,0,0,0,0.0
0506tin2_14-10_crop_00.jpg,6,TIND,6,46,0.0,0.0,0,bg,0.0,0.0,0,,0,0,0,0.0
0506tin2_14-10_crop_00.jpg,6,TIND,7,242,0.9173553719008265,0.9173553719008265,6,TIND,1.0,1.0,1,TIND,8,222,258,0.8604651162790697
0506tin2_14-10_crop_00.jpg,6,TIND,8,37,0.0,0.0,0,bg,0.0,0.0,0,,0,0,0,0.0
0506tin2_14-10_crop_00.jpg,6,TIND,9,26,0.0,0.0,0,bg,0.0,0.0,0,,0,0,0,0.0
0506tin2_14-10_crop_00.jpg,6,TIND,10,143,0.8531468531468531,0.8531468531468531,6,TIND,1.0,1.0,1,TIND,9,122,129,0.9457364341085271
0506tin2_14-10_crop_00.jpg,6,TIND,11,40,0.0,0.0,0,bg,0.0,0.0,0,,0,0,0,0.0
0506tin2_14-10_crop_00.jpg,6,TIND,12,99,0.6464646464646465,0.0,5,TINB/TINC,1.0,0.0,1,TINB/TINC,10,64,69,0.927536231884058
0506tin2_14-16_crop_00.jpg,5,TINB/TINC,1,21291,0.6575548353764501,0.612653233760744,5,TINB/TINC,0.9317142857142857,0.9317142857142857,2,TINB/TINC|TIND,1,12531,13067,0.9589806382490242
0506tin2_14-16_crop_00.jpg,6,TIND,1,204,0.803921568627451,0.803921568627451,6,TIND,1.0,1.0,1,TIND,2,164,164,1.0
0506tin2_14-16_crop_00.jpg,6,TIND,2,110,0.8545454545454545,0.8545454545454545,6,TIND,1.0,1.0,1,TIND,3,94,94,1.0
0506tin2_14-16_crop_00.jpg,6,TIND,3,120,0.7,0.7,6,TIND,1.0,1.0,1,TIND,4,84,84,1.0
0506tin2_14-16_crop_00.jpg,6,TIND,4,112,0.9642857142857143,0.9642857142857143,6,TIND,1.0,1.0,1,TIND,6,108,118,0.9152542372881356
0506tin2_14-16_crop_00.jpg,6,TIND,5,345,0.8724637681159421,0.8724637681159421,6,TIND,1.0,1.0,1,TIND,8,301,310,0.9709677419354839
0506tin2_14-16_crop_00.jpg,6,TIND,6,451,0.8647450110864745,0.8647450110864745,6,TIND,1.0,1.0,1,TIND,9,390,393,0.9923664122137404
0506tin2_14-16_crop_00.jpg,6,TIND,7,210,0.7333333333333333,0.7333333333333333,6,TIND,1.0,1.0,1,TIND,11,154,154,1.0
0506tin2_14-16_crop_00.jpg,6,TIND,8,79,0.6455696202531646,0.6455696202531646,6,TIND,1.0,1.0,1,TIND,12,51,51,1.0
0506tin2_14-16_crop_00.jpg,6,TIND,9,72,0.9305555555555556,0.0,5,TINB/TINC,1.0,0.0,1,TINB/TINC,13,67,184,0.3641304347826087
0506tin2_14-16_crop_00.jpg,6,TIND,10,66,0.5,0.0,5,TINB/TINC,1.0,0.0,1,TINB/TINC,13,33,184,0.1793478260869565
0506tin2_14-16_crop_00.jpg,6,TIND,11,281,0.6014234875444839,0.6014234875444839,6,TIND,1.0,1.0,1,TIND,15,169,180,0.9388888888888889
0506tin2_14-16_crop_00.jpg,6,TIND,12,74,0.9594594594594594,0.0,5,TINB/TINC,1.0,0.0,1,TINB/TINC,17,71,117,0.6068376068376068
0506tin2_14-16_crop_00.jpg,6,TIND,13,290,0.44482758620689655,0.44482758620689655,6,TIND,1.0,1.0,1,TIND,19,129,130,0.9923076923076923
0506tin2_14-16_crop_00.jpg,6,TIND,14,269,0.8215613382899628,0.8215613382899628,6,TIND,1.0,1.0,1,TIND,20,221,221,1.0
0506tin2_14-16_crop_00.jpg,6,TIND,15,40,0.0,0.0,0,bg,0.0,0.0,0,,0,0,0,0.0
0506tin2_14-16_crop_00.jpg,6,TIND,16,104,0.07692307692307693,0.07692307692307693,6,TIND,1.0,1.0,1,TIND,21,8,8,1.0
0506tin2_14-16_crop_00.jpg,6,TIND,17,202,0.7821782178217822,0.7821782178217822,6,TIND,1.0,1.0,1,TIND,23,158,158,1.0
0506tin2_14-16_crop_00.jpg,6,TIND,18,438,0.8378995433789954,0.8378995433789954,6,TIND,1.0,1.0,1,TIND,22,367,371,0.9892183288409704
0506tin2_14-16_crop_00.jpg,6,TIND,19,50,0.14,0.14,6,TIND,1.0,1.0,1,TIND,24,7,7,1.0
0506tin2_14-16_crop_00.jpg,6,TIND,20,53,0.22641509433962265,0.22641509433962265,6,TIND,1.0,1.0,1,TIND,25,12,12,1.0
0506tin2_14-16_crop_00.jpg,6,TIND,21,673,0.8528974739970282,0.8528974739970282,6,TIND,1.0,1.0,1,TIND,26,574,574,1.0
0506tin2_14-16_crop_00.jpg,6,TIND,22,112,0.6428571428571429,0.6428571428571429,6,TIND,1.0,1.0,1,TIND,27,72,72,1.0
0506tin2_14-16_crop_00.jpg,6,TIND,23,298,0.8355704697986577,0.8355704697986577,6,TIND,1.0,1.0,1,TIND,28,249,249,1.0
0506tin2_14-16_crop_00.jpg,6,TIND,24,102,0.27450980392156865,0.27450980392156865,6,TIND,1.0,1.0,1,TIND,29,28,28,1.0
0506tin2_14-16_crop_00.jpg,6,TIND,25,193,0.8290155440414507,0.8290155440414507,6,TIND,1.0,1.0,1,TIND,30,160,160,1.0
0506tin2_14-16_crop_00.jpg,6,TIND,26,93,0.6559139784946236,0.0,5,TINB/TINC,1.0,0.0,1,TINB/TINC,31,61,98,0.6224489795918368
0506tin2_14-16_crop_00.jpg,6,TIND,27,29,0.0,0.0,0,bg,0.0,0.0,0,,0,0,0,0.0
0506tin2_14-16_crop_02.jpg,5,TINB/TINC,1,1398,0.18741058655221746,0.0,6,TIND,1.0,0.0,1,TIND,5,138,138,1.0
0506tin2_14-16_crop_02.jpg,6,TIND,1,193,0.8911917098445595,0.8911917098445595,6,TIND,1.0,1.0,1,TIND,1,172,173,0.9942196531791907
0506tin2_14-16_crop_02.jpg,6,TIND,2,29,0.0,0.0,0,bg,0.0,0.0,0,,0,0,0,0.0
0506tin2_14-16_crop_02.jpg,6,TIND,3,42,0.0,0.0,0,bg,0.0,0.0,0,,0,0,0,0.0
0506tin2_14-16_crop_02.jpg,6,TIND,4,168,0.7261904761904762,0.7261904761904762,6,TIND,1.0,1.0,1,TIND,2,122,128,0.953125
0506tin2_14-16_crop_02.jpg,6,TIND,5,252,0.5158730158730159,0.5158730158730159,6,TIND,1.0,1.0,1,TIND,3,130,133,0.9774436090225563
0506tin2_14-16_crop_02.jpg,6,TIND,6,173,0.8554913294797688,0.8554913294797688,6,TIND,1.0,1.0,1,TIND,6,148,151,0.9801324503311258
0506tin2_14-16_crop_03.jpg,6,TIND,1,175,0.9257142857142857,0.9257142857142857,6,TIND,1.0,1.0,1,TIND,1,162,169,0.9585798816568047
0506tin2_14-16_crop_03.jpg,6,TIND,2,165,0.9333333333333333,0.9333333333333333,6,TIND,1.0,1.0,1,TIND,2,154,174,0.8850574712643678
0506tin2_15-02_crop_01.jpg,5,TINB/TINC,1,309,0.8996763754045307,0.8996763754045307,5,TINB/TINC,1.0,1.0,1,TINB/TINC,1,278,328,0.8475609756097561
0506tin2_15-02_crop_01.jpg,5,TINB/TINC,2,771,0.9325551232166018,0.9325551232166018,5,TINB/TINC,1.0,1.0,1,TINB/TINC,2,719,860,0.836046511627907
0506tin2_15-02_crop_01.jpg,5,TINB/TINC,3,4814,0.58911508101371,0.5201495637723307,5,TINB/TINC,0.8829337094499294,0.8829337094499294,2,TINB/TINC|TIND,9,2443,2559,0.9546697928878468
0506tin2_15-02_crop_01.jpg,5,TINB/TINC,4,585,0.0,0.0,0,bg,0.0,0.0,0,,0,0,0,0.0
0506tin2_15-02_crop_01.jpg,5,TINB/TINC,5,771,0.767833981841764,0.767833981841764,5,TINB/TINC,1.0,1.0,1,TINB/TINC,11,592,608,0.9736842105263158
0506tin2_15-02_crop_01.jpg,6,TIND,1,173,0.9190751445086706,0.9190751445086706,6,TIND,1.0,1.0,1,TIND,4,159,166,0.9578313253012049
0506tin2_15-02_crop_01.jpg,6,TIND,2,43,0.7209302325581395,0.7209302325581395,6,TIND,1.0,1.0,1,TIND,5,31,32,0.96875
0506tin2_15-02_crop_01.jpg,6,TIND,3,59,0.864406779661017,0.864406779661017,6,TIND,1.0,1.0,1,TIND,10,51,65,0.7846153846153846
0506tin2_15-02_crop_01.jpg,6,TIND,4,43,0.0,0.0,0,bg,0.0,0.0,0,,0,0,0,0.0
0506tin2_15-04_crop_01.jpg,4,D,1,78,0.0,0.0,0,bg,0.0,0.0,0,,0,0,0,0.0
0506tin2_15-04_crop_01.jpg,5,TINB/TINC,1,828,0.8840579710144928,0.8840579710144928,5,TINB/TINC,1.0,1.0,1,TINB/TINC,2,732,1095,0.6684931506849315
0506tin2_15-04_crop_01.jpg,6,TIND,1,130,0.9,0.8692307692307693,6,TIND,0.9658119658119658,0.9658119658119658,1,TIND,1,117,155,0.7548387096774194
0506tin2_15-04_crop_01.jpg,6,TIND,2,31,0.2903225806451613,0.2903225806451613,6,TIND,1.0,1.0,1,TIND,1,9,155,0.05806451612903226
0506tin2_15-04_crop_01.jpg,6,TIND,3,30,0.0,0.0,0,bg,0.0,0.0,0,,0,0,0,0.0
0506tin2_15-04_crop_01.jpg,6,TIND,4,31,0.0,0.0,0,bg,0.0,0.0,0,,0,0,0,0.0
0506tin2_15-04_crop_01.jpg,6,TIND,5,62,0.9032258064516129,0.9032258064516129,6,TIND,1.0,1.0,1,TIND,3,56,58,0.9655172413793104
0506tin2_15-04_crop_01.jpg,6,TIND,6,50,0.0,0.0,0,bg,0.0,0.0,0,,0,0,0,0.0
0506tin2_15-04_crop_02.jpg,4,D,1,96,0.3645833333333333,0.3645833333333333,4,D,1.0,1.0,1,D,3,35,35,1.0
0506tin2_15-04_crop_02.jpg,4,D,2,98,0.9285714285714286,0.9285714285714286,4,D,1.0,1.0,1,D,4,91,95,0.9578947368421052
0506tin2_15-04_crop_02.jpg,6,TIND,1,140,0.8571428571428571,0.8571428571428571,6,TIND,1.0,1.0,1,TIND,1,120,121,0.9917355371900827
0506tin2_15-04_crop_02.jpg,6,TIND,2,92,0.8260869565217391,0.8260869565217391,6,TIND,1.0,1.0,1,TIND,2,76,77,0.987012987012987
0506tin2_15-12_crop_00.jpg,6,TIND,1,130,0.8846153846153846,0.8846153846153846,6,TIND,1.0,1.0,1,TIND,1,115,128,0.8984375
0506tin2_15-12_crop_00.jpg,6,TIND,2,22,0.0,0.0,0,bg,0.0,0.0,0,,0,0,0,0.0
0506tin2_15-12_crop_00.jpg,6,TIND,3,204,0.9411764705882353,0.9411764705882353,6,TIND,1.0,1.0,1,TIND,2,192,222,0.8648648648648649
0506tin2_15-12_crop_00.jpg,6,TIND,4,201,0.7412935323383084,0.7412935323383084,6,TIND,1.0,1.0,1,TIND,3,149,150,0.9933333333333333
0506tin2_15-12_crop_00.jpg,6,TIND,5,55,0.7090909090909091,0.7090909090909091,6,TIND,1.0,1.0,1,TIND,4,39,50,0.78
0506tin2_15-12_crop_00.jpg,6,TIND,6,118,0.8813559322033898,0.8813559322033898,6,TIND,1.0,1.0,1,TIND,5,104,109,0.9541284403669725
0506tin2_15-12_crop_00.jpg,6,TIND,7,192,0.8697916666666666,0.8697916666666666,6,TIND,1.0,1.0,1,TIND,6,167,181,0.9226519337016574
0506tin2_15-12_crop_00.jpg,6,TIND,8,156,0.8397435897435898,0.0,5,TINB/TINC,1.0,0.0,1,TINB/TINC,7,131,335,0.39104477611940297
0506tin2_15-12_crop_00.jpg,6,TIND,9,113,0.8584070796460177,0.8584070796460177,6,TIND,1.0,1.0,1,TIND,8,97,105,0.9238095238095239
0506tin2_15-12_crop_00.jpg,6,TIND,10,103,0.941747572815534,0.941747572815534,6,TIND,1.0,1.0,1,TIND,9,97,104,0.9326923076923077
0506tin2_15-12_crop_00.jpg,6,TIND,11,162,0.9259259259259259,0.9259259259259259,6,TIND,1.0,1.0,1,TIND,10,150,156,0.9615384615384616
0506tin2_15-12_crop_00.jpg,6,TIND,12,80,0.9875,0.0,5,TINB/TINC,1.0,0.0,1,TINB/TINC,11,79,243,0.32510288065843623
0506tin2_15-12_crop_00.jpg,6,TIND,13,43,0.0,0.0,0,bg,0.0,0.0,0,,0,0,0,0.0
0506tin2_15-12_crop_00.jpg,6,TIND,14,49,0.8163265306122449,0.8163265306122449,6,TIND,1.0,1.0,1,TIND,12,40,41,0.975609756097561
0506tin2_15-12_crop_00.jpg,6,TIND,15,53,0.6792452830188679,0.0,5,TINB/TINC,1.0,0.0,1,TINB/TINC,13,36,238,0.15126050420168066
0506tin2_15-12_crop_00.jpg,6,TIND,16,81,0.9382716049382716,0.0,5,TINB/TINC,1.0,0.0,1,TINB/TINC,13,76,238,0.31932773109243695
0506tin2_15-12_crop_00.jpg,6,TIND,17,28,0.32142857142857145,0.0,5,TINB/TINC,1.0,0.0,1,TINB/TINC,13,9,238,0.037815126050420166
0506tin2_15-12_crop_00.jpg,6,TIND,18,126,0.8571428571428571,0.8571428571428571,6,TIND,1.0,1.0,1,TIND,14,108,122,0.8852459016393442
0506tin2_15-12_crop_00.jpg,6,TIND,19,59,0.0,0.0,0,bg,0.0,0.0,0,,0,0,0,0.0
0506tin2_15-12_crop_00.jpg,6,TIND,20,29,0.06896551724137931,0.0,5,TINB/TINC,1.0,0.0,1,TINB/TINC,15,2,17,0.11764705882352941
0506tin2_15-12_crop_00.jpg,6,TIND,21,91,0.967032967032967,0.967032967032967,6,TIND,1.0,1.0,1,TIND,16,88,100,0.88
0506tin2_15-12_crop_00.jpg,6,TIND,22,943,0.8186638388123012,0.8186638388123012,6,TIND,1.0,1.0,1,TIND,17,772,848,0.910377358490566
0506tin2_15-12_crop_00.jpg,6,TIND,23,44,0.75,0.75,6,TIND,1.0,1.0,1,TIND,17,33,848,0.03891509433962264
0506tin2_15-12_crop_01.jpg,6,TIND,1,202,0.8465346534653465,0.6089108910891089,6,TIND,0.7192982456140351,0.7192982456140351,2,TINB/TINC|TIND,1,171,222,0.7702702702702703
0506tin2_15-12_crop_01.jpg,6,TIND,2,142,0.9295774647887324,0.9295774647887324,6,TIND,1.0,1.0,1,TIND,2,132,140,0.9428571428571428
0506tin2_15-12_crop_01.jpg,6,TIND,3,72,1.0,0.0,5,TINB/TINC,1.0,0.0,1,TINB/TINC,3,72,586,0.12286689419795221
0506tin2_15-12_crop_01.jpg,6,TIND,4,27,1.0,0.0,5,TINB/TINC,1.0,0.0,1,TINB/TINC,3,27,586,0.04607508532423208
0506tin2_15-12_crop_01.jpg,6,TIND,5,98,0.8877551020408163,0.8877551020408163,6,TIND,1.0,1.0,1,TIND,4,87,90,0.9666666666666667
0506tin2_15-12_crop_01.jpg,6,TIND,6,182,1.0,0.0,5,TINB/TINC,1.0,0.0,1,TINB/TINC,3,182,586,0.310580204778157
0506tin2_15-12_crop_01.jpg,6,TIND,7,103,0.9514563106796117,0.9514563106796117,6,TIND,1.0,1.0,1,TIND,5,98,106,0.9245283018867925
0506tin2_15-16_crop_00.jpg,6,TIND,1,266,0.5037593984962406,0.5037593984962406,6,TIND,1.0,1.0,1,TIND,1,134,158,0.8481012658227848
0506tin2_15-16_crop_00.jpg,6,TIND,2,169,0.08284023668639054,0.08284023668639054,6,TIND,1.0,1.0,1,TIND,2,14,14,1.0
0506tin2_15-16_crop_00.jpg,6,TIND,3,225,0.9288888888888889,0.9288888888888889,6,TIND,1.0,1.0,1,TIND,3,209,230,0.908695652173913
0506tin2_15-16_crop_00.jpg,6,TIND,4,57,0.8596491228070176,0.0,5,TINB/TINC,1.0,0.0,1,TINB/TINC,4,49,67,0.7313432835820896
0506tin2_15-16_crop_00.jpg,6,TIND,5,186,0.946236559139785,0.946236559139785,6,TIND,1.0,1.0,1,TIND,5,176,180,0.9777777777777777
0506tin2_15-16_crop_00.jpg,6,TIND,6,153,0.8888888888888888,0.8888888888888888,6,TIND,1.0,1.0,1,TIND,6,136,137,0.9927007299270073
0506tin2_15-16_crop_00.jpg,6,TIND,7,97,0.9587628865979382,0.9587628865979382,6,TIND,1.0,1.0,1,TIND,7,93,101,0.9207920792079208
0506tin2_15-16_crop_00.jpg,6,TIND,8,51,0.9215686274509803,0.9215686274509803,6,TIND,1.0,1.0,1,TIND,8,47,65,0.7230769230769231
0506tin2_15-16_crop_00.jpg,6,TIND,9,227,0.9383259911894273,0.9383259911894273,6,TIND,1.0,1.0,1,TIND,9,213,248,0.8588709677419355
0506tin2_15-16_crop_00.jpg,6,TIND,10,97,0.8041237113402062,0.8041237113402062,6,TIND,1.0,1.0,1,TIND,10,78,93,0.8387096774193549
0506tin2_15-16_crop_00.jpg,6,TIND,11,42,0.0,0.0,0,bg,0.0,0.0,0,,0,0,0,0.0
0506tin2_15-16_crop_00.jpg,6,TIND,12,127,0.5669291338582677,0.5669291338582677,6,TIND,1.0,1.0,1,TIND,11,72,82,0.8780487804878049
0506tin2_15-16_crop_00.jpg,6,TIND,13,47,0.8936170212765957,0.8936170212765957,6,TIND,1.0,1.0,1,TIND,12,42,44,0.9545454545454546
0506tin2_15-16_crop_00.jpg,6,TIND,14,157,0.9554140127388535,0.9554140127388535,6,TIND,1.0,1.0,1,TIND,13,150,161,0.9316770186335404
0506tin2_15-16_crop_02.jpg,6,TIND,1,192,0.84375,0.84375,6,TIND,1.0,1.0,1,TIND,1,162,195,0.8307692307692308
0506tin2_15-16_crop_02.jpg,6,TIND,2,81,0.9259259259259259,0.9259259259259259,6,TIND,1.0,1.0,1,TIND,2,75,82,0.9146341463414634
0506tin2_15-20_crop_00.jpg,5,TINB/TINC,1,1223,0.5584627964022895,0.45952575633687653,5,TINB/TINC,0.8228404099560761,0.8228404099560761,2,TINB/TINC|TIND,2,644,674,0.9554896142433235
0506tin2_15-20_crop_00.jpg,6,TIND,1,110,0.0,0.0,0,bg,0.0,0.0,0,,0,0,0,0.0
0506tin2_15-20_crop_00.jpg,6,TIND,2,203,0.9408866995073891,0.9408866995073891,6,TIND,1.0,1.0,1,TIND,3,191,196,0.9744897959183674
0506tin2_15-20_crop_00.jpg,6,TIND,3,62,0.8870967741935484,0.8870967741935484,6,TIND,1.0,1.0,1,TIND,4,55,58,0.9482758620689655
0506tin2_15-20_crop_00.jpg,6,TIND,4,136,0.9632352941176471,0.0,5,TINB/TINC,1.0,0.0,1,TINB/TINC,5,131,236,0.5550847457627118
0506tin2_15-20_crop_00.jpg,6,TIND,5,62,0.9516129032258065,0.0,5,TINB/TINC,1.0,0.0,1,TINB/TINC,6,59,188,0.31382978723404253
0506tin2_15-20_crop_00.jpg,6,TIND,6,35,0.7714285714285715,0.14285714285714285,5,TINB/TINC,0.8148148148148148,0.18518518518518517,2,TINB/TINC|TIND,6,27,188,0.14361702127659576
0506tin2_15-20_crop_00.jpg,6,TIND,7,23,0.8695652173913043,0.8695652173913043,6,TIND,1.0,1.0,1,TIND,7,20,32,0.625
0506tin2_15-20_crop_00.jpg,6,TIND,8,104,0.8557692307692307,0.8557692307692307,6,TIND,1.0,1.0,1,TIND,8,89,272,0.3272058823529412
0506tin2_15-20_crop_00.jpg,6,TIND,9,116,0.853448275862069,0.853448275862069,6,TIND,1.0,1.0,1,TIND,8,99,272,0.3639705882352941
0506tin2_15-20_crop_00.jpg,6,TIND,10,91,0.978021978021978,0.978021978021978,6,TIND,1.0,1.0,1,TIND,9,89,100,0.89
0506tin2_15-20_crop_00.jpg,6,TIND,11,137,0.15328467153284672,0.15328467153284672,6,TIND,1.0,1.0,1,TIND,10,21,21,1.0
0506tin2_15-20_crop_00.jpg,6,TIND,12,267,0.797752808988764,0.797752808988764,6,TIND,1.0,1.0,1,TIND,12,213,213,1.0
0506tin2_15-20_crop_00.jpg,6,TIND,13,40,0.0,0.0,0,bg,0.0,0.0,0,,0,0,0,0.0
0506tin2_15-20_crop_00.jpg,6,TIND,14,86,0.9418604651162791,0.9418604651162791,6,TIND,1.0,1.0,1,TIND,13,81,110,0.7363636363636363
0506tin2_15-20_crop_00.jpg,6,TIND,15,66,0.6363636363636364,0.6363636363636364,6,TIND,1.0,1.0,1,TIND,14,42,43,0.9767441860465116
0506tin2_15-20_crop_00.jpg,6,TIND,16,105,0.780952380952381,0.780952380952381,6,TIND,1.0,1.0,1,TIND,15,82,92,0.8913043478260869
0506tin2_15-20_crop_00.jpg,6,TIND,17,61,0.9836065573770492,0.9836065573770492,6,TIND,1.0,1.0,1,TIND,16,60,86,0.6976744186046512
0506tin2_15-20_crop_00.jpg,6,TIND,18,32,0.0625,0.0625,6,TIND,1.0,1.0,1,TIND,16,2,86,0.023255813953488372
0528_1-10_crop_00.jpg,3,C,1,33,0.0,0.0,0,bg,0.0,0.0,0,,0,0,0,0.0
0528_1-10_crop_00.jpg,3,C,2,84,0.8095238095238095,0.0,1,A,1.0,0.0,1,A,1,68,73,0.9315068493150684
0528_1-10_crop_00.jpg,3,C,3,59,0.9661016949152542,0.0,1,A,1.0,0.0,1,A,2,57,93,0.6129032258064516
0528_1-10_crop_00.jpg,3,C,4,50,0.08,0.0,1,A,1.0,0.0,1,A,2,4,93,0.043010752688172046
0528_1-10_crop_00.jpg,3,C,5,181,0.9613259668508287,0.9613259668508287,3,C,1.0,1.0,1,C,6,174,207,0.8405797101449275
0528_1-10_crop_00.jpg,4,D,1,116,0.0,0.0,0,bg,0.0,0.0,0,,0,0,0,0.0
0528_1-10_crop_00.jpg,4,D,2,118,0.0,0.0,0,bg,0.0,0.0,0,,0,0,0,0.0
0528_1-10_crop_00.jpg,4,D,3,49,0.0,0.0,0,bg,0.0,0.0,0,,0,0,0,0.0
0528_1-10_crop_00.jpg,4,D,4,87,0.0,0.0,0,bg,0.0,0.0,0,,0,0,0,0.0
0528_1-10_crop_00.jpg,4,D,5,69,0.0,0.0,0,bg,0.0,0.0,0,,0,0,0,0.0
0528_1-10_crop_00.jpg,4,D,6,42,0.0,0.0,0,bg,0.0,0.0,0,,0,0,0,0.0
0528_1-10_crop_00.jpg,4,D,7,108,0.9259259259259259,0.9259259259259259,4,D,1.0,1.0,1,D,4,100,100,1.0
0528_1-10_crop_00.jpg,4,D,8,107,0.0,0.0,0,bg,0.0,0.0,0,,0,0,0,0.0
0528_1-10_crop_00.jpg,4,D,9,67,0.9402985074626866,0.9402985074626866,4,D,1.0,1.0,1,D,5,63,69,0.9130434782608695
0528_1-10_crop_00.jpg,4,D,10,86,0.36046511627906974,0.36046511627906974,4,D,1.0,1.0,1,D,7,31,31,1.0
0528_1-10_crop_00.jpg,4,D,11,62,1.0,1.0,4,D,1.0,1.0,1,D,8,62,66,0.9393939393939394
0528_1-10_crop_00.jpg,4,D,12,64,0.984375,0.984375,4,D,1.0,1.0,1,D,10,63,63,1.0
0528_1-10_crop_00.jpg,4,D,13,81,0.0,0.0,0,bg,0.0,0.0,0,,0,0,0,0.0
0528_1-10_crop_00.jpg,4,D,14,72,0.7777777777777778,0.7777777777777778,4,D,1.0,1.0,1,D,11,56,57,0.9824561403508771
0528_1-10_crop_00.jpg,4,D,15,153,0.0,0.0,0,bg,0.0,0.0,0,,0,0,0,0.0
0528_1-10_crop_00.jpg,4,D,16,64,0.203125,0.203125,4,D,1.0,1.0,1,D,12,13,13,1.0
0528_1-10_crop_00.jpg,4,D,17,43,0.0,0.0,0,bg,0.0,0.0,0,,0,0,0,0.0
0528_1-12_crop_00.jpg,1,A,1,1126,0.9218472468916519,0.9218472468916519,1,A,1.0,1.0,1,A,3,1038,1210,0.8578512396694215
0528_1-12_crop_00.jpg,1,A,2,577,0.9549393414211439,0.9549393414211439,1,A,1.0,1.0,1,A,7,551,644,0.8555900621118012
0528_1-12_crop_00.jpg,4,D,1,66,0.9696969696969697,0.9696969696969697,4,D,1.0,1.0,1,D,1,64,64,1.0
0528_1-12_crop_00.jpg,4,D,2,49,0.0,0.0,0,bg,0.0,0.0,0,,0,0,0,0.0
0528_1-12_crop_00.jpg,4,D,3,69,0.8695652173913043,0.8695652173913043,4,D,1.0,1.0,1,D,2,60,62,0.967741935483871
0528_1-12_crop_00.jpg,4,D,4,64,0.671875,0.671875,4,D,1.0,1.0,1,D,4,43,43,1.0
0528_1-12_crop_00.jpg,4,D,5,97,0.0,0.0,0,bg,0.0,0.0,0,,0,0,0,0.0
0528_1-12_crop_00.jpg,4,D,6,69,0.9855072463768116,0.9855072463768116,4,D,1.0,1.0,1,D,5,68,79,0.8607594936708861
0528_1-12_crop_00.jpg,4,D,7,81,0.0,0.0,0,bg,0.0,0.0,0,,0,0,0,0.0
0528_1-12_crop_00.jpg,4,D,8,81,0.0,0.0,0,bg,0.0,0.0,0,,0,0,0,0.0
0528_1-12_crop_00.jpg,4,D,9,86,0.27906976744186046,0.27906976744186046,4,D,1.0,1.0,1,D,8,24,24,1.0
0528_1-12_crop_00.jpg,4,D,10,102,0.0,0.0,0,bg,0.0,0.0,0,,0,0,0,0.0
0528_1-12_crop_00.jpg,4,D,11,67,0.0,0.0,0,bg,0.0,0.0,0,,0,0,0,0.0
0528_1-12_crop_00.jpg,4,D,12,84,0.5357142857142857,0.5357142857142857,4,D,1.0,1.0,1,D,9,45,46,0.9782608695652174
0528_1-12_crop_00.jpg,4,D,13,75,0.7466666666666667,0.7466666666666667,4,D,1.0,1.0,1,D,10,56,56,1.0
0528_1-15_crop_00.jpg,1,A,1,429,0.8484848484848485,0.8484848484848485,1,A,1.0,1.0,1,A,2,364,496,0.7338709677419355
0528_1-15_crop_00.jpg,1,A,2,306,0.9183006535947712,0.9183006535947712,1,A,1.0,1.0,1,A,8,281,369,0.7615176151761518
0528_1-15_crop_00.jpg,1,A,3,301,0.920265780730897,0.920265780730897,1,A,1.0,1.0,1,A,10,277,295,0.9389830508474576
0528_1-15_crop_00.jpg,3,C,1,115,0.9478260869565217,0.9478260869565217,3,C,1.0,1.0,1,C,7,109,138,0.7898550724637681
0528_1-15_crop_00.jpg,4,D,1,52,0.0,0.0,0,bg,0.0,0.0,0,,0,0,0,0.0
0528_1-15_crop_00.jpg,4,D,2,91,0.8351648351648352,0.8351648351648352,4,D,1.0,1.0,1,D,3,76,78,0.9743589743589743
0528_1-15_crop_00.jpg,4,D,3,119,0.0,0.0,0,bg,0.0,0.0,0,,0,0,0,0.0
0528_1-15_crop_00.jpg,4,D,4,85,0.7058823529411765,0.7058823529411765,4,D,1.0,1.0,1,D,4,60,60,1.0
0528_1-15_crop_00.jpg,4,D,5,49,0.0,0.0,0,bg,0.0,0.0,0,,0,0,0,0.0
0528_1-15_crop_00.jpg,4,D,6,61,0.7540983606557377,0.7540983606557377,4,D,1.0,1.0,1,D,5,46,46,1.0
0528_1-15_crop_00.jpg,4,D,7,41,0.0,0.0,0,bg,0.0,0.0,0,,0,0,0,0.0
0528_1-15_crop_00.jpg,4,D,8,58,0.7586206896551724,0.7586206896551724,4,D,1.0,1.0,1,D,6,44,44,1.0
0528_1-15_crop_00.jpg,4,D,9,74,0.6621621621621622,0.6621621621621622,4,D,1.0,1.0,1,D,9,49,49,1.0
0528_1-15_crop_02.jpg,1,A,1,530,0.9679245283018868,0.9679245283018868,1,A,1.0,1.0,1,A,3,513,600,0.855
0528_1-15_crop_02.jpg,1,A,2,105,0.9809523809523809,0.9809523809523809,1,A,1.0,1.0,1,A,4,103,142,0.7253521126760564
0528_1-15_crop_02.jpg,3,C,1,121,0.8925619834710744,0.8925619834710744,3,C,1.0,1.0,1,C,1,108,130,0.8307692307692308
0528_1-15_crop_02.jpg,4,D,1,99,0.8484848484848485,0.8484848484848485,4,D,1.0,1.0,1,D,2,84,85,0.9882352941176471
0528_1-17_crop_01.jpg,4,D,1,75,0.8266666666666667,0.8266666666666667,4,D,1.0,1.0,1,D,1,62,63,0.9841269841269841
0528_1-17_crop_01.jpg,4,D,2,57,0.0,0.0,0,bg,0.0,0.0,0,,0,0,0,0.0
0528_1-17_crop_01.jpg,4,D,3,102,0.0,0.0,0,bg,0.0,0.0,0,,0,0,0,0.0
0528_1-17_crop_01.jpg,4,D,4,62,0.0,0.0,0,bg,0.0,0.0,0,,0,0,0,0.0
0528_1-17_crop_01.jpg,4,D,5,41,0.0,0.0,0,bg,0.0,0.0,0,,0,0,0,0.0
0528_1-17_crop_01.jpg,4,D,6,64,0.0,0.0,0,bg,0.0,0.0,0,,0,0,0,0.0
0528_1-17_crop_01.jpg,4,D,7,80,0.6375,0.6375,4,D,1.0,1.0,1,D,2,51,51,1.0
0528_1-18_crop_01.jpg,1,A,1,510,0.8745098039215686,0.8745098039215686,1,A,1.0,1.0,1,A,1,446,496,0.8991935483870968
0528_1-19_crop_00.jpg,1,A,1,1700,0.9382352941176471,0.9382352941176471,1,A,1.0,1.0,1,A,3,1595,1738,0.9177215189873418
0528_1-19_crop_00.jpg,1,A,2,921,0.8990228013029316,0.8990228013029316,1,A,1.0,1.0,1,A,6,828,884,0.9366515837104072
0528_1-19_crop_00.jpg,1,A,3,159,0.9308176100628931,0.9308176100628931,1,A,1.0,1.0,1,A,7,148,191,0.774869109947644
0528_1-19_crop_00.jpg,1,A,4,149,0.9798657718120806,0.9798657718120806,1,A,1.0,1.0,1,A,8,146,196,0.7448979591836735
0528_1-19_crop_00.jpg,1,A,5,974,0.9774127310061602,0.9774127310061602,1,A,1.0,1.0,1,A,10,952,1137,0.8372911169744943
0528_1-19_crop_00.jpg,4,D,1,51,0.9607843137254902,0.9607843137254902,4,D,1.0,1.0,1,D,1,49,53,0.9245283018867925
0528_1-19_crop_00.jpg,4,D,2,84,0.9047619047619048,0.9047619047619048,4,D,1.0,1.0,1,D,2,76,76,1.0
0528_1-19_crop_00.jpg,4,D,3,81,0.9506172839506173,0.9506172839506173,4,D,1.0,1.0,1,D,4,77,82,0.9390243902439024
0528_1-19_crop_00.jpg,4,D,4,76,0.0,0.0,0,bg,0.0,0.0,0,,0,0,0,0.0
0528_1-19_crop_00.jpg,4,D,5,72,0.0,0.0,0,bg,0.0,0.0,0,,0,0,0,0.0
0528_1-21_crop_01.jpg,1,A,1,302,0.8278145695364238,0.8278145695364238,1,A,1.0,1.0,1,A,1,250,370,0.6756756756756757
0528_1-21_crop_01.jpg,4,D,1,88,0.8068181818181818,0.8068181818181818,4,D,1.0,1.0,1,D,2,71,71,1.0
0528_1-21_crop_02.jpg,4,D,1,67,0.8955223880597015,0.8955223880597015,4,D,1.0,1.0,1,D,1,60,60,1.0
0528_1-21_crop_02.jpg,4,D,2,49,0.9795918367346939,0.9795918367346939,4,D,1.0,1.0,1,D,2,48,54,0.8888888888888888
0528_1-26_crop_00.jpg,1,A,1,1001,0.926073926073926,0.926073926073926,1,A,1.0,1.0,1,A,1,927,994,0.9325955734406438
0528_1-26_crop_00.jpg,1,A,2,217,0.9631336405529954,0.9631336405529954,1,A,1.0,1.0,1,A,6,209,277,0.7545126353790613
0528_1-26_crop_00.jpg,3,C,1,249,0.7108433734939759,0.37349397590361444,3,C,0.5254237288135594,0.5254237288135594,2,A|C,3,177,177,1.0
0528_1-26_crop_00.jpg,3,C,2,85,0.8588235294117647,0.8588235294117647,3,C,1.0,1.0,1,C,5,73,77,0.948051948051948
0528_1-32_crop_00.jpg,1,A,1,146,0.9315068493150684,0.9315068493150684,1,A,1.0,1.0,1,A,1,136,241,0.5643153526970954
0528_1-32_crop_00.jpg,1,A,2,269,0.9182156133828996,0.9182156133828996,1,A,1.0,1.0,1,A,4,247,335,0.7373134328358208
0528_1-32_crop_00.jpg,1,A,3,301,0.6312292358803987,0.6312292358803987,1,A,1.0,1.0,1,A,5,190,220,0.8636363636363636
0528_1-32_crop_00.jpg,1,A,4,149,0.8993288590604027,0.8993288590604027,1,A,1.0,1.0,1,A,12,134,162,0.8271604938271605
0528_1-32_crop_00.jpg,3,C,1,482,0.921161825726141,0.921161825726141,3,C,1.0,1.0,1,C,10,444,539,0.8237476808905381
0528_1-32_crop_00.jpg,3,C,2,266,0.9586466165413534,0.9586466165413534,3,C,1.0,1.0,1,C,14,255,323,0.7894736842105263
0528_1-3_crop_01.jpg,1,A,1,1257,0.9156722354813047,0.9156722354813047,1,A,1.0,1.0,1,A,1,1151,1174,0.9804088586030665
0528_1-3_crop_01.jpg,3,C,1,158,0.9367088607594937,0.9367088607594937,3,C,1.0,1.0,1,C,2,148,164,0.9024390243902439
0528_1-4_crop_01.jpg,1,A,1,184,0.9456521739130435,0.9456521739130435,1,A,1.0,1.0,1,A,3,174,199,0.8743718592964824
0528_1-4_crop_01.jpg,1,A,2,430,0.8744186046511628,0.8744186046511628,1,A,1.0,1.0,1,A,4,376,387,0.9715762273901809
0528_1-4_crop_01.jpg,1,A,3,490,0.9734693877551021,0.9734693877551021,1,A,1.0,1.0,1,A,5,477,494,0.9655870445344129
0528_1-4_crop_01.jpg,1,A,4,143,0.0,0.0,0,bg,0.0,0.0,0,,0,0,0,0.0
0528_1-4_crop_01.jpg,4,D,1,116,0.0,0.0,0,bg,0.0,0.0,0,,0,0,0,0.0
0528_1-4_crop_01.jpg,4,D,2,78,0.0,0.0,0,bg,0.0,0.0,0,,0,0,0,0.0
0528_1-4_crop_01.jpg,4,D,3,85,0.9764705882352941,0.9764705882352941,4,D,1.0,1.0,1,D,7,83,84,0.9880952380952381
0528_1-4_crop_01.jpg,4,D,4,80,0.8625,0.8625,4,D,1.0,1.0,1,D,8,69,69,1.0
0528_1-4_crop_01.jpg,4,D,5,127,0.7007874015748031,0.7007874015748031,4,D,1.0,1.0,1,D,9,89,89,1.0
0528_1-6_crop_01.jpg,1,A,1,299,0.8929765886287625,0.8929765886287625,1,A,1.0,1.0,1,A,4,267,267,1.0
0528_1-6_crop_01.jpg,3,C,1,245,0.9428571428571428,0.9428571428571428,3,C,1.0,1.0,1,C,6,231,270,0.8555555555555555
0528_1-6_crop_01.jpg,4,D,1,81,0.9382716049382716,0.9382716049382716,4,D,1.0,1.0,1,D,1,76,77,0.987012987012987
0528_1-6_crop_01.jpg,4,D,2,54,0.16666666666666666,0.16666666666666666,4,D,1.0,1.0,1,D,2,9,9,1.0
0528_1-6_crop_01.jpg,4,D,3,81,0.9259259259259259,0.9259259259259259,4,D,1.0,1.0,1,D,5,75,75,1.0
0528_1-7_crop_00.jpg,3,C,1,196,0.9795918367346939,0.9795918367346939,3,C,1.0,1.0,1,C,1,192,219,0.8767123287671232
0528_1-7_crop_00.jpg,4,D,1,50,0.0,0.0,0,bg,0.0,0.0,0,,0,0,0,0.0
0528_1-7_crop_00.jpg,4,D,2,64,0.0,0.0,0,bg,0.0,0.0,0,,0,0,0,0.0
0528_1-7_crop_00.jpg,4,D,3,197,0.0,0.0,0,bg,0.0,0.0,0,,0,0,0,0.0
0528_2-10_crop_01.jpg,3,C,1,147,0.8639455782312925,0.8639455782312925,3,C,1.0,1.0,1,C,1,127,135,0.9407407407407408
0528_2-10_crop_01.jpg,4,D,1,216,0.9027777777777778,0.9027777777777778,4,D,1.0,1.0,1,D,3,195,205,0.9512195121951219
0528_2-13_crop_00.jpg,1,A,1,473,0.945031712473573,0.945031712473573,1,A,1.0,1.0,1,A,1,447,498,0.8975903614457831
0528_2-13_crop_00.jpg,1,A,2,235,0.8680851063829788,0.8680851063829788,1,A,1.0,1.0,1,A,2,204,214,0.9532710280373832
0528_2-13_crop_00.jpg,1,A,3,139,0.0,0.0,0,bg,0.0,0.0,0,,0,0,0,0.0
0528_2-13_crop_00.jpg,3,C,1,181,0.5469613259668509,0.5469613259668509,3,C,1.0,1.0,1,C,3,99,101,0.9801980198019802
0528_2-18_crop_02.jpg,3,C,1,120,0.675,0.0,1,A,1.0,0.0,1,A,1,81,113,0.7168141592920354
0528_2-20_crop_00.jpg,3,C,1,169,0.9881656804733728,0.9881656804733728,3,C,1.0,1.0,1,C,1,167,224,0.7455357142857143
0528_2-20_crop_00.jpg,3,C,2,73,0.9452054794520548,0.9452054794520548,3,C,1.0,1.0,1,C,2,69,91,0.7582417582417582
0528_2-20_crop_00.jpg,4,D,1,29,1.0,1.0,4,D,1.0,1.0,1,D,3,29,45,0.6444444444444445
0528_2-20_crop_03.jpg,3,C,1,251,0.9163346613545816,0.9163346613545816,3,C,1.0,1.0,1,C,1,230,244,0.9426229508196722
0528_2-22_crop_00.jpg,1,A,1,235,0.9063829787234042,0.9063829787234042,1,A,1.0,1.0,1,A,1,213,223,0.9551569506726457
0528_2-22_crop_00.jpg,3,C,1,69,0.9710144927536232,0.0,2,B,1.0,0.0,1,B,2,67,147,0.4557823129251701
0528_2-24_crop_02.jpg,1,A,1,207,0.9710144927536232,0.9710144927536232,1,A,1.0,1.0,1,A,1,201,269,0.7472118959107806
0528_2-27_crop_02.jpg,1,A,1,721,0.9680998613037448,0.9680998613037448,1,A,1.0,1.0,1,A,1,698,826,0.8450363196125908
0528_2-27_crop_02.jpg,1,A,2,99,0.9191919191919192,0.9191919191919192,1,A,1.0,1.0,1,A,2,91,99,0.9191919191919192
0528_2-6_crop_01.jpg,1,A,1,443,0.9548532731376975,0.9548532731376975,1,A,1.0,1.0,1,A,1,423,490,0.863265306122449
0711-41_crop_01.jpg,1,A,1,143,0.9790209790209791,0.9790209790209791,1,A,1.0,1.0,1,A,3,140,170,0.8235294117647058
0711-41_crop_01.jpg,3,C,1,243,0.8271604938271605,0.8271604938271605,3,C,1.0,1.0,1,C,1,201,636,0.3160377358490566
0711-41_crop_01.jpg,3,C,2,261,0.6168582375478927,0.6168582375478927,3,C,1.0,1.0,1,C,1,161,636,0.2531446540880503
0711-41_crop_01.jpg,3,C,3,114,0.7982456140350878,0.7982456140350878,3,C,1.0,1.0,1,C,2,91,96,0.9479166666666666
0711-44_crop_01.jpg,1,A,1,361,0.9113573407202216,0.6454293628808865,1,A,0.7082066869300911,0.7082066869300911,2,A|C,1,329,374,0.8796791443850267
0711-44_crop_01.jpg,1,A,2,864,0.9155092592592593,0.9155092592592593,1,A,1.0,1.0,1,A,2,791,828,0.9553140096618358
0711-44_crop_01.jpg,1,A,3,126,0.8095238095238095,0.8095238095238095,1,A,1.0,1.0,1,A,3,102,118,0.864406779661017
0711-44_crop_01.jpg,1,A,4,626,0.8338658146964856,0.8338658146964856,1,A,1.0,1.0,1,A,4,522,545,0.9577981651376147
0711-48_crop_01.jpg,4,D,1,29,1.0,1.0,4,D,1.0,1.0,1,D,1,29,39,0.7435897435897436
0711-48_crop_01.jpg,4,D,2,29,0.8275862068965517,0.8275862068965517,4,D,1.0,1.0,1,D,2,24,30,0.8
0711-49_crop_01.jpg,3,C,1,186,0.5,0.5,3,C,1.0,1.0,1,C,1,93,93,1.0
0711-49_crop_01.jpg,3,C,2,324,0.7129629629629629,0.7129629629629629,3,C,1.0,1.0,1,C,2,231,231,1.0
0711-49_crop_01.jpg,4,D,1,29,0.0,0.0,0,bg,0.0,0.0,0,,0,0,0,0.0
0711-50_crop_01.jpg,1,A,1,554,0.9693140794223827,0.9693140794223827,1,A,1.0,1.0,1,A,1,537,655,0.8198473282442749
0711-50_crop_02.jpg,3,C,1,100,0.87,0.87,3,C,1.0,1.0,1,C,1,87,89,0.9775280898876404
0711-51_crop_00.jpg,1,A,1,969,0.95562435500516,0.95562435500516,1,A,1.0,1.0,1,A,1,926,997,0.9287863590772317
0711-51_crop_00.jpg,1,A,2,124,0.9838709677419355,0.9838709677419355,1,A,1.0,1.0,1,A,2,122,279,0.43727598566308246
0711-51_crop_00.jpg,1,A,3,376,0.8723404255319149,0.8723404255319149,1,A,1.0,1.0,1,A,3,328,344,0.9534883720930233
0711-51_crop_00.jpg,1,A,4,233,0.8927038626609443,0.8927038626609443,1,A,1.0,1.0,1,A,5,208,242,0.859504132231405
0711-51_crop_00.jpg,1,A,5,63,0.36507936507936506,0.36507936507936506,1,A,1.0,1.0,1,A,6,23,23,1.0
0711-51_crop_00.jpg,1,A,6,132,0.8712121212121212,0.8712121212121212,1,A,1.0,1.0,1,A,7,115,127,0.905511811023622
0711-51_crop_00.jpg,1,A,7,214,0.9672897196261683,0.9672897196261683,1,A,1.0,1.0,1,A,8,207,236,0.8771186440677966
0711-51_crop_00.jpg,1,A,8,201,0.9203980099502488,0.9203980099502488,1,A,1.0,1.0,1,A,9,185,233,0.7939914163090128
0711-51_crop_00.jpg,1,A,9,161,0.8198757763975155,0.8198757763975155,1,A,1.0,1.0,1,A,10,132,146,0.9041095890410958
0711-51_crop_00.jpg,1,A,10,102,0.8823529411764706,0.8823529411764706,1,A,1.0,1.0,1,A,11,90,119,0.7563025210084033
0711-52_crop_00.jpg,3,C,1,163,0.8711656441717791,0.6257668711656442,3,C,0.7183098591549296,0.7183098591549296,2,A|C,2,142,166,0.8554216867469879
0711-52_crop_00.jpg,4,D,1,49,0.8571428571428571,0.8571428571428571,4,D,1.0,1.0,1,D,1,42,44,0.9545454545454546
0711-52_crop_00.jpg,4,D,2,113,0.21238938053097345,0.21238938053097345,4,D,1.0,1.0,1,D,3,24,24,1.0
0711-52_crop_00.jpg,4,D,3,29,0.034482758620689655,0.034482758620689655,4,D,1.0,1.0,1,D,4,1,1,1.0
0711-52_crop_00.jpg,4,D,4,29,0.8275862068965517,0.8275862068965517,4,D,1.0,1.0,1,D,5,24,25,0.96
0711-54_crop_00.jpg,1,A,1,194,0.9329896907216495,0.9329896907216495,1,A,1.0,1.0,1,A,1,181,200,0.905
0711-54_crop_00.jpg,1,A,2,1539,0.9590643274853801,0.9590643274853801,1,A,1.0,1.0,1,A,2,1476,1606,0.9190535491905355
0711-54_crop_00.jpg,1,A,3,535,0.891588785046729,0.891588785046729,1,A,1.0,1.0,1,A,3,477,509,0.93713163064833
0711-54_crop_00.jpg,1,A,4,71,0.704225352112676,0.704225352112676,1,A,1.0,1.0,1,A,4,50,108,0.46296296296296297
0711-54_crop_00.jpg,1,A,5,185,0.8702702702702703,0.6270270270270271,1,A,0.7204968944099379,0.7204968944099379,2,A|C,5,161,171,0.9415204678362573
0711-54_crop_00.jpg,1,A,6,97,0.7525773195876289,0.7525773195876289,1,A,1.0,1.0,1,A,6,73,84,0.8690476190476191
0711-54_crop_00.jpg,1,A,7,1378,0.9150943396226415,0.9150943396226415,1,A,1.0,1.0,1,A,7,1261,1331,0.9474079639368895
0711-58_crop_00.jpg,1,A,1,212,0.8632075471698113,0.8632075471698113,1,A,1.0,1.0,1,A,1,183,215,0.8511627906976744
0711-58_crop_00.jpg,1,A,2,2048,0.916015625,0.916015625,1,A,1.0,1.0,1,A,2,1876,1991,0.9422400803616273
0711-58_crop_00.jpg,1,A,3,112,0.8392857142857143,0.8392857142857143,1,A,1.0,1.0,1,A,3,94,103,0.912621359223301
0711-58_crop_00.jpg,1,A,4,196,0.2755102040816326,0.2755102040816326,1,A,1.0,1.0,1,A,4,54,415,0.13012048192771083
0711-58_crop_00.jpg,1,A,5,278,0.7014388489208633,0.7014388489208633,1,A,1.0,1.0,1,A,5,195,486,0.4012345679012346
0711-58_crop_00.jpg,1,A,6,56,0.8035714285714286,0.8035714285714286,1,A,1.0,1.0,1,A,4,45,415,0.10843373493975904
0711-58_crop_00.jpg,1,A,7,146,0.7808219178082192,0.7808219178082192,1,A,1.0,1.0,1,A,4,114,415,0.2746987951807229
0711-58_crop_00.jpg,1,A,8,177,0.7457627118644068,0.7457627118644068,1,A,1.0,1.0,1,A,5,132,486,0.2716049382716049
0711-58_crop_00.jpg,1,A,9,337,0.8991097922848664,0.8991097922848664,1,A,1.0,1.0,1,A,6,303,346,0.8757225433526011
0711-58_crop_00.jpg,4,D,1,113,1.0,1.0,4,D,1.0,1.0,1,D,7,113,131,0.8625954198473282
0711-62_crop_01.jpg,1,A,1,61,0.8032786885245902,0.8032786885245902,1,A,1.0,1.0,1,A,1,49,71,0.6901408450704225
0711-62_crop_01.jpg,3,C,1,190,0.9263157894736842,0.9263157894736842,3,C,1.0,1.0,1,C,2,176,189,0.9312169312169312
0711-64_crop_02.jpg,3,C,1,94,0.9787234042553191,0.9787234042553191,3,C,1.0,1.0,1,C,1,92,123,0.7479674796747967
0711-66_crop_00.jpg,1,A,1,132,0.9696969696969697,0.9696969696969697,1,A,1.0,1.0,1,A,2,128,162,0.7901234567901234
0711-66_crop_00.jpg,1,A,2,282,0.6914893617021277,0.6914893617021277,1,A,1.0,1.0,1,A,5,195,246,0.7926829268292683
0711-66_crop_00.jpg,3,C,1,139,0.9280575539568345,0.9280575539568345,3,C,1.0,1.0,1,C,1,129,160,0.80625
0711-70_crop_01.jpg,1,A,1,297,0.9427609427609428,0.9427609427609428,1,A,1.0,1.0,1,A,1,280,321,0.8722741433021807
0711-70_crop_01.jpg,1,A,2,689,0.95355587808418,0.95355587808418,1,A,1.0,1.0,1,A,2,657,688,0.9549418604651163
0711-71_crop_01.jpg,1,A,1,427,0.9461358313817331,0.9461358313817331,1,A,1.0,1.0,1,A,2,404,420,0.9619047619047619
0711-71_crop_01.jpg,4,D,1,49,0.16326530612244897,0.16326530612244897,4,D,1.0,1.0,1,D,1,8,8,1.0
0726-11_crop_01.jpg,1,A,1,195,0.9333333333333333,0.9333333333333333,1,A,1.0,1.0,1,A,2,182,211,0.8625592417061612
0726-11_crop_01.jpg,1,A,2,212,0.9056603773584906,0.9056603773584906,1,A,1.0,1.0,1,A,4,192,226,0.8495575221238938
0726-11_crop_01.jpg,1,A,3,65,0.5846153846153846,0.5846153846153846,1,A,1.0,1.0,1,A,5,38,39,0.9743589743589743
0726-11_crop_01.jpg,1,A,4,126,0.8253968253968254,0.8253968253968254,1,A,1.0,1.0,1,A,6,104,114,0.9122807017543859
0726-11_crop_01.jpg,1,A,5,206,0.7912621359223301,0.7912621359223301,1,A,1.0,1.0,1,A,7,163,178,0.9157303370786517
0726-11_crop_01.jpg,1,A,6,98,0.3673469387755102,0.3673469387755102,1,A,1.0,1.0,1,A,8,36,146,0.2465753424657534
0726-11_crop_01.jpg,1,A,7,69,0.8115942028985508,0.8115942028985508,1,A,1.0,1.0,1,A,9,56,68,0.8235294117647058
0726-11_crop_01.jpg,1,A,8,70,0.9428571428571428,0.9428571428571428,1,A,1.0,1.0,1,A,8,66,146,0.4520547945205479
0726-11_crop_01.jpg,1,A,9,67,0.7313432835820896,0.7313432835820896,1,A,1.0,1.0,1,A,10,49,59,0.8305084745762712
0726-13_crop_01.jpg,1,A,1,134,0.9552238805970149,0.9552238805970149,1,A,1.0,1.0,1,A,1,128,161,0.7950310559006211
0726-13_crop_01.jpg,1,A,2,316,0.9588607594936709,0.9588607594936709,1,A,1.0,1.0,1,A,3,303,603,0.5024875621890548
0726-13_crop_01.jpg,1,A,3,173,0.930635838150289,0.930635838150289,1,A,1.0,1.0,1,A,3,161,603,0.2669983416252073
0726-13_crop_01.jpg,1,A,4,194,0.9690721649484536,0.9690721649484536,1,A,1.0,1.0,1,A,4,188,206,0.912621359223301
0726-13_crop_01.jpg,1,A,5,103,0.8640776699029126,0.8640776699029126,1,A,1.0,1.0,1,A,5,89,90,0.9888888888888889
0726-14_crop_01.jpg,1,A,1,125,0.8,0.8,1,A,1.0,1.0,1,A,3,100,106,0.9433962264150944
0726-14_crop_01.jpg,1,A,2,55,0.5454545454545454,0.5454545454545454,1,A,1.0,1.0,1,A,4,30,85,0.35294117647058826
0726-14_crop_01.jpg,1,A,3,58,0.39655172413793105,0.39655172413793105,1,A,1.0,1.0,1,A,4,23,85,0.27058823529411763
0726-14_crop_01.jpg,1,A,4,119,0.8571428571428571,0.8571428571428571,1,A,1.0,1.0,1,A,5,102,176,0.5795454545454546
0726-14_crop_01.jpg,1,A,5,41,0.34146341463414637,0.34146341463414637,1,A,1.0,1.0,1,A,5,14,176,0.07954545454545454
0726-15_crop_00.jpg,1,A,1,99,0.9797979797979798,0.9797979797979798,1,A,1.0,1.0,1,A,2,97,202,0.4801980198019802
0726-15_crop_00.jpg,1,A,2,64,0.875,0.875,1,A,1.0,1.0,1,A,2,56,202,0.27722772277227725
0726-15_crop_00.jpg,1,A,3,74,0.0,0.0,0,bg,0.0,0.0,0,,0,0,0,0.0
0726-15_crop_00.jpg,1,A,4,60,0.0,0.0,0,bg,0.0,0.0,0,,0,0,0,0.0
0726-15_crop_00.jpg,1,A,5,82,0.975609756097561,0.975609756097561,1,A,1.0,1.0,1,A,3,80,289,0.2768166089965398
0726-15_crop_00.jpg,1,A,6,46,0.9347826086956522,0.9347826086956522,1,A,1.0,1.0,1,A,3,43,289,0.14878892733564014
0726-15_crop_00.jpg,1,A,7,68,0.7352941176470589,0.7352941176470589,1,A,1.0,1.0,1,A,3,50,289,0.17301038062283736
0726-15_crop_00.jpg,1,A,8,54,0.46296296296296297,0.46296296296296297,1,A,1.0,1.0,1,A,3,25,289,0.08650519031141868
0726-15_crop_00.jpg,1,A,9,104,0.9903846153846154,0.9903846153846154,1,A,1.0,1.0,1,A,4,103,126,0.8174603174603174
0726-15_crop_00.jpg,1,A,10,99,0.9393939393939394,0.9393939393939394,1,A,1.0,1.0,1,A,5,93,126,0.7380952380952381
0726-15_crop_00.jpg,1,A,11,69,0.782608695652174,0.782608695652174,1,A,1.0,1.0,1,A,6,54,59,0.9152542372881356
0726-15_crop_00.jpg,1,A,12,76,0.7894736842105263,0.7894736842105263,1,A,1.0,1.0,1,A,7,60,62,0.967741935483871
0726-15_crop_00.jpg,1,A,13,103,0.883495145631068,0.883495145631068,1,A,1.0,1.0,1,A,8,91,153,0.5947712418300654
0726-15_crop_00.jpg,1,A,14,71,0.5492957746478874,0.5492957746478874,1,A,1.0,1.0,1,A,8,39,153,0.2549019607843137
0726-15_crop_00.jpg,4,D,1,60,0.0,0.0,0,bg,0.0,0.0,0,,0,0,0,0.0
0726-15_crop_00.jpg,4,D,2,81,0.0,0.0,0,bg,0.0,0.0,0,,0,0,0,0.0
0726-15_crop_01.jpg,1,A,1,116,0.7155172413793104,0.7155172413793104,1,A,1.0,1.0,1,A,2,83,86,0.9651162790697675
0726-15_crop_01.jpg,1,A,2,75,0.8933333333333333,0.8933333333333333,1,A,1.0,1.0,1,A,3,67,87,0.7701149425287356
0726-15_crop_01.jpg,1,A,3,93,0.8602150537634409,0.8602150537634409,1,A,1.0,1.0,1,A,6,80,81,0.9876543209876543
0726-15_crop_01.jpg,1,A,4,418,0.9521531100478469,0.9521531100478469,1,A,1.0,1.0,1,A,9,398,456,0.8728070175438597
0726-15_crop_01.jpg,1,A,5,89,0.9887640449438202,0.9887640449438202,1,A,1.0,1.0,1,A,10,88,106,0.8301886792452831
0726-15_crop_01.jpg,1,A,6,132,0.6666666666666666,0.6666666666666666,1,A,1.0,1.0,1,A,11,88,90,0.9777777777777777
0726-15_crop_01.jpg,1,A,7,100,0.83,0.83,1,A,1.0,1.0,1,A,13,83,97,0.8556701030927835
0726-15_crop_01.jpg,1,A,8,310,0.832258064516129,0.832258064516129,1,A,1.0,1.0,1,A,16,258,319,0.8087774294670846
0726-15_crop_01.jpg,1,A,9,300,0.95,0.95,1,A,1.0,1.0,1,A,17,285,324,0.8796296296296297
0726-15_crop_01.jpg,1,A,10,156,0.8461538461538461,0.8461538461538461,1,A,1.0,1.0,1,A,18,132,144,0.9166666666666666
0726-15_crop_01.jpg,1,A,11,214,0.8364485981308412,0.8364485981308412,1,A,1.0,1.0,1,A,19,179,187,0.9572192513368984
0726-15_crop_01.jpg,1,A,12,104,0.7980769230769231,0.7980769230769231,1,A,1.0,1.0,1,A,20,83,225,0.3688888888888889
0726-15_crop_01.jpg,1,A,13,87,0.40229885057471265,0.40229885057471265,1,A,1.0,1.0,1,A,20,35,225,0.15555555555555556
0726-15_crop_01.jpg,1,A,14,101,0.9207920792079208,0.9207920792079208,1,A,1.0,1.0,1,A,21,93,126,0.7380952380952381
0726-15_crop_01.jpg,1,A,15,128,0.859375,0.859375,1,A,1.0,1.0,1,A,22,110,118,0.9322033898305084
0726-15_crop_01.jpg,1,A,16,4,0.0,0.0,0,bg,0.0,0.0,0,,0,0,0,0.0
0726-16_crop_01.jpg,1,A,1,105,0.9714285714285714,0.9714285714285714,1,A,1.0,1.0,1,A,3,102,116,0.8793103448275862
0726-16_crop_01.jpg,1,A,2,63,0.0,0.0,0,bg,0.0,0.0,0,,0,0,0,0.0
0726-16_crop_01.jpg,2,B,1,610,0.2786885245901639,0.260655737704918,2,B,0.9352941176470588,0.9352941176470588,2,A|B,5,159,159,1.0
0726-18_crop_00.jpg,1,A,1,172,0.8313953488372093,0.8313953488372093,1,A,1.0,1.0,1,A,1,143,154,0.9285714285714286
0726-18_crop_00.jpg,1,A,2,81,0.9259259259259259,0.9259259259259259,1,A,1.0,1.0,1,A,2,75,85,0.8823529411764706
0726-18_crop_00.jpg,1,A,3,122,0.819672131147541,0.819672131147541,1,A,1.0,1.0,1,A,3,100,102,0.9803921568627451
0726-18_crop_00.jpg,1,A,4,118,0.9661016949152542,0.9661016949152542,1,A,1.0,1.0,1,A,6,114,122,0.9344262295081968
0726-18_crop_00.jpg,1,A,5,54,0.0,0.0,0,bg,0.0,0.0,0,,0,0,0,0.0
0726-18_crop_00.jpg,1,A,6,36,0.75,0.75,1,A,1.0,1.0,1,A,7,27,229,0.11790393013100436
0726-18_crop_00.jpg,1,A,7,190,0.8789473684210526,0.8789473684210526,1,A,1.0,1.0,1,A,7,167,229,0.7292576419213974
0726-18_crop_00.jpg,1,A,8,108,0.8703703703703703,0.8703703703703703,1,A,1.0,1.0,1,A,8,94,111,0.8468468468468469
0726-18_crop_00.jpg,4,D,1,29,0.0,0.0,0,bg,0.0,0.0,0,,0,0,0,0.0
0726-20_crop_00.jpg,1,A,1,84,0.7023809523809523,0.7023809523809523,1,A,1.0,1.0,1,A,1,59,68,0.8676470588235294
0726-20_crop_00.jpg,1,A,2,43,0.7209302325581395,0.7209302325581395,1,A,1.0,1.0,1,A,2,31,33,0.9393939393939394
0726-20_crop_00.jpg,1,A,3,57,0.8070175438596491,0.8070175438596491,1,A,1.0,1.0,1,A,3,46,50,0.92
0726-20_crop_00.jpg,1,A,4,86,0.9651162790697675,0.9651162790697675,1,A,1.0,1.0,1,A,4,83,86,0.9651162790697675
0726-20_crop_00.jpg,1,A,5,201,0.8656716417910447,0.8656716417910447,1,A,1.0,1.0,1,A,5,174,185,0.9405405405405406
0726-20_crop_00.jpg,1,A,6,81,0.9135802469135802,0.9135802469135802,1,A,1.0,1.0,1,A,6,74,83,0.891566265060241
0726-20_crop_00.jpg,1,A,7,102,0.8823529411764706,0.8823529411764706,1,A,1.0,1.0,1,A,7,90,101,0.8910891089108911
0726-20_crop_00.jpg,1,A,8,138,0.8913043478260869,0.8913043478260869,1,A,1.0,1.0,1,A,9,123,137,0.8978102189781022
0726-20_crop_00.jpg,1,A,9,218,0.9220183486238532,0.9220183486238532,1,A,1.0,1.0,1,A,11,201,218,0.9220183486238532
0726-20_crop_00.jpg,1,A,10,125,0.888,0.888,1,A,1.0,1.0,1,A,12,111,126,0.8809523809523809
0726-24_crop_00.jpg,1,A,1,162,0.9444444444444444,0.9444444444444444,1,A,1.0,1.0,1,A,1,153,167,0.9161676646706587
0726-24_crop_00.jpg,1,A,2,96,0.96875,0.96875,1,A,1.0,1.0,1,A,2,93,109,0.8532110091743119
0726-24_crop_00.jpg,1,A,3,190,0.9526315789473684,0.9526315789473684,1,A,1.0,1.0,1,A,3,181,228,0.793859649122807
0726-24_crop_00.jpg,1,A,4,38,0.0,0.0,0,bg,0.0,0.0,0,,0,0,0,0.0
0726-24_crop_00.jpg,1,A,5,354,0.7401129943502824,0.7401129943502824,1,A,1.0,1.0,1,A,5,205,270,0.7592592592592593
0726-24_crop_00.jpg,1,A,6,95,0.3263157894736842,0.3263157894736842,1,A,1.0,1.0,1,A,6,31,31,1.0
0726-24_crop_00.jpg,1,A,7,168,0.7738095238095238,0.7738095238095238,1,A,1.0,1.0,1,A,7,130,160,0.8125
0726-24_crop_00.jpg,1,A,8,162,0.8765432098765432,0.8765432098765432,1,A,1.0,1.0,1,A,9,142,322,0.4409937888198758
0726-24_crop_00.jpg,1,A,9,134,0.9776119402985075,0.9776119402985075,1,A,1.0,1.0,1,A,9,131,322,0.40683229813664595
0726-26_crop_02.jpg,1,A,1,203,0.8768472906403941,0.8768472906403941,1,A,1.0,1.0,1,A,1,178,221,0.8054298642533937
0726-26_crop_02.jpg,1,A,2,97,0.845360824742268,0.845360824742268,1,A,1.0,1.0,1,A,2,82,93,0.8817204301075269
0726-26_crop_02.jpg,1,A,3,44,0.0,0.0,0,bg,0.0,0.0,0,,0,0,0,0.0
0726-26_crop_02.jpg,1,A,4,34,0.0,0.0,0,bg,0.0,0.0,0,,0,0,0,0.0
0726-26_crop_02.jpg,1,A,5,124,0.8870967741935484,0.8870967741935484,1,A,1.0,1.0,1,A,3,110,123,0.8943089430894309
0726-26_crop_02.jpg,1,A,6,100,0.46,0.46,1,A,1.0,1.0,1,A,4,46,47,0.9787234042553191
0726-28_crop_00.jpg,1,A,1,45,0.044444444444444446,0.044444444444444446,1,A,1.0,1.0,1,A,1,2,121,0.01652892561983471
0726-28_crop_00.jpg,1,A,2,94,0.8617021276595744,0.8617021276595744,1,A,1.0,1.0,1,A,1,81,121,0.6694214876033058
0726-28_crop_00.jpg,1,A,3,113,0.18584070796460178,0.18584070796460178,1,A,1.0,1.0,1,A,2,21,247,0.08502024291497975
0726-28_crop_00.jpg,1,A,4,121,0.9834710743801653,0.9834710743801653,1,A,1.0,1.0,1,A,2,119,247,0.4817813765182186
0726-28_crop_00.jpg,1,A,5,60,0.9333333333333333,0.9333333333333333,1,A,1.0,1.0,1,A,3,56,76,0.7368421052631579
0726-28_crop_00.jpg,1,A,6,47,0.8723404255319149,0.8723404255319149,1,A,1.0,1.0,1,A,4,41,52,0.7884615384615384
0726-28_crop_00.jpg,1,A,7,44,0.0,0.0,0,bg,0.0,0.0,0,,0,0,0,0.0
0726-28_crop_00.jpg,1,A,8,73,0.9452054794520548,0.9452054794520548,1,A,1.0,1.0,1,A,5,69,90,0.7666666666666667
0726-28_crop_00.jpg,1,A,9,48,0.0,0.0,0,bg,0.0,0.0,0,,0,0,0,0.0
0726-28_crop_00.jpg,1,A,10,62,0.9193548387096774,0.9193548387096774,1,A,1.0,1.0,1,A,8,57,75,0.76
0726-28_crop_00.jpg,1,A,11,77,0.974025974025974,0.974025974025974,1,A,1.0,1.0,1,A,9,75,177,0.423728813559322
0726-28_crop_00.jpg,1,A,12,40,0.95,0.95,1,A,1.0,1.0,1,A,9,38,177,0.21468926553672316
0726-28_crop_00.jpg,1,A,13,80,0.875,0.875,1,A,1.0,1.0,1,A,10,70,75,0.9333333333333333
0726-28_crop_00.jpg,1,A,14,58,0.8620689655172413,0.8620689655172413,1,A,1.0,1.0,1,A,12,50,50,1.0
0726-28_crop_00.jpg,1,A,15,80,0.9375,0.9375,1,A,1.0,1.0,1,A,14,75,109,0.6880733944954128
0726-28_crop_00.jpg,3,C,1,87,0.9195402298850575,0.0,1,A,1.0,0.0,1,A,6,80,94,0.851063829787234
0726-28_crop_00.jpg,4,D,1,96,0.0,0.0,0,bg,0.0,0.0,0,,0,0,0,0.0
0726-28_crop_00.jpg,4,D,2,29,0.0,0.0,0,bg,0.0,0.0,0,,0,0,0,0.0
0726-29_crop_00.jpg,1,A,1,101,0.8613861386138614,0.8613861386138614,1,A,1.0,1.0,1,A,1,87,100,0.87
0726-29_crop_00.jpg,1,A,2,29,0.0,0.0,0,bg,0.0,0.0,0,,0,0,0,0.0
0726-29_crop_00.jpg,1,A,3,31,0.0,0.0,0,bg,0.0,0.0,0,,0,0,0,0.0
0726-29_crop_00.jpg,1,A,4,41,0.0,0.0,0,bg,0.0,0.0,0,,0,0,0,0.0
0726-29_crop_00.jpg,1,A,5,30,0.0,0.0,0,bg,0.0,0.0,0,,0,0,0,0.0
0726-29_crop_00.jpg,1,A,6,203,0.8423645320197044,0.8423645320197044,1,A,1.0,1.0,1,A,2,171,171,1.0
0726-29_crop_00.jpg,1,A,7,48,0.0,0.0,0,bg,0.0,0.0,0,,0,0,0,0.0
0726-29_crop_00.jpg,1,A,8,45,0.0,0.0,0,bg,0.0,0.0,0,,0,0,0,0.0
0726-29_crop_00.jpg,1,A,9,68,0.7647058823529411,0.7647058823529411,1,A,1.0,1.0,1,A,3,52,61,0.8524590163934426
0726-29_crop_00.jpg,1,A,10,386,0.8756476683937824,0.8756476683937824,1,A,1.0,1.0,1,A,4,338,359,0.9415041782729805
0726-29_crop_00.jpg,1,A,11,92,0.8913043478260869,0.8913043478260869,1,A,1.0,1.0,1,A,5,82,87,0.9425287356321839
0726-29_crop_00.jpg,1,A,12,98,0.7755102040816326,0.7755102040816326,1,A,1.0,1.0,1,A,6,76,76,1.0
0726-29_crop_00.jpg,1,A,13,432,0.8518518518518519,0.8518518518518519,1,A,1.0,1.0,1,A,7,368,477,0.7714884696016772
0726-29_crop_00.jpg,1,A,14,169,0.863905325443787,0.863905325443787,1,A,1.0,1.0,1,A,8,146,176,0.8295454545454546
0726-29_crop_00.jpg,1,A,15,113,0.9734513274336283,0.9734513274336283,1,A,1.0,1.0,1,A,9,110,117,0.9401709401709402
0726-29_crop_00.jpg,1,A,16,66,0.9545454545454546,0.9545454545454546,1,A,1.0,1.0,1,A,10,63,195,0.3230769230769231
0726-29_crop_00.jpg,1,A,17,45,0.9333333333333333,0.9333333333333333,1,A,1.0,1.0,1,A,10,42,195,0.2153846153846154
0726-29_crop_00.jpg,1,A,18,40,0.2,0.2,1,A,1.0,1.0,1,A,10,8,195,0.041025641025641026
0726-30_crop_02.jpg,1,A,1,143,0.8321678321678322,0.8321678321678322,1,A,1.0,1.0,1,A,2,119,134,0.8880597014925373
0726-30_crop_02.jpg,1,A,2,102,0.9705882352941176,0.9705882352941176,1,A,1.0,1.0,1,A,5,99,270,0.36666666666666664
0726-30_crop_02.jpg,1,A,3,94,0.9042553191489362,0.9042553191489362,1,A,1.0,1.0,1,A,4,85,90,0.9444444444444444
0726-30_crop_02.jpg,1,A,4,149,0.8523489932885906,0.8523489932885906,1,A,1.0,1.0,1,A,5,127,270,0.4703703703703704
0726-30_crop_02.jpg,4,D,1,97,0.845360824742268,0.845360824742268,4,D,1.0,1.0,1,D,3,82,91,0.9010989010989011
0726-32_crop_01.jpg,1,A,1,102,0.9803921568627451,0.9803921568627451,1,A,1.0,1.0,1,A,1,100,130,0.7692307692307693
0726-32_crop_01.jpg,1,A,2,59,0.9322033898305084,0.9322033898305084,1,A,1.0,1.0,1,A,2,55,62,0.8870967741935484
0726-32_crop_01.jpg,1,A,3,83,0.9759036144578314,0.9759036144578314,1,A,1.0,1.0,1,A,3,81,91,0.8901098901098901
0726-32_crop_01.jpg,1,A,4,46,0.45652173913043476,0.45652173913043476,1,A,1.0,1.0,1,A,4,21,31,0.6774193548387096
0726-32_crop_01.jpg,1,A,5,311,0.8971061093247589,0.8971061093247589,1,A,1.0,1.0,1,A,5,279,543,0.5138121546961326
0726-32_crop_01.jpg,1,A,6,124,0.9112903225806451,0.9112903225806451,1,A,1.0,1.0,1,A,5,113,543,0.20810313075506445
0726-32_crop_01.jpg,1,A,7,66,0.8636363636363636,0.8636363636363636,1,A,1.0,1.0,1,A,8,57,135,0.4222222222222222
0726-32_crop_01.jpg,1,A,8,75,0.8133333333333334,0.8133333333333334,1,A,1.0,1.0,1,A,8,61,135,0.45185185185185184
0726-32_crop_01.jpg,1,A,9,81,0.8271604938271605,0.8271604938271605,1,A,1.0,1.0,1,A,9,67,81,0.8271604938271605
0726-32_crop_01.jpg,1,A,10,97,0.9175257731958762,0.9175257731958762,1,A,1.0,1.0,1,A,11,89,99,0.898989898989899
0726-32_crop_01.jpg,1,A,11,81,0.9629629629629629,0.9629629629629629,1,A,1.0,1.0,1,A,12,78,107,0.7289719626168224
0726-32_crop_01.jpg,3,C,1,184,0.7663043478260869,0.0,1,A,1.0,0.0,1,A,6,141,149,0.9463087248322147
0726-35_crop_00.jpg,1,A,1,205,0.8,0.8,1,A,1.0,1.0,1,A,1,164,177,0.9265536723163842
0726-35_crop_00.jpg,1,A,2,71,0.6338028169014085,0.6338028169014085,1,A,1.0,1.0,1,A,2,45,45,1.0
0726-35_crop_00.jpg,1,A,3,451,0.9401330376940134,0.9401330376940134,1,A,1.0,1.0,1,A,3,424,482,0.8796680497925311
0726-35_crop_00.jpg,1,A,4,129,0.9224806201550387,0.9224806201550387,1,A,1.0,1.0,1,A,4,119,139,0.8561151079136691
0726-35_crop_00.jpg,1,A,5,122,0.9344262295081968,0.9344262295081968,1,A,1.0,1.0,1,A,5,114,136,0.8382352941176471
0726-35_crop_00.jpg,1,A,6,64,0.828125,0.828125,1,A,1.0,1.0,1,A,7,53,56,0.9464285714285714
0726-35_crop_00.jpg,1,A,7,68,0.8235294117647058,0.8235294117647058,1,A,1.0,1.0,1,A,8,56,56,1.0
0726-35_crop_00.jpg,1,A,8,37,0.43243243243243246,0.43243243243243246,1,A,1.0,1.0,1,A,9,16,16,1.0
0726-35_crop_00.jpg,1,A,9,95,1.0,1.0,1,A,1.0,1.0,1,A,10,95,102,0.9313725490196079
0726-35_crop_00.jpg,1,A,10,70,0.8285714285714286,0.8285714285714286,1,A,1.0,1.0,1,A,11,58,62,0.9354838709677419
0726-35_crop_00.jpg,1,A,11,53,0.5849056603773585,0.5849056603773585,1,A,1.0,1.0,1,A,12,31,31,1.0
0726-35_crop_00.jpg,1,A,12,88,0.9545454545454546,0.9545454545454546,1,A,1.0,1.0,1,A,13,84,106,0.7924528301886793
0726-35_crop_00.jpg,1,A,13,79,0.0,0.0,0,bg,0.0,0.0,0,,0,0,0,0.0
0726-35_crop_00.jpg,1,A,14,102,0.8431372549019608,0.8431372549019608,1,A,1.0,1.0,1,A,14,86,97,0.8865979381443299
0726-35_crop_00.jpg,1,A,15,170,0.9647058823529412,0.9647058823529412,1,A,1.0,1.0,1,A,15,164,206,0.7961165048543689
0726-35_crop_00.jpg,1,A,16,65,0.9230769230769231,0.9230769230769231,1,A,1.0,1.0,1,A,16,60,71,0.8450704225352113
0726-35_crop_00.jpg,1,A,17,78,1.0,1.0,1,A,1.0,1.0,1,A,17,78,99,0.7878787878787878
0726-35_crop_00.jpg,1,A,18,361,0.817174515235457,0.817174515235457,1,A,1.0,1.0,1,A,18,295,339,0.8702064896755162
0726-36_crop_00.jpg,1,A,1,187,0.9090909090909091,0.9090909090909091,1,A,1.0,1.0,1,A,2,170,196,0.8673469387755102
0726-36_crop_00.jpg,1,A,2,60,0.8333333333333334,0.8333333333333334,1,A,1.0,1.0,1,A,4,50,129,0.3875968992248062
0726-36_crop_00.jpg,1,A,3,65,0.6923076923076923,0.6923076923076923,1,A,1.0,1.0,1,A,4,45,129,0.3488372093023256
0726-36_crop_00.jpg,1,A,4,49,0.8979591836734694,0.8979591836734694,1,A,1.0,1.0,1,A,5,44,68,0.6470588235294118
0726-36_crop_00.jpg,1,A,5,34,0.7352941176470589,0.7352941176470589,1,A,1.0,1.0,1,A,6,25,37,0.6756756756756757
0726-36_crop_00.jpg,1,A,6,34,0.0,0.0,0,bg,0.0,0.0,0,,0,0,0,0.0
0726-36_crop_00.jpg,1,A,7,39,0.0,0.0,0,bg,0.0,0.0,0,,0,0,0,0.0
0726-36_crop_00.jpg,1,A,8,86,0.6976744186046512,0.6976744186046512,1,A,1.0,1.0,1,A,7,60,95,0.631578947368421
0726-36_crop_00.jpg,1,A,9,121,0.9917355371900827,0.9917355371900827,1,A,1.0,1.0,1,A,8,120,152,0.7894736842105263
0726-36_crop_00.jpg,1,A,10,157,0.8853503184713376,0.8853503184713376,1,A,1.0,1.0,1,A,9,139,195,0.7128205128205128
0726-36_crop_00.jpg,1,A,11,122,0.9426229508196722,0.9426229508196722,1,A,1.0,1.0,1,A,10,115,134,0.8582089552238806
0726-6_crop_01.jpg,1,A,1,178,0.9325842696629213,0.9325842696629213,1,A,1.0,1.0,1,A,1,166,217,0.7649769585253456
0726-6_crop_01.jpg,1,A,2,348,0.9683908045977011,0.9683908045977011,1,A,1.0,1.0,1,A,2,337,432,0.7800925925925926
0726-6_crop_01.jpg,1,A,3,544,0.9209558823529411,0.9209558823529411,1,A,1.0,1.0,1,A,4,501,542,0.9243542435424354
0726-6_crop_01.jpg,1,A,4,51,0.5882352941176471,0.5882352941176471,1,A,1.0,1.0,1,A,5,30,149,0.20134228187919462
0726-6_crop_01.jpg,1,A,5,106,0.5660377358490566,0.5660377358490566,1,A,1.0,1.0,1,A,5,60,149,0.40268456375838924
0726-6_crop_01.jpg,1,A,6,106,0.839622641509434,0.839622641509434,1,A,1.0,1.0,1,A,7,89,95,0.9368421052631579
0726-6_crop_01.jpg,1,A,7,263,0.7870722433460076,0.7870722433460076,1,A,1.0,1.0,1,A,8,207,239,0.8661087866108786
0726-6_crop_01.jpg,1,A,8,190,0.9736842105263158,0.9736842105263158,1,A,1.0,1.0,1,A,9,185,207,0.893719806763285
0726-6_crop_01.jpg,1,A,9,51,0.803921568627451,0.803921568627451,1,A,1.0,1.0,1,A,10,41,49,0.8367346938775511
0726-6_crop_01.jpg,4,D,1,49,1.0,1.0,4,D,1.0,1.0,1,D,3,49,89,0.550561797752809
0726-7_crop_01.jpg,1,A,1,83,0.8674698795180723,0.8674698795180723,1,A,1.0,1.0,1,A,1,72,118,0.6101694915254238
0726-7_crop_01.jpg,1,A,2,125,0.88,0.88,1,A,1.0,1.0,1,A,2,110,117,0.9401709401709402
0726-7_crop_01.jpg,1,A,3,74,0.7567567567567568,0.0945945945945946,3,C,0.875,0.125,2,A|C,3,56,58,0.9655172413793104
0726-7_crop_01.jpg,4,D,1,81,1.0,1.0,4,D,1.0,1.0,1,D,5,81,97,0.8350515463917526
0822-11_crop_02.jpg,1,A,1,72,0.0,0.0,0,bg,0.0,0.0,0,,0,0,0,0.0
0822-11_crop_02.jpg,1,A,2,175,0.8228571428571428,0.8228571428571428,1,A,1.0,1.0,1,A,1,144,154,0.935064935064935
0822-13_crop_00.jpg,1,A,1,512,0.935546875,0.935546875,1,A,1.0,1.0,1,A,1,479,540,0.8870370370370371
0822-13_crop_00.jpg,1,A,2,66,0.0,0.0,0,bg,0.0,0.0,0,,0,0,0,0.0
0822-13_crop_00.jpg,1,A,3,57,0.0,0.0,0,bg,0.0,0.0,0,,0,0,0,0.0
0822-13_crop_00.jpg,1,A,4,125,0.0,0.0,0,bg,0.0,0.0,0,,0,0,0,0.0
0822-13_crop_00.jpg,1,A,5,343,0.9154518950437318,0.9154518950437318,1,A,1.0,1.0,1,A,2,314,394,0.7969543147208121
0822-13_crop_00.jpg,1,A,6,41,0.4146341463414634,0.4146341463414634,1,A,1.0,1.0,1,A,2,17,394,0.04314720812182741
0822-13_crop_00.jpg,1,A,7,132,0.0,0.0,0,bg,0.0,0.0,0,,0,0,0,0.0
0822-13_crop_00.jpg,1,A,8,57,0.5964912280701754,0.5964912280701754,1,A,1.0,1.0,1,A,4,34,34,1.0
0822-13_crop_00.jpg,1,A,9,42,0.0,0.0,0,bg,0.0,0.0,0,,0,0,0,0.0
0822-13_crop_00.jpg,1,A,10,46,0.30434782608695654,0.30434782608695654,1,A,1.0,1.0,1,A,6,14,321,0.04361370716510903
0822-13_crop_00.jpg,1,A,11,68,0.8970588235294118,0.8970588235294118,1,A,1.0,1.0,1,A,6,61,321,0.19003115264797507
0822-13_crop_00.jpg,1,A,12,223,0.8430493273542601,0.8430493273542601,1,A,1.0,1.0,1,A,6,188,321,0.5856697819314641
0822-13_crop_00.jpg,1,A,13,115,0.9043478260869565,0.9043478260869565,1,A,1.0,1.0,1,A,7,104,110,0.9454545454545454
0822-13_crop_00.jpg,1,A,14,532,0.9078947368421053,0.9078947368421053,1,A,1.0,1.0,1,A,10,483,501,0.9640718562874252
0822-13_crop_00.jpg,1,A,15,339,0.9262536873156342,0.9262536873156342,1,A,1.0,1.0,1,A,14,314,337,0.9317507418397626
0822-13_crop_00.jpg,3,C,1,1180,0.10254237288135593,0.0,1,A,0.5454545454545454,0.0,2,A|B,15,41,41,1.0
0822-14_crop_00.jpg,1,A,1,74,0.8918918918918919,0.8918918918918919,1,A,1.0,1.0,1,A,1,66,75,0.88
0822-14_crop_00.jpg,1,A,2,317,0.9558359621451105,0.9558359621451105,1,A,1.0,1.0,1,A,2,303,343,0.8833819241982507
0822-14_crop_00.jpg,1,A,3,108,0.8703703703703703,0.8703703703703703,1,A,1.0,1.0,1,A,3,94,121,0.7768595041322314
0822-14_crop_00.jpg,1,A,4,156,0.8333333333333334,0.8333333333333334,1,A,1.0,1.0,1,A,7,130,183,0.7103825136612022
0822-14_crop_00.jpg,1,A,5,103,0.941747572815534,0.941747572815534,1,A,1.0,1.0,1,A,8,97,163,0.5950920245398773
0822-14_crop_00.jpg,1,A,6,45,0.9111111111111111,0.9111111111111111,1,A,1.0,1.0,1,A,8,41,163,0.25153374233128833
0822-14_crop_00.jpg,1,A,7,95,0.7578947368421053,0.7578947368421053,1,A,1.0,1.0,1,A,9,72,155,0.4645161290322581
0822-14_crop_00.jpg,1,A,8,68,0.7794117647058824,0.7794117647058824,1,A,1.0,1.0,1,A,9,53,155,0.3419354838709677
0822-14_crop_00.jpg,1,A,9,149,0.42953020134228187,0.42953020134228187,1,A,1.0,1.0,1,A,10,64,103,0.6213592233009708
0822-14_crop_00.jpg,1,A,10,71,0.8450704225352113,0.8450704225352113,1,A,1.0,1.0,1,A,11,60,64,0.9375
0822-14_crop_00.jpg,1,A,11,81,0.9753086419753086,0.9753086419753086,1,A,1.0,1.0,1,A,12,79,157,0.5031847133757962
0822-14_crop_00.jpg,1,A,12,71,0.8873239436619719,0.8873239436619719,1,A,1.0,1.0,1,A,13,63,178,0.3539325842696629
0822-14_crop_00.jpg,1,A,13,57,0.8070175438596491,0.8070175438596491,1,A,1.0,1.0,1,A,12,46,157,0.2929936305732484
0822-14_crop_00.jpg,1,A,14,214,0.6308411214953271,0.6308411214953271,1,A,1.0,1.0,1,A,14,135,140,0.9642857142857143
0822-14_crop_00.jpg,1,A,15,78,0.9487179487179487,0.9487179487179487,1,A,1.0,1.0,1,A,13,74,178,0.4157303370786517
0822-14_crop_00.jpg,1,A,16,244,0.9590163934426229,0.9590163934426229,1,A,1.0,1.0,1,A,15,234,260,0.9
0822-14_crop_00.jpg,2,B,1,170,0.19411764705882353,0.19411764705882353,2,B,1.0,1.0,1,B,4,33,33,1.0
0822-14_crop_00.jpg,2,B,2,449,0.0,0.0,0,bg,0.0,0.0,0,,0,0,0,0.0
0822-14_crop_00.jpg,3,C,1,81,0.8518518518518519,0.0,1,A,1.0,0.0,1,A,6,69,74,0.9324324324324325
0822-14_crop_01.jpg,1,A,1,205,0.04390243902439024,0.0,2,B,1.0,0.0,1,B,1,9,18,0.5
0822-14_crop_01.jpg,1,A,2,146,0.8561643835616438,0.8561643835616438,1,A,1.0,1.0,1,A,3,125,137,0.9124087591240876
0822-14_crop_01.jpg,1,A,3,206,0.5922330097087378,0.5922330097087378,1,A,1.0,1.0,1,A,4,122,123,0.991869918699187
0822-14_crop_01.jpg,1,A,4,157,0.0,0.0,0,bg,0.0,0.0,0,,0,0,0,0.0
0822-14_crop_01.jpg,1,A,5,206,0.0,0.0,0,bg,0.0,0.0,0,,0,0,0,0.0
0822-14_crop_01.jpg,1,A,6,698,0.4484240687679083,0.4484240687679083,1,A,1.0,1.0,1,A,5,313,329,0.9513677811550152
0822-15_crop_00.jpg,1,A,1,426,0.8356807511737089,0.8356807511737089,1,A,1.0,1.0,1,A,2,315,366,0.860655737704918
0822-15_crop_00.jpg,1,A,2,326,0.34049079754601225,0.34049079754601225,1,A,1.0,1.0,1,A,4,111,133,0.8345864661654135
0822-15_crop_00.jpg,1,A,3,90,0.8888888888888888,0.8888888888888888,1,A,1.0,1.0,1,A,5,80,97,0.8247422680412371
0822-15_crop_00.jpg,1,A,4,419,0.8568019093078759,0.8568019093078759,1,A,1.0,1.0,1,A,6,359,377,0.9522546419098143
0822-15_crop_00.jpg,1,A,5,288,0.7083333333333334,0.7083333333333334,1,A,1.0,1.0,1,A,7,204,246,0.8292682926829268
0822-15_crop_00.jpg,1,A,6,107,0.35514018691588783,0.35514018691588783,1,A,1.0,1.0,1,A,11,38,39,0.9743589743589743
0822-15_crop_00.jpg,1,A,7,143,0.6923076923076923,0.6923076923076923,1,A,1.0,1.0,1,A,10,99,101,0.9801980198019802
0822-15_crop_00.jpg,1,A,8,48,0.0,0.0,0,bg,0.0,0.0,0,,0,0,0,0.0
0822-15_crop_00.jpg,1,A,9,153,0.8300653594771242,0.8300653594771242,1,A,1.0,1.0,1,A,12,127,139,0.9136690647482014
0822-15_crop_00.jpg,1,A,10,101,0.5841584158415841,0.5841584158415841,1,A,1.0,1.0,1,A,13,59,62,0.9516129032258065
0822-15_crop_00.jpg,1,A,11,77,0.6753246753246753,0.6753246753246753,1,A,1.0,1.0,1,A,15,52,56,0.9285714285714286
0822-15_crop_00.jpg,1,A,12,223,0.9237668161434978,0.9237668161434978,1,A,1.0,1.0,1,A,16,206,247,0.8340080971659919
0822-15_crop_00.jpg,1,A,13,228,0.9517543859649122,0.9517543859649122,1,A,1.0,1.0,1,A,17,217,292,0.7431506849315068
0822-15_crop_00.jpg,1,A,14,82,0.0,0.0,0,bg,0.0,0.0,0,,0,0,0,0.0
0822-15_crop_00.jpg,1,A,15,70,0.014285714285714285,0.014285714285714285,1,A,1.0,1.0,1,A,18,1,3,0.3333333333333333
0822-15_crop_00.jpg,1,A,16,102,0.8725490196078431,0.8725490196078431,1,A,1.0,1.0,1,A,19,89,106,0.839622641509434
0822-15_crop_00.jpg,1,A,17,62,0.3548387096774194,0.3548387096774194,1,A,1.0,1.0,1,A,20,22,22,1.0
0822-15_crop_00.jpg,1,A,18,88,0.8409090909090909,0.8409090909090909,1,A,1.0,1.0,1,A,21,74,100,0.74
0822-15_crop_00.jpg,1,A,19,81,0.2345679012345679,0.2345679012345679,1,A,1.0,1.0,1,A,22,19,19,1.0
0822-16_crop_00.jpg,1,A,1,163,0.9079754601226994,0.9079754601226994,1,A,1.0,1.0,1,A,1,148,192,0.7708333333333334
0822-16_crop_00.jpg,1,A,2,58,0.8448275862068966,0.8448275862068966,1,A,1.0,1.0,1,A,2,49,50,0.98
0822-16_crop_00.jpg,1,A,3,253,0.9367588932806324,0.9367588932806324,1,A,1.0,1.0,1,A,3,237,293,0.8088737201365188
0822-16_crop_00.jpg,1,A,4,106,0.9905660377358491,0.9905660377358491,1,A,1.0,1.0,1,A,4,105,134,0.7835820895522388
0822-16_crop_00.jpg,1,A,5,105,0.9619047619047619,0.9619047619047619,1,A,1.0,1.0,1,A,5,101,123,0.8211382113821138
0822-16_crop_00.jpg,1,A,6,124,0.8951612903225806,0.8951612903225806,1,A,1.0,1.0,1,A,6,111,135,0.8222222222222222
0822-16_crop_00.jpg,1,A,7,92,0.9021739130434783,0.9021739130434783,1,A,1.0,1.0,1,A,7,83,93,0.8924731182795699
0822-16_crop_00.jpg,1,A,8,144,0.2986111111111111,0.2986111111111111,1,A,1.0,1.0,1,A,9,43,57,0.7543859649122807
0822-16_crop_00.jpg,1,A,9,55,0.0,0.0,0,bg,0.0,0.0,0,,0,0,0,0.0
0822-16_crop_00.jpg,1,A,10,90,0.0,0.0,0,bg,0.0,0.0,0,,0,0,0,0.0
0822-16_crop_00.jpg,1,A,11,66,0.0,0.0,0,bg,0.0,0.0,0,,0,0,0,0.0
0822-16_crop_00.jpg,1,A,12,263,0.26996197718631176,0.26996197718631176,1,A,1.0,1.0,1,A,11,71,71,1.0
0822-16_crop_01.jpg,1,A,1,176,0.7272727272727273,0.7272727272727273,1,A,1.0,1.0,1,A,2,128,191,0.6701570680628273
0822-16_crop_01.jpg,1,A,2,149,0.825503355704698,0.825503355704698,1,A,1.0,1.0,1,A,3,123,145,0.8482758620689655
0822-17_crop_00.jpg,1,A,1,409,0.9755501222493888,0.9755501222493888,1,A,1.0,1.0,1,A,1,399,553,0.7215189873417721
0822-17_crop_00.jpg,1,A,2,76,0.8026315789473685,0.8026315789473685,1,A,1.0,1.0,1,A,2,61,110,0.5545454545454546
0822-17_crop_00.jpg,1,A,3,247,0.582995951417004,0.582995951417004,1,A,1.0,1.0,1,A,3,144,185,0.7783783783783784
0822-17_crop_00.jpg,1,A,4,211,0.8720379146919431,0.8720379146919431,1,A,1.0,1.0,1,A,4,184,198,0.9292929292929293
0822-17_crop_00.jpg,1,A,5,100,0.0,0.0,0,bg,0.0,0.0,0,,0,0,0,0.0
0822-17_crop_00.jpg,1,A,6,200,0.81,0.81,1,A,1.0,1.0,1,A,5,162,175,0.9257142857142857
0822-17_crop_00.jpg,1,A,7,103,0.0,0.0,0,bg,0.0,0.0,0,,0,0,0,0.0
0822-17_crop_00.jpg,1,A,8,156,0.8525641025641025,0.8525641025641025,1,A,1.0,1.0,1,A,6,133,592,0.22466216216216217
0822-17_crop_00.jpg,1,A,9,352,0.9346590909090909,0.9346590909090909,1,A,1.0,1.0,1,A,6,329,592,0.5557432432432432
0822-17_crop_00.jpg,1,A,10,130,0.0,0.0,0,bg,0.0,0.0,0,,0,0,0,0.0
0822-17_crop_00.jpg,1,A,11,220,0.6681818181818182,0.6681818181818182,1,A,1.0,1.0,1,A,7,147,152,0.9671052631578947
0822-17_crop_00.jpg,1,A,12,302,0.804635761589404,0.804635761589404,1,A,1.0,1.0,1,A,8,243,272,0.8933823529411765
0822-17_crop_00.jpg,1,A,13,121,0.5289256198347108,0.5289256198347108,1,A,1.0,1.0,1,A,10,64,96,0.6666666666666666
0822-17_crop_00.jpg,1,A,14,113,0.22123893805309736,0.22123893805309736,1,A,1.0,1.0,1,A,11,25,27,0.9259259259259259
0822-17_crop_00.jpg,1,A,15,132,0.7045454545454546,0.7045454545454546,1,A,1.0,1.0,1,A,13,93,102,0.9117647058823529
0822-17_crop_00.jpg,1,A,16,179,0.5865921787709497,0.5865921787709497,1,A,1.0,1.0,1,A,14,105,108,0.9722222222222222
0822-17_crop_00.jpg,1,A,17,103,0.6407766990291263,0.6407766990291263,1,A,1.0,1.0,1,A,15,66,69,0.9565217391304348
0822-17_crop_00.jpg,1,A,18,210,0.5571428571428572,0.5571428571428572,1,A,1.0,1.0,1,A,16,117,117,1.0
0822-17_crop_00.jpg,1,A,19,332,0.677710843373494,0.677710843373494,1,A,1.0,1.0,1,A,17,225,225,1.0
0822-17_crop_00.jpg,1,A,20,82,0.8292682926829268,0.8292682926829268,1,A,1.0,1.0,1,A,18,68,309,0.22006472491909385
0822-17_crop_00.jpg,1,A,21,214,0.9252336448598131,0.9252336448598131,1,A,1.0,1.0,1,A,18,198,309,0.6407766990291263
0822-17_crop_00.jpg,1,A,22,90,0.4666666666666667,0.4666666666666667,1,A,1.0,1.0,1,A,19,42,42,1.0
0822-17_crop_00.jpg,1,A,23,96,0.8020833333333334,0.8020833333333334,1,A,1.0,1.0,1,A,21,77,89,0.8651685393258427
0822-17_crop_02.jpg,1,A,1,911,0.5773874862788145,0.5773874862788145,1,A,1.0,1.0,1,A,3,460,460,1.0
0822-17_crop_02.jpg,1,A,2,165,0.793939393939394,0.793939393939394,1,A,1.0,1.0,1,A,7,131,139,0.9424460431654677
0822-1_crop_00.jpg,1,A,1,176,0.9318181818181818,0.9318181818181818,1,A,1.0,1.0,1,A,2,164,210,0.780952380952381
0822-1_crop_00.jpg,1,A,2,62,0.0,0.0,0,bg,0.0,0.0,0,,0,0,0,0.0
0822-1_crop_00.jpg,1,A,3,125,0.496,0.496,1,A,1.0,1.0,1,A,3,62,62,1.0
0822-1_crop_00.jpg,1,A,4,82,0.0,0.0,0,bg,0.0,0.0,0,,0,0,0,0.0
0822-1_crop_00.jpg,1,A,5,239,0.7238493723849372,0.7238493723849372,1,A,1.0,1.0,1,A,5,173,189,0.9153439153439153
0822-21_crop_01.jpg,1,A,1,424,0.0,0.0,0,bg,0.0,0.0,0,,0,0,0,0.0
0822-21_crop_01.jpg,1,A,2,149,0.9328859060402684,0.9328859060402684,1,A,1.0,1.0,1,A,1,139,182,0.7637362637362637
0822-21_crop_01.jpg,1,A,3,106,0.9150943396226415,0.9150943396226415,1,A,1.0,1.0,1,A,3,97,136,0.7132352941176471
0822-21_crop_01.jpg,1,A,4,144,0.8888888888888888,0.8888888888888888,1,A,1.0,1.0,1,A,4,128,136,0.9411764705882353
0822-24_crop_00.jpg,1,A,1,84,0.5476190476190477,0.5476190476190477,1,A,1.0,1.0,1,A,1,46,46,1.0
0822-24_crop_00.jpg,1,A,2,323,0.0,0.0,0,bg,0.0,0.0,0,,0,0,0,0.0
0822-24_crop_00.jpg,1,A,3,65,0.3230769230769231,0.3230769230769231,1,A,1.0,1.0,1,A,3,21,21,1.0
0822-24_crop_00.jpg,1,A,4,68,0.8676470588235294,0.8676470588235294,1,A,1.0,1.0,1,A,4,59,262,0.22519083969465647
0822-24_crop_00.jpg,1,A,5,174,0.9367816091954023,0.9367816091954023,1,A,1.0,1.0,1,A,4,163,262,0.6221374045801527
0822-24_crop_00.jpg,1,A,6,205,0.9414634146341463,0.9414634146341463,1,A,1.0,1.0,1,A,6,193,223,0.8654708520179372
0822-24_crop_00.jpg,1,A,7,164,0.9024390243902439,0.9024390243902439,1,A,1.0,1.0,1,A,7,148,163,0.9079754601226994
0822-24_crop_00.jpg,1,A,8,49,0.0,0.0,0,bg,0.0,0.0,0,,0,0,0,0.0
0822-24_crop_00.jpg,1,A,9,113,0.3008849557522124,0.3008849557522124,1,A,1.0,1.0,1,A,10,34,38,0.8947368421052632
0822-24_crop_00.jpg,1,A,10,126,0.753968253968254,0.753968253968254,1,A,1.0,1.0,1,A,9,95,98,0.9693877551020408
0822-24_crop_00.jpg,1,A,11,210,0.8476190476190476,0.8476190476190476,1,A,1.0,1.0,1,A,11,178,209,0.8516746411483254
0822-26_crop_01.jpg,1,A,1,100,0.85,0.85,1,A,1.0,1.0,1,A,1,85,275,0.3090909090909091
0822-26_crop_01.jpg,1,A,2,117,0.9487179487179487,0.9487179487179487,1,A,1.0,1.0,1,A,1,111,275,0.4036363636363636
0822-26_crop_01.jpg,1,A,3,83,0.9036144578313253,0.9036144578313253,1,A,1.0,1.0,1,A,2,75,88,0.8522727272727273
0822-26_crop_01.jpg,1,A,4,190,0.9421052631578948,0.9421052631578948,1,A,1.0,1.0,1,A,3,179,217,0.8248847926267281
0822-26_crop_01.jpg,1,A,5,78,0.3076923076923077,0.3076923076923077,1,A,1.0,1.0,1,A,6,24,24,1.0
0822-26_crop_01.jpg,1,A,6,50,0.28,0.28,1,A,1.0,1.0,1,A,7,14,20,0.7
0822-26_crop_01.jpg,1,A,7,81,0.0,0.0,0,bg,0.0,0.0,0,,0,0,0,0.0
0822-26_crop_01.jpg,1,A,8,140,0.4785714285714286,0.4785714285714286,1,A,1.0,1.0,1,A,9,67,75,0.8933333333333333
0822-26_crop_01.jpg,1,A,9,96,0.7916666666666666,0.7916666666666666,1,A,1.0,1.0,1,A,10,76,85,0.8941176470588236
0822-26_crop_01.jpg,1,A,10,193,0.9067357512953368,0.9067357512953368,1,A,1.0,1.0,1,A,12,175,215,0.813953488372093
0822-26_crop_01.jpg,1,A,11,282,0.8971631205673759,0.8971631205673759,1,A,1.0,1.0,1,A,13,253,295,0.8576271186440678
0822-26_crop_01.jpg,2,B,1,301,0.6312292358803987,0.0,1,A,1.0,0.0,1,A,4,190,200,0.95
0822-2_crop_01.jpg,1,A,1,63,0.0,0.0,0,bg,0.0,0.0,0,,0,0,0,0.0
0822-2_crop_01.jpg,1,A,2,96,0.010416666666666666,0.0,2,B,1.0,0.0,1,B,1,1,11,0.09090909090909091
0822-2_crop_01.jpg,1,A,3,100,0.0,0.0,0,bg,0.0,0.0,0,,0,0,0,0.0
0822-2_crop_01.jpg,4,D,1,81,0.7407407407407407,0.7407407407407407,4,D,1.0,1.0,1,D,2,60,67,0.8955223880597015
0822-30_crop_01.jpg,1,A,1,197,0.8527918781725888,0.8527918781725888,1,A,1.0,1.0,1,A,2,168,199,0.8442211055276382
0822-30_crop_01.jpg,1,A,2,124,0.7096774193548387,0.7096774193548387,1,A,1.0,1.0,1,A,3,88,93,0.946236559139785
0822-30_crop_01.jpg,1,A,3,205,0.4585365853658537,0.4585365853658537,1,A,1.0,1.0,1,A,5,94,96,0.9791666666666666
0822-30_crop_01.jpg,1,A,4,38,0.0,0.0,0,bg,0.0,0.0,0,,0,0,0,0.0
0822-30_crop_01.jpg,1,A,5,235,0.9787234042553191,0.9787234042553191,1,A,1.0,1.0,1,A,6,230,277,0.8303249097472925
0822-30_crop_01.jpg,4,D,1,731,0.5170998632010944,0.5170998632010944,4,D,1.0,1.0,1,D,8,378,378,1.0
0822-31_crop_01.jpg,1,A,1,73,0.3424657534246575,0.3424657534246575,1,A,1.0,1.0,1,A,1,25,25,1.0
0822-31_crop_01.jpg,1,A,2,264,0.928030303030303,0.928030303030303,1,A,1.0,1.0,1,A,2,245,380,0.6447368421052632
0822-31_crop_01.jpg,1,A,3,41,1.0,1.0,1,A,1.0,1.0,1,A,2,41,380,0.10789473684210527
0822-31_crop_01.jpg,1,A,4,84,0.0,0.0,0,bg,0.0,0.0,0,,0,0,0,0.0
0822-31_crop_01.jpg,1,A,5,47,0.40425531914893614,0.40425531914893614,1,A,1.0,1.0,1,A,2,19,380,0.05
0822-33_crop_00.jpg,1,A,1,180,0.8555555555555555,0.8555555555555555,1,A,1.0,1.0,1,A,1,154,185,0.8324324324324325
0822-33_crop_00.jpg,1,A,2,446,0.7152466367713004,0.7152466367713004,1,A,1.0,1.0,1,A,2,319,459,0.6949891067538126
0822-33_crop_00.jpg,1,A,3,270,0.7518518518518519,0.7518518518518519,1,A,1.0,1.0,1,A,3,203,278,0.7302158273381295
0822-33_crop_00.jpg,1,A,4,120,0.16666666666666666,0.16666666666666666,1,A,1.0,1.0,1,A,4,20,25,0.8
0822-33_crop_00.jpg,1,A,5,221,0.5339366515837104,0.5339366515837104,1,A,1.0,1.0,1,A,5,118,246,0.4796747967479675
0822-33_crop_00.jpg,1,A,6,83,0.8554216867469879,0.8554216867469879,1,A,1.0,1.0,1,A,5,71,246,0.2886178861788618
0822-33_crop_00.jpg,1,A,7,162,0.6975308641975309,0.6975308641975309,1,A,1.0,1.0,1,A,8,113,127,0.889763779527559
0822-33_crop_00.jpg,1,A,8,78,0.8974358974358975,0.8974358974358975,1,A,1.0,1.0,1,A,9,70,93,0.7526881720430108
0822-33_crop_00.jpg,1,A,9,244,0.5450819672131147,0.5450819672131147,1,A,1.0,1.0,1,A,10,133,133,1.0
0822-33_crop_00.jpg,1,A,10,164,0.676829268292683,0.676829268292683,1,A,1.0,1.0,1,A,11,111,111,1.0
0822-33_crop_00.jpg,1,A,11,103,0.0,0.0,0,bg,0.0,0.0,0,,0,0,0,0.0
0822-33_crop_00.jpg,1,A,12,143,0.0,0.0,0,bg,0.0,0.0,0,,0,0,0,0.0
0822-33_crop_00.jpg,1,A,13,47,0.0,0.0,0,bg,0.0,0.0,0,,0,0,0,0.0
0822-33_crop_00.jpg,1,A,14,69,0.9855072463768116,0.9855072463768116,1,A,1.0,1.0,1,A,13,68,112,0.6071428571428571
0822-9_crop_02.jpg,1,A,1,194,0.6649484536082474,0.6649484536082474,1,A,1.0,1.0,1,A,2,129,131,0.9847328244274809
0826_D-11_crop_00.jpg,4,D,1,873,0.0,0.0,0,bg,0.0,0.0,0,,0,0,0,0.0
0826_D-11_crop_00.jpg,4,D,2,113,0.8141592920353983,0.8141592920353983,4,D,1.0,1.0,1,D,1,92,92,1.0
0826_D-11_crop_02.jpg,4,D,1,81,0.7777777777777778,0.7777777777777778,4,D,1.0,1.0,1,D,1,63,63,1.0
0826_D-11_crop_02.jpg,4,D,2,49,0.9795918367346939,0.9795918367346939,4,D,1.0,1.0,1,D,2,48,64,0.75
0826_D-14_crop_01.jpg,4,D,1,81,0.9506172839506173,0.9506172839506173,4,D,1.0,1.0,1,D,1,77,88,0.875
0826_D-16_crop_02.jpg,4,D,1,49,0.40816326530612246,0.40816326530612246,4,D,1.0,1.0,1,D,1,20,20,1.0
0826_D-16_crop_02.jpg,4,D,2,81,0.9382716049382716,0.9382716049382716,4,D,1.0,1.0,1,D,2,76,87,0.8735632183908046
0826_D-16_crop_02.jpg,4,D,3,49,0.0,0.0,0,bg,0.0,0.0,0,,0,0,0,0.0
0826_D-17_crop_01.jpg,4,D,1,113,0.2743362831858407,0.2743362831858407,4,D,1.0,1.0,1,D,1,31,33,0.9393939393939394
0826_D-17_crop_01.jpg,4,D,2,49,0.0,0.0,0,bg,0.0,0.0,0,,0,0,0,0.0
0826_D-17_crop_01.jpg,4,D,3,81,0.9012345679012346,0.9012345679012346,4,D,1.0,1.0,1,D,2,73,80,0.9125
0826_D-17_crop_01.jpg,4,D,4,149,1.0,1.0,4,D,1.0,1.0,1,D,3,149,185,0.8054054054054054
0826_D-17_crop_01.jpg,4,D,5,81,1.0,1.0,4,D,1.0,1.0,1,D,4,81,105,0.7714285714285715
0826_D-17_crop_01.jpg,4,D,6,49,0.5918367346938775,0.5918367346938775,4,D,1.0,1.0,1,D,5,29,29,1.0
0826_D-17_crop_01.jpg,4,D,7,197,1.0,1.0,4,D,1.0,1.0,1,D,6,197,240,0.8208333333333333
0826_D-19_crop_01.jpg,4,D,1,113,0.9911504424778761,0.9911504424778761,4,D,1.0,1.0,1,D,1,112,124,0.9032258064516129
0826_D-19_crop_01.jpg,4,D,2,81,0.8765432098765432,0.8765432098765432,4,D,1.0,1.0,1,D,2,71,74,0.9594594594594594
0826_D-20_crop_00.jpg,4,D,1,49,0.9387755102040817,0.9387755102040817,4,D,1.0,1.0,1,D,1,46,53,0.8679245283018868
0826_D-20_crop_00.jpg,4,D,2,81,0.9259259259259259,0.9259259259259259,4,D,1.0,1.0,1,D,2,75,94,0.7978723404255319
0826_D-20_crop_00.jpg,4,D,3,49,0.14285714285714285,0.14285714285714285,4,D,1.0,1.0,1,D,3,7,7,1.0
0826_D-20_crop_00.jpg,4,D,4,463,0.9308855291576674,0.9308855291576674,4,D,1.0,1.0,1,D,5,431,462,0.9329004329004329
0826_D-20_crop_00.jpg,4,D,5,81,0.9876543209876543,0.9876543209876543,4,D,1.0,1.0,1,D,6,80,101,0.7920792079207921
0826_D-20_crop_00.jpg,4,D,6,81,0.9506172839506173,0.9506172839506173,4,D,1.0,1.0,1,D,7,77,85,0.9058823529411765
0826_D-20_crop_00.jpg,4,D,7,209,0.9425837320574163,0.9425837320574163,4,D,1.0,1.0,1,D,8,197,220,0.8954545454545455
0826_D-20_crop_01.jpg,4,D,1,49,0.0,0.0,0,bg,0.0,0.0,0,,0,0,0,0.0
0826_D-20_crop_01.jpg,4,D,2,81,0.8024691358024691,0.8024691358024691,4,D,1.0,1.0,1,D,1,65,67,0.9701492537313433
0826_D-20_crop_01.jpg,4,D,3,49,0.8367346938775511,0.8367346938775511,4,D,1.0,1.0,1,D,2,41,41,1.0
0826_D-25_crop_00.jpg,4,D,1,113,0.9469026548672567,0.9469026548672567,4,D,1.0,1.0,1,D,1,107,134,0.7985074626865671
0826_D-25_crop_00.jpg,4,D,2,113,0.9646017699115044,0.9646017699115044,4,D,1.0,1.0,1,D,2,109,136,0.8014705882352942
0826_D-25_crop_00.jpg,4,D,3,99,0.9797979797979798,0.9797979797979798,4,D,1.0,1.0,1,D,3,97,128,0.7578125
0826_D-25_crop_00.jpg,4,D,4,49,0.0,0.0,0,bg,0.0,0.0,0,,0,0,0,0.0
0826_D-25_crop_00.jpg,4,D,5,49,1.0,1.0,4,D,1.0,1.0,1,D,4,49,72,0.6805555555555556
0826_D-25_crop_00.jpg,4,D,6,81,0.0,0.0,0,bg,0.0,0.0,0,,0,0,0,0.0
0826_D-32_crop_02.jpg,4,D,1,149,0.9798657718120806,0.9798657718120806,4,D,1.0,1.0,1,D,1,146,160,0.9125
0826_D-33_crop_00.jpg,4,D,1,107,0.0,0.0,0,bg,0.0,0.0,0,,0,0,0,0.0
0826_D-33_crop_00.jpg,4,D,2,29,0.0,0.0,0,bg,0.0,0.0,0,,0,0,0,0.0
0826_D-33_crop_00.jpg,4,D,3,29,0.0,0.0,0,bg,0.0,0.0,0,,0,0,0,0.0
0826_D-33_crop_00.jpg,4,D,4,81,0.7160493827160493,0.7160493827160493,4,D,1.0,1.0,1,D,1,58,58,1.0
0826_D-33_crop_00.jpg,4,D,5,49,0.0,0.0,0,bg,0.0,0.0,0,,0,0,0,0.0
0826_D-33_crop_00.jpg,4,D,6,49,0.0,0.0,0,bg,0.0,0.0,0,,0,0,0,0.0
0826_D-33_crop_00.jpg,4,D,7,49,1.0,1.0,4,D,1.0,1.0,1,D,2,49,79,0.620253164556962
0826_D-33_crop_00.jpg,4,D,8,49,0.20408163265306123,0.20408163265306123,4,D,1.0,1.0,1,D,3,10,10,1.0
0826_D-33_crop_01.jpg,4,D,1,149,1.0,1.0,4,D,1.0,1.0,1,D,1,149,182,0.8186813186813187
0826_D-33_crop_01.jpg,4,D,2,81,0.4444444444444444,0.4444444444444444,4,D,1.0,1.0,1,D,2,36,36,1.0
0826_D-33_crop_01.jpg,4,D,3,81,0.9753086419753086,0.9753086419753086,4,D,1.0,1.0,1,D,3,79,91,0.8681318681318682
0826_D-33_crop_01.jpg,4,D,4,317,0.7981072555205048,0.7981072555205048,4,D,1.0,1.0,1,D,4,253,253,1.0
0826_D-33_crop_01.jpg,4,D,5,113,0.9557522123893806,0.9557522123893806,4,D,1.0,1.0,1,D,5,108,117,0.9230769230769231
0826_D-37_crop_02.jpg,4,D,1,81,0.9382716049382716,0.9382716049382716,4,D,1.0,1.0,1,D,1,76,83,0.9156626506024096
0826_D-37_crop_02.jpg,4,D,2,113,0.9469026548672567,0.9469026548672567,4,D,1.0,1.0,1,D,2,107,111,0.963963963963964
0826_D-3_crop_01.jpg,4,D,1,149,0.8657718120805369,0.8657718120805369,4,D,1.0,1.0,1,D,1,129,131,0.9847328244274809
0826_D-3_crop_01.jpg,4,D,2,149,0.825503355704698,0.825503355704698,4,D,1.0,1.0,1,D,2,123,127,0.968503937007874
0826_D-42_crop_02.jpg,4,D,1,113,0.9469026548672567,0.9469026548672567,4,D,1.0,1.0,1,D,1,107,109,0.981651376146789
0826_D-43_crop_01.jpg,4,D,1,149,0.9463087248322147,0.9463087248322147,4,D,1.0,1.0,1,D,1,141,144,0.9791666666666666
0826_D-43_crop_01.jpg,4,D,2,49,1.0,1.0,4,D,1.0,1.0,1,D,2,49,75,0.6533333333333333
0826_D-43_crop_01.jpg,4,D,3,81,0.8148148148148148,0.8148148148148148,4,D,1.0,1.0,1,D,3,66,72,0.9166666666666666
0826_D-45_crop_01.jpg,4,D,1,253,0.9525691699604744,0.9525691699604744,4,D,1.0,1.0,1,D,1,241,252,0.9563492063492064
0826_D-45_crop_01.jpg,4,D,2,81,0.7530864197530864,0.7530864197530864,4,D,1.0,1.0,1,D,2,61,61,1.0
0826_D-45_crop_01.jpg,4,D,3,81,0.9629629629629629,0.9629629629629629,4,D,1.0,1.0,1,D,3,78,104,0.75
0826_D-45_crop_01.jpg,4,D,4,81,0.9135802469135802,0.9135802469135802,4,D,1.0,1.0,1,D,4,74,76,0.9736842105263158
0826_D-4_crop_01.jpg,4,D,1,81,0.8395061728395061,0.8395061728395061,4,D,1.0,1.0,1,D,1,68,86,0.7906976744186046
0826_D-4_crop_01.jpg,4,D,2,29,0.7586206896551724,0.7586206896551724,4,D,1.0,1.0,1,D,2,22,24,0.9166666666666666
0826_D-4_crop_01.jpg,4,D,3,81,0.654320987654321,0.654320987654321,4,D,1.0,1.0,1,D,3,53,53,1.0
0826_D-4_crop_01.jpg,4,D,4,81,0.9506172839506173,0.9506172839506173,4,D,1.0,1.0,1,D,4,77,90,0.8555555555555555
0826_D-56_crop_00.jpg,4,D,1,29,0.0,0.0,0,bg,0.0,0.0,0,,0,0,0,0.0
0826_D-56_crop_00.jpg,4,D,2,81,0.8148148148148148,0.8148148148148148,4,D,1.0,1.0,1,D,1,66,66,1.0
0826_D-56_crop_00.jpg,4,D,3,49,0.9591836734693877,0.9591836734693877,4,D,1.0,1.0,1,D,2,47,60,0.7833333333333333
0826_D-56_crop_00.jpg,4,D,4,49,0.6938775510204082,0.6938775510204082,4,D,1.0,1.0,1,D,3,34,34,1.0
0826_D-56_crop_00.jpg,4,D,5,113,1.0,1.0,4,D,1.0,1.0,1,D,4,113,128,0.8828125
0826_D-57_crop_00.jpg,4,D,1,158,0.9240506329113924,0.9240506329113924,4,D,1.0,1.0,1,D,1,146,159,0.9182389937106918
0826_D-57_crop_00.jpg,4,D,2,81,0.7283950617283951,0.7283950617283951,4,D,1.0,1.0,1,D,2,59,59,1.0
0826_D-57_crop_00.jpg,4,D,3,253,0.8023715415019763,0.8023715415019763,4,D,1.0,1.0,1,D,3,203,203,1.0
0826_D-5_crop_01.jpg,4,D,1,49,0.7959183673469388,0.7959183673469388,4,D,1.0,1.0,1,D,1,39,39,1.0
0826_D-5_crop_01.jpg,4,D,2,317,0.8138801261829653,0.8138801261829653,4,D,1.0,1.0,1,D,2,258,281,0.9181494661921709
0826_D-63_crop_00.jpg,4,D,1,149,0.9664429530201343,0.9664429530201343,4,D,1.0,1.0,1,D,1,144,166,0.8674698795180723
0826_D-63_crop_00.jpg,4,D,2,29,0.0,0.0,0,bg,0.0,0.0,0,,0,0,0,0.0
0826_D-63_crop_00.jpg,4,D,3,49,1.0,1.0,4,D,1.0,1.0,1,D,2,49,71,0.6901408450704225
0826_D-63_crop_00.jpg,4,D,4,113,0.9823008849557522,0.9823008849557522,4,D,1.0,1.0,1,D,3,111,120,0.925
0826_D-66_crop_02.jpg,4,D,1,49,0.8163265306122449,0.8163265306122449,4,D,1.0,1.0,1,D,2,40,41,0.975609756097561
0826_D-69_crop_01.jpg,4,D,1,81,0.9382716049382716,0.9382716049382716,4,D,1.0,1.0,1,D,1,76,87,0.8735632183908046
0826_D-69_crop_01.jpg,4,D,2,81,0.9012345679012346,0.9012345679012346,4,D,1.0,1.0,1,D,2,73,75,0.9733333333333334
0826_D-69_crop_01.jpg,4,D,3,113,0.8584070796460177,0.8584070796460177,4,D,1.0,1.0,1,D,3,97,103,0.941747572815534
0826_D-70_crop_00.jpg,3,C,1,78,0.8076923076923077,0.0,1,A,1.0,0.0,1,A,2,63,77,0.8181818181818182
0826_D-70_crop_00.jpg,4,D,1,29,0.0,0.0,0,bg,0.0,0.0,0,,0,0,0,0.0
0826_D-70_crop_00.jpg,4,D,2,81,1.0,1.0,4,D,1.0,1.0,1,D,1,81,93,0.8709677419354839
0826_D-70_crop_00.jpg,4,D,3,149,0.912751677852349,0.912751677852349,4,D,1.0,1.0,1,D,3,136,144,0.9444444444444444
0826_D-70_crop_00.jpg,4,D,4,81,0.9629629629629629,0.9629629629629629,4,D,1.0,1.0,1,D,4,78,94,0.8297872340425532
0826_D-89_crop_01.jpg,4,D,1,81,0.9629629629629629,0.9629629629629629,4,D,1.0,1.0,1,D,1,78,100,0.78
0826_D-89_crop_01.jpg,4,D,2,197,0.8730964467005076,0.8730964467005076,4,D,1.0,1.0,1,D,2,172,185,0.9297297297297298
0826_D-8_crop_00.jpg,4,D,1,49,0.9183673469387755,0.9183673469387755,4,D,1.0,1.0,1,D,1,45,53,0.8490566037735849
0826_D-8_crop_00.jpg,4,D,2,81,0.9876543209876543,0.9876543209876543,4,D,1.0,1.0,1,D,2,80,106,0.7547169811320755
0826_D-8_crop_00.jpg,4,D,3,113,1.0,1.0,4,D,1.0,1.0,1,D,3,113,124,0.9112903225806451
0826_D-8_crop_00.jpg,4,D,4,113,0.9292035398230089,0.9292035398230089,4,D,1.0,1.0,1,D,4,105,113,0.9292035398230089
0826_D-8_crop_00.jpg,4,D,5,113,0.8849557522123894,0.8849557522123894,4,D,1.0,1.0,1,D,5,100,106,0.9433962264150944
0826_D-8_crop_00.jpg,4,D,6,49,0.0,0.0,0,bg,0.0,0.0,0,,0,0,0,0.0
0826_D-91_crop_02.jpg,4,D,1,49,0.9591836734693877,0.9591836734693877,4,D,1.0,1.0,1,D,1,47,56,0.8392857142857143
0826_D-94_crop_00.jpg,4,D,1,49,0.7959183673469388,0.7959183673469388,4,D,1.0,1.0,1,D,1,39,39,1.0
0826_D-94_crop_00.jpg,4,D,2,49,0.7959183673469388,0.7959183673469388,4,D,1.0,1.0,1,D,2,39,39,1.0
0826_D-94_crop_00.jpg,4,D,3,261,0.0,0.0,0,bg,0.0,0.0,0,,0,0,0,0.0
0826_D-94_crop_00.jpg,4,D,4,149,0.912751677852349,0.912751677852349,4,D,1.0,1.0,1,D,3,136,137,0.9927007299270073
0826_D-94_crop_00.jpg,4,D,5,29,0.0,0.0,0,bg,0.0,0.0,0,,0,0,0,0.0
0826_D-94_crop_01.jpg,4,D,1,29,0.0,0.0,0,bg,0.0,0.0,0,,0,0,0,0.0
0826_D-94_crop_01.jpg,4,D,2,29,0.9310344827586207,0.9310344827586207,4,D,1.0,1.0,1,D,1,27,32,0.84375
0826_D-95_crop_00.jpg,4,D,1,113,0.9911504424778761,0.9911504424778761,4,D,1.0,1.0,1,D,1,112,182,0.6153846153846154
0826_D-95_crop_00.jpg,4,D,2,81,0.16049382716049382,0.16049382716049382,4,D,1.0,1.0,1,D,1,13,182,0.07142857142857142
0826_D-95_crop_00.jpg,4,D,3,197,0.9949238578680203,0.9949238578680203,4,D,1.0,1.0,1,D,3,196,229,0.8558951965065502
0826_D-95_crop_00.jpg,4,D,4,49,1.0,1.0,4,D,1.0,1.0,1,D,4,49,67,0.7313432835820896
2025_3011_D_AWM-103_crop_00.jpg,4,D,1,50,0.26,0.26,4,D,1.0,1.0,1,D,1,13,13,1.0
2025_3011_D_AWM-103_crop_00.jpg,4,D,2,34,0.7941176470588235,0.7941176470588235,4,D,1.0,1.0,1,D,2,27,28,0.9642857142857143
2025_3011_D_AWM-103_crop_00.jpg,4,D,3,26,0.0,0.0,0,bg,0.0,0.0,0,,0,0,0,0.0
2025_3011_D_AWM-103_crop_00.jpg,4,D,4,19,0.0,0.0,0,bg,0.0,0.0,0,,0,0,0,0.0
2025_3011_D_AWM-103_crop_00.jpg,4,D,5,187,0.7700534759358288,0.7700534759358288,4,D,1.0,1.0,1,D,3,144,146,0.9863013698630136
2025_3011_D_AWM-103_crop_00.jpg,4,D,6,27,0.0,0.0,0,bg,0.0,0.0,0,,0,0,0,0.0
2025_3011_D_AWM-103_crop_00.jpg,4,D,7,60,0.8166666666666667,0.8166666666666667,4,D,1.0,1.0,1,D,4,49,53,0.9245283018867925
2025_3011_D_AWM-103_crop_00.jpg,4,D,8,29,0.896551724137931,0.896551724137931,4,D,1.0,1.0,1,D,5,26,26,1.0
2025_3011_D_AWM-103_crop_00.jpg,4,D,9,91,0.7472527472527473,0.7472527472527473,4,D,1.0,1.0,1,D,6,68,68,1.0
2025_3011_D_AWM-103_crop_00.jpg,4,D,10,46,0.0,0.0,0,bg,0.0,0.0,0,,0,0,0,0.0
2025_3011_D_AWM-103_crop_00.jpg,4,D,11,32,0.8125,0.8125,4,D,1.0,1.0,1,D,7,26,26,1.0
2025_3011_D_AWM-103_crop_00.jpg,4,D,12,33,0.8787878787878788,0.8787878787878788,4,D,1.0,1.0,1,D,8,29,30,0.9666666666666667
2025_3011_D_AWM-10_crop_00.jpg,4,D,1,29,0.0,0.0,0,bg,0.0,0.0,0,,0,0,0,0.0
2025_3011_D_AWM-10_crop_00.jpg,4,D,2,29,0.3103448275862069,0.0,2,B,1.0,0.0,1,B,1,9,16,0.5625
2025_3011_D_AWM-10_crop_00.jpg,4,D,3,29,0.5862068965517241,0.5862068965517241,4,D,1.0,1.0,1,D,3,17,18,0.9444444444444444
2025_3011_D_AWM-10_crop_00.jpg,4,D,4,29,0.5517241379310345,0.5517241379310345,4,D,1.0,1.0,1,D,4,16,17,0.9411764705882353
2025_3011_D_AWM-10_crop_00.jpg,4,D,5,29,0.7241379310344828,0.7241379310344828,4,D,1.0,1.0,1,D,6,21,25,0.84
2025_3011_D_AWM-10_crop_00.jpg,4,D,6,29,0.8275862068965517,0.8275862068965517,4,D,1.0,1.0,1,D,7,24,25,0.96
2025_3011_D_AWM-10_crop_00.jpg,4,D,7,13,1.0,1.0,4,D,1.0,1.0,1,D,8,13,27,0.48148148148148145
2025_3011_D_AWM-116_crop_00.jpg,4,D,1,27,0.8518518518518519,0.8518518518518519,4,D,1.0,1.0,1,D,2,23,25,0.92
2025_3011_D_AWM-116_crop_00.jpg,4,D,2,56,0.8392857142857143,0.8392857142857143,4,D,1.0,1.0,1,D,3,47,48,0.9791666666666666
2025_3011_D_AWM-116_crop_00.jpg,4,D,3,24,0.625,0.625,4,D,1.0,1.0,1,D,4,15,15,1.0
2025_3011_D_AWM-116_crop_00.jpg,4,D,4,57,0.8947368421052632,0.8947368421052632,4,D,1.0,1.0,1,D,5,51,52,0.9807692307692307
2025_3011_D_AWM-116_crop_00.jpg,4,D,5,58,0.8793103448275862,0.8793103448275862,4,D,1.0,1.0,1,D,6,51,57,0.8947368421052632
2025_3011_D_AWM-116_crop_00.jpg,4,D,6,57,0.8947368421052632,0.8947368421052632,4,D,1.0,1.0,1,D,7,51,53,0.9622641509433962
2025_3011_D_AWM-119_crop_00.jpg,4,D,1,40,0.7,0.7,4,D,1.0,1.0,1,D,1,28,31,0.9032258064516129
2025_3011_D_AWM-119_crop_00.jpg,4,D,2,52,0.4423076923076923,0.4423076923076923,4,D,1.0,1.0,1,D,2,23,24,0.9583333333333334
2025_3011_D_AWM-119_crop_00.jpg,4,D,3,33,0.8181818181818182,0.8181818181818182,4,D,1.0,1.0,1,D,3,27,31,0.8709677419354839
2025_3011_D_AWM-119_crop_00.jpg,4,D,4,47,0.9361702127659575,0.9361702127659575,4,D,1.0,1.0,1,D,4,44,52,0.8461538461538461
2025_3011_D_AWM-119_crop_00.jpg,4,D,5,37,0.9459459459459459,0.9459459459459459,4,D,1.0,1.0,1,D,5,35,36,0.9722222222222222
2025_3011_D_AWM-119_crop_00.jpg,4,D,6,17,0.8235294117647058,0.8235294117647058,4,D,1.0,1.0,1,D,6,14,25,0.56
2025_3011_D_AWM-119_crop_00.jpg,4,D,7,66,0.9393939393939394,0.9393939393939394,4,D,1.0,1.0,1,D,7,62,69,0.8985507246376812
2025_3011_D_AWM-11_crop_00.jpg,4,D,1,29,1.0,1.0,4,D,1.0,1.0,1,D,1,29,48,0.6041666666666666
2025_3011_D_AWM-11_crop_00.jpg,4,D,2,13,0.0,0.0,0,bg,0.0,0.0,0,,0,0,0,0.0
2025_3011_D_AWM-11_crop_00.jpg,4,D,3,29,0.8275862068965517,0.8275862068965517,4,D,1.0,1.0,1,D,2,24,25,0.96
2025_3011_D_AWM-11_crop_00.jpg,4,D,4,13,0.6923076923076923,0.6923076923076923,4,D,1.0,1.0,1,D,4,9,10,0.9
2025_3011_D_AWM-11_crop_00.jpg,4,D,5,49,0.6530612244897959,0.6530612244897959,4,D,1.0,1.0,1,D,7,32,32,1.0
2025_3011_D_AWM-120_crop_00.jpg,4,D,1,37,0.8648648648648649,0.8648648648648649,4,D,1.0,1.0,1,D,1,32,34,0.9411764705882353
2025_3011_D_AWM-120_crop_00.jpg,4,D,2,31,0.8709677419354839,0.8709677419354839,4,D,1.0,1.0,1,D,2,27,36,0.75
2025_3011_D_AWM-120_crop_00.jpg,4,D,3,125,0.808,0.808,4,D,1.0,1.0,1,D,3,101,102,0.9901960784313726
2025_3011_D_AWM-120_crop_00.jpg,4,D,4,21,0.8571428571428571,0.8571428571428571,4,D,1.0,1.0,1,D,4,18,21,0.8571428571428571
2025_3011_D_AWM-120_crop_00.jpg,4,D,5,49,0.6530612244897959,0.6530612244897959,4,D,1.0,1.0,1,D,5,32,32,1.0
2025_3011_D_AWM-120_crop_00.jpg,4,D,6,25,0.92,0.92,4,D,1.0,1.0,1,D,6,23,26,0.8846153846153846
2025_3011_D_AWM-120_crop_00.jpg,4,D,7,14,0.0,0.0,0,bg,0.0,0.0,0,,0,0,0,0.0
2025_3011_D_AWM-120_crop_00.jpg,4,D,8,26,0.7307692307692307,0.7307692307692307,4,D,1.0,1.0,1,D,7,19,25,0.76
2025_3011_D_AWM-12_crop_00.jpg,4,D,1,113,0.0,0.0,0,bg,0.0,0.0,0,,0,0,0,0.0
2025_3011_D_AWM-12_crop_00.jpg,4,D,2,49,0.6530612244897959,0.6530612244897959,4,D,1.0,1.0,1,D,1,32,32,1.0
2025_3011_D_AWM-12_crop_00.jpg,4,D,3,29,0.0,0.0,0,bg,0.0,0.0,0,,0,0,0,0.0
2025_3011_D_AWM-12_crop_00.jpg,4,D,4,49,0.0,0.0,0,bg,0.0,0.0,0,,0,0,0,0.0
2025_3011_D_AWM-12_crop_00.jpg,4,D,5,49,0.9795918367346939,0.9795918367346939,4,D,1.0,1.0,1,D,2,48,56,0.8571428571428571
2025_3011_D_AWM-12_crop_00.jpg,4,D,6,29,0.6551724137931034,0.6551724137931034,4,D,1.0,1.0,1,D,3,19,61,0.3114754098360656
2025_3011_D_AWM-12_crop_00.jpg,4,D,7,29,0.2413793103448276,0.2413793103448276,4,D,1.0,1.0,1,D,3,7,61,0.11475409836065574
2025_3011_D_AWM-12_crop_00.jpg,4,D,8,99,0.0,0.0,0,bg,0.0,0.0,0,,0,0,0,0.0
2025_3011_D_AWM-12_crop_00.jpg,4,D,9,29,0.5862068965517241,0.5862068965517241,4,D,1.0,1.0,1,D,4,17,21,0.8095238095238095
2025_3011_D_AWM-12_crop_00.jpg,4,D,10,29,0.9655172413793104,0.9655172413793104,4,D,1.0,1.0,1,D,5,28,31,0.9032258064516129
2025_3011_D_AWM-134_crop_00.jpg,4,D,1,37,0.7567567567567568,0.7567567567567568,4,D,1.0,1.0,1,D,1,28,28,1.0
2025_3011_D_AWM-134_crop_00.jpg,4,D,2,18,0.6666666666666666,0.6666666666666666,4,D,1.0,1.0,1,D,2,12,13,0.9230769230769231
2025_3011_D_AWM-134_crop_00.jpg,4,D,3,63,0.7619047619047619,0.7619047619047619,4,D,1.0,1.0,1,D,4,48,50,0.96
2025_3011_D_AWM-134_crop_00.jpg,4,D,4,52,0.0,0.0,0,bg,0.0,0.0,0,,0,0,0,0.0
2025_3011_D_AWM-136_crop_00.jpg,4,D,1,30,0.6,0.6,4,D,1.0,1.0,1,D,1,18,24,0.75
2025_3011_D_AWM-136_crop_00.jpg,4,D,2,38,0.9473684210526315,0.9473684210526315,4,D,1.0,1.0,1,D,4,36,52,0.6923076923076923
2025_3011_D_AWM-140_crop_00.jpg,4,D,1,42,0.8809523809523809,0.8809523809523809,4,D,1.0,1.0,1,D,1,37,45,0.8222222222222222
2025_3011_D_AWM-140_crop_00.jpg,4,D,2,49,0.8775510204081632,0.8775510204081632,4,D,1.0,1.0,1,D,2,43,53,0.8113207547169812
2025_3011_D_AWM-175_crop_00.jpg,4,D,1,85,0.8705882352941177,0.8705882352941177,4,D,1.0,1.0,1,D,2,74,75,0.9866666666666667
2025_3011_D_AWM-1_crop_00.jpg,4,D,1,29,0.7241379310344828,0.7241379310344828,4,D,1.0,1.0,1,D,1,21,26,0.8076923076923077
2025_3011_D_AWM-1_crop_00.jpg,4,D,2,13,0.0,0.0,0,bg,0.0,0.0,0,,0,0,0,0.0
2025_3011_D_AWM-1_crop_00.jpg,4,D,3,29,0.8620689655172413,0.8620689655172413,4,D,1.0,1.0,1,D,2,25,31,0.8064516129032258
2025_3011_D_AWM-1_crop_00.jpg,4,D,4,29,0.7931034482758621,0.7931034482758621,4,D,1.0,1.0,1,D,3,23,23,1.0
2025_3011_D_AWM-22_crop_00.jpg,4,D,1,29,0.896551724137931,0.896551724137931,4,D,1.0,1.0,1,D,1,26,31,0.8387096774193549
2025_3011_D_AWM-22_crop_00.jpg,4,D,2,29,0.6896551724137931,0.6896551724137931,4,D,1.0,1.0,1,D,2,20,22,0.9090909090909091
2025_3011_D_AWM-22_crop_00.jpg,4,D,3,49,0.8775510204081632,0.8775510204081632,4,D,1.0,1.0,1,D,3,43,43,1.0
2025_3011_D_AWM-22_crop_00.jpg,4,D,4,29,0.7586206896551724,0.7586206896551724,4,D,1.0,1.0,1,D,4,22,27,0.8148148148148148
2025_3011_D_AWM-22_crop_00.jpg,4,D,5,81,0.7901234567901234,0.7901234567901234,4,D,1.0,1.0,1,D,5,64,67,0.9552238805970149
2025_3011_D_AWM-22_crop_00.jpg,4,D,6,49,0.7142857142857143,0.7142857142857143,4,D,1.0,1.0,1,D,6,35,40,0.875
2025_3011_D_AWM-22_crop_00.jpg,4,D,7,81,0.8148148148148148,0.8148148148148148,4,D,1.0,1.0,1,D,7,66,70,0.9428571428571428
2025_3011_D_AWM-22_crop_00.jpg,4,D,8,49,0.9795918367346939,0.9795918367346939,4,D,1.0,1.0,1,D,8,48,59,0.8135593220338984
2025_3011_D_AWM-25_crop_00.jpg,2,B,1,129,0.007751937984496124,0.0,4,D,1.0,0.0,1,D,2,1,1,1.0
2025_3011_D_AWM-25_crop_00.jpg,4,D,1,29,1.0,1.0,4,D,1.0,1.0,1,D,1,29,35,0.8285714285714286
2025_3011_D_AWM-25_crop_00.jpg,4,D,2,13,0.5384615384615384,0.5384615384615384,4,D,1.0,1.0,1,D,3,7,16,0.4375
2025_3011_D_AWM-25_crop_00.jpg,4,D,3,49,0.9387755102040817,0.9387755102040817,4,D,1.0,1.0,1,D,4,46,47,0.9787234042553191
2025_3011_D_AWM-25_crop_00.jpg,4,D,4,113,0.9646017699115044,0.9646017699115044,4,D,1.0,1.0,1,D,5,109,134,0.8134328358208955
2025_3011_D_AWM-25_crop_00.jpg,4,D,5,13,0.9230769230769231,0.9230769230769231,4,D,1.0,1.0,1,D,6,12,22,0.5454545454545454
2025_3011_D_AWM-28_crop_00.jpg,4,D,1,13,0.0,0.0,0,bg,0.0,0.0,0,,0,0,0,0.0
2025_3011_D_AWM-28_crop_00.jpg,4,D,2,29,0.8275862068965517,0.8275862068965517,4,D,1.0,1.0,1,D,1,24,26,0.9230769230769231
2025_3011_D_AWM-28_crop_00.jpg,4,D,3,29,0.8620689655172413,0.8620689655172413,4,D,1.0,1.0,1,D,2,25,31,0.8064516129032258
2025_3011_D_AWM-28_crop_00.jpg,4,D,4,13,0.0,0.0,0,bg,0.0,0.0,0,,0,0,0,0.0
2025_3011_D_AWM-28_crop_00.jpg,4,D,5,13,0.0,0.0,0,bg,0.0,0.0,0,,0,0,0,0.0
2025_3011_D_AWM-28_crop_00.jpg,4,D,6,13,0.8461538461538461,0.8461538461538461,4,D,1.0,1.0,1,D,3,11,14,0.7857142857142857
2025_3011_D_AWM-28_crop_00.jpg,4,D,7,29,0.8620689655172413,0.8620689655172413,4,D,1.0,1.0,1,D,4,25,30,0.8333333333333334
2025_3011_D_AWM-28_crop_00.jpg,4,D,8,29,0.896551724137931,0.896551724137931,4,D,1.0,1.0,1,D,5,26,29,0.896551724137931
2025_3011_D_AWM-28_crop_00.jpg,4,D,9,29,0.896551724137931,0.896551724137931,4,D,1.0,1.0,1,D,6,26,30,0.8666666666666667
2025_3011_D_AWM-2_crop_00.jpg,4,D,1,13,0.0,0.0,0,bg,0.0,0.0,0,,0,0,0,0.0
2025_3011_D_AWM-2_crop_00.jpg,4,D,2,13,0.0,0.0,0,bg,0.0,0.0,0,,0,0,0,0.0
2025_3011_D_AWM-2_crop_00.jpg,4,D,3,13,0.0,0.0,0,bg,0.0,0.0,0,,0,0,0,0.0
2025_3011_D_AWM-2_crop_00.jpg,4,D,4,13,0.0,0.0,0,bg,0.0,0.0,0,,0,0,0,0.0
2025_3011_D_AWM-2_crop_00.jpg,4,D,5,13,1.0,1.0,4,D,1.0,1.0,1,D,1,13,30,0.43333333333333335
2025_3011_D_AWM-2_crop_00.jpg,4,D,6,13,1.0,1.0,4,D,1.0,1.0,1,D,2,13,20,0.65
2025_3011_D_AWM-2_crop_00.jpg,4,D,7,29,1.0,1.0,4,D,1.0,1.0,1,D,3,29,40,0.725
2025_3011_D_AWM-2_crop_00.jpg,4,D,8,29,0.0,0.0,0,bg,0.0,0.0,0,,0,0,0,0.0
2025_3011_D_AWM-2_crop_00.jpg,4,D,9,29,0.896551724137931,0.896551724137931,4,D,1.0,1.0,1,D,4,26,38,0.6842105263157895
2025_3011_D_AWM-2_crop_00.jpg,4,D,10,29,0.9655172413793104,0.9655172413793104,4,D,1.0,1.0,1,D,5,28,34,0.8235294117647058
2025_3011_D_AWM-2_crop_00.jpg,4,D,11,29,0.7931034482758621,0.7931034482758621,4,D,1.0,1.0,1,D,6,23,30,0.7666666666666667
2025_3011_D_AWM-35_crop_00.jpg,2,B,1,149,0.03355704697986577,0.03355704697986577,2,B,1.0,1.0,1,B,6,5,5,1.0
2025_3011_D_AWM-35_crop_00.jpg,4,D,1,29,0.9310344827586207,0.9310344827586207,4,D,1.0,1.0,1,D,1,27,33,0.8181818181818182
2025_3011_D_AWM-35_crop_00.jpg,4,D,2,29,0.0,0.0,0,bg,0.0,0.0,0,,0,0,0,0.0
2025_3011_D_AWM-35_crop_00.jpg,4,D,3,49,0.8163265306122449,0.8163265306122449,4,D,1.0,1.0,1,D,2,40,40,1.0
2025_3011_D_AWM-35_crop_00.jpg,4,D,4,81,0.9135802469135802,0.9135802469135802,4,D,1.0,1.0,1,D,3,74,83,0.891566265060241
2025_3011_D_AWM-35_crop_00.jpg,4,D,5,29,0.5862068965517241,0.5862068965517241,4,D,1.0,1.0,1,D,4,17,78,0.21794871794871795
2025_3011_D_AWM-35_crop_00.jpg,4,D,6,13,0.6923076923076923,0.6923076923076923,4,D,1.0,1.0,1,D,5,9,16,0.5625
2025_3011_D_AWM-35_crop_00.jpg,4,D,7,49,0.5306122448979592,0.5306122448979592,4,D,1.0,1.0,1,D,4,26,78,0.3333333333333333
2025_3011_D_AWM-36_crop_00.jpg,4,D,1,47,0.8723404255319149,0.8723404255319149,4,D,1.0,1.0,1,D,1,41,51,0.803921568627451
2025_3011_D_AWM-36_crop_00.jpg,4,D,2,13,1.0,1.0,4,D,1.0,1.0,1,D,2,13,25,0.52
2025_3011_D_AWM-36_crop_00.jpg,4,D,3,13,0.0,0.0,0,bg,0.0,0.0,0,,0,0,0,0.0
2025_3011_D_AWM-36_crop_00.jpg,4,D,4,29,1.0,1.0,4,D,1.0,1.0,1,D,3,29,45,0.6444444444444445
2025_3011_D_AWM-3_crop_00.jpg,4,D,1,49,0.0,0.0,0,bg,0.0,0.0,0,,0,0,0,0.0
2025_3011_D_AWM-3_crop_00.jpg,4,D,2,29,0.0,0.0,0,bg,0.0,0.0,0,,0,0,0,0.0
2025_3011_D_AWM-3_crop_00.jpg,4,D,3,49,0.5918367346938775,0.5918367346938775,4,D,1.0,1.0,1,D,3,29,34,0.8529411764705882
2025_3011_D_AWM-3_crop_00.jpg,4,D,4,29,0.7586206896551724,0.7586206896551724,4,D,1.0,1.0,1,D,4,22,22,1.0
2025_3011_D_AWM-3_crop_00.jpg,4,D,5,13,0.46153846153846156,0.46153846153846156,4,D,1.0,1.0,1,D,5,6,8,0.75
2025_3011_D_AWM-42_crop_00.jpg,2,B,1,214,0.17289719626168223,0.0,3,C,1.0,0.0,1,C,3,37,37,1.0
2025_3011_D_AWM-42_crop_00.jpg,2,B,2,215,0.9023255813953488,0.9023255813953488,2,B,1.0,1.0,1,B,6,194,310,0.6258064516129033
2025_3011_D_AWM-42_crop_00.jpg,4,D,1,42,0.7142857142857143,0.7142857142857143,4,D,1.0,1.0,1,D,1,30,33,0.9090909090909091
2025_3011_D_AWM-42_crop_00.jpg,4,D,2,29,1.0,1.0,4,D,1.0,1.0,1,D,4,29,35,0.8285714285714286
2025_3011_D_AWM-42_crop_00.jpg,4,D,3,13,0.9230769230769231,0.9230769230769231,4,D,1.0,1.0,1,D,5,12,26,0.46153846153846156
2025_3011_D_AWM-42_crop_00.jpg,4,D,4,51,0.7450980392156863,0.7450980392156863,4,D,1.0,1.0,1,D,7,38,38,1.0
2025_3011_D_AWM-42_crop_00.jpg,4,D,5,29,0.9655172413793104,0.0,2,B,1.0,0.0,1,B,10,28,134,0.208955223880597
2025_3011_D_AWM-42_crop_00.jpg,4,D,6,13,1.0,0.0,2,B,1.0,0.0,1,B,10,13,134,0.09701492537313433
2025_3011_D_AWM-42_crop_00.jpg,4,D,7,45,0.8666666666666667,0.8666666666666667,4,D,1.0,1.0,1,D,11,39,51,0.7647058823529411
2025_3011_D_AWM-42_crop_00.jpg,4,D,8,13,0.5384615384615384,0.5384615384615384,4,D,1.0,1.0,1,D,12,7,9,0.7777777777777778
2025_3011_D_AWM-42_crop_00.jpg,4,D,9,29,0.5517241379310345,0.5517241379310345,4,D,1.0,1.0,1,D,13,16,16,1.0
2025_3011_D_AWM-49_crop_00.jpg,2,B,1,113,0.6814159292035398,0.6814159292035398,2,B,1.0,1.0,1,B,5,77,94,0.8191489361702128
2025_3011_D_AWM-49_crop_00.jpg,4,D,1,29,0.896551724137931,0.896551724137931,4,D,1.0,1.0,1,D,1,26,29,0.896551724137931
2025_3011_D_AWM-49_crop_00.jpg,4,D,2,13,1.0,1.0,4,D,1.0,1.0,1,D,2,13,26,0.5
2025_3011_D_AWM-49_crop_00.jpg,4,D,3,29,0.7241379310344828,0.7241379310344828,4,D,1.0,1.0,1,D,3,21,21,1.0
2025_3011_D_AWM-49_crop_00.jpg,4,D,4,13,0.0,0.0,0,bg,0.0,0.0,0,,0,0,0,0.0
2025_3011_D_AWM-49_crop_00.jpg,4,D,5,29,0.9310344827586207,0.9310344827586207,4,D,1.0,1.0,1,D,4,27,40,0.675
2025_3011_D_AWM-4_crop_00.jpg,4,D,1,29,0.6896551724137931,0.6896551724137931,4,D,1.0,1.0,1,D,1,20,22,0.9090909090909091
2025_3011_D_AWM-4_crop_00.jpg,4,D,2,29,0.5172413793103449,0.5172413793103449,4,D,1.0,1.0,1,D,2,15,18,0.8333333333333334
2025_3011_D_AWM-4_crop_00.jpg,4,D,3,29,0.896551724137931,0.896551724137931,4,D,1.0,1.0,1,D,4,26,28,0.9285714285714286
2025_3011_D_AWM-4_crop_00.jpg,4,D,4,49,0.7959183673469388,0.7959183673469388,4,D,1.0,1.0,1,D,5,39,43,0.9069767441860465
2025_3011_D_AWM-4_crop_00.jpg,4,D,5,29,0.8620689655172413,0.8620689655172413,4,D,1.0,1.0,1,D,6,25,30,0.8333333333333334
2025_3011_D_AWM-54_crop_00.jpg,4,D,1,29,0.7241379310344828,0.7241379310344828,4,D,1.0,1.0,1,D,1,21,21,1.0
2025_3011_D_AWM-54_crop_00.jpg,4,D,2,29,0.8275862068965517,0.8275862068965517,4,D,1.0,1.0,1,D,2,24,26,0.9230769230769231
2025_3011_D_AWM-54_crop_00.jpg,4,D,3,29,0.896551724137931,0.896551724137931,4,D,1.0,1.0,1,D,3,26,35,0.7428571428571429
2025_3011_D_AWM-54_crop_00.jpg,4,D,4,29,0.0,0.0,0,bg,0.0,0.0,0,,0,0,0,0.0
2025_3011_D_AWM-54_crop_00.jpg,4,D,5,29,0.896551724137931,0.896551724137931,4,D,1.0,1.0,1,D,4,26,29,0.896551724137931
2025_3011_D_AWM-54_crop_00.jpg,4,D,6,29,0.9310344827586207,0.9310344827586207,4,D,1.0,1.0,1,D,5,27,32,0.84375
2025_3011_D_AWM-62_crop_00.jpg,4,D,1,29,0.7241379310344828,0.7241379310344828,4,D,1.0,1.0,1,D,1,21,22,0.9545454545454546
2025_3011_D_AWM-62_crop_00.jpg,4,D,2,13,0.46153846153846156,0.46153846153846156,4,D,1.0,1.0,1,D,2,6,32,0.1875
2025_3011_D_AWM-62_crop_00.jpg,4,D,3,13,0.7692307692307693,0.7692307692307693,4,D,1.0,1.0,1,D,2,10,32,0.3125
2025_3011_D_AWM-62_crop_00.jpg,4,D,4,13,0.0,0.0,0,bg,0.0,0.0,0,,0,0,0,0.0
2025_3011_D_AWM-62_crop_00.jpg,4,D,5,29,0.8620689655172413,0.8620689655172413,4,D,1.0,1.0,1,D,3,25,27,0.9259259259259259
2025_3011_D_AWM-62_crop_00.jpg,4,D,6,29,0.8620689655172413,0.8620689655172413,4,D,1.0,1.0,1,D,5,25,27,0.9259259259259259
2025_3011_D_AWM-62_crop_00.jpg,4,D,7,29,0.896551724137931,0.896551724137931,4,D,1.0,1.0,1,D,6,26,28,0.9285714285714286
2025_3011_D_AWM-62_crop_00.jpg,4,D,8,49,0.9183673469387755,0.9183673469387755,4,D,1.0,1.0,1,D,7,45,63,0.7142857142857143
2025_3011_D_AWM-63_crop_00.jpg,3,C,1,145,0.8206896551724138,0.8206896551724138,3,C,1.0,1.0,1,C,6,119,138,0.8623188405797102
2025_3011_D_AWM-63_crop_00.jpg,4,D,1,49,0.6938775510204082,0.6938775510204082,4,D,1.0,1.0,1,D,1,34,34,1.0
2025_3011_D_AWM-63_crop_00.jpg,4,D,2,49,0.7551020408163265,0.7551020408163265,4,D,1.0,1.0,1,D,4,37,44,0.8409090909090909
2025_3011_D_AWM-63_crop_00.jpg,4,D,3,49,0.6326530612244898,0.6326530612244898,4,D,1.0,1.0,1,D,5,31,33,0.9393939393939394
2025_3011_D_AWM-63_crop_00.jpg,4,D,4,49,0.9183673469387755,0.9183673469387755,4,D,1.0,1.0,1,D,7,45,50,0.9
2025_3011_D_AWM-63_crop_00.jpg,4,D,5,29,0.0,0.0,0,bg,0.0,0.0,0,,0,0,0,0.0
2025_3011_D_AWM-69_crop_00.jpg,4,D,1,13,0.0,0.0,0,bg,0.0,0.0,0,,0,0,0,0.0
2025_3011_D_AWM-69_crop_00.jpg,4,D,2,13,0.0,0.0,0,bg,0.0,0.0,0,,0,0,0,0.0
2025_3011_D_AWM-69_crop_00.jpg,4,D,3,13,0.0,0.0,0,bg,0.0,0.0,0,,0,0,0,0.0
2025_3011_D_AWM-69_crop_00.jpg,4,D,4,49,0.8979591836734694,0.8979591836734694,4,D,1.0,1.0,1,D,1,44,46,0.9565217391304348
2025_3011_D_AWM-72_crop_00.jpg,4,D,1,29,0.20689655172413793,0.20689655172413793,4,D,1.0,1.0,1,D,1,6,6,1.0
2025_3011_D_AWM-72_crop_00.jpg,4,D,2,81,0.9506172839506173,0.9506172839506173,4,D,1.0,1.0,1,D,3,77,87,0.8850574712643678
2025_3011_D_AWM-9_crop_00.jpg,3,C,1,180,0.75,0.75,3,C,1.0,1.0,1,C,3,135,136,0.9926470588235294
2025_3011_D_AWM-9_crop_00.jpg,3,C,2,70,0.5714285714285714,0.5714285714285714,3,C,1.0,1.0,1,C,6,40,40,1.0
2025_3011_D_AWM-9_crop_00.jpg,4,D,1,29,0.7586206896551724,0.7586206896551724,4,D,1.0,1.0,1,D,1,22,22,1.0
2025_3011_D_AWM-9_crop_00.jpg,4,D,2,29,0.0,0.0,0,bg,0.0,0.0,0,,0,0,0,0.0
2025_3011_D_AWM-9_crop_00.jpg,4,D,3,29,0.6896551724137931,0.6896551724137931,4,D,1.0,1.0,1,D,2,20,25,0.8
2025_3011_D_AWM-9_crop_00.jpg,4,D,4,47,0.0,0.0,0,bg,0.0,0.0,0,,0,0,0,0.0
2025_3011_D_AWM-9_crop_00.jpg,4,D,5,13,0.0,0.0,0,bg,0.0,0.0,0,,0,0,0,0.0
2025_3011_D_AWM-9_crop_00.jpg,4,D,6,29,0.0,0.0,0,bg,0.0,0.0,0,,0,0,0,0.0
2025_3011_D_AWM-9_crop_00.jpg,4,D,7,29,0.0,0.0,0,bg,0.0,0.0,0,,0,0,0,0.0
2025_3011_D_AWM-9_crop_00.jpg,4,D,8,49,0.6326530612244898,0.6326530612244898,4,D,1.0,1.0,1,D,5,31,41,0.7560975609756098
2025_3011_D_AWM-9_crop_00.jpg,4,D,9,29,0.0,0.0,0,bg,0.0,0.0,0,,0,0,0,0.0
2025_3011_D_AWM-9_crop_00.jpg,4,D,10,13,0.0,0.0,0,bg,0.0,0.0,0,,0,0,0,0.0
2025_3011_D_SHW-1_crop_00.jpg,4,D,1,49,0.7551020408163265,0.7551020408163265,4,D,1.0,1.0,1,D,1,37,39,0.9487179487179487
2025_3011_D_SHW-1_crop_00.jpg,4,D,2,29,1.0,1.0,4,D,1.0,1.0,1,D,2,29,45,0.6444444444444445
2025_3011_D_SHW-1_crop_00.jpg,4,D,3,29,0.896551724137931,0.896551724137931,4,D,1.0,1.0,1,D,3,26,29,0.896551724137931
2025_3011_D_SHW-1_crop_00.jpg,4,D,4,49,0.9795918367346939,0.9795918367346939,4,D,1.0,1.0,1,D,5,48,57,0.8421052631578947
2025_3011_D_SHW-5_crop_00.jpg,4,D,1,81,0.9135802469135802,0.9135802469135802,4,D,1.0,1.0,1,D,1,74,78,0.9487179487179487
2025_3011_D_SHW-5_crop_00.jpg,4,D,2,29,0.9310344827586207,0.9310344827586207,4,D,1.0,1.0,1,D,2,27,35,0.7714285714285715
2025_3011_D_TS-102_crop_00.jpg,4,D,1,13,0.7692307692307693,0.7692307692307693,4,D,1.0,1.0,1,D,3,10,10,1.0
2025_3011_D_TS-102_crop_00.jpg,4,D,2,13,1.0,1.0,4,D,1.0,1.0,1,D,4,13,26,0.5
2025_3011_D_TS-102_crop_00.jpg,4,D,3,13,0.6923076923076923,0.6923076923076923,4,D,1.0,1.0,1,D,6,9,12,0.75
2025_3011_D_TS-104_crop_00.jpg,4,D,1,13,0.5384615384615384,0.5384615384615384,4,D,1.0,1.0,1,D,1,7,7,1.0
2025_3011_D_TS-104_crop_00.jpg,4,D,2,13,0.8461538461538461,0.8461538461538461,4,D,1.0,1.0,1,D,2,11,13,0.8461538461538461
2025_3011_D_TS-104_crop_00.jpg,4,D,3,13,1.0,1.0,4,D,1.0,1.0,1,D,3,13,25,0.52
2025_3011_D_TS-104_crop_00.jpg,4,D,4,29,0.6551724137931034,0.6551724137931034,4,D,1.0,1.0,1,D,4,19,19,1.0
2025_3011_D_TS-105_crop_00.jpg,4,D,1,13,0.0,0.0,0,bg,0.0,0.0,0,,0,0,0,0.0
2025_3011_D_TS-105_crop_00.jpg,4,D,2,19,0.0,0.0,0,bg,0.0,0.0,0,,0,0,0,0.0
2025_3011_D_TS-105_crop_00.jpg,4,D,3,13,0.6923076923076923,0.6923076923076923,4,D,1.0,1.0,1,D,1,9,11,0.8181818181818182
2025_3011_D_TS-105_crop_00.jpg,4,D,4,13,0.7692307692307693,0.7692307692307693,4,D,1.0,1.0,1,D,2,10,16,0.625
2025_3011_D_TS-105_crop_00.jpg,4,D,5,13,0.7692307692307693,0.7692307692307693,4,D,1.0,1.0,1,D,3,10,12,0.8333333333333334
2025_3011_D_TS-105_crop_00.jpg,4,D,6,13,0.6923076923076923,0.6923076923076923,4,D,1.0,1.0,1,D,4,9,9,1.0
2025_3011_D_TS-105_crop_00.jpg,4,D,7,13,0.9230769230769231,0.9230769230769231,4,D,1.0,1.0,1,D,5,12,23,0.5217391304347826
2025_3011_D_TS-118_crop_00.jpg,4,D,1,13,0.8461538461538461,0.8461538461538461,4,D,1.0,1.0,1,D,1,11,14,0.7857142857142857
2025_3011_D_TS-118_crop_00.jpg,4,D,2,13,0.3076923076923077,0.3076923076923077,4,D,1.0,1.0,1,D,2,4,4,1.0
2025_3011_D_TS-118_crop_00.jpg,4,D,3,13,0.7692307692307693,0.7692307692307693,4,D,1.0,1.0,1,D,3,10,12,0.8333333333333334
2025_3011_D_TS-118_crop_00.jpg,4,D,4,13,0.7692307692307693,0.7692307692307693,4,D,1.0,1.0,1,D,4,10,12,0.8333333333333334
2025_3011_D_TS-118_crop_00.jpg,4,D,5,13,0.9230769230769231,0.9230769230769231,4,D,1.0,1.0,1,D,5,12,17,0.7058823529411765
2025_3011_D_TS-131_crop_00.jpg,4,D,1,13,0.9230769230769231,0.9230769230769231,4,D,1.0,1.0,1,D,1,12,17,0.7058823529411765
2025_3011_D_TS-131_crop_00.jpg,4,D,2,5,0.0,0.0,0,bg,0.0,0.0,0,,0,0,0,0.0
2025_3011_D_TS-131_crop_00.jpg,4,D,3,29,0.6206896551724138,0.6206896551724138,4,D,1.0,1.0,1,D,3,18,23,0.782608695652174
2025_3011_D_TS-136_crop_00.jpg,4,D,1,13,0.6153846153846154,0.6153846153846154,4,D,1.0,1.0,1,D,1,8,15,0.5333333333333333
2025_3011_D_TS-136_crop_00.jpg,4,D,2,13,0.9230769230769231,0.9230769230769231,4,D,1.0,1.0,1,D,2,12,17,0.7058823529411765
2025_3011_D_TS-136_crop_00.jpg,4,D,3,5,0.8,0.8,4,D,1.0,1.0,1,D,3,4,7,0.5714285714285714
2025_3011_D_TS-136_crop_00.jpg,4,D,4,29,0.896551724137931,0.896551724137931,4,D,1.0,1.0,1,D,4,26,37,0.7027027027027027
2025_3011_D_TS-136_crop_00.jpg,4,D,5,29,0.7241379310344828,0.7241379310344828,4,D,1.0,1.0,1,D,5,21,24,0.875
2025_3011_D_TS-138_crop_00.jpg,4,D,1,13,1.0,1.0,4,D,1.0,1.0,1,D,1,13,17,0.7647058823529411
2025_3011_D_TS-138_crop_00.jpg,4,D,2,13,0.6153846153846154,0.6153846153846154,4,D,1.0,1.0,1,D,2,8,12,0.6666666666666666
2025_3011_D_TS-138_crop_00.jpg,4,D,3,29,0.0,0.0,0,bg,0.0,0.0,0,,0,0,0,0.0
2025_3011_D_TS-138_crop_00.jpg,4,D,4,13,0.7692307692307693,0.7692307692307693,4,D,1.0,1.0,1,D,3,10,20,0.5
2025_3011_D_TS-138_crop_00.jpg,4,D,5,13,0.0,0.0,0,bg,0.0,0.0,0,,0,0,0,0.0
2025_3011_D_TS-138_crop_00.jpg,4,D,6,13,0.9230769230769231,0.9230769230769231,4,D,1.0,1.0,1,D,4,12,16,0.75
2025_3011_D_TS-147_crop_00.jpg,4,D,1,13,0.0,0.0,0,bg,0.0,0.0,0,,0,0,0,0.0
2025_3011_D_TS-147_crop_00.jpg,4,D,2,29,0.8620689655172413,0.8620689655172413,4,D,1.0,1.0,1,D,2,25,28,0.8928571428571429
2025_3011_D_TS-15_crop_00.jpg,4,D,1,29,0.8275862068965517,0.8275862068965517,4,D,1.0,1.0,1,D,1,24,26,0.9230769230769231
2025_3011_D_TS-15_crop_00.jpg,4,D,2,29,0.6896551724137931,0.6896551724137931,4,D,1.0,1.0,1,D,2,20,20,1.0
2025_3011_D_TS-15_crop_00.jpg,4,D,3,29,0.8620689655172413,0.8620689655172413,4,D,1.0,1.0,1,D,3,25,27,0.9259259259259259
2025_3011_D_TS-15_crop_00.jpg,4,D,4,29,0.41379310344827586,0.41379310344827586,4,D,1.0,1.0,1,D,4,12,12,1.0
2025_3011_D_TS-15_crop_00.jpg,4,D,5,13,0.6923076923076923,0.6923076923076923,4,D,1.0,1.0,1,D,5,9,9,1.0
2025_3011_D_TS-15_crop_00.jpg,4,D,6,29,0.896551724137931,0.896551724137931,4,D,1.0,1.0,1,D,6,26,32,0.8125
2025_3011_D_TS-16_crop_00.jpg,4,D,1,13,1.0,1.0,4,D,1.0,1.0,1,D,1,13,24,0.5416666666666666
2025_3011_D_TS-16_crop_00.jpg,4,D,2,29,0.4827586206896552,0.4827586206896552,4,D,1.0,1.0,1,D,3,14,14,1.0
2025_3011_D_TS-16_crop_00.jpg,4,D,3,29,0.6206896551724138,0.6206896551724138,4,D,1.0,1.0,1,D,4,18,18,1.0
2025_3011_D_TS-182_crop_00.jpg,4,D,1,13,0.9230769230769231,0.9230769230769231,4,D,1.0,1.0,1,D,1,12,14,0.8571428571428571
2025_3011_D_TS-187_crop_00.jpg,4,D,1,29,0.9310344827586207,0.9310344827586207,4,D,1.0,1.0,1,D,1,27,31,0.8709677419354839
2025_3011_D_TS-187_crop_00.jpg,4,D,2,13,0.7692307692307693,0.7692307692307693,4,D,1.0,1.0,1,D,2,10,16,0.625
2025_3011_D_TS-187_crop_00.jpg,4,D,3,13,0.7692307692307693,0.7692307692307693,4,D,1.0,1.0,1,D,3,10,12,0.8333333333333334
2025_3011_D_TS-189_crop_00.jpg,4,D,1,13,0.8461538461538461,0.8461538461538461,4,D,1.0,1.0,1,D,1,11,14,0.7857142857142857
2025_3011_D_TS-189_crop_00.jpg,4,D,2,5,1.0,1.0,4,D,1.0,1.0,1,D,2,5,10,0.5
2025_3011_D_TS-189_crop_00.jpg,4,D,3,81,0.9012345679012346,0.9012345679012346,4,D,1.0,1.0,1,D,3,73,83,0.8795180722891566
2025_3011_D_TS-189_crop_00.jpg,4,D,4,13,1.0,1.0,4,D,1.0,1.0,1,D,4,13,21,0.6190476190476191
2025_3011_D_TS-189_crop_00.jpg,4,D,5,13,0.9230769230769231,0.9230769230769231,4,D,1.0,1.0,1,D,5,12,22,0.5454545454545454
2025_3011_D_TS-197_crop_00.jpg,4,D,1,13,0.9230769230769231,0.9230769230769231,4,D,1.0,1.0,1,D,1,12,16,0.75
2025_3011_D_TS-197_crop_00.jpg,4,D,2,13,1.0,1.0,4,D,1.0,1.0,1,D,2,13,22,0.5909090909090909
2025_3011_D_TS-197_crop_00.jpg,4,D,3,13,1.0,1.0,4,D,1.0,1.0,1,D,3,13,20,0.65
2025_3011_D_TS-197_crop_00.jpg,4,D,4,13,0.9230769230769231,0.9230769230769231,4,D,1.0,1.0,1,D,4,12,17,0.7058823529411765
2025_3011_D_TS-209_crop_00.jpg,4,D,1,13,0.8461538461538461,0.8461538461538461,4,D,1.0,1.0,1,D,1,11,16,0.6875
2025_3011_D_TS-209_crop_00.jpg,4,D,2,13,0.9230769230769231,0.9230769230769231,4,D,1.0,1.0,1,D,2,12,16,0.75
2025_3011_D_TS-209_crop_00.jpg,4,D,3,13,0.8461538461538461,0.8461538461538461,4,D,1.0,1.0,1,D,3,11,13,0.8461538461538461
2025_3011_D_TS-209_crop_00.jpg,4,D,4,29,0.5517241379310345,0.5517241379310345,4,D,1.0,1.0,1,D,4,16,16,1.0
2025_3011_D_TS-209_crop_00.jpg,4,D,5,13,0.9230769230769231,0.9230769230769231,4,D,1.0,1.0,1,D,5,12,15,0.8
2025_3011_D_TS-209_crop_00.jpg,4,D,6,29,0.7241379310344828,0.7241379310344828,4,D,1.0,1.0,1,D,7,21,26,0.8076923076923077
2025_3011_D_TS-20_crop_00.jpg,4,D,1,81,0.0,0.0,0,bg,0.0,0.0,0,,0,0,0,0.0
2025_3011_D_TS-20_crop_00.jpg,4,D,2,49,0.3877551020408163,0.3877551020408163,4,D,1.0,1.0,1,D,2,19,19,1.0
2025_3011_D_TS-20_crop_00.jpg,4,D,3,29,0.6206896551724138,0.6206896551724138,4,D,1.0,1.0,1,D,3,18,18,1.0
2025_3011_D_TS-216_crop_00.jpg,2,B,1,158,0.9746835443037974,0.9746835443037974,2,B,1.0,1.0,1,B,7,154,214,0.719626168224299
2025_3011_D_TS-216_crop_00.jpg,4,D,1,49,0.0,0.0,0,bg,0.0,0.0,0,,0,0,0,0.0
2025_3011_D_TS-216_crop_00.jpg,4,D,2,13,0.6153846153846154,0.6153846153846154,4,D,1.0,1.0,1,D,1,8,8,1.0
2025_3011_D_TS-216_crop_00.jpg,4,D,3,5,0.0,0.0,0,bg,0.0,0.0,0,,0,0,0,0.0
2025_3011_D_TS-216_crop_00.jpg,4,D,4,13,0.5384615384615384,0.5384615384615384,4,D,1.0,1.0,1,D,2,7,14,0.5
2025_3011_D_TS-216_crop_00.jpg,4,D,5,13,0.9230769230769231,0.9230769230769231,4,D,1.0,1.0,1,D,3,12,21,0.5714285714285714
2025_3011_D_TS-216_crop_00.jpg,4,D,6,13,0.7692307692307693,0.7692307692307693,4,D,1.0,1.0,1,D,4,10,13,0.7692307692307693
2025_3011_D_TS-216_crop_00.jpg,4,D,7,13,0.7692307692307693,0.7692307692307693,4,D,1.0,1.0,1,D,5,10,12,0.8333333333333334
2025_3011_D_TS-216_crop_00.jpg,4,D,8,13,0.7692307692307693,0.7692307692307693,4,D,1.0,1.0,1,D,6,10,16,0.625
2025_3011_D_TS-233_crop_00.jpg,4,D,1,13,0.0,0.0,0,bg,0.0,0.0,0,,0,0,0,0.0
2025_3011_D_TS-233_crop_00.jpg,4,D,2,13,0.0,0.0,0,bg,0.0,0.0,0,,0,0,0,0.0
2025_3011_D_TS-233_crop_00.jpg,4,D,3,13,0.7692307692307693,0.7692307692307693,4,D,1.0,1.0,1,D,1,10,14,0.7142857142857143
2025_3011_D_TS-233_crop_00.jpg,4,D,4,13,0.8461538461538461,0.8461538461538461,4,D,1.0,1.0,1,D,2,11,14,0.7857142857142857
2025_3011_D_TS-233_crop_00.jpg,4,D,5,13,0.0,0.0,0,bg,0.0,0.0,0,,0,0,0,0.0
2025_3011_D_TS-235_crop_00.jpg,4,D,1,29,0.7241379310344828,0.7241379310344828,4,D,1.0,1.0,1,D,1,21,23,0.9130434782608695
2025_3011_D_TS-235_crop_00.jpg,4,D,2,13,0.7692307692307693,0.7692307692307693,4,D,1.0,1.0,1,D,2,10,12,0.8333333333333334
2025_3011_D_TS-235_crop_00.jpg,4,D,3,13,0.6923076923076923,0.6923076923076923,4,D,1.0,1.0,1,D,3,9,12,0.75
2025_3011_D_TS-235_crop_00.jpg,4,D,4,12,1.0,1.0,4,D,1.0,1.0,1,D,4,12,18,0.6666666666666666
2025_3011_D_TS-236_crop_00.jpg,4,D,1,13,1.0,0.0,2,B,1.0,0.0,1,B,1,13,61,0.21311475409836064
2025_3011_D_TS-236_crop_00.jpg,4,D,2,5,1.0,1.0,4,D,1.0,1.0,1,D,2,5,8,0.625
2025_3011_D_TS-236_crop_00.jpg,4,D,3,49,0.5918367346938775,0.5918367346938775,4,D,1.0,1.0,1,D,3,29,29,1.0
2025_3011_D_TS-236_crop_00.jpg,4,D,4,49,0.8163265306122449,0.8163265306122449,4,D,1.0,1.0,1,D,4,40,42,0.9523809523809523
2025_3011_D_TS-236_crop_00.jpg,4,D,5,13,1.0,1.0,4,D,1.0,1.0,1,D,5,13,22,0.5909090909090909
2025_3011_D_TS-236_crop_00.jpg,4,D,6,13,0.8461538461538461,0.8461538461538461,4,D,1.0,1.0,1,D,6,11,13,0.8461538461538461
2025_3011_D_TS-24_crop_00.jpg,4,D,1,49,0.5918367346938775,0.5918367346938775,4,D,1.0,1.0,1,D,1,29,29,1.0
2025_3011_D_TS-24_crop_00.jpg,4,D,2,49,0.6326530612244898,0.6326530612244898,4,D,1.0,1.0,1,D,2,31,31,1.0
2025_3011_D_TS-24_crop_00.jpg,4,D,3,13,0.7692307692307693,0.7692307692307693,4,D,1.0,1.0,1,D,3,10,13,0.7692307692307693
2025_3011_D_TS-259_crop_00.jpg,4,D,1,13,0.46153846153846156,0.46153846153846156,4,D,1.0,1.0,1,D,1,6,11,0.5454545454545454
2025_3011_D_TS-259_crop_00.jpg,4,D,2,5,0.6,0.6,4,D,1.0,1.0,1,D,3,3,8,0.375
2025_3011_D_TS-265_crop_00.jpg,4,D,1,13,1.0,1.0,4,D,1.0,1.0,1,D,1,13,22,0.5909090909090909
2025_3011_D_TS-265_crop_00.jpg,4,D,2,13,0.0,0.0,0,bg,0.0,0.0,0,,0,0,0,0.0
2025_3011_D_TS-265_crop_00.jpg,4,D,3,13,0.5384615384615384,0.5384615384615384,4,D,1.0,1.0,1,D,2,7,8,0.875
2025_3011_D_TS-265_crop_00.jpg,4,D,4,5,0.0,0.0,0,bg,0.0,0.0,0,,0,0,0,0.0
2025_3011_D_TS-271_crop_00.jpg,4,D,1,13,0.7692307692307693,0.7692307692307693,4,D,1.0,1.0,1,D,1,10,12,0.8333333333333334
2025_3011_D_TS-271_crop_00.jpg,4,D,2,13,0.0,0.0,0,bg,0.0,0.0,0,,0,0,0,0.0
2025_3011_D_TS-271_crop_00.jpg,4,D,3,13,1.0,1.0,4,D,1.0,1.0,1,D,2,13,26,0.5
2025_3011_D_TS-271_crop_00.jpg,4,D,4,13,0.6153846153846154,0.6153846153846154,4,D,1.0,1.0,1,D,3,8,8,1.0
2025_3011_D_TS-271_crop_00.jpg,4,D,5,13,0.5384615384615384,0.5384615384615384,4,D,1.0,1.0,1,D,4,7,10,0.7
2025_3011_D_TS-286_crop_00.jpg,4,D,1,13,0.7692307692307693,0.7692307692307693,4,D,1.0,1.0,1,D,1,10,14,0.7142857142857143
2025_3011_D_TS-286_crop_00.jpg,4,D,2,29,0.6551724137931034,0.6551724137931034,4,D,1.0,1.0,1,D,2,19,20,0.95
2025_3011_D_TS-286_crop_00.jpg,4,D,3,13,0.0,0.0,0,bg,0.0,0.0,0,,0,0,0,0.0
2025_3011_D_TS-286_crop_00.jpg,4,D,4,13,0.9230769230769231,0.9230769230769231,4,D,1.0,1.0,1,D,3,12,16,0.75
2025_3011_D_TS-286_crop_00.jpg,4,D,5,13,0.0,0.0,0,bg,0.0,0.0,0,,0,0,0,0.0
2025_3011_D_TS-286_crop_00.jpg,4,D,6,29,0.7586206896551724,0.7586206896551724,4,D,1.0,1.0,1,D,5,22,24,0.9166666666666666
2025_3011_D_TS-286_crop_00.jpg,4,D,7,29,0.10344827586206896,0.10344827586206896,4,D,1.0,1.0,1,D,6,3,3,1.0
2025_3011_D_TS-286_crop_00.jpg,4,D,8,13,0.0,0.0,0,bg,0.0,0.0,0,,0,0,0,0.0
2025_3011_D_TS-294_crop_00.jpg,4,D,1,13,1.0,1.0,4,D,1.0,1.0,1,D,1,13,17,0.7647058823529411
2025_3011_D_TS-294_crop_00.jpg,4,D,2,13,0.5384615384615384,0.5384615384615384,4,D,1.0,1.0,1,D,2,7,8,0.875
2025_3011_D_TS-294_crop_00.jpg,4,D,3,5,0.6,0.6,4,D,1.0,1.0,1,D,3,3,5,0.6
2025_3011_D_TS-294_crop_00.jpg,4,D,4,13,1.0,1.0,4,D,1.0,1.0,1,D,4,13,21,0.6190476190476191
2025_3011_D_TS-302_crop_00.jpg,4,D,1,13,0.38461538461538464,0.38461538461538464,4,D,1.0,1.0,1,D,1,5,6,0.8333333333333334
2025_3011_D_TS-302_crop_00.jpg,4,D,2,29,0.0,0.0,0,bg,0.0,0.0,0,,0,0,0,0.0
2025_3011_D_TS-303_crop_00.jpg,4,D,1,49,0.7142857142857143,0.7142857142857143,4,D,1.0,1.0,1,D,1,35,37,0.9459459459459459
2025_3011_D_TS-303_crop_00.jpg,4,D,2,5,0.0,0.0,0,bg,0.0,0.0,0,,0,0,0,0.0
2025_3011_D_TS-303_crop_00.jpg,4,D,3,29,0.6551724137931034,0.6551724137931034,4,D,1.0,1.0,1,D,3,19,23,0.8260869565217391
2025_3011_D_TS-304_crop_00.jpg,4,D,1,5,0.0,0.0,0,bg,0.0,0.0,0,,0,0,0,0.0
2025_3011_D_TS-304_crop_00.jpg,4,D,2,29,0.0,0.0,0,bg,0.0,0.0,0,,0,0,0,0.0
2025_3011_D_TS-304_crop_00.jpg,4,D,3,13,0.8461538461538461,0.8461538461538461,4,D,1.0,1.0,1,D,1,11,13,0.8461538461538461
2025_3011_D_TS-304_crop_00.jpg,4,D,4,13,0.0,0.0,0,bg,0.0,0.0,0,,0,0,0,0.0
2025_3011_D_TS-304_crop_00.jpg,4,D,5,29,0.5862068965517241,0.5862068965517241,4,D,1.0,1.0,1,D,2,17,22,0.7727272727272727
2025_3011_D_TS-305_crop_00.jpg,4,D,1,49,0.8367346938775511,0.8367346938775511,4,D,1.0,1.0,1,D,1,41,47,0.8723404255319149
2025_3011_D_TS-306_crop_00.jpg,4,D,1,29,0.8275862068965517,0.8275862068965517,4,D,1.0,1.0,1,D,1,24,32,0.75
2025_3011_D_TS-306_crop_00.jpg,4,D,2,49,0.8367346938775511,0.8367346938775511,4,D,1.0,1.0,1,D,2,41,50,0.82
2025_3011_D_TS-306_crop_00.jpg,4,D,3,13,0.6923076923076923,0.6923076923076923,4,D,1.0,1.0,1,D,3,9,12,0.75
2025_3011_D_TS-308_crop_00.jpg,4,D,1,13,0.38461538461538464,0.38461538461538464,4,D,1.0,1.0,1,D,1,5,5,1.0
2025_3011_D_TS-308_crop_00.jpg,4,D,2,13,1.0,1.0,4,D,1.0,1.0,1,D,2,13,28,0.4642857142857143
2025_3011_D_TS-308_crop_00.jpg,4,D,3,29,0.7586206896551724,0.7586206896551724,4,D,1.0,1.0,1,D,3,22,22,1.0
2025_3011_D_TS-308_crop_00.jpg,4,D,4,29,0.2413793103448276,0.2413793103448276,4,D,1.0,1.0,1,D,4,7,7,1.0
2025_3011_D_TS-311_crop_00.jpg,4,D,1,13,1.0,1.0,4,D,1.0,1.0,1,D,1,13,19,0.6842105263157895
2025_3011_D_TS-311_crop_00.jpg,4,D,2,13,0.9230769230769231,0.9230769230769231,4,D,1.0,1.0,1,D,2,12,17,0.7058823529411765
2025_3011_D_TS-311_crop_00.jpg,4,D,3,5,0.0,0.0,0,bg,0.0,0.0,0,,0,0,0,0.0
2025_3011_D_TS-311_crop_00.jpg,4,D,4,13,0.8461538461538461,0.8461538461538461,4,D,1.0,1.0,1,D,3,11,13,0.8461538461538461
2025_3011_D_TS-311_crop_00.jpg,4,D,5,13,0.3076923076923077,0.3076923076923077,4,D,1.0,1.0,1,D,4,4,4,1.0
2025_3011_D_TS-311_crop_00.jpg,4,D,6,13,1.0,1.0,4,D,1.0,1.0,1,D,5,13,21,0.6190476190476191
2025_3011_D_TS-314_crop_00.jpg,4,D,1,13,1.0,1.0,4,D,1.0,1.0,1,D,1,13,23,0.5652173913043478
2025_3011_D_TS-314_crop_00.jpg,4,D,2,13,0.5384615384615384,0.5384615384615384,4,D,1.0,1.0,1,D,2,7,10,0.7
2025_3011_D_TS-314_crop_00.jpg,4,D,3,49,0.0,0.0,0,bg,0.0,0.0,0,,0,0,0,0.0
2025_3011_D_TS-314_crop_00.jpg,4,D,4,13,0.8461538461538461,0.8461538461538461,4,D,1.0,1.0,1,D,3,11,14,0.7857142857142857
2025_3011_D_TS-315_crop_00.jpg,4,D,1,13,0.8461538461538461,0.8461538461538461,4,D,1.0,1.0,1,D,1,11,14,0.7857142857142857
2025_3011_D_TS-315_crop_00.jpg,4,D,2,49,0.6938775510204082,0.6938775510204082,4,D,1.0,1.0,1,D,2,34,39,0.8717948717948718
2025_3011_D_TS-315_crop_00.jpg,4,D,3,29,0.0,0.0,0,bg,0.0,0.0,0,,0,0,0,0.0
2025_3011_D_TS-315_crop_00.jpg,4,D,4,13,0.5384615384615384,0.5384615384615384,4,D,1.0,1.0,1,D,3,7,8,0.875
2025_3011_D_TS-315_crop_00.jpg,4,D,5,13,0.0,0.0,0,bg,0.0,0.0,0,,0,0,0,0.0
2025_3011_D_TS-317_crop_00.jpg,2,B,1,532,0.5977443609022557,0.5977443609022557,2,B,1.0,1.0,1,B,1,318,325,0.9784615384615385
2025_3011_D_TS-317_crop_00.jpg,4,D,1,13,0.0,0.0,0,bg,0.0,0.0,0,,0,0,0,0.0
2025_3011_D_TS-317_crop_00.jpg,4,D,2,49,0.9591836734693877,0.9591836734693877,4,D,1.0,1.0,1,D,5,47,51,0.9215686274509803
2025_3011_D_TS-323_crop_00.jpg,4,D,1,29,0.9655172413793104,0.9655172413793104,4,D,1.0,1.0,1,D,1,28,31,0.9032258064516129
2025_3011_D_TS-323_crop_00.jpg,4,D,2,13,0.8461538461538461,0.8461538461538461,4,D,1.0,1.0,1,D,2,11,16,0.6875
2025_3011_D_TS-323_crop_00.jpg,4,D,3,13,0.8461538461538461,0.8461538461538461,4,D,1.0,1.0,1,D,3,11,14,0.7857142857142857
2025_3011_D_TS-323_crop_00.jpg,4,D,4,13,0.6153846153846154,0.6153846153846154,4,D,1.0,1.0,1,D,4,8,8,1.0
2025_3011_D_TS-323_crop_00.jpg,4,D,5,29,0.8620689655172413,0.8620689655172413,4,D,1.0,1.0,1,D,5,25,30,0.8333333333333334
2025_3011_D_TS-323_crop_00.jpg,4,D,6,13,0.8461538461538461,0.8461538461538461,4,D,1.0,1.0,1,D,6,11,14,0.7857142857142857
2025_3011_D_TS-323_crop_00.jpg,4,D,7,13,0.0,0.0,0,bg,0.0,0.0,0,,0,0,0,0.0
2025_3011_D_TS-323_crop_00.jpg,4,D,8,29,0.7586206896551724,0.7586206896551724,4,D,1.0,1.0,1,D,9,22,24,0.9166666666666666
2025_3011_D_TS-325_crop_00.jpg,4,D,1,13,0.7692307692307693,0.7692307692307693,4,D,1.0,1.0,1,D,1,10,12,0.8333333333333334
2025_3011_D_TS-325_crop_00.jpg,4,D,2,13,0.9230769230769231,0.9230769230769231,4,D,1.0,1.0,1,D,3,12,22,0.5454545454545454
2025_3011_D_TS-325_crop_00.jpg,4,D,3,13,0.7692307692307693,0.7692307692307693,4,D,1.0,1.0,1,D,5,10,16,0.625
2025_3011_D_TS-32_crop_00.jpg,4,D,1,149,0.8859060402684564,0.8859060402684564,4,D,1.0,1.0,1,D,1,132,141,0.9361702127659575
2025_3011_D_TS-32_crop_00.jpg,4,D,2,29,0.9655172413793104,0.9655172413793104,4,D,1.0,1.0,1,D,2,28,36,0.7777777777777778
2025_3011_D_TS-32_crop_00.jpg,4,D,3,29,0.9655172413793104,0.9655172413793104,4,D,1.0,1.0,1,D,3,28,44,0.6363636363636364
2025_3011_D_TS-330_crop_00.jpg,4,D,1,29,0.0,0.0,0,bg,0.0,0.0,0,,0,0,0,0.0
2025_3011_D_TS-330_crop_00.jpg,4,D,2,13,0.8461538461538461,0.8461538461538461,4,D,1.0,1.0,1,D,1,11,16,0.6875
2025_3011_D_TS-330_crop_00.jpg,4,D,3,13,1.0,1.0,4,D,1.0,1.0,1,D,2,13,19,0.6842105263157895
2025_3011_D_TS-330_crop_00.jpg,4,D,4,13,0.46153846153846156,0.46153846153846156,4,D,1.0,1.0,1,D,3,6,6,1.0
2025_3011_D_TS-330_crop_00.jpg,4,D,5,29,0.6206896551724138,0.6206896551724138,4,D,1.0,1.0,1,D,4,18,19,0.9473684210526315
2025_3011_D_TS-330_crop_00.jpg,4,D,6,13,0.5384615384615384,0.5384615384615384,4,D,1.0,1.0,1,D,5,7,10,0.7
2025_3011_D_TS-339_crop_00.jpg,2,B,1,211,0.41232227488151657,0.41232227488151657,2,B,1.0,1.0,1,B,3,86,89,0.9662921348314607
2025_3011_D_TS-339_crop_00.jpg,4,D,1,13,0.8461538461538461,0.8461538461538461,4,D,1.0,1.0,1,D,1,11,17,0.6470588235294118
2025_3011_D_TS-339_crop_00.jpg,4,D,2,13,0.3076923076923077,0.3076923076923077,4,D,1.0,1.0,1,D,2,4,4,1.0
2025_3011_D_TS-339_crop_00.jpg,4,D,3,29,0.9310344827586207,0.9310344827586207,4,D,1.0,1.0,1,D,6,27,34,0.7941176470588235
2025_3011_D_TS-340_crop_00.jpg,4,D,1,13,0.07692307692307693,0.07692307692307693,4,D,1.0,1.0,1,D,1,1,1,1.0
2025_3011_D_TS-340_crop_00.jpg,4,D,2,49,0.8163265306122449,0.8163265306122449,4,D,1.0,1.0,1,D,2,40,49,0.8163265306122449
2025_3011_D_TS-340_crop_00.jpg,4,D,3,13,0.0,0.0,0,bg,0.0,0.0,0,,0,0,0,0.0
2025_3011_D_TS-340_crop_00.jpg,4,D,4,13,0.5384615384615384,0.5384615384615384,4,D,1.0,1.0,1,D,3,7,9,0.7777777777777778
2025_3011_D_TS-340_crop_00.jpg,4,D,5,29,0.6896551724137931,0.6896551724137931,4,D,1.0,1.0,1,D,4,20,22,0.9090909090909091
2025_3011_D_TS-340_crop_00.jpg,4,D,6,13,0.9230769230769231,0.9230769230769231,4,D,1.0,1.0,1,D,5,12,22,0.5454545454545454
2025_3011_D_TS-340_crop_00.jpg,4,D,7,13,0.7692307692307693,0.7692307692307693,4,D,1.0,1.0,1,D,6,10,11,0.9090909090909091
2025_3011_D_TS-363_crop_00.jpg,4,D,1,49,0.20408163265306123,0.20408163265306123,4,D,1.0,1.0,1,D,1,10,11,0.9090909090909091
2025_3011_D_TS-363_crop_00.jpg,4,D,2,5,1.0,1.0,4,D,1.0,1.0,1,D,2,5,14,0.35714285714285715
2025_3011_D_TS-363_crop_00.jpg,4,D,3,13,0.0,0.0,0,bg,0.0,0.0,0,,0,0,0,0.0
2025_3011_D_TS-363_crop_00.jpg,4,D,4,13,0.9230769230769231,0.9230769230769231,4,D,1.0,1.0,1,D,3,12,21,0.5714285714285714
2025_3011_D_TS-363_crop_00.jpg,4,D,5,13,0.0,0.0,0,bg,0.0,0.0,0,,0,0,0,0.0
2025_3011_D_TS-363_crop_00.jpg,4,D,6,13,0.0,0.0,0,bg,0.0,0.0,0,,0,0,0,0.0
2025_3011_D_TS-363_crop_00.jpg,4,D,7,29,0.8275862068965517,0.8275862068965517,4,D,1.0,1.0,1,D,5,24,39,0.6153846153846154
2025_3011_D_TS-36_crop_00.jpg,4,D,1,113,0.0,0.0,0,bg,0.0,0.0,0,,0,0,0,0.0
2025_3011_D_TS-36_crop_00.jpg,4,D,2,13,0.0,0.0,0,bg,0.0,0.0,0,,0,0,0,0.0
2025_3011_D_TS-36_crop_00.jpg,4,D,3,29,0.6551724137931034,0.6551724137931034,4,D,1.0,1.0,1,D,2,19,24,0.7916666666666666
2025_3011_D_TS-374_crop_00.jpg,4,D,1,13,0.9230769230769231,0.9230769230769231,4,D,1.0,1.0,1,D,1,12,17,0.7058823529411765
2025_3011_D_TS-374_crop_00.jpg,4,D,2,29,0.6896551724137931,0.6896551724137931,4,D,1.0,1.0,1,D,3,20,22,0.9090909090909091
2025_3011_D_TS-378_crop_00.jpg,4,D,1,13,0.6153846153846154,0.6153846153846154,4,D,1.0,1.0,1,D,2,8,12,0.6666666666666666
2025_3011_D_TS-37_crop_00.jpg,4,D,1,29,0.0,0.0,0,bg,0.0,0.0,0,,0,0,0,0.0
2025_3011_D_TS-37_crop_00.jpg,4,D,2,29,0.6896551724137931,0.6896551724137931,4,D,1.0,1.0,1,D,2,20,22,0.9090909090909091
2025_3011_D_TS-37_crop_00.jpg,4,D,3,13,1.0,1.0,4,D,1.0,1.0,1,D,3,13,20,0.65
2025_3011_D_TS-37_crop_00.jpg,4,D,4,29,0.8275862068965517,0.8275862068965517,4,D,1.0,1.0,1,D,4,24,26,0.9230769230769231
2025_3011_D_TS-37_crop_00.jpg,4,D,5,5,1.0,1.0,4,D,1.0,1.0,1,D,5,5,11,0.45454545454545453
2025_3011_D_TS-37_crop_00.jpg,4,D,6,13,0.0,0.0,0,bg,0.0,0.0,0,,0,0,0,0.0
2025_3011_D_TS-381_crop_00.jpg,4,D,1,29,0.5517241379310345,0.5517241379310345,4,D,1.0,1.0,1,D,1,16,16,1.0
2025_3011_D_TS-381_crop_00.jpg,4,D,2,13,0.46153846153846156,0.46153846153846156,4,D,1.0,1.0,1,D,2,6,6,1.0
2025_3011_D_TS-381_crop_00.jpg,4,D,3,13,0.0,0.0,0,bg,0.0,0.0,0,,0,0,0,0.0
2025_3011_D_TS-381_crop_00.jpg,4,D,4,29,0.9310344827586207,0.9310344827586207,4,D,1.0,1.0,1,D,3,27,31,0.8709677419354839
2025_3011_D_TS-381_crop_00.jpg,4,D,5,13,0.6153846153846154,0.6153846153846154,4,D,1.0,1.0,1,D,4,8,10,0.8
2025_3011_D_TS-381_crop_00.jpg,4,D,6,5,0.0,0.0,0,bg,0.0,0.0,0,,0,0,0,0.0
2025_3011_D_TS-381_crop_00.jpg,4,D,7,13,0.0,0.0,0,bg,0.0,0.0,0,,0,0,0,0.0
2025_3011_D_TS-381_crop_00.jpg,4,D,8,13,0.8461538461538461,0.8461538461538461,4,D,1.0,1.0,1,D,5,11,18,0.6111111111111112
2025_3011_D_TS-381_crop_00.jpg,4,D,9,13,0.3076923076923077,0.3076923076923077,4,D,1.0,1.0,1,D,6,4,4,1.0
2025_3011_D_TS-383_crop_00.jpg,4,D,1,13,0.8461538461538461,0.8461538461538461,4,D,1.0,1.0,1,D,1,11,13,0.8461538461538461
2025_3011_D_TS-383_crop_00.jpg,4,D,2,113,0.8761061946902655,0.8761061946902655,4,D,1.0,1.0,1,D,2,99,103,0.9611650485436893
2025_3011_D_TS-384_crop_00.jpg,2,B,1,1458,0.012345679012345678,0.012345679012345678,2,B,1.0,1.0,1,B,2,18,19,0.9473684210526315
2025_3011_D_TS-384_crop_00.jpg,4,D,1,13,0.0,0.0,0,bg,0.0,0.0,0,,0,0,0,0.0
2025_3011_D_TS-384_crop_00.jpg,4,D,2,49,0.673469387755102,0.673469387755102,4,D,1.0,1.0,1,D,1,33,33,1.0
2025_3011_D_TS-3_crop_00.jpg,4,D,1,29,0.8275862068965517,0.8275862068965517,4,D,1.0,1.0,1,D,2,24,25,0.96
2025_3011_D_TS-3_crop_00.jpg,4,D,2,13,0.0,0.0,0,bg,0.0,0.0,0,,0,0,0,0.0
2025_3011_D_TS-3_crop_00.jpg,4,D,3,29,0.0,0.0,0,bg,0.0,0.0,0,,0,0,0,0.0
2025_3011_D_TS-3_crop_00.jpg,4,D,4,13,0.0,0.0,0,bg,0.0,0.0,0,,0,0,0,0.0
2025_3011_D_TS-3_crop_00.jpg,4,D,5,29,0.0,0.0,0,bg,0.0,0.0,0,,0,0,0,0.0
2025_3011_D_TS-51_crop_00.jpg,4,D,1,13,0.7692307692307693,0.7692307692307693,4,D,1.0,1.0,1,D,1,10,14,0.7142857142857143
2025_3011_D_TS-51_crop_00.jpg,4,D,2,13,0.0,0.0,0,bg,0.0,0.0,0,,0,0,0,0.0
2025_3011_D_TS-51_crop_00.jpg,4,D,3,13,0.07692307692307693,0.07692307692307693,4,D,1.0,1.0,1,D,2,1,1,1.0
2025_3011_D_TS-59_crop_00.jpg,4,D,1,29,0.896551724137931,0.896551724137931,4,D,1.0,1.0,1,D,1,26,27,0.9629629629629629
2025_3011_D_TS-59_crop_00.jpg,4,D,2,13,0.7692307692307693,0.7692307692307693,4,D,1.0,1.0,1,D,2,10,14,0.7142857142857143
2025_3011_D_TS-59_crop_00.jpg,4,D,3,13,0.5384615384615384,0.5384615384615384,4,D,1.0,1.0,1,D,3,7,9,0.7777777777777778
2025_3011_D_TS-59_crop_00.jpg,4,D,4,29,0.6551724137931034,0.6551724137931034,4,D,1.0,1.0,1,D,4,19,20,0.95
2025_3011_D_TS-68_crop_00.jpg,4,D,1,13,1.0,1.0,4,D,1.0,1.0,1,D,1,13,30,0.43333333333333335
2025_3011_D_TS-68_crop_00.jpg,4,D,2,13,0.6923076923076923,0.6923076923076923,4,D,1.0,1.0,1,D,2,9,13,0.6923076923076923
2025_3011_D_TS-68_crop_00.jpg,4,D,3,13,0.0,0.0,0,bg,0.0,0.0,0,,0,0,0,0.0
2025_3011_D_TS-71_crop_00.jpg,4,D,1,13,0.8461538461538461,0.8461538461538461,4,D,1.0,1.0,1,D,1,11,19,0.5789473684210527
2025_3011_D_TS-71_crop_00.jpg,4,D,2,29,0.7586206896551724,0.7586206896551724,4,D,1.0,1.0,1,D,2,22,22,1.0
2025_3011_D_TS-71_crop_00.jpg,4,D,3,81,0.7901234567901234,0.7901234567901234,4,D,1.0,1.0,1,D,3,64,81,0.7901234567901234
2025_3011_D_TS-71_crop_00.jpg,4,D,4,29,0.5172413793103449,0.5172413793103449,4,D,1.0,1.0,1,D,5,15,15,1.0
2025_3011_D_TS-83_crop_00.jpg,4,D,1,81,0.8271604938271605,0.8271604938271605,4,D,1.0,1.0,1,D,1,67,75,0.8933333333333333
2025_3011_D_TS-83_crop_00.jpg,4,D,2,13,0.7692307692307693,0.7692307692307693,4,D,1.0,1.0,1,D,2,10,10,1.0
2025_3011_D_TS-83_crop_00.jpg,4,D,3,29,0.896551724137931,0.896551724137931,4,D,1.0,1.0,1,D,3,26,26,1.0
2025_3011_D_TS-83_crop_00.jpg,4,D,4,13,0.9230769230769231,0.9230769230769231,4,D,1.0,1.0,1,D,4,12,15,0.8
2025_3011_D_TS-83_crop_00.jpg,4,D,5,13,1.0,1.0,4,D,1.0,1.0,1,D,5,13,26,0.5
2025_3011_D_TS-83_crop_00.jpg,4,D,6,13,0.9230769230769231,0.9230769230769231,4,D,1.0,1.0,1,D,6,12,15,0.8
2025_3011_D_TS-83_crop_00.jpg,4,D,7,29,0.6551724137931034,0.6551724137931034,4,D,1.0,1.0,1,D,7,19,19,1.0
2025_3011_D_TS-8_crop_00.jpg,4,D,1,29,0.8620689655172413,0.8620689655172413,4,D,1.0,1.0,1,D,1,25,35,0.7142857142857143
2025_3011_D_TS-8_crop_00.jpg,4,D,2,13,0.5384615384615384,0.5384615384615384,4,D,1.0,1.0,1,D,2,7,11,0.6363636363636364
2025_3011_D_TS-8_crop_00.jpg,4,D,3,13,0.15384615384615385,0.15384615384615385,4,D,1.0,1.0,1,D,4,2,2,1.0
2025_3011_D_TS-8_crop_00.jpg,4,D,4,29,0.896551724137931,0.896551724137931,4,D,1.0,1.0,1,D,5,26,34,0.7647058823529411
2025_3011_D_TS-91_crop_00.jpg,4,D,1,13,0.7692307692307693,0.7692307692307693,4,D,1.0,1.0,1,D,1,10,14,0.7142857142857143
2025_3011_D_TS-91_crop_00.jpg,4,D,2,29,0.5517241379310345,0.5517241379310345,4,D,1.0,1.0,1,D,2,16,16,1.0
2025_3011_D_TS-91_crop_00.jpg,4,D,3,13,0.7692307692307693,0.7692307692307693,4,D,1.0,1.0,1,D,3,10,16,0.625
2025_3011_D_TS-91_crop_00.jpg,4,D,4,13,0.9230769230769231,0.9230769230769231,4,D,1.0,1.0,1,D,4,12,19,0.631578947368421
2025_3011_D_TS-91_crop_00.jpg,4,D,5,13,0.6153846153846154,0.6153846153846154,4,D,1.0,1.0,1,D,5,8,8,1.0
2025_3011_D_TS-91_crop_00.jpg,4,D,6,29,0.5517241379310345,0.5517241379310345,4,D,1.0,1.0,1,D,6,16,17,0.9411764705882353
2025_3011_D_TS-91_crop_00.jpg,4,D,7,29,0.896551724137931,0.896551724137931,4,D,1.0,1.0,1,D,7,26,38,0.6842105263157895
2025_3011_D_TS-92_crop_00.jpg,4,D,1,13,0.5384615384615384,0.5384615384615384,4,D,1.0,1.0,1,D,1,7,16,0.4375
2025_3011_D_TS-92_crop_00.jpg,4,D,2,13,0.9230769230769231,0.9230769230769231,4,D,1.0,1.0,1,D,2,12,16,0.75
2025_3011_D_TS-92_crop_00.jpg,4,D,3,13,1.0,1.0,4,D,1.0,1.0,1,D,3,13,21,0.6190476190476191
2025_3011_D_TS-92_crop_00.jpg,4,D,4,13,0.0,0.0,0,bg,0.0,0.0,0,,0,0,0,0.0
2025_3011_D_TS-92_crop_00.jpg,4,D,5,13,0.0,0.0,0,bg,0.0,0.0,0,,0,0,0,0.0
2025_3011_D_TS-92_crop_00.jpg,4,D,6,13,0.0,0.0,0,bg,0.0,0.0,0,,0,0,0,0.0
2025_3011_D_TS-92_crop_00.jpg,4,D,7,29,0.0,0.0,0,bg,0.0,0.0,0,,0,0,0,0.0
2025_3011_D_TS-92_crop_00.jpg,4,D,8,13,0.5384615384615384,0.5384615384615384,4,D,1.0,1.0,1,D,4,7,8,0.875
2025_3011_D_TS-92_crop_00.jpg,4,D,9,29,0.7586206896551724,0.7586206896551724,4,D,1.0,1.0,1,D,5,22,28,0.7857142857142857
240110-B-135_crop_00.jpg,2,B,1,2082,0.7795389048991355,0.7795389048991355,2,B,1.0,1.0,1,B,1,1623,2113,0.7681022243256034
240110-B-135_crop_00.jpg,3,C,1,208,0.9086538461538461,0.9086538461538461,3,C,1.0,1.0,1,C,2,189,215,0.8790697674418605
240110-B-135_crop_00.jpg,3,C,2,217,0.8433179723502304,0.631336405529954,3,C,0.7486338797814208,0.7486338797814208,2,B|C,1,183,2113,0.0866067203028869
240110-B-138_crop_00.jpg,2,B,1,1454,0.9037138927097662,0.9037138927097662,2,B,1.0,1.0,1,B,1,1314,1388,0.946685878962536
240110-B-138_crop_00.jpg,3,C,1,110,0.0,0.0,0,bg,0.0,0.0,0,,0,0,0,0.0
240110-B-138_crop_00.jpg,3,C,2,301,0.6744186046511628,0.0,2,B,1.0,0.0,1,B,3,202,242,0.8347107438016529
240110-B-138_crop_00.jpg,3,C,3,191,0.9685863874345549,0.9685863874345549,3,C,1.0,1.0,1,C,9,185,200,0.925
240115-A-663_crop_01.jpg,3,C,1,133,0.9097744360902256,0.9097744360902256,3,C,1.0,1.0,1,C,1,121,140,0.8642857142857143
240115-A-663_crop_01.jpg,3,C,2,106,0.9905660377358491,0.9905660377358491,3,C,1.0,1.0,1,C,2,105,138,0.7608695652173914
240115-A-663_crop_01.jpg,3,C,3,89,0.9887640449438202,0.9887640449438202,3,C,1.0,1.0,1,C,3,88,138,0.6376811594202898
240115-A-666_crop_00.jpg,1,A,1,462,0.9025974025974026,0.9025974025974026,1,A,1.0,1.0,1,A,1,417,443,0.9413092550790068
240115-A-666_crop_00.jpg,1,A,2,979,0.8580183861082737,0.8580183861082737,1,A,1.0,1.0,1,A,2,840,842,0.997624703087886
240115-A-666_crop_00.jpg,1,A,3,218,0.8577981651376146,0.8577981651376146,1,A,1.0,1.0,1,A,3,187,229,0.8165938864628821
240115-A-666_crop_00.jpg,1,A,4,465,0.9053763440860215,0.9053763440860215,1,A,1.0,1.0,1,A,4,421,443,0.9503386004514672
240115-A-666_crop_00.jpg,3,C,1,57,0.6140350877192983,0.6140350877192983,3,C,1.0,1.0,1,C,7,35,35,1.0
240115-A-666_crop_00.jpg,3,C,2,122,0.9426229508196722,0.9426229508196722,3,C,1.0,1.0,1,C,8,115,128,0.8984375
240115-A-666_crop_00.jpg,4,D,1,57,0.8947368421052632,0.0,3,C,1.0,0.0,1,C,6,51,67,0.7611940298507462
240115-A-667_crop_01.jpg,1,A,1,591,0.9357021996615905,0.9357021996615905,1,A,1.0,1.0,1,A,1,553,603,0.9170812603648425
240115-A-668_crop_01.jpg,1,A,1,644,0.9270186335403726,0.9270186335403726,1,A,1.0,1.0,1,A,2,597,628,0.9506369426751592
240115-A-668_crop_01.jpg,1,A,2,298,0.8657718120805369,0.8657718120805369,1,A,1.0,1.0,1,A,3,258,266,0.9699248120300752
240115-A-668_crop_01.jpg,1,A,3,549,0.8743169398907104,0.8743169398907104,1,A,1.0,1.0,1,A,4,480,536,0.8955223880597015
240115-A-668_crop_01.jpg,3,C,1,158,0.9177215189873418,0.9177215189873418,3,C,1.0,1.0,1,C,1,145,167,0.8682634730538922
240115-A-669_crop_01.jpg,3,C,1,128,0.921875,0.921875,3,C,1.0,1.0,1,C,1,118,137,0.8613138686131386
240115-A-673_crop_00.jpg,1,A,1,1707,0.9326303456356181,0.9326303456356181,1,A,1.0,1.0,1,A,1,1592,1802,0.8834628190899001
240115-A-673_crop_00.jpg,1,A,2,84,0.9880952380952381,0.9880952380952381,1,A,1.0,1.0,1,A,2,83,102,0.8137254901960784
240115-A-673_crop_00.jpg,1,A,3,405,0.854320987654321,0.854320987654321,1,A,1.0,1.0,1,A,3,346,395,0.8759493670886076
240115-A-673_crop_00.jpg,1,A,4,463,0.8056155507559395,0.8056155507559395,1,A,1.0,1.0,1,A,4,373,403,0.9255583126550868
240115-A-673_crop_00.jpg,1,A,5,480,0.8875,0.8875,1,A,1.0,1.0,1,A,5,426,440,0.9681818181818181
240115-A-673_crop_00.jpg,1,A,6,415,0.9228915662650602,0.9228915662650602,1,A,1.0,1.0,1,A,6,383,419,0.9140811455847255
240115-A-673_crop_00.jpg,1,A,7,1657,0.9456849728424864,0.9456849728424864,1,A,1.0,1.0,1,A,7,1567,1617,0.969078540507112
240115-A-673_crop_00.jpg,1,A,8,937,0.9498399146211313,0.9498399146211313,1,A,1.0,1.0,1,A,8,890,912,0.9758771929824561
240115-A-673_crop_00.jpg,1,A,9,1213,0.9225061830173125,0.9225061830173125,1,A,1.0,1.0,1,A,9,1119,1129,0.9911426040744021
240115-A-673_crop_00.jpg,3,C,1,78,0.0,0.0,0,bg,0.0,0.0,0,,0,0,0,0.0
240115-A-676_crop_00.jpg,1,A,1,194,0.9742268041237113,0.9742268041237113,1,A,1.0,1.0,1,A,1,189,228,0.8289473684210527
240115-A-676_crop_00.jpg,1,A,2,1640,0.9463414634146341,0.9463414634146341,1,A,1.0,1.0,1,A,3,1552,1581,0.9816571790006325
240115-A-676_crop_00.jpg,3,C,1,253,0.9644268774703557,0.9644268774703557,3,C,1.0,1.0,1,C,2,244,270,0.9037037037037037
240115-A-678_crop_00.jpg,1,A,1,703,0.8904694167852063,0.8904694167852063,1,A,1.0,1.0,1,A,1,626,647,0.9675425038639877
240115-A-678_crop_00.jpg,1,A,2,1474,0.8744911804613297,0.8744911804613297,1,A,1.0,1.0,1,A,2,1289,1309,0.9847211611917495
240115-A-678_crop_00.jpg,3,C,1,65,0.36923076923076925,0.36923076923076925,3,C,1.0,1.0,1,C,3,24,24,1.0
240115-A-678_crop_00.jpg,3,C,2,133,0.8345864661654135,0.8345864661654135,3,C,1.0,1.0,1,C,4,111,122,0.9098360655737705
240115-A-678_crop_00.jpg,4,D,1,317,0.0,0.0,0,bg,0.0,0.0,0,,0,0,0,0.0
240115-A-678_crop_01.jpg,1,A,1,204,0.8088235294117647,0.8088235294117647,1,A,1.0,1.0,1,A,1,165,165,1.0
240115-A-678_crop_01.jpg,1,A,2,719,0.9791376912378303,0.9791376912378303,1,A,1.0,1.0,1,A,2,704,764,0.9214659685863874
240115-A-678_crop_01.jpg,1,A,3,216,0.7592592592592593,0.7592592592592593,1,A,1.0,1.0,1,A,3,164,167,0.9820359281437125
240115-A-686_crop_02.jpg,3,C,1,314,0.7961783439490446,0.0,1,A,1.0,0.0,1,A,1,250,256,0.9765625
240115-A-690_crop_01.jpg,3,C,1,64,0.0,0.0,0,bg,0.0,0.0,0,,0,0,0,0.0
240115-A-690_crop_01.jpg,3,C,2,69,0.7391304347826086,0.7391304347826086,3,C,1.0,1.0,1,C,1,51,70,0.7285714285714285
240115-A-699_crop_00.jpg,1,A,1,395,0.7291139240506329,0.7291139240506329,1,A,1.0,1.0,1,A,2,288,307,0.9381107491856677
240115-A-699_crop_00.jpg,1,A,2,811,0.9321824907521579,0.9321824907521579,1,A,1.0,1.0,1,A,3,756,813,0.9298892988929889
240115-A-699_crop_00.jpg,1,A,3,553,0.8607594936708861,0.8607594936708861,1,A,1.0,1.0,1,A,4,476,490,0.9714285714285714
240115-A-699_crop_00.jpg,1,A,4,1143,0.863517060367454,0.863517060367454,1,A,1.0,1.0,1,A,5,987,1054,0.9364326375711575
240115-A-699_crop_00.jpg,3,C,1,108,0.7685185185185185,0.7685185185185185,3,C,1.0,1.0,1,C,1,83,91,0.9120879120879121
240115-A-699_crop_02.jpg,1,A,1,237,0.8354430379746836,0.8354430379746836,1,A,1.0,1.0,1,A,2,198,211,0.9383886255924171
240115-A-699_crop_02.jpg,3,C,1,204,0.7647058823529411,0.7647058823529411,3,C,1.0,1.0,1,C,1,156,167,0.9341317365269461
240115-A-702_crop_00.jpg,1,A,1,183,0.825136612021858,0.825136612021858,1,A,1.0,1.0,1,A,1,151,161,0.937888198757764
240115-A-702_crop_00.jpg,1,A,2,174,0.8793103448275862,0.8793103448275862,1,A,1.0,1.0,1,A,2,153,165,0.9272727272727272
240115-A-702_crop_00.jpg,1,A,3,1074,0.9227188081936686,0.9227188081936686,1,A,1.0,1.0,1,A,3,991,1023,0.9687194525904204
240115-A-702_crop_00.jpg,1,A,4,701,0.8273894436519258,0.8273894436519258,1,A,1.0,1.0,1,A,4,580,861,0.6736353077816493
240115-A-702_crop_00.jpg,1,A,5,234,0.7478632478632479,0.7478632478632479,1,A,1.0,1.0,1,A,4,175,861,0.2032520325203252
240115-A-702_crop_01.jpg,1,A,1,447,0.8814317673378076,0.8814317673378076,1,A,1.0,1.0,1,A,1,394,453,0.869757174392936
240115-A-702_crop_01.jpg,1,A,2,108,0.3888888888888889,0.3888888888888889,1,A,1.0,1.0,1,A,2,42,42,1.0
240115-A-702_crop_01.jpg,1,A,3,217,0.9400921658986175,0.9400921658986175,1,A,1.0,1.0,1,A,3,204,244,0.8360655737704918
240115-A-703_crop_02.jpg,1,A,1,334,0.8682634730538922,0.8682634730538922,1,A,1.0,1.0,1,A,1,290,314,0.9235668789808917
240115-A-703_crop_02.jpg,1,A,2,1202,0.9242928452579035,0.9242928452579035,1,A,1.0,1.0,1,A,3,1111,1172,0.9479522184300341
240115-A-703_crop_02.jpg,1,A,3,229,0.6986899563318777,0.6986899563318777,1,A,1.0,1.0,1,A,4,160,161,0.9937888198757764
240115-A-704_crop_00.jpg,1,A,1,785,0.8866242038216561,0.8866242038216561,1,A,1.0,1.0,1,A,1,696,734,0.9482288828337875
240115-A-704_crop_00.jpg,1,A,2,269,0.9330855018587361,0.9330855018587361,1,A,1.0,1.0,1,A,2,251,304,0.8256578947368421
240115-A-704_crop_00.jpg,1,A,3,634,0.8564668769716088,0.8564668769716088,1,A,1.0,1.0,1,A,3,543,562,0.9661921708185054
240115-A-704_crop_00.jpg,1,A,4,193,0.8134715025906736,0.8134715025906736,1,A,1.0,1.0,1,A,5,157,169,0.9289940828402367
240115-A-704_crop_00.jpg,1,A,5,299,0.8662207357859532,0.8662207357859532,1,A,1.0,1.0,1,A,6,259,280,0.925
240115-A-704_crop_00.jpg,3,C,1,72,0.0,0.0,0,bg,0.0,0.0,0,,0,0,0,0.0
240115-A-704_crop_00.jpg,3,C,2,146,0.815068493150685,0.0,1,A,1.0,0.0,1,A,4,119,125,0.952
240115-A-704_crop_02.jpg,3,C,1,219,0.7853881278538812,0.7853881278538812,3,C,1.0,1.0,1,C,1,172,177,0.9717514124293786
240115-A-704_crop_02.jpg,3,C,2,358,0.9301675977653632,0.9301675977653632,3,C,1.0,1.0,1,C,2,333,366,0.9098360655737705
240115-B-146_crop_00.jpg,1,A,1,585,0.9008547008547009,0.9008547008547009,1,A,1.0,1.0,1,A,1,527,544,0.96875
240115-B-146_crop_00.jpg,1,A,2,251,0.9123505976095617,0.9123505976095617,1,A,1.0,1.0,1,A,4,229,241,0.950207468879668
240115-B-146_crop_00.jpg,2,B,1,2080,0.7923076923076923,0.73125,2,B,0.9229368932038835,0.9229368932038835,2,B|C,3,1521,1722,0.8832752613240418
240115-B-146_crop_01.jpg,1,A,1,1135,0.905726872246696,0.905726872246696,1,A,1.0,1.0,1,A,1,1028,1066,0.9643527204502814
240115-B-147_crop_00.jpg,1,A,1,371,0.9514824797843666,0.9514824797843666,1,A,1.0,1.0,1,A,2,353,373,0.9463806970509383
240115-B-147_crop_00.jpg,1,A,2,249,0.8875502008032129,0.8875502008032129,1,A,1.0,1.0,1,A,5,221,267,0.8277153558052435
240115-B-147_crop_00.jpg,3,C,1,100,0.95,0.95,3,C,1.0,1.0,1,C,3,95,110,0.8636363636363636
240115-B-147_crop_00.jpg,3,C,2,104,0.9134615384615384,0.9134615384615384,3,C,1.0,1.0,1,C,4,95,121,0.7851239669421488
240115-B-147_crop_01.jpg,2,B,1,4456,0.8619838420107719,0.005161579892280072,3,C,0.9940119760479041,0.005988023952095809,1,C,1,3841,4143,0.927105961863384
240115-B-147_crop_01.jpg,3,C,1,155,0.9741935483870968,0.9741935483870968,3,C,1.0,1.0,1,C,2,151,189,0.798941798941799
240115-B-147_crop_01.jpg,3,C,2,181,0.8895027624309392,0.8895027624309392,3,C,1.0,1.0,1,C,3,161,172,0.936046511627907
240115-B-147_crop_01.jpg,3,C,3,101,0.9603960396039604,0.9603960396039604,3,C,1.0,1.0,1,C,4,97,122,0.7950819672131147
240115-B-150_crop_00.jpg,1,A,1,667,0.9205397301349325,0.9205397301349325,1,A,1.0,1.0,1,A,5,614,692,0.8872832369942196
240115-B-150_crop_00.jpg,1,A,2,350,0.8571428571428571,0.8571428571428571,1,A,1.0,1.0,1,A,7,300,329,0.9118541033434651
240115-B-150_crop_00.jpg,1,A,3,571,0.9719789842381786,0.9719789842381786,1,A,1.0,1.0,1,A,9,555,608,0.912828947368421
240115-B-150_crop_00.jpg,2,B,1,9694,0.9639983494945327,0.9639983494945327,2,B,1.0,1.0,1,B,1,9345,13510,0.6917098445595855
240115-B-150_crop_00.jpg,2,B,2,3345,0.9106128550074738,0.9106128550074738,2,B,1.0,1.0,1,B,1,3046,13510,0.22546262028127312
240115-B-150_crop_00.jpg,3,C,1,150,0.19333333333333333,0.0,1,A,1.0,0.0,1,A,2,29,29,1.0
240115-B-150_crop_00.jpg,3,C,2,94,0.9787234042553191,0.9787234042553191,3,C,1.0,1.0,1,C,3,92,127,0.7244094488188977
240115-B-150_crop_00.jpg,3,C,3,137,0.8102189781021898,0.8102189781021898,3,C,1.0,1.0,1,C,4,111,127,0.8740157480314961
240115-B-150_crop_00.jpg,3,C,4,88,0.9545454545454546,0.9545454545454546,3,C,1.0,1.0,1,C,6,84,96,0.875
240115-B-157_crop_00.jpg,2,B,1,2912,0.6960851648351648,0.6603708791208791,2,B,0.9486926492353231,0.9486926492353231,2,B|D,1,1627,2124,0.7660075329566854
240115-B-157_crop_00.jpg,4,D,1,113,0.24778761061946902,0.1592920353982301,4,D,0.6428571428571429,0.6428571428571429,2,B|D,2,18,18,1.0
240115-B-157_crop_00.jpg,4,D,2,197,0.817258883248731,0.817258883248731,4,D,1.0,1.0,1,D,6,161,163,0.9877300613496932
240115-B-157_crop_00.jpg,4,D,3,113,0.4336283185840708,0.4336283185840708,4,D,1.0,1.0,1,D,7,49,49,1.0
240115-B-157_crop_00.jpg,4,D,4,81,0.5432098765432098,0.5432098765432098,4,D,1.0,1.0,1,D,8,44,44,1.0
240115-B-161_crop_00.jpg,2,B,1,435,0.8873563218390804,0.0,3,C,1.0,0.0,1,C,1,386,406,0.9507389162561576
240115-B-161_crop_00.jpg,2,B,2,529,0.9603024574669187,0.9603024574669187,2,B,1.0,1.0,1,B,4,508,723,0.7026279391424619
240115-B-161_crop_00.jpg,2,B,3,338,0.9733727810650887,0.9733727810650887,2,B,1.0,1.0,1,B,5,329,416,0.7908653846153846
240115-B-161_crop_00.jpg,3,C,1,142,0.9647887323943662,0.9647887323943662,3,C,1.0,1.0,1,C,2,137,186,0.7365591397849462
240115-B-161_crop_00.jpg,3,C,2,82,0.5365853658536586,0.5365853658536586,3,C,1.0,1.0,1,C,3,44,44,1.0
240115-B-162_crop_00.jpg,2,B,1,1282,0.9859594383775351,0.9859594383775351,2,B,1.0,1.0,1,B,1,1264,1529,0.8266841072596468
240115-B-162_crop_00.jpg,2,B,2,203,0.8522167487684729,0.0,3,C,1.0,0.0,1,C,3,173,192,0.9010416666666666
240115-B-162_crop_00.jpg,3,C,1,83,0.9156626506024096,0.9156626506024096,3,C,1.0,1.0,1,C,4,76,93,0.8172043010752689
240115-B-162_crop_00.jpg,4,D,1,194,0.015463917525773196,0.0,3,C,1.0,0.0,1,C,2,3,27,0.1111111111111111
240115-B-163_crop_00.jpg,2,B,1,1394,0.9469153515064562,0.9469153515064562,2,B,1.0,1.0,1,B,3,1320,1510,0.8741721854304636
240115-B-163_crop_00.jpg,2,B,2,232,0.21120689655172414,0.21120689655172414,2,B,1.0,1.0,1,B,4,48,50,0.96
240115-B-163_crop_00.jpg,3,C,1,74,0.3918918918918919,0.3918918918918919,3,C,1.0,1.0,1,C,2,29,36,0.8055555555555556
240115-B-163_crop_00.jpg,3,C,2,182,0.9175824175824175,0.9175824175824175,3,C,1.0,1.0,1,C,7,167,211,0.7914691943127962
240115-B-172_crop_00.jpg,2,B,1,4632,0.9389032815198618,0.9389032815198618,2,B,1.0,1.0,1,B,2,4349,4687,0.9278856411350545
240115-B-172_crop_00.jpg,3,C,1,149,0.8590604026845637,0.8590604026845637,3,C,1.0,1.0,1,C,1,128,182,0.7032967032967034
240115-B-173_crop_02.jpg,2,B,1,314,0.43630573248407645,0.43630573248407645,2,B,1.0,1.0,1,B,2,137,153,0.8954248366013072
240115-B-174_crop_00.jpg,2,B,1,1844,0.9549891540130152,0.425704989154013,3,C,0.5542305508233958,0.4457694491766042,2,B|C,2,1761,2020,0.8717821782178218
240115-B-174_crop_00.jpg,3,C,1,150,0.0,0.0,0,bg,0.0,0.0,0,,0,0,0,0.0
240115-C-148_crop_00.jpg,3,C,1,6695,0.9211351755041075,0.9211351755041075,3,C,1.0,1.0,1,C,2,6167,6310,0.977337559429477
240115-C-148_crop_00.jpg,3,C,2,191,0.7853403141361257,0.7853403141361257,3,C,1.0,1.0,1,C,3,150,154,0.974025974025974
240115-C-155_crop_01.jpg,2,B,1,205,0.9121951219512195,0.0,3,C,1.0,0.0,1,C,1,187,224,0.8348214285714286
240115-C-155_crop_01.jpg,3,C,1,94,0.8297872340425532,0.8297872340425532,3,C,1.0,1.0,1,C,2,78,79,0.9873417721518988
240115-C-155_crop_01.jpg,3,C,2,87,0.0,0.0,0,bg,0.0,0.0,0,,0,0,0,0.0
240115-C-156_crop_00.jpg,3,C,1,3190,0.9786833855799373,0.9786833855799373,3,C,1.0,1.0,1,C,1,3122,3436,0.9086146682188592
240115-C-156_crop_01.jpg,3,C,1,253,0.9130434782608695,0.9130434782608695,3,C,1.0,1.0,1,C,1,231,261,0.8850574712643678
240115-C-160_crop_01.jpg,1,A,1,394,0.9517766497461929,0.9517766497461929,1,A,1.0,1.0,1,A,2,375,467,0.8029978586723768
240115-C-160_crop_01.jpg,3,C,1,103,0.8737864077669902,0.8737864077669902,3,C,1.0,1.0,1,C,1,90,99,0.9090909090909091
240115-C-160_crop_01.jpg,3,C,2,2437,0.9786622897004513,0.9786622897004513,3,C,1.0,1.0,1,C,3,2385,2657,0.8976289047798268
240115-C-163_crop_00.jpg,1,A,1,246,0.9065040650406504,0.9065040650406504,1,A,1.0,1.0,1,A,4,223,281,0.7935943060498221
240115-C-163_crop_00.jpg,3,C,1,151,0.9470198675496688,0.9470198675496688,3,C,1.0,1.0,1,C,1,143,166,0.8614457831325302
240115-C-163_crop_00.jpg,3,C,2,720,0.9013888888888889,0.9013888888888889,3,C,1.0,1.0,1,C,2,649,672,0.9657738095238095
240115-C-163_crop_00.jpg,3,C,3,2177,0.9467156637574644,0.9467156637574644,3,C,1.0,1.0,1,C,3,2061,2175,0.9475862068965517
240115-C-163_crop_01.jpg,1,A,1,324,0.8518518518518519,0.8518518518518519,1,A,1.0,1.0,1,A,2,276,307,0.8990228013029316
240115-C-163_crop_01.jpg,1,A,2,522,0.8448275862068966,0.8448275862068966,1,A,1.0,1.0,1,A,3,441,538,0.8197026022304833
240115-C-163_crop_01.jpg,3,C,1,100,0.94,0.94,3,C,1.0,1.0,1,C,1,94,119,0.7899159663865546
240115-C-168_crop_01.jpg,2,B,1,859,0.8940628637951106,0.8940628637951106,2,B,1.0,1.0,1,B,2,768,909,0.8448844884488449
240115-C-168_crop_01.jpg,3,C,1,22,0.0,0.0,0,bg,0.0,0.0,0,,0,0,0,0.0
240115-C-168_crop_01.jpg,3,C,2,365,0.9315068493150684,0.9315068493150684,3,C,1.0,1.0,1,C,1,340,392,0.8673469387755102
240115-C-169_crop_01.jpg,3,C,1,72,1.0,1.0,3,C,1.0,1.0,1,C,1,72,87,0.8275862068965517
240115-C-169_crop_01.jpg,3,C,2,130,0.7846153846153846,0.7846153846153846,3,C,1.0,1.0,1,C,2,102,102,1.0
240115-C-172_crop_00.jpg,3,C,1,93,0.5483870967741935,0.5483870967741935,3,C,1.0,1.0,1,C,1,51,51,1.0
240115-C-172_crop_00.jpg,3,C,2,1999,0.9364682341170585,0.9364682341170585,3,C,1.0,1.0,1,C,2,1872,2050,0.9131707317073171
240115-C-173_crop_01.jpg,2,B,1,98,0.0,0.0,0,bg,0.0,0.0,0,,0,0,0,0.0
240115-C-173_crop_01.jpg,3,C,1,114,0.7105263157894737,0.7105263157894737,3,C,1.0,1.0,1,C,1,81,82,0.9878048780487805
240115-C-173_crop_01.jpg,3,C,2,127,0.7401574803149606,0.7401574803149606,3,C,1.0,1.0,1,C,2,94,111,0.8468468468468469
240124-A-747_crop_00.jpg,1,A,1,936,0.8867521367521367,0.8867521367521367,1,A,1.0,1.0,1,A,1,830,868,0.956221198156682
240124-A-747_crop_00.jpg,1,A,2,1131,0.8603006189213086,0.8603006189213086,1,A,1.0,1.0,1,A,2,973,1009,0.9643211100099108
240124-A-747_crop_00.jpg,1,A,3,163,0.8466257668711656,0.8466257668711656,1,A,1.0,1.0,1,A,4,138,153,0.9019607843137255
240124-A-747_crop_00.jpg,1,A,4,1081,0.8806660499537465,0.8806660499537465,1,A,1.0,1.0,1,A,5,952,1036,0.918918918918919
240124-B-176_crop_00.jpg,2,B,1,3408,0.9354460093896714,0.9354460093896714,2,B,1.0,1.0,1,B,2,3188,3857,0.826549131449313
240124-B-176_crop_00.jpg,4,D,1,755,0.6781456953642384,0.6781456953642384,4,D,1.0,1.0,1,D,1,512,520,0.9846153846153847
240124-B-179_crop_00.jpg,2,B,1,875,0.6365714285714286,0.5497142857142857,2,B,0.8635547576301615,0.8635547576301615,2,B|C,3,392,511,0.7671232876712328
240124-B-183_crop_01.jpg,4,D,1,113,0.9292035398230089,0.9292035398230089,4,D,1.0,1.0,1,D,1,105,114,0.9210526315789473
240124-B-185_crop_01.jpg,2,B,1,386,0.0,0.0,0,bg,0.0,0.0,0,,0,0,0,0.0
240124-B-185_crop_02.jpg,2,B,1,293,0.4539249146757679,0.4539249146757679,2,B,1.0,1.0,1,B,2,71,73,0.9726027397260274
240124-B-186_crop_01.jpg,3,C,1,316,0.8860759493670886,0.8860759493670886,3,C,1.0,1.0,1,C,1,280,314,0.89171974522293
240124-B-186_crop_01.jpg,3,C,2,193,0.0,0.0,0,bg,0.0,0.0,0,,0,0,0,0.0
240124-B-191_crop_01.jpg,2,B,1,238,0.8487394957983193,0.0,3,C,1.0,0.0,1,C,2,202,204,0.9901960784313726
240124-B-191_crop_01.jpg,3,C,1,126,1.0,1.0,3,C,1.0,1.0,1,C,1,126,193,0.6528497409326425
240124-B-191_crop_02.jpg,3,C,1,85,0.0,0.0,0,bg,0.0,0.0,0,,0,0,0,0.0
240124-B-25_crop_00.jpg,2,B,1,4712,0.7744057724957555,0.7744057724957555,2,B,1.0,1.0,1,B,1,3649,4282,0.8521718822979916
240124-B-28_crop_00.jpg,2,B,1,1435,0.8794425087108014,0.689198606271777,2,B,0.783676703645008,0.783676703645008,2,B|D,1,1262,1320,0.956060606060606
240124-B-28_crop_00.jpg,4,D,1,253,0.857707509881423,0.857707509881423,4,D,1.0,1.0,1,D,3,217,219,0.9908675799086758
240124-B-32_crop_00.jpg,4,D,1,72,0.8333333333333334,0.8333333333333334,4,D,1.0,1.0,1,D,1,60,64,0.9375
240124-B-32_crop_00.jpg,4,D,2,72,0.0,0.0,0,bg,0.0,0.0,0,,0,0,0,0.0
240124-B-32_crop_01.jpg,2,B,1,11025,0.8157823129251701,0.8157823129251701,2,B,1.0,1.0,1,B,3,6274,6843,0.9168493350869502
240124-B-34_crop_00.jpg,2,B,1,2469,0.7658971243418388,0.7658971243418388,2,B,1.0,1.0,1,B,1,1890,1947,0.9707241910631741
240124-B-37_crop_01.jpg,4,D,1,106,0.24528301886792453,0.24528301886792453,4,D,1.0,1.0,1,D,1,26,26,1.0
240124-B-37_crop_01.jpg,4,D,2,99,0.2727272727272727,0.2727272727272727,4,D,1.0,1.0,1,D,2,27,27,1.0
240124-C-176_crop_00.jpg,3,C,1,255,0.6039215686274509,0.3803921568627451,3,C,0.6298701298701299,0.6298701298701299,2,B|C,1,154,156,0.9871794871794872
240124-C-176_crop_00.jpg,3,C,2,119,0.7226890756302521,0.7226890756302521,3,C,1.0,1.0,1,C,2,86,94,0.9148936170212766
240124-C-176_crop_00.jpg,3,C,3,3611,0.9288285793409028,0.9288285793409028,3,C,1.0,1.0,1,C,3,3354,3459,0.9696444058976583
240508_2-11_crop_01.jpg,1,A,1,297,0.7407407407407407,0.7407407407407407,1,A,1.0,1.0,1,A,2,220,285,0.7719298245614035
240508_2-13_crop_00.jpg,1,A,1,431,0.9535962877030162,0.9535962877030162,1,A,1.0,1.0,1,A,1,411,486,0.845679012345679
240508_2-13_crop_00.jpg,1,A,2,420,0.9261904761904762,0.9261904761904762,1,A,1.0,1.0,1,A,3,389,459,0.8474945533769063
240508_2-13_crop_00.jpg,1,A,3,123,0.8048780487804879,0.8048780487804879,1,A,1.0,1.0,1,A,2,99,108,0.9166666666666666
240508_2-13_crop_00.jpg,1,A,4,425,0.9835294117647059,0.9835294117647059,1,A,1.0,1.0,1,A,4,418,634,0.6593059936908517
240508_2-13_crop_00.jpg,1,A,5,64,0.953125,0.953125,1,A,1.0,1.0,1,A,5,61,74,0.8243243243243243
240508_2-13_crop_00.jpg,1,A,6,363,0.8512396694214877,0.8512396694214877,1,A,1.0,1.0,1,A,6,309,327,0.944954128440367
240508_2-13_crop_00.jpg,1,A,7,801,0.9650436953807741,0.9650436953807741,1,A,1.0,1.0,1,A,8,773,1614,0.47893432465923175
240508_2-13_crop_00.jpg,1,A,8,564,0.9645390070921985,0.9645390070921985,1,A,1.0,1.0,1,A,8,544,1614,0.33705080545229243
240508_2-13_crop_00.jpg,3,C,1,151,0.9403973509933775,0.039735099337748346,1,A,0.9577464788732394,0.04225352112676056,1,A,4,142,634,0.22397476340694006
240508_2-13_crop_01.jpg,1,A,1,173,0.884393063583815,0.884393063583815,1,A,1.0,1.0,1,A,1,153,170,0.9
240508_2-13_crop_01.jpg,1,A,2,374,0.8502673796791443,0.8502673796791443,1,A,1.0,1.0,1,A,2,318,338,0.9408284023668639
240508_2-13_crop_01.jpg,1,A,3,202,0.9752475247524752,0.9752475247524752,1,A,1.0,1.0,1,A,5,197,237,0.8312236286919831
240508_2-13_crop_01.jpg,1,A,4,204,0.9215686274509803,0.9215686274509803,1,A,1.0,1.0,1,A,6,188,201,0.9353233830845771
240508_2-13_crop_01.jpg,1,A,5,705,0.9078014184397163,0.9078014184397163,1,A,1.0,1.0,1,A,7,640,684,0.935672514619883
240508_2-13_crop_01.jpg,1,A,6,121,0.8925619834710744,0.8925619834710744,1,A,1.0,1.0,1,A,8,108,129,0.8372093023255814
240508_2-13_crop_01.jpg,4,D,1,49,0.0,0.0,0,bg,0.0,0.0,0,,0,0,0,0.0
240508_2-13_crop_01.jpg,4,D,2,49,0.0,0.0,0,bg,0.0,0.0,0,,0,0,0,0.0
240508_2-16_crop_00.jpg,1,A,1,239,0.895397489539749,0.895397489539749,1,A,1.0,1.0,1,A,1,214,225,0.9511111111111111
240508_2-16_crop_00.jpg,3,C,1,344,0.8837209302325582,0.8837209302325582,3,C,1.0,1.0,1,C,2,304,313,0.9712460063897763
240508_2-16_crop_00.jpg,4,D,1,30,0.0,0.0,0,bg,0.0,0.0,0,,0,0,0,0.0
240508_2-1_crop_00.jpg,1,A,1,389,0.9511568123393316,0.9511568123393316,1,A,1.0,1.0,1,A,2,370,427,0.8665105386416861
240508_2-1_crop_00.jpg,1,A,2,198,0.8535353535353535,0.8535353535353535,1,A,1.0,1.0,1,A,3,169,170,0.9941176470588236
240508_2-1_crop_00.jpg,1,A,3,333,0.8588588588588588,0.8588588588588588,1,A,1.0,1.0,1,A,5,286,339,0.8436578171091446
240508_2-1_crop_00.jpg,1,A,4,821,0.8915956151035322,0.8915956151035322,1,A,1.0,1.0,1,A,6,732,745,0.9825503355704698
240508_2-1_crop_00.jpg,1,A,5,989,0.8827098078867543,0.8827098078867543,1,A,1.0,1.0,1,A,7,873,909,0.9603960396039604
240508_2-1_crop_00.jpg,1,A,6,282,0.7446808510638298,0.7446808510638298,1,A,1.0,1.0,1,A,8,210,212,0.9905660377358491
240508_2-1_crop_00.jpg,3,C,1,296,0.7972972972972973,0.0,1,A,1.0,0.0,1,A,1,236,249,0.9477911646586346
240508_2-20_crop_00.jpg,1,A,1,163,0.8159509202453987,0.8159509202453987,1,A,1.0,1.0,1,A,1,133,148,0.8986486486486487
240508_2-20_crop_00.jpg,1,A,2,251,0.9043824701195219,0.9043824701195219,1,A,1.0,1.0,1,A,2,227,245,0.926530612244898
240508_2-20_crop_00.jpg,1,A,3,515,0.8019417475728156,0.8019417475728156,1,A,1.0,1.0,1,A,3,413,449,0.9198218262806236
240508_2-20_crop_00.jpg,1,A,4,841,0.9310344827586207,0.9310344827586207,1,A,1.0,1.0,1,A,4,783,889,0.8807649043869517
240508_2-21_crop_01.jpg,1,A,1,1669,0.8753744757339724,0.8753744757339724,1,A,1.0,1.0,1,A,1,1461,1472,0.9925271739130435
240508_2-21_crop_01.jpg,1,A,2,737,0.932157394843962,0.932157394843962,1,A,1.0,1.0,1,A,2,687,775,0.8864516129032258
240508_2-21_crop_01.jpg,1,A,3,157,0.802547770700637,0.802547770700637,1,A,1.0,1.0,1,A,3,126,135,0.9333333333333333
240508_2-21_crop_01.jpg,1,A,4,129,0.875968992248062,0.875968992248062,1,A,1.0,1.0,1,A,4,113,147,0.7687074829931972
240508_2-21_crop_01.jpg,1,A,5,645,0.9271317829457364,0.9271317829457364,1,A,1.0,1.0,1,A,5,598,738,0.8102981029810298
240508_2-23_crop_00.jpg,1,A,1,1244,0.9244372990353698,0.9244372990353698,1,A,1.0,1.0,1,A,1,1150,1176,0.9778911564625851
240508_2-23_crop_00.jpg,1,A,2,47,0.9787234042553191,0.9787234042553191,1,A,1.0,1.0,1,A,3,46,60,0.7666666666666667
240508_2-23_crop_00.jpg,1,A,3,57,0.7543859649122807,0.7543859649122807,1,A,1.0,1.0,1,A,4,43,51,0.8431372549019608
240508_2-23_crop_00.jpg,3,C,1,49,0.0,0.0,0,bg,0.0,0.0,0,,0,0,0,0.0
240508_2-23_crop_00.jpg,3,C,2,91,1.0,1.0,3,C,1.0,1.0,1,C,2,91,353,0.2577903682719547
240508_2-23_crop_00.jpg,3,C,3,229,0.9126637554585153,0.9126637554585153,3,C,1.0,1.0,1,C,2,209,353,0.5920679886685553
240508_2-27_crop_00.jpg,1,A,1,116,0.8706896551724138,0.8706896551724138,1,A,1.0,1.0,1,A,1,101,109,0.926605504587156
240508_2-27_crop_00.jpg,1,A,2,274,0.7408759124087592,0.7408759124087592,1,A,1.0,1.0,1,A,2,203,212,0.9575471698113207
240508_2-27_crop_00.jpg,1,A,3,478,0.8891213389121339,0.8891213389121339,1,A,1.0,1.0,1,A,3,425,428,0.9929906542056075
240508_2-27_crop_00.jpg,1,A,4,2108,0.956831119544592,0.956831119544592,1,A,1.0,1.0,1,A,4,2017,2236,0.9020572450805009
240508_2-27_crop_00.jpg,1,A,5,378,0.8386243386243386,0.8386243386243386,1,A,1.0,1.0,1,A,5,317,327,0.9694189602446484
240508_2-27_crop_00.jpg,1,A,6,823,0.9270959902794653,0.9270959902794653,1,A,1.0,1.0,1,A,6,763,781,0.9769526248399488
240508_2-28_crop_02.jpg,3,C,1,158,0.9367088607594937,0.9367088607594937,3,C,1.0,1.0,1,C,1,148,161,0.9192546583850931
240508_2-2_crop_00.jpg,1,A,1,501,0.8423153692614771,0.8423153692614771,1,A,1.0,1.0,1,A,2,422,480,0.8791666666666667
240508_2-2_crop_00.jpg,1,A,2,229,0.8777292576419214,0.8777292576419214,1,A,1.0,1.0,1,A,4,201,506,0.39723320158102765
240508_2-2_crop_00.jpg,1,A,3,166,0.9216867469879518,0.9216867469879518,1,A,1.0,1.0,1,A,4,153,506,0.30237154150197626
240508_2-2_crop_00.jpg,1,A,4,119,0.7983193277310925,0.7983193277310925,1,A,1.0,1.0,1,A,5,95,121,0.7851239669421488
240508_2-2_crop_00.jpg,3,C,1,302,0.8940397350993378,0.09602649006622517,1,A,0.8925925925925926,0.10740740740740741,2,A|C,1,270,284,0.9507042253521126
240508_2-30_crop_02.jpg,3,C,1,207,0.8357487922705314,0.8357487922705314,3,C,1.0,1.0,1,C,1,173,192,0.9010416666666666
240508_2-34_crop_00.jpg,1,A,1,612,0.8316993464052288,0.6568627450980392,1,A,0.7897838899803536,0.7897838899803536,2,A|C,1,509,536,0.9496268656716418
240508_2-34_crop_00.jpg,1,A,2,87,0.896551724137931,0.896551724137931,1,A,1.0,1.0,1,A,2,78,89,0.8764044943820225
240508_2-34_crop_00.jpg,1,A,3,1895,0.8934036939313984,0.8934036939313984,1,A,1.0,1.0,1,A,3,1693,1770,0.9564971751412429
240508_2-34_crop_00.jpg,1,A,4,310,0.8483870967741935,0.8483870967741935,1,A,1.0,1.0,1,A,4,263,283,0.9293286219081273
240508_2-36_crop_00.jpg,1,A,1,1315,0.8783269961977186,0.8783269961977186,1,A,1.0,1.0,1,A,1,1155,1226,0.9420880913539967
240508_2-36_crop_00.jpg,1,A,2,738,0.9525745257452575,0.9525745257452575,1,A,1.0,1.0,1,A,2,703,726,0.9683195592286501
240508_2-36_crop_00.jpg,1,A,3,459,0.9433551198257081,0.9433551198257081,1,A,1.0,1.0,1,A,4,433,508,0.8523622047244095
240508_2-36_crop_00.jpg,1,A,4,420,0.8452380952380952,0.8452380952380952,1,A,1.0,1.0,1,A,5,355,361,0.9833795013850416
240508_2-36_crop_00.jpg,1,A,5,1450,0.9372413793103448,0.9372413793103448,1,A,1.0,1.0,1,A,6,1359,1477,0.920108327691266
240508_2-36_crop_00.jpg,1,A,6,247,0.9190283400809717,0.9190283400809717,1,A,1.0,1.0,1,A,7,227,238,0.9537815126050421
240508_2-36_crop_00.jpg,1,A,7,195,0.8923076923076924,0.8923076923076924,1,A,1.0,1.0,1,A,8,174,270,0.6444444444444445
240508_2-36_crop_00.jpg,1,A,8,69,0.8405797101449275,0.8405797101449275,1,A,1.0,1.0,1,A,8,58,270,0.21481481481481482
240508_2-36_crop_00.jpg,3,C,1,446,0.820627802690583,0.0,1,A,1.0,0.0,1,A,3,366,453,0.8079470198675497
240508_2-38_crop_01.jpg,1,A,1,247,0.9190283400809717,0.9190283400809717,1,A,1.0,1.0,1,A,1,227,256,0.88671875
240508_2-38_crop_01.jpg,4,D,1,113,0.8141592920353983,0.8141592920353983,4,D,1.0,1.0,1,D,2,92,93,0.989247311827957
240508_2-39_crop_01.jpg,1,A,1,773,0.8990944372574385,0.8990944372574385,1,A,1.0,1.0,1,A,1,695,712,0.976123595505618
240508_2-39_crop_01.jpg,1,A,2,59,0.8135593220338984,0.8135593220338984,1,A,1.0,1.0,1,A,2,48,55,0.8727272727272727
240508_2-39_crop_01.jpg,1,A,3,107,0.7102803738317757,0.7102803738317757,1,A,1.0,1.0,1,A,3,76,85,0.8941176470588236
240508_2-39_crop_01.jpg,1,A,4,171,0.9005847953216374,0.9005847953216374,1,A,1.0,1.0,1,A,4,154,177,0.8700564971751412
240508_2-39_crop_01.jpg,4,D,1,49,0.0,0.0,0,bg,0.0,0.0,0,,0,0,0,0.0
240508_2-3_crop_00.jpg,1,A,1,90,0.8666666666666667,0.8666666666666667,1,A,1.0,1.0,1,A,1,78,232,0.33620689655172414
240508_2-3_crop_00.jpg,1,A,2,204,0.9607843137254902,0.9607843137254902,1,A,1.0,1.0,1,A,2,196,239,0.8200836820083682
240508_2-3_crop_00.jpg,3,C,1,180,0.7444444444444445,0.0,1,A,1.0,0.0,1,A,1,134,232,0.5775862068965517
240508_2-3_crop_00.jpg,3,C,2,174,0.9540229885057471,0.9540229885057471,3,C,1.0,1.0,1,C,3,166,202,0.8217821782178217
240508_2-3_crop_00.jpg,4,D,1,81,0.9382716049382716,0.9382716049382716,4,D,1.0,1.0,1,D,4,76,83,0.9156626506024096
240508_2-3_crop_01.jpg,1,A,1,540,0.8685185185185185,0.8685185185185185,1,A,1.0,1.0,1,A,1,469,479,0.9791231732776617
240508_2-3_crop_01.jpg,1,A,2,80,0.5,0.5,1,A,1.0,1.0,1,A,2,40,40,1.0
240508_2-4_crop_01.jpg,1,A,1,192,0.71875,0.4895833333333333,1,A,0.6811594202898551,0.6811594202898551,2,A|C,1,138,143,0.965034965034965
240508_2-4_crop_01.jpg,1,A,2,167,0.9101796407185628,0.9101796407185628,1,A,1.0,1.0,1,A,2,152,155,0.9806451612903225
240508_2-4_crop_01.jpg,1,A,3,251,0.8406374501992032,0.8406374501992032,1,A,1.0,1.0,1,A,4,211,230,0.9173913043478261
240508_2-5_crop_02.jpg,3,C,1,50,0.0,0.0,0,bg,0.0,0.0,0,,0,0,0,0.0
240508_2-5_crop_02.jpg,3,C,2,132,0.9090909090909091,0.9090909090909091,3,C,1.0,1.0,1,C,2,120,133,0.9022556390977443
240508_2-6_crop_02.jpg,1,A,1,206,0.941747572815534,0.25728155339805825,3,C,0.7268041237113402,0.27319587628865977,2,A|C,1,194,212,0.9150943396226415
240508_2-7_crop_01.jpg,1,A,1,74,0.8648648648648649,0.8648648648648649,1,A,1.0,1.0,1,A,1,64,76,0.8421052631578947
240508_2-7_crop_01.jpg,1,A,2,121,0.9338842975206612,0.9338842975206612,1,A,1.0,1.0,1,A,2,113,137,0.8248175182481752
240508_2-7_crop_01.jpg,1,A,3,124,0.8064516129032258,0.8064516129032258,1,A,1.0,1.0,1,A,5,100,101,0.9900990099009901
240508_2-7_crop_01.jpg,1,A,4,167,0.9341317365269461,0.9341317365269461,1,A,1.0,1.0,1,A,6,156,170,0.9176470588235294
240508_2-7_crop_01.jpg,1,A,5,70,0.6142857142857143,0.6142857142857143,1,A,1.0,1.0,1,A,7,43,43,1.0
240508_2-7_crop_01.jpg,1,A,6,120,0.9416666666666667,0.9416666666666667,1,A,1.0,1.0,1,A,8,113,140,0.8071428571428572
240508_2-9_crop_01.jpg,1,A,1,1224,0.8937908496732027,0.8937908496732027,1,A,1.0,1.0,1,A,1,1094,1186,0.9224283305227656
240508_2-9_crop_01.jpg,1,A,2,72,0.9027777777777778,0.9027777777777778,1,A,1.0,1.0,1,A,2,65,88,0.7386363636363636
240508_2-9_crop_01.jpg,1,A,3,335,0.8029850746268656,0.8029850746268656,1,A,1.0,1.0,1,A,3,269,283,0.950530035335689
240508_2-9_crop_01.jpg,1,A,4,210,0.8952380952380953,0.8952380952380953,1,A,1.0,1.0,1,A,4,188,189,0.9947089947089947
240508_4-11_crop_01.jpg,2,B,1,643,0.9222395023328149,0.9222395023328149,2,B,1.0,1.0,1,B,2,593,703,0.8435277382645804
240508_4-11_crop_01.jpg,2,B,2,130,0.08461538461538462,0.08461538461538462,2,B,1.0,1.0,1,B,3,11,11,1.0
240508_4-13_crop_00.jpg,2,B,1,468,0.8418803418803419,0.8418803418803419,2,B,1.0,1.0,1,B,1,394,435,0.9057471264367816
240508_4-13_crop_00.jpg,2,B,2,205,0.0,0.0,0,bg,0.0,0.0,0,,0,0,0,0.0
240508_4-2_crop_00.jpg,3,C,1,92,0.09782608695652174,0.0,2,B,1.0,0.0,1,B,3,9,9,1.0
240508_4-2_crop_00.jpg,3,C,2,250,0.952,0.952,3,C,1.0,1.0,1,C,5,238,288,0.8263888888888888
240508_4-2_crop_00.jpg,4,D,1,49,0.7346938775510204,0.7346938775510204,4,D,1.0,1.0,1,D,1,36,36,1.0
240508_4-2_crop_00.jpg,4,D,2,29,0.7931034482758621,0.0,2,B,1.0,0.0,1,B,4,23,40,0.575
240508_4-2_crop_01.jpg,2,B,1,404,0.7301980198019802,0.7301980198019802,2,B,1.0,1.0,1,B,2,295,321,0.9190031152647975
240508_4-2_crop_01.jpg,3,C,1,109,0.908256880733945,0.908256880733945,3,C,1.0,1.0,1,C,5,99,124,0.7983870967741935
240508_4-3_crop_00.jpg,2,B,1,593,0.40472175379426645,0.40472175379426645,2,B,1.0,1.0,1,B,1,240,294,0.8163265306122449
240508_4-3_crop_00.jpg,3,C,1,82,0.0,0.0,0,bg,0.0,0.0,0,,0,0,0,0.0
240508_4-3_crop_00.jpg,3,C,2,96,0.9166666666666666,0.9166666666666666,3,C,1.0,1.0,1,C,3,88,113,0.7787610619469026
240508_4-3_crop_00.jpg,4,D,1,113,0.9823008849557522,0.9823008849557522,4,D,1.0,1.0,1,D,2,111,123,0.9024390243902439
240508_4-3_crop_00.jpg,4,D,2,49,0.0,0.0,0,bg,0.0,0.0,0,,0,0,0,0.0
240508_4-3_crop_00.jpg,4,D,3,81,0.9753086419753086,0.9753086419753086,4,D,1.0,1.0,1,D,4,79,97,0.8144329896907216
240508_4-3_crop_00.jpg,4,D,4,81,0.8888888888888888,0.8888888888888888,4,D,1.0,1.0,1,D,5,72,80,0.9
240508_4-9_crop_00.jpg,2,B,1,594,0.8973063973063973,0.8973063973063973,2,B,1.0,1.0,1,B,2,533,664,0.802710843373494
240508_4-9_crop_00.jpg,2,B,2,481,0.9521829521829522,0.9521829521829522,2,B,1.0,1.0,1,B,1,458,579,0.7910189982728842
240508_4-9_crop_00.jpg,3,C,1,108,0.9629629629629629,0.9629629629629629,3,C,1.0,1.0,1,C,3,104,171,0.6081871345029239
240508_4-9_crop_00.jpg,3,C,2,154,0.9805194805194806,0.0,2,B,1.0,0.0,1,B,5,151,393,0.3842239185750636
240508_4-9_crop_00.jpg,4,D,1,113,0.0,0.0,0,bg,0.0,0.0,0,,0,0,0,0.0
240508_4-9_crop_02.jpg,3,C,1,167,0.24550898203592814,0.24550898203592814,3,C,1.0,1.0,1,C,1,41,64,0.640625
240508_4-9_crop_02.jpg,4,D,1,113,0.8672566371681416,0.8672566371681416,4,D,1.0,1.0,1,D,2,98,98,1.0
240508_5-11_crop_01.jpg,4,D,1,113,0.7079646017699115,0.7079646017699115,4,D,1.0,1.0,1,D,1,80,80,1.0
240508_5-11_crop_01.jpg,4,D,2,1009,0.7542120911793855,0.7542120911793855,4,D,1.0,1.0,1,D,2,761,761,1.0
240508_5-11_crop_01.jpg,4,D,3,49,0.0,0.0,0,bg,0.0,0.0,0,,0,0,0,0.0
240508_5-11_crop_01.jpg,4,D,4,49,0.0,0.0,0,bg,0.0,0.0,0,,0,0,0,0.0
240508_5-18_crop_00.jpg,4,D,1,49,0.8775510204081632,0.8775510204081632,4,D,1.0,1.0,1,D,1,43,46,0.9347826086956522
240508_5-18_crop_00.jpg,4,D,2,149,0.8926174496644296,0.8926174496644296,4,D,1.0,1.0,1,D,2,133,136,0.9779411764705882
240508_5-18_crop_00.jpg,4,D,3,113,0.8053097345132744,0.8053097345132744,4,D,1.0,1.0,1,D,3,91,91,1.0
240508_5-4_crop_02.jpg,4,D,1,49,0.3469387755102041,0.3469387755102041,4,D,1.0,1.0,1,D,1,17,17,1.0
240508_5-7_crop_01.jpg,4,D,1,81,0.6790123456790124,0.6790123456790124,4,D,1.0,1.0,1,D,1,55,56,0.9821428571428571
240508_5-7_crop_01.jpg,4,D,2,49,0.0,0.0,0,bg,0.0,0.0,0,,0,0,0,0.0
240508_5-7_crop_01.jpg,4,D,3,49,0.0,0.0,0,bg,0.0,0.0,0,,0,0,0,0.0
2408_C-40_crop_00.jpg,2,B,1,294,0.5034013605442177,0.0,3,C,1.0,0.0,1,C,5,148,160,0.925
2408_C-40_crop_00.jpg,3,C,1,72,0.8611111111111112,0.8611111111111112,3,C,1.0,1.0,1,C,1,62,76,0.8157894736842105
2408_C-40_crop_00.jpg,3,C,2,158,0.8860759493670886,0.8860759493670886,3,C,1.0,1.0,1,C,2,140,200,0.7
2408_C-40_crop_00.jpg,3,C,3,1024,0.9755859375,0.9755859375,3,C,1.0,1.0,1,C,3,999,1081,0.9241443108233117
2408_C-40_crop_00.jpg,3,C,4,401,0.9052369077306733,0.9052369077306733,3,C,1.0,1.0,1,C,4,363,436,0.8325688073394495
2408_C-40_crop_00.jpg,3,C,5,123,0.0,0.0,0,bg,0.0,0.0,0,,0,0,0,0.0
2408_C-42_crop_01.jpg,3,C,1,152,0.7828947368421053,0.7828947368421053,3,C,1.0,1.0,1,C,1,119,121,0.9834710743801653
2408_C-43_crop_02.jpg,3,C,1,409,0.9706601466992665,0.9706601466992665,3,C,1.0,1.0,1,C,1,397,492,0.806910569105691
2408_C-47_crop_01.jpg,3,C,1,241,1.0,1.0,3,C,1.0,1.0,1,C,1,241,324,0.7438271604938271
2408_C-47_crop_01.jpg,3,C,2,113,1.0,1.0,3,C,1.0,1.0,1,C,2,113,152,0.743421052631579
2408_C-56_crop_01.jpg,1,A,1,164,0.9817073170731707,0.9817073170731707,1,A,1.0,1.0,1,A,1,161,204,0.7892156862745098
2408_C-56_crop_01.jpg,1,A,2,405,0.9901234567901235,0.9901234567901235,1,A,1.0,1.0,1,A,2,401,473,0.8477801268498943
2408_C-57_crop_01.jpg,1,A,1,276,0.927536231884058,0.9166666666666666,1,A,0.98828125,0.98828125,1,A,2,256,321,0.7975077881619937
2408_C-57_crop_01.jpg,1,A,2,129,0.8914728682170543,0.8914728682170543,1,A,1.0,1.0,1,A,4,115,140,0.8214285714285714
2408_C-57_crop_01.jpg,1,A,3,120,0.9916666666666667,0.9916666666666667,1,A,1.0,1.0,1,A,5,119,155,0.7677419354838709
2408_C-57_crop_01.jpg,3,C,1,127,0.9921259842519685,0.9921259842519685,3,C,1.0,1.0,1,C,1,126,167,0.7544910179640718
2408_C-57_crop_01.jpg,3,C,2,116,0.9827586206896551,0.9827586206896551,3,C,1.0,1.0,1,C,3,114,148,0.7702702702702703
2408_C-58_crop_01.jpg,3,C,1,375,0.9146666666666666,0.9146666666666666,3,C,1.0,1.0,1,C,1,343,396,0.8661616161616161
2408_C-60_crop_01.jpg,3,C,1,793,0.9684741488020177,0.9684741488020177,3,C,1.0,1.0,1,C,1,768,855,0.8982456140350877
2408_C-63_crop_01.jpg,1,A,1,445,0.9303370786516854,0.9303370786516854,1,A,1.0,1.0,1,A,2,414,442,0.9366515837104072
2408_C-63_crop_01.jpg,1,A,2,135,0.8444444444444444,0.8444444444444444,1,A,1.0,1.0,1,A,4,114,116,0.9827586206896551
2408_C-63_crop_01.jpg,1,A,3,103,0.8446601941747572,0.8446601941747572,1,A,1.0,1.0,1,A,5,87,102,0.8529411764705882
2408_C-63_crop_01.jpg,3,C,1,1658,0.9704463208685162,0.9704463208685162,3,C,1.0,1.0,1,C,3,1609,1905,0.8446194225721785
2408_C-64_crop_00.jpg,1,A,1,47,0.40425531914893614,0.40425531914893614,1,A,1.0,1.0,1,A,10,19,83,0.2289156626506024
2408_C-64_crop_00.jpg,1,A,2,62,0.0,0.0,0,bg,0.0,0.0,0,,0,0,0,0.0
2408_C-64_crop_00.jpg,3,C,1,140,0.7857142857142857,0.0,1,A,1.0,0.0,1,A,1,110,126,0.873015873015873
2408_C-64_crop_00.jpg,3,C,2,82,0.7073170731707317,0.0,1,A,1.0,0.0,1,A,2,58,59,0.9830508474576272
2408_C-64_crop_00.jpg,3,C,3,64,0.921875,0.0,1,A,1.0,0.0,1,A,3,59,71,0.8309859154929577
2408_C-64_crop_00.jpg,3,C,4,431,0.9095127610208816,0.9095127610208816,3,C,1.0,1.0,1,C,4,392,403,0.9727047146401985
2408_C-64_crop_00.jpg,3,C,5,59,0.9830508474576272,0.9830508474576272,3,C,1.0,1.0,1,C,5,58,86,0.6744186046511628
2408_C-64_crop_00.jpg,3,C,6,111,1.0,1.0,3,C,1.0,1.0,1,C,7,111,1390,0.07985611510791367
2408_C-64_crop_00.jpg,3,C,7,1151,0.9591659426585578,0.9591659426585578,3,C,1.0,1.0,1,C,7,1104,1390,0.7942446043165468
2408_C-64_crop_00.jpg,3,C,8,115,0.808695652173913,0.808695652173913,3,C,1.0,1.0,1,C,8,93,127,0.7322834645669292
2408_C-64_crop_00.jpg,3,C,9,81,0.8888888888888888,0.8888888888888888,3,C,1.0,1.0,1,C,9,72,95,0.7578947368421053
2408_C-64_crop_00.jpg,3,C,10,55,0.8545454545454545,0.0,1,A,1.0,0.0,1,A,10,47,83,0.5662650602409639
2408_C-64_crop_02.jpg,3,C,1,96,0.9791666666666666,0.9791666666666666,3,C,1.0,1.0,1,C,1,94,122,0.7704918032786885
2408_C-65_crop_01.jpg,1,A,1,417,0.9088729016786571,0.9088729016786571,1,A,1.0,1.0,1,A,1,379,420,0.9023809523809524
2408_C-66_crop_00.jpg,1,A,1,268,0.9701492537313433,0.9701492537313433,1,A,1.0,1.0,1,A,1,260,287,0.9059233449477352
2408_C-66_crop_00.jpg,3,C,1,1212,0.9686468646864687,0.9686468646864687,3,C,1.0,1.0,1,C,2,1174,1288,0.9114906832298136
2408_C-67_crop_00.jpg,1,A,1,267,0.8352059925093633,0.8352059925093633,1,A,1.0,1.0,1,A,3,223,235,0.948936170212766
2408_C-67_crop_00.jpg,3,C,1,164,0.9573170731707317,0.9573170731707317,3,C,1.0,1.0,1,C,1,157,179,0.8770949720670391
2408_C-67_crop_00.jpg,3,C,2,1312,0.9527439024390244,0.9527439024390244,3,C,1.0,1.0,1,C,2,1250,1429,0.8747375787263821
2408_C-67_crop_01.jpg,3,C,1,119,0.865546218487395,0.865546218487395,3,C,1.0,1.0,1,C,1,103,111,0.9279279279279279
2408_C-68_crop_00.jpg,3,C,1,135,0.7555555555555555,0.0,1,A,1.0,0.0,1,A,1,102,116,0.8793103448275862
2408_C-68_crop_00.jpg,3,C,2,1191,0.963056255247691,0.963056255247691,3,C,1.0,1.0,1,C,2,1147,1315,0.8722433460076046
2408_C-68_crop_00.jpg,3,C,3,75,0.0,0.0,0,bg,0.0,0.0,0,,0,0,0,0.0
2408_C-68_crop_00.jpg,3,C,4,148,0.8783783783783784,0.0,1,A,1.0,0.0,1,A,3,130,130,1.0
2408_C-68_crop_00.jpg,3,C,5,84,0.8809523809523809,0.8809523809523809,3,C,1.0,1.0,1,C,4,74,89,0.8314606741573034
2408_C-68_crop_00.jpg,3,C,6,158,0.8860759493670886,0.0,1,A,1.0,0.0,1,A,7,140,141,0.9929078014184397
2408_C-72_crop_01.jpg,1,A,1,247,0.8866396761133604,0.8866396761133604,1,A,1.0,1.0,1,A,1,219,224,0.9776785714285714
2408_C-74_crop_00.jpg,1,A,1,506,0.9367588932806324,0.9367588932806324,1,A,1.0,1.0,1,A,1,474,547,0.8665447897623401
2408_C-74_crop_00.jpg,1,A,2,193,0.9481865284974094,0.9481865284974094,1,A,1.0,1.0,1,A,2,183,215,0.8511627906976744
2408_C-74_crop_00.jpg,1,A,3,168,0.8452380952380952,0.8452380952380952,1,A,1.0,1.0,1,A,3,142,168,0.8452380952380952
2408_C-74_crop_00.jpg,1,A,4,568,0.9348591549295775,0.9348591549295775,1,A,1.0,1.0,1,A,4,531,611,0.8690671031096563
2408_C-74_crop_00.jpg,1,A,5,203,0.9507389162561576,0.9507389162561576,1,A,1.0,1.0,1,A,5,193,249,0.7751004016064257
2408_C-74_crop_00.jpg,1,A,6,108,1.0,1.0,1,A,1.0,1.0,1,A,8,108,139,0.7769784172661871
2408_C-74_crop_00.jpg,3,C,1,79,1.0,1.0,3,C,1.0,1.0,1,C,7,79,129,0.6124031007751938
2408_C-82_crop_01.jpg,1,A,1,393,0.9720101781170484,0.9720101781170484,1,A,1.0,1.0,1,A,2,382,438,0.8721461187214612
2408_C-84_crop_00.jpg,1,A,1,1860,0.9575268817204301,0.9575268817204301,1,A,1.0,1.0,1,A,1,1781,1937,0.9194630872483222
2408_C-84_crop_00.jpg,1,A,2,142,0.9295774647887324,0.9295774647887324,1,A,1.0,1.0,1,A,3,132,162,0.8148148148148148
2408_C-84_crop_00.jpg,3,C,1,71,1.0,1.0,3,C,1.0,1.0,1,C,2,71,124,0.5725806451612904
2408_C-84_crop_00.jpg,3,C,2,175,0.9257142857142857,0.0,1,A,1.0,0.0,1,A,4,162,183,0.8852459016393442
2408_C-84_crop_00.jpg,4,D,1,49,0.0,0.0,0,bg,0.0,0.0,0,,0,0,0,0.0
2408_C-84_crop_00.jpg,4,D,2,29,0.0,0.0,0,bg,0.0,0.0,0,,0,0,0,0.0
2408_C-88_crop_02.jpg,3,C,1,104,0.9807692307692307,0.9807692307692307,3,C,1.0,1.0,1,C,1,102,160,0.6375
2408_C-89_crop_00.jpg,1,A,1,625,0.9712,0.9712,1,A,1.0,1.0,1,A,1,607,714,0.8501400560224089
2408_C-89_crop_00.jpg,1,A,2,767,0.9465449804432855,0.9465449804432855,1,A,1.0,1.0,1,A,2,726,782,0.928388746803069
2408_C-89_crop_00.jpg,1,A,3,380,0.9736842105263158,0.9736842105263158,1,A,1.0,1.0,1,A,3,370,424,0.8726415094339622
2408_C-89_crop_00.jpg,1,A,4,101,0.9108910891089109,0.9108910891089109,1,A,1.0,1.0,1,A,4,92,107,0.8598130841121495
2408_C-89_crop_00.jpg,1,A,5,551,0.9836660617059891,0.9836660617059891,1,A,1.0,1.0,1,A,6,542,630,0.8603174603174604
2408_C-89_crop_00.jpg,1,A,6,86,0.7558139534883721,0.7558139534883721,1,A,1.0,1.0,1,A,7,65,78,0.8333333333333334
2408_C-89_crop_00.jpg,3,C,1,142,0.0,0.0,0,bg,0.0,0.0,0,,0,0,0,0.0
2408_C-89_crop_00.jpg,3,C,2,794,0.9521410579345088,0.9521410579345088,3,C,1.0,1.0,1,C,5,756,866,0.8729792147806005
2408_C-90_crop_01.jpg,3,C,1,151,0.9536423841059603,0.9536423841059603,3,C,1.0,1.0,1,C,1,144,182,0.7912087912087912
2408_C-90_crop_01.jpg,3,C,2,734,0.832425068119891,0.832425068119891,3,C,1.0,1.0,1,C,3,557,592,0.9408783783783784
2408_C-90_crop_02.jpg,3,C,1,194,0.9175257731958762,0.9175257731958762,3,C,1.0,1.0,1,C,1,178,199,0.8944723618090452
2408_C-92_crop_02.jpg,3,C,1,115,0.7565217391304347,0.7565217391304347,3,C,1.0,1.0,1,C,2,87,92,0.9456521739130435
744_01-02_crop_00.jpg,1,A,1,119,0.8907563025210085,0.8907563025210085,1,A,1.0,1.0,1,A,2,106,113,0.9380530973451328
744_01-02_crop_00.jpg,1,A,2,359,0.6657381615598886,0.6657381615598886,1,A,1.0,1.0,1,A,3,239,305,0.7836065573770492
744_01-02_crop_00.jpg,1,A,3,307,0.6351791530944625,0.6351791530944625,1,A,1.0,1.0,1,A,4,195,199,0.9798994974874372
744_01-02_crop_00.jpg,1,A,4,59,0.22033898305084745,0.22033898305084745,1,A,1.0,1.0,1,A,7,13,18,0.7222222222222222
744_01-02_crop_00.jpg,1,A,5,128,0.7109375,0.7109375,1,A,1.0,1.0,1,A,8,91,93,0.978494623655914
744_01-02_crop_00.jpg,1,A,6,150,0.9133333333333333,0.9133333333333333,1,A,1.0,1.0,1,A,9,137,227,0.6035242290748899
744_01-02_crop_00.jpg,1,A,7,347,0.7896253602305475,0.7896253602305475,1,A,1.0,1.0,1,A,10,274,349,0.7851002865329513
744_01-02_crop_00.jpg,1,A,8,264,0.7045454545454546,0.7045454545454546,1,A,1.0,1.0,1,A,11,186,218,0.8532110091743119
744_01-02_crop_00.jpg,1,A,9,45,0.0,0.0,0,bg,0.0,0.0,0,,0,0,0,0.0
744_01-02_crop_00.jpg,1,A,10,277,1.0,1.0,1,A,1.0,1.0,1,A,12,277,369,0.7506775067750677
744_01-02_crop_00.jpg,1,A,11,238,0.5504201680672269,0.5504201680672269,1,A,1.0,1.0,1,A,13,131,131,1.0
744_01-02_crop_00.jpg,1,A,12,66,0.0,0.0,0,bg,0.0,0.0,0,,0,0,0,0.0
744_01-02_crop_00.jpg,1,A,13,559,0.8103756708407871,0.8103756708407871,1,A,1.0,1.0,1,A,16,453,472,0.9597457627118644
744_01-02_crop_00.jpg,1,A,14,765,0.48627450980392156,0.48627450980392156,1,A,1.0,1.0,1,A,18,368,378,0.9735449735449735
744_01-02_crop_00.jpg,1,A,15,189,0.8835978835978836,0.8835978835978836,1,A,1.0,1.0,1,A,15,167,190,0.8789473684210526
744_01-02_crop_00.jpg,1,A,16,205,0.9463414634146341,0.9463414634146341,1,A,1.0,1.0,1,A,17,194,287,0.6759581881533101
744_01-02_crop_00.jpg,1,A,17,156,0.7371794871794872,0.7371794871794872,1,A,1.0,1.0,1,A,19,115,157,0.732484076433121
744_01-02_crop_00.jpg,1,A,18,298,0.4664429530201342,0.4664429530201342,1,A,1.0,1.0,1,A,21,139,140,0.9928571428571429
744_01-02_crop_00.jpg,1,A,19,153,0.6143790849673203,0.6143790849673203,1,A,1.0,1.0,1,A,20,94,96,0.9791666666666666
744_01-02_crop_00.jpg,1,A,20,211,0.943127962085308,0.943127962085308,1,A,1.0,1.0,1,A,22,199,265,0.7509433962264151
744_01-02_crop_00.jpg,1,A,21,221,0.7285067873303167,0.7285067873303167,1,A,1.0,1.0,1,A,23,161,189,0.8518518518518519
744_01-02_crop_00.jpg,1,A,22,253,0.9762845849802372,0.9762845849802372,1,A,1.0,1.0,1,A,25,247,303,0.8151815181518152
744_01-02_crop_00.jpg,1,A,23,171,0.6023391812865497,0.6023391812865497,1,A,1.0,1.0,1,A,26,103,111,0.9279279279279279
744_01-02_crop_00.jpg,1,A,24,683,0.7759882869692533,0.7759882869692533,1,A,1.0,1.0,1,A,28,530,872,0.6077981651376146
744_01-02_crop_00.jpg,1,A,25,235,0.7531914893617021,0.7531914893617021,1,A,1.0,1.0,1,A,28,177,872,0.2029816513761468
744_01-02_crop_00.jpg,1,A,26,206,0.32038834951456313,0.32038834951456313,1,A,1.0,1.0,1,A,30,66,66,1.0
744_01-02_crop_00.jpg,1,A,27,360,0.8861111111111111,0.8861111111111111,1,A,1.0,1.0,1,A,31,319,399,0.7994987468671679
744_01-02_crop_00.jpg,1,A,28,128,0.953125,0.953125,1,A,1.0,1.0,1,A,32,122,161,0.7577639751552795
744_01-02_crop_00.jpg,1,A,29,302,0.7980132450331126,0.7980132450331126,1,A,1.0,1.0,1,A,33,241,270,0.8925925925925926
744_01-02_crop_00.jpg,1,A,30,189,0.6931216931216931,0.6931216931216931,1,A,1.0,1.0,1,A,34,131,134,0.9776119402985075
744_01-02_crop_00.jpg,1,A,31,470,0.925531914893617,0.925531914893617,1,A,1.0,1.0,1,A,35,435,490,0.8877551020408163
744_01-02_crop_00.jpg,1,A,32,227,0.9295154185022027,0.9295154185022027,1,A,1.0,1.0,1,A,36,211,256,0.82421875
744_01-02_crop_00.jpg,1,A,33,96,0.875,0.875,1,A,1.0,1.0,1,A,37,84,126,0.6666666666666666
744_01-02_crop_00.jpg,1,A,34,70,0.11428571428571428,0.11428571428571428,1,A,1.0,1.0,1,A,38,8,8,1.0
744_01-02_crop_00.jpg,1,A,35,108,0.6944444444444444,0.6944444444444444,1,A,1.0,1.0,1,A,40,75,84,0.8928571428571429
744_01-02_crop_00.jpg,1,A,36,252,0.9801587301587301,0.9801587301587301,1,A,1.0,1.0,1,A,41,247,295,0.8372881355932204
744_01-02_crop_00.jpg,1,A,37,148,0.6554054054054054,0.6554054054054054,1,A,1.0,1.0,1,A,42,97,116,0.8362068965517241
744_01-02_crop_00.jpg,1,A,38,531,0.8700564971751412,0.8700564971751412,1,A,1.0,1.0,1,A,43,462,573,0.806282722513089
744_01-02_crop_00.jpg,1,A,39,311,0.7202572347266881,0.7202572347266881,1,A,1.0,1.0,1,A,44,224,234,0.9572649572649573
744_01-02_crop_00.jpg,1,A,40,262,1.0,1.0,1,A,1.0,1.0,1,A,45,262,449,0.5835189309576837
744_01-02_crop_00.jpg,1,A,41,175,1.0,1.0,1,A,1.0,1.0,1,A,46,175,250,0.7
744_01-02_crop_00.jpg,1,A,42,99,0.6868686868686869,0.6868686868686869,1,A,1.0,1.0,1,A,47,68,76,0.8947368421052632
744_01-02_crop_00.jpg,1,A,43,119,0.7815126050420168,0.7815126050420168,1,A,1.0,1.0,1,A,49,93,135,0.6888888888888889
744_01-02_crop_00.jpg,1,A,44,222,0.8648648648648649,0.8648648648648649,1,A,1.0,1.0,1,A,48,192,199,0.964824120603015
744_01-02_crop_00.jpg,3,C,1,455,0.6989010989010989,0.0,1,A,1.0,0.0,1,A,1,318,495,0.6424242424242425
744_01-02_crop_00.jpg,3,C,2,503,0.9960238568588469,0.9960238568588469,3,C,1.0,1.0,1,C,6,501,881,0.5686719636776391
744_01-02_crop_00.jpg,3,C,3,251,0.9123505976095617,0.0,1,A,1.0,0.0,1,A,29,229,252,0.9087301587301587
744_01-04_crop_01.jpg,1,A,1,1569,0.46016571064372214,0.46016571064372214,1,A,1.0,1.0,1,A,1,722,740,0.9756756756756757
744_01-04_crop_01.jpg,1,A,2,394,0.7817258883248731,0.7385786802030457,1,A,0.9448051948051948,0.9448051948051948,2,A|C,2,308,323,0.9535603715170279
744_01-04_crop_01.jpg,1,A,3,167,0.6706586826347305,0.6706586826347305,1,A,1.0,1.0,1,A,3,112,121,0.9256198347107438
744_01-04_crop_01.jpg,1,A,4,384,0.5911458333333334,0.4791666666666667,1,A,0.8105726872246696,0.8105726872246696,2,A|C,4,227,227,1.0
744_01-04_crop_01.jpg,1,A,5,105,0.7142857142857143,0.7142857142857143,1,A,1.0,1.0,1,A,6,75,86,0.872093023255814
744_01-04_crop_01.jpg,1,A,6,119,0.6302521008403361,0.6302521008403361,1,A,1.0,1.0,1,A,7,75,77,0.974025974025974
744_01-04_crop_01.jpg,1,A,7,217,0.7603686635944701,0.7603686635944701,1,A,1.0,1.0,1,A,8,165,172,0.9593023255813954
744_01-04_crop_01.jpg,1,A,8,162,0.654320987654321,0.654320987654321,1,A,1.0,1.0,1,A,9,106,119,0.8907563025210085
744_01-04_crop_01.jpg,1,A,9,259,0.667953667953668,0.667953667953668,1,A,1.0,1.0,1,A,10,173,1216,0.14226973684210525
744_01-04_crop_01.jpg,1,A,10,194,0.8969072164948454,0.8969072164948454,1,A,1.0,1.0,1,A,11,174,214,0.8130841121495327
744_01-04_crop_01.jpg,1,A,11,589,0.8438030560271647,0.8438030560271647,1,A,1.0,1.0,1,A,10,497,1216,0.4087171052631579
744_01-04_crop_01.jpg,1,A,12,3193,0.6702160977137488,0.6702160977137488,1,A,1.0,1.0,1,A,14,1392,1642,0.8477466504263094
744_01-04_crop_01.jpg,1,A,13,195,0.5948717948717949,0.5948717948717949,1,A,1.0,1.0,1,A,13,116,118,0.9830508474576272
744_01-04_crop_01.jpg,1,A,14,553,0.6582278481012658,0.6582278481012658,1,A,1.0,1.0,1,A,10,364,1216,0.2993421052631579
744_01-04_crop_01.jpg,1,A,15,78,0.7307692307692307,0.7307692307692307,1,A,1.0,1.0,1,A,15,57,93,0.6129032258064516
744_01-04_crop_01.jpg,1,A,16,504,0.5615079365079365,0.49404761904761907,1,A,0.8798586572438163,0.8798586572438163,2,A|C,16,283,304,0.930921052631579
744_01-04_crop_01.jpg,1,A,17,640,0.784375,0.784375,1,A,1.0,1.0,1,A,17,502,517,0.9709864603481625
744_01-04_crop_01.jpg,1,A,18,89,0.550561797752809,0.033707865168539325,3,C,0.9387755102040817,0.061224489795918366,2,A|C,19,49,56,0.875
744_01-04_crop_01.jpg,1,A,19,144,0.5694444444444444,0.0,3,C,1.0,0.0,1,C,20,82,93,0.8817204301075269
744_01-04_crop_02.jpg,1,A,1,345,0.9855072463768116,0.9855072463768116,1,A,1.0,1.0,1,A,1,340,477,0.7127882599580713
744_01-04_crop_02.jpg,1,A,2,361,0.8587257617728532,0.8587257617728532,1,A,1.0,1.0,1,A,2,310,364,0.8516483516483516
744_01-04_crop_02.jpg,1,A,3,120,0.95,0.95,1,A,1.0,1.0,1,A,3,114,133,0.8571428571428571
744_01-04_crop_02.jpg,1,A,4,5,0.0,0.0,0,bg,0.0,0.0,0,,0,0,0,0.0
744_01-04_crop_02.jpg,1,A,5,288,0.5729166666666666,0.5729166666666666,1,A,1.0,1.0,1,A,8,165,165,1.0
744_01-04_crop_02.jpg,1,A,6,360,0.7972222222222223,0.7972222222222223,1,A,1.0,1.0,1,A,9,287,352,0.8153409090909091
744_01-04_crop_02.jpg,1,A,7,141,0.9290780141843972,0.9290780141843972,1,A,1.0,1.0,1,A,10,131,187,0.7005347593582888
744_01-04_crop_02.jpg,1,A,8,280,0.5857142857142857,0.5857142857142857,1,A,1.0,1.0,1,A,12,164,164,1.0
744_01-04_crop_02.jpg,1,A,9,372,0.5860215053763441,0.5860215053763441,1,A,1.0,1.0,1,A,13,218,275,0.7927272727272727
744_01-04_crop_02.jpg,1,A,10,141,1.0,1.0,1,A,1.0,1.0,1,A,16,141,288,0.4895833333333333
744_01-04_crop_02.jpg,1,A,11,263,1.0,1.0,1,A,1.0,1.0,1,A,18,263,366,0.7185792349726776
744_01-04_crop_02.jpg,2,B,1,702,0.26495726495726496,0.0,1,A,1.0,0.0,1,A,4,186,186,1.0
744_01-04_crop_02.jpg,3,C,1,148,0.7635135135135135,0.7635135135135135,3,C,1.0,1.0,1,C,5,113,118,0.9576271186440678
744_01-04_crop_02.jpg,3,C,2,228,0.7763157894736842,0.27631578947368424,1,A,0.6440677966101694,0.3559322033898305,2,A|C,6,177,185,0.9567567567567568
744_01-04_crop_02.jpg,3,C,3,212,0.7688679245283019,0.7358490566037735,3,C,0.9570552147239264,0.9570552147239264,1,C,7,163,171,0.9532163742690059
744_01-04_crop_02.jpg,3,C,4,112,0.7946428571428571,0.7946428571428571,3,C,1.0,1.0,1,C,17,89,113,0.7876106194690266
744_02-01_crop_02.jpg,1,A,1,152,0.8223684210526315,0.8223684210526315,1,A,1.0,1.0,1,A,1,125,142,0.8802816901408451
744_02-01_crop_02.jpg,1,A,2,110,0.8818181818181818,0.8818181818181818,1,A,1.0,1.0,1,A,2,97,112,0.8660714285714286
744_02-01_crop_02.jpg,1,A,3,341,0.718475073313783,0.718475073313783,1,A,1.0,1.0,1,A,3,245,260,0.9423076923076923
744_02-01_crop_02.jpg,1,A,4,127,0.984251968503937,0.984251968503937,1,A,1.0,1.0,1,A,6,125,185,0.6756756756756757
744_02-01_crop_02.jpg,1,A,5,92,0.8804347826086957,0.8804347826086957,1,A,1.0,1.0,1,A,7,81,91,0.8901098901098901
744_02-01_crop_02.jpg,1,A,6,778,0.7712082262210797,0.7712082262210797,1,A,1.0,1.0,1,A,8,600,737,0.8141112618724559
744_02-01_crop_02.jpg,1,A,7,699,0.994277539341917,0.994277539341917,1,A,1.0,1.0,1,A,9,695,971,0.7157569515962925
744_02-01_crop_02.jpg,1,A,8,239,1.0,1.0,1,A,1.0,1.0,1,A,10,239,365,0.6547945205479452
744_02-01_crop_02.jpg,1,A,9,83,0.0,0.0,0,bg,0.0,0.0,0,,0,0,0,0.0
744_02-01_crop_02.jpg,1,A,10,151,0.9735099337748344,0.9735099337748344,1,A,1.0,1.0,1,A,12,147,200,0.735
744_02-01_crop_02.jpg,1,A,11,161,0.12422360248447205,0.12422360248447205,1,A,1.0,1.0,1,A,13,20,20,1.0
744_02-01_crop_02.jpg,1,A,12,264,0.8674242424242424,0.8674242424242424,1,A,1.0,1.0,1,A,14,229,294,0.7789115646258503
744_02-03_crop_00.jpg,1,A,1,243,0.7736625514403292,0.7736625514403292,1,A,1.0,1.0,1,A,1,188,212,0.8867924528301887
744_02-03_crop_00.jpg,1,A,2,316,0.569620253164557,0.569620253164557,1,A,1.0,1.0,1,A,2,180,187,0.9625668449197861
744_02-03_crop_00.jpg,1,A,3,161,0.9503105590062112,0.0,3,C,1.0,0.0,1,C,3,153,159,0.9622641509433962
744_02-03_crop_00.jpg,1,A,4,71,0.6619718309859155,0.6619718309859155,1,A,1.0,1.0,1,A,4,47,65,0.7230769230769231
744_02-03_crop_00.jpg,1,A,5,246,0.5934959349593496,0.5934959349593496,1,A,1.0,1.0,1,A,5,146,155,0.9419354838709677
744_02-03_crop_00.jpg,1,A,6,164,0.5487804878048781,0.5487804878048781,1,A,1.0,1.0,1,A,6,90,90,1.0
744_02-03_crop_00.jpg,1,A,7,207,0.7584541062801933,0.7584541062801933,1,A,1.0,1.0,1,A,7,157,171,0.9181286549707602
744_02-03_crop_00.jpg,1,A,8,128,0.6796875,0.6796875,1,A,1.0,1.0,1,A,8,87,97,0.8969072164948454
744_02-03_crop_00.jpg,1,A,9,79,0.569620253164557,0.569620253164557,1,A,1.0,1.0,1,A,9,45,50,0.9
744_02-03_crop_00.jpg,1,A,10,387,0.7777777777777778,0.7777777777777778,1,A,1.0,1.0,1,A,10,301,373,0.806970509383378
744_02-03_crop_00.jpg,1,A,11,123,0.6991869918699187,0.6991869918699187,1,A,1.0,1.0,1,A,11,86,107,0.8037383177570093
744_02-03_crop_00.jpg,1,A,12,164,0.7317073170731707,0.7317073170731707,1,A,1.0,1.0,1,A,12,120,136,0.8823529411764706
744_02-03_crop_00.jpg,1,A,13,107,0.719626168224299,0.719626168224299,1,A,1.0,1.0,1,A,13,77,85,0.9058823529411765
744_02-03_crop_00.jpg,1,A,14,802,0.6683291770573566,0.5610972568578554,1,A,0.8395522388059702,0.8395522388059702,2,A|C,16,536,536,1.0
744_02-03_crop_00.jpg,1,A,15,149,0.5704697986577181,0.5704697986577181,1,A,1.0,1.0,1,A,17,85,87,0.9770114942528736
744_02-03_crop_00.jpg,1,A,16,113,0.6106194690265486,0.6106194690265486,1,A,1.0,1.0,1,A,18,69,72,0.9583333333333334
744_02-03_crop_00.jpg,1,A,17,504,0.8115079365079365,0.8115079365079365,1,A,1.0,1.0,1,A,19,409,492,0.8313008130081301
744_02-03_crop_00.jpg,1,A,18,122,0.6721311475409836,0.6721311475409836,1,A,1.0,1.0,1,A,20,82,105,0.780952380952381
744_02-03_crop_00.jpg,1,A,19,169,0.8994082840236687,0.8994082840236687,1,A,1.0,1.0,1,A,21,152,218,0.6972477064220184
744_02-03_crop_00.jpg,1,A,20,150,0.8866666666666667,0.8866666666666667,1,A,1.0,1.0,1,A,22,133,189,0.7037037037037037
744_02-03_crop_00.jpg,1,A,21,291,0.6701030927835051,0.027491408934707903,3,C,0.958974358974359,0.041025641025641026,1,C,24,195,195,1.0
744_02-03_crop_00.jpg,1,A,22,230,0.7565217391304347,0.7565217391304347,1,A,1.0,1.0,1,A,25,174,193,0.9015544041450777
744_02-03_crop_00.jpg,1,A,23,232,0.75,0.75,1,A,1.0,1.0,1,A,26,174,174,1.0
744_03-01_crop_02.jpg,1,A,1,155,0.9612903225806452,0.9612903225806452,1,A,1.0,1.0,1,A,1,149,191,0.7801047120418848
744_03-01_crop_02.jpg,1,A,2,529,0.888468809073724,0.888468809073724,1,A,1.0,1.0,1,A,2,470,704,0.6676136363636364
744_03-01_crop_02.jpg,1,A,3,266,0.7781954887218046,0.7781954887218046,1,A,1.0,1.0,1,A,4,207,208,0.9951923076923077
744_03-01_crop_02.jpg,1,A,4,196,0.7857142857142857,0.7857142857142857,1,A,1.0,1.0,1,A,5,154,204,0.7549019607843137
744_03-01_crop_02.jpg,1,A,5,346,0.976878612716763,0.976878612716763,1,A,1.0,1.0,1,A,6,338,368,0.9184782608695652
744_03-01_crop_02.jpg,1,A,6,95,0.8631578947368421,0.8631578947368421,1,A,1.0,1.0,1,A,7,82,85,0.9647058823529412
744_03-01_crop_02.jpg,1,A,7,1018,0.9695481335952849,0.9695481335952849,1,A,1.0,1.0,1,A,8,987,1107,0.8915989159891599
744_03-01_crop_02.jpg,1,A,8,74,0.0,0.0,0,bg,0.0,0.0,0,,0,0,0,0.0
744_03-01_crop_02.jpg,1,A,9,628,0.9952229299363057,0.517515923566879,1,A,0.52,0.52,2,A|C,9,625,790,0.7911392405063291
744_03-01_crop_02.jpg,1,A,10,148,0.6216216216216216,0.6216216216216216,1,A,1.0,1.0,1,A,11,92,116,0.7931034482758621
744_03-01_crop_02.jpg,4,D,1,135,0.0,0.0,0,bg,0.0,0.0,0,,0,0,0,0.0
744_03-01_crop_02.jpg,4,D,2,186,0.0,0.0,0,bg,0.0,0.0,0,,0,0,0,0.0
744_03-02_crop_01.jpg,1,A,1,187,0.8235294117647058,0.8235294117647058,1,A,1.0,1.0,1,A,1,154,185,0.8324324324324325
744_03-02_crop_01.jpg,1,A,2,80,0.65,0.65,1,A,1.0,1.0,1,A,2,52,65,0.8
744_03-02_crop_01.jpg,1,A,3,279,0.8709677419354839,0.8709677419354839,1,A,1.0,1.0,1,A,3,243,264,0.9204545454545454
744_03-02_crop_01.jpg,1,A,4,107,0.719626168224299,0.719626168224299,1,A,1.0,1.0,1,A,4,77,87,0.8850574712643678
744_03-02_crop_01.jpg,1,A,5,97,0.7525773195876289,0.7525773195876289,1,A,1.0,1.0,1,A,5,73,83,0.8795180722891566
744_03-02_crop_01.jpg,1,A,6,169,0.591715976331361,0.591715976331361,1,A,1.0,1.0,1,A,6,100,104,0.9615384615384616
744_03-02_crop_01.jpg,1,A,7,101,0.2079207920792079,0.2079207920792079,1,A,1.0,1.0,1,A,7,21,21,1.0
744_03-02_crop_01.jpg,1,A,8,346,0.0,0.0,0,bg,0.0,0.0,0,,0,0,0,0.0
744_03-02_crop_01.jpg,1,A,9,93,0.0,0.0,0,bg,0.0,0.0,0,,0,0,0,0.0
744_03-02_crop_01.jpg,1,A,10,108,0.7962962962962963,0.7962962962962963,1,A,1.0,1.0,1,A,8,86,129,0.6666666666666666
744_03-02_crop_01.jpg,1,A,11,67,0.0,0.0,0,bg,0.0,0.0,0,,0,0,0,0.0
744_03-02_crop_01.jpg,1,A,12,151,0.44370860927152317,0.44370860927152317,1,A,1.0,1.0,1,A,9,67,67,1.0
744_03-02_crop_01.jpg,1,A,13,103,0.0,0.0,0,bg,0.0,0.0,0,,0,0,0,0.0
744_03-02_crop_01.jpg,1,A,14,160,0.375,0.375,1,A,1.0,1.0,1,A,10,60,73,0.821917808219178
744_03-02_crop_01.jpg,1,A,15,302,0.9403973509933775,0.9403973509933775,1,A,1.0,1.0,1,A,12,284,325,0.8738461538461538
744_03-02_crop_01.jpg,1,A,16,243,0.5761316872427984,0.5761316872427984,1,A,1.0,1.0,1,A,13,140,140,1.0
744_03-02_crop_01.jpg,1,A,17,260,0.7038461538461539,0.7038461538461539,1,A,1.0,1.0,1,A,14,183,222,0.8243243243243243
744_03-02_crop_01.jpg,1,A,18,200,0.99,0.99,1,A,1.0,1.0,1,A,15,198,229,0.8646288209606987
744_03-02_crop_01.jpg,1,A,19,302,0.847682119205298,0.847682119205298,1,A,1.0,1.0,1,A,17,256,344,0.7441860465116279
744_03-02_crop_01.jpg,3,C,1,130,0.0,0.0,0,bg,0.0,0.0,0,,0,0,0,0.0
744_03-03_crop_02.jpg,1,A,1,101,1.0,1.0,1,A,1.0,1.0,1,A,1,101,129,0.7829457364341085
744_03-03_crop_02.jpg,1,A,2,54,0.6111111111111112,0.6111111111111112,1,A,1.0,1.0,1,A,2,33,38,0.868421052631579
744_03-03_crop_02.jpg,1,A,3,170,0.6,0.6,1,A,1.0,1.0,1,A,3,102,102,1.0
744_03-03_crop_02.jpg,1,A,4,147,0.8571428571428571,0.8571428571428571,1,A,1.0,1.0,1,A,6,126,156,0.8076923076923077
744_03-03_crop_02.jpg,1,A,5,171,0.783625730994152,0.783625730994152,1,A,1.0,1.0,1,A,8,134,198,0.6767676767676768
744_03-03_crop_02.jpg,1,A,6,54,1.0,0.9444444444444444,1,A,0.9444444444444444,0.9444444444444444,2,A|C,7,54,143,0.3776223776223776
744_03-03_crop_02.jpg,1,A,7,139,1.0,1.0,1,A,1.0,1.0,1,A,10,139,196,0.7091836734693877
744_03-03_crop_02.jpg,1,A,8,84,0.5595238095238095,0.5595238095238095,1,A,1.0,1.0,1,A,11,47,56,0.8392857142857143
744_03-03_crop_02.jpg,1,A,9,65,0.9076923076923077,0.9076923076923077,1,A,1.0,1.0,1,A,13,59,78,0.7564102564102564
744_03-03_crop_02.jpg,1,A,10,244,0.9508196721311475,0.819672131147541,1,A,0.8620689655172413,0.8620689655172413,2,A|C,14,232,315,0.7365079365079366
744_03-03_crop_02.jpg,1,A,11,105,0.6571428571428571,0.6571428571428571,1,A,1.0,1.0,1,A,15,69,71,0.971830985915493
744_03-03_crop_02.jpg,1,A,12,299,0.979933110367893,0.979933110367893,1,A,1.0,1.0,1,A,16,293,365,0.8027397260273973
744_03-03_crop_02.jpg,1,A,13,216,0.3472222222222222,0.3472222222222222,1,A,1.0,1.0,1,A,17,75,78,0.9615384615384616
744_03-03_crop_02.jpg,1,A,14,113,0.8672566371681416,0.8672566371681416,1,A,1.0,1.0,1,A,18,98,109,0.8990825688073395
744_03-03_crop_02.jpg,1,A,15,43,0.0,0.0,0,bg,0.0,0.0,0,,0,0,0,0.0
744_03-03_crop_02.jpg,3,C,1,97,0.8041237113402062,0.0,1,A,1.0,0.0,1,A,4,78,92,0.8478260869565217
744_03-03_crop_02.jpg,3,C,2,125,0.728,0.056,1,A,0.9230769230769231,0.07692307692307693,2,A|C,5,91,115,0.7913043478260869
744_03-03_crop_02.jpg,3,C,3,119,0.8403361344537815,0.8403361344537815,3,C,1.0,1.0,1,C,12,100,132,0.7575757575757576
744_03-03_crop_02.jpg,3,C,4,72,0.9444444444444444,0.9444444444444444,3,C,1.0,1.0,1,C,19,68,86,0.7906976744186046
744_03-03_crop_02.jpg,4,D,1,77,0.0,0.0,0,bg,0.0,0.0,0,,0,0,0,0.0
744_04-01_crop_00.jpg,1,A,1,7,0.0,0.0,0,bg,0.0,0.0,0,,0,0,0,0.0
744_04-01_crop_00.jpg,1,A,2,118,0.711864406779661,0.711864406779661,1,A,1.0,1.0,1,A,2,84,111,0.7567567567567568
744_04-01_crop_00.jpg,1,A,3,53,0.7358490566037735,0.7358490566037735,1,A,1.0,1.0,1,A,3,39,39,1.0
744_04-01_crop_00.jpg,1,A,4,361,0.9529085872576177,0.9529085872576177,1,A,1.0,1.0,1,A,5,344,412,0.8349514563106796
744_04-01_crop_00.jpg,1,A,5,119,0.773109243697479,0.773109243697479,1,A,1.0,1.0,1,A,6,92,113,0.8141592920353983
744_04-01_crop_00.jpg,1,A,6,245,0.7755102040816326,0.7755102040816326,1,A,1.0,1.0,1,A,7,190,210,0.9047619047619048
744_04-01_crop_00.jpg,1,A,7,1069,0.9915809167446211,0.9915809167446211,1,A,1.0,1.0,1,A,8,1060,1197,0.885547201336675
744_04-01_crop_00.jpg,1,A,8,76,0.9342105263157895,0.9342105263157895,1,A,1.0,1.0,1,A,9,71,84,0.8452380952380952
744_04-01_crop_00.jpg,1,A,9,76,0.7236842105263158,0.7236842105263158,1,A,1.0,1.0,1,A,10,55,55,1.0
744_04-01_crop_00.jpg,1,A,10,160,0.99375,0.99375,1,A,1.0,1.0,1,A,11,159,247,0.6437246963562753
744_04-01_crop_00.jpg,1,A,11,103,0.6699029126213593,0.6699029126213593,1,A,1.0,1.0,1,A,12,69,82,0.8414634146341463
744_04-01_crop_00.jpg,1,A,12,121,0.628099173553719,0.628099173553719,1,A,1.0,1.0,1,A,13,76,258,0.29457364341085274
744_04-01_crop_00.jpg,1,A,13,54,1.0,1.0,1,A,1.0,1.0,1,A,14,54,100,0.54
744_04-01_crop_00.jpg,1,A,14,72,1.0,1.0,1,A,1.0,1.0,1,A,13,72,258,0.27906976744186046
744_04-01_crop_00.jpg,1,A,15,329,0.3465045592705167,0.3465045592705167,1,A,1.0,1.0,1,A,15,81,87,0.9310344827586207
744_04-01_crop_00.jpg,1,A,16,209,0.6220095693779905,0.6220095693779905,1,A,1.0,1.0,1,A,17,130,130,1.0
744_04-01_crop_00.jpg,1,A,17,95,0.8526315789473684,0.8526315789473684,1,A,1.0,1.0,1,A,18,81,88,0.9204545454545454
744_04-01_crop_00.jpg,1,A,18,205,0.9707317073170731,0.9707317073170731,1,A,1.0,1.0,1,A,19,199,278,0.7158273381294964
744_04-01_crop_00.jpg,1,A,19,185,0.7243243243243244,0.7243243243243244,1,A,1.0,1.0,1,A,21,134,136,0.9852941176470589
744_04-01_crop_00.jpg,1,A,20,110,0.6545454545454545,0.6545454545454545,1,A,1.0,1.0,1,A,22,72,76,0.9473684210526315
744_04-01_crop_00.jpg,1,A,21,228,0.8508771929824561,0.8508771929824561,1,A,1.0,1.0,1,A,24,194,215,0.9023255813953488
744_04-01_crop_00.jpg,1,A,22,233,0.721030042918455,0.34763948497854075,3,C,0.5178571428571429,0.48214285714285715,2,A|C,25,168,180,0.9333333333333333
744_04-01_crop_00.jpg,1,A,23,116,0.6896551724137931,0.6896551724137931,1,A,1.0,1.0,1,A,26,80,85,0.9411764705882353
744_04-01_crop_00.jpg,1,A,24,166,1.0,1.0,1,A,1.0,1.0,1,A,27,166,204,0.8137254901960784
744_04-01_crop_00.jpg,1,A,25,99,0.8787878787878788,0.8787878787878788,1,A,1.0,1.0,1,A,28,87,141,0.6170212765957447
744_04-01_crop_00.jpg,1,A,26,159,0.7232704402515723,0.7232704402515723,1,A,1.0,1.0,1,A,29,115,120,0.9583333333333334
744_04-01_crop_00.jpg,1,A,27,61,0.9180327868852459,0.9180327868852459,1,A,1.0,1.0,1,A,31,56,94,0.5957446808510638
744_04-01_crop_00.jpg,1,A,28,119,0.8739495798319328,0.8739495798319328,1,A,1.0,1.0,1,A,32,104,155,0.6709677419354839
744_04-01_crop_00.jpg,1,A,29,83,0.9036144578313253,0.9036144578313253,1,A,1.0,1.0,1,A,33,75,93,0.8064516129032258
744_04-01_crop_00.jpg,1,A,30,241,0.7800829875518672,0.7800829875518672,1,A,1.0,1.0,1,A,34,188,262,0.7175572519083969
744_04-01_crop_00.jpg,3,C,1,206,0.8932038834951457,0.0,1,A,1.0,0.0,1,A,20,184,248,0.7419354838709677
744_04-02_crop_00.jpg,1,A,1,99,0.5252525252525253,0.5252525252525253,1,A,1.0,1.0,1,A,1,52,52,1.0
744_04-02_crop_00.jpg,1,A,2,160,0.70625,0.70625,1,A,1.0,1.0,1,A,2,113,119,0.9495798319327731
744_04-02_crop_00.jpg,1,A,3,409,0.980440097799511,0.980440097799511,1,A,1.0,1.0,1,A,4,401,515,0.7786407766990291
744_04-02_crop_00.jpg,1,A,4,126,0.5634920634920635,0.5634920634920635,1,A,1.0,1.0,1,A,6,71,71,1.0
744_04-02_crop_00.jpg,1,A,5,136,0.5808823529411765,0.5808823529411765,1,A,1.0,1.0,1,A,7,79,81,0.9753086419753086
744_04-02_crop_00.jpg,1,A,6,53,0.6415094339622641,0.6415094339622641,1,A,1.0,1.0,1,A,8,34,47,0.723404255319149
744_04-02_crop_00.jpg,1,A,7,140,0.36428571428571427,0.36428571428571427,1,A,1.0,1.0,1,A,10,51,51,1.0
744_04-02_crop_00.jpg,1,A,8,68,0.9117647058823529,0.9117647058823529,1,A,1.0,1.0,1,A,11,62,75,0.8266666666666667
744_04-02_crop_00.jpg,1,A,9,88,0.8863636363636364,0.8863636363636364,1,A,1.0,1.0,1,A,12,78,97,0.8041237113402062
744_04-02_crop_00.jpg,1,A,10,112,0.8482142857142857,0.8482142857142857,1,A,1.0,1.0,1,A,13,95,148,0.6418918918918919
744_04-02_crop_00.jpg,1,A,11,401,0.9551122194513716,0.9551122194513716,1,A,1.0,1.0,1,A,14,383,551,0.6950998185117967
744_04-02_crop_00.jpg,1,A,12,546,0.9029304029304029,0.9029304029304029,1,A,1.0,1.0,1,A,15,493,526,0.9372623574144486
744_04-02_crop_00.jpg,1,A,13,155,0.5161290322580645,0.5161290322580645,1,A,1.0,1.0,1,A,16,80,81,0.9876543209876543
744_04-02_crop_00.jpg,1,A,14,82,0.0,0.0,0,bg,0.0,0.0,0,,0,0,0,0.0
744_04-02_crop_00.jpg,1,A,15,734,0.8433242506811989,0.7861035422343324,1,A,0.9321486268174475,0.9321486268174475,2,A|C,17,619,633,0.9778830963665087
744_04-02_crop_00.jpg,1,A,16,89,0.8202247191011236,0.8202247191011236,1,A,1.0,1.0,1,A,18,73,96,0.7604166666666666
744_04-02_crop_00.jpg,3,C,1,123,0.7235772357723578,0.0,1,A,1.0,0.0,1,A,5,89,94,0.9468085106382979
744_04-02_crop_00.jpg,3,C,2,55,0.8909090909090909,0.0,1,A,1.0,0.0,1,A,9,49,54,0.9074074074074074
744_04-02_crop_03.jpg,1,A,1,521,0.9846449136276392,0.9846449136276392,1,A,1.0,1.0,1,A,1,513,826,0.6210653753026635
744_04-02_crop_03.jpg,1,A,2,438,0.9018264840182648,0.9018264840182648,1,A,1.0,1.0,1,A,2,395,527,0.7495256166982922
744_04-02_crop_03.jpg,1,A,3,335,0.9701492537313433,0.9701492537313433,1,A,1.0,1.0,1,A,3,325,438,0.7420091324200914
744_04-02_crop_03.jpg,1,A,4,95,0.8105263157894737,0.8105263157894737,1,A,1.0,1.0,1,A,4,77,96,0.8020833333333334
744_04-02_crop_03.jpg,1,A,5,2822,0.8869596031183558,0.3933380581148122,3,C,0.5565321614063125,0.4434678385936876,2,A|C,5,2503,2579,0.9705312136487011
744_04-02_crop_03.jpg,1,A,6,138,0.7898550724637681,0.0,3,C,1.0,0.0,1,C,6,109,128,0.8515625
744_04-02_crop_03.jpg,1,A,7,83,1.0,1.0,1,A,1.0,1.0,1,A,7,83,148,0.5608108108108109
744_04-02_crop_03.jpg,1,A,8,480,0.7958333333333333,0.7958333333333333,1,A,1.0,1.0,1,A,8,235,292,0.8047945205479452
744_04-02_crop_03.jpg,1,A,9,107,0.8037383177570093,0.8037383177570093,1,A,1.0,1.0,1,A,11,86,132,0.6515151515151515
744_04-02_crop_03.jpg,3,C,1,363,0.8815426997245179,0.42424242424242425,1,A,0.51875,0.48125,2,A|C,10,320,330,0.9696969696969697
744_04-04_crop_00.jpg,1,A,1,93,0.978494623655914,0.978494623655914,1,A,1.0,1.0,1,A,2,91,123,0.7398373983739838
744_04-04_crop_00.jpg,1,A,2,179,0.6033519553072626,0.6033519553072626,1,A,1.0,1.0,1,A,3,108,108,1.0
744_04-04_crop_00.jpg,1,A,3,334,0.8622754491017964,0.8622754491017964,1,A,1.0,1.0,1,A,4,288,344,0.8372093023255814
744_04-04_crop_00.jpg,1,A,4,97,0.0,0.0,0,bg,0.0,0.0,0,,0,0,0,0.0
744_04-04_crop_00.jpg,1,A,5,113,0.6637168141592921,0.6637168141592921,1,A,1.0,1.0,1,A,5,75,75,1.0
744_04-04_crop_00.jpg,1,A,6,66,0.9393939393939394,0.9393939393939394,1,A,1.0,1.0,1,A,6,62,128,0.484375
744_04-04_crop_00.jpg,1,A,7,116,0.9482758620689655,0.9482758620689655,1,A,1.0,1.0,1,A,7,110,168,0.6547619047619048
744_04-04_crop_00.jpg,1,A,8,91,0.17582417582417584,0.17582417582417584,1,A,1.0,1.0,1,A,8,16,16,1.0
744_04-04_crop_00.jpg,1,A,9,133,0.7894736842105263,0.7894736842105263,1,A,1.0,1.0,1,A,9,105,114,0.9210526315789473
744_04-04_crop_00.jpg,1,A,10,155,0.6451612903225806,0.6451612903225806,1,A,1.0,1.0,1,A,10,100,101,0.9900990099009901
744_04-04_crop_00.jpg,1,A,11,88,1.0,1.0,1,A,1.0,1.0,1,A,11,88,154,0.5714285714285714
744_04-04_crop_00.jpg,1,A,12,96,0.6666666666666666,0.6666666666666666,1,A,1.0,1.0,1,A,12,64,175,0.3657142857142857
744_04-04_crop_00.jpg,1,A,13,104,0.7403846153846154,0.7403846153846154,1,A,1.0,1.0,1,A,14,77,87,0.8850574712643678
744_04-04_crop_00.jpg,1,A,14,74,0.8783783783783784,0.8783783783783784,1,A,1.0,1.0,1,A,16,65,84,0.7738095238095238
744_04-04_crop_00.jpg,1,A,15,100,0.77,0.77,1,A,1.0,1.0,1,A,17,77,100,0.77
744_04-04_crop_00.jpg,1,A,16,212,0.8820754716981132,0.8820754716981132,1,A,1.0,1.0,1,A,18,187,230,0.8130434782608695
744_04-04_crop_00.jpg,1,A,17,328,0.9237804878048781,0.9237804878048781,1,A,1.0,1.0,1,A,19,303,324,0.9351851851851852
744_04-04_crop_00.jpg,1,A,18,98,0.7959183673469388,0.7959183673469388,1,A,1.0,1.0,1,A,20,78,95,0.8210526315789474
744_04-04_crop_00.jpg,1,A,19,697,0.6212338593974175,0.6212338593974175,1,A,1.0,1.0,1,A,21,306,318,0.9622641509433962
744_04-04_crop_00.jpg,1,A,20,832,0.8786057692307693,0.8786057692307693,1,A,1.0,1.0,1,A,22,731,856,0.8539719626168224
744_04-04_crop_00.jpg,1,A,21,106,0.44339622641509435,0.44339622641509435,1,A,1.0,1.0,1,A,24,47,47,1.0
744_04-04_crop_00.jpg,1,A,22,172,0.7790697674418605,0.313953488372093,3,C,0.5970149253731343,0.40298507462686567,2,A|C,26,134,144,0.9305555555555556
744_04-04_crop_00.jpg,1,A,23,155,0.4774193548387097,0.4774193548387097,1,A,1.0,1.0,1,A,28,74,82,0.9024390243902439
744_04-04_crop_00.jpg,1,A,24,95,0.8842105263157894,0.8842105263157894,1,A,1.0,1.0,1,A,29,84,115,0.7304347826086957
744_04-04_crop_00.jpg,1,A,25,274,0.7846715328467153,0.7846715328467153,1,A,1.0,1.0,1,A,30,215,234,0.9188034188034188
744_04-04_crop_00.jpg,3,C,1,83,0.8795180722891566,0.0,1,A,1.0,0.0,1,A,12,73,175,0.41714285714285715
744_04-04_crop_00.jpg,3,C,2,308,0.9155844155844156,0.0,1,A,1.0,0.0,1,A,15,282,391,0.7212276214833759
744_04-04_crop_00.jpg,4,D,1,81,0.5925925925925926,0.5925925925925926,4,D,1.0,1.0,1,D,31,48,51,0.9411764705882353
744_04-04_crop_01.jpg,1,A,1,109,0.6972477064220184,0.3302752293577982,3,C,0.5263157894736842,0.47368421052631576,2,A|C,1,76,138,0.5507246376811594
744_04-04_crop_01.jpg,1,A,2,1282,0.8985959438377535,0.8985959438377535,1,A,1.0,1.0,1,A,2,1152,1267,0.909234411996843
744_04-04_crop_01.jpg,1,A,3,69,0.0,0.0,0,bg,0.0,0.0,0,,0,0,0,0.0
744_04-04_crop_01.jpg,1,A,4,527,0.7722960151802657,0.7722960151802657,1,A,1.0,1.0,1,A,4,407,460,0.8847826086956522
744_04-04_crop_01.jpg,1,A,5,102,0.3431372549019608,0.3431372549019608,1,A,1.0,1.0,1,A,5,35,35,1.0
744_04-04_crop_01.jpg,1,A,6,89,0.9101123595505618,0.9101123595505618,1,A,1.0,1.0,1,A,6,81,139,0.5827338129496403
744_04-04_crop_01.jpg,1,A,7,140,0.7714285714285715,0.7714285714285715,1,A,1.0,1.0,1,A,8,108,127,0.8503937007874016
744_04-04_crop_01.jpg,1,A,8,186,0.8763440860215054,0.8763440860215054,1,A,1.0,1.0,1,A,9,163,182,0.8956043956043956
744_04-04_crop_01.jpg,1,A,9,491,0.9409368635437881,0.9409368635437881,1,A,1.0,1.0,1,A,10,462,816,0.5661764705882353
744_04-04_crop_01.jpg,1,A,10,86,0.0,0.0,0,bg,0.0,0.0,0,,0,0,0,0.0
744_04-04_crop_01.jpg,1,A,11,278,0.9280575539568345,0.9280575539568345,1,A,1.0,1.0,1,A,10,258,816,0.3161764705882353
744_04-04_crop_01.jpg,1,A,12,86,0.6976744186046512,0.6976744186046512,1,A,1.0,1.0,1,A,11,60,77,0.7792207792207793
744_04-04_crop_01.jpg,1,A,13,251,0.9880478087649402,0.9880478087649402,1,A,1.0,1.0,1,A,15,248,295,0.8406779661016949
744_04-04_crop_01.jpg,1,A,14,120,1.0,1.0,1,A,1.0,1.0,1,A,17,120,195,0.6153846153846154
744_04-04_crop_01.jpg,1,A,15,174,0.7873563218390804,0.7873563218390804,1,A,1.0,1.0,1,A,18,137,167,0.8203592814371258
744_04-04_crop_01.jpg,1,A,16,93,0.946236559139785,0.946236559139785,1,A,1.0,1.0,1,A,19,88,117,0.7521367521367521
744_04-04_crop_01.jpg,1,A,17,161,0.6645962732919255,0.6645962732919255,1,A,1.0,1.0,1,A,20,107,113,0.9469026548672567
744_04-04_crop_01.jpg,1,A,18,293,0.9522184300341296,0.9522184300341296,1,A,1.0,1.0,1,A,22,279,312,0.8942307692307693
744_04-04_crop_01.jpg,1,A,19,90,0.8,0.8,1,A,1.0,1.0,1,A,24,72,75,0.96
744_04-04_crop_01.jpg,2,B,1,151,0.6821192052980133,0.0,1,A,1.0,0.0,1,A,14,103,106,0.9716981132075472
744_04-04_crop_01.jpg,3,C,1,51,0.9411764705882353,0.0,1,A,1.0,0.0,1,A,3,48,70,0.6857142857142857
744_05-02_crop_00.jpg,1,A,1,165,0.42424242424242425,0.42424242424242425,1,A,1.0,1.0,1,A,1,70,70,1.0
744_05-02_crop_00.jpg,1,A,2,203,0.49261083743842365,0.49261083743842365,1,A,1.0,1.0,1,A,2,100,100,1.0
744_05-02_crop_00.jpg,1,A,3,99,0.10101010101010101,0.10101010101010101,1,A,1.0,1.0,1,A,4,10,10,1.0
744_05-02_crop_00.jpg,1,A,4,436,0.8646788990825688,0.8646788990825688,1,A,1.0,1.0,1,A,5,377,486,0.7757201646090535
744_05-02_crop_00.jpg,1,A,5,61,0.6557377049180327,0.6557377049180327,1,A,1.0,1.0,1,A,6,40,44,0.9090909090909091
744_05-02_crop_00.jpg,1,A,6,471,0.9193205944798302,0.9193205944798302,1,A,1.0,1.0,1,A,7,433,569,0.7609841827768014
744_05-02_crop_00.jpg,1,A,7,179,0.8659217877094972,0.8659217877094972,1,A,1.0,1.0,1,A,8,155,226,0.6858407079646017
744_05-02_crop_00.jpg,1,A,8,156,0.6794871794871795,0.6794871794871795,1,A,1.0,1.0,1,A,10,106,107,0.9906542056074766
744_05-02_crop_00.jpg,1,A,9,429,0.5897435897435898,0.5897435897435898,1,A,1.0,1.0,1,A,11,253,257,0.9844357976653697
744_05-02_crop_00.jpg,1,A,10,78,0.9358974358974359,0.9358974358974359,1,A,1.0,1.0,1,A,12,73,108,0.6759259259259259
744_05-02_crop_00.jpg,1,A,11,48,0.7083333333333334,0.7083333333333334,1,A,1.0,1.0,1,A,13,34,42,0.8095238095238095
744_05-02_crop_00.jpg,1,A,12,349,0.8567335243553008,0.8567335243553008,1,A,1.0,1.0,1,A,14,299,404,0.7400990099009901
744_05-02_crop_00.jpg,1,A,13,139,0.5251798561151079,0.5251798561151079,1,A,1.0,1.0,1,A,16,73,73,1.0
744_05-02_crop_00.jpg,1,A,14,883,0.8708946772366931,0.8708946772366931,1,A,1.0,1.0,1,A,17,769,935,0.8224598930481284
744_05-02_crop_00.jpg,1,A,15,404,0.8589108910891089,0.8589108910891089,1,A,1.0,1.0,1,A,19,347,363,0.9559228650137741
744_05-02_crop_00.jpg,1,A,16,353,0.9773371104815864,0.9773371104815864,1,A,1.0,1.0,1,A,20,345,418,0.8253588516746412
744_05-02_crop_00.jpg,1,A,17,560,0.8517857142857143,0.8517857142857143,1,A,1.0,1.0,1,A,21,477,538,0.8866171003717472
744_05-02_crop_00.jpg,1,A,18,84,0.0,0.0,0,bg,0.0,0.0,0,,0,0,0,0.0
744_05-02_crop_00.jpg,1,A,19,322,0.422360248447205,0.422360248447205,1,A,1.0,1.0,1,A,23,126,147,0.8571428571428571
744_05-02_crop_00.jpg,1,A,20,948,0.7447257383966245,0.7447257383966245,1,A,1.0,1.0,1,A,24,379,410,0.9243902439024391
744_05-02_crop_00.jpg,1,A,21,394,0.8781725888324873,0.8781725888324873,1,A,1.0,1.0,1,A,25,346,381,0.9081364829396326
744_05-02_crop_00.jpg,1,A,22,414,0.8985507246376812,0.8985507246376812,1,A,1.0,1.0,1,A,27,372,427,0.8711943793911007
744_05-02_crop_00.jpg,1,A,23,171,0.9298245614035088,0.9298245614035088,1,A,1.0,1.0,1,A,28,159,222,0.7162162162162162
744_05-02_crop_00.jpg,1,A,24,141,0.6666666666666666,0.6666666666666666,1,A,1.0,1.0,1,A,30,94,113,0.831858407079646
744_05-02_crop_00.jpg,1,A,25,97,0.38144329896907214,0.38144329896907214,1,A,1.0,1.0,1,A,31,37,38,0.9736842105263158
744_05-02_crop_00.jpg,3,C,1,72,0.0,0.0,0,bg,0.0,0.0,0,,0,0,0,0.0
744_05-02_crop_00.jpg,3,C,2,107,0.0,0.0,0,bg,0.0,0.0,0,,0,0,0,0.0
744_05-02_crop_00.jpg,3,C,3,98,0.5918367346938775,0.47959183673469385,3,C,0.8103448275862069,0.8103448275862069,2,A|C,22,58,59,0.9830508474576272
744_05-03_crop_02.jpg,1,A,1,310,0.8354838709677419,0.8354838709677419,1,A,1.0,1.0,1,A,1,259,305,0.8491803278688524
744_05-03_crop_02.jpg,1,A,2,194,0.9020618556701031,0.9020618556701031,1,A,1.0,1.0,1,A,2,175,250,0.7
744_05-03_crop_02.jpg,1,A,3,492,0.5975609756097561,0.5975609756097561,1,A,1.0,1.0,1,A,3,294,294,1.0
744_05-03_crop_02.jpg,1,A,4,706,0.8512747875354107,0.8512747875354107,1,A,1.0,1.0,1,A,6,601,723,0.8312586445366529
744_05-03_crop_02.jpg,1,A,5,257,0.5875486381322957,0.5875486381322957,1,A,1.0,1.0,1,A,8,151,152,0.993421052631579
744_05-03_crop_02.jpg,1,A,6,201,0.6965174129353234,0.6965174129353234,1,A,1.0,1.0,1,A,9,140,142,0.9859154929577465
744_05-03_crop_02.jpg,1,A,7,350,0.8542857142857143,0.8542857142857143,1,A,1.0,1.0,1,A,10,299,333,0.8978978978978979
744_05-03_crop_02.jpg,1,A,8,235,0.8468085106382979,0.8468085106382979,1,A,1.0,1.0,1,A,11,199,212,0.9386792452830188
744_05-03_crop_02.jpg,1,A,9,183,0.8743169398907104,0.8743169398907104,1,A,1.0,1.0,1,A,13,160,203,0.7881773399014779
744_05-03_crop_02.jpg,1,A,10,162,0.9197530864197531,0.9197530864197531,1,A,1.0,1.0,1,A,12,149,231,0.645021645021645
744_05-03_crop_02.jpg,1,A,11,325,0.9784615384615385,0.9784615384615385,1,A,1.0,1.0,1,A,14,318,444,0.7162162162162162
744_05-03_crop_02.jpg,1,A,12,293,0.7133105802047781,0.7133105802047781,1,A,1.0,1.0,1,A,15,209,221,0.9457013574660633
744_05-03_crop_02.jpg,1,A,13,231,0.8095238095238095,0.8095238095238095,1,A,1.0,1.0,1,A,17,187,220,0.85
744_05-03_crop_02.jpg,1,A,14,74,0.0,0.0,0,bg,0.0,0.0,0,,0,0,0,0.0
744_05-03_crop_02.jpg,1,A,15,202,0.7227722772277227,0.7227722772277227,1,A,1.0,1.0,1,A,18,146,175,0.8342857142857143
744_05-03_crop_02.jpg,1,A,16,163,0.0,0.0,0,bg,0.0,0.0,0,,0,0,0,0.0
744_05-03_crop_02.jpg,1,A,17,297,0.6296296296296297,0.6296296296296297,1,A,1.0,1.0,1,A,19,187,199,0.9396984924623115
744_05-03_crop_02.jpg,1,A,18,250,0.848,0.848,1,A,1.0,1.0,1,A,21,212,230,0.9217391304347826
744_05-03_crop_02.jpg,2,B,1,351,0.5156695156695157,0.2535612535612536,1,A,0.5082872928176796,0.49171270718232046,2,A|B,22,181,181,1.0
744_05-03_crop_02.jpg,3,C,1,131,0.8473282442748091,0.8473282442748091,3,C,1.0,1.0,1,C,16,111,123,0.9024390243902439
744_05-03_crop_02.jpg,3,C,2,281,0.7188612099644128,0.0,1,A,1.0,0.0,1,A,20,202,237,0.8523206751054853
744_05-03_crop_03.jpg,1,A,1,104,0.8269230769230769,0.8269230769230769,1,A,1.0,1.0,1,A,2,86,96,0.8958333333333334
744_05-03_crop_03.jpg,1,A,2,303,0.933993399339934,0.933993399339934,1,A,1.0,1.0,1,A,4,283,360,0.7861111111111111
744_05-03_crop_03.jpg,1,A,3,466,0.759656652360515,0.759656652360515,1,A,1.0,1.0,1,A,5,354,504,0.7023809523809523
744_05-03_crop_03.jpg,1,A,4,79,0.7468354430379747,0.7468354430379747,1,A,1.0,1.0,1,A,6,59,70,0.8428571428571429
744_05-03_crop_03.jpg,1,A,5,390,0.8282051282051283,0.8282051282051283,1,A,1.0,1.0,1,A,7,323,357,0.9047619047619048
744_05-03_crop_03.jpg,1,A,6,130,0.7153846153846154,0.7153846153846154,1,A,1.0,1.0,1,A,8,93,147,0.6326530612244898
744_05-03_crop_03.jpg,1,A,7,175,0.32,0.32,1,A,1.0,1.0,1,A,10,56,56,1.0
744_05-03_crop_03.jpg,1,A,8,72,0.875,0.875,1,A,1.0,1.0,1,A,11,63,76,0.8289473684210527
744_05-03_crop_03.jpg,1,A,9,400,0.825,0.825,1,A,1.0,1.0,1,A,12,330,361,0.9141274238227147
744_05-03_crop_03.jpg,1,A,10,286,0.916083916083916,0.916083916083916,1,A,1.0,1.0,1,A,13,262,277,0.9458483754512635
744_05-03_crop_03.jpg,1,A,11,406,0.9458128078817734,0.9458128078817734,1,A,1.0,1.0,1,A,14,384,457,0.8402625820568927
744_05-03_crop_03.jpg,1,A,12,91,0.5384615384615384,0.5384615384615384,1,A,1.0,1.0,1,A,15,49,51,0.9607843137254902
744_05-03_crop_03.jpg,1,A,13,229,0.9912663755458515,0.9912663755458515,1,A,1.0,1.0,1,A,17,227,292,0.7773972602739726
744_05-03_crop_03.jpg,1,A,14,169,0.727810650887574,0.727810650887574,1,A,1.0,1.0,1,A,18,123,132,0.9318181818181818
744_05-03_crop_03.jpg,1,A,15,68,0.75,0.75,1,A,1.0,1.0,1,A,20,51,63,0.8095238095238095
744_05-03_crop_03.jpg,3,C,1,195,0.717948717948718,0.0,1,A,1.0,0.0,1,A,9,140,143,0.9790209790209791
744_05-04_crop_00.jpg,1,A,1,661,0.8456883509833586,0.8456883509833586,1,A,1.0,1.0,1,A,1,559,642,0.8707165109034268
744_05-04_crop_00.jpg,1,A,2,134,0.746268656716418,0.746268656716418,1,A,1.0,1.0,1,A,2,100,100,1.0
744_05-04_crop_00.jpg,1,A,3,173,0.16184971098265896,0.16184971098265896,1,A,1.0,1.0,1,A,3,28,28,1.0
744_05-04_crop_00.jpg,1,A,4,124,0.8951612903225806,0.8951612903225806,1,A,1.0,1.0,1,A,4,111,123,0.9024390243902439
744_05-04_crop_00.jpg,1,A,5,175,0.7485714285714286,0.7485714285714286,1,A,1.0,1.0,1,A,5,131,149,0.8791946308724832
744_05-04_crop_00.jpg,1,A,6,228,0.9385964912280702,0.9385964912280702,1,A,1.0,1.0,1,A,6,214,243,0.8806584362139918
744_05-04_crop_00.jpg,1,A,7,237,0.9831223628691983,0.9831223628691983,1,A,1.0,1.0,1,A,7,233,301,0.7740863787375415
744_05-04_crop_00.jpg,1,A,8,170,0.8647058823529412,0.8647058823529412,1,A,1.0,1.0,1,A,8,147,202,0.7277227722772277
744_05-04_crop_00.jpg,1,A,9,100,0.89,0.89,1,A,1.0,1.0,1,A,9,89,121,0.7355371900826446
744_05-04_crop_00.jpg,1,A,10,294,0.7244897959183674,0.7244897959183674,1,A,1.0,1.0,1,A,10,213,253,0.841897233201581
744_05-04_crop_00.jpg,1,A,11,105,0.4666666666666667,0.4666666666666667,1,A,1.0,1.0,1,A,13,49,51,0.9607843137254902
744_05-04_crop_00.jpg,1,A,12,128,0.890625,0.890625,1,A,1.0,1.0,1,A,14,114,180,0.6333333333333333
744_05-04_crop_00.jpg,1,A,13,537,0.9050279329608939,0.9050279329608939,1,A,1.0,1.0,1,A,15,486,548,0.8868613138686131
744_05-04_crop_00.jpg,1,A,14,83,0.9156626506024096,0.9156626506024096,1,A,1.0,1.0,1,A,16,76,87,0.8735632183908046
744_05-04_crop_00.jpg,1,A,15,100,0.69,0.69,1,A,1.0,1.0,1,A,17,69,85,0.8117647058823529
744_05-04_crop_00.jpg,1,A,16,53,0.0,0.0,0,bg,0.0,0.0,0,,0,0,0,0.0
744_05-04_crop_00.jpg,1,A,17,145,0.8896551724137931,0.8896551724137931,1,A,1.0,1.0,1,A,19,129,195,0.6615384615384615
744_05-04_crop_00.jpg,1,A,18,77,0.6753246753246753,0.6753246753246753,1,A,1.0,1.0,1,A,20,52,69,0.7536231884057971
744_05-04_crop_00.jpg,1,A,19,178,0.9157303370786517,0.9157303370786517,1,A,1.0,1.0,1,A,21,163,222,0.7342342342342343
744_05-04_crop_00.jpg,1,A,20,194,0.8711340206185567,0.8711340206185567,1,A,1.0,1.0,1,A,22,169,196,0.8622448979591837
744_05-04_crop_00.jpg,1,A,21,605,0.7570247933884298,0.7570247933884298,1,A,1.0,1.0,1,A,23,458,972,0.4711934156378601
744_05-04_crop_00.jpg,1,A,22,318,0.949685534591195,0.949685534591195,1,A,1.0,1.0,1,A,24,302,345,0.8753623188405797
744_05-04_crop_00.jpg,1,A,23,116,0.75,0.75,1,A,1.0,1.0,1,A,25,87,98,0.8877551020408163
744_05-04_crop_00.jpg,1,A,24,405,0.6666666666666666,0.6666666666666666,1,A,1.0,1.0,1,A,23,270,972,0.2777777777777778
744_05-04_crop_00.jpg,1,A,25,81,0.7160493827160493,0.7160493827160493,1,A,1.0,1.0,1,A,26,58,70,0.8285714285714286
744_05-04_crop_00.jpg,1,A,26,235,0.8468085106382979,0.8468085106382979,1,A,1.0,1.0,1,A,28,199,202,0.9851485148514851
744_05-04_crop_00.jpg,3,C,1,133,0.6616541353383458,0.0,1,A,1.0,0.0,1,A,11,88,88,1.0
744_05-04_crop_01.jpg,1,A,1,46,0.9782608695652174,0.9782608695652174,1,A,1.0,1.0,1,A,2,45,74,0.6081081081081081
744_05-04_crop_01.jpg,1,A,2,81,1.0,1.0,1,A,1.0,1.0,1,A,3,81,126,0.6428571428571429
744_05-04_crop_01.jpg,1,A,3,204,0.9019607843137255,0.9019607843137255,1,A,1.0,1.0,1,A,4,184,234,0.7863247863247863
744_05-04_crop_01.jpg,1,A,4,115,0.4782608695652174,0.4782608695652174,1,A,1.0,1.0,1,A,5,55,65,0.8461538461538461
744_05-04_crop_01.jpg,1,A,5,238,0.7815126050420168,0.7815126050420168,1,A,1.0,1.0,1,A,8,186,214,0.8691588785046729
744_05-04_crop_01.jpg,1,A,6,86,1.0,1.0,1,A,1.0,1.0,1,A,7,86,165,0.5212121212121212
744_05-04_crop_01.jpg,1,A,7,74,0.8918918918918919,0.8918918918918919,1,A,1.0,1.0,1,A,9,66,81,0.8148148148148148
744_05-04_crop_01.jpg,1,A,8,225,0.8222222222222222,0.8222222222222222,1,A,1.0,1.0,1,A,10,185,267,0.6928838951310862
744_05-04_crop_01.jpg,1,A,9,255,0.9294117647058824,0.9294117647058824,1,A,1.0,1.0,1,A,11,237,297,0.797979797979798
744_05-04_crop_01.jpg,1,A,10,728,0.9711538461538461,0.9711538461538461,1,A,1.0,1.0,1,A,12,707,813,0.8696186961869619
744_05-04_crop_01.jpg,1,A,11,1696,0.8024764150943396,0.8024764150943396,1,A,1.0,1.0,1,A,16,787,830,0.9481927710843373
744_05-04_crop_01.jpg,1,A,12,59,0.9661016949152542,0.9661016949152542,1,A,1.0,1.0,1,A,17,57,86,0.6627906976744186
744_05-04_crop_01.jpg,1,A,13,350,0.9857142857142858,0.9857142857142858,1,A,1.0,1.0,1,A,18,345,469,0.7356076759061834
744_05-04_crop_01.jpg,1,A,14,64,0.96875,0.96875,1,A,1.0,1.0,1,A,19,62,84,0.7380952380952381
744_05-04_crop_01.jpg,1,A,15,87,0.7701149425287356,0.7701149425287356,1,A,1.0,1.0,1,A,20,67,99,0.6767676767676768
744_05-04_crop_01.jpg,1,A,16,98,0.7959183673469388,0.7959183673469388,1,A,1.0,1.0,1,A,21,78,188,0.4148936170212766
744_05-04_crop_01.jpg,1,A,17,426,0.6854460093896714,0.6854460093896714,1,A,1.0,1.0,1,A,22,292,302,0.9668874172185431
744_05-04_crop_01.jpg,1,A,18,162,0.5617283950617284,0.5617283950617284,1,A,1.0,1.0,1,A,23,91,91,1.0
744_05-04_crop_01.jpg,1,A,19,151,0.5894039735099338,0.5894039735099338,1,A,1.0,1.0,1,A,25,89,101,0.8811881188118812
744_05-04_crop_01.jpg,1,A,20,51,0.8235294117647058,0.8235294117647058,1,A,1.0,1.0,1,A,26,42,224,0.1875
744_05-04_crop_01.jpg,1,A,21,194,0.8247422680412371,0.8247422680412371,1,A,1.0,1.0,1,A,27,160,179,0.8938547486033519
744_05-04_crop_01.jpg,1,A,22,71,0.8309859154929577,0.8309859154929577,1,A,1.0,1.0,1,A,26,59,224,0.26339285714285715
744_05-04_crop_01.jpg,1,A,23,494,0.917004048582996,0.917004048582996,1,A,1.0,1.0,1,A,28,453,499,0.9078156312625251
744_05-04_crop_01.jpg,1,A,24,52,0.7307692307692307,0.7307692307692307,1,A,1.0,1.0,1,A,26,38,224,0.16964285714285715
744_05-04_crop_01.jpg,1,A,25,178,0.8370786516853933,0.8370786516853933,1,A,1.0,1.0,1,A,30,149,169,0.8816568047337278
744_05-04_crop_01.jpg,1,A,26,115,0.8608695652173913,0.8608695652173913,1,A,1.0,1.0,1,A,31,99,122,0.8114754098360656
744_05-04_crop_01.jpg,3,C,1,91,0.7252747252747253,0.0,1,A,1.0,0.0,1,A,21,66,188,0.35106382978723405
744_06-01_crop_00.jpg,1,A,1,172,0.36046511627906974,0.36046511627906974,1,A,1.0,1.0,1,A,1,62,62,1.0
744_06-01_crop_00.jpg,1,A,2,239,0.9372384937238494,0.9372384937238494,1,A,1.0,1.0,1,A,2,224,415,0.5397590361445783
744_06-01_crop_00.jpg,1,A,3,249,0.5622489959839357,0.5622489959839357,1,A,1.0,1.0,1,A,2,140,415,0.3373493975903614
744_06-01_crop_00.jpg,1,A,4,110,0.8454545454545455,0.8454545454545455,1,A,1.0,1.0,1,A,4,93,155,0.6
744_06-01_crop_00.jpg,1,A,5,134,0.7611940298507462,0.7611940298507462,1,A,1.0,1.0,1,A,5,102,111,0.918918918918919
744_06-01_crop_00.jpg,1,A,6,127,0.6299212598425197,0.6299212598425197,1,A,1.0,1.0,1,A,6,80,80,1.0
744_06-01_crop_00.jpg,1,A,7,153,0.0,0.0,0,bg,0.0,0.0,0,,0,0,0,0.0
744_06-01_crop_00.jpg,1,A,8,98,0.7142857142857143,0.7142857142857143,1,A,1.0,1.0,1,A,7,70,93,0.7526881720430108
744_06-01_crop_00.jpg,1,A,9,207,0.8357487922705314,0.8357487922705314,1,A,1.0,1.0,1,A,9,173,246,0.7032520325203252
744_06-01_crop_00.jpg,1,A,10,268,0.9104477611940298,0.9104477611940298,1,A,1.0,1.0,1,A,8,244,300,0.8133333333333334
744_06-01_crop_00.jpg,1,A,11,1091,0.9120073327222732,0.9120073327222732,1,A,1.0,1.0,1,A,10,995,1078,0.9230055658627088
744_06-01_crop_00.jpg,1,A,12,94,0.0,0.0,0,bg,0.0,0.0,0,,0,0,0,0.0
744_06-01_crop_00.jpg,1,A,13,152,0.6710526315789473,0.6710526315789473,1,A,1.0,1.0,1,A,12,102,111,0.918918918918919
744_06-01_crop_00.jpg,1,A,14,488,0.9897540983606558,0.9897540983606558,1,A,1.0,1.0,1,A,14,483,571,0.8458844133099825
744_06-01_crop_00.jpg,1,A,15,144,0.4791666666666667,0.4791666666666667,1,A,1.0,1.0,1,A,15,69,69,1.0
744_06-01_crop_00.jpg,1,A,16,198,0.7727272727272727,0.7727272727272727,1,A,1.0,1.0,1,A,16,153,162,0.9444444444444444
744_06-01_crop_00.jpg,1,A,17,213,0.7981220657276995,0.7981220657276995,1,A,1.0,1.0,1,A,17,170,185,0.918918918918919
744_06-01_crop_00.jpg,1,A,18,441,0.7505668934240363,0.7505668934240363,1,A,1.0,1.0,1,A,19,255,264,0.9659090909090909
744_06-01_crop_00.jpg,1,A,19,731,0.9562243502051984,0.9562243502051984,1,A,1.0,1.0,1,A,20,699,817,0.8555691554467564
744_06-01_crop_00.jpg,1,A,20,94,0.6170212765957447,0.6170212765957447,1,A,1.0,1.0,1,A,21,58,59,0.9830508474576272
744_06-01_crop_00.jpg,1,A,21,161,0.9937888198757764,0.9937888198757764,1,A,1.0,1.0,1,A,23,160,282,0.5673758865248227
744_06-01_crop_00.jpg,3,C,1,135,0.34074074074074073,0.34074074074074073,3,C,1.0,1.0,1,C,3,46,46,1.0
744_06-01_crop_00.jpg,3,C,2,147,0.7755102040816326,0.0,1,A,1.0,0.0,1,A,11,114,164,0.6951219512195121
744_06-01_crop_01.jpg,1,A,1,75,0.8666666666666667,0.8666666666666667,1,A,1.0,1.0,1,A,1,65,124,0.5241935483870968
744_06-01_crop_01.jpg,1,A,2,97,1.0,1.0,1,A,1.0,1.0,1,A,2,97,150,0.6466666666666666
744_06-01_crop_01.jpg,1,A,3,293,0.8873720136518771,0.8873720136518771,1,A,1.0,1.0,1,A,4,260,287,0.9059233449477352
744_06-01_crop_01.jpg,1,A,4,102,0.0,0.0,0,bg,0.0,0.0,0,,0,0,0,0.0
744_06-01_crop_01.jpg,1,A,5,208,0.7115384615384616,0.7115384615384616,1,A,1.0,1.0,1,A,5,148,158,0.9367088607594937
744_06-01_crop_01.jpg,1,A,6,140,0.6785714285714286,0.6785714285714286,1,A,1.0,1.0,1,A,6,95,101,0.9405940594059405
744_06-01_crop_01.jpg,1,A,7,400,0.83,0.83,1,A,1.0,1.0,1,A,7,332,389,0.8534704370179949
744_06-01_crop_01.jpg,1,A,8,211,0.5829383886255924,0.5829383886255924,1,A,1.0,1.0,1,A,8,123,192,0.640625
744_06-01_crop_01.jpg,1,A,9,81,0.9259259259259259,0.9259259259259259,1,A,1.0,1.0,1,A,11,75,103,0.7281553398058253
744_06-01_crop_01.jpg,1,A,10,153,0.27450980392156865,0.27450980392156865,1,A,1.0,1.0,1,A,12,42,42,1.0
744_06-01_crop_01.jpg,1,A,11,122,0.4180327868852459,0.4180327868852459,1,A,1.0,1.0,1,A,14,51,74,0.6891891891891891
744_06-01_crop_01.jpg,1,A,12,203,0.8571428571428571,0.8571428571428571,1,A,1.0,1.0,1,A,13,174,216,0.8055555555555556
744_06-01_crop_01.jpg,1,A,13,112,0.8125,0.8125,1,A,1.0,1.0,1,A,15,91,122,0.7459016393442623
744_06-01_crop_01.jpg,1,A,14,109,0.7155963302752294,0.7155963302752294,1,A,1.0,1.0,1,A,16,78,78,1.0
744_06-01_crop_01.jpg,1,A,15,77,0.7142857142857143,0.7142857142857143,1,A,1.0,1.0,1,A,18,55,59,0.9322033898305084
744_06-01_crop_01.jpg,1,A,16,80,0.55,0.55,1,A,1.0,1.0,1,A,19,44,75,0.5866666666666667
744_06-02_crop_00.jpg,1,A,1,50,0.38,0.38,1,A,1.0,1.0,1,A,2,19,21,0.9047619047619048
744_06-02_crop_00.jpg,1,A,2,130,0.9384615384615385,0.9384615384615385,1,A,1.0,1.0,1,A,1,122,168,0.7261904761904762
744_06-02_crop_00.jpg,1,A,3,195,0.8153846153846154,0.8153846153846154,1,A,1.0,1.0,1,A,3,159,190,0.8368421052631579
744_06-02_crop_00.jpg,1,A,4,85,0.8588235294117647,0.8588235294117647,1,A,1.0,1.0,1,A,5,73,119,0.6134453781512605
744_06-02_crop_00.jpg,1,A,5,114,1.0,1.0,1,A,1.0,1.0,1,A,6,114,193,0.5906735751295337
744_06-02_crop_00.jpg,1,A,6,267,0.7415730337078652,0.7415730337078652,1,A,1.0,1.0,1,A,7,198,248,0.7983870967741935
744_06-02_crop_00.jpg,1,A,7,307,0.9185667752442996,0.9185667752442996,1,A,1.0,1.0,1,A,8,282,331,0.851963746223565
744_06-02_crop_00.jpg,1,A,8,369,0.8509485094850948,0.8509485094850948,1,A,1.0,1.0,1,A,9,314,340,0.9235294117647059
744_06-02_crop_00.jpg,1,A,9,421,0.8812351543942993,0.8812351543942993,1,A,1.0,1.0,1,A,10,371,396,0.9368686868686869
744_06-02_crop_00.jpg,1,A,10,128,0.9296875,0.9296875,1,A,1.0,1.0,1,A,11,119,204,0.5833333333333334
744_06-02_crop_00.jpg,1,A,11,223,0.8654708520179372,0.8654708520179372,1,A,1.0,1.0,1,A,12,193,308,0.6266233766233766
744_06-02_crop_00.jpg,1,A,12,107,0.9906542056074766,0.9906542056074766,1,A,1.0,1.0,1,A,13,106,148,0.7162162162162162
744_06-02_crop_00.jpg,1,A,13,258,0.8333333333333334,0.8333333333333334,1,A,1.0,1.0,1,A,14,215,272,0.7904411764705882
744_06-02_crop_00.jpg,1,A,14,296,0.7567567567567568,0.7567567567567568,1,A,1.0,1.0,1,A,15,224,344,0.6511627906976745
744_06-02_crop_00.jpg,1,A,15,235,0.723404255319149,0.723404255319149,1,A,1.0,1.0,1,A,16,170,185,0.918918918918919
744_06-02_crop_00.jpg,1,A,16,126,0.3253968253968254,0.3253968253968254,1,A,1.0,1.0,1,A,17,41,41,1.0
744_06-02_crop_00.jpg,1,A,17,427,0.9672131147540983,0.9672131147540983,1,A,1.0,1.0,1,A,18,413,520,0.7942307692307692
744_06-02_crop_00.jpg,1,A,18,70,0.9857142857142858,0.9857142857142858,1,A,1.0,1.0,1,A,15,69,344,0.2005813953488372
744_06-02_crop_00.jpg,1,A,19,158,0.9430379746835443,0.9430379746835443,1,A,1.0,1.0,1,A,19,149,210,0.7095238095238096
744_06-02_crop_00.jpg,1,A,20,106,0.7735849056603774,0.7735849056603774,1,A,1.0,1.0,1,A,20,82,96,0.8541666666666666
744_06-02_crop_00.jpg,1,A,21,119,0.14285714285714285,0.14285714285714285,1,A,1.0,1.0,1,A,21,17,17,1.0
744_06-02_crop_00.jpg,1,A,22,121,0.9090909090909091,0.9090909090909091,1,A,1.0,1.0,1,A,22,110,151,0.7284768211920529
744_06-02_crop_00.jpg,1,A,23,207,1.0,1.0,1,A,1.0,1.0,1,A,23,207,317,0.6529968454258676
744_06-02_crop_00.jpg,1,A,24,263,0.908745247148289,0.908745247148289,1,A,1.0,1.0,1,A,24,239,311,0.7684887459807074
744_06-02_crop_00.jpg,1,A,25,378,0.9021164021164021,0.9021164021164021,1,A,1.0,1.0,1,A,25,341,392,0.8698979591836735
744_06-02_crop_00.jpg,1,A,26,103,0.7766990291262136,0.7766990291262136,1,A,1.0,1.0,1,A,26,80,84,0.9523809523809523
744_06-02_crop_00.jpg,1,A,27,225,0.7555555555555555,0.7555555555555555,1,A,1.0,1.0,1,A,27,170,177,0.96045197740113
744_06-02_crop_00.jpg,1,A,28,135,1.0,1.0,1,A,1.0,1.0,1,A,28,135,210,0.6428571428571429
744_06-02_crop_00.jpg,1,A,29,202,0.9801980198019802,0.9801980198019802,1,A,1.0,1.0,1,A,29,198,269,0.7360594795539034
744_06-02_crop_00.jpg,1,A,30,106,0.7264150943396226,0.7264150943396226,1,A,1.0,1.0,1,A,30,77,86,0.8953488372093024
744_06-02_crop_00.jpg,1,A,31,149,0.3825503355704698,0.3825503355704698,1,A,1.0,1.0,1,A,31,57,57,1.0
744_06-02_crop_00.jpg,1,A,32,126,0.9047619047619048,0.9047619047619048,1,A,1.0,1.0,1,A,32,114,389,0.2930591259640103
744_06-02_crop_00.jpg,1,A,33,106,0.9150943396226415,0.9150943396226415,1,A,1.0,1.0,1,A,33,97,171,0.5672514619883041
744_06-02_crop_00.jpg,1,A,34,127,1.0,1.0,1,A,1.0,1.0,1,A,32,127,389,0.3264781491002571
744_06-02_crop_00.jpg,1,A,35,176,0.8352272727272727,0.8352272727272727,1,A,1.0,1.0,1,A,34,147,162,0.9074074074074074
744_06-02_crop_00.jpg,1,A,36,210,0.6523809523809524,0.6523809523809524,1,A,1.0,1.0,1,A,35,137,137,1.0
744_06-02_crop_00.jpg,1,A,37,99,0.5151515151515151,0.5151515151515151,1,A,1.0,1.0,1,A,37,51,59,0.864406779661017
744_06-02_crop_00.jpg,1,A,38,84,0.0,0.0,0,bg,0.0,0.0,0,,0,0,0,0.0
744_06-02_crop_00.jpg,1,A,39,412,0.9538834951456311,0.9538834951456311,1,A,1.0,1.0,1,A,38,393,493,0.7971602434077079
744_06-02_crop_00.jpg,1,A,40,173,0.5895953757225434,0.5895953757225434,1,A,1.0,1.0,1,A,40,102,125,0.816
744_06-02_crop_00.jpg,1,A,41,83,0.7831325301204819,0.7831325301204819,1,A,1.0,1.0,1,A,41,65,68,0.9558823529411765
744_06-02_crop_00.jpg,1,A,42,84,0.4523809523809524,0.4523809523809524,1,A,1.0,1.0,1,A,42,38,71,0.5352112676056338
744_06-02_crop_00.jpg,1,A,43,55,1.0,1.0,1,A,1.0,1.0,1,A,43,55,126,0.4365079365079365
744_06-02_crop_00.jpg,1,A,44,199,0.6834170854271356,0.6834170854271356,1,A,1.0,1.0,1,A,44,136,136,1.0
744_06-02_crop_00.jpg,1,A,45,169,0.6627218934911243,0.6627218934911243,1,A,1.0,1.0,1,A,45,112,124,0.9032258064516129
744_06-02_crop_00.jpg,1,A,46,202,0.7079207920792079,0.7079207920792079,1,A,1.0,1.0,1,A,46,143,173,0.8265895953757225
744_06-02_crop_00.jpg,1,A,47,58,0.0,0.0,0,bg,0.0,0.0,0,,0,0,0,0.0
744_06-02_crop_00.jpg,2,B,1,132,0.5984848484848485,0.0,1,A,1.0,0.0,1,A,36,79,79,1.0
744_06-03_crop_00.jpg,1,A,1,79,0.8227848101265823,0.8227848101265823,1,A,1.0,1.0,1,A,1,65,94,0.6914893617021277
744_06-03_crop_00.jpg,1,A,2,66,0.0,0.0,0,bg,0.0,0.0,0,,0,0,0,0.0
744_06-03_crop_00.jpg,1,A,3,47,0.0,0.0,0,bg,0.0,0.0,0,,0,0,0,0.0
744_06-03_crop_00.jpg,1,A,4,85,0.8705882352941177,0.8705882352941177,1,A,1.0,1.0,1,A,2,74,91,0.8131868131868132
744_06-03_crop_00.jpg,1,A,5,108,0.7777777777777778,0.7777777777777778,1,A,1.0,1.0,1,A,3,84,85,0.9882352941176471
744_06-03_crop_00.jpg,1,A,6,103,0.9320388349514563,0.9320388349514563,1,A,1.0,1.0,1,A,4,96,115,0.8347826086956521
744_06-03_crop_00.jpg,1,A,7,33,1.0,1.0,1,A,1.0,1.0,1,A,5,33,63,0.5238095238095238
744_06-03_crop_00.jpg,1,A,8,304,0.8355263157894737,0.8355263157894737,1,A,1.0,1.0,1,A,6,254,285,0.8912280701754386
744_06-03_crop_00.jpg,1,A,9,354,0.632768361581921,0.632768361581921,1,A,1.0,1.0,1,A,7,224,247,0.9068825910931174
744_06-03_crop_00.jpg,1,A,10,215,0.9441860465116279,0.9441860465116279,1,A,1.0,1.0,1,A,8,203,250,0.812
744_06-03_crop_00.jpg,1,A,11,85,0.9176470588235294,0.9176470588235294,1,A,1.0,1.0,1,A,9,78,94,0.8297872340425532
744_06-03_crop_00.jpg,1,A,12,201,0.7761194029850746,0.7761194029850746,1,A,1.0,1.0,1,A,10,156,169,0.9230769230769231
744_06-03_crop_00.jpg,1,A,13,191,0.6910994764397905,0.6910994764397905,1,A,1.0,1.0,1,A,12,132,180,0.7333333333333333
744_06-03_crop_00.jpg,1,A,14,76,0.9868421052631579,0.9868421052631579,1,A,1.0,1.0,1,A,13,75,129,0.5813953488372093
744_06-03_crop_00.jpg,1,A,15,378,0.6772486772486772,0.6772486772486772,1,A,1.0,1.0,1,A,14,256,263,0.973384030418251
744_06-03_crop_00.jpg,1,A,16,204,0.7549019607843137,0.7549019607843137,1,A,1.0,1.0,1,A,15,154,161,0.9565217391304348
744_06-03_crop_00.jpg,1,A,17,87,0.7241379310344828,0.7241379310344828,1,A,1.0,1.0,1,A,16,63,67,0.9402985074626866
744_06-03_crop_00.jpg,1,A,18,235,0.9914893617021276,0.9914893617021276,1,A,1.0,1.0,1,A,17,233,325,0.7169230769230769
744_06-03_crop_00.jpg,1,A,19,58,1.0,1.0,1,A,1.0,1.0,1,A,18,58,118,0.4915254237288136
744_06-03_crop_00.jpg,1,A,20,216,0.9120370370370371,0.9120370370370371,1,A,1.0,1.0,1,A,19,197,246,0.8008130081300813
744_06-03_crop_00.jpg,1,A,21,174,0.8735632183908046,0.8735632183908046,1,A,1.0,1.0,1,A,20,152,203,0.7487684729064039
744_06-03_crop_00.jpg,1,A,22,68,0.8088235294117647,0.8088235294117647,1,A,1.0,1.0,1,A,22,55,152,0.3618421052631579
744_06-03_crop_00.jpg,1,A,23,128,0.84375,0.84375,1,A,1.0,1.0,1,A,23,108,134,0.8059701492537313
744_06-03_crop_00.jpg,1,A,24,47,0.7021276595744681,0.7021276595744681,1,A,1.0,1.0,1,A,22,33,152,0.21710526315789475
744_06-03_crop_00.jpg,1,A,25,173,0.8959537572254336,0.8959537572254336,1,A,1.0,1.0,1,A,24,155,202,0.7673267326732673
744_06-03_crop_00.jpg,1,A,26,413,0.9443099273607748,0.9443099273607748,1,A,1.0,1.0,1,A,25,390,416,0.9375
744_06-03_crop_00.jpg,1,A,27,147,0.8231292517006803,0.8231292517006803,1,A,1.0,1.0,1,A,26,121,156,0.7756410256410257
744_06-03_crop_00.jpg,1,A,28,163,0.9754601226993865,0.9754601226993865,1,A,1.0,1.0,1,A,27,159,212,0.75
744_06-03_crop_00.jpg,1,A,29,122,0.6885245901639344,0.6885245901639344,1,A,1.0,1.0,1,A,28,84,107,0.7850467289719626
744_06-03_crop_00.jpg,1,A,30,96,1.0,1.0,1,A,1.0,1.0,1,A,29,96,135,0.7111111111111111
744_06-03_crop_00.jpg,1,A,31,78,0.44871794871794873,0.44871794871794873,1,A,1.0,1.0,1,A,30,35,35,1.0
744_06-03_crop_00.jpg,1,A,32,54,0.7962962962962963,0.7962962962962963,1,A,1.0,1.0,1,A,31,43,50,0.86
744_06-03_crop_00.jpg,1,A,33,249,0.5903614457831325,0.5903614457831325,1,A,1.0,1.0,1,A,32,147,147,1.0
744_06-03_crop_00.jpg,4,D,1,39,0.0,0.0,0,bg,0.0,0.0,0,,0,0,0,0.0
744_06-04_crop_02.jpg,1,A,1,1496,0.9438502673796791,0.9438502673796791,1,A,1.0,1.0,1,A,1,1412,1666,0.8475390156062425
744_06-04_crop_02.jpg,1,A,2,81,0.6790123456790124,0.6790123456790124,1,A,1.0,1.0,1,A,3,55,65,0.8461538461538461
744_06-04_crop_02.jpg,1,A,3,111,0.7387387387387387,0.0,3,C,1.0,0.0,1,C,4,82,93,0.8817204301075269
744_06-04_crop_02.jpg,1,A,4,258,0.9147286821705426,0.9147286821705426,1,A,1.0,1.0,1,A,5,236,265,0.8905660377358491
744_06-04_crop_02.jpg,1,A,5,69,0.9130434782608695,0.9130434782608695,1,A,1.0,1.0,1,A,6,63,82,0.7682926829268293
744_06-04_crop_02.jpg,1,A,6,245,0.9142857142857143,0.9142857142857143,1,A,1.0,1.0,1,A,7,224,273,0.8205128205128205
744_06-04_crop_02.jpg,1,A,7,487,0.7679671457905544,0.7679671457905544,1,A,1.0,1.0,1,A,8,374,399,0.9373433583959899
744_06-04_crop_02.jpg,1,A,8,390,0.9051282051282051,0.9051282051282051,1,A,1.0,1.0,1,A,9,353,384,0.9192708333333334
744_06-04_crop_02.jpg,1,A,9,109,0.5963302752293578,0.5963302752293578,1,A,1.0,1.0,1,A,10,65,66,0.9848484848484849
744_06-04_crop_02.jpg,1,A,10,233,0.7854077253218884,0.7854077253218884,1,A,1.0,1.0,1,A,11,183,197,0.9289340101522843
744_06-04_crop_02.jpg,1,A,11,64,0.0,0.0,0,bg,0.0,0.0,0,,0,0,0,0.0
744_06-04_crop_02.jpg,1,A,12,120,0.48333333333333334,0.48333333333333334,1,A,1.0,1.0,1,A,12,58,105,0.5523809523809524
744_06-04_crop_02.jpg,1,A,13,82,0.0,0.0,0,bg,0.0,0.0,0,,0,0,0,0.0
744_06-04_crop_02.jpg,3,C,1,71,0.0,0.0,0,bg,0.0,0.0,0,,0,0,0,0.0
744_08-02_crop_01.jpg,1,A,1,76,0.7894736842105263,0.7894736842105263,1,A,1.0,1.0,1,A,1,60,77,0.7792207792207793
744_08-02_crop_01.jpg,1,A,2,130,0.7692307692307693,0.7692307692307693,1,A,1.0,1.0,1,A,2,100,123,0.8130081300813008
744_08-02_crop_01.jpg,1,A,3,86,0.9418604651162791,0.9418604651162791,1,A,1.0,1.0,1,A,3,81,148,0.5472972972972973
744_08-02_crop_01.jpg,1,A,4,168,0.9642857142857143,0.9642857142857143,1,A,1.0,1.0,1,A,4,162,355,0.4563380281690141
744_08-02_crop_01.jpg,1,A,5,1170,0.8931623931623932,0.8931623931623932,1,A,1.0,1.0,1,A,5,806,916,0.8799126637554585
744_08-02_crop_01.jpg,1,A,6,64,1.0,1.0,1,A,1.0,1.0,1,A,4,64,355,0.18028169014084508
744_08-02_crop_01.jpg,1,A,7,221,0.9864253393665159,0.9864253393665159,1,A,1.0,1.0,1,A,7,218,310,0.7032258064516129
744_08-02_crop_01.jpg,1,A,8,79,0.6962025316455697,0.6962025316455697,1,A,1.0,1.0,1,A,8,55,67,0.8208955223880597
744_08-02_crop_01.jpg,1,A,9,145,0.7517241379310344,0.7517241379310344,1,A,1.0,1.0,1,A,9,109,148,0.7364864864864865
744_08-02_crop_01.jpg,1,A,10,444,0.963963963963964,0.963963963963964,1,A,1.0,1.0,1,A,10,428,497,0.8611670020120724
744_08-02_crop_01.jpg,1,A,11,94,0.9148936170212766,0.9148936170212766,1,A,1.0,1.0,1,A,11,86,116,0.7413793103448276
744_08-02_crop_01.jpg,1,A,12,164,0.9878048780487805,0.9878048780487805,1,A,1.0,1.0,1,A,13,162,265,0.6113207547169811
744_08-02_crop_01.jpg,1,A,13,219,0.908675799086758,0.908675799086758,1,A,1.0,1.0,1,A,14,199,206,0.9660194174757282
744_08-02_crop_01.jpg,1,A,14,375,0.816,0.816,1,A,1.0,1.0,1,A,15,306,315,0.9714285714285714
744_08-02_crop_01.jpg,1,A,15,92,0.0,0.0,0,bg,0.0,0.0,0,,0,0,0,0.0
744_08-02_crop_01.jpg,1,A,16,147,0.7074829931972789,0.7074829931972789,1,A,1.0,1.0,1,A,16,104,111,0.9369369369369369
744_08-02_crop_01.jpg,1,A,17,272,0.8198529411764706,0.8198529411764706,1,A,1.0,1.0,1,A,17,223,251,0.8884462151394422
744_08-02_crop_01.jpg,1,A,18,151,0.6688741721854304,0.6688741721854304,1,A,1.0,1.0,1,A,18,101,118,0.8559322033898306
744_08-02_crop_01.jpg,1,A,19,155,0.6709677419354839,0.6709677419354839,1,A,1.0,1.0,1,A,19,104,132,0.7878787878787878
744_08-02_crop_01.jpg,1,A,20,112,0.75,0.75,1,A,1.0,1.0,1,A,21,84,161,0.5217391304347826
744_08-02_crop_01.jpg,1,A,21,242,0.9380165289256198,0.9380165289256198,1,A,1.0,1.0,1,A,22,227,276,0.822463768115942
744_08-02_crop_01.jpg,1,A,22,483,0.9399585921325052,0.9399585921325052,1,A,1.0,1.0,1,A,23,454,497,0.9134808853118712
744_08-02_crop_01.jpg,1,A,23,243,0.7448559670781894,0.7448559670781894,1,A,1.0,1.0,1,A,24,129,178,0.7247191011235955
744_08-02_crop_01.jpg,1,A,24,105,0.34285714285714286,0.34285714285714286,1,A,1.0,1.0,1,A,26,36,39,0.9230769230769231
744_08-02_crop_01.jpg,1,A,25,402,0.9477611940298507,0.9477611940298507,1,A,1.0,1.0,1,A,27,381,470,0.8106382978723404
744_08-04_crop_02.jpg,1,A,1,68,1.0,1.0,1,A,1.0,1.0,1,A,1,68,248,0.27419354838709675
744_08-04_crop_02.jpg,1,A,2,177,0.8757062146892656,0.8757062146892656,1,A,1.0,1.0,1,A,2,155,187,0.8288770053475936
744_08-04_crop_02.jpg,1,A,3,100,0.81,0.81,1,A,1.0,1.0,1,A,1,81,248,0.32661290322580644
744_08-04_crop_02.jpg,1,A,4,879,0.9783845278725825,0.9783845278725825,1,A,1.0,1.0,1,A,3,860,1082,0.7948243992606284
744_08-04_crop_02.jpg,1,A,5,545,0.9302752293577982,0.9302752293577982,1,A,1.0,1.0,1,A,4,507,625,0.8112
744_08-04_crop_02.jpg,1,A,6,87,0.9655172413793104,0.9655172413793104,1,A,1.0,1.0,1,A,5,84,103,0.8155339805825242
744_08-04_crop_02.jpg,1,A,7,92,0.8260869565217391,0.8260869565217391,1,A,1.0,1.0,1,A,6,76,92,0.8260869565217391
744_08-04_crop_02.jpg,1,A,8,169,0.8461538461538461,0.8461538461538461,1,A,1.0,1.0,1,A,7,143,209,0.6842105263157895
744_08-04_crop_02.jpg,1,A,9,397,0.8589420654911839,0.8589420654911839,1,A,1.0,1.0,1,A,11,341,406,0.8399014778325123
744_08-04_crop_02.jpg,1,A,10,123,0.8861788617886179,0.8861788617886179,1,A,1.0,1.0,1,A,12,109,135,0.8074074074074075
744_08-04_crop_02.jpg,3,C,1,128,0.6484375,0.0,1,A,1.0,0.0,1,A,10,83,89,0.9325842696629213
A-16_crop_01.jpg,1,A,1,181,0.8674033149171271,0.8674033149171271,1,A,1.0,1.0,1,A,1,157,187,0.839572192513369
A-16_crop_01.jpg,1,A,2,1809,0.9154228855721394,0.9154228855721394,1,A,1.0,1.0,1,A,2,1656,1785,0.9277310924369748
A-19_crop_00.jpg,1,A,1,2161,0.950948634891254,0.950948634891254,1,A,1.0,1.0,1,A,1,2055,2209,0.930285196921684
A-19_crop_00.jpg,1,A,2,712,0.5856741573033708,0.5856741573033708,1,A,1.0,1.0,1,A,3,252,262,0.9618320610687023
A-19_crop_00.jpg,1,A,3,917,0.9443838604143948,0.9443838604143948,1,A,1.0,1.0,1,A,4,866,1147,0.7550130775937227
A-19_crop_00.jpg,1,A,4,79,0.9367088607594937,0.9367088607594937,1,A,1.0,1.0,1,A,4,74,1147,0.06451612903225806
A-20_crop_00.jpg,1,A,1,6041,0.9409038238702202,0.9409038238702202,1,A,1.0,1.0,1,A,1,5684,6036,0.9416832339297548
A-20_crop_00.jpg,1,A,2,529,0.9754253308128544,0.9754253308128544,1,A,1.0,1.0,1,A,3,516,592,0.8716216216216216
A-246_crop_00.jpg,1,A,1,1567,0.8972559029993619,0.8972559029993619,1,A,1.0,1.0,1,A,1,1406,1522,0.923784494086728
A-246_crop_00.jpg,1,A,2,302,0.6986754966887417,0.6986754966887417,1,A,1.0,1.0,1,A,3,211,223,0.9461883408071748
A-246_crop_00.jpg,1,A,3,299,0.822742474916388,0.822742474916388,1,A,1.0,1.0,1,A,4,246,269,0.9144981412639405
A-248_crop_00.jpg,1,A,1,184,0.8097826086956522,0.8097826086956522,1,A,1.0,1.0,1,A,1,149,158,0.9430379746835443
A-248_crop_00.jpg,1,A,2,174,0.6954022988505747,0.6954022988505747,1,A,1.0,1.0,1,A,2,121,124,0.9758064516129032
A-248_crop_00.jpg,1,A,3,626,0.8769968051118211,0.8769968051118211,1,A,1.0,1.0,1,A,3,549,571,0.9614711033274956
A-248_crop_00.jpg,1,A,4,163,0.754601226993865,0.754601226993865,1,A,1.0,1.0,1,A,4,123,2468,0.04983792544570503
A-248_crop_00.jpg,1,A,5,2400,0.8766666666666667,0.8766666666666667,1,A,1.0,1.0,1,A,4,2104,2468,0.8525121555915721
A-251_crop_00.jpg,1,A,1,59,0.0,0.0,0,bg,0.0,0.0,0,,0,0,0,0.0
A-251_crop_00.jpg,1,A,2,1555,0.8700964630225081,0.8700964630225081,1,A,1.0,1.0,1,A,1,1353,1437,0.941544885177453
A-251_crop_00.jpg,1,A,3,226,0.8938053097345132,0.8938053097345132,1,A,1.0,1.0,1,A,2,202,225,0.8977777777777778
A-251_crop_00.jpg,1,A,4,229,0.9301310043668122,0.9301310043668122,1,A,1.0,1.0,1,A,3,213,230,0.9260869565217391
A-251_crop_00.jpg,1,A,5,255,0.0,0.0,0,bg,0.0,0.0,0,,0,0,0,0.0
A-251_crop_02.jpg,1,A,1,323,0.0,0.0,0,bg,0.0,0.0,0,,0,0,0,0.0
A-27_crop_00.jpg,1,A,1,600,0.8516666666666667,0.8516666666666667,1,A,1.0,1.0,1,A,1,511,524,0.9751908396946565
A-27_crop_00.jpg,1,A,2,497,0.9617706237424547,0.9617706237424547,1,A,1.0,1.0,1,A,2,478,542,0.8819188191881919
A-27_crop_00.jpg,1,A,3,137,0.6496350364963503,0.6496350364963503,1,A,1.0,1.0,1,A,3,89,89,1.0
A-27_crop_00.jpg,1,A,4,144,0.9583333333333334,0.9583333333333334,1,A,1.0,1.0,1,A,4,138,170,0.8117647058823529
A-27_crop_00.jpg,4,D,1,113,0.0,0.0,0,bg,0.0,0.0,0,,0,0,0,0.0
A-31_crop_01.jpg,1,A,1,346,0.8236994219653179,0.8236994219653179,1,A,1.0,1.0,1,A,1,285,307,0.9283387622149837
A-31_crop_01.jpg,1,A,2,290,0.9655172413793104,0.9655172413793104,1,A,1.0,1.0,1,A,2,280,371,0.7547169811320755
A-32_crop_00.jpg,1,A,1,928,0.834051724137931,0.834051724137931,1,A,1.0,1.0,1,A,1,774,791,0.9785082174462706
A-32_crop_00.jpg,1,A,2,134,0.6940298507462687,0.6940298507462687,1,A,1.0,1.0,1,A,2,93,97,0.9587628865979382
A-32_crop_00.jpg,1,A,3,240,0.7875,0.7875,1,A,1.0,1.0,1,A,3,189,208,0.9086538461538461
A-32_crop_00.jpg,1,A,4,208,0.9086538461538461,0.9086538461538461,1,A,1.0,1.0,1,A,5,189,217,0.8709677419354839
A-32_crop_00.jpg,1,A,5,839,0.9225268176400476,0.9225268176400476,1,A,1.0,1.0,1,A,6,774,825,0.9381818181818182
A-32_crop_00.jpg,1,A,6,1453,0.8313833448038541,0.8313833448038541,1,A,1.0,1.0,1,A,7,642,671,0.9567809239940388
A-32_crop_00.jpg,1,A,7,515,0.8155339805825242,0.8155339805825242,1,A,1.0,1.0,1,A,10,420,458,0.9170305676855895
A-32_crop_00.jpg,1,A,8,268,0.8432835820895522,0.8432835820895522,1,A,1.0,1.0,1,A,11,226,256,0.8828125
A-32_crop_00.jpg,1,A,9,1195,0.8811715481171548,0.8811715481171548,1,A,1.0,1.0,1,A,12,1053,1117,0.9427036705461056
A-32_crop_00.jpg,1,A,10,529,0.8506616257088847,0.8506616257088847,1,A,1.0,1.0,1,A,13,450,479,0.9394572025052192
A-32_crop_00.jpg,1,A,11,171,0.7251461988304093,0.7251461988304093,1,A,1.0,1.0,1,A,14,124,126,0.9841269841269841
A-32_crop_01.jpg,1,A,1,191,0.18848167539267016,0.18848167539267016,1,A,1.0,1.0,1,A,2,36,36,1.0
A-34_crop_01.jpg,1,A,1,108,0.7407407407407407,0.7407407407407407,1,A,1.0,1.0,1,A,1,80,83,0.963855421686747
A-34_crop_01.jpg,1,A,2,346,0.5924855491329479,0.5924855491329479,1,A,1.0,1.0,1,A,3,205,229,0.8951965065502183
A-34_crop_01.jpg,1,A,3,249,0.0,0.0,0,bg,0.0,0.0,0,,0,0,0,0.0
A-42_crop_00.jpg,1,A,1,873,0.8018327605956472,0.8018327605956472,1,A,1.0,1.0,1,A,1,700,701,0.9985734664764622
A-42_crop_00.jpg,1,A,2,306,0.8954248366013072,0.8954248366013072,1,A,1.0,1.0,1,A,2,274,297,0.9225589225589226
A-42_crop_00.jpg,1,A,3,243,0.8148148148148148,0.8148148148148148,1,A,1.0,1.0,1,A,3,198,211,0.9383886255924171
A-42_crop_00.jpg,1,A,4,265,0.879245283018868,0.879245283018868,1,A,1.0,1.0,1,A,4,233,233,1.0
A-42_crop_00.jpg,1,A,5,446,0.8811659192825112,0.8811659192825112,1,A,1.0,1.0,1,A,5,393,426,0.9225352112676056
A-42_crop_00.jpg,1,A,6,323,0.826625386996904,0.826625386996904,1,A,1.0,1.0,1,A,6,267,293,0.9112627986348123
A-42_crop_00.jpg,1,A,7,198,0.7121212121212122,0.7121212121212122,1,A,1.0,1.0,1,A,8,141,174,0.8103448275862069
A-42_crop_00.jpg,1,A,8,149,0.9328859060402684,0.9328859060402684,1,A,1.0,1.0,1,A,7,139,169,0.8224852071005917
A-42_crop_00.jpg,1,A,9,145,0.8689655172413793,0.8689655172413793,1,A,1.0,1.0,1,A,9,126,140,0.9
A-42_crop_00.jpg,1,A,10,105,0.8761904761904762,0.8761904761904762,1,A,1.0,1.0,1,A,10,92,120,0.7666666666666667
A-42_crop_00.jpg,1,A,11,182,0.945054945054945,0.945054945054945,1,A,1.0,1.0,1,A,11,172,188,0.9148936170212766
A-42_crop_00.jpg,1,A,12,207,0.5652173913043478,0.5652173913043478,1,A,1.0,1.0,1,A,12,117,129,0.9069767441860465
A-42_crop_00.jpg,1,A,13,652,0.9309815950920245,0.9309815950920245,1,A,1.0,1.0,1,A,13,607,646,0.9396284829721362
A-42_crop_00.jpg,1,A,14,181,0.7513812154696132,0.7513812154696132,1,A,1.0,1.0,1,A,14,136,140,0.9714285714285714
A-42_crop_00.jpg,1,A,15,820,0.8804878048780488,0.8804878048780488,1,A,1.0,1.0,1,A,15,722,826,0.87409200968523
A-42_crop_00.jpg,1,A,16,246,0.7723577235772358,0.7723577235772358,1,A,1.0,1.0,1,A,16,190,199,0.9547738693467337
A-42_crop_00.jpg,1,A,17,698,0.7994269340974212,0.7994269340974212,1,A,1.0,1.0,1,A,17,558,593,0.9409780775716695
A-42_crop_00.jpg,1,A,18,430,0.8558139534883721,0.8558139534883721,1,A,1.0,1.0,1,A,18,368,392,0.9387755102040817
A-42_crop_00.jpg,1,A,19,1297,0.8812644564379337,0.8812644564379337,1,A,1.0,1.0,1,A,19,1143,1248,0.9158653846153846
A-42_crop_00.jpg,1,A,20,1299,0.806774441878368,0.806774441878368,1,A,1.0,1.0,1,A,20,1048,1117,0.9382273948075202
A-42_crop_00.jpg,1,A,21,360,0.65,0.65,1,A,1.0,1.0,1,A,22,234,276,0.8478260869565217
A-42_crop_00.jpg,1,A,22,1815,0.6066115702479339,0.6066115702479339,1,A,1.0,1.0,1,A,23,1101,1495,0.7364548494983277
A-42_crop_00.jpg,1,A,23,955,0.812565445026178,0.812565445026178,1,A,1.0,1.0,1,A,26,776,810,0.9580246913580247
A-42_crop_00.jpg,1,A,24,554,0.8122743682310469,0.8122743682310469,1,A,1.0,1.0,1,A,25,450,479,0.9394572025052192
A-42_crop_00.jpg,1,A,25,323,0.8142414860681114,0.8142414860681114,1,A,1.0,1.0,1,A,27,263,280,0.9392857142857143
A-42_crop_00.jpg,1,A,26,916,0.8013100436681223,0.8013100436681223,1,A,1.0,1.0,1,A,28,734,749,0.9799732977303071
A-42_crop_00.jpg,1,A,27,553,0.6708860759493671,0.6708860759493671,1,A,1.0,1.0,1,A,29,371,394,0.9416243654822335
A-42_crop_00.jpg,1,A,28,206,0.8058252427184466,0.8058252427184466,1,A,1.0,1.0,1,A,31,166,190,0.8736842105263158
A-42_crop_00.jpg,1,A,29,382,0.680628272251309,0.680628272251309,1,A,1.0,1.0,1,A,32,260,260,1.0
A-42_crop_00.jpg,1,A,30,227,0.8634361233480177,0.8634361233480177,1,A,1.0,1.0,1,A,34,196,204,0.9607843137254902
A-42_crop_00.jpg,1,A,31,454,0.8083700440528634,0.8083700440528634,1,A,1.0,1.0,1,A,35,367,381,0.963254593175853
A-42_crop_00.jpg,1,A,32,246,0.8495934959349594,0.8495934959349594,1,A,1.0,1.0,1,A,36,209,306,0.6830065359477124
A-42_crop_00.jpg,1,A,33,126,0.6904761904761905,0.6904761904761905,1,A,1.0,1.0,1,A,37,87,92,0.9456521739130435
A-42_crop_00.jpg,1,A,34,130,0.49230769230769234,0.49230769230769234,1,A,1.0,1.0,1,A,36,64,306,0.20915032679738563
A-42_crop_00.jpg,1,A,35,148,0.8108108108108109,0.8108108108108109,1,A,1.0,1.0,1,A,38,120,139,0.8633093525179856
A-42_crop_00.jpg,1,A,36,201,0.8805970149253731,0.8805970149253731,1,A,1.0,1.0,1,A,39,177,274,0.6459854014598541
A-42_crop_00.jpg,1,A,37,65,0.7230769230769231,0.7230769230769231,1,A,1.0,1.0,1,A,39,47,274,0.17153284671532848
B-15_crop_00.jpg,2,B,1,3297,0.9538974825599029,0.9538974825599029,2,B,1.0,1.0,1,B,1,3145,3501,0.8983147672093688
B-15_crop_00.jpg,4,D,1,187,0.0,0.0,0,bg,0.0,0.0,0,,0,0,0,0.0
B-17_crop_00.jpg,2,B,1,200,0.23,0.23,2,B,1.0,1.0,1,B,1,46,79,0.5822784810126582
B-17_crop_00.jpg,2,B,2,540,0.9074074074074074,0.9074074074074074,2,B,1.0,1.0,1,B,2,490,768,0.6380208333333334
B-17_crop_00.jpg,2,B,3,684,0.945906432748538,0.945906432748538,2,B,1.0,1.0,1,B,5,647,761,0.8501971090670171
B-21_crop_01.jpg,2,B,1,10659,0.9866779247584201,0.9866779247584201,2,B,1.0,1.0,1,B,1,10517,12775,0.8232485322896281
B-53_crop_00.jpg,2,B,1,5795,0.9245901639344263,0.9245901639344263,2,B,1.0,1.0,1,B,1,5358,7777,0.688954609746689
B-53_crop_00.jpg,2,B,2,1280,0.7640625,0.7640625,2,B,1.0,1.0,1,B,1,978,7777,0.12575543268612577
B-53_crop_00.jpg,2,B,3,710,0.9422535211267605,0.9422535211267605,2,B,1.0,1.0,1,B,2,669,975,0.6861538461538461
B-59_crop_00.jpg,2,B,1,3331,0.5595917141999399,0.5595917141999399,2,B,1.0,1.0,1,B,1,1775,1972,0.9001014198782962
B-59_crop_00.jpg,2,B,2,3777,0.8294943076515753,0.8294943076515753,2,B,1.0,1.0,1,B,3,3133,3789,0.8268672472948008
B-63_crop_00.jpg,2,B,1,2297,0.14627775359164127,0.14627775359164127,2,B,1.0,1.0,1,B,2,314,315,0.9968253968253968
B-63_crop_00.jpg,2,B,2,3322,0.813064419024684,0.813064419024684,2,B,1.0,1.0,1,B,6,2700,3111,0.8678881388621023
B-63_crop_00.jpg,3,C,1,162,0.42592592592592593,0.42592592592592593,3,C,1.0,1.0,1,C,3,69,69,1.0
B-69_crop_00.jpg,2,B,1,486,0.831275720164609,0.831275720164609,2,B,1.0,1.0,1,B,1,404,448,0.9017857142857143
B-84_crop_01.jpg,2,B,1,17717,0.9671501947282272,0.9671501947282272,2,B,1.0,1.0,1,B,1,17135,19986,0.8573501451015711
B-84_crop_01.jpg,2,B,2,767,0.9960886571056062,0.9960886571056062,2,B,1.0,1.0,1,B,1,764,19986,0.038226758731111775
B-97_crop_00.jpg,1,A,1,290,0.8413793103448276,0.8413793103448276,1,A,1.0,1.0,1,A,1,244,254,0.9606299212598425
B-97_crop_00.jpg,1,A,2,305,0.8360655737704918,0.8360655737704918,1,A,1.0,1.0,1,A,2,255,270,0.9444444444444444
B-97_crop_00.jpg,1,A,3,262,0.8091603053435115,0.8091603053435115,1,A,1.0,1.0,1,A,3,212,271,0.7822878228782287
B-97_crop_00.jpg,1,A,4,98,0.9489795918367347,0.9489795918367347,1,A,1.0,1.0,1,A,4,93,109,0.8532110091743119
B-97_crop_00.jpg,1,A,5,110,0.8272727272727273,0.8272727272727273,1,A,1.0,1.0,1,A,5,91,92,0.9891304347826086
C-109_crop_00.jpg,1,A,1,267,0.8651685393258427,0.7640449438202247,1,A,0.8831168831168831,0.8831168831168831,2,A|C,2,231,385,0.6
C-109_crop_00.jpg,3,C,1,1570,0.9643312101910828,0.9643312101910828,3,C,1.0,1.0,1,C,1,1514,1622,0.9334155363748459
C-110_crop_00.jpg,1,A,1,302,0.9205298013245033,0.9205298013245033,1,A,1.0,1.0,1,A,1,278,326,0.852760736196319
C-110_crop_00.jpg,3,C,1,762,0.9671916010498688,0.9671916010498688,3,C,1.0,1.0,1,C,3,737,800,0.92125
C-110_crop_00.jpg,3,C,2,2152,0.9632899628252788,0.9632899628252788,3,C,1.0,1.0,1,C,4,2073,2229,0.9300134589502019
C-49_crop_01.jpg,1,A,1,552,0.9601449275362319,0.9601449275362319,1,A,1.0,1.0,1,A,1,530,611,0.867430441898527
C-49_crop_01.jpg,1,A,2,90,0.8111111111111111,0.8111111111111111,1,A,1.0,1.0,1,A,2,73,95,0.7684210526315789
C-49_crop_01.jpg,1,A,3,494,0.9230769230769231,0.9230769230769231,1,A,1.0,1.0,1,A,3,456,493,0.9249492900608519
C-51_crop_00.jpg,3,C,1,1155,0.8,0.0,1,A,1.0,0.0,1,A,1,924,967,0.9555325749741469
C-51_crop_00.jpg,3,C,2,286,0.8566433566433567,0.017482517482517484,1,A,0.9795918367346939,0.02040816326530612,1,A,2,245,272,0.9007352941176471
C-51_crop_00.jpg,3,C,3,5020,0.9139442231075697,0.9139442231075697,3,C,1.0,1.0,1,C,3,4588,5139,0.8927806966335863
C-51_crop_00.jpg,3,C,4,299,1.0,1.0,3,C,1.0,1.0,1,C,4,299,4436,0.06740306582506762
C-51_crop_00.jpg,3,C,5,977,0.9959058341862845,0.9959058341862845,3,C,1.0,1.0,1,C,4,973,4436,0.21934174932371506
C-51_crop_00.jpg,3,C,6,225,1.0,1.0,3,C,1.0,1.0,1,C,4,225,4436,0.05072137060414788
C-51_crop_00.jpg,3,C,7,319,0.8996865203761756,0.8996865203761756,3,C,1.0,1.0,1,C,4,287,4436,0.06469792605951308
C-51_crop_00.jpg,3,C,8,293,0.9692832764505119,0.24914675767918087,2,B,0.7429577464788732,0.25704225352112675,2,B|C,4,284,4436,0.06402164111812443
C-51_crop_00.jpg,3,C,9,242,0.6115702479338843,0.0,2,B,1.0,0.0,1,B,7,148,149,0.9932885906040269
C-51_crop_00.jpg,3,C,10,176,1.0,1.0,3,C,1.0,1.0,1,C,4,176,4436,0.03967538322813345
C-51_crop_00.jpg,3,C,11,160,0.65,0.0,1,A,1.0,0.0,1,A,8,104,109,0.9541284403669725
C-51_crop_00.jpg,3,C,12,123,1.0,1.0,3,C,1.0,1.0,1,C,4,123,4436,0.027727682596934176
C-51_crop_00.jpg,3,C,13,460,0.991304347826087,0.18478260869565216,2,B,0.8135964912280702,0.18640350877192982,2,B|C,4,456,4436,0.10279531109107304
C-51_crop_00.jpg,3,C,14,402,0.8706467661691543,0.8706467661691543,3,C,1.0,1.0,1,C,10,350,406,0.8620689655172413
C-60_crop_01.jpg,4,D,1,253,0.0,0.0,0,bg,0.0,0.0,0,,0,0,0,0.0
C-67_crop_00.jpg,1,A,1,608,0.930921052631579,0.930921052631579,1,A,1.0,1.0,1,A,3,566,630,0.8984126984126984
C-67_crop_00.jpg,1,A,2,116,1.0,1.0,1,A,1.0,1.0,1,A,5,116,156,0.7435897435897436
C-67_crop_00.jpg,1,A,3,560,0.0,0.0,0,bg,0.0,0.0,0,,0,0,0,0.0
C-67_crop_00.jpg,1,A,4,248,0.9758064516129032,0.9758064516129032,1,A,1.0,1.0,1,A,6,242,295,0.8203389830508474
C-67_crop_00.jpg,3,C,1,289,0.8373702422145328,0.8373702422145328,3,C,1.0,1.0,1,C,1,242,306,0.7908496732026143
C-67_crop_00.jpg,3,C,2,1502,0.9747003994673769,0.9747003994673769,3,C,1.0,1.0,1,C,2,1464,1653,0.8856624319419237
C-67_crop_00.jpg,3,C,3,574,0.921602787456446,0.921602787456446,3,C,1.0,1.0,1,C,4,529,598,0.8846153846153846
C-71_crop_00.jpg,3,C,1,3144,0.905852417302799,0.905852417302799,3,C,1.0,1.0,1,C,1,2848,2899,0.9824077268023457
C-71_crop_00.jpg,3,C,2,378,0.8835978835978836,0.8835978835978836,3,C,1.0,1.0,1,C,2,334,358,0.9329608938547486
C-75_crop_00.jpg,1,A,1,738,0.8834688346883469,0.8834688346883469,1,A,1.0,1.0,1,A,1,652,705,0.924822695035461
C-75_crop_00.jpg,1,A,2,297,0.9494949494949495,0.9494949494949495,1,A,1.0,1.0,1,A,2,282,319,0.8840125391849529
C-75_crop_00.jpg,1,A,3,430,0.9023255813953488,0.9023255813953488,1,A,1.0,1.0,1,A,3,388,416,0.9326923076923077
C-75_crop_00.jpg,1,A,4,1082,0.9316081330868762,0.9316081330868762,1,A,1.0,1.0,1,A,5,1008,1046,0.9636711281070746
C-75_crop_00.jpg,1,A,5,306,0.9705882352941176,0.9705882352941176,1,A,1.0,1.0,1,A,7,297,330,0.9
C-75_crop_00.jpg,3,C,1,238,0.8823529411764706,0.8823529411764706,3,C,1.0,1.0,1,C,4,210,229,0.9170305676855895
C-75_crop_00.jpg,3,C,2,192,0.96875,0.96875,3,C,1.0,1.0,1,C,6,186,1084,0.17158671586715868
C-75_crop_00.jpg,3,C,3,857,0.8984830805134189,0.8984830805134189,3,C,1.0,1.0,1,C,6,770,1084,0.7103321033210332
C-75_crop_00.jpg,3,C,4,204,0.8970588235294118,0.8970588235294118,3,C,1.0,1.0,1,C,8,183,200,0.915
C-76_crop_00.jpg,3,C,1,6735,0.9643652561247216,0.9643652561247216,3,C,1.0,1.0,1,C,1,6495,7293,0.8905800082270671
C-77_crop_00.jpg,3,C,1,1488,0.9885752688172043,0.9885752688172043,3,C,1.0,1.0,1,C,1,1471,3125,0.47072
C-77_crop_00.jpg,3,C,2,1106,0.9276672694394213,0.9276672694394213,3,C,1.0,1.0,1,C,1,1026,3125,0.32832
C-77_crop_00.jpg,3,C,3,332,0.9006024096385542,0.9006024096385542,3,C,1.0,1.0,1,C,1,299,3125,0.09568
C-79_crop_02.jpg,3,C,1,259,0.888030888030888,0.888030888030888,3,C,1.0,1.0,1,C,1,230,253,0.9090909090909091
C-80_crop_00.jpg,3,C,1,1278,0.9374021909233177,0.9374021909233177,3,C,1.0,1.0,1,C,2,1198,1294,0.9258114374034003
C-81_crop_01.jpg,1,A,1,297,0.8888888888888888,0.8888888888888888,1,A,1.0,1.0,1,A,1,264,298,0.8859060402684564
C-81_crop_01.jpg,3,C,1,153,0.954248366013072,0.954248366013072,3,C,1.0,1.0,1,C,2,146,162,0.9012345679012346
C-81_crop_01.jpg,3,C,2,2630,0.9505703422053232,0.9505703422053232,3,C,1.0,1.0,1,C,3,2500,2821,0.8862105636299185
C-88_crop_01.jpg,4,D,1,113,0.0,0.0,0,bg,0.0,0.0,0,,0,0,0,0.0
C-90_crop_00.jpg,3,C,1,188,0.8936170212765957,0.8936170212765957,3,C,1.0,1.0,1,C,1,168,193,0.8704663212435233
C-90_crop_00.jpg,3,C,2,886,0.9198645598194131,0.9198645598194131,3,C,1.0,1.0,1,C,2,815,938,0.8688699360341151
C-90_crop_00.jpg,3,C,3,233,0.9527896995708155,0.9527896995708155,3,C,1.0,1.0,1,C,3,222,276,0.8043478260869565
C-90_crop_00.jpg,3,C,4,87,0.9885057471264368,0.9885057471264368,3,C,1.0,1.0,1,C,4,86,101,0.8514851485148515
C-90_crop_00.jpg,3,C,5,64,0.015625,0.015625,3,C,1.0,1.0,1,C,5,1,1,1.0
C-92_crop_00.jpg,1,A,1,2554,0.9420516836335161,0.9244322631166797,1,A,0.9812967581047382,0.9812967581047382,1,A,1,2406,2490,0.9662650602409638
C-92_crop_00.jpg,1,A,2,4701,0.9361837906828334,0.9361837906828334,1,A,1.0,1.0,1,A,2,4401,4719,0.9326128417037508
C-95_crop_00.jpg,1,A,1,828,0.9178743961352657,0.9178743961352657,1,A,1.0,1.0,1,A,1,760,839,0.9058402860548271
C-95_crop_00.jpg,1,A,2,364,0.8873626373626373,0.8873626373626373,1,A,1.0,1.0,1,A,4,323,351,0.9202279202279202
C-95_crop_00.jpg,1,A,3,189,0.8148148148148148,0.8148148148148148,1,A,1.0,1.0,1,A,5,154,155,0.9935483870967742
C-95_crop_00.jpg,1,A,4,307,0.8762214983713354,0.8762214983713354,1,A,1.0,1.0,1,A,6,269,301,0.893687707641196
C-95_crop_00.jpg,1,A,5,412,0.8592233009708737,0.8592233009708737,1,A,1.0,1.0,1,A,8,354,377,0.9389920424403183
C-95_crop_00.jpg,3,C,1,1160,0.8956896551724138,0.8956896551724138,3,C,1.0,1.0,1,C,2,1039,1108,0.9377256317689531
C-95_crop_00.jpg,3,C,2,595,0.8974789915966387,0.8974789915966387,3,C,1.0,1.0,1,C,3,534,549,0.9726775956284153
C-99_crop_00.jpg,1,A,1,183,0.9562841530054644,0.9562841530054644,1,A,1.0,1.0,1,A,4,175,195,0.8974358974358975
C-99_crop_00.jpg,1,A,2,304,0.9868421052631579,0.9868421052631579,1,A,1.0,1.0,1,A,5,300,361,0.8310249307479224
C-99_crop_00.jpg,3,C,1,1071,0.9047619047619048,0.9047619047619048,3,C,1.0,1.0,1,C,1,969,994,0.9748490945674044
C-99_crop_00.jpg,3,C,2,196,0.9132653061224489,0.37755102040816324,1,A,0.5865921787709497,0.4134078212290503,2,A|C,2,179,193,0.927461139896373
C-99_crop_00.jpg,3,C,3,137,0.8686131386861314,0.8686131386861314,3,C,1.0,1.0,1,C,3,119,123,0.967479674796748
D-137_crop_01.jpg,4,D,1,377,0.9655172413793104,0.9655172413793104,4,D,1.0,1.0,1,D,1,364,407,0.8943488943488943
D-140_crop_01.jpg,1,A,1,716,0.7220670391061452,0.7220670391061452,1,A,1.0,1.0,1,A,3,517,518,0.9980694980694981
D-144_crop_00.jpg,1,A,1,210,0.8666666666666667,0.8666666666666667,1,A,1.0,1.0,1,A,2,182,204,0.8921568627450981
D-144_crop_00.jpg,1,A,2,170,0.711764705882353,0.711764705882353,1,A,1.0,1.0,1,A,3,121,130,0.9307692307692308
D-144_crop_00.jpg,1,A,3,741,0.9095816464237517,0.9095816464237517,1,A,1.0,1.0,1,A,4,674,708,0.9519774011299436
D-144_crop_00.jpg,1,A,4,188,0.8457446808510638,0.8457446808510638,1,A,1.0,1.0,1,A,6,159,176,0.9034090909090909
D-144_crop_00.jpg,4,D,1,377,0.6153846153846154,0.6153846153846154,4,D,1.0,1.0,1,D,7,232,232,1.0
D-149_crop_00.jpg,4,D,1,477,0.8553459119496856,0.8553459119496856,4,D,1.0,1.0,1,D,1,408,408,1.0
D-162_crop_00.jpg,4,D,1,529,0.9584120982986768,0.9584120982986768,4,D,1.0,1.0,1,D,1,507,566,0.8957597173144877
D-162_crop_00.jpg,4,D,2,709,0.9746121297602257,0.9746121297602257,4,D,1.0,1.0,1,D,2,691,745,0.9275167785234899
D-169_crop_00.jpg,4,D,1,81,0.6666666666666666,0.6666666666666666,4,D,1.0,1.0,1,D,1,54,54,1.0
D-169_crop_00.jpg,4,D,2,149,0.87248322147651,0.87248322147651,4,D,1.0,1.0,1,D,2,130,130,1.0
D-169_crop_00.jpg,4,D,3,113,0.21238938053097345,0.21238938053097345,4,D,1.0,1.0,1,D,3,24,24,1.0
D-169_crop_00.jpg,4,D,4,1961,0.9229984701682815,0.9229984701682815,4,D,1.0,1.0,1,D,4,1810,1820,0.9945054945054945
D-169_crop_00.jpg,4,D,5,1129,0.8379096545615589,0.8379096545615589,4,D,1.0,1.0,1,D,5,946,946,1.0
D-169_crop_00.jpg,4,D,6,81,0.0,0.0,0,bg,0.0,0.0,0,,0,0,0,0.0
D-173_crop_00.jpg,4,D,1,441,0.9795918367346939,0.9795918367346939,4,D,1.0,1.0,1,D,1,432,441,0.9795918367346939
D-176_crop_00.jpg,4,D,1,901,0.9633740288568258,0.9633740288568258,4,D,1.0,1.0,1,D,1,868,965,0.8994818652849741
D-176_crop_00.jpg,4,D,2,113,0.0,0.0,0,bg,0.0,0.0,0,,0,0,0,0.0
D-176_crop_00.jpg,4,D,3,317,0.6656151419558359,0.6656151419558359,4,D,1.0,1.0,1,D,2,211,211,1.0
D-176_crop_00.jpg,4,D,4,253,0.7865612648221344,0.7865612648221344,4,D,1.0,1.0,1,D,3,199,199,1.0
D-180_crop_00.jpg,4,D,1,197,0.9390862944162437,0.9390862944162437,4,D,1.0,1.0,1,D,1,185,185,1.0
D-180_crop_00.jpg,4,D,2,81,0.0,0.0,0,bg,0.0,0.0,0,,0,0,0,0.0
D-180_crop_00.jpg,4,D,3,317,0.8138801261829653,0.8138801261829653,4,D,1.0,1.0,1,D,2,258,258,1.0
D-180_crop_00.jpg,4,D,4,253,0.9802371541501976,0.9802371541501976,4,D,1.0,1.0,1,D,3,248,271,0.915129151291513
D-180_crop_01.jpg,4,D,1,81,0.0,0.0,0,bg,0.0,0.0,0,,0,0,0,0.0
D-180_crop_01.jpg,4,D,2,81,0.0,0.0,0,bg,0.0,0.0,0,,0,0,0,0.0
D-183_crop_01.jpg,4,D,1,149,0.9664429530201343,0.9664429530201343,4,D,1.0,1.0,1,D,1,144,145,0.993103448275862
D-183_crop_01.jpg,4,D,2,113,1.0,1.0,4,D,1.0,1.0,1,D,2,113,124,0.9112903225806451
D-183_crop_01.jpg,4,D,3,377,0.8726790450928382,0.8726790450928382,4,D,1.0,1.0,1,D,4,329,329,1.0
D-183_crop_01.jpg,4,D,4,81,0.5802469135802469,0.5802469135802469,4,D,1.0,1.0,1,D,5,47,47,1.0
D-183_crop_02.jpg,4,D,1,529,0.7353497164461248,0.7353497164461248,4,D,1.0,1.0,1,D,1,389,389,1.0
D-183_crop_02.jpg,4,D,2,81,0.0,0.0,0,bg,0.0,0.0,0,,0,0,0,0.0
D-183_crop_02.jpg,4,D,3,197,0.8121827411167513,0.8121827411167513,4,D,1.0,1.0,1,D,2,160,170,0.9411764705882353
D-183_crop_02.jpg,4,D,4,797,0.9485570890840652,0.9485570890840652,4,D,1.0,1.0,1,D,3,756,772,0.9792746113989638
D-186_crop_00.jpg,4,D,1,113,0.9203539823008849,0.9203539823008849,4,D,1.0,1.0,1,D,1,104,119,0.8739495798319328
D-186_crop_00.jpg,4,D,2,613,0.9853181076672104,0.9853181076672104,4,D,1.0,1.0,1,D,2,604,665,0.9082706766917293
D-186_crop_00.jpg,4,D,3,2121,0.9660537482319661,0.9660537482319661,4,D,1.0,1.0,1,D,3,2049,2074,0.9879459980713597
D-186_crop_00.jpg,4,D,4,81,0.8395061728395061,0.8395061728395061,4,D,1.0,1.0,1,D,4,68,68,1.0
D-186_crop_00.jpg,4,D,5,317,0.8958990536277602,0.8958990536277602,4,D,1.0,1.0,1,D,5,284,297,0.9562289562289562
D-187_crop_00.jpg,4,D,1,1517,0.6835860250494397,0.22017139090309823,2,B,0.6779170684667309,0.32208293153326906,2,B|D,2,1036,1471,0.7042828008157715
D-187_crop_00.jpg,4,D,2,113,0.0,0.0,0,bg,0.0,0.0,0,,0,0,0,0.0
D-187_crop_00.jpg,4,D,3,81,0.9259259259259259,0.9259259259259259,4,D,1.0,1.0,1,D,4,75,78,0.9615384615384616
D-187_crop_00.jpg,4,D,4,113,0.0,0.0,0,bg,0.0,0.0,0,,0,0,0,0.0
D-187_crop_00.jpg,4,D,5,253,0.0,0.0,0,bg,0.0,0.0,0,,0,0,0,0.0
D0624-11_crop_01.jpg,4,D,1,49,0.0,0.0,0,bg,0.0,0.0,0,,0,0,0,0.0
D0624-13_crop_00.jpg,4,D,1,113,0.9557522123893806,0.9557522123893806,4,D,1.0,1.0,1,D,1,108,116,0.9310344827586207
D0624-13_crop_00.jpg,4,D,2,113,0.9646017699115044,0.9646017699115044,4,D,1.0,1.0,1,D,2,109,111,0.9819819819819819
D0624-13_crop_00.jpg,4,D,3,49,0.9387755102040817,0.9387755102040817,4,D,1.0,1.0,1,D,3,46,51,0.9019607843137255
D0624-13_crop_00.jpg,4,D,4,149,0.9060402684563759,0.9060402684563759,4,D,1.0,1.0,1,D,4,135,141,0.9574468085106383
D0624-13_crop_00.jpg,4,D,5,49,0.8979591836734694,0.8979591836734694,4,D,1.0,1.0,1,D,5,44,48,0.9166666666666666
D0624-16_crop_02.jpg,4,D,1,81,0.7654320987654321,0.7654320987654321,4,D,1.0,1.0,1,D,1,62,62,1.0
D0624-21_crop_00.jpg,4,D,1,113,0.9557522123893806,0.9557522123893806,4,D,1.0,1.0,1,D,1,108,125,0.864
D0624-21_crop_00.jpg,4,D,2,81,0.9753086419753086,0.9753086419753086,4,D,1.0,1.0,1,D,2,79,88,0.8977272727272727
D0624-21_crop_00.jpg,4,D,3,197,0.868020304568528,0.868020304568528,4,D,1.0,1.0,1,D,3,171,171,1.0
D0624-21_crop_00.jpg,4,D,4,113,1.0,1.0,4,D,1.0,1.0,1,D,6,113,162,0.6975308641975309
D0624-21_crop_02.jpg,4,D,1,49,1.0,1.0,4,D,1.0,1.0,1,D,1,49,74,0.6621621621621622
D0624-22_crop_00.jpg,4,D,1,49,1.0,1.0,4,D,1.0,1.0,1,D,1,49,74,0.6621621621621622
D0624-22_crop_00.jpg,4,D,2,81,0.7654320987654321,0.7654320987654321,4,D,1.0,1.0,1,D,2,62,71,0.8732394366197183
D0624-22_crop_00.jpg,4,D,3,113,0.9557522123893806,0.9557522123893806,4,D,1.0,1.0,1,D,3,108,116,0.9310344827586207
D0624-22_crop_00.jpg,4,D,4,81,0.9012345679012346,0.9012345679012346,4,D,1.0,1.0,1,D,4,73,85,0.8588235294117647
D0624-22_crop_00.jpg,4,D,5,149,0.8657718120805369,0.8657718120805369,4,D,1.0,1.0,1,D,5,129,129,1.0
D0624-22_crop_02.jpg,4,D,1,113,1.0,1.0,4,D,1.0,1.0,1,D,1,113,151,0.7483443708609272
D0624-23_crop_02.jpg,4,D,1,49,0.04081632653061224,0.04081632653061224,4,D,1.0,1.0,1,D,1,1,1,1.0
D0624-24_crop_00.jpg,4,D,1,49,0.9795918367346939,0.9795918367346939,4,D,1.0,1.0,1,D,1,48,56,0.8571428571428571
D0624-24_crop_00.jpg,4,D,2,81,0.9876543209876543,0.9876543209876543,4,D,1.0,1.0,1,D,2,80,91,0.8791208791208791
D0624-24_crop_00.jpg,4,D,3,286,0.9230769230769231,0.9230769230769231,4,D,1.0,1.0,1,D,5,264,287,0.9198606271777003
D0624-24_crop_00.jpg,4,D,4,81,0.8888888888888888,0.8888888888888888,4,D,1.0,1.0,1,D,6,72,81,0.8888888888888888
D0624-25_crop_00.jpg,4,D,1,81,1.0,1.0,4,D,1.0,1.0,1,D,1,81,96,0.84375
D0624-25_crop_00.jpg,4,D,2,81,1.0,1.0,4,D,1.0,1.0,1,D,2,81,110,0.7363636363636363
D0624-25_crop_00.jpg,4,D,3,81,0.9135802469135802,0.9135802469135802,4,D,1.0,1.0,1,D,3,74,79,0.9367088607594937
D0624-26_crop_02.jpg,4,D,1,49,1.0,1.0,4,D,1.0,1.0,1,D,1,49,73,0.6712328767123288
D0624-27_crop_02.jpg,4,D,1,81,0.9259259259259259,0.9259259259259259,4,D,1.0,1.0,1,D,2,75,82,0.9146341463414634
D0624-27_crop_02.jpg,4,D,2,113,0.8761061946902655,0.8761061946902655,4,D,1.0,1.0,1,D,3,99,142,0.6971830985915493
D0624-30_crop_00.jpg,4,D,1,317,0.8517350157728707,0.8517350157728707,4,D,1.0,1.0,1,D,2,270,282,0.9574468085106383
D0624-30_crop_00.jpg,4,D,2,49,1.0,1.0,4,D,1.0,1.0,1,D,3,49,90,0.5444444444444444
D0624-30_crop_00.jpg,4,D,3,49,0.9795918367346939,0.9795918367346939,4,D,1.0,1.0,1,D,5,48,50,0.96
D0624-30_crop_00.jpg,4,D,4,81,0.8888888888888888,0.8888888888888888,4,D,1.0,1.0,1,D,7,72,75,0.96
D0624-30_crop_00.jpg,4,D,5,81,1.0,1.0,4,D,1.0,1.0,1,D,8,81,124,0.6532258064516129
D0624-30_crop_00.jpg,4,D,6,81,0.9012345679012346,0.9012345679012346,4,D,1.0,1.0,1,D,9,73,82,0.8902439024390244
D0624-30_crop_00.jpg,4,D,7,29,0.0,0.0,0,bg,0.0,0.0,0,,0,0,0,0.0
D0624-30_crop_00.jpg,4,D,8,29,0.0,0.0,0,bg,0.0,0.0,0,,0,0,0,0.0
D0624-30_crop_00.jpg,4,D,9,49,0.9183673469387755,0.9183673469387755,4,D,1.0,1.0,1,D,10,45,61,0.7377049180327869
D0624-30_crop_00.jpg,4,D,10,81,0.9753086419753086,0.9753086419753086,4,D,1.0,1.0,1,D,11,79,85,0.9294117647058824
D0624-30_crop_00.jpg,4,D,11,81,0.7654320987654321,0.7654320987654321,4,D,1.0,1.0,1,D,12,62,64,0.96875
D0624-30_crop_02.jpg,4,D,1,81,0.9259259259259259,0.9259259259259259,4,D,1.0,1.0,1,D,1,75,90,0.8333333333333334
D0624-30_crop_02.jpg,4,D,2,49,1.0,1.0,4,D,1.0,1.0,1,D,2,49,64,0.765625
D0624-30_crop_02.jpg,4,D,3,149,0.8657718120805369,0.8657718120805369,4,D,1.0,1.0,1,D,3,129,140,0.9214285714285714
D0624-34_crop_03.jpg,4,D,1,49,0.8571428571428571,0.8571428571428571,4,D,1.0,1.0,1,D,2,42,42,1.0
D0624-36_crop_01.jpg,4,D,1,197,0.9898477157360406,0.9898477157360406,4,D,1.0,1.0,1,D,1,195,207,0.9420289855072463
D0624-36_crop_01.jpg,4,D,2,49,0.0,0.0,0,bg,0.0,0.0,0,,0,0,0,0.0
D0624-36_crop_01.jpg,4,D,3,49,0.9387755102040817,0.9387755102040817,4,D,1.0,1.0,1,D,2,46,59,0.7796610169491526
D0624-37_crop_01.jpg,4,D,1,149,0.87248322147651,0.87248322147651,4,D,1.0,1.0,1,D,1,130,136,0.9558823529411765
D0624-37_crop_01.jpg,4,D,2,113,0.9292035398230089,0.9292035398230089,4,D,1.0,1.0,1,D,2,105,106,0.9905660377358491
D0624-38_crop_00.jpg,4,D,1,81,1.0,1.0,4,D,1.0,1.0,1,D,1,81,99,0.8181818181818182
D0624-38_crop_00.jpg,4,D,2,81,0.9506172839506173,0.9506172839506173,4,D,1.0,1.0,1,D,2,77,86,0.8953488372093024
D0624-38_crop_00.jpg,4,D,3,81,0.5802469135802469,0.5802469135802469,4,D,1.0,1.0,1,D,4,47,47,1.0
D0624-38_crop_00.jpg,4,D,4,81,0.9382716049382716,0.9382716049382716,4,D,1.0,1.0,1,D,5,76,92,0.8260869565217391
D0624-39_crop_00.jpg,4,D,1,81,0.8641975308641975,0.8641975308641975,4,D,1.0,1.0,1,D,1,70,72,0.9722222222222222
D0624-39_crop_00.jpg,4,D,2,113,0.8584070796460177,0.8584070796460177,4,D,1.0,1.0,1,D,2,97,100,0.97
D0624-39_crop_00.jpg,4,D,3,81,0.8888888888888888,0.8888888888888888,4,D,1.0,1.0,1,D,3,72,72,1.0
D0624-39_crop_00.jpg,4,D,4,49,0.0,0.0,0,bg,0.0,0.0,0,,0,0,0,0.0
D0624-39_crop_00.jpg,4,D,5,81,0.7901234567901234,0.7901234567901234,4,D,1.0,1.0,1,D,4,64,65,0.9846153846153847
D0624-39_crop_00.jpg,4,D,6,49,0.0,0.0,0,bg,0.0,0.0,0,,0,0,0,0.0
D0624-39_crop_00.jpg,4,D,7,49,0.7551020408163265,0.7551020408163265,4,D,1.0,1.0,1,D,5,37,37,1.0
D0624-39_crop_00.jpg,4,D,8,797,0.9686323713927227,0.9686323713927227,4,D,1.0,1.0,1,D,6,772,781,0.9884763124199744
D0624-39_crop_00.jpg,4,D,9,49,0.9795918367346939,0.9795918367346939,4,D,1.0,1.0,1,D,7,48,55,0.8727272727272727
D0624-3_crop_02.jpg,4,D,1,81,0.9753086419753086,0.9753086419753086,4,D,1.0,1.0,1,D,1,79,91,0.8681318681318682
D0624-3_crop_02.jpg,4,D,2,113,0.9557522123893806,0.9557522123893806,4,D,1.0,1.0,1,D,2,108,112,0.9642857142857143
D0624-40_crop_01.jpg,4,D,1,49,0.7551020408163265,0.7551020408163265,4,D,1.0,1.0,1,D,1,37,40,0.925
D0624-40_crop_01.jpg,4,D,2,49,0.9795918367346939,0.9795918367346939,4,D,1.0,1.0,1,D,2,48,62,0.7741935483870968
D0624-40_crop_01.jpg,4,D,3,81,0.7283950617283951,0.7283950617283951,4,D,1.0,1.0,1,D,3,59,59,1.0
D0624-40_crop_01.jpg,4,D,4,49,0.0,0.0,0,bg,0.0,0.0,0,,0,0,0,0.0
D0624-40_crop_01.jpg,4,D,5,113,1.0,1.0,4,D,1.0,1.0,1,D,4,113,130,0.8692307692307693
D0624-42_crop_01.jpg,4,D,1,113,0.9557522123893806,0.9557522123893806,4,D,1.0,1.0,1,D,1,108,121,0.8925619834710744
D0624-42_crop_01.jpg,4,D,2,29,1.0,1.0,4,D,1.0,1.0,1,D,2,29,43,0.6744186046511628
D0624-42_crop_01.jpg,4,D,3,49,0.0,0.0,0,bg,0.0,0.0,0,,0,0,0,0.0
D0624-48_crop_00.jpg,4,D,1,81,0.8148148148148148,0.8148148148148148,4,D,1.0,1.0,1,D,1,66,70,0.9428571428571428
D0624-48_crop_00.jpg,4,D,2,113,0.9911504424778761,0.9911504424778761,4,D,1.0,1.0,1,D,2,112,129,0.8682170542635659
D0624-48_crop_00.jpg,4,D,3,113,1.0,1.0,4,D,1.0,1.0,1,D,3,113,136,0.8308823529411765
D0624-48_crop_00.jpg,4,D,4,81,0.9629629629629629,0.9629629629629629,4,D,1.0,1.0,1,D,4,78,83,0.9397590361445783
D0624-48_crop_00.jpg,4,D,5,112,0.8303571428571429,0.8303571428571429,4,D,1.0,1.0,1,D,5,93,101,0.9207920792079208
D0624-48_crop_00.jpg,4,D,6,49,1.0,1.0,4,D,1.0,1.0,1,D,6,49,68,0.7205882352941176
D0624-48_crop_00.jpg,4,D,7,49,0.9795918367346939,0.9795918367346939,4,D,1.0,1.0,1,D,7,48,58,0.8275862068965517
D0624-48_crop_00.jpg,4,D,8,81,1.0,1.0,4,D,1.0,1.0,1,D,8,81,105,0.7714285714285715
D0624-4_crop_01.jpg,4,D,1,149,0.8993288590604027,0.8993288590604027,4,D,1.0,1.0,1,D,1,134,134,1.0
D0624-4_crop_02.jpg,4,D,1,113,1.0,1.0,4,D,1.0,1.0,1,D,2,113,132,0.8560606060606061
D0624-50_crop_00.jpg,4,D,1,49,0.8571428571428571,0.8571428571428571,4,D,1.0,1.0,1,D,1,42,45,0.9333333333333333
D0624-50_crop_00.jpg,4,D,2,49,1.0,1.0,4,D,1.0,1.0,1,D,2,49,75,0.6533333333333333
D0624-50_crop_00.jpg,4,D,3,149,0.9731543624161074,0.9731543624161074,4,D,1.0,1.0,1,D,3,145,174,0.8333333333333334
D0624-50_crop_00.jpg,4,D,4,81,0.9629629629629629,0.9629629629629629,4,D,1.0,1.0,1,D,4,78,91,0.8571428571428571
D0624-50_crop_00.jpg,4,D,5,81,0.7037037037037037,0.7037037037037037,4,D,1.0,1.0,1,D,5,57,57,1.0
D0624-52_crop_00.jpg,4,D,1,113,0.6814159292035398,0.6814159292035398,4,D,1.0,1.0,1,D,1,77,77,1.0
D0624-52_crop_00.jpg,4,D,2,81,0.8641975308641975,0.8641975308641975,4,D,1.0,1.0,1,D,2,70,84,0.8333333333333334
D0624-52_crop_00.jpg,4,D,3,81,0.8765432098765432,0.8765432098765432,4,D,1.0,1.0,1,D,3,71,72,0.9861111111111112
D0624-52_crop_00.jpg,4,D,4,197,0.9593908629441624,0.9593908629441624,4,D,1.0,1.0,1,D,4,189,196,0.9642857142857143
D0624-52_crop_00.jpg,4,D,5,81,0.8765432098765432,0.8765432098765432,4,D,1.0,1.0,1,D,5,71,72,0.9861111111111112
D0624-52_crop_00.jpg,4,D,6,113,1.0,1.0,4,D,1.0,1.0,1,D,6,113,165,0.6848484848484848
D0624-54_crop_00.jpg,4,D,1,49,0.5306122448979592,0.5306122448979592,4,D,1.0,1.0,1,D,1,26,26,1.0
D0624-54_crop_00.jpg,4,D,2,81,0.9259259259259259,0.9259259259259259,4,D,1.0,1.0,1,D,4,75,79,0.9493670886075949
D0624-54_crop_00.jpg,4,D,3,81,0.6049382716049383,0.6049382716049383,4,D,1.0,1.0,1,D,5,49,49,1.0
D0624-54_crop_00.jpg,4,D,4,81,0.654320987654321,0.654320987654321,4,D,1.0,1.0,1,D,6,53,53,1.0
D0624-54_crop_00.jpg,4,D,5,49,1.0,1.0,4,D,1.0,1.0,1,D,7,49,82,0.5975609756097561
D0624-54_crop_00.jpg,4,D,6,196,0.9795918367346939,0.9795918367346939,4,D,1.0,1.0,1,D,9,192,204,0.9411764705882353
D0624-58_crop_01.jpg,4,D,1,149,0.825503355704698,0.825503355704698,4,D,1.0,1.0,1,D,1,123,131,0.9389312977099237
D0624-58_crop_01.jpg,4,D,2,113,0.9646017699115044,0.9646017699115044,4,D,1.0,1.0,1,D,2,109,118,0.923728813559322
D0624-58_crop_01.jpg,4,D,3,81,0.9876543209876543,0.9876543209876543,4,D,1.0,1.0,1,D,3,80,94,0.851063829787234
D0624-60_crop_01.jpg,4,D,1,49,0.0,0.0,0,bg,0.0,0.0,0,,0,0,0,0.0
D0624-60_crop_01.jpg,4,D,2,81,0.9753086419753086,0.9753086419753086,4,D,1.0,1.0,1,D,1,79,88,0.8977272727272727
D0624-60_crop_01.jpg,4,D,3,49,0.6938775510204082,0.6938775510204082,4,D,1.0,1.0,1,D,2,34,34,1.0
D0624-60_crop_01.jpg,4,D,4,81,0.48148148148148145,0.48148148148148145,4,D,1.0,1.0,1,D,3,39,39,1.0
D0624-60_crop_01.jpg,4,D,5,81,0.8271604938271605,0.8271604938271605,4,D,1.0,1.0,1,D,4,67,68,0.9852941176470589
D0624-60_crop_01.jpg,4,D,6,81,0.8148148148148148,0.8148148148148148,4,D,1.0,1.0,1,D,5,66,91,0.7252747252747253
D0624-60_crop_02.jpg,4,D,1,81,0.7777777777777778,0.7777777777777778,4,D,1.0,1.0,1,D,1,63,63,1.0
D0624-60_crop_02.jpg,4,D,2,113,0.9557522123893806,0.9557522123893806,4,D,1.0,1.0,1,D,2,108,129,0.8372093023255814
D0624-60_crop_02.jpg,4,D,3,49,0.2653061224489796,0.2653061224489796,4,D,1.0,1.0,1,D,3,13,13,1.0
D0624-65_crop_00.jpg,4,D,1,81,0.9753086419753086,0.9753086419753086,4,D,1.0,1.0,1,D,1,79,88,0.8977272727272727
D0624-65_crop_00.jpg,4,D,2,253,0.9565217391304348,0.9565217391304348,4,D,1.0,1.0,1,D,2,242,249,0.9718875502008032
D0624-65_crop_00.jpg,4,D,3,113,0.8938053097345132,0.8938053097345132,4,D,1.0,1.0,1,D,3,101,101,1.0
D0624-67_crop_00.jpg,4,D,1,113,0.9734513274336283,0.9734513274336283,4,D,1.0,1.0,1,D,1,110,118,0.9322033898305084
D0624-67_crop_00.jpg,4,D,2,113,0.9380530973451328,0.9380530973451328,4,D,1.0,1.0,1,D,2,106,118,0.8983050847457628
D0624-67_crop_00.jpg,4,D,3,149,0.8926174496644296,0.8926174496644296,4,D,1.0,1.0,1,D,3,133,133,1.0
D0624-67_crop_00.jpg,4,D,4,149,0.8187919463087249,0.8187919463087249,4,D,1.0,1.0,1,D,6,122,122,1.0
D0624-67_crop_00.jpg,4,D,5,113,0.8672566371681416,0.8672566371681416,4,D,1.0,1.0,1,D,7,98,107,0.9158878504672897
D0624-67_crop_00.jpg,4,D,6,49,0.7959183673469388,0.7959183673469388,4,D,1.0,1.0,1,D,8,39,39,1.0
D0624-69_crop_01.jpg,4,D,1,81,0.8395061728395061,0.8395061728395061,4,D,1.0,1.0,1,D,1,68,70,0.9714285714285714
D0624-69_crop_01.jpg,4,D,2,81,0.0,0.0,0,bg,0.0,0.0,0,,0,0,0,0.0
D0624-69_crop_01.jpg,4,D,3,81,0.08641975308641975,0.08641975308641975,4,D,1.0,1.0,1,D,2,7,7,1.0
D0624-70_crop_02.jpg,4,D,1,49,0.46938775510204084,0.46938775510204084,4,D,1.0,1.0,1,D,2,23,23,1.0
D0624-70_crop_02.jpg,4,D,2,80,0.9375,0.9375,4,D,1.0,1.0,1,D,3,75,76,0.9868421052631579
D0624-70_crop_02.jpg,4,D,3,49,1.0,1.0,4,D,1.0,1.0,1,D,4,49,66,0.7424242424242424
D0624-73_crop_02.jpg,4,D,1,49,0.9183673469387755,0.9183673469387755,4,D,1.0,1.0,1,D,1,45,56,0.8035714285714286
D0624-73_crop_02.jpg,4,D,2,49,0.0,0.0,0,bg,0.0,0.0,0,,0,0,0,0.0
D0624-74_crop_01.jpg,4,D,1,253,0.8814229249011858,0.8814229249011858,4,D,1.0,1.0,1,D,1,223,230,0.9695652173913043
D0624-74_crop_01.jpg,4,D,2,49,0.8775510204081632,0.8775510204081632,4,D,1.0,1.0,1,D,2,43,51,0.8431372549019608
D0624-76_crop_00.jpg,4,D,1,81,0.9382716049382716,0.9382716049382716,4,D,1.0,1.0,1,D,1,76,82,0.926829268292683
D0624-76_crop_00.jpg,4,D,2,113,0.9911504424778761,0.9911504424778761,4,D,1.0,1.0,1,D,2,112,130,0.8615384615384616
D0624-76_crop_00.jpg,4,D,3,49,0.9795918367346939,0.9795918367346939,4,D,1.0,1.0,1,D,3,48,66,0.7272727272727273
D0624-76_crop_00.jpg,4,D,4,49,0.9795918367346939,0.9795918367346939,4,D,1.0,1.0,1,D,4,48,63,0.7619047619047619
D0624-76_crop_00.jpg,4,D,5,49,0.0,0.0,0,bg,0.0,0.0,0,,0,0,0,0.0
D0624-76_crop_00.jpg,4,D,6,81,0.9876543209876543,0.9876543209876543,4,D,1.0,1.0,1,D,5,80,87,0.9195402298850575
D0624-76_crop_00.jpg,4,D,7,113,0.7256637168141593,0.7256637168141593,4,D,1.0,1.0,1,D,6,82,82,1.0
D0624-76_crop_00.jpg,4,D,8,49,0.9183673469387755,0.9183673469387755,4,D,1.0,1.0,1,D,7,45,59,0.7627118644067796
D0624-76_crop_00.jpg,4,D,9,113,0.7787610619469026,0.7787610619469026,4,D,1.0,1.0,1,D,8,88,88,1.0
D0624-76_crop_00.jpg,4,D,10,81,0.8888888888888888,0.8888888888888888,4,D,1.0,1.0,1,D,9,72,79,0.9113924050632911
D0624-76_crop_00.jpg,4,D,11,149,1.0,1.0,4,D,1.0,1.0,1,D,11,149,171,0.8713450292397661
D0624-76_crop_00.jpg,4,D,12,113,0.911504424778761,0.911504424778761,4,D,1.0,1.0,1,D,12,103,104,0.9903846153846154
D0624-77_crop_01.jpg,4,D,1,253,0.782608695652174,0.782608695652174,4,D,1.0,1.0,1,D,2,198,198,1.0
D0624-77_crop_01.jpg,4,D,2,81,0.9629629629629629,0.9629629629629629,4,D,1.0,1.0,1,D,3,78,91,0.8571428571428571
D0624-81_crop_01.jpg,4,D,1,81,0.9753086419753086,0.9753086419753086,4,D,1.0,1.0,1,D,1,79,85,0.9294117647058824
D0624-81_crop_01.jpg,4,D,2,81,0.8395061728395061,0.8395061728395061,4,D,1.0,1.0,1,D,2,68,68,1.0
D0624-81_crop_01.jpg,4,D,3,81,0.9876543209876543,0.9876543209876543,4,D,1.0,1.0,1,D,3,80,87,0.9195402298850575
D0624-83_crop_02.jpg,4,D,1,81,0.9629629629629629,0.9629629629629629,4,D,1.0,1.0,1,D,1,78,133,0.5864661654135338
D0624-84_crop_00.jpg,4,D,1,81,0.8395061728395061,0.8395061728395061,4,D,1.0,1.0,1,D,1,68,72,0.9444444444444444
D0624-84_crop_00.jpg,4,D,2,113,0.911504424778761,0.911504424778761,4,D,1.0,1.0,1,D,2,103,109,0.944954128440367
D0624-84_crop_00.jpg,4,D,3,49,0.0,0.0,0,bg,0.0,0.0,0,,0,0,0,0.0
D0624-84_crop_00.jpg,4,D,4,49,0.8775510204081632,0.8775510204081632,4,D,1.0,1.0,1,D,3,43,44,0.9772727272727273
D0624-84_crop_00.jpg,4,D,5,253,0.9367588932806324,0.9367588932806324,4,D,1.0,1.0,1,D,4,237,240,0.9875
D0624-87_crop_00.jpg,4,D,1,81,0.9876543209876543,0.9876543209876543,4,D,1.0,1.0,1,D,1,80,93,0.8602150537634409
D0624-87_crop_00.jpg,4,D,2,49,1.0,1.0,4,D,1.0,1.0,1,D,2,49,67,0.7313432835820896
D0624-87_crop_00.jpg,4,D,3,197,0.9137055837563451,0.9137055837563451,4,D,1.0,1.0,1,D,3,180,195,0.9230769230769231
D0624-87_crop_00.jpg,4,D,4,49,0.9183673469387755,0.9183673469387755,4,D,1.0,1.0,1,D,4,45,60,0.75
D0624-89_crop_02.jpg,4,D,1,81,0.9629629629629629,0.9629629629629629,4,D,1.0,1.0,1,D,1,78,82,0.9512195121951219
D0624-90_crop_01.jpg,4,D,1,149,0.9463087248322147,0.9463087248322147,4,D,1.0,1.0,1,D,1,141,150,0.94
D0624-90_crop_01.jpg,4,D,2,152,0.9802631578947368,0.9802631578947368,4,D,1.0,1.0,1,D,2,149,163,0.9141104294478528
D0624-92_crop_00.jpg,4,D,1,81,0.7777777777777778,0.7777777777777778,4,D,1.0,1.0,1,D,1,63,63,1.0
D0624-92_crop_00.jpg,4,D,2,49,0.8775510204081632,0.8775510204081632,4,D,1.0,1.0,1,D,2,43,47,0.9148936170212766
D0624-92_crop_00.jpg,4,D,3,81,0.8395061728395061,0.8395061728395061,4,D,1.0,1.0,1,D,3,68,68,1.0
D0624-92_crop_00.jpg,4,D,4,197,0.9137055837563451,0.9137055837563451,4,D,1.0,1.0,1,D,4,180,183,0.9836065573770492
D0624-92_crop_00.jpg,4,D,5,49,1.0,1.0,4,D,1.0,1.0,1,D,5,49,70,0.7
D0624-92_crop_00.jpg,4,D,6,113,0.9380530973451328,0.9380530973451328,4,D,1.0,1.0,1,D,6,106,108,0.9814814814814815
D0624-92_crop_00.jpg,4,D,7,113,0.9557522123893806,0.9557522123893806,4,D,1.0,1.0,1,D,7,108,116,0.9310344827586207
D0624-92_crop_00.jpg,4,D,8,49,0.0,0.0,0,bg,0.0,0.0,0,,0,0,0,0.0
D0624-93_crop_02.jpg,4,D,1,81,1.0,1.0,4,D,1.0,1.0,1,D,1,81,111,0.7297297297297297
HH-2-2_crop_00.jpg,1,A,1,222,0.7297297297297297,0.7297297297297297,1,A,1.0,1.0,1,A,1,162,171,0.9473684210526315
HH-2-2_crop_00.jpg,1,A,2,366,0.9207650273224044,0.9207650273224044,1,A,1.0,1.0,1,A,2,337,384,0.8776041666666666
HH-2-2_crop_00.jpg,1,A,3,90,0.6222222222222222,0.6222222222222222,1,A,1.0,1.0,1,A,3,56,58,0.9655172413793104
HH-2-5_crop_00.jpg,1,A,1,101,0.0,0.0,0,bg,0.0,0.0,0,,0,0,0,0.0
HH-4-3_crop_01.jpg,1,A,1,795,0.43018867924528303,0.43018867924528303,1,A,1.0,1.0,1,A,1,342,378,0.9047619047619048
HH-4-5_crop_01.jpg,1,A,1,139,0.841726618705036,0.841726618705036,1,A,1.0,1.0,1,A,1,117,144,0.8125
HH-4-5_crop_01.jpg,1,A,2,458,0.3406113537117904,0.3406113537117904,1,A,1.0,1.0,1,A,4,117,118,0.9915254237288136
HH-4-5_crop_01.jpg,1,A,3,782,0.8554987212276215,0.8554987212276215,1,A,1.0,1.0,1,A,6,669,731,0.9151846785225718
HH-4-5_crop_01.jpg,1,A,4,279,0.8817204301075269,0.8817204301075269,1,A,1.0,1.0,1,A,7,246,274,0.8978102189781022
HH-4-5_crop_01.jpg,3,C,1,785,0.0,0.0,0,bg,0.0,0.0,0,,0,0,0,0.0
HH-4-7_crop_00.jpg,1,A,1,112,0.0,0.0,0,bg,0.0,0.0,0,,0,0,0,0.0
HH-4-7_crop_00.jpg,1,A,2,332,0.6897590361445783,0.6897590361445783,1,A,1.0,1.0,1,A,1,229,285,0.8035087719298246
HH-4-7_crop_00.jpg,1,A,3,230,0.8608695652173913,0.8608695652173913,1,A,1.0,1.0,1,A,2,198,226,0.8761061946902655
HH-4-7_crop_00.jpg,1,A,4,89,0.0,0.0,0,bg,0.0,0.0,0,,0,0,0,0.0
HH-4-7_crop_00.jpg,1,A,5,111,0.0,0.0,0,bg,0.0,0.0,0,,0,0,0,0.0
HH-4-7_crop_00.jpg,1,A,6,129,0.0,0.0,0,bg,0.0,0.0,0,,0,0,0,0.0
HH-4-8_crop_02.jpg,1,A,1,269,0.9256505576208178,0.9256505576208178,1,A,1.0,1.0,1,A,1,249,296,0.8412162162162162
HH-5-11_crop_01.jpg,1,A,1,141,0.0,0.0,0,bg,0.0,0.0,0,,0,0,0,0.0
HH-5-11_crop_01.jpg,1,A,2,143,0.8111888111888111,0.8111888111888111,1,A,1.0,1.0,1,A,1,116,137,0.8467153284671532
HH-5-6_crop_02.jpg,1,A,1,388,0.6855670103092784,0.6855670103092784,1,A,1.0,1.0,1,A,1,266,272,0.9779411764705882
HH-5-9_crop_00.jpg,1,A,1,648,0.7885802469135802,0.7885802469135802,1,A,1.0,1.0,1,A,1,511,995,0.5135678391959799
HH-5-9_crop_00.jpg,1,A,2,322,0.8322981366459627,0.8322981366459627,1,A,1.0,1.0,1,A,1,268,995,0.2693467336683417
HH-5-9_crop_00.jpg,1,A,3,333,0.34534534534534533,0.34534534534534533,1,A,1.0,1.0,1,A,4,73,75,0.9733333333333334
HH-5-9_crop_00.jpg,1,A,4,498,0.8694779116465864,0.8694779116465864,1,A,1.0,1.0,1,A,5,433,507,0.854043392504931
JZW_HQL_0520-10_crop_01.jpg,1,A,1,3507,0.7439406900484745,0.7439406900484745,1,A,1.0,1.0,1,A,4,2609,2715,0.9609576427255986
JZW_HQL_0520-10_crop_01.jpg,4,D,1,73,0.0,0.0,0,bg,0.0,0.0,0,,0,0,0,0.0
JZW_HQL_0520-10_crop_01.jpg,4,D,2,91,0.0,0.0,0,bg,0.0,0.0,0,,0,0,0,0.0
JZW_HQL_0520-10_crop_01.jpg,4,D,3,51,0.6078431372549019,0.6078431372549019,4,D,1.0,1.0,1,D,2,31,31,1.0
JZW_HQL_0520-10_crop_01.jpg,4,D,4,58,0.7241379310344828,0.7241379310344828,4,D,1.0,1.0,1,D,6,42,42,1.0
JZW_HQL_0520-10_crop_01.jpg,4,D,5,84,0.9166666666666666,0.9166666666666666,4,D,1.0,1.0,1,D,7,77,79,0.9746835443037974
JZW_HQL_0520-10_crop_01.jpg,4,D,6,62,0.0,0.0,0,bg,0.0,0.0,0,,0,0,0,0.0
JZW_HQL_0520-11_crop_02.jpg,4,D,1,118,0.8389830508474576,0.8389830508474576,4,D,1.0,1.0,1,D,2,99,99,1.0
JZW_HQL_0520-11_crop_02.jpg,4,D,2,83,0.0,0.0,0,bg,0.0,0.0,0,,0,0,0,0.0
JZW_HQL_0520-11_crop_02.jpg,4,D,3,52,1.0,1.0,4,D,1.0,1.0,1,D,4,52,58,0.896551724137931
JZW_HQL_0520-11_crop_02.jpg,4,D,4,92,0.0,0.0,0,bg,0.0,0.0,0,,0,0,0,0.0
JZW_HQL_0520-14_crop_02.jpg,4,D,1,70,0.9,0.9,4,D,1.0,1.0,1,D,2,63,67,0.9402985074626866
JZW_HQL_0520-23_crop_01.jpg,4,D,1,56,0.0,0.0,0,bg,0.0,0.0,0,,0,0,0,0.0
JZW_HQL_0520-23_crop_01.jpg,4,D,2,66,0.9545454545454546,0.9545454545454546,4,D,1.0,1.0,1,D,2,63,70,0.9
JZW_HQL_0520-23_crop_01.jpg,4,D,3,99,0.0,0.0,0,bg,0.0,0.0,0,,0,0,0,0.0
JZW_HQL_0520-23_crop_01.jpg,4,D,4,46,1.0,1.0,4,D,1.0,1.0,1,D,3,46,49,0.9387755102040817
JZW_HQL_0520-23_crop_01.jpg,4,D,5,73,0.9726027397260274,0.9726027397260274,4,D,1.0,1.0,1,D,4,71,75,0.9466666666666667
JZW_HQL_0520-25_crop_00.jpg,4,D,1,38,0.0,0.0,0,bg,0.0,0.0,0,,0,0,0,0.0
JZW_HQL_0520-25_crop_00.jpg,4,D,2,52,0.46153846153846156,0.46153846153846156,4,D,1.0,1.0,1,D,2,24,24,1.0
JZW_HQL_0520-25_crop_00.jpg,4,D,3,51,0.37254901960784315,0.37254901960784315,4,D,1.0,1.0,1,D,3,19,19,1.0
JZW_HQL_0520-25_crop_00.jpg,4,D,4,54,1.0,1.0,4,D,1.0,1.0,1,D,4,54,62,0.8709677419354839
JZW_HQL_0520-25_crop_00.jpg,4,D,5,43,0.0,0.0,0,bg,0.0,0.0,0,,0,0,0,0.0
JZW_HQL_0520-25_crop_00.jpg,4,D,6,55,0.7636363636363637,0.7636363636363637,4,D,1.0,1.0,1,D,5,42,43,0.9767441860465116
JZW_HQL_0520-25_crop_01.jpg,4,D,1,63,0.9206349206349206,0.9206349206349206,4,D,1.0,1.0,1,D,1,58,62,0.9354838709677419
JZW_HQL_0520-25_crop_01.jpg,4,D,2,62,1.0,1.0,4,D,1.0,1.0,1,D,2,62,69,0.8985507246376812
JZW_HQL_0520-25_crop_01.jpg,4,D,3,51,0.0,0.0,0,bg,0.0,0.0,0,,0,0,0,0.0
JZW_HQL_0520-25_crop_01.jpg,4,D,4,46,0.9565217391304348,0.9565217391304348,4,D,1.0,1.0,1,D,3,44,50,0.88
JZW_HQL_0520-25_crop_01.jpg,4,D,5,311,0.0,0.0,0,bg,0.0,0.0,0,,0,0,0,0.0
JZW_HQL_0520-26_crop_02.jpg,3,C,1,6098,0.9337487700885536,0.0,2,B,1.0,0.0,1,B,1,5694,6221,0.9152869313615174
JZW_HQL_0520-26_crop_02.jpg,4,D,1,132,0.7045454545454546,0.7045454545454546,4,D,1.0,1.0,1,D,2,93,93,1.0
JZW_HQL_0520-26_crop_02.jpg,4,D,2,87,0.25287356321839083,0.25287356321839083,4,D,1.0,1.0,1,D,3,22,22,1.0
JZW_HQL_0520-26_crop_02.jpg,4,D,3,53,0.39622641509433965,0.39622641509433965,4,D,1.0,1.0,1,D,4,21,21,1.0
JZW_HQL_0520-26_crop_02.jpg,4,D,4,41,0.0,0.0,0,bg,0.0,0.0,0,,0,0,0,0.0
JZW_HQL_0520-26_crop_02.jpg,4,D,5,54,1.0,1.0,4,D,1.0,1.0,1,D,5,54,70,0.7714285714285715
JZW_HQL_0520-27_crop_03.jpg,4,D,1,53,0.0,0.0,0,bg,0.0,0.0,0,,0,0,0,0.0
JZW_HQL_0520-27_crop_03.jpg,4,D,2,53,0.9433962264150944,0.9433962264150944,4,D,1.0,1.0,1,D,1,50,62,0.8064516129032258
JZW_HQL_0520-27_crop_03.jpg,4,D,3,73,0.6027397260273972,0.6027397260273972,4,D,1.0,1.0,1,D,2,44,46,0.9565217391304348
JZW_HQL_0520-28_crop_00.jpg,1,A,1,566,0.773851590106007,0.773851590106007,1,A,1.0,1.0,1,A,1,438,694,0.6311239193083573
JZW_HQL_0520-28_crop_00.jpg,1,A,2,735,0.41496598639455784,0.41496598639455784,1,A,1.0,1.0,1,A,8,305,324,0.941358024691358
JZW_HQL_0520-28_crop_00.jpg,4,D,1,86,0.0,0.0,0,bg,0.0,0.0,0,,0,0,0,0.0
JZW_HQL_0520-28_crop_00.jpg,4,D,2,65,0.8923076923076924,0.8923076923076924,4,D,1.0,1.0,1,D,3,58,62,0.9354838709677419
JZW_HQL_0520-28_crop_00.jpg,4,D,3,48,0.0,0.0,0,bg,0.0,0.0,0,,0,0,0,0.0
JZW_HQL_0520-28_crop_00.jpg,4,D,4,83,0.6024096385542169,0.6024096385542169,4,D,1.0,1.0,1,D,4,50,50,1.0
JZW_HQL_0520-28_crop_00.jpg,4,D,5,78,0.8974358974358975,0.8974358974358975,4,D,1.0,1.0,1,D,6,70,71,0.9859154929577465
JZW_HQL_0520-28_crop_00.jpg,4,D,6,110,0.6454545454545455,0.6454545454545455,4,D,1.0,1.0,1,D,7,71,71,1.0
JZW_HQL_0520-28_crop_00.jpg,4,D,7,88,0.9659090909090909,0.9659090909090909,4,D,1.0,1.0,1,D,9,85,87,0.9770114942528736
JZW_HQL_0520-28_crop_00.jpg,4,D,8,234,0.0,0.0,0,bg,0.0,0.0,0,,0,0,0,0.0
JZW_HQL_0520-29_crop_01.jpg,4,D,1,55,0.5818181818181818,0.5818181818181818,4,D,1.0,1.0,1,D,1,32,32,1.0
JZW_HQL_0520-29_crop_01.jpg,4,D,2,55,0.0,0.0,0,bg,0.0,0.0,0,,0,0,0,0.0
JZW_HQL_0520-29_crop_01.jpg,4,D,3,53,0.0,0.0,0,bg,0.0,0.0,0,,0,0,0,0.0
JZW_HQL_0520-29_crop_01.jpg,4,D,4,81,0.9012345679012346,0.9012345679012346,4,D,1.0,1.0,1,D,3,73,73,1.0
JZW_HQL_0520-29_crop_01.jpg,4,D,5,50,0.88,0.88,4,D,1.0,1.0,1,D,4,44,46,0.9565217391304348
JZW_HQL_0520-29_crop_01.jpg,4,D,6,57,0.8596491228070176,0.8596491228070176,4,D,1.0,1.0,1,D,5,49,53,0.9245283018867925
JZW_HQL_0520-29_crop_01.jpg,4,D,7,66,0.0,0.0,0,bg,0.0,0.0,0,,0,0,0,0.0
JZW_HQL_0520-29_crop_01.jpg,4,D,8,72,0.9583333333333334,0.9583333333333334,4,D,1.0,1.0,1,D,6,69,78,0.8846153846153846
JZW_HQL_0520-29_crop_01.jpg,4,D,9,71,0.8732394366197183,0.8732394366197183,4,D,1.0,1.0,1,D,7,62,62,1.0
JZW_HQL_0520-29_crop_01.jpg,4,D,10,88,0.9431818181818182,0.9431818181818182,4,D,1.0,1.0,1,D,8,83,85,0.9764705882352941
JZW_HQL_0520-3_crop_02.jpg,4,D,1,55,0.0,0.0,0,bg,0.0,0.0,0,,0,0,0,0.0
JZW_HQL_0520-3_crop_02.jpg,4,D,2,72,0.8888888888888888,0.8888888888888888,4,D,1.0,1.0,1,D,1,64,77,0.8311688311688312
JZW_HQL_0520-3_crop_02.jpg,4,D,3,98,0.826530612244898,0.826530612244898,4,D,1.0,1.0,1,D,4,81,97,0.8350515463917526
JZW_HQL_0520-4_crop_00.jpg,4,D,1,68,0.4411764705882353,0.4411764705882353,4,D,1.0,1.0,1,D,1,30,30,1.0
JZW_HQL_0520-4_crop_00.jpg,4,D,2,65,0.6615384615384615,0.6615384615384615,4,D,1.0,1.0,1,D,2,43,52,0.8269230769230769
JZW_HQL_0520-4_crop_00.jpg,4,D,3,59,0.9152542372881356,0.9152542372881356,4,D,1.0,1.0,1,D,3,54,65,0.8307692307692308
JZW_HQL_0520-4_crop_00.jpg,4,D,4,84,0.9047619047619048,0.9047619047619048,4,D,1.0,1.0,1,D,4,76,82,0.926829268292683
JZW_HQL_0520-4_crop_00.jpg,4,D,5,49,0.8367346938775511,0.8367346938775511,4,D,1.0,1.0,1,D,5,41,47,0.8723404255319149
JZW_HQL_0520-4_crop_00.jpg,4,D,6,53,0.8113207547169812,0.8113207547169812,4,D,1.0,1.0,1,D,6,43,44,0.9772727272727273
JZW_HQL_0520-4_crop_00.jpg,4,D,7,56,1.0,1.0,4,D,1.0,1.0,1,D,7,56,64,0.875
JZW_HQL_0520-4_crop_00.jpg,4,D,8,103,0.8932038834951457,0.8932038834951457,4,D,1.0,1.0,1,D,8,92,92,1.0
JZW_HQL_0520-4_crop_00.jpg,4,D,9,58,0.896551724137931,0.896551724137931,4,D,1.0,1.0,1,D,9,52,55,0.9454545454545454
JZW_HQL_0520-4_crop_00.jpg,4,D,10,53,0.0,0.0,0,bg,0.0,0.0,0,,0,0,0,0.0
JZW_HQL_0520-4_crop_00.jpg,4,D,11,54,0.0,0.0,0,bg,0.0,0.0,0,,0,0,0,0.0
JZW_HQL_0520-6_crop_01.jpg,1,A,1,1760,0.9119318181818182,0.9119318181818182,1,A,1.0,1.0,1,A,1,1605,1709,0.9391456992393212
JZW_HQL_0520-6_crop_01.jpg,4,D,1,53,0.0,0.0,0,bg,0.0,0.0,0,,0,0,0,0.0
JZW_HQL_0520-6_crop_01.jpg,4,D,2,62,0.0,0.0,0,bg,0.0,0.0,0,,0,0,0,0.0
JZW_HQL_0520-6_crop_01.jpg,4,D,3,113,0.0,0.0,0,bg,0.0,0.0,0,,0,0,0,0.0
JZW_HQL_0520-8_crop_02.jpg,4,D,1,91,0.5274725274725275,0.5274725274725275,4,D,1.0,1.0,1,D,2,48,50,0.96
JZW_HQL_0520-8_crop_02.jpg,4,D,2,73,0.8904109589041096,0.8904109589041096,4,D,1.0,1.0,1,D,4,65,67,0.9701492537313433
JZW_HQL_0520-8_crop_02.jpg,4,D,3,57,0.7894736842105263,0.7894736842105263,4,D,1.0,1.0,1,D,5,45,45,1.0
JZW_HQL_0520-8_crop_02.jpg,4,D,4,64,0.859375,0.859375,4,D,1.0,1.0,1,D,6,55,61,0.9016393442622951
JZW_HQL_0520-G912-11_crop_03.jpg,1,A,1,2521,0.26219754065846884,0.26219754065846884,1,A,1.0,1.0,1,A,2,661,788,0.8388324873096447
JZW_HQL_0520-G912-11_crop_03.jpg,4,D,1,113,0.6548672566371682,0.6548672566371682,4,D,1.0,1.0,1,D,1,74,74,1.0
JZW_HQL_0520-G912-11_crop_03.jpg,4,D,2,48,1.0,1.0,4,D,1.0,1.0,1,D,3,48,67,0.7164179104477612
JZW_HQL_0520-G912-11_crop_03.jpg,4,D,3,149,0.0,0.0,0,bg,0.0,0.0,0,,0,0,0,0.0
JZW_HQL_0520-G912-11_crop_03.jpg,4,D,4,54,0.0,0.0,0,bg,0.0,0.0,0,,0,0,0,0.0
JZW_HQL_0520-G912-11_crop_03.jpg,4,D,5,56,0.0,0.0,0,bg,0.0,0.0,0,,0,0,0,0.0
JZW_HQL_0520-G912-2_crop_00.jpg,4,D,1,28,1.0,1.0,4,D,1.0,1.0,1,D,3,28,46,0.6086956521739131
JZW_HQL_0520-G912-2_crop_00.jpg,4,D,2,37,1.0,1.0,4,D,1.0,1.0,1,D,4,37,53,0.6981132075471698
JZW_HQL_0520-G912-3_crop_00.jpg,4,D,1,41,1.0,1.0,4,D,1.0,1.0,1,D,2,41,52,0.7884615384615384
JZW_HQL_0520-G912-3_crop_00.jpg,4,D,2,51,0.0,0.0,0,bg,0.0,0.0,0,,0,0,0,0.0
JZW_HQL_0520-G912-3_crop_00.jpg,4,D,3,77,0.0,0.0,0,bg,0.0,0.0,0,,0,0,0,0.0
JZW_HQL_0520-G912-3_crop_00.jpg,4,D,4,40,1.0,1.0,4,D,1.0,1.0,1,D,5,40,55,0.7272727272727273
JZW_HQL_0520-G912-3_crop_00.jpg,4,D,5,113,0.0,0.0,0,bg,0.0,0.0,0,,0,0,0,0.0
JZW_HQL_0520-G912-3_crop_00.jpg,4,D,6,57,0.0,0.0,0,bg,0.0,0.0,0,,0,0,0,0.0
JZW_HQL_0520-G912-5_crop_02.jpg,1,A,1,1289,0.18076027928626842,0.18076027928626842,1,A,1.0,1.0,1,A,3,155,174,0.8908045977011494
JZW_HQL_0520-G912-5_crop_02.jpg,4,D,1,47,0.06382978723404255,0.06382978723404255,4,D,1.0,1.0,1,D,2,3,3,1.0
JZW_HQL_0520-G912-9_crop_03.jpg,1,A,1,489,1.0,1.0,1,A,1.0,1.0,1,A,2,489,1220,0.40081967213114755
JZW_HQL_0520-G912-9_crop_03.jpg,4,D,1,56,0.0,0.0,0,bg,0.0,0.0,0,,0,0,0,0.0
JZW_HQL_0520_A-12_crop_02.jpg,1,A,1,3231,0.9285051067780873,0.9285051067780873,1,A,1.0,1.0,1,A,1,3000,3633,0.8257638315441783
JZW_HQL_0520_A-12_crop_02.jpg,4,D,1,59,1.0,1.0,4,D,1.0,1.0,1,D,4,59,65,0.9076923076923077
JZW_HQL_0520_A-14_crop_01.jpg,4,D,1,58,0.9655172413793104,0.9655172413793104,4,D,1.0,1.0,1,D,3,56,61,0.9180327868852459
JZW_HQL_0520_A-14_crop_01.jpg,4,D,2,52,0.0,0.0,0,bg,0.0,0.0,0,,0,0,0,0.0
JZW_HQL_0520_A-16_crop_01.jpg,4,D,1,64,0.984375,0.984375,4,D,1.0,1.0,1,D,1,63,70,0.9
JZW_HQL_0520_A-17_crop_02.jpg,1,A,1,331,0.2054380664652568,0.0,3,C,1.0,0.0,1,C,2,68,128,0.53125
JZW_HQL_0520_A-17_crop_02.jpg,4,D,1,49,0.0,0.0,0,bg,0.0,0.0,0,,0,0,0,0.0
JZW_HQL_0520_A-18_crop_01.jpg,1,A,1,747,0.07095046854082998,0.07095046854082998,1,A,1.0,1.0,1,A,1,53,53,1.0
JZW_HQL_0520_A-18_crop_01.jpg,4,D,1,87,0.7011494252873564,0.7011494252873564,4,D,1.0,1.0,1,D,2,61,61,1.0
JZW_HQL_0520_A-26_crop_01.jpg,1,A,1,126,0.8412698412698413,0.8412698412698413,1,A,1.0,1.0,1,A,3,106,183,0.5792349726775956
JZW_HQL_0520_A-26_crop_01.jpg,1,A,2,199,0.9849246231155779,0.9849246231155779,1,A,1.0,1.0,1,A,6,196,1155,0.1696969696969697
JZW_HQL_0520_A-26_crop_01.jpg,4,D,1,80,0.95,0.95,4,D,1.0,1.0,1,D,4,76,92,0.8260869565217391
JZW_HQL_0520_A-26_crop_01.jpg,4,D,2,90,0.9777777777777777,0.9777777777777777,4,D,1.0,1.0,1,D,5,88,98,0.8979591836734694
JZW_HQL_0520_A-26_crop_02.jpg,4,D,1,69,0.7681159420289855,0.7681159420289855,4,D,1.0,1.0,1,D,2,53,54,0.9814814814814815
JZW_HQL_0520_A-29_crop_00.jpg,4,D,1,53,0.9433962264150944,0.9433962264150944,4,D,1.0,1.0,1,D,1,50,54,0.9259259259259259
JZW_HQL_0520_A-29_crop_00.jpg,4,D,2,55,0.45454545454545453,0.45454545454545453,4,D,1.0,1.0,1,D,2,25,25,1.0
JZW_HQL_0520_A-29_crop_00.jpg,4,D,3,529,0.8733459357277883,0.8733459357277883,4,D,1.0,1.0,1,D,3,462,462,1.0
JZW_HQL_0520_A-29_crop_00.jpg,4,D,4,75,0.8933333333333333,0.8933333333333333,4,D,1.0,1.0,1,D,4,67,71,0.9436619718309859
JZW_HQL_0520_A-29_crop_00.jpg,4,D,5,103,0.9320388349514563,0.9320388349514563,4,D,1.0,1.0,1,D,5,96,96,1.0
JZW_HQL_0520_A-29_crop_00.jpg,4,D,6,71,0.7887323943661971,0.7887323943661971,4,D,1.0,1.0,1,D,6,56,64,0.875
JZW_HQL_0520_A-30_crop_00.jpg,1,A,1,1471,0.9496940856560163,0.9496940856560163,1,A,1.0,1.0,1,A,1,1397,1469,0.9509870660313138
JZW_HQL_0520_A-30_crop_00.jpg,4,D,1,48,0.0,0.0,0,bg,0.0,0.0,0,,0,0,0,0.0
JZW_HQL_0520_A-30_crop_00.jpg,4,D,2,88,0.8636363636363636,0.8636363636363636,4,D,1.0,1.0,1,D,2,76,76,1.0
JZW_HQL_0520_A-30_crop_00.jpg,4,D,3,49,0.9795918367346939,0.9795918367346939,4,D,1.0,1.0,1,D,3,48,51,0.9411764705882353
JZW_HQL_0520_A-30_crop_01.jpg,4,D,1,50,1.0,1.0,4,D,1.0,1.0,1,D,1,50,63,0.7936507936507936
JZW_HQL_0520_A-30_crop_01.jpg,4,D,2,62,0.0,0.0,0,bg,0.0,0.0,0,,0,0,0,0.0
JZW_HQL_0520_A-31_crop_01.jpg,1,A,1,1140,1.0,1.0,1,A,1.0,1.0,1,A,2,1140,1671,0.6822262118491921
JZW_HQL_0520_A-32_crop_02.jpg,1,A,1,490,0.9408163265306122,0.9408163265306122,1,A,1.0,1.0,1,A,1,461,525,0.878095238095238
JZW_HQL_0520_A-32_crop_02.jpg,1,A,2,624,1.0,1.0,1,A,1.0,1.0,1,A,2,624,992,0.6290322580645161
JZW_HQL_0520_A-38_crop_00.jpg,1,A,1,1045,0.9540669856459331,0.9540669856459331,1,A,1.0,1.0,1,A,4,997,1181,0.8441998306519899
JZW_HQL_0520_A-38_crop_00.jpg,4,D,1,49,1.0,1.0,4,D,1.0,1.0,1,D,3,49,87,0.5632183908045977
JZW_HQL_0520_A-38_crop_00.jpg,4,D,2,49,1.0,1.0,4,D,1.0,1.0,1,D,5,49,82,0.5975609756097561
JZW_HQL_0520_A-39_crop_01.jpg,1,A,1,330,0.8818181818181818,0.8818181818181818,1,A,1.0,1.0,1,A,2,291,375,0.776
JZW_HQL_0520_A-39_crop_01.jpg,4,D,1,45,0.8222222222222222,0.8222222222222222,4,D,1.0,1.0,1,D,1,37,44,0.8409090909090909
JZW_HQL_0520_A-39_crop_01.jpg,4,D,2,51,0.9607843137254902,0.9607843137254902,4,D,1.0,1.0,1,D,3,49,55,0.8909090909090909
JZW_HQL_0520_A-39_crop_01.jpg,4,D,3,57,1.0,1.0,4,D,1.0,1.0,1,D,4,57,78,0.7307692307692307
JZW_HQL_0520_A-39_crop_01.jpg,4,D,4,54,1.0,1.0,4,D,1.0,1.0,1,D,6,54,73,0.7397260273972602
JZW_HQL_0520_A-39_crop_01.jpg,4,D,5,52,0.8653846153846154,0.8653846153846154,4,D,1.0,1.0,1,D,8,45,53,0.8490566037735849
JZW_HQL_0520_A-3_crop_01.jpg,4,D,1,69,0.3333333333333333,0.0,2,B,1.0,0.0,1,B,2,23,23,1.0
JZW_HQL_0520_A-3_crop_01.jpg,4,D,2,70,0.8428571428571429,0.8428571428571429,4,D,1.0,1.0,1,D,4,59,61,0.9672131147540983
JZW_HQL_0520_A-3_crop_01.jpg,4,D,3,83,0.0,0.0,0,bg,0.0,0.0,0,,0,0,0,0.0
JZW_HQL_0520_A-3_crop_01.jpg,4,D,4,67,0.8955223880597015,0.8955223880597015,4,D,1.0,1.0,1,D,5,60,60,1.0
JZW_HQL_0520_A-3_crop_01.jpg,4,D,5,53,0.09433962264150944,0.09433962264150944,4,D,1.0,1.0,1,D,6,5,5,1.0
JZW_HQL_0520_A-3_crop_01.jpg,4,D,6,78,0.5128205128205128,0.5128205128205128,4,D,1.0,1.0,1,D,7,40,45,0.8888888888888888
JZW_HQL_0520_A-40_crop_00.jpg,1,A,1,216,1.0,1.0,1,A,1.0,1.0,1,A,2,216,379,0.5699208443271768
JZW_HQL_0520_A-40_crop_00.jpg,1,A,2,154,0.961038961038961,0.961038961038961,1,A,1.0,1.0,1,A,3,148,193,0.7668393782383419
JZW_HQL_0520_A-40_crop_00.jpg,4,D,1,58,0.896551724137931,0.896551724137931,4,D,1.0,1.0,1,D,1,52,58,0.896551724137931
JZW_HQL_0520_A-40_crop_01.jpg,4,D,1,81,0.6419753086419753,0.6419753086419753,4,D,1.0,1.0,1,D,2,52,54,0.9629629629629629
JZW_HQL_0520_A-42_crop_00.jpg,4,D,1,55,0.9636363636363636,0.9636363636363636,4,D,1.0,1.0,1,D,1,53,57,0.9298245614035088
JZW_HQL_0520_A-42_crop_00.jpg,4,D,2,71,0.9154929577464789,0.9154929577464789,4,D,1.0,1.0,1,D,2,65,70,0.9285714285714286
JZW_HQL_0520_A-42_crop_00.jpg,4,D,3,65,0.9538461538461539,0.9538461538461539,4,D,1.0,1.0,1,D,3,62,64,0.96875
JZW_HQL_0520_A-42_crop_00.jpg,4,D,4,46,0.8913043478260869,0.8913043478260869,4,D,1.0,1.0,1,D,4,41,41,1.0
JZW_HQL_0520_A-42_crop_02.jpg,1,A,1,1741,0.6645605973578403,0.6645605973578403,1,A,1.0,1.0,1,A,1,681,684,0.9956140350877193
JZW_HQL_0520_A-42_crop_02.jpg,4,D,1,71,0.971830985915493,0.971830985915493,4,D,1.0,1.0,1,D,3,69,75,0.92
JZW_HQL_0520_A-43_crop_02.jpg,1,A,1,635,0.9385826771653544,0.9385826771653544,1,A,1.0,1.0,1,A,2,596,681,0.8751835535976505
JZW_HQL_0520_A-43_crop_02.jpg,4,D,1,68,0.8529411764705882,0.8529411764705882,4,D,1.0,1.0,1,D,1,58,58,1.0
JZW_HQL_0520_A-44_crop_00.jpg,1,A,1,663,0.7119155354449472,0.7119155354449472,1,A,1.0,1.0,1,A,3,472,479,0.9853862212943633
JZW_HQL_0520_A-44_crop_00.jpg,4,D,1,155,0.0,0.0,0,bg,0.0,0.0,0,,0,0,0,0.0
JZW_HQL_0520_A-44_crop_00.jpg,4,D,2,61,0.6885245901639344,0.6885245901639344,4,D,1.0,1.0,1,D,2,42,42,1.0
JZW_HQL_0520_A-44_crop_00.jpg,4,D,3,64,1.0,1.0,4,D,1.0,1.0,1,D,4,64,73,0.8767123287671232
JZW_HQL_0520_A-47_crop_01.jpg,4,D,1,149,1.0,1.0,4,D,1.0,1.0,1,D,1,149,198,0.7525252525252525
JZW_HQL_0520_A-47_crop_01.jpg,4,D,2,93,0.0,0.0,0,bg,0.0,0.0,0,,0,0,0,0.0
JZW_HQL_0520_A-47_crop_02.jpg,4,D,1,55,0.9454545454545454,0.9454545454545454,4,D,1.0,1.0,1,D,1,52,59,0.8813559322033898
JZW_HQL_0520_A-47_crop_02.jpg,4,D,2,48,0.9583333333333334,0.9583333333333334,4,D,1.0,1.0,1,D,2,46,46,1.0
JZW_HQL_0520_A-48_crop_00.jpg,1,A,1,1642,0.25334957369062117,0.25334957369062117,1,A,1.0,1.0,1,A,2,407,407,1.0
JZW_HQL_0520_A-48_crop_00.jpg,1,A,2,905,0.9524861878453039,0.9524861878453039,1,A,1.0,1.0,1,A,4,862,1199,0.718932443703086
JZW_HQL_0520_A-48_crop_00.jpg,4,D,1,44,0.06818181818181818,0.06818181818181818,4,D,1.0,1.0,1,D,1,3,3,1.0
JZW_HQL_0520_A-50_crop_00.jpg,4,D,1,47,0.19148936170212766,0.19148936170212766,4,D,1.0,1.0,1,D,1,9,9,1.0
JZW_HQL_0520_A-50_crop_00.jpg,4,D,2,56,0.9285714285714286,0.9285714285714286,4,D,1.0,1.0,1,D,2,52,54,0.9629629629629629
JZW_HQL_0520_A-50_crop_00.jpg,4,D,3,76,0.9473684210526315,0.9473684210526315,4,D,1.0,1.0,1,D,3,72,77,0.935064935064935
JZW_HQL_0520_A-50_crop_00.jpg,4,D,4,52,1.0,1.0,4,D,1.0,1.0,1,D,4,52,56,0.9285714285714286
JZW_HQL_0520_A-50_crop_00.jpg,4,D,5,68,0.9264705882352942,0.9264705882352942,4,D,1.0,1.0,1,D,5,63,67,0.9402985074626866
JZW_HQL_0520_A-50_crop_00.jpg,4,D,6,45,0.0,0.0,0,bg,0.0,0.0,0,,0,0,0,0.0
JZW_HQL_0520_A-51_crop_01.jpg,4,D,1,75,0.9866666666666667,0.9866666666666667,4,D,1.0,1.0,1,D,1,74,82,0.9024390243902439
JZW_HQL_0520_A-51_crop_01.jpg,4,D,2,62,1.0,1.0,4,D,1.0,1.0,1,D,2,62,70,0.8857142857142857
JZW_HQL_0520_A-51_crop_01.jpg,4,D,3,67,0.9701492537313433,0.9701492537313433,4,D,1.0,1.0,1,D,3,65,80,0.8125
JZW_HQL_0520_A-51_crop_01.jpg,4,D,4,108,0.0,0.0,0,bg,0.0,0.0,0,,0,0,0,0.0
JZW_HQL_0520_A-51_crop_02.jpg,1,A,1,283,0.823321554770318,0.823321554770318,1,A,1.0,1.0,1,A,2,233,243,0.9588477366255144
JZW_HQL_0520_A-55_crop_01.jpg,4,D,1,50,0.0,0.0,0,bg,0.0,0.0,0,,0,0,0,0.0
JZW_HQL_0520_A-55_crop_01.jpg,4,D,2,73,0.1917808219178082,0.1917808219178082,4,D,1.0,1.0,1,D,1,14,14,1.0
JZW_HQL_0520_A-55_crop_01.jpg,4,D,3,51,0.0,0.0,0,bg,0.0,0.0,0,,0,0,0,0.0
JZW_HQL_0520_A-56_crop_01.jpg,1,A,1,508,0.7145669291338582,0.7145669291338582,1,A,1.0,1.0,1,A,2,363,383,0.9477806788511749
JZW_HQL_0520_A-57_crop_02.jpg,4,D,1,75,0.9333333333333333,0.9333333333333333,4,D,1.0,1.0,1,D,1,70,73,0.958904109589041
JZW_HQL_0520_A-59_crop_01.jpg,1,A,1,2762,0.720854453294714,0.720854453294714,1,A,1.0,1.0,1,A,1,1991,2252,0.8841030195381883
JZW_HQL_0520_A-59_crop_01.jpg,1,A,2,708,0.7612994350282486,0.7612994350282486,1,A,1.0,1.0,1,A,2,539,610,0.8836065573770492
JZW_HQL_0520_A-60_crop_00.jpg,4,D,1,57,0.10526315789473684,0.10526315789473684,4,D,1.0,1.0,1,D,1,6,6,1.0
JZW_HQL_0520_A-60_crop_00.jpg,4,D,2,45,0.0,0.0,0,bg,0.0,0.0,0,,0,0,0,0.0
JZW_HQL_0520_A-60_crop_00.jpg,4,D,3,51,0.9019607843137255,0.9019607843137255,4,D,1.0,1.0,1,D,2,46,58,0.7931034482758621
JZW_HQL_0520_A-60_crop_00.jpg,4,D,4,38,0.0,0.0,0,bg,0.0,0.0,0,,0,0,0,0.0
JZW_HQL_0520_A-60_crop_00.jpg,4,D,5,33,0.0,0.0,0,bg,0.0,0.0,0,,0,0,0,0.0
JZW_HQL_0520_A-60_crop_00.jpg,4,D,6,54,0.14814814814814814,0.14814814814814814,4,D,1.0,1.0,1,D,3,8,8,1.0
JZW_HQL_0520_A-60_crop_00.jpg,4,D,7,63,0.9841269841269841,0.9841269841269841,4,D,1.0,1.0,1,D,4,62,73,0.8493150684931506
JZW_HQL_0520_A-60_crop_00.jpg,4,D,8,49,0.0,0.0,0,bg,0.0,0.0,0,,0,0,0,0.0
JZW_HQL_0520_A-61_crop_00.jpg,1,A,1,2234,0.9570277529095792,0.9570277529095792,1,A,1.0,1.0,1,A,1,2138,2504,0.8538338658146964
JZW_HQL_0520_A-61_crop_00.jpg,1,A,2,831,0.7099879663056559,0.7099879663056559,1,A,1.0,1.0,1,A,2,590,679,0.8689248895434463
JZW_HQL_0520_A-61_crop_00.jpg,1,A,3,741,0.9284750337381916,0.9284750337381916,1,A,1.0,1.0,1,A,3,688,799,0.8610763454317898
JZW_HQL_0520_A-61_crop_00.jpg,4,D,1,46,0.0,0.0,0,bg,0.0,0.0,0,,0,0,0,0.0
JZW_HQL_0520_A-61_crop_00.jpg,4,D,2,38,0.0,0.0,0,bg,0.0,0.0,0,,0,0,0,0.0
JZW_HQL_0520_A-61_crop_00.jpg,4,D,3,72,0.9722222222222222,0.9722222222222222,4,D,1.0,1.0,1,D,4,70,80,0.875
JZW_HQL_0520_A-61_crop_00.jpg,4,D,4,44,0.0,0.0,0,bg,0.0,0.0,0,,0,0,0,0.0
JZW_HQL_0520_A-61_crop_00.jpg,4,D,5,43,0.37209302325581395,0.37209302325581395,4,D,1.0,1.0,1,D,5,16,16,1.0
JZW_HQL_0520_A-61_crop_00.jpg,4,D,6,46,0.0,0.0,0,bg,0.0,0.0,0,,0,0,0,0.0
JZW_HQL_0520_A-61_crop_00.jpg,4,D,7,36,0.0,0.0,0,bg,0.0,0.0,0,,0,0,0,0.0
JZW_HQL_0520_A-61_crop_00.jpg,4,D,8,41,0.0,0.0,0,bg,0.0,0.0,0,,0,0,0,0.0
JZW_HQL_0520_A-61_crop_00.jpg,4,D,9,57,0.40350877192982454,0.40350877192982454,4,D,1.0,1.0,1,D,6,23,23,1.0
JZW_HQL_0520_A-61_crop_00.jpg,4,D,10,54,0.0,0.0,0,bg,0.0,0.0,0,,0,0,0,0.0
JZW_HQL_0520_A-61_crop_00.jpg,4,D,11,44,0.8863636363636364,0.8863636363636364,4,D,1.0,1.0,1,D,8,39,40,0.975
JZW_HQL_0520_A-61_crop_00.jpg,4,D,12,50,0.0,0.0,0,bg,0.0,0.0,0,,0,0,0,0.0
JZW_HQL_0520_A-61_crop_00.jpg,4,D,13,59,0.9830508474576272,0.9830508474576272,4,D,1.0,1.0,1,D,9,58,77,0.7532467532467533
JZW_HQL_0520_A-62_crop_01.jpg,1,A,1,687,0.9679767103347889,0.9679767103347889,1,A,1.0,1.0,1,A,4,665,722,0.9210526315789473
JZW_HQL_0520_A-62_crop_01.jpg,1,A,2,469,0.9957356076759062,0.9957356076759062,1,A,1.0,1.0,1,A,5,467,564,0.8280141843971631
JZW_HQL_0520_A-62_crop_01.jpg,4,D,1,44,0.0,0.0,0,bg,0.0,0.0,0,,0,0,0,0.0
JZW_HQL_0520_A-62_crop_01.jpg,4,D,2,70,0.9714285714285714,0.9714285714285714,4,D,1.0,1.0,1,D,3,68,73,0.9315068493150684
JZW_HQL_0520_A-63_crop_00.jpg,1,A,1,2384,0.8959731543624161,0.8959731543624161,1,A,1.0,1.0,1,A,1,2136,2458,0.8689991863303499
JZW_HQL_0520_A-63_crop_00.jpg,1,A,2,639,0.9765258215962441,0.9765258215962441,1,A,1.0,1.0,1,A,3,624,892,0.6995515695067265
JZW_HQL_0520_A-6_crop_00.jpg,1,A,1,161,0.9565217391304348,0.9565217391304348,1,A,1.0,1.0,1,A,2,154,166,0.927710843373494
JZW_HQL_0520_A-6_crop_00.jpg,4,D,1,55,0.0,0.0,0,bg,0.0,0.0,0,,0,0,0,0.0
JZW_HQL_0520_A-6_crop_00.jpg,4,D,2,51,0.0,0.0,0,bg,0.0,0.0,0,,0,0,0,0.0
JZW_HQL_0520_A-6_crop_00.jpg,4,D,3,38,0.0,0.0,0,bg,0.0,0.0,0,,0,0,0,0.0
JZW_HQL_0520_A-6_crop_00.jpg,4,D,4,42,0.0,0.0,0,bg,0.0,0.0,0,,0,0,0,0.0
JZW_HQL_0520_A-6_crop_00.jpg,4,D,5,48,0.14583333333333334,0.14583333333333334,4,D,1.0,1.0,1,D,1,7,7,1.0
JZW_HQL_0520_A-6_crop_00.jpg,4,D,6,43,0.0,0.0,0,bg,0.0,0.0,0,,0,0,0,0.0
JZW_HQL_0520_A-6_crop_00.jpg,4,D,7,46,0.0,0.0,0,bg,0.0,0.0,0,,0,0,0,0.0
JZW_HQL_0520_A-6_crop_00.jpg,4,D,8,57,0.0,0.0,0,bg,0.0,0.0,0,,0,0,0,0.0
JZW_HQL_0520_A-6_crop_00.jpg,4,D,9,44,0.0,0.0,0,bg,0.0,0.0,0,,0,0,0,0.0
JZW_HQL_0520_A-6_crop_00.jpg,4,D,10,37,0.0,0.0,0,bg,0.0,0.0,0,,0,0,0,0.0
JZW_HQL_0520_A-6_crop_00.jpg,4,D,11,36,0.0,0.0,0,bg,0.0,0.0,0,,0,0,0,0.0
JZW_HQL_0520_A-6_crop_00.jpg,4,D,12,52,0.0,0.0,0,bg,0.0,0.0,0,,0,0,0,0.0
JZW_HQL_0520_A-6_crop_00.jpg,4,D,13,65,0.0,0.0,0,bg,0.0,0.0,0,,0,0,0,0.0
JZW_HQL_0520_A-6_crop_00.jpg,4,D,14,57,0.0,0.0,0,bg,0.0,0.0,0,,0,0,0,0.0
JZW_HQL_0520_A-6_crop_00.jpg,4,D,15,43,0.0,0.0,0,bg,0.0,0.0,0,,0,0,0,0.0
JZW_HQL_0520_A-6_crop_01.jpg,1,A,1,30,1.0,0.0,4,D,1.0,0.0,1,D,1,30,47,0.6382978723404256
JZW_HQL_0520_A-6_crop_01.jpg,4,D,1,53,0.0,0.0,0,bg,0.0,0.0,0,,0,0,0,0.0
JZW_HQL_0520_A-6_crop_01.jpg,4,D,2,131,0.0,0.0,0,bg,0.0,0.0,0,,0,0,0,0.0
JZW_HQL_0520_A-6_crop_01.jpg,4,D,3,31,0.0,0.0,0,bg,0.0,0.0,0,,0,0,0,0.0
JZW_HQL_0520_A-6_crop_01.jpg,4,D,4,66,0.0,0.0,0,bg,0.0,0.0,0,,0,0,0,0.0
JZW_HQL_0520_A-6_crop_01.jpg,4,D,5,47,0.0,0.0,0,bg,0.0,0.0,0,,0,0,0,0.0
JZW_HQL_0520_A-9_crop_00.jpg,1,A,1,559,0.9516994633273703,0.9516994633273703,1,A,1.0,1.0,1,A,1,532,551,0.9655172413793104
JZW_HQL_0520_A-9_crop_00.jpg,1,A,2,351,0.9202279202279202,0.9202279202279202,1,A,1.0,1.0,1,A,3,323,335,0.9641791044776119
JZW_HQL_0520_A-9_crop_00.jpg,4,D,1,53,0.9245283018867925,0.9245283018867925,4,D,1.0,1.0,1,D,2,49,57,0.8596491228070176
JZW_HQL_0520_A-9_crop_00.jpg,4,D,2,52,0.0,0.0,0,bg,0.0,0.0,0,,0,0,0,0.0
JZW_HQL_0520_A-9_crop_00.jpg,4,D,3,77,0.974025974025974,0.974025974025974,4,D,1.0,1.0,1,D,4,75,82,0.9146341463414634
JZW_HQL_0520_C_W991-11_crop_01.jpg,3,C,1,2972,0.9875504710632571,0.9875504710632571,3,C,1.0,1.0,1,C,2,2935,5037,0.5826881080007941
JZW_HQL_0520_C_W991-11_crop_01.jpg,3,C,2,1145,1.0,1.0,3,C,1.0,1.0,1,C,3,1145,2939,0.38958829533855055
JZW_HQL_0520_C_W991-11_crop_01.jpg,4,D,1,126,0.7222222222222222,0.7222222222222222,4,D,1.0,1.0,1,D,1,91,94,0.9680851063829787
JZW_HQL_0520_C_W991-13_crop_00.jpg,2,B,1,11348,0.9137292915051111,0.9137292915051111,2,B,1.0,1.0,1,B,1,10369,12156,0.8529944060546232
JZW_HQL_0520_C_W991-13_crop_00.jpg,3,C,1,656,0.9024390243902439,0.9024390243902439,3,C,1.0,1.0,1,C,2,592,738,0.8021680216802168
JZW_HQL_0520_C_W991-13_crop_00.jpg,3,C,2,910,0.9802197802197802,0.9802197802197802,3,C,1.0,1.0,1,C,3,892,1815,0.4914600550964187
JZW_HQL_0520_C_W991-13_crop_00.jpg,3,C,3,1230,0.2040650406504065,0.0,2,B,1.0,0.0,1,B,4,251,251,1.0
JZW_HQL_0520_C_W991-13_crop_00.jpg,3,C,4,3240,0.9342592592592592,0.6450617283950617,3,C,0.6904525933267261,0.6904525933267261,2,B|C,5,3027,3326,0.9101022248947684
JZW_HQL_0520_C_W991-13_crop_00.jpg,4,D,1,52,0.0,0.0,0,bg,0.0,0.0,0,,0,0,0,0.0
JZW_HQL_0520_C_W991-15_crop_03.jpg,3,C,1,879,0.9988623435722411,0.9988623435722411,3,C,1.0,1.0,1,C,3,878,1538,0.5708712613784135
JZW_HQL_0520_C_W991-19_crop_01.jpg,3,C,1,1524,0.9442257217847769,0.9442257217847769,3,C,1.0,1.0,1,C,1,1439,1945,0.7398457583547557
JZW_HQL_0520_C_W991-19_crop_01.jpg,3,C,2,4494,0.5315976858032933,0.5315976858032933,3,C,1.0,1.0,1,C,2,2389,2600,0.9188461538461539
JZW_HQL_0520_C_W991-19_crop_01.jpg,3,C,3,1726,0.8609501738122828,0.8609501738122828,3,C,1.0,1.0,1,C,3,1486,1595,0.9316614420062695
JZW_HQL_0520_C_W991-19_crop_01.jpg,3,C,4,8185,0.9907147220525351,0.9907147220525351,3,C,1.0,1.0,1,C,4,8109,10818,0.7495840266222962
JZW_HQL_0520_C_W991-19_crop_01.jpg,3,C,5,1488,0.8575268817204301,0.8575268817204301,3,C,1.0,1.0,1,C,5,1276,1529,0.8345323741007195
JZW_HQL_0520_C_W991-1_crop_01.jpg,2,B,1,533,0.9699812382739212,0.9699812382739212,2,B,1.0,1.0,1,B,1,517,849,0.6089517078916372
JZW_HQL_0520_C_W991-1_crop_01.jpg,3,C,1,1145,0.8663755458515284,0.8663755458515284,3,C,1.0,1.0,1,C,2,992,1008,0.9841269841269841
JZW_HQL_0520_C_W991-22_crop_00.jpg,3,C,1,3128,0.7343350383631714,0.7343350383631714,3,C,1.0,1.0,1,C,1,2297,2454,0.9360228198859005
JZW_HQL_0520_C_W991-22_crop_00.jpg,3,C,2,7957,0.6472288550961418,0.6472288550961418,3,C,1.0,1.0,1,C,2,5150,6598,0.7805395574416489
JZW_HQL_0520_C_W991-22_crop_00.jpg,3,C,3,1421,0.9380717804363125,0.6636171710063336,3,C,0.7074268567141786,0.7074268567141786,2,B|C,3,1333,1690,0.7887573964497041
JZW_HQL_0520_C_W991-23_crop_00.jpg,2,B,1,4001,0.9555111222194451,0.0,3,C,1.0,0.0,1,C,2,3823,4589,0.8330791022009152
JZW_HQL_0520_C_W991-23_crop_00.jpg,2,B,2,3766,0.9604354753053638,0.9604354753053638,2,B,1.0,1.0,1,B,5,3617,4806,0.7526009155222638
JZW_HQL_0520_C_W991-23_crop_00.jpg,3,C,1,877,0.0,0.0,0,bg,0.0,0.0,0,,0,0,0,0.0
JZW_HQL_0520_C_W991-23_crop_00.jpg,3,C,2,648,0.9429012345679012,0.9429012345679012,3,C,1.0,1.0,1,C,1,611,813,0.7515375153751538
JZW_HQL_0520_C_W991-23_crop_00.jpg,3,C,3,2904,0.8743112947658402,0.8743112947658402,3,C,1.0,1.0,1,C,3,2539,2870,0.8846689895470383
JZW_HQL_0520_C_W991-23_crop_00.jpg,4,D,1,132,0.9015151515151515,0.0,2,B,1.0,0.0,1,B,4,119,197,0.6040609137055838
JZW_HQL_0520_C_W991-23_crop_00.jpg,4,D,2,154,0.0,0.0,0,bg,0.0,0.0,0,,0,0,0,0.0
JZW_HQL_0520_C_W991-27_crop_00.jpg,2,B,1,14725,0.693106960950764,0.693106960950764,2,B,1.0,1.0,1,B,1,10206,10276,0.9931880108991825
JZW_HQL_0520_C_W991-27_crop_00.jpg,2,B,2,6680,0.8336826347305389,0.8336826347305389,2,B,1.0,1.0,1,B,2,5569,6228,0.8941875401412974
JZW_HQL_0520_C_W991-27_crop_00.jpg,2,B,3,5353,0.8206613114141603,0.8206613114141603,2,B,1.0,1.0,1,B,6,4393,4805,0.9142559833506764
JZW_HQL_0520_C_W991-27_crop_00.jpg,3,C,1,8145,0.7249846531614488,0.46028238182934317,3,C,0.6348856900931414,0.6348856900931414,2,B|C,4,5905,6012,0.9822022621423819
JZW_HQL_0520_C_W991-27_crop_00.jpg,3,C,2,15424,0.6349844398340249,0.5263226141078838,3,C,0.828874821319175,0.828874821319175,2,B|C,5,9794,10162,0.9637866561700452
JZW_HQL_0520_C_W991-27_crop_00.jpg,3,C,3,1196,0.9682274247491639,0.9682274247491639,3,C,1.0,1.0,1,C,7,1158,1747,0.6628506010303378
JZW_HQL_0520_C_W991-27_crop_00.jpg,3,C,4,4747,0.7394143669686117,0.5211712660627765,3,C,0.7048433048433048,0.7048433048433048,2,B|C,8,3510,3614,0.9712230215827338
JZW_HQL_0520_C_W991-2_crop_02.jpg,3,C,1,695,0.22877697841726619,0.22877697841726619,3,C,1.0,1.0,1,C,1,159,161,0.9875776397515528
JZW_HQL_0520_C_W991-30_crop_01.jpg,3,C,1,5002,0.9168332666933227,0.0,2,B,1.0,0.0,1,B,1,4586,5184,0.8846450617283951
JZW_HQL_0520_C_W991-30_crop_01.jpg,3,C,2,975,0.0,0.0,0,bg,0.0,0.0,0,,0,0,0,0.0
JZW_HQL_0520_C_W991-30_crop_01.jpg,4,D,1,48,0.0,0.0,0,bg,0.0,0.0,0,,0,0,0,0.0
JZW_HQL_0520_C_W991-30_crop_01.jpg,4,D,2,68,0.9411764705882353,0.9411764705882353,4,D,1.0,1.0,1,D,2,64,68,0.9411764705882353
JZW_HQL_0520_C_W991-30_crop_03.jpg,3,C,1,31,0.0,0.0,0,bg,0.0,0.0,0,,0,0,0,0.0
JZW_HQL_0520_C_W991-30_crop_03.jpg,3,C,2,14980,0.8542056074766355,0.7769025367156208,3,C,0.9095029696780244,0.9095029696780244,2,B|C,1,12796,13597,0.9410899463116864
JZW_HQL_0520_C_W991-31_crop_01.jpg,3,C,1,1334,0.6506746626686657,0.6506746626686657,3,C,1.0,1.0,1,C,1,868,911,0.9527991218441273
JZW_HQL_0520_C_W991-31_crop_01.jpg,3,C,2,507,0.9940828402366864,0.9940828402366864,3,C,1.0,1.0,1,C,2,504,697,0.7230989956958394
JZW_HQL_0520_C_W991-31_crop_01.jpg,3,C,3,491,0.7107942973523421,0.7107942973523421,3,C,1.0,1.0,1,C,3,349,426,0.8192488262910798
JZW_HQL_0520_C_W991-31_crop_01.jpg,3,C,4,547,0.6727605118829981,0.6727605118829981,3,C,1.0,1.0,1,C,4,368,373,0.9865951742627346
JZW_HQL_0520_C_W991-32_crop_02.jpg,2,B,1,13663,0.787235599795067,0.34311644587572276,3,C,0.5641502417255485,0.4358497582744515,2,B|C,1,10756,11466,0.9380777952206524
JZW_HQL_0520_C_W991-32_crop_02.jpg,3,C,1,1872,0.0,0.0,0,bg,0.0,0.0,0,,0,0,0,0.0
JZW_HQL_0520_C_W991-33_crop_01.jpg,2,B,1,13963,0.9210055145742319,0.31583470600873736,3,C,0.6570762052877138,0.3429237947122862,2,B|C,4,12860,13870,0.9271809661139149
JZW_HQL_0520_C_W991-33_crop_01.jpg,3,C,1,5174,0.7363741785852339,0.5479319675299574,3,C,0.7440944881889764,0.7440944881889764,2,B|C,1,3810,3956,0.9630940343781598
JZW_HQL_0520_C_W991-33_crop_01.jpg,3,C,2,3124,0.9177336747759283,0.9177336747759283,3,C,1.0,1.0,1,C,2,2867,3355,0.8545454545454545
JZW_HQL_0520_C_W991-33_crop_01.jpg,3,C,3,2490,0.8100401606425702,0.8100401606425702,3,C,1.0,1.0,1,C,5,2017,2410,0.8369294605809129
JZW_HQL_0520_C_W991-33_crop_01.jpg,3,C,4,1520,0.9453947368421053,0.0,2,B,1.0,0.0,1,B,7,1437,1823,0.7882611080636314
JZW_HQL_0520_C_W991-36_crop_01.jpg,2,B,1,531,1.0,0.0,3,C,1.0,0.0,1,C,2,531,1082,0.4907578558225508
JZW_HQL_0520_C_W991-36_crop_01.jpg,2,B,2,8491,0.8145094806265457,0.7343069132022141,2,B,0.9015326778484674,0.9015326778484674,2,B|C,4,6916,7610,0.9088042049934297
JZW_HQL_0520_C_W991-36_crop_01.jpg,3,C,1,2278,0.8424056189640036,0.8424056189640036,3,C,1.0,1.0,1,C,1,1919,2104,0.9120722433460076
JZW_HQL_0520_C_W991-37_crop_01.jpg,3,C,1,1066,0.9643527204502814,0.9643527204502814,3,C,1.0,1.0,1,C,1,1028,1224,0.8398692810457516
JZW_HQL_0520_C_W991-37_crop_01.jpg,3,C,2,636,0.7264150943396226,0.7264150943396226,3,C,1.0,1.0,1,C,2,462,462,1.0
JZW_HQL_0520_C_W991-37_crop_01.jpg,3,C,3,1113,0.9712488769092543,0.9712488769092543,3,C,1.0,1.0,1,C,3,1081,1248,0.8661858974358975
JZW_HQL_0520_C_W991-37_crop_01.jpg,3,C,4,5688,0.49454992967651196,0.49454992967651196,3,C,1.0,1.0,1,C,6,2549,2972,0.857671601615074
JZW_HQL_0520_C_W991-37_crop_01.jpg,3,C,5,432,0.0,0.0,0,bg,0.0,0.0,0,,0,0,0,0.0
JZW_HQL_0520_C_W991-37_crop_01.jpg,3,C,6,827,0.9455864570737605,0.9455864570737605,3,C,1.0,1.0,1,C,5,782,975,0.8020512820512821
JZW_HQL_0520_C_W991-38_crop_00.jpg,2,B,1,6569,0.9876693560663724,0.7775917186786421,2,B,0.7872996300863132,0.7872996300863132,2,B|C,1,6488,7667,0.8462240772140341
JZW_HQL_0520_C_W991-38_crop_00.jpg,2,B,2,14194,0.8930534028462731,0.8655770043680429,2,B,0.9692331965919848,0.9692331965919848,1,B,2,12676,13318,0.9517945637483105
JZW_HQL_0520_C_W991-38_crop_00.jpg,2,B,3,17112,0.9173094904160822,0.9173094904160822,2,B,1.0,1.0,1,B,3,15697,17660,0.8888448471121178
JZW_HQL_0520_C_W991-38_crop_00.jpg,3,C,1,1955,0.8731457800511508,0.8731457800511508,3,C,1.0,1.0,1,C,5,1707,1836,0.9297385620915033
JZW_HQL_0520_C_W991-39_crop_00.jpg,3,C,1,783,0.0,0.0,0,bg,0.0,0.0,0,,0,0,0,0.0
JZW_HQL_0520_C_W991-39_crop_00.jpg,3,C,2,617,0.3711507293354943,0.3711507293354943,3,C,1.0,1.0,1,C,2,229,229,1.0
JZW_HQL_0520_C_W991-39_crop_00.jpg,3,C,3,897,0.9899665551839465,0.9899665551839465,3,C,1.0,1.0,1,C,3,888,1413,0.6284501061571125
JZW_HQL_0520_C_W991-39_crop_00.jpg,3,C,4,768,0.7591145833333334,0.7591145833333334,3,C,1.0,1.0,1,C,4,583,675,0.8637037037037038
JZW_HQL_0520_C_W991-39_crop_01.jpg,3,C,1,4765,0.6373557187827912,0.6373557187827912,3,C,1.0,1.0,1,C,1,3037,3037,1.0
JZW_HQL_0520_C_W991-39_crop_01.jpg,3,C,2,965,0.9678756476683937,0.9678756476683937,3,C,1.0,1.0,1,C,2,934,1259,0.7418586179507546
JZW_HQL_0520_C_W991-3_crop_01.jpg,2,B,1,357,0.0,0.0,0,bg,0.0,0.0,0,,0,0,0,0.0
JZW_HQL_0520_C_W991-3_crop_01.jpg,2,B,2,428,0.3411214953271028,0.0,3,C,1.0,0.0,1,C,2,120,215,0.5581395348837209
JZW_HQL_0520_C_W991-3_crop_01.jpg,3,C,1,1855,0.9935309973045822,0.9935309973045822,3,C,1.0,1.0,1,C,1,1843,3076,0.5991547464239272
JZW_HQL_0520_C_W991-3_crop_02.jpg,3,C,1,866,1.0,1.0,3,C,1.0,1.0,1,C,3,866,2094,0.41356255969436484
JZW_HQL_0520_C_W991-3_crop_02.jpg,3,C,2,475,0.9410526315789474,0.9410526315789474,3,C,1.0,1.0,1,C,4,447,538,0.8308550185873605
JZW_HQL_0520_C_W991-40_crop_02.jpg,3,C,1,2442,0.9475839475839476,0.9475839475839476,3,C,1.0,1.0,1,C,1,2314,3130,0.739297124600639
JZW_HQL_0520_C_W991-40_crop_02.jpg,3,C,2,1537,0.6037735849056604,0.6037735849056604,3,C,1.0,1.0,1,C,2,928,1069,0.8681010289990645
JZW_HQL_0520_C_W991-44_crop_00.jpg,2,B,1,6587,0.9631091543950205,0.9631091543950205,2,B,1.0,1.0,1,B,4,6344,7203,0.8807441343884492
JZW_HQL_0520_C_W991-44_crop_00.jpg,2,B,2,5970,0.7740368509212731,0.7740368509212731,2,B,1.0,1.0,1,B,9,4621,4714,0.9802715316079762
JZW_HQL_0520_C_W991-44_crop_00.jpg,2,B,3,2556,0.8595461658841941,0.8595461658841941,2,B,1.0,1.0,1,B,11,2197,2459,0.8934526230174867
JZW_HQL_0520_C_W991-44_crop_00.jpg,3,C,1,1403,0.7990021382751248,0.0,2,B,1.0,0.0,1,B,1,1121,1223,0.9165985282093213
JZW_HQL_0520_C_W991-44_crop_00.jpg,3,C,2,1783,0.9416713404374649,0.9416713404374649,3,C,1.0,1.0,1,C,2,1679,2151,0.7805671780567178
JZW_HQL_0520_C_W991-44_crop_00.jpg,3,C,3,2474,0.6022635408245756,0.6022635408245756,3,C,1.0,1.0,1,C,3,1490,1535,0.9706840390879479
JZW_HQL_0520_C_W991-44_crop_00.jpg,3,C,4,3575,0.7714685314685314,0.0,2,B,1.0,0.0,1,B,6,2758,2880,0.9576388888888889
JZW_HQL_0520_C_W991-44_crop_00.jpg,3,C,5,1106,0.8508137432188065,0.8508137432188065,3,C,1.0,1.0,1,C,10,941,997,0.9438314944834504
JZW_HQL_0520_C_W991-45_crop_00.jpg,2,B,1,14961,0.7256199451908295,0.658779493349375,2,B,0.9078850405305822,0.9078850405305822,2,B|C,4,9898,10343,0.956975732379387
JZW_HQL_0520_C_W991-45_crop_00.jpg,2,B,2,13726,0.7788139297683229,0.3929768322890864,2,B,0.5045837231057063,0.5045837231057063,2,B|C,2,10690,10827,0.9873464486930821
JZW_HQL_0520_C_W991-45_crop_00.jpg,3,C,1,7619,0.4761779761123507,0.4761779761123507,3,C,1.0,1.0,1,C,6,3250,4377,0.7425177061914553
JZW_HQL_0520_C_W991-45_crop_00.jpg,3,C,2,3972,0.7152567975830816,0.7152567975830816,3,C,1.0,1.0,1,C,7,2841,2999,0.9473157719239746
JZW_HQL_0520_C_W991-45_crop_00.jpg,4,D,1,76,0.0,0.0,0,bg,0.0,0.0,0,,0,0,0,0.0
JZW_HQL_0520_C_W991-46_crop_00.jpg,3,C,1,4723,0.9872962100359941,0.9872962100359941,3,C,1.0,1.0,1,C,1,4663,6473,0.7203769504093929
JZW_HQL_0520_C_W991-46_crop_00.jpg,3,C,2,3683,0.9769209883247353,0.9769209883247353,3,C,1.0,1.0,1,C,2,3598,5675,0.6340088105726872
JZW_HQL_0520_C_W991-46_crop_00.jpg,3,C,3,5753,0.9687119763601599,0.23761515730922997,2,B,0.754710209940786,0.24528979005921406,2,B|C,3,5573,7065,0.7888181174805379
JZW_HQL_0520_C_W991-46_crop_00.jpg,3,C,4,1266,0.7812006319115324,0.7488151658767772,3,C,0.9585439838220424,0.9585439838220424,1,C,4,989,1030,0.9601941747572815
JZW_HQL_0520_C_W991-46_crop_03.jpg,3,C,1,920,0.7554347826086957,0.7554347826086957,3,C,1.0,1.0,1,C,1,695,709,0.9802538787023978
JZW_HQL_0520_C_W991-48_crop_01.jpg,2,B,1,7592,0.9129346680716544,0.9129346680716544,2,B,1.0,1.0,1,B,1,6931,8083,0.8574786589137696
JZW_HQL_0520_C_W991-48_crop_01.jpg,2,B,2,8055,0.987088764742396,0.987088764742396,2,B,1.0,1.0,1,B,5,7951,9282,0.8566041801335919
JZW_HQL_0520_C_W991-48_crop_01.jpg,2,B,3,5950,0.7678991596638656,0.25630252100840334,3,C,0.666228934121252,0.3337710658787481,2,B|C,6,4569,4683,0.9756566303651505
JZW_HQL_0520_C_W991-48_crop_01.jpg,2,B,4,5991,0.8377566349524287,0.8377566349524287,2,B,1.0,1.0,1,B,7,5019,5338,0.9402397901835894
JZW_HQL_0520_C_W991-48_crop_01.jpg,3,C,1,2056,0.8156614785992218,0.8156614785992218,3,C,1.0,1.0,1,C,3,1677,1677,1.0
JZW_HQL_0520_C_W991-48_crop_01.jpg,3,C,2,1938,0.9277605779153767,0.9277605779153767,3,C,1.0,1.0,1,C,4,1798,2063,0.8715462918080465
JZW_HQL_0520_C_W991-49_crop_01.jpg,3,C,1,2029,0.9492360768851651,0.9492360768851651,3,C,1.0,1.0,1,C,1,1926,3106,0.6200901481004507
JZW_HQL_0520_C_W991-49_crop_01.jpg,3,C,2,3124,0.7992957746478874,0.7992957746478874,3,C,1.0,1.0,1,C,2,2497,2722,0.917340191036003
JZW_HQL_0520_C_W991-49_crop_01.jpg,3,C,3,4592,0.9812717770034843,0.9812717770034843,3,C,1.0,1.0,1,C,4,4506,5911,0.7623075621722213
JZW_HQL_0520_C_W991-49_crop_01.jpg,3,C,4,433,0.0,0.0,0,bg,0.0,0.0,0,,0,0,0,0.0
JZW_HQL_0520_C_W991-49_crop_01.jpg,3,C,5,1281,0.7431693989071039,0.7431693989071039,3,C,1.0,1.0,1,C,3,952,1178,0.8081494057724957
JZW_HQL_0520_C_W991-49_crop_01.jpg,3,C,6,13532,0.8622524386639078,0.6709281702630802,3,C,0.7781110730202263,0.7781110730202263,2,B|C,5,11668,13362,0.8732225714713366
JZW_HQL_0520_C_W991-49_crop_01.jpg,3,C,7,649,0.9506933744221879,0.9506933744221879,3,C,1.0,1.0,1,C,6,617,879,0.70193401592719
JZW_HQL_0520_C_W991-50_crop_00.jpg,2,B,1,9702,0.6498660070088641,0.5999793856936714,2,B,0.9232355273592388,0.9232355273592388,2,B|C,2,6305,7499,0.8407787705027338
JZW_HQL_0520_C_W991-50_crop_00.jpg,3,C,1,1064,0.8026315789473685,0.17763157894736842,2,B,0.7786885245901639,0.22131147540983606,2,B|C,2,854,7499,0.11388185091345512
JZW_HQL_0520_C_W991-50_crop_00.jpg,3,C,2,5749,0.8222299530353104,0.8222299530353104,3,C,1.0,1.0,1,C,5,4727,4753,0.9945297706711551
JZW_HQL_0520_C_W991-50_crop_00.jpg,3,C,3,1039,0.6785370548604427,0.6785370548604427,3,C,1.0,1.0,1,C,6,705,893,0.7894736842105263
JZW_HQL_0520_C_W991-50_crop_00.jpg,3,C,4,8758,0.775405343685773,0.7602192281342772,3,C,0.980415255485201,0.980415255485201,1,C,7,6791,7162,0.9481988271432561
JZW_HQL_0520_C_W991-51_crop_00.jpg,2,B,1,3852,0.9644340602284528,0.9644340602284528,2,B,1.0,1.0,1,B,1,3715,6937,0.5355340925472106
JZW_HQL_0520_C_W991-51_crop_00.jpg,3,C,1,1389,0.9848812095032398,0.0,2,B,1.0,0.0,1,B,1,1368,6937,0.19720340204699438
JZW_HQL_0520_C_W991-51_crop_00.jpg,3,C,2,1093,0.818847209515096,0.818847209515096,3,C,1.0,1.0,1,C,3,895,951,0.9411146161934806
JZW_HQL_0520_C_W991-52_crop_00.jpg,2,B,1,2428,0.9901153212520593,0.0,3,C,1.0,0.0,1,C,4,2404,3423,0.7023079170318434
JZW_HQL_0520_C_W991-52_crop_00.jpg,3,C,1,18681,0.7425726674160912,0.6826722338204593,3,C,0.9193339100346021,0.9193339100346021,2,B|C,1,13872,13962,0.9935539321014182
JZW_HQL_0520_C_W991-52_crop_00.jpg,3,C,2,4484,0.971900089206066,0.971900089206066,3,C,1.0,1.0,1,C,2,4358,5776,0.7545013850415513
JZW_HQL_0520_C_W991-52_crop_00.jpg,3,C,3,14932,0.7652022502009108,0.14579426734529868,2,B,0.8094696306669,0.19053036933309994,2,B|C,3,11426,11915,0.9589592950062946
JZW_HQL_0520_C_W991-52_crop_00.jpg,3,C,4,5038,0.6873759428344581,0.6873759428344581,3,C,1.0,1.0,1,C,5,3463,3469,0.9982703949264918
JZW_HQL_0520_C_W991-52_crop_02.jpg,2,B,1,1367,0.5603511338697879,0.5603511338697879,2,B,1.0,1.0,1,B,2,766,836,0.916267942583732
JZW_HQL_0520_C_W991-52_crop_02.jpg,3,C,1,2109,0.6723565670934092,0.6723565670934092,3,C,1.0,1.0,1,C,3,1418,1418,1.0
JZW_HQL_0520_C_W991-52_crop_02.jpg,3,C,2,4949,0.7159022024651445,0.3232976358860376,2,B,0.5484053062376517,0.4515946937623483,2,B|C,4,3543,3659,0.9682973490024597
JZW_HQL_0520_C_W991-52_crop_02.jpg,3,C,3,738,0.0,0.0,0,bg,0.0,0.0,0,,0,0,0,0.0
JZW_HQL_0520_C_W991-53_crop_00.jpg,2,B,1,5208,0.4416282642089094,0.4416282642089094,2,B,1.0,1.0,1,B,2,2300,2300,1.0
JZW_HQL_0520_C_W991-53_crop_00.jpg,2,B,2,9235,0.655549539794261,0.02566323768272875,3,C,0.9608523290386521,0.03914767096134787,1,C,3,6054,6120,0.9892156862745098
JZW_HQL_0520_C_W991-53_crop_00.jpg,3,C,1,2168,0.26845018450184505,0.26845018450184505,3,C,1.0,1.0,1,C,1,582,582,1.0
JZW_HQL_0520_C_W991-55_crop_01.jpg,2,B,1,10802,0.9565821144232549,0.24375115719311238,3,C,0.7451853285589858,0.2548146714410142,2,B|C,1,10333,11315,0.9132125497127707
JZW_HQL_0520_C_W991-55_crop_01.jpg,3,C,1,597,0.7772194304857621,0.7772194304857621,3,C,1.0,1.0,1,C,2,464,479,0.9686847599164927
JZW_HQL_0520_C_W991-55_crop_01.jpg,3,C,2,941,0.8777895855472901,0.8777895855472901,3,C,1.0,1.0,1,C,3,826,1060,0.779245283018868
JZW_HQL_0520_C_W991-55_crop_01.jpg,3,C,3,4371,0.9789521848547243,0.9789521848547243,3,C,1.0,1.0,1,C,6,4279,5397,0.7928478784509913
JZW_HQL_0520_C_W991-55_crop_01.jpg,3,C,4,484,0.9958677685950413,0.9958677685950413,3,C,1.0,1.0,1,C,7,482,784,0.6147959183673469
JZW_HQL_0520_C_W991-55_crop_02.jpg,2,B,1,6861,0.13234222416557354,0.13234222416557354,2,B,1.0,1.0,1,B,2,565,565,1.0
JZW_HQL_0520_C_W991-55_crop_02.jpg,3,C,1,4123,0.9544021343681786,0.9544021343681786,3,C,1.0,1.0,1,C,1,3935,4527,0.8692290700242986
JZW_HQL_0520_C_W991-55_crop_03.jpg,3,C,1,8340,0.8985611510791367,0.8068345323741007,3,C,0.8979183346677342,0.8979183346677342,2,B|C,2,7494,7875,0.9516190476190476
JZW_HQL_0520_C_W991-59_crop_00.jpg,3,C,1,4758,0.8961748633879781,0.8961748633879781,3,C,1.0,1.0,1,C,1,4264,5202,0.8196847366397539
JZW_HQL_0520_C_W991-59_crop_00.jpg,3,C,2,1266,0.9747235387045814,0.9747235387045814,3,C,1.0,1.0,1,C,2,1234,1576,0.7829949238578681
JZW_HQL_0520_C_W991-59_crop_00.jpg,3,C,3,714,0.9635854341736695,0.9635854341736695,3,C,1.0,1.0,1,C,3,688,1001,0.6873126873126874
JZW_HQL_0520_C_W991-59_crop_00.jpg,3,C,4,3444,0.9468641114982579,0.9468641114982579,3,C,1.0,1.0,1,C,4,3261,3608,0.9038248337028825
JZW_HQL_0520_C_W991-59_crop_00.jpg,3,C,5,1224,0.8570261437908496,0.8570261437908496,3,C,1.0,1.0,1,C,5,1049,1090,0.9623853211009175
JZW_HQL_0520_C_W991-59_crop_00.jpg,3,C,6,2697,0.8624397478680015,0.8624397478680015,3,C,1.0,1.0,1,C,6,2326,2417,0.9623500206868019
JZW_HQL_0520_C_W991-59_crop_00.jpg,3,C,7,401,0.9650872817955112,0.9650872817955112,3,C,1.0,1.0,1,C,7,387,570,0.6789473684210526
JZW_HQL_0520_C_W991-59_crop_02.jpg,2,B,1,4562,0.8805348531345901,0.8805348531345901,2,B,1.0,1.0,1,B,1,4017,4928,0.815137987012987
JZW_HQL_0520_C_W991-59_crop_02.jpg,3,C,1,14248,0.9700308815272319,0.0,2,B,1.0,0.0,1,B,2,13821,16207,0.8527796631085334
JZW_HQL_0520_C_W991-60_crop_02.jpg,3,C,1,903,0.9313399778516057,0.9313399778516057,3,C,1.0,1.0,1,C,2,841,1000,0.841
JZW_HQL_0520_C_W991-60_crop_02.jpg,3,C,2,780,0.958974358974359,0.958974358974359,3,C,1.0,1.0,1,C,3,748,1034,0.723404255319149
JZW_HQL_0520_C_W991-60_crop_02.jpg,3,C,3,833,0.7743097238895558,0.7743097238895558,3,C,1.0,1.0,1,C,6,645,687,0.9388646288209607
JZW_HQL_0520_C_W991-62_crop_01.jpg,3,C,1,2243,0.9625501560410165,0.0,2,B,1.0,0.0,1,B,1,2159,14183,0.1522244941126701
JZW_HQL_0520_C_W991-62_crop_01.jpg,3,C,2,9104,0.9214630931458699,0.0,2,B,1.0,0.0,1,B,1,8389,14183,0.5914827610519636
JZW_HQL_0520_C_W991-62_crop_01.jpg,3,C,3,3017,0.8776930725886642,0.43254888962545573,2,B,0.5071752265861027,0.4928247734138973,2,B|C,2,2648,3063,0.8645119164218087
JZW_HQL_0520_C_W991-62_crop_01.jpg,3,C,4,682,0.5733137829912024,0.5733137829912024,3,C,1.0,1.0,1,C,3,391,391,1.0
JZW_HQL_0520_C_W991-62_crop_01.jpg,3,C,5,547,0.07678244972577697,0.0,2,B,1.0,0.0,1,B,4,42,42,1.0
JZW_HQL_0520_C_W991-62_crop_01.jpg,4,D,1,82,0.0,0.0,0,bg,0.0,0.0,0,,0,0,0,0.0
JZW_HQL_0520_C_W991-64_crop_01.jpg,3,C,1,2934,0.7811860940695297,0.7811860940695297,3,C,1.0,1.0,1,C,1,2292,2336,0.9811643835616438
JZW_HQL_0520_C_W991-64_crop_01.jpg,3,C,2,6842,0.6357790119847998,0.6357790119847998,3,C,1.0,1.0,1,C,3,4244,8766,0.4841432808578599
JZW_HQL_0520_C_W991-64_crop_01.jpg,3,C,3,2677,0.9548001494209937,0.9548001494209937,3,C,1.0,1.0,1,C,3,2556,8766,0.2915811088295688
JZW_HQL_0520_C_W991-64_crop_01.jpg,3,C,4,2551,0.9215993727949824,0.9215993727949824,3,C,1.0,1.0,1,C,6,2351,2821,0.8333924140375754
JZW_HQL_0520_C_W991-64_crop_01.jpg,3,C,5,682,0.998533724340176,0.998533724340176,3,C,1.0,1.0,1,C,7,681,1034,0.6586073500967118
JZW_HQL_0520_C_W991-64_crop_01.jpg,4,D,1,80,1.0,1.0,4,D,1.0,1.0,1,D,4,80,92,0.8695652173913043
JZW_HQL_0520_C_W991-66_crop_02.jpg,3,C,1,2316,0.8613989637305699,0.8613989637305699,3,C,1.0,1.0,1,C,1,1995,2117,0.942371280113368
JZW_HQL_0520_C_W991-66_crop_02.jpg,3,C,2,3030,0.5636963696369637,0.5636963696369637,3,C,1.0,1.0,1,C,4,1708,1758,0.9715585893060296
JZW_HQL_0520_C_W991-67_crop_01.jpg,3,C,1,872,0.8084862385321101,0.8084862385321101,3,C,1.0,1.0,1,C,1,705,713,0.9887798036465638
JZW_HQL_0520_C_W991-67_crop_01.jpg,3,C,2,954,0.89937106918239,0.89937106918239,3,C,1.0,1.0,1,C,2,858,893,0.9608062709966405
JZW_HQL_0520_C_W991-67_crop_01.jpg,3,C,3,8154,0.8207014961981849,0.5523669364728967,3,C,0.6730424387328153,0.6730424387328153,2,B|C,3,6692,7364,0.908745247148289
JZW_HQL_0520_C_W991-67_crop_01.jpg,3,C,4,823,0.9720534629404617,0.9720534629404617,3,C,1.0,1.0,1,C,4,800,1103,0.7252946509519492
JZW_HQL_0520_C_W991-67_crop_02.jpg,2,B,1,13868,0.8854917796365734,0.8854917796365734,2,B,1.0,1.0,1,B,1,12280,14178,0.8661306249118352
JZW_HQL_0520_C_W991-67_crop_02.jpg,2,B,2,31130,0.8884677160295534,0.8844201734661099,2,B,0.9954443560633451,0.9954443560633451,1,B,2,27658,29123,0.9496961164715173
JZW_HQL_0520_C_W991-69_crop_00.jpg,3,C,1,1453,0.8788713007570543,0.8788713007570543,3,C,1.0,1.0,1,C,1,1277,1414,0.9031117397454032
JZW_HQL_0520_C_W991-69_crop_00.jpg,3,C,2,2899,0.7699206622973439,0.7699206622973439,3,C,1.0,1.0,1,C,3,2232,2268,0.9841269841269841
JZW_HQL_0520_C_W991-69_crop_00.jpg,3,C,3,1047,0.830945558739255,0.830945558739255,3,C,1.0,1.0,1,C,4,870,1072,0.8115671641791045
JZW_HQL_0520_C_W991-69_crop_00.jpg,4,D,1,81,1.0,1.0,4,D,1.0,1.0,1,D,6,81,104,0.7788461538461539
JZW_HQL_0520_C_W991-69_crop_01.jpg,2,B,1,20418,0.759378979331962,0.759378979331962,2,B,1.0,1.0,1,B,1,15505,16870,0.9190871369294605
JZW_HQL_0520_C_W991-69_crop_01.jpg,2,B,2,6733,0.6849844051685727,0.6184464577454329,2,B,0.9028620988725065,0.9028620988725065,2,B|C,3,4612,4687,0.9839982931512695
JZW_HQL_0520_C_W991-69_crop_01.jpg,2,B,3,6614,0.8113093438161476,0.8113093438161476,2,B,1.0,1.0,1,B,4,5366,5517,0.9726300525647997
JZW_HQL_0520_C_W991-69_crop_01.jpg,3,C,1,19762,0.8844752555409372,0.8844752555409372,3,C,1.0,1.0,1,C,2,17479,18239,0.9583310488513624
JZW_HQL_0520_C_W991-69_crop_03.jpg,3,C,1,2227,0.7885047148630444,0.7885047148630444,3,C,1.0,1.0,1,C,1,1756,1962,0.8950050968399592
JZW_HQL_0520_C_W991-6_crop_01.jpg,3,C,1,11029,0.3879771511469762,0.09638226493789101,2,B,0.7515774713718159,0.24842252862818415,2,B|C,1,3277,4132,0.7930784123910939
JZW_HQL_0520_C_W991-70_crop_00.jpg,2,B,1,11553,0.8917164372890158,0.8917164372890158,2,B,1.0,1.0,1,B,2,10302,10574,0.9742765273311897
JZW_HQL_0520_C_W991-70_crop_00.jpg,3,C,1,4569,0.3803895819654191,0.3803895819654191,3,C,1.0,1.0,1,C,3,1738,2726,0.6375641966250917
JZW_HQL_0520_C_W991-70_crop_00.jpg,3,C,2,965,0.9015544041450777,0.8435233160621761,3,C,0.9356321839080459,0.9356321839080459,2,B|C,1,870,975,0.8923076923076924
JZW_HQL_0520_C_W991-70_crop_00.jpg,3,C,3,291,0.0,0.0,0,bg,0.0,0.0,0,,0,0,0,0.0
JZW_HQL_0520_C_W991-71_crop_03.jpg,3,C,1,4647,0.7538196686034,0.7538196686034,3,C,1.0,1.0,1,C,1,3503,3594,0.974680022259321
JZW_HQL_0520_C_W991-74_crop_00.jpg,2,B,1,4146,0.9228171731789677,0.9228171731789677,2,B,1.0,1.0,1,B,4,3826,4461,0.8576552342524097
JZW_HQL_0520_C_W991-74_crop_00.jpg,3,C,1,1471,0.849762066621346,0.849762066621346,3,C,1.0,1.0,1,C,1,1250,1277,0.9788566953797964
JZW_HQL_0520_C_W991-74_crop_00.jpg,3,C,2,17515,0.76306023408507,0.76306023408507,3,C,1.0,1.0,1,C,2,13365,13964,0.957103981667144
JZW_HQL_0520_C_W991-74_crop_00.jpg,3,C,3,3115,0.2645264847512038,0.2645264847512038,3,C,1.0,1.0,1,C,3,824,844,0.976303317535545
JZW_HQL_0520_C_W991-75_crop_00.jpg,3,C,1,12335,0.6445074989866234,0.6445074989866234,3,C,1.0,1.0,1,C,2,7950,10740,0.7402234636871509
JZW_HQL_0520_C_W991-75_crop_00.jpg,3,C,2,1456,0.8832417582417582,0.8832417582417582,3,C,1.0,1.0,1,C,4,1286,1783,0.7212563095905776
JZW_HQL_0520_C_W991-75_crop_00.jpg,3,C,3,1085,0.7539170506912443,0.0,2,B,1.0,0.0,1,B,3,818,1801,0.45419211549139366
JZW_HQL_0520_C_W991-75_crop_00.jpg,3,C,4,1254,0.9665071770334929,0.9665071770334929,3,C,1.0,1.0,1,C,2,1212,10740,0.11284916201117319
JZW_HQL_0520_C_W991-75_crop_00.jpg,3,C,5,999,0.8028028028028028,0.8028028028028028,3,C,1.0,1.0,1,C,6,802,986,0.8133874239350912
JZW_HQL_0520_C_W991-75_crop_00.jpg,3,C,6,971,0.6302780638516993,0.6302780638516993,3,C,1.0,1.0,1,C,7,612,697,0.8780487804878049
JZW_HQL_0520_C_W991-75_crop_00.jpg,3,C,7,3684,0.747014115092291,0.30700325732899025,2,B,0.5890261627906976,0.4109738372093023,2,B|C,8,2752,2985,0.9219430485762145
JZW_HQL_0520_C_W991-75_crop_01.jpg,3,C,1,1396,0.7349570200573066,0.7349570200573066,3,C,1.0,1.0,1,C,1,1026,1055,0.9725118483412323
JZW_HQL_0520_C_W991-75_crop_01.jpg,3,C,2,9680,0.6696280991735537,0.6696280991735537,3,C,1.0,1.0,1,C,4,5041,6303,0.7997778835475171
JZW_HQL_0520_C_W991-75_crop_01.jpg,3,C,3,12435,0.708725371934057,0.7079211901889827,3,C,0.9988653126063769,0.9988653126063769,1,C,5,8813,9058,0.972952086553323
JZW_HQL_0520_C_W991-75_crop_01.jpg,3,C,4,1171,0.6925704526046115,0.6925704526046115,3,C,1.0,1.0,1,C,6,811,839,0.966626936829559
JZW_HQL_0520_C_W991-77_crop_02.jpg,3,C,1,11147,0.8828384318650758,0.8828384318650758,3,C,1.0,1.0,1,C,1,9841,10972,0.8969194312796208
JZW_HQL_0520_C_W991-77_crop_02.jpg,3,C,2,9978,0.5601322910402886,0.36610543195029066,3,C,0.6536052961173734,0.6536052961173734,2,B|C,5,4343,4614,0.9412657130472475
JZW_HQL_0520_C_W991-77_crop_02.jpg,4,D,1,82,0.926829268292683,0.926829268292683,4,D,1.0,1.0,1,D,7,76,85,0.8941176470588236
JZW_HQL_0520_C_W991-79_crop_00.jpg,2,B,1,5732,0.7390090718771808,0.7131891137473831,2,B,0.9650613786591123,0.9650613786591123,1,B,8,4051,5714,0.7089604480224011
JZW_HQL_0520_C_W991-79_crop_00.jpg,3,C,1,1457,0.9567604667124228,0.9567604667124228,3,C,1.0,1.0,1,C,1,1394,1978,0.704752275025278
JZW_HQL_0520_C_W991-79_crop_00.jpg,3,C,2,1326,0.0,0.0,0,bg,0.0,0.0,0,,0,0,0,0.0
JZW_HQL_0520_C_W991-79_crop_00.jpg,3,C,3,1254,0.7145135566188198,0.7145135566188198,3,C,1.0,1.0,1,C,2,896,981,0.9133537206931702
JZW_HQL_0520_C_W991-79_crop_00.jpg,3,C,4,1111,0.9882988298829883,0.9882988298829883,3,C,1.0,1.0,1,C,4,1098,2368,0.46368243243243246
JZW_HQL_0520_C_W991-79_crop_00.jpg,3,C,5,2902,0.9400413507925569,0.9400413507925569,3,C,1.0,1.0,1,C,5,2728,3897,0.7000256607646907
JZW_HQL_0520_C_W991-79_crop_00.jpg,3,C,6,1025,0.855609756097561,0.855609756097561,3,C,1.0,1.0,1,C,6,877,1072,0.8180970149253731
JZW_HQL_0520_C_W991-79_crop_02.jpg,3,C,1,838,0.8544152744630071,0.8544152744630071,3,C,1.0,1.0,1,C,4,716,849,0.8433451118963486
JZW_HQL_0520_C_W991-79_crop_02.jpg,4,D,1,80,0.0,0.0,0,bg,0.0,0.0,0,,0,0,0,0.0
JZW_HQL_0520_C_W991-80_crop_01.jpg,3,C,1,4616,0.7848786828422877,0.7848786828422877,3,C,1.0,1.0,1,C,1,3623,3778,0.9589730015881419
JZW_HQL_0520_C_W991-80_crop_01.jpg,3,C,2,9129,0.8908971409792967,0.8908971409792967,3,C,1.0,1.0,1,C,2,8133,8886,0.9152599594868333
JZW_HQL_0520_C_W991-80_crop_01.jpg,3,C,3,807,0.9838909541511772,0.9838909541511772,3,C,1.0,1.0,1,C,3,794,1181,0.672311600338696
JZW_HQL_0520_C_W991-80_crop_01.jpg,3,C,4,1404,0.28205128205128205,0.28205128205128205,3,C,1.0,1.0,1,C,4,396,396,1.0
JZW_HQL_0520_C_W991-80_crop_01.jpg,3,C,5,907,0.958103638368247,0.958103638368247,3,C,1.0,1.0,1,C,5,869,1539,0.5646523716699156
JZW_HQL_0520_C_W991-83_crop_00.jpg,2,B,1,12656,0.8429993678887484,0.8429993678887484,2,B,1.0,1.0,1,B,2,10669,11291,0.9449118767159684
JZW_HQL_0520_C_W991-83_crop_00.jpg,3,C,1,1024,0.9130859375,0.9130859375,3,C,1.0,1.0,1,C,4,935,1181,0.7917019475021169
JZW_HQL_0520_C_W991-83_crop_00.jpg,3,C,2,980,0.8183673469387756,0.8183673469387756,3,C,1.0,1.0,1,C,5,802,846,0.9479905437352246
JZW_HQL_0520_C_W991-83_crop_00.jpg,3,C,3,4809,0.8696194635059263,0.8696194635059263,3,C,1.0,1.0,1,C,6,4182,4633,0.9026548672566371
JZW_HQL_0520_C_W991-83_crop_00.jpg,3,C,4,1662,0.9175691937424789,0.9175691937424789,3,C,1.0,1.0,1,C,8,1525,1726,0.8835457705677868
JZW_HQL_0520_C_W991-83_crop_00.jpg,3,C,5,2169,0.6431535269709544,0.6431535269709544,3,C,1.0,1.0,1,C,9,1395,1427,0.9775753328661527
JZW_HQL_0520_C_W991-83_crop_02.jpg,3,C,1,3690,0.9607046070460704,0.44281842818428185,2,B,0.5390691114245416,0.4609308885754584,2,B|C,1,3545,4723,0.7505822570400169
JZW_HQL_0520_C_W991-84_crop_00.jpg,3,C,1,7642,0.7508505626799267,0.7508505626799267,3,C,1.0,1.0,1,C,2,5738,7110,0.8070323488045007
JZW_HQL_0520_C_W991-84_crop_00.jpg,3,C,2,2175,0.7241379310344828,0.7241379310344828,3,C,1.0,1.0,1,C,3,1575,1575,1.0
JZW_HQL_0520_C_W991-84_crop_00.jpg,3,C,3,5364,0.668158090976883,0.668158090976883,3,C,1.0,1.0,1,C,4,3584,3591,0.9980506822612085
JZW_HQL_0520_C_W991-84_crop_00.jpg,4,D,1,73,0.0,0.0,0,bg,0.0,0.0,0,,0,0,0,0.0
JZW_HQL_0520_C_W991-85_crop_00.jpg,2,B,1,18465,0.9312212293528297,0.5034389385323585,2,B,0.5406222739168363,0.5406222739168363,2,B|C,1,17195,19238,0.8938039297224244
JZW_HQL_0520_C_W991-85_crop_00.jpg,3,C,1,1896,0.8312236286919831,0.8312236286919831,3,C,1.0,1.0,1,C,2,1576,1671,0.943147815679234
JZW_HQL_0520_C_W991-85_crop_00.jpg,3,C,2,5665,0.9657546337157987,0.9657546337157987,3,C,1.0,1.0,1,C,3,5471,7261,0.7534774824404352
JZW_HQL_0520_C_W991-85_crop_00.jpg,3,C,3,1482,0.9622132253711201,0.9622132253711201,3,C,1.0,1.0,1,C,5,1426,1838,0.7758433079434167
JZW_HQL_0520_C_W991-85_crop_00.jpg,3,C,4,2235,0.9834451901565996,0.9834451901565996,3,C,1.0,1.0,1,C,6,2198,2765,0.7949367088607595
JZW_HQL_0520_C_W991-85_crop_00.jpg,3,C,5,1037,0.8871745419479267,0.8871745419479267,3,C,1.0,1.0,1,C,8,920,1145,0.8034934497816594
JZW_HQL_0520_C_W991-85_crop_00.jpg,4,D,1,47,0.0,0.0,0,bg,0.0,0.0,0,,0,0,0,0.0
JZW_HQL_0520_C_W991-85_crop_00.jpg,4,D,2,59,0.0,0.0,0,bg,0.0,0.0,0,,0,0,0,0.0
JZW_HQL_0520_C_W991-85_crop_01.jpg,2,B,1,31847,0.768769428831601,0.669388011429648,2,B,0.8707266266388923,0.8707266266388923,2,B|C,1,21429,21854,0.9805527592202801
JZW_HQL_0520_C_W991-85_crop_01.jpg,3,C,1,3069,0.9742587161942,0.0,2,B,1.0,0.0,1,B,2,2990,3705,0.8070175438596491
JZW_HQL_0520_C_W991-85_crop_01.jpg,3,C,2,1175,0.6493617021276595,0.6493617021276595,3,C,1.0,1.0,1,C,3,763,763,1.0
JZW_HQL_0520_C_W991-85_crop_01.jpg,3,C,3,622,0.7909967845659164,0.7909967845659164,3,C,1.0,1.0,1,C,4,492,507,0.9704142011834319
JZW_HQL_0520_C_W991-85_crop_01.jpg,3,C,4,1378,0.9245283018867925,0.9245283018867925,3,C,1.0,1.0,1,C,7,1274,1601,0.7957526545908807
JZW_HQL_0520_C_W991-85_crop_01.jpg,3,C,5,491,0.5315682281059063,0.5315682281059063,3,C,1.0,1.0,1,C,8,261,279,0.9354838709677419
JZW_HQL_0520_C_W991-85_crop_01.jpg,4,D,1,78,0.0,0.0,0,bg,0.0,0.0,0,,0,0,0,0.0
JZW_HQL_0520_C_W991-86_crop_02.jpg,2,B,1,10192,0.8605769230769231,0.28404631083202514,3,C,0.6699350131113898,0.3300649868886102,2,B|C,2,8771,11487,0.7635588056063376
JZW_HQL_0520_C_W991-86_crop_02.jpg,3,C,1,972,0.9804526748971193,0.9804526748971193,3,C,1.0,1.0,1,C,1,953,1595,0.5974921630094044
JZW_HQL_0520_C_W991-86_crop_02.jpg,3,C,2,317,0.7634069400630915,0.7634069400630915,3,C,1.0,1.0,1,C,1,242,1595,0.15172413793103448
JZW_HQL_0520_C_W991-86_crop_02.jpg,3,C,3,1005,0.936318407960199,0.936318407960199,3,C,1.0,1.0,1,C,3,941,1574,0.5978398983481575
JZW_HQL_0520_C_W991-86_crop_02.jpg,3,C,4,1947,0.8864920390344119,0.8864920390344119,3,C,1.0,1.0,1,C,2,1726,11487,0.15025681204840255
JZW_HQL_0520_C_W991-86_crop_02.jpg,3,C,5,1310,0.04732824427480916,0.04732824427480916,3,C,1.0,1.0,1,C,5,62,62,1.0
JZW_HQL_0520_C_W991-87_crop_02.jpg,3,C,1,1694,0.693034238488784,0.693034238488784,3,C,1.0,1.0,1,C,1,1174,1258,0.9332273449920508
JZW_HQL_0520_C_W991-87_crop_02.jpg,3,C,2,11155,0.7817122366651725,0.7817122366651725,3,C,1.0,1.0,1,C,3,8720,10087,0.8644790324179638
JZW_HQL_0520_C_W991-87_crop_02.jpg,4,D,1,49,0.0,0.0,0,bg,0.0,0.0,0,,0,0,0,0.0
JZW_HQL_0520_Q750-17_crop_00.jpg,4,D,1,44,0.6136363636363636,0.6136363636363636,4,D,1.0,1.0,1,D,1,27,27,1.0
JZW_HQL_0520_Q750-17_crop_00.jpg,4,D,2,48,1.0,1.0,4,D,1.0,1.0,1,D,2,48,50,0.96
JZW_HQL_0520_Q750-17_crop_00.jpg,4,D,3,51,0.0,0.0,0,bg,0.0,0.0,0,,0,0,0,0.0
JZW_HQL_0520_Q750-17_crop_00.jpg,4,D,4,53,0.0,0.0,0,bg,0.0,0.0,0,,0,0,0,0.0
JZW_HQL_0520_Q750-17_crop_00.jpg,4,D,5,49,0.0,0.0,0,bg,0.0,0.0,0,,0,0,0,0.0
JZW_HQL_0520_Q750-18_crop_01.jpg,1,A,1,226,0.9734513274336283,0.9734513274336283,1,A,1.0,1.0,1,A,1,220,265,0.8301886792452831
JZW_HQL_0520_Q750-18_crop_01.jpg,4,D,1,54,0.8888888888888888,0.8888888888888888,4,D,1.0,1.0,1,D,3,48,49,0.9795918367346939
JZW_HQL_0520_Q750-18_crop_01.jpg,4,D,2,58,0.0,0.0,0,bg,0.0,0.0,0,,0,0,0,0.0
JZW_HQL_0520_Q750-18_crop_01.jpg,4,D,3,36,0.0,0.0,0,bg,0.0,0.0,0,,0,0,0,0.0
JZW_HQL_0520_Q750-19_crop_02.jpg,4,D,1,36,0.0,0.0,0,bg,0.0,0.0,0,,0,0,0,0.0
JZW_HQL_0520_Q750-19_crop_02.jpg,4,D,2,56,0.9285714285714286,0.9285714285714286,4,D,1.0,1.0,1,D,1,52,54,0.9629629629629629
JZW_HQL_0520_Q750-21_crop_01.jpg,4,D,1,45,0.0,0.0,0,bg,0.0,0.0,0,,0,0,0,0.0
JZW_HQL_0520_Q750-21_crop_01.jpg,4,D,2,39,0.0,0.0,0,bg,0.0,0.0,0,,0,0,0,0.0
JZW_HQL_0520_Q750-21_crop_01.jpg,4,D,3,40,0.0,0.0,0,bg,0.0,0.0,0,,0,0,0,0.0
JZW_HQL_0520_Q750-21_crop_01.jpg,4,D,4,35,0.0,0.0,0,bg,0.0,0.0,0,,0,0,0,0.0
JZW_HQL_0520_Q750-23_crop_00.jpg,4,D,1,53,0.0,0.0,0,bg,0.0,0.0,0,,0,0,0,0.0
JZW_HQL_0520_Q750-23_crop_00.jpg,4,D,2,30,0.0,0.0,0,bg,0.0,0.0,0,,0,0,0,0.0
JZW_HQL_0520_Q750-23_crop_00.jpg,4,D,3,41,0.0,0.0,0,bg,0.0,0.0,0,,0,0,0,0.0
JZW_HQL_0520_Q750-23_crop_00.jpg,4,D,4,66,0.0,0.0,0,bg,0.0,0.0,0,,0,0,0,0.0
JZW_HQL_0520_Q750-23_crop_02.jpg,4,D,1,30,0.0,0.0,0,bg,0.0,0.0,0,,0,0,0,0.0
JZW_HQL_0520_Q750-2_crop_02.jpg,4,D,1,55,0.0,0.0,0,bg,0.0,0.0,0,,0,0,0,0.0
JZW_HQL_0520_Q750-2_crop_02.jpg,4,D,2,42,0.0,0.0,0,bg,0.0,0.0,0,,0,0,0,0.0
JZW_HQL_0520_Q750-2_crop_02.jpg,4,D,3,97,0.9896907216494846,0.9896907216494846,4,D,1.0,1.0,1,D,1,96,105,0.9142857142857143
JZW_HQL_0520_Q750-2_crop_02.jpg,4,D,4,40,0.0,0.0,0,bg,0.0,0.0,0,,0,0,0,0.0
JZW_HQL_0520_Q750-2_crop_02.jpg,4,D,5,56,0.0,0.0,0,bg,0.0,0.0,0,,0,0,0,0.0
JZW_HQL_0520_Q750-31_crop_00.jpg,1,A,1,216,0.2916666666666667,0.2916666666666667,1,A,1.0,1.0,1,A,1,63,69,0.9130434782608695
JZW_HQL_0520_Q750-31_crop_00.jpg,1,A,2,168,1.0,1.0,1,A,1.0,1.0,1,A,2,168,721,0.23300970873786409
JZW_HQL_0520_Q750-31_crop_00.jpg,1,A,3,160,1.0,1.0,1,A,1.0,1.0,1,A,2,160,721,0.22191400832177532
JZW_HQL_0520_Q750-31_crop_00.jpg,4,D,1,87,0.0,0.0,0,bg,0.0,0.0,0,,0,0,0,0.0
JZW_HQL_0520_Q750-31_crop_01.jpg,4,D,1,53,0.9811320754716981,0.9811320754716981,4,D,1.0,1.0,1,D,1,52,53,0.9811320754716981
JZW_HQL_0520_Q750-35_crop_00.jpg,4,D,1,45,0.0,0.0,0,bg,0.0,0.0,0,,0,0,0,0.0
JZW_HQL_0520_Q750-35_crop_00.jpg,4,D,2,40,0.0,0.0,0,bg,0.0,0.0,0,,0,0,0,0.0
JZW_HQL_0520_Q750-35_crop_00.jpg,4,D,3,46,1.0,1.0,4,D,1.0,1.0,1,D,1,46,52,0.8846153846153846
JZW_HQL_0520_Q750-35_crop_01.jpg,1,A,1,292,0.8972602739726028,0.8972602739726028,1,A,1.0,1.0,1,A,2,262,264,0.9924242424242424
JZW_HQL_0520_Q750-36_crop_00.jpg,4,D,1,59,0.0,0.0,0,bg,0.0,0.0,0,,0,0,0,0.0
JZW_HQL_0520_Q750-36_crop_02.jpg,4,D,1,58,0.0,0.0,0,bg,0.0,0.0,0,,0,0,0,0.0
JZW_HQL_0520_Q750-37_crop_00.jpg,4,D,1,66,0.8484848484848485,0.8484848484848485,4,D,1.0,1.0,1,D,1,56,57,0.9824561403508771
JZW_HQL_0520_Q750-37_crop_00.jpg,4,D,2,44,0.3409090909090909,0.3409090909090909,4,D,1.0,1.0,1,D,3,15,15,1.0
JZW_HQL_0520_Q750-37_crop_00.jpg,4,D,3,38,0.0,0.0,0,bg,0.0,0.0,0,,0,0,0,0.0
JZW_HQL_0520_Q750-3_crop_00.jpg,4,D,1,51,0.0,0.0,0,bg,0.0,0.0,0,,0,0,0,0.0
JZW_HQL_0520_Q750-3_crop_00.jpg,4,D,2,128,0.7890625,0.7890625,4,D,1.0,1.0,1,D,1,101,101,1.0
JZW_HQL_0520_Q750-3_crop_02.jpg,4,D,1,63,0.0,0.0,0,bg,0.0,0.0,0,,0,0,0,0.0
JZW_HQL_0520_Q750-41_crop_00.jpg,1,A,1,1878,0.6789137380191693,0.19808306709265175,2,B,0.403921568627451,0.2917647058823529,3,A|B|C,2,1275,1275,1.0
JZW_HQL_0520_Q750-44_crop_01.jpg,1,A,1,212,0.9575471698113207,0.9575471698113207,1,A,1.0,1.0,1,A,2,203,225,0.9022222222222223
JZW_HQL_0520_Q750-45_crop_01.jpg,3,C,1,166,0.8734939759036144,0.0,1,A,1.0,0.0,1,A,3,145,161,0.9006211180124224
JZW_HQL_0520_Q750-45_crop_01.jpg,4,D,1,60,0.75,0.75,4,D,1.0,1.0,1,D,1,45,46,0.9782608695652174
JZW_HQL_0520_Q750-45_crop_01.jpg,4,D,2,60,0.8666666666666667,0.0,2,B,1.0,0.0,1,B,2,52,113,0.46017699115044247
JZW_HQL_0520_Q750-45_crop_01.jpg,4,D,3,44,0.9545454545454546,0.9545454545454546,4,D,1.0,1.0,1,D,4,42,45,0.9333333333333333
JZW_HQL_0520_Q750-45_crop_01.jpg,4,D,4,51,1.0,1.0,4,D,1.0,1.0,1,D,5,51,55,0.9272727272727272
JZW_HQL_0520_Q750-47_crop_01.jpg,4,D,1,55,0.8727272727272727,0.8727272727272727,4,D,1.0,1.0,1,D,1,48,52,0.9230769230769231
JZW_HQL_0520_Q750-47_crop_01.jpg,4,D,2,320,0.6625,0.6625,4,D,1.0,1.0,1,D,2,212,212,1.0
JZW_HQL_0520_Q750-48_crop_02.jpg,1,A,1,384,0.8541666666666666,0.8541666666666666,1,A,1.0,1.0,1,A,2,328,328,1.0
JZW_HQL_0520_Q750-48_crop_02.jpg,1,A,2,755,0.9642384105960264,0.9642384105960264,1,A,1.0,1.0,1,A,3,728,865,0.8416184971098266
JZW_HQL_0520_Q750-5_crop_00.jpg,1,A,1,787,0.9707750952986023,0.9707750952986023,1,A,1.0,1.0,1,A,1,764,831,0.9193742478941035
JZW_HQL_0520_Q750-5_crop_00.jpg,4,D,1,49,0.0,0.0,0,bg,0.0,0.0,0,,0,0,0,0.0
JZW_HQL_0520_Q750-7_crop_00.jpg,1,A,1,385,0.9376623376623376,0.9376623376623376,1,A,1.0,1.0,1,A,1,361,385,0.9376623376623376
JZW_HQL_0520_Q750-7_crop_00.jpg,1,A,2,409,0.9828850855745721,0.9828850855745721,1,A,1.0,1.0,1,A,3,402,444,0.9054054054054054
JZW_HQL_0520_Q750-7_crop_00.jpg,4,D,1,77,0.7142857142857143,0.7142857142857143,4,D,1.0,1.0,1,D,2,55,55,1.0
JZW_HQL_0520_Q750-9_crop_00.jpg,3,C,1,6120,0.9338235294117647,0.06535947712418301,2,B,0.9300087489063867,0.0699912510936133,2,B|C,1,5715,7518,0.7601755786113328
SZ0529_1-14_crop_00.jpg,1,A,1,412,0.7135922330097088,0.7135922330097088,1,A,1.0,1.0,1,A,2,294,301,0.9767441860465116
SZ0529_1-14_crop_00.jpg,4,D,1,49,0.10204081632653061,0.10204081632653061,4,D,1.0,1.0,1,D,1,5,5,1.0
SZ0529_1-23_crop_00.jpg,4,D,1,253,0.8774703557312253,0.8774703557312253,4,D,1.0,1.0,1,D,1,222,223,0.9955156950672646
SZ0529_1-27_crop_00.jpg,1,A,1,301,0.6677740863787376,0.6677740863787376,1,A,1.0,1.0,1,A,1,201,210,0.9571428571428572
SZ0529_1-28_crop_01.jpg,1,A,1,203,0.9655172413793104,0.9655172413793104,1,A,1.0,1.0,1,A,1,196,218,0.8990825688073395
SZ0529_1-30_crop_01.jpg,4,D,1,113,0.0,0.0,0,bg,0.0,0.0,0,,0,0,0,0.0
SZ0529_1-3_crop_00.jpg,1,A,1,223,0.7443946188340808,0.7443946188340808,1,A,1.0,1.0,1,A,1,166,200,0.83
SZ0529_1-3_crop_00.jpg,1,A,2,74,0.0,0.0,0,bg,0.0,0.0,0,,0,0,0,0.0
SZ0529_1-8_crop_01.jpg,1,A,1,160,0.0,0.0,0,bg,0.0,0.0,0,,0,0,0,0.0
SZ0529_1-8_crop_01.jpg,1,A,2,174,0.8275862068965517,0.8275862068965517,1,A,1.0,1.0,1,A,1,144,162,0.8888888888888888
SZ0529_2-12_crop_00.jpg,1,A,1,150,0.94,0.94,1,A,1.0,1.0,1,A,2,141,183,0.7704918032786885
SZ0529_2-15_crop_01.jpg,1,A,1,193,0.3005181347150259,0.3005181347150259,1,A,1.0,1.0,1,A,2,58,59,0.9830508474576272
SZ0529_2-24_crop_00.jpg,1,A,1,251,0.749003984063745,0.749003984063745,1,A,1.0,1.0,1,A,1,188,199,0.9447236180904522
SZ0529_2-24_crop_02.jpg,1,A,1,199,0.8592964824120602,0.8592964824120602,1,A,1.0,1.0,1,A,1,171,179,0.9553072625698324
SZ0529_2-4_crop_02.jpg,4,D,1,113,0.0,0.0,0,bg,0.0,0.0,0,,0,0,0,0.0
SZ0529_2-5_crop_00.jpg,4,D,1,294,0.0,0.0,0,bg,0.0,0.0,0,,0,0,0,0.0
SZ0529_2-5_crop_00.jpg,4,D,2,81,0.0,0.0,0,bg,0.0,0.0,0,,0,0,0,0.0
SZ0529_3-13_crop_00.jpg,1,A,1,175,0.8457142857142858,0.8457142857142858,1,A,1.0,1.0,1,A,2,148,182,0.8131868131868132
SZ0529_4-12_crop_00.jpg,1,A,1,557,0.7863554757630161,0.7863554757630161,1,A,1.0,1.0,1,A,1,438,455,0.9626373626373627
SZ0529_4-16_crop_00.jpg,1,A,1,60,0.9,0.9,1,A,1.0,1.0,1,A,1,54,63,0.8571428571428571
SZ0529_4-16_crop_00.jpg,1,A,2,119,0.37815126050420167,0.37815126050420167,1,A,1.0,1.0,1,A,2,45,45,1.0
SZ0529_4-16_crop_00.jpg,1,A,3,146,0.6712328767123288,0.6712328767123288,1,A,1.0,1.0,1,A,4,98,456,0.2149122807017544
SZ0529_4-16_crop_00.jpg,1,A,4,74,0.972972972972973,0.972972972972973,1,A,1.0,1.0,1,A,4,72,456,0.15789473684210525
SZ0529_4-16_crop_00.jpg,1,A,5,101,0.8910891089108911,0.8910891089108911,1,A,1.0,1.0,1,A,4,90,456,0.19736842105263158
SZ0529_4-19_crop_00.jpg,1,A,1,75,0.0,0.0,0,bg,0.0,0.0,0,,0,0,0,0.0
SZ0529_4-23_crop_00.jpg,1,A,1,495,0.9555555555555556,0.9555555555555556,1,A,1.0,1.0,1,A,1,473,549,0.8615664845173042
SZ0529_4-3_crop_02.jpg,2,B,1,193,0.917098445595855,0.0,1,A,1.0,0.0,1,A,1,177,201,0.8805970149253731
tin436_01-06_crop_00.jpg,1,A,1,508,0.8996062992125984,0.8996062992125984,1,A,1.0,1.0,1,A,3,457,471,0.970276008492569
tin436_01-06_crop_00.jpg,1,A,2,268,0.8805970149253731,0.8805970149253731,1,A,1.0,1.0,1,A,5,236,241,0.979253112033195
tin436_01-06_crop_00.jpg,1,A,3,156,0.9038461538461539,0.9038461538461539,1,A,1.0,1.0,1,A,7,141,161,0.8757763975155279
tin436_01-06_crop_00.jpg,1,A,4,328,0.7317073170731707,0.0,5,TINB/TINC,0.8291666666666667,0.0,2,TINB/TINC|TIND,8,240,240,1.0
tin436_01-06_crop_00.jpg,1,A,5,83,0.6867469879518072,0.6867469879518072,1,A,1.0,1.0,1,A,10,57,60,0.95
tin436_01-06_crop_00.jpg,1,A,6,86,0.8604651162790697,0.8604651162790697,1,A,1.0,1.0,1,A,11,74,75,0.9866666666666667
tin436_01-06_crop_00.jpg,4,D,1,75,0.0,0.0,0,bg,0.0,0.0,0,,0,0,0,0.0
tin436_01-06_crop_00.jpg,5,TINB/TINC,1,1585,0.42965299684542585,0.34132492113564666,5,TINB/TINC,0.7944199706314243,0.7944199706314243,2,A|TINB/TINC,1,541,569,0.9507908611599297
tin436_01-06_crop_00.jpg,6,TIND,1,65,0.9846153846153847,0.0,5,TINB/TINC,1.0,0.0,1,TINB/TINC,9,64,399,0.16040100250626566
tin436_01-06_crop_00.jpg,6,TIND,2,215,0.8372093023255814,0.0,5,TINB/TINC,1.0,0.0,1,TINB/TINC,9,180,399,0.45112781954887216
tin436_01-06_crop_01.jpg,1,A,1,264,0.9696969696969697,0.9696969696969697,1,A,1.0,1.0,1,A,2,256,282,0.9078014184397163
tin436_01-06_crop_01.jpg,1,A,2,689,0.888243831640058,0.888243831640058,1,A,1.0,1.0,1,A,3,612,664,0.9216867469879518
tin436_01-06_crop_01.jpg,1,A,3,95,0.9157894736842105,0.9157894736842105,1,A,1.0,1.0,1,A,5,87,92,0.9456521739130435
tin436_01-06_crop_01.jpg,4,D,1,89,0.7528089887640449,0.7528089887640449,4,D,1.0,1.0,1,D,4,67,67,1.0
tin436_01-06_crop_01.jpg,5,TINB/TINC,1,458,0.8384279475982532,0.43231441048034935,5,TINB/TINC,0.515625,0.515625,2,TINB/TINC|TIND,6,384,397,0.9672544080604534
tin436_01-06_crop_01.jpg,6,TIND,1,63,0.8253968253968254,0.0,1,A,1.0,0.0,1,A,1,52,79,0.6582278481012658
tin436_01-06_crop_01.jpg,6,TIND,2,52,0.17307692307692307,0.0,1,A,1.0,0.0,1,A,1,9,79,0.11392405063291139
tin436_01-08_crop_03.jpg,5,TINB/TINC,1,333,0.8408408408408409,0.0,1,A,1.0,0.0,1,A,1,280,332,0.8433734939759037
tin436_02-04_crop_01.jpg,1,A,1,161,0.782608695652174,0.782608695652174,1,A,1.0,1.0,1,A,1,126,129,0.9767441860465116
tin436_02-04_crop_01.jpg,1,A,2,152,0.9539473684210527,0.9539473684210527,1,A,1.0,1.0,1,A,2,145,187,0.7754010695187166
tin436_02-04_crop_01.jpg,1,A,3,281,0.7153024911032029,0.7153024911032029,1,A,1.0,1.0,1,A,5,201,265,0.7584905660377359
tin436_02-04_crop_01.jpg,1,A,4,87,0.8850574712643678,0.8850574712643678,1,A,1.0,1.0,1,A,7,77,85,0.9058823529411765
tin436_02-04_crop_01.jpg,1,A,5,88,0.6818181818181818,0.6818181818181818,1,A,1.0,1.0,1,A,8,60,71,0.8450704225352113
tin436_02-04_crop_01.jpg,1,A,6,80,0.7875,0.7875,1,A,1.0,1.0,1,A,9,63,74,0.8513513513513513
tin436_02-04_crop_01.jpg,6,TIND,1,161,0.84472049689441,0.84472049689441,6,TIND,1.0,1.0,1,TIND,3,136,151,0.9006622516556292
tin436_02-04_crop_01.jpg,6,TIND,2,158,0.9810126582278481,0.9810126582278481,6,TIND,1.0,1.0,1,TIND,4,155,169,0.9171597633136095
tin436_02-04_crop_01.jpg,6,TIND,3,122,0.7704918032786885,0.7704918032786885,6,TIND,1.0,1.0,1,TIND,6,94,110,0.8545454545454545
tin436_02-06_crop_02.jpg,1,A,1,326,0.8343558282208589,0.8343558282208589,1,A,1.0,1.0,1,A,1,272,278,0.9784172661870504
tin436_02-06_crop_02.jpg,6,TIND,1,127,0.0,0.0,0,bg,0.0,0.0,0,,0,0,0,0.0
tin436_02-06_crop_02.jpg,6,TIND,2,32,0.0,0.0,0,bg,0.0,0.0,0,,0,0,0,0.0
tin436_02-09_crop_00.jpg,1,A,1,224,0.6964285714285714,0.6964285714285714,1,A,1.0,1.0,1,A,1,156,185,0.8432432432432433
tin436_02-09_crop_00.jpg,1,A,2,184,0.75,0.75,1,A,1.0,1.0,1,A,2,138,167,0.8263473053892215
tin436_02-09_crop_00.jpg,1,A,3,235,0.9829787234042553,0.9829787234042553,1,A,1.0,1.0,1,A,3,231,293,0.78839590443686
tin436_02-09_crop_00.jpg,1,A,4,320,0.84375,0.84375,1,A,1.0,1.0,1,A,4,270,313,0.8626198083067093
tin436_02-09_crop_00.jpg,1,A,5,154,0.9025974025974026,0.9025974025974026,1,A,1.0,1.0,1,A,5,139,245,0.5673469387755102
tin436_02-09_crop_00.jpg,1,A,6,98,0.5918367346938775,0.5918367346938775,1,A,1.0,1.0,1,A,6,58,65,0.8923076923076924
tin436_02-09_crop_00.jpg,1,A,7,933,0.6366559485530546,0.6355841371918542,1,A,0.9983164983164983,0.9983164983164983,1,A,9,594,870,0.6827586206896552
tin436_02-09_crop_00.jpg,1,A,8,160,0.65625,0.65625,1,A,1.0,1.0,1,A,10,105,106,0.9905660377358491
tin436_02-09_crop_00.jpg,1,A,9,508,0.8937007874015748,0.8937007874015748,1,A,1.0,1.0,1,A,11,454,464,0.978448275862069
tin436_02-09_crop_00.jpg,6,TIND,1,145,0.8758620689655172,0.8758620689655172,6,TIND,1.0,1.0,1,TIND,7,127,149,0.8523489932885906
tin436_02-09_crop_00.jpg,6,TIND,2,89,0.7191011235955056,0.7191011235955056,6,TIND,1.0,1.0,1,TIND,8,64,117,0.5470085470085471
tin436_02-09_crop_00.jpg,6,TIND,3,176,0.6761363636363636,0.5056818181818182,6,TIND,0.7478991596638656,0.7478991596638656,2,TINB/TINC|TIND,9,119,870,0.1367816091954023
tin436_02-09_crop_00.jpg,6,TIND,4,189,0.9735449735449735,0.9735449735449735,6,TIND,1.0,1.0,1,TIND,12,184,215,0.8558139534883721
tin436_02-09_crop_00.jpg,6,TIND,5,78,0.0,0.0,0,bg,0.0,0.0,0,,0,0,0,0.0
tin436_02-09_crop_00.jpg,6,TIND,6,246,0.7560975609756098,0.7560975609756098,6,TIND,1.0,1.0,1,TIND,13,186,191,0.9738219895287958
tin436_03-03_crop_01.jpg,1,A,1,146,0.8424657534246576,0.8424657534246576,1,A,1.0,1.0,1,A,3,123,135,0.9111111111111111
tin436_03-03_crop_01.jpg,1,A,2,248,0.27419354838709675,0.27419354838709675,1,A,1.0,1.0,1,A,4,68,78,0.8717948717948718
tin436_03-03_crop_01.jpg,1,A,3,889,0.81214848143982,0.81214848143982,1,A,1.0,1.0,1,A,5,414,486,0.8518518518518519
tin436_03-03_crop_01.jpg,5,TINB/TINC,1,113,0.8761061946902655,0.1415929203539823,6,TIND,0.8383838383838383,0.16161616161616163,2,TINB/TINC|TIND,1,99,110,0.9
tin436_03-03_crop_01.jpg,5,TINB/TINC,2,400,0.8925,0.8925,5,TINB/TINC,1.0,1.0,1,TINB/TINC,2,357,473,0.7547568710359408
tin436_03-06_crop_00.jpg,1,A,1,515,0.8194174757281554,0.8194174757281554,1,A,1.0,1.0,1,A,2,422,473,0.8921775898520085
tin436_03-06_crop_00.jpg,1,A,2,532,0.9473684210526315,0.9473684210526315,1,A,1.0,1.0,1,A,3,504,588,0.8571428571428571
tin436_03-06_crop_00.jpg,1,A,3,163,0.9141104294478528,0.9141104294478528,1,A,1.0,1.0,1,A,4,149,204,0.7303921568627451
tin436_03-06_crop_00.jpg,1,A,4,98,0.9489795918367347,0.9489795918367347,1,A,1.0,1.0,1,A,6,93,107,0.8691588785046729
tin436_03-06_crop_00.jpg,1,A,5,90,0.45555555555555555,0.0,5,TINB/TINC,1.0,0.0,1,TINB/TINC,10,41,61,0.6721311475409836
tin436_03-06_crop_00.jpg,1,A,6,92,0.5978260869565217,0.5978260869565217,1,A,1.0,1.0,1,A,12,55,55,1.0
tin436_03-06_crop_00.jpg,1,A,7,429,0.6853146853146853,0.6853146853146853,1,A,1.0,1.0,1,A,13,294,294,1.0
tin436_03-06_crop_00.jpg,1,A,8,136,0.75,0.75,1,A,1.0,1.0,1,A,14,102,116,0.8793103448275862
tin436_03-06_crop_00.jpg,1,A,9,120,0.8,0.8,1,A,1.0,1.0,1,A,15,96,120,0.8
tin436_03-06_crop_00.jpg,4,D,1,38,0.0,0.0,0,bg,0.0,0.0,0,,0,0,0,0.0
tin436_03-06_crop_00.jpg,5,TINB/TINC,1,212,0.4528301886792453,0.014150943396226415,2,B,0.96875,0.03125,1,B,8,93,124,0.75
tin436_03-06_crop_00.jpg,5,TINB/TINC,2,197,0.9898477157360406,0.9898477157360406,5,TINB/TINC,1.0,1.0,1,TINB/TINC,9,195,327,0.5963302752293578
tin436_03-06_crop_00.jpg,6,TIND,1,158,0.930379746835443,0.17088607594936708,5,TINB/TINC,0.8163265306122449,0.1836734693877551,2,TINB/TINC|TIND,1,147,156,0.9423076923076923
tin436_03-06_crop_00.jpg,6,TIND,2,37,1.0,1.0,6,TIND,1.0,1.0,1,TIND,5,37,76,0.4868421052631579
tin436_03-06_crop_00.jpg,6,TIND,3,61,0.7049180327868853,0.6721311475409836,6,TIND,0.9534883720930233,0.9534883720930233,1,TIND,7,43,71,0.6056338028169014
tin436_03-06_crop_00.jpg,6,TIND,4,68,0.0,0.0,0,bg,0.0,0.0,0,,0,0,0,0.0
tin436_03-06_crop_00.jpg,6,TIND,5,51,0.8235294117647058,0.7450980392156863,6,TIND,0.9047619047619048,0.9047619047619048,2,A|TIND,11,42,75,0.56
tin436_04-06_crop_01.jpg,1,A,1,390,0.8307692307692308,0.8307692307692308,1,A,1.0,1.0,1,A,2,324,357,0.907563025210084
tin436_04-06_crop_01.jpg,1,A,2,397,0.8438287153652393,0.8438287153652393,1,A,1.0,1.0,1,A,4,335,713,0.46984572230014027
tin436_04-06_crop_01.jpg,1,A,3,324,0.8580246913580247,0.8580246913580247,1,A,1.0,1.0,1,A,4,278,713,0.3899018232819074
tin436_04-06_crop_01.jpg,6,TIND,1,187,0.8770053475935828,0.8770053475935828,6,TIND,1.0,1.0,1,TIND,5,164,177,0.9265536723163842
tin436_04-08_crop_03.jpg,1,A,1,573,0.7347294938917975,0.7347294938917975,1,A,1.0,1.0,1,A,1,421,422,0.9976303317535545
tin436_04-08_crop_03.jpg,1,A,2,156,0.5128205128205128,0.5128205128205128,1,A,1.0,1.0,1,A,2,80,80,1.0
tin436_04-08_crop_03.jpg,1,A,3,6,0.0,0.0,0,bg,0.0,0.0,0,,0,0,0,0.0
tin436_04-08_crop_03.jpg,6,TIND,1,7,0.0,0.0,0,bg,0.0,0.0,0,,0,0,0,0.0
tin436_05-04_crop_00.jpg,1,A,1,419,0.8042959427207638,0.8042959427207638,1,A,1.0,1.0,1,A,1,337,393,0.8575063613231552
tin436_05-04_crop_00.jpg,1,A,2,1066,0.8714821763602252,0.8714821763602252,1,A,1.0,1.0,1,A,2,929,988,0.9402834008097166
tin436_05-04_crop_00.jpg,1,A,3,570,0.9052631578947369,0.9052631578947369,1,A,1.0,1.0,1,A,3,516,578,0.8927335640138409
tin436_05-04_crop_00.jpg,1,A,4,522,0.9444444444444444,0.9444444444444444,1,A,1.0,1.0,1,A,5,493,604,0.8162251655629139
tin436_05-04_crop_00.jpg,1,A,5,130,0.6384615384615384,0.6384615384615384,1,A,1.0,1.0,1,A,6,83,83,1.0
tin436_05-04_crop_00.jpg,1,A,6,95,0.0,0.0,0,bg,0.0,0.0,0,,0,0,0,0.0
tin436_05-04_crop_00.jpg,5,TINB/TINC,1,185,0.8432432432432433,0.13513513513513514,6,TIND,0.8397435897435898,0.16025641025641027,2,TINB/TINC|TIND,7,156,166,0.9397590361445783
tin436_05-04_crop_00.jpg,6,TIND,1,133,0.8120300751879699,0.8120300751879699,6,TIND,1.0,1.0,1,TIND,8,108,187,0.5775401069518716
tin436_05-04_crop_01.jpg,6,TIND,1,342,0.0,0.0,0,bg,0.0,0.0,0,,0,0,0,0.0
tin_0731_01-04_crop_00.jpg,5,TINB/TINC,1,1600,0.5775,0.5775,5,TINB/TINC,1.0,1.0,1,TINB/TINC,1,924,1005,0.9194029850746268
tin_0731_01-04_crop_00.jpg,5,TINB/TINC,2,374,0.9010695187165776,0.8422459893048129,5,TINB/TINC,0.9347181008902077,0.9347181008902077,2,TINB/TINC|TIND,8,337,369,0.9132791327913279
tin_0731_01-04_crop_00.jpg,6,TIND,1,300,0.0,0.0,0,bg,0.0,0.0,0,,0,0,0,0.0
tin_0731_01-04_crop_00.jpg,6,TIND,2,602,0.9700996677740864,0.9700996677740864,6,TIND,1.0,1.0,1,TIND,2,584,658,0.8875379939209727
tin_0731_01-04_crop_00.jpg,6,TIND,3,184,0.03804347826086957,0.03804347826086957,6,TIND,1.0,1.0,1,TIND,3,3,3,1.0
tin_0731_01-10_crop_00.jpg,4,D,1,146,0.0,0.0,0,bg,0.0,0.0,0,,0,0,0,0.0
tin_0731_01-10_crop_00.jpg,5,TINB/TINC,1,179,0.9888268156424581,0.9888268156424581,5,TINB/TINC,1.0,1.0,1,TINB/TINC,2,177,3038,0.05826201448321264
tin_0731_01-10_crop_00.jpg,5,TINB/TINC,2,2136,0.7546816479400749,0.7546816479400749,5,TINB/TINC,1.0,1.0,1,TINB/TINC,2,1497,3038,0.49275839368005264
tin_0731_01-10_crop_00.jpg,6,TIND,1,109,0.7706422018348624,0.7706422018348624,6,TIND,1.0,1.0,1,TIND,1,84,88,0.9545454545454546
tin_0731_01-10_crop_00.jpg,6,TIND,2,295,0.8542372881355932,0.8542372881355932,6,TIND,1.0,1.0,1,TIND,3,252,293,0.8600682593856656
tin_0731_01-10_crop_00.jpg,6,TIND,3,134,0.8059701492537313,0.7985074626865671,6,TIND,0.9907407407407407,0.9907407407407407,1,TIND,4,108,140,0.7714285714285715
tin_0731_01-10_crop_00.jpg,6,TIND,4,136,1.0,0.0,5,TINB/TINC,1.0,0.0,1,TINB/TINC,6,136,701,0.19400855920114124
tin_0731_01-19_crop_00.jpg,5,TINB/TINC,1,367,0.773841961852861,0.0,6,TIND,1.0,0.0,1,TIND,2,284,293,0.9692832764505119
tin_0731_01-19_crop_00.jpg,5,TINB/TINC,2,159,0.4968553459119497,0.0,6,TIND,1.0,0.0,1,TIND,3,79,101,0.7821782178217822
tin_0731_01-19_crop_00.jpg,5,TINB/TINC,3,1534,0.7222946544980443,0.3350717079530639,6,TIND,0.5361010830324909,0.463898916967509,2,TINB/TINC|TIND,4,981,1203,0.8154613466334164
tin_0731_01-19_crop_00.jpg,6,TIND,1,125,0.872,0.872,6,TIND,1.0,1.0,1,TIND,1,109,118,0.923728813559322
tin_0731_01-25_crop_00.jpg,6,TIND,1,290,0.9655172413793104,0.9655172413793104,6,TIND,1.0,1.0,1,TIND,1,280,346,0.8092485549132948
tin_0731_01-25_crop_00.jpg,6,TIND,2,188,0.675531914893617,0.675531914893617,6,TIND,1.0,1.0,1,TIND,2,127,148,0.8581081081081081
tin_0731_01-26_crop_00.jpg,5,TINB/TINC,1,2935,0.8807495741056218,0.8807495741056218,5,TINB/TINC,1.0,1.0,1,TINB/TINC,1,2585,4260,0.6068075117370892
tin_0731_01-26_crop_00.jpg,5,TINB/TINC,2,1076,0.5604089219330854,0.5195167286245354,5,TINB/TINC,0.9270315091210614,0.9270315091210614,2,TINB/TINC|TIND,2,520,553,0.9403254972875226
tin_0731_01-26_crop_00.jpg,5,TINB/TINC,3,2954,0.2830060934326337,0.23121191604603927,5,TINB/TINC,0.8169856459330144,0.8169856459330144,2,TINB/TINC|TIND,6,548,650,0.8430769230769231
tin_0731_01-26_crop_00.jpg,5,TINB/TINC,4,2904,0.8832644628099173,0.8832644628099173,5,TINB/TINC,1.0,1.0,1,TINB/TINC,5,2565,3042,0.8431952662721893
tin_0731_01-26_crop_00.jpg,6,TIND,1,288,0.8645833333333334,0.8194444444444444,6,TIND,0.9477911646586346,0.9477911646586346,2,TINB/TINC|TIND,8,249,286,0.8706293706293706
tin_0731_01-27_crop_00.jpg,5,TINB/TINC,1,1212,0.8465346534653465,0.8465346534653465,5,TINB/TINC,1.0,1.0,1,TINB/TINC,3,1026,1219,0.8416735028712059
tin_0731_01-27_crop_00.jpg,5,TINB/TINC,2,1618,0.7274412855377008,0.6334981458590853,5,TINB/TINC,0.8708581138487681,0.8708581138487681,2,TINB/TINC|TIND,4,1177,1308,0.8998470948012233
tin_0731_01-27_crop_00.jpg,5,TINB/TINC,3,1735,0.3152737752161383,0.3152737752161383,5,TINB/TINC,1.0,1.0,1,TINB/TINC,5,547,558,0.9802867383512545
tin_0731_01-27_crop_00.jpg,6,TIND,1,146,0.9315068493150684,0.0,5,TINB/TINC,1.0,0.0,1,TINB/TINC,1,136,658,0.2066869300911854
tin_0731_01-27_crop_00.jpg,6,TIND,2,448,0.9955357142857143,0.9955357142857143,6,TIND,1.0,1.0,1,TIND,2,446,622,0.7170418006430869
tin_0731_01-30_crop_02.jpg,6,TIND,1,248,0.9838709677419355,0.0,5,TINB/TINC,1.0,0.0,1,TINB/TINC,1,244,464,0.5258620689655172
tin_0731_01-31_crop_00.jpg,4,D,1,113,0.0,0.0,0,bg,0.0,0.0,0,,0,0,0,0.0
tin_0731_01-31_crop_00.jpg,6,TIND,1,532,0.8703007518796992,0.2932330827067669,5,TINB/TINC,0.6630669546436285,0.3369330453563715,2,TINB/TINC|TIND,1,463,546,0.847985347985348
tin_0731_01-31_crop_00.jpg,6,TIND,2,484,0.9545454545454546,0.9524793388429752,6,TIND,0.9978354978354979,0.9978354978354979,1,TIND,3,462,594,0.7777777777777778
tin_0731_01-31_crop_00.jpg,6,TIND,3,269,1.0,0.0,5,TINB/TINC,1.0,0.0,1,TINB/TINC,6,269,510,0.5274509803921569
tin_0731_01-32_crop_00.jpg,4,D,1,81,0.0,0.0,0,bg,0.0,0.0,0,,0,0,0,0.0
tin_0731_02-04_crop_00.jpg,5,TINB/TINC,1,2514,0.8520286396181385,0.8520286396181385,5,TINB/TINC,1.0,1.0,1,TINB/TINC,1,2142,2754,0.7777777777777778
tin_0731_02-05_crop_01.jpg,5,TINB/TINC,1,806,0.9305210918114144,0.9305210918114144,5,TINB/TINC,1.0,1.0,1,TINB/TINC,2,750,921,0.8143322475570033
tin_0731_02-05_crop_01.jpg,5,TINB/TINC,2,2387,0.38583996648512775,0.38583996648512775,5,TINB/TINC,1.0,1.0,1,TINB/TINC,3,392,763,0.5137614678899083
tin_0731_02-05_crop_01.jpg,6,TIND,1,155,0.7483870967741936,0.7483870967741936,6,TIND,1.0,1.0,1,TIND,1,116,119,0.9747899159663865
tin_0731_02-05_crop_01.jpg,6,TIND,2,85,0.0,0.0,0,bg,0.0,0.0,0,,0,0,0,0.0
tin_0731_02-05_crop_01.jpg,6,TIND,3,139,0.9280575539568345,0.0,5,TINB/TINC,1.0,0.0,1,TINB/TINC,6,129,182,0.7087912087912088
tin_0731_02-12_crop_00.jpg,6,TIND,1,147,0.8027210884353742,0.8027210884353742,6,TIND,1.0,1.0,1,TIND,1,118,128,0.921875
tin_0731_02-12_crop_00.jpg,6,TIND,2,142,0.8450704225352113,0.8450704225352113,6,TIND,1.0,1.0,1,TIND,2,120,131,0.916030534351145
tin_0731_02-16_crop_01.jpg,6,TIND,1,564,0.7216312056737588,0.7216312056737588,6,TIND,1.0,1.0,1,TIND,1,407,440,0.925
tin_0731_02-23_crop_00.jpg,5,TINB/TINC,1,1024,0.3623046875,0.041015625,6,TIND,0.8867924528301887,0.11320754716981132,2,TINB/TINC|TIND,2,249,268,0.9291044776119403
tin_0731_02-23_crop_00.jpg,6,TIND,1,489,0.8773006134969326,0.8773006134969326,6,TIND,1.0,1.0,1,TIND,4,429,438,0.9794520547945206
tin_0731_02-25_crop_01.jpg,6,TIND,1,557,0.8420107719928187,0.8420107719928187,6,TIND,1.0,1.0,1,TIND,1,469,469,1.0
tin_0731_02-27_crop_02.jpg,5,TINB/TINC,1,1062,0.5282485875706214,0.0,6,TIND,1.0,0.0,1,TIND,1,353,353,1.0
tin_0731_02-28_crop_02.jpg,6,TIND,1,296,0.5574324324324325,0.5574324324324325,6,TIND,1.0,1.0,1,TIND,1,165,172,0.9593023255813954
tin_0731_02-28_crop_02.jpg,6,TIND,2,408,0.7941176470588235,0.7941176470588235,6,TIND,1.0,1.0,1,TIND,2,324,348,0.9310344827586207
tin_0731_03-03_crop_01.jpg,5,TINB/TINC,1,1638,0.7985347985347986,0.7985347985347986,5,TINB/TINC,1.0,1.0,1,TINB/TINC,2,881,1106,0.7965641952983725
tin_0731_03-08_crop_00.jpg,5,TINB/TINC,1,700,0.9642857142857143,0.9642857142857143,5,TINB/TINC,1.0,1.0,1,TINB/TINC,1,675,901,0.7491675915649278
tin_0731_03-08_crop_00.jpg,5,TINB/TINC,2,3453,0.6330726904141326,0.6330726904141326,5,TINB/TINC,1.0,1.0,1,TINB/TINC,2,1538,1848,0.8322510822510822
tin_0731_03-09_crop_01.jpg,5,TINB/TINC,1,2625,0.7329523809523809,0.7329523809523809,5,TINB/TINC,1.0,1.0,1,TINB/TINC,2,1774,1825,0.972054794520548
tin_0731_03-13_crop_02.jpg,5,TINB/TINC,1,4230,0.7444444444444445,0.7444444444444445,5,TINB/TINC,1.0,1.0,1,TINB/TINC,1,3149,4561,0.6904187678140759
tin_0731_03-13_crop_02.jpg,6,TIND,1,172,0.8546511627906976,0.8546511627906976,6,TIND,1.0,1.0,1,TIND,2,147,157,0.9363057324840764
tin_0731_03-27_crop_02.jpg,6,TIND,1,218,0.8119266055045872,0.8119266055045872,6,TIND,1.0,1.0,1,TIND,1,177,207,0.855072463768116
tin_0731_03-29_crop_03.jpg,6,TIND,1,145,0.9379310344827586,0.9379310344827586,6,TIND,1.0,1.0,1,TIND,1,136,141,0.9645390070921985
tin_0731_04-02_crop_00.jpg,6,TIND,1,919,0.6964091403699674,0.6964091403699674,6,TIND,1.0,1.0,1,TIND,3,640,640,1.0
tin_0731_04-02_crop_01.jpg,5,TINB/TINC,1,677,0.14918759231905465,0.0,6,TIND,1.0,0.0,1,TIND,1,101,101,1.0
tin_0731_04-08_crop_02.jpg,5,TINB/TINC,1,1147,0.7959895379250218,0.7959895379250218,5,TINB/TINC,1.0,1.0,1,TINB/TINC,1,780,1574,0.49555273189326554
tin_0731_04-10_crop_01.jpg,5,TINB/TINC,1,1356,0.9292035398230089,0.0,6,TIND,1.0,0.0,1,TIND,1,1260,1361,0.925789860396767
tin_0731_04-10_crop_02.jpg,6,TIND,1,484,0.8409090909090909,0.8409090909090909,6,TIND,1.0,1.0,1,TIND,1,407,408,0.9975490196078431
tin_0731_04-17_crop_00.jpg,5,TINB/TINC,1,1893,0.40887480190174325,0.40887480190174325,5,TINB/TINC,1.0,1.0,1,TINB/TINC,2,606,606,1.0
tin_0731_04-17_crop_00.jpg,5,TINB/TINC,2,328,0.8932926829268293,0.0,6,TIND,1.0,0.0,1,TIND,5,293,406,0.7216748768472906
tin_0731_04-17_crop_00.jpg,6,TIND,1,355,0.8901408450704226,0.8901408450704226,6,TIND,1.0,1.0,1,TIND,4,316,333,0.948948948948949
tin_0731_04-17_crop_00.jpg,6,TIND,2,67,0.746268656716418,0.746268656716418,6,TIND,1.0,1.0,1,TIND,5,50,406,0.12315270935960591
tin_0731_04-22_crop_03.jpg,5,TINB/TINC,1,2238,0.6403038427167114,0.6403038427167114,5,TINB/TINC,1.0,1.0,1,TINB/TINC,1,843,999,0.8438438438438438
tin_0731_04-25_crop_02.jpg,5,TINB/TINC,1,292,0.8287671232876712,0.0,6,TIND,1.0,0.0,1,TIND,2,242,258,0.937984496124031
tin_0731_04-29_crop_01.jpg,5,TINB/TINC,1,398,0.7462311557788944,0.32160804020100503,6,TIND,0.569023569023569,0.43097643097643096,2,TINB/TINC|TIND,1,297,300,0.99
tin_0731_04-29_crop_01.jpg,5,TINB/TINC,2,2662,0.67618332081142,0.67618332081142,5,TINB/TINC,1.0,1.0,1,TINB/TINC,2,1470,1655,0.8882175226586103
tin_0731_04-30_crop_00.jpg,6,TIND,1,389,0.7892030848329049,0.7892030848329049,6,TIND,1.0,1.0,1,TIND,1,307,322,0.953416149068323
tin_0731_05-01_crop_01.jpg,5,TINB/TINC,1,2329,0.6582224130528124,0.6582224130528124,5,TINB/TINC,1.0,1.0,1,TINB/TINC,5,1138,1215,0.9366255144032922
tin_0731_05-01_crop_01.jpg,6,TIND,1,424,0.9457547169811321,0.9457547169811321,6,TIND,1.0,1.0,1,TIND,1,401,412,0.9733009708737864
tin_0731_05-01_crop_01.jpg,6,TIND,2,284,0.9507042253521126,0.9507042253521126,6,TIND,1.0,1.0,1,TIND,2,270,391,0.690537084398977
tin_0731_05-05_crop_00.jpg,6,TIND,1,126,0.8809523809523809,0.8809523809523809,6,TIND,1.0,1.0,1,TIND,3,111,129,0.8604651162790697
tin_0731_05-05_crop_00.jpg,6,TIND,2,252,0.9880952380952381,0.9880952380952381,6,TIND,1.0,1.0,1,TIND,4,249,310,0.8032258064516129
tin_0731_05-05_crop_01.jpg,5,TINB/TINC,1,962,0.6486486486486487,0.4802494802494803,5,TINB/TINC,0.7403846153846154,0.7403846153846154,2,TINB/TINC|TIND,6,383,482,0.7946058091286307
tin_0731_05-05_crop_01.jpg,6,TIND,1,229,0.9868995633187773,0.9868995633187773,6,TIND,1.0,1.0,1,TIND,1,226,289,0.7820069204152249
tin_0731_05-05_crop_01.jpg,6,TIND,2,514,0.9202334630350194,0.9202334630350194,6,TIND,1.0,1.0,1,TIND,2,473,487,0.971252566735113
tin_0731_05-05_crop_01.jpg,6,TIND,3,157,0.8726114649681529,0.8726114649681529,6,TIND,1.0,1.0,1,TIND,3,137,138,0.9927536231884058
tin_0731_05-07_crop_01.jpg,6,TIND,1,207,0.7294685990338164,0.7294685990338164,6,TIND,1.0,1.0,1,TIND,2,151,153,0.9869281045751634
tin_0731_05-07_crop_01.jpg,6,TIND,2,114,0.9385964912280702,0.0,5,TINB/TINC,1.0,0.0,1,TINB/TINC,3,107,135,0.7925925925925926
tin_0731_05-09_crop_01.jpg,6,TIND,1,140,0.9857142857142858,0.9857142857142858,6,TIND,1.0,1.0,1,TIND,1,138,180,0.7666666666666667
tin_0731_05-09_crop_02.jpg,6,TIND,1,120,0.8583333333333333,0.8583333333333333,6,TIND,1.0,1.0,1,TIND,1,103,108,0.9537037037037037
tin_0731_05-10_crop_01.jpg,5,TINB/TINC,1,321,0.9283489096573209,0.881619937694704,5,TINB/TINC,0.9496644295302014,0.9496644295302014,2,TINB/TINC|TIND,1,298,308,0.9675324675324676
tin_0731_05-10_crop_01.jpg,6,TIND,1,411,0.9002433090024331,0.8832116788321168,6,TIND,0.981081081081081,0.981081081081081,1,TIND,2,370,372,0.9946236559139785
tin_0731_05-10_crop_01.jpg,6,TIND,2,283,0.9257950530035336,0.9222614840989399,6,TIND,0.9961832061068703,0.9961832061068703,1,TIND,4,262,284,0.9225352112676056
tin_0731_05-11_crop_00.jpg,5,TINB/TINC,1,3170,0.785173501577287,0.785173501577287,5,TINB/TINC,1.0,1.0,1,TINB/TINC,1,1448,1588,0.9118387909319899
tin_0731_05-11_crop_00.jpg,6,TIND,1,106,0.9528301886792453,0.9528301886792453,6,TIND,1.0,1.0,1,TIND,3,101,130,0.7769230769230769
tin_0731_05-13_crop_01.jpg,5,TINB/TINC,1,889,0.6861642294713161,0.6861642294713161,5,TINB/TINC,1.0,1.0,1,TINB/TINC,1,610,785,0.7770700636942676
tin_0731_05-20_crop_00.jpg,5,TINB/TINC,1,2656,0.8140060240963856,0.8140060240963856,5,TINB/TINC,1.0,1.0,1,TINB/TINC,1,2162,2621,0.824876001526135
tin_0731_05-20_crop_00.jpg,6,TIND,1,293,0.9965870307167235,0.5051194539249146,6,TIND,0.5068493150684932,0.5068493150684932,2,TINB/TINC|TIND,2,292,363,0.8044077134986226
tin_0731_05-20_crop_00.jpg,6,TIND,2,79,0.0,0.0,0,bg,0.0,0.0,0,,0,0,0,0.0
tin_0731_05-20_crop_00.jpg,6,TIND,3,238,0.9873949579831933,0.0,5,TINB/TINC,1.0,0.0,1,TINB/TINC,4,235,324,0.7253086419753086
tin_0731_05-20_crop_00.jpg,6,TIND,4,118,0.8813559322033898,0.8813559322033898,6,TIND,1.0,1.0,1,TIND,6,104,145,0.7172413793103448
tin_0731_05-20_crop_00.jpg,6,TIND,5,137,1.0,0.0,5,TINB/TINC,1.0,0.0,1,TINB/TINC,9,137,262,0.5229007633587787
tin_0731_05-20_crop_00.jpg,6,TIND,6,71,0.9859154929577465,0.0,5,TINB/TINC,1.0,0.0,1,TINB/TINC,10,70,97,0.7216494845360825
tin_0731_05-22_crop_01.jpg,6,TIND,1,356,0.9185393258426966,0.07303370786516854,5,TINB/TINC,0.9204892966360856,0.07951070336391437,2,TINB/TINC|TIND,2,327,396,0.8257575757575758
tin_0731_05-22_crop_01.jpg,6,TIND,2,202,1.0,0.0,5,TINB/TINC,1.0,0.0,1,TINB/TINC,3,202,474,0.42616033755274263
tin_0731_05-22_crop_01.jpg,6,TIND,3,303,0.9966996699669967,0.0,5,TINB/TINC,1.0,0.0,1,TINB/TINC,4,302,639,0.4726134585289515
tin_0731_05-22_crop_01.jpg,6,TIND,4,280,0.9107142857142857,0.0,5,TINB/TINC,1.0,0.0,1,TINB/TINC,5,255,872,0.29243119266055045
tin_0731_05-23_crop_00.jpg,5,TINB/TINC,1,396,0.9696969696969697,0.8712121212121212,5,TINB/TINC,0.8984375,0.8984375,2,TINB/TINC|TIND,1,384,530,0.7245283018867924
tin_0731_05-23_crop_00.jpg,5,TINB/TINC,2,576,0.9409722222222222,0.9409722222222222,5,TINB/TINC,1.0,1.0,1,TINB/TINC,7,542,1184,0.4577702702702703
tin_0731_05-23_crop_00.jpg,6,TIND,1,256,0.8515625,0.8515625,6,TIND,1.0,1.0,1,TIND,4,218,312,0.6987179487179487
tin_0731_05-25_crop_00.jpg,5,TINB/TINC,1,149,0.959731543624161,0.959731543624161,5,TINB/TINC,1.0,1.0,1,TINB/TINC,1,143,178,0.8033707865168539
tin_0731_05-25_crop_00.jpg,6,TIND,1,316,0.9810126582278481,0.9810126582278481,6,TIND,1.0,1.0,1,TIND,2,310,409,0.7579462102689487
tin_0731_05-25_crop_00.jpg,6,TIND,2,89,0.7303370786516854,0.7303370786516854,6,TIND,1.0,1.0,1,TIND,3,65,218,0.2981651376146789
tin_0731_05-25_crop_00.jpg,6,TIND,3,104,0.8269230769230769,0.8269230769230769,6,TIND,1.0,1.0,1,TIND,3,86,218,0.3944954128440367
tin_0731_05-25_crop_00.jpg,6,TIND,4,75,0.8133333333333334,0.7333333333333333,6,TIND,0.9016393442622951,0.9016393442622951,2,TINB/TINC|TIND,4,61,79,0.7721518987341772
tin_0731_05-25_crop_00.jpg,6,TIND,5,584,0.9982876712328768,0.0,5,TINB/TINC,1.0,0.0,1,TINB/TINC,5,583,1079,0.5403151065801668
tin_0731_05-25_crop_00.jpg,6,TIND,6,94,0.9361702127659575,0.9361702127659575,6,TIND,1.0,1.0,1,TIND,7,88,103,0.8543689320388349
tin_0731_05-31_crop_01.jpg,6,TIND,1,187,0.9732620320855615,0.9732620320855615,6,TIND,1.0,1.0,1,TIND,1,182,237,0.7679324894514767
tin_0731_06-01_crop_01.jpg,6,TIND,1,193,0.8704663212435233,0.8704663212435233,6,TIND,1.0,1.0,1,TIND,1,168,188,0.8936170212765957
tin_0731_06-03_crop_00.jpg,5,TINB/TINC,1,3850,0.42,0.3948051948051948,5,TINB/TINC,0.9400123685837971,0.9400123685837971,2,TINB/TINC|TIND,5,1248,1434,0.8702928870292888
tin_0731_06-03_crop_00.jpg,6,TIND,1,769,0.52925877763329,0.52925877763329,6,TIND,1.0,1.0,1,TIND,1,407,442,0.920814479638009
tin_0731_06-05_crop_01.jpg,5,TINB/TINC,1,277,1.0,1.0,5,TINB/TINC,1.0,1.0,1,TINB/TINC,2,277,487,0.5687885010266941
tin_0731_06-05_crop_01.jpg,5,TINB/TINC,2,7154,0.7418227564998602,0.7418227564998602,5,TINB/TINC,1.0,1.0,1,TINB/TINC,4,4777,5707,0.8370422288417733
tin_0731_06-05_crop_01.jpg,5,TINB/TINC,3,1322,0.924357034795764,0.924357034795764,5,TINB/TINC,1.0,1.0,1,TINB/TINC,5,1222,1431,0.8539482879105521
tin_0731_06-05_crop_01.jpg,6,TIND,1,93,0.5053763440860215,0.3333333333333333,6,TIND,0.6595744680851063,0.6595744680851063,2,TINB/TINC|TIND,1,31,31,1.0
tin_0731_06-08_crop_00.jpg,5,TINB/TINC,1,3285,0.4200913242009132,0.4200913242009132,5,TINB/TINC,1.0,1.0,1,TINB/TINC,3,1296,1327,0.9766390354182366
tin_0731_06-08_crop_00.jpg,5,TINB/TINC,2,8360,0.5466507177033493,0.5466507177033493,5,TINB/TINC,1.0,1.0,1,TINB/TINC,4,4037,5184,0.7787422839506173
tin_0731_06-08_crop_00.jpg,6,TIND,1,90,0.9666666666666667,0.0,5,TINB/TINC,1.0,0.0,1,TINB/TINC,5,87,225,0.38666666666666666
tin_0731_06-09_crop_01.jpg,5,TINB/TINC,1,199,0.8442211055276382,0.0,6,TIND,1.0,0.0,1,TIND,2,168,180,0.9333333333333333
tin_0731_06-09_crop_01.jpg,6,TIND,1,134,0.9253731343283582,0.9253731343283582,6,TIND,1.0,1.0,1,TIND,1,124,140,0.8857142857142857
tin_0731_06-10_crop_01.jpg,5,TINB/TINC,1,6884,0.5916618245206275,0.5714700755374782,5,TINB/TINC,0.9658728210164498,0.9658728210164498,1,TINB/TINC,3,3099,3342,0.9272890484739676
tin_0731_06-16_crop_01.jpg,5,TINB/TINC,1,2848,0.8283005617977528,0.8283005617977528,5,TINB/TINC,1.0,1.0,1,TINB/TINC,1,2359,2972,0.7937415881561238
tin_0731_06-16_crop_01.jpg,5,TINB/TINC,2,287,0.8815331010452961,0.3344947735191638,6,TIND,0.6205533596837944,0.3794466403162055,2,TINB/TINC|TIND,3,253,261,0.9693486590038314
tin_0731_06-16_crop_01.jpg,5,TINB/TINC,3,401,0.6982543640897756,0.6982543640897756,5,TINB/TINC,1.0,1.0,1,TINB/TINC,4,280,311,0.9003215434083601
tin_0731_06-16_crop_01.jpg,6,TIND,1,134,0.39552238805970147,0.39552238805970147,6,TIND,1.0,1.0,1,TIND,2,53,54,0.9814814814814815
tin_0731_06-17_crop_00.jpg,5,TINB/TINC,1,2491,0.8426334805299077,0.8426334805299077,5,TINB/TINC,1.0,1.0,1,TINB/TINC,2,1828,2504,0.7300319488817891
tin_0731_06-19_crop_02.jpg,6,TIND,1,629,0.8155802861685215,0.8155802861685215,6,TIND,1.0,1.0,1,TIND,1,513,550,0.9327272727272727
tin_0731_06-19_crop_02.jpg,6,TIND,2,245,0.6530612244897959,0.6530612244897959,6,TIND,1.0,1.0,1,TIND,2,160,161,0.9937888198757764
tin_0731_06-19_crop_02.jpg,6,TIND,3,454,0.8259911894273128,0.8259911894273128,6,TIND,1.0,1.0,1,TIND,3,375,512,0.732421875
tin_0731_06-20_crop_01.jpg,5,TINB/TINC,1,645,0.7968992248062016,0.0,6,TIND,1.0,0.0,1,TIND,1,514,516,0.9961240310077519
tin_0731_06-20_crop_01.jpg,5,TINB/TINC,2,275,0.7018181818181818,0.007272727272727273,6,TIND,0.9896373056994818,0.010362694300518135,1,TIND,2,193,193,1.0
tin_0731_06-20_crop_01.jpg,5,TINB/TINC,3,297,0.8956228956228957,0.8956228956228957,5,TINB/TINC,1.0,1.0,1,TINB/TINC,4,266,828,0.321256038647343
tin_0731_06-20_crop_01.jpg,6,TIND,1,127,0.33070866141732286,0.33070866141732286,6,TIND,1.0,1.0,1,TIND,3,42,54,0.7777777777777778
tin_0731_06-20_crop_01.jpg,6,TIND,2,264,0.9696969696969697,0.0,5,TINB/TINC,1.0,0.0,1,TINB/TINC,4,256,828,0.30917874396135264
tin_0731_06-21_crop_01.jpg,5,TINB/TINC,1,1545,0.3786407766990291,0.3119741100323625,5,TINB/TINC,0.8239316239316239,0.8239316239316239,2,TINB/TINC|TIND,1,585,609,0.9605911330049262
tin_0731_06-21_crop_01.jpg,5,TINB/TINC,2,283,0.8586572438162544,0.8586572438162544,5,TINB/TINC,1.0,1.0,1,TINB/TINC,2,243,260,0.9346153846153846
tin_0731_06-22_crop_03.jpg,6,TIND,1,195,0.8256410256410256,0.8256410256410256,6,TIND,1.0,1.0,1,TIND,1,161,161,1.0
tin_0731_06-24_crop_01.jpg,6,TIND,1,132,0.5909090909090909,0.5909090909090909,6,TIND,1.0,1.0,1,TIND,1,78,80,0.975
tin_0731_06-27_crop_01.jpg,5,TINB/TINC,1,986,0.9026369168356998,0.9026369168356998,5,TINB/TINC,1.0,1.0,1,TINB/TINC,1,890,1219,0.7301066447908121
tin_0731_06-27_crop_01.jpg,5,TINB/TINC,2,179,0.776536312849162,0.0,6,TIND,1.0,0.0,1,TIND,2,139,153,0.9084967320261438
tin_0731_06-27_crop_01.jpg,5,TINB/TINC,3,1206,0.19900497512437812,0.017412935323383085,6,TIND,0.9125,0.0875,2,TINB/TINC|TIND,4,239,249,0.9598393574297188
tin_0731_07-01_crop_00.jpg,5,TINB/TINC,1,2391,0.9573400250941029,0.9573400250941029,5,TINB/TINC,1.0,1.0,1,TINB/TINC,1,2289,2639,0.8673740053050398
tin_0731_07-01_crop_00.jpg,6,TIND,1,161,0.8633540372670807,0.8633540372670807,6,TIND,1.0,1.0,1,TIND,2,139,151,0.9205298013245033
tin_0731_07-01_crop_00.jpg,6,TIND,2,167,0.7065868263473054,0.7065868263473054,6,TIND,1.0,1.0,1,TIND,3,118,134,0.8805970149253731
tin_0731_07-01_crop_00.jpg,6,TIND,3,160,0.975,0.0,5,TINB/TINC,1.0,0.0,1,TINB/TINC,4,156,337,0.4629080118694362
tin_0731_07-03_crop_03.jpg,5,TINB/TINC,1,273,0.9706959706959707,0.9706959706959707,5,TINB/TINC,1.0,1.0,1,TINB/TINC,2,265,316,0.8386075949367089
tin_0731_07-05_crop_00.jpg,5,TINB/TINC,1,1896,0.9161392405063291,0.9161392405063291,5,TINB/TINC,1.0,1.0,1,TINB/TINC,1,1737,2122,0.8185673892554194
tin_0731_07-05_crop_00.jpg,6,TIND,1,133,0.0,0.0,0,bg,0.0,0.0,0,,0,0,0,0.0
tin_0731_07-05_crop_00.jpg,6,TIND,2,88,0.9659090909090909,0.0,5,TINB/TINC,1.0,0.0,1,TINB/TINC,2,85,160,0.53125
tin_0731_07-05_crop_02.jpg,6,TIND,1,105,1.0,1.0,6,TIND,1.0,1.0,1,TIND,1,105,152,0.6907894736842105
tin_0731_07-08_crop_01.jpg,6,TIND,1,135,0.8962962962962963,0.8962962962962963,6,TIND,1.0,1.0,1,TIND,1,121,130,0.9307692307692308
tin_0731_07-10_crop_01.jpg,6,TIND,1,120,0.0,0.0,0,bg,0.0,0.0,0,,0,0,0,0.0
tin_0731_07-12_crop_00.jpg,5,TINB/TINC,1,2088,0.8472222222222222,0.8472222222222222,5,TINB/TINC,1.0,1.0,1,TINB/TINC,3,1403,1935,0.7250645994832041
tin_0731_07-12_crop_00.jpg,5,TINB/TINC,2,3538,0.5672696438665913,0.4143583945732052,5,TINB/TINC,0.7304434479322371,0.7304434479322371,2,TINB/TINC|TIND,7,1238,1686,0.734282325029656
tin_0731_07-12_crop_00.jpg,5,TINB/TINC,3,3405,0.6287812041116005,0.6287812041116005,5,TINB/TINC,1.0,1.0,1,TINB/TINC,10,1593,1825,0.8728767123287671
tin_0731_07-12_crop_00.jpg,5,TINB/TINC,4,926,0.826133909287257,0.826133909287257,5,TINB/TINC,1.0,1.0,1,TINB/TINC,11,765,786,0.9732824427480916
tin_0731_07-12_crop_00.jpg,6,TIND,1,190,0.7631578947368421,0.7631578947368421,6,TIND,1.0,1.0,1,TIND,1,145,150,0.9666666666666667
tin_0731_07-12_crop_00.jpg,6,TIND,2,552,0.9221014492753623,0.32065217391304346,5,TINB/TINC,0.6522593320235757,0.3477406679764244,2,TINB/TINC|TIND,6,509,551,0.9237749546279492
tin_0731_07-12_crop_00.jpg,6,TIND,3,161,0.906832298136646,0.0,5,TINB/TINC,1.0,0.0,1,TINB/TINC,8,146,182,0.8021978021978022
tin_0731_07-13_crop_00.jpg,6,TIND,1,90,0.9888888888888889,0.9888888888888889,6,TIND,1.0,1.0,1,TIND,1,89,114,0.7807017543859649
tin_0731_07-13_crop_01.jpg,4,D,1,113,1.0,0.0,2,B,1.0,0.0,1,B,1,113,160,0.70625
tin_0731_07-17_crop_00.jpg,5,TINB/TINC,1,4511,0.3365107514963423,0.2986034138771891,5,TINB/TINC,0.8873517786561265,0.8873517786561265,2,TINB/TINC|TIND,3,880,930,0.946236559139785
tin_0731_07-17_crop_00.jpg,6,TIND,1,140,0.0,0.0,0,bg,0.0,0.0,0,,0,0,0,0.0
tin_0731_07-17_crop_00.jpg,6,TIND,2,354,0.9067796610169492,0.9067796610169492,6,TIND,1.0,1.0,1,TIND,4,321,389,0.8251928020565553
tin_0731_07-19_crop_00.jpg,5,TINB/TINC,1,3160,0.785126582278481,0.785126582278481,5,TINB/TINC,1.0,1.0,1,TINB/TINC,5,2481,2694,0.920935412026726
tin_0731_07-19_crop_00.jpg,5,TINB/TINC,2,1203,0.9758935993349959,0.9758935993349959,5,TINB/TINC,1.0,1.0,1,TINB/TINC,7,1174,1579,0.7435085497150095
tin_0731_07-19_crop_00.jpg,5,TINB/TINC,3,249,0.9879518072289156,0.9879518072289156,5,TINB/TINC,1.0,1.0,1,TINB/TINC,8,246,613,0.401305057096248
tin_0731_07-19_crop_00.jpg,6,TIND,1,121,0.743801652892562,0.743801652892562,6,TIND,1.0,1.0,1,TIND,1,90,90,1.0
tin_0731_07-19_crop_00.jpg,6,TIND,2,234,0.7692307692307693,0.7478632478632479,6,TIND,0.9722222222222222,0.9722222222222222,1,TIND,2,180,198,0.9090909090909091
tin_0731_07-19_crop_00.jpg,6,TIND,3,223,0.9192825112107623,0.9192825112107623,6,TIND,1.0,1.0,1,TIND,4,205,239,0.8577405857740585
tin_0731_07-19_crop_00.jpg,6,TIND,4,200,0.94,0.935,6,TIND,0.9946808510638298,0.9946808510638298,1,TIND,6,188,217,0.8663594470046083
tin_0731_07-19_crop_00.jpg,6,TIND,5,165,0.7333333333333333,0.0,5,TINB/TINC,1.0,0.0,1,TINB/TINC,8,121,613,0.19738988580750408
tin_0731_07-22_crop_02.jpg,6,TIND,1,171,0.8947368421052632,0.8947368421052632,6,TIND,1.0,1.0,1,TIND,1,153,165,0.9272727272727272
tin_0731_07-22_crop_03.jpg,6,TIND,1,97,0.8350515463917526,0.8350515463917526,6,TIND,1.0,1.0,1,TIND,1,81,87,0.9310344827586207
tin_0731_07-26_crop_01.jpg,4,D,1,253,0.0,0.0,0,bg,0.0,0.0,0,,0,0,0,0.0
tin_0731_07-26_crop_01.jpg,6,TIND,1,145,0.8689655172413793,0.8689655172413793,6,TIND,1.0,1.0,1,TIND,1,126,129,0.9767441860465116
tin_0731_07-26_crop_01.jpg,6,TIND,2,209,0.9712918660287081,0.9712918660287081,6,TIND,1.0,1.0,1,TIND,2,203,249,0.8152610441767069
tin_0731_07-26_crop_01.jpg,6,TIND,3,126,0.6190476190476191,0.6190476190476191,6,TIND,1.0,1.0,1,TIND,3,78,89,0.8764044943820225
tin_0731_07-30_crop_01.jpg,6,TIND,1,410,0.9829268292682927,0.24390243902439024,5,TINB/TINC,0.7518610421836228,0.24813895781637718,2,TINB/TINC|TIND,1,403,503,0.8011928429423459
tin_0731_07-30_crop_01.jpg,6,TIND,2,322,0.9751552795031055,0.8819875776397516,6,TIND,0.9044585987261147,0.9044585987261147,2,TINB/TINC|TIND,2,314,354,0.8870056497175142
tin_0731_08-01_crop_00.jpg,5,TINB/TINC,1,622,0.9726688102893891,0.9726688102893891,5,TINB/TINC,1.0,1.0,1,TINB/TINC,1,605,757,0.7992073976221928
tin_0731_08-01_crop_00.jpg,6,TIND,1,101,0.8118811881188119,0.8118811881188119,6,TIND,1.0,1.0,1,TIND,2,82,87,0.9425287356321839
tin_0731_08-01_crop_02.jpg,6,TIND,1,400,0.8825,0.0,5,TINB/TINC,1.0,0.0,1,TINB/TINC,1,353,353,1.0
tin_0731_08-03_crop_00.jpg,5,TINB/TINC,1,6053,0.7227820915248637,0.7105567487196431,5,TINB/TINC,0.9830857142857143,0.9830857142857143,1,TINB/TINC,1,4100,4119,0.9953872299101724
tin_0731_08-03_crop_00.jpg,5,TINB/TINC,2,2898,0.35438233264320224,0.16287094547964112,6,TIND,0.5404089581304771,0.4595910418695229,2,TINB/TINC|TIND,4,430,455,0.945054945054945
tin_0731_08-03_crop_00.jpg,6,TIND,1,65,0.0,0.0,0,bg,0.0,0.0,0,,0,0,0,0.0
tin_0731_08-03_crop_00.jpg,6,TIND,2,40,0.0,0.0,0,bg,0.0,0.0,0,,0,0,0,0.0
tin_0731_08-14_crop_01.jpg,5,TINB/TINC,1,212,0.910377358490566,0.910377358490566,5,TINB/TINC,1.0,1.0,1,TINB/TINC,1,193,208,0.9278846153846154
tin_0731_08-14_crop_01.jpg,5,TINB/TINC,2,2007,0.4569008470353762,0.4569008470353762,5,TINB/TINC,1.0,1.0,1,TINB/TINC,3,917,1167,0.7857754927163667
tin_0731_08-14_crop_01.jpg,5,TINB/TINC,3,2649,0.6070215175537939,0.6070215175537939,5,TINB/TINC,1.0,1.0,1,TINB/TINC,4,886,1209,0.7328370554177006
tin_0731_08-29_crop_00.jpg,5,TINB/TINC,1,7300,0.6552054794520548,0.5582191780821918,5,TINB/TINC,0.851975747438846,0.851975747438846,2,TINB/TINC|TIND,1,2370,2777,0.8534389629096147
tin_0731_08-29_crop_00.jpg,5,TINB/TINC,2,4125,0.11563636363636363,0.021333333333333333,6,TIND,0.8155136268343816,0.18448637316561844,2,TINB/TINC|TIND,3,256,256,1.0
tin_0731_08-29_crop_01.jpg,5,TINB/TINC,1,1949,0.4561313494099538,0.4561313494099538,5,TINB/TINC,1.0,1.0,1,TINB/TINC,5,449,455,0.9868131868131869
tin_0731_08-29_crop_01.jpg,6,TIND,1,318,0.9056603773584906,0.9056603773584906,6,TIND,1.0,1.0,1,TIND,1,288,300,0.96
tin_0731_08-29_crop_01.jpg,6,TIND,2,239,0.7196652719665272,0.7196652719665272,6,TIND,1.0,1.0,1,TIND,2,172,175,0.9828571428571429
tin_0731_09-02_crop_00.jpg,6,TIND,1,183,0.907103825136612,0.907103825136612,6,TIND,1.0,1.0,1,TIND,1,166,216,0.7685185185185185
tin_0731_09-04_crop_01.jpg,6,TIND,1,228,0.9649122807017544,0.9649122807017544,6,TIND,1.0,1.0,1,TIND,1,220,290,0.7586206896551724
tin_0731_09-04_crop_01.jpg,6,TIND,2,185,0.7135135135135136,0.7135135135135136,6,TIND,1.0,1.0,1,TIND,2,132,158,0.8354430379746836
tin_0731_09-04_crop_01.jpg,6,TIND,3,584,0.9452054794520548,0.9452054794520548,6,TIND,1.0,1.0,1,TIND,3,552,599,0.9215358931552587
tin_0731_09-08_crop_00.jpg,6,TIND,1,93,0.0,0.0,0,bg,0.0,0.0,0,,0,0,0,0.0
tin_0731_09-08_crop_00.jpg,6,TIND,2,93,0.0,0.0,0,bg,0.0,0.0,0,,0,0,0,0.0
tin_0731_09-08_crop_00.jpg,6,TIND,3,144,0.9861111111111112,0.9444444444444444,6,TIND,0.9577464788732394,0.9577464788732394,1,TIND,1,142,880,0.16136363636363638
tin_0731_09-08_crop_00.jpg,6,TIND,4,466,0.9721030042918455,0.5278969957081545,6,TIND,0.543046357615894,0.543046357615894,2,TINB/TINC|TIND,1,453,880,0.5147727272727273
tin_0731_09-09_crop_02.jpg,5,TINB/TINC,1,599,0.39565943238731216,0.045075125208681135,6,TIND,0.8860759493670886,0.11392405063291139,2,TINB/TINC|TIND,2,205,205,1.0
tin_0731_09-13_crop_01.jpg,6,TIND,1,294,0.9387755102040817,0.3707482993197279,5,TINB/TINC,0.605072463768116,0.39492753623188404,2,TINB/TINC|TIND,1,276,329,0.8389057750759878
tin_0731_09-13_crop_01.jpg,6,TIND,2,375,0.8533333333333334,0.8213333333333334,6,TIND,0.9625,0.9625,1,TIND,2,320,338,0.9467455621301775
tin_0731_09-14_crop_02.jpg,6,TIND,1,267,0.8838951310861424,0.8838951310861424,6,TIND,1.0,1.0,1,TIND,1,236,262,0.9007633587786259
tin_0731_09-18_crop_00.jpg,5,TINB/TINC,1,341,0.9794721407624634,0.9794721407624634,5,TINB/TINC,1.0,1.0,1,TINB/TINC,1,334,388,0.8608247422680413
tin_0731_09-18_crop_00.jpg,5,TINB/TINC,2,215,0.9953488372093023,0.9953488372093023,5,TINB/TINC,1.0,1.0,1,TINB/TINC,3,214,438,0.4885844748858447
tin_0731_09-18_crop_00.jpg,6,TIND,1,205,0.7560975609756098,0.7560975609756098,6,TIND,1.0,1.0,1,TIND,2,155,158,0.9810126582278481
tin_0731_09-18_crop_00.jpg,6,TIND,2,53,0.9056603773584906,0.0,5,TINB/TINC,1.0,0.0,1,TINB/TINC,3,48,438,0.1095890410958904
tin_0731_09-18_crop_00.jpg,6,TIND,3,221,0.8552036199095022,0.8552036199095022,6,TIND,1.0,1.0,1,TIND,4,189,201,0.9402985074626866
tin_0731_09-18_crop_00.jpg,6,TIND,4,231,0.9653679653679653,0.9653679653679653,6,TIND,1.0,1.0,1,TIND,5,223,270,0.825925925925926
tin_0731_09-18_crop_00.jpg,6,TIND,5,78,1.0,0.0,5,TINB/TINC,1.0,0.0,1,TINB/TINC,6,78,415,0.18795180722891566
tin_0731_09-18_crop_00.jpg,6,TIND,6,321,0.9906542056074766,0.0,5,TINB/TINC,1.0,0.0,1,TINB/TINC,7,318,1363,0.23330887747615553
tin_0731_09-18_crop_00.jpg,6,TIND,7,500,0.944,0.0,5,TINB/TINC,1.0,0.0,1,TINB/TINC,7,472,1363,0.3462949376375642
tin_0731_09-21_crop_02.jpg,4,D,1,81,0.0,0.0,0,bg,0.0,0.0,0,,0,0,0,0.0
tin_0731_09-21_crop_02.jpg,6,TIND,1,124,0.43548387096774194,0.3870967741935484,6,TIND,0.8888888888888888,0.8888888888888888,2,TINB/TINC|TIND,1,54,56,0.9642857142857143
tin_0731_09-22_crop_00.jpg,5,TINB/TINC,1,424,0.0,0.0,0,bg,0.0,0.0,0,,0,0,0,0.0
tin_0731_09-22_crop_00.jpg,5,TINB/TINC,2,158,0.0,0.0,0,bg,0.0,0.0,0,,0,0,0,0.0
tin_0731_09-22_crop_00.jpg,6,TIND,1,275,0.84,0.84,6,TIND,1.0,1.0,1,TIND,3,231,239,0.9665271966527197
tin_0731_09-22_crop_00.jpg,6,TIND,2,139,0.9568345323741008,0.9568345323741008,6,TIND,1.0,1.0,1,TIND,4,133,164,0.8109756097560976
tin_0731_09-22_crop_00.jpg,6,TIND,3,689,0.9912917271407837,0.9912917271407837,6,TIND,1.0,1.0,1,TIND,5,683,833,0.8199279711884754
tin_0731_09-26_crop_00.jpg,6,TIND,1,147,0.0,0.0,0,bg,0.0,0.0,0,,0,0,0,0.0
tin_0731_09-26_crop_00.jpg,6,TIND,2,127,0.0,0.0,0,bg,0.0,0.0,0,,0,0,0,0.0
tin_0731_09-26_crop_02.jpg,5,TINB/TINC,1,5895,0.5145038167938931,0.47854113655640373,5,TINB/TINC,0.9301022090339598,0.9301022090339598,2,TINB/TINC|TIND,6,1364,1716,0.7948717948717948
tin_0731_09-29_crop_01.jpg,6,TIND,1,326,0.9079754601226994,0.9079754601226994,6,TIND,1.0,1.0,1,TIND,1,296,319,0.9278996865203761
tin_0731_09-31_crop_01.jpg,4,D,1,81,0.0,0.0,0,bg,0.0,0.0,0,,0,0,0,0.0
tin_0731_09-31_crop_01.jpg,5,TINB/TINC,1,1508,0.8096816976127321,0.8096816976127321,5,TINB/TINC,1.0,1.0,1,TINB/TINC,1,1221,1380,0.8847826086956522
tin_0731_09-31_crop_01.jpg,6,TIND,1,164,0.9024390243902439,0.8292682926829268,6,TIND,0.918918918918919,0.918918918918919,2,TINB/TINC|TIND,2,148,597,0.24790619765494137
tin_0731_09-31_crop_01.jpg,6,TIND,2,128,0.8203125,0.6328125,6,TIND,0.7714285714285715,0.7714285714285715,2,TINB/TINC|TIND,2,105,597,0.17587939698492464
tin_0731_09-32_crop_00.jpg,5,TINB/TINC,1,1911,0.8377812663526949,0.8377812663526949,5,TINB/TINC,1.0,1.0,1,TINB/TINC,2,1601,1834,0.8729552889858233
tin_0731_09-32_crop_00.jpg,6,TIND,1,294,0.8571428571428571,0.7346938775510204,6,TIND,0.8571428571428571,0.8571428571428571,2,TINB/TINC|TIND,1,252,698,0.36103151862464183
tin_0731_09-32_crop_00.jpg,6,TIND,2,108,0.7222222222222222,0.1388888888888889,5,TINB/TINC,0.8076923076923077,0.19230769230769232,2,TINB/TINC|TIND,1,78,698,0.11174785100286533
tin_0731_10-02_crop_00.jpg,5,TINB/TINC,1,601,0.7254575707154742,0.7254575707154742,5,TINB/TINC,1.0,1.0,1,TINB/TINC,1,436,466,0.9356223175965666
tin_0731_10-02_crop_00.jpg,6,TIND,1,83,0.9036144578313253,0.9036144578313253,6,TIND,1.0,1.0,1,TIND,2,75,80,0.9375
tin_0731_10-04_crop_00.jpg,5,TINB/TINC,1,3037,0.7668752057951926,0.7668752057951926,5,TINB/TINC,1.0,1.0,1,TINB/TINC,2,1488,2072,0.7181467181467182
tin_0731_10-04_crop_00.jpg,6,TIND,1,1025,0.6829268292682927,0.6829268292682927,6,TIND,1.0,1.0,1,TIND,4,700,704,0.9943181818181818
tin_0731_10-04_crop_00.jpg,6,TIND,2,263,0.38022813688212925,0.38022813688212925,6,TIND,1.0,1.0,1,TIND,5,100,100,1.0
tin_0731_10-05_crop_01.jpg,5,TINB/TINC,1,1598,0.6345431789737171,0.5369211514392991,5,TINB/TINC,0.8461538461538461,0.8461538461538461,2,TINB/TINC|TIND,1,655,715,0.916083916083916
tin_0731_10-05_crop_01.jpg,6,TIND,1,255,0.8470588235294118,0.8470588235294118,6,TIND,1.0,1.0,1,TIND,4,216,223,0.968609865470852
tin_0731_10-06_crop_00.jpg,5,TINB/TINC,1,1616,0.5736386138613861,0.4746287128712871,5,TINB/TINC,0.8274002157497303,0.8274002157497303,2,TINB/TINC|TIND,1,761,771,0.9870298313878081
tin_0731_10-06_crop_00.jpg,6,TIND,1,595,0.0,0.0,0,bg,0.0,0.0,0,,0,0,0,0.0
tin_0731_10-07_crop_01.jpg,6,TIND,1,371,0.9407008086253369,0.0,5,TINB/TINC,1.0,0.0,1,TINB/TINC,6,349,586,0.5955631399317406
tin_0731_10-07_crop_02.jpg,6,TIND,1,293,0.8293515358361775,0.8293515358361775,6,TIND,1.0,1.0,1,TIND,1,243,265,0.9169811320754717
tin_0731_10-07_crop_02.jpg,6,TIND,2,491,0.6965376782077393,0.6965376782077393,6,TIND,1.0,1.0,1,TIND,2,342,347,0.9855907780979827
tin_0731_10-07_crop_02.jpg,6,TIND,3,290,0.8310344827586207,0.8310344827586207,6,TIND,1.0,1.0,1,TIND,3,241,253,0.9525691699604744
tin_0731_10-08_crop_00.jpg,5,TINB/TINC,1,2741,0.1079897847500912,0.015322874863188618,6,TIND,0.8581081081081081,0.14189189189189189,2,TINB/TINC|TIND,2,133,136,0.9779411764705882
tin_0731_10-08_crop_00.jpg,5,TINB/TINC,2,765,0.9032679738562092,0.9032679738562092,5,TINB/TINC,1.0,1.0,1,TINB/TINC,3,691,813,0.8499384993849939
tin_0731_10-08_crop_00.jpg,6,TIND,1,105,0.0,0.0,0,bg,0.0,0.0,0,,0,0,0,0.0
tin_0731_10-08_crop_00.jpg,6,TIND,2,58,0.0,0.0,0,bg,0.0,0.0,0,,0,0,0,0.0
tin_0731_10-08_crop_00.jpg,6,TIND,3,644,0.8090062111801242,0.8090062111801242,6,TIND,1.0,1.0,1,TIND,5,521,521,1.0
tin_0731_10-09_crop_00.jpg,5,TINB/TINC,1,2554,0.8238057948316366,0.8238057948316366,5,TINB/TINC,1.0,1.0,1,TINB/TINC,1,2104,2408,0.8737541528239202
tin_0731_10-09_crop_00.jpg,5,TINB/TINC,2,360,0.9027777777777778,0.0,6,TIND,1.0,0.0,1,TIND,2,325,339,0.9587020648967551
tin_0731_10-09_crop_00.jpg,5,TINB/TINC,3,555,0.8954954954954955,0.8954954954954955,5,TINB/TINC,1.0,1.0,1,TINB/TINC,3,497,513,0.9688109161793372
tin_0731_10-09_crop_01.jpg,5,TINB/TINC,1,2778,0.027357811375089993,0.0,6,TIND,1.0,0.0,1,TIND,1,76,76,1.0
tin_0731_10-09_crop_01.jpg,6,TIND,1,650,0.7169230769230769,0.7169230769230769,6,TIND,1.0,1.0,1,TIND,2,466,466,1.0
tin_0731_10-14_crop_00.jpg,5,TINB/TINC,1,773,0.8007761966364813,0.0,6,TIND,1.0,0.0,1,TIND,1,619,623,0.9935794542536116
tin_0731_10-14_crop_00.jpg,6,TIND,1,159,0.0,0.0,0,bg,0.0,0.0,0,,0,0,0,0.0
tin_0731_10-16_crop_00.jpg,5,TINB/TINC,1,721,0.8654646324549237,0.8654646324549237,5,TINB/TINC,1.0,1.0,1,TINB/TINC,1,624,675,0.9244444444444444
tin_0731_10-18_crop_00.jpg,5,TINB/TINC,1,388,0.0,0.0,0,bg,0.0,0.0,0,,0,0,0,0.0
tin_0731_10-18_crop_00.jpg,6,TIND,1,211,0.8815165876777251,0.8815165876777251,6,TIND,1.0,1.0,1,TIND,1,186,198,0.9393939393939394
tin_0731_10-18_crop_00.jpg,6,TIND,2,206,0.8737864077669902,0.8737864077669902,6,TIND,1.0,1.0,1,TIND,2,180,190,0.9473684210526315
tin_0731_10-18_crop_01.jpg,6,TIND,1,398,0.7788944723618091,0.7788944723618091,6,TIND,1.0,1.0,1,TIND,1,310,326,0.950920245398773
tin_0731_10-18_crop_01.jpg,6,TIND,2,462,0.7965367965367965,0.7965367965367965,6,TIND,1.0,1.0,1,TIND,2,368,377,0.9761273209549072
tin_0731_10-24_crop_02.jpg,5,TINB/TINC,1,2830,0.5805653710247349,0.5805653710247349,5,TINB/TINC,1.0,1.0,1,TINB/TINC,3,846,1398,0.6051502145922747
tin_0731_10-24_crop_02.jpg,6,TIND,1,518,0.8938223938223938,0.8938223938223938,6,TIND,1.0,1.0,1,TIND,2,463,480,0.9645833333333333
tin_0731_10-25_crop_02.jpg,5,TINB/TINC,1,3209,0.7821751324400125,0.7821751324400125,5,TINB/TINC,1.0,1.0,1,TINB/TINC,3,2326,2796,0.8319027181688126
tin_0731_10-30_crop_00.jpg,5,TINB/TINC,1,3692,0.3187973997833153,0.27925243770314195,5,TINB/TINC,0.8759558198810535,0.8759558198810535,2,TINB/TINC|TIND,2,572,607,0.942339373970346
tin_0731_10-30_crop_00.jpg,6,TIND,1,488,0.8217213114754098,0.8217213114754098,6,TIND,1.0,1.0,1,TIND,3,401,424,0.9457547169811321
tin_0731_10-30_crop_01.jpg,5,TINB/TINC,1,3596,0.7260845383759733,0.6974416017797553,5,TINB/TINC,0.9605515128303332,0.9605515128303332,1,TINB/TINC,1,2611,3063,0.8524322559582109
